ScenarioID,Time,ActorID,X,Y,Z,Vx,Vy,Vz,Yaw
414,0.1,1,2.44831532464737,3.15181264266578e-12,0,12.3663064929474,3.11829760975559e-11,0,1.44477490030368e-10
414,0.1,2,469,-139.2985,0,4.30463349900295e-16,7.03,0,90
414,0.1,3,465.330963854083,-3.88,0,7.34788079488412e-17,1.2,0,90
414,0.1,4,1175,-138.502166666667,0,9.15831697962362e-16,14.9566666666667,0,90
414,0.1,5,2034,-138.602395833333,0,8.5431870978019e-16,13.9520833333333,0,90
414,0.1,6,31.4008611111111,0,0,14.0172222222222,0,0,0
414,0.1,7,299.909176411285,0,0,0.3,0,0,0
414,0.2,1,3.69326129858948,6.17876266525161e-12,0,12.5326129858948,2.90554955943732e-11,0,1.3283401243557e-10
414,0.2,2,469,-138.594,0,4.32300320099016e-16,7.06,0,90
414,0.2,3,465.330963854083,-3.76,0,7.34788079488412e-17,1.2,0,90
414,0.2,4,1175,-137.008666666667,0,9.1317829656421e-16,14.9133333333333,0,90
414,0.2,5,2034,-137.209583333333,0,8.51384660157233e-16,13.9041666666667,0,90
414,0.2,6,32.8034444444444,0,0,14.0344444444444,0,0,0
414,0.2,7,299.939176411285,0,0,0.3,0,0,0
414,0.3,1,4.95483792182633,8.90048725930282e-12,0,12.6989194788422,2.5055127167929e-11,0,1.1304529052867e-10
414,0.3,2,469,-137.8865,0,4.34137290297737e-16,7.09,0,90
414,0.3,3,465.330963854083,-3.64,0,7.34788079488412e-17,1.2,0,90
414,0.3,4,1175,-135.5195,0,9.10524895166057e-16,14.87,0,90
414,0.3,5,2034,-135.8215625,0,8.48450610534276e-16,13.85625,0,90
414,0.3,6,34.20775,0,0,14.0516666666667,0,0,0
414,0.3,7,299.969176411285,0,0,0.3,0,0,0
414,0.4,1,6.23304519435793,1.11226187924883e-11,0,12.8652259717896,1.90395246664941e-11,0,8.47932566219504e-11
414,0.4,2,469,-137.176,0,4.35974260496458e-16,7.12,0,90
414,0.4,3,465.330963854083,-3.52,0,7.34788079488412e-17,1.2,0,90
414,0.4,4,1175,-134.034666666667,0,9.07871493767904e-16,14.8266666666667,0,90
414,0.4,5,2034,-134.438333333333,0,8.45516560911318e-16,13.8083333333333,0,90
414,0.4,6,35.6137777777778,0,0,14.0688888888889,0,0,0
414,0.4,7,299.999176411285,0,0,0.3,0,0,0
414,0.5,1,7.52788311618426,1.26363231976224e-11,0,13.031532464737,1.08616954027772e-11,0,4.77556501217175e-11
414,0.5,2,469,-136.4625,0,4.37811230695179e-16,7.15,0,90
414,0.5,3,465.330963854083,-3.4,0,7.34788079488412e-17,1.2,0,90
414,0.5,4,1175,-132.554166666667,0,9.05218092369752e-16,14.7833333333333,0,90
414,0.5,5,2034,-133.059895833333,0,8.42582511288361e-16,13.7604166666667,0,90
414,0.5,6,37.0215277777778,0,0,14.0861111111111,0,0,0
414,0.5,7,300.029176411285,0,0,0.3,0,0,0
414,0.6,1,8.83935168730533,1.32178322765303e-11,0,13.1978389576844,3.69939302367752e-13,0,1.6060175282973e-12
414,0.6,2,469,-135.746,0,4.396482008939e-16,7.18,0,90
414,0.6,3,465.330963854083,-3.28,0,7.34788079488412e-17,1.2,0,90
414,0.6,4,1175,-131.078,0,9.02564690971599e-16,14.74,0,90
414,0.6,5,2034,-131.68625,0,8.39648461665404e-16,13.7125,0,90
414,0.6,6,38.431,0,0,14.1033333333333,0,0,0
414,0.6,7,300.059176411285,0,0,0.3,0,0,0
414,0.7,1,10.1674509077211,1.26279699187591e-11,0,13.3641454506319,-1.25922119478225e-11,0,-5.39862875639629e-11
414,0.7,2,469,-135.0265,0,4.41485171092621e-16,7.21,0,90
414,0.7,3,465.330963854083,-3.16,0,7.34788079488412e-17,1.2,0,90
414,0.7,4,1175,-129.606166666667,0,8.99911289573447e-16,14.6966666666667,0,90
414,0.7,5,2034,-130.317395833333,0,8.36714412042447e-16,13.6645833333333,0,90
414,0.7,6,39.8421944444444,0,0,14.1205555555556,0,0,0
414,0.7,7,300.089176411285,0,0,0.3,0,0,0
414,0.8,1,11.5121807774317,1.0611672235131e-11,0,13.5304519435793,-2.81860557511168e-11,0,-1.19356104466694e-10
414,0.8,2,469,-134.304,0,4.43322141291342e-16,7.24,0,90
414,0.8,3,465.330963854083,-3.04,0,7.34788079488412e-17,1.2,0,90
414,0.8,4,1175,-128.138666666667,0,8.97257888175294e-16,14.6533333333333,0,90
414,0.8,5,2034,-128.953333333333,0,8.3378036241949e-16,13.6166666666667,0,90
414,0.8,6,41.2551111111111,0,0,14.1377777777778,0,0,0
414,0.8,7,300.119176411285,0,0,0.3,0,0,0
414,0.9,1,12.873541296437,6.89750160614316e-12,0,13.6967584365267,-4.65777794526319e-11,0,-1.94842465397508e-10
414,0.9,2,469,-133.5785,0,4.45159111490063e-16,7.27,0,90
414,0.9,3,465.330963854083,-2.92,0,7.34788079488412e-17,1.2,0,90
414,0.9,4,1175,-126.6755,0,8.94604486777141e-16,14.61,0,90
414,0.9,5,2034,-127.5940625,0,8.30846312796532e-16,13.56875,0,90
414,0.9,6,42.66975,0,0,14.155,0,0,0
414,0.9,7,300.149176411285,0,0,0.3,0,0,0
414,1,1,14.251532464737,1.1971546452094e-12,0,13.8630649294741,-6.79385211908352e-11,0,-2.80788595479993e-10
414,1,2,469,-132.85,0,4.46996081688784e-16,7.3,0,90
414,1,3,465.330963854083,-2.8,0,7.34788079488412e-17,1.2,0,90
414,1,4,1175,-125.216666666667,0,8.91951085378989e-16,14.5666666666667,0,90
414,1,5,2034,-126.239583333333,0,8.27912263173575e-16,13.5208333333333,0,90
414,1,6,44.0861111111111,0,0,14.1722222222222,0,0,0
414,1,7,300.179176411285,0,0,0.3,0,0,0
414,1.1,1,15.6408948173594,-6.63409568916681e-12,0,13.9024491668384,-8.69413978242515e-11,0,-3.58309179952234e-10
414,1.1,2,469,-132.1185,0,4.48833051887505e-16,7.33,0,90
414,1.1,3,465.330963854083,-2.68,0,7.34788079488412e-17,1.2,0,90
414,1.1,4,1175,-123.762166666667,0,8.89297683980836e-16,14.5233333333333,0,90
414,1.1,5,2034,-124.889895833333,0,8.24978213550618e-16,13.4729166666667,0,90
414,1.1,6,45.5041944444444,0,0,14.1894444444444,0,0,0
414,1.1,7,300.209176411285,0,0,0.3,0,0,0
414,1.2,1,17.0317977879194,-1.58271437647406e-11,0,13.9156102443608,-9.50944110367999e-11,0,-3.91539308159257e-10
414,1.2,2,469,-131.384,0,4.50670022086226e-16,7.36,0,90
414,1.2,3,465.330963854083,-2.56,0,7.34788079488412e-17,1.2,0,90
414,1.2,4,1175,-122.312,0,8.86644282582684e-16,14.48,0,90
414,1.2,5,2034,-123.545,0,8.22044163927661e-16,13.425,0,90
414,1.2,6,46.924,0,0,14.2066666666667,0,0,0
414,1.2,7,300.239176411285,0,0,0.3,0,0,0
414,1.3,1,18.4240168662316,-2.52869086202264e-11,0,13.9287713218833,-9.22653410453501e-11,0,-3.79532014351353e-10
414,1.3,2,469,-130.6465,0,4.52506992284947e-16,7.39,0,90
414,1.3,3,465.330963854083,-2.44,0,7.34788079488412e-17,1.2,0,90
414,1.3,4,1175,-120.866166666667,0,8.83990881184531e-16,14.4366666666667,0,90
414,1.3,5,2034,-122.204895833333,0,8.19110114304704e-16,13.3770833333333,0,90
414,1.3,6,48.3455277777778,0,0,14.2238888888889,0,0,0
414,1.3,7,300.269176411285,0,0,0.3,0,0,0
414,1.4,1,19.817552052296,-3.39120617638912e-11,0,13.9419323994057,-7.83917598366848e-11,0,-3.22158855643042e-10
414,1.4,2,469,-129.906,0,4.54343962483668e-16,7.42,0,90
414,1.4,3,465.330963854083,-2.32,0,7.34788079488412e-17,1.2,0,90
414,1.4,4,1175,-119.424666666667,0,8.81337479786378e-16,14.3933333333333,0,90
414,1.4,5,2034,-120.869583333333,0,8.16176064681746e-16,13.3291666666667,0,90
414,1.4,6,49.7687777777778,0,0,14.2411111111111,0,0,0
414,1.4,7,300.299176411285,0,0,0.3,0,0,0
414,1.5,1,21.2124033461127,-4.05950245243905e-11,0,13.9550934769281,-5.34110918085495e-11,0,-2.19291267727809e-10
414,1.5,2,469,-129.1625,0,4.56180932682389e-16,7.45,0,90
414,1.5,3,465.330963854083,-2.2,0,7.34788079488412e-17,1.2,0,90
414,1.5,4,1175,-117.9875,0,8.78684078388226e-16,14.35,0,90
414,1.5,5,2034,-119.5390625,0,8.13242015058789e-16,13.28125,0,90
414,1.5,6,51.19375,0,0,14.2583333333333,0,0,0
414,1.5,7,300.329176411285,0,0,0.3,0,0,0
414,1.6,1,22.6085707476816,-4.42219532848916e-11,0,13.9682545544506,-1.72606136301976e-11,0,-7.0800564878108e-11
414,1.6,2,469,-128.416,0,4.5801790288111e-16,7.48,0,90
414,1.6,3,465.330963854083,-2.08,0,7.34788079488412e-17,1.2,0,90
414,1.6,4,1175,-116.554666666667,0,8.76030676990073e-16,14.3066666666667,0,90
414,1.6,5,2034,-118.213333333333,0,8.10307965435832e-16,13.2333333333333,0,90
414,1.6,6,52.6204444444445,0,0,14.2755555555556,0,0,0
414,1.6,7,300.359176411285,0,0,0.3,0,0,0
414,1.7,1,24.0060542570028,-4.36727247032523e-11,0,13.981415631973,3.01225458970639e-11,0,1.23442060054639e-10
414,1.7,2,469,-127.6665,0,4.59854873079831e-16,7.51,0,90
414,1.7,3,465.330963854083,-1.96,0,7.34788079488412e-17,1.2,0,90
414,1.7,4,1175,-115.126166666667,0,8.73377275591921e-16,14.2633333333333,0,90
414,1.7,5,2034,-116.892395833333,0,8.07373915812875e-16,13.1854166666667,0,90
414,1.7,6,54.0488611111111,0,0,14.2927777777778,0,0,0
414,1.7,7,300.389176411285,0,0,0.3,0,0,0
414,1.8,1,25.4048538740762,-3.7820920918253e-11,0,13.9945767094954,8.88014059793292e-11,0,3.63565535640042e-10
414,1.8,2,469,-126.914,0,4.61691843278552e-16,7.54,0,90
414,1.8,3,465.330963854083,-1.84,0,7.34788079488412e-17,1.2,0,90
414,1.8,4,1175,-113.702,0,8.70723874193768e-16,14.22,0,90
414,1.8,5,2034,-115.57625,0,8.04439866189918e-16,13.1375,0,90
414,1.8,6,55.479,0,0,14.31,0,0,0
414,1.8,7,300.419176411285,0,0,0.3,0,0,0
414,1.9,1,26.8049695989019,-2.5533814741884e-11,0,14.0077377870178,1.58839133969548e-10,0,6.49698911868743e-10
414,1.9,2,469,-126.1585,0,4.63528813477273e-16,7.57,0,90
414,1.9,3,465.330963854083,-1.72,0,7.34788079488412e-17,1.2,0,90
414,1.9,4,1175,-112.282166666667,0,8.68070472795616e-16,14.1766666666667,0,90
414,1.9,5,2034,-114.264895833333,0,8.0150581656696e-16,13.0895833333333,0,90
414,1.9,6,56.9108611111111,0,0,14.3272222222222,0,0,0
414,1.9,7,300.449176411285,0,0,0.3,0,0,0
414,2,1,28.2064014314798,-5.67235483768712e-12,0,14.0208988645403,2.4029904550698e-10,0,9.81971360152416e-10
414,2,2,469,-125.4,0,4.65365783675994e-16,7.6,0,90
414,2,3,465.330963854083,-1.6,0,7.34788079488412e-17,1.2,0,90
414,2,4,1175,-110.866666666667,0,8.65417071397463e-16,14.1333333333333,0,90
414,2,5,2034,-112.958333333333,0,7.98571766944003e-16,13.0416666666667,0,90
414,2,6,58.3444444444444,0,0,14.3444444444444,0,0,0
414,2,7,300.479176411285,0,0,0.3,0,0,0
414,2.1,1,29.6091783360759,2.24999791186794e-11,0,14.0348089940798,3.17370723353491e-10,0,1.2956359432351e-09
414,2.1,2,469,-124.6385,0,4.67202753874715e-16,7.63,0,90
414,2.1,3,465.330963854083,-1.48,0,7.34788079488412e-17,1.2,0,90
414,2.1,4,1175,-109.4555,0,8.6276366999931e-16,14.09,0,90
414,2.1,5,2034,-111.6565625,0,7.95637717321046e-16,12.99375,0,90
414,2.1,6,59.77975,0,0,14.3616666666667,0,0,0
414,2.1,7,300.509176411285,0,0,0.3,0,0,0
414,2.2,1,31.0133657179069,5.64206908312169e-11,0,14.0489386425391,3.5406524234107e-10,0,1.44398410261357e-09
414,2.2,2,469,-123.874,0,4.69039724073436e-16,7.66,0,90
414,2.2,3,465.330963854083,-1.36,0,7.34788079488412e-17,1.2,0,90
414,2.2,4,1175,-108.048666666667,0,8.60110268601158e-16,14.0466666666667,0,90
414,2.2,5,2034,-110.359583333333,0,7.92703667698089e-16,12.9458333333333,0,90
414,2.2,6,61.2167777777778,0,0,14.3788888888889,0,0,0
414,2.2,7,300.539176411285,0,0,0.3,0,0,0
414,2.3,1,32.4189660645837,9.19131483503452e-11,0,14.0630682909985,3.48763362968598e-10,0,1.4209323551163e-09
414,2.3,2,469,-123.1065,0,4.70876694272157e-16,7.69,0,90
414,2.3,3,465.330963854083,-1.24,0,7.34788079488412e-17,1.2,0,90
414,2.3,4,1175,-106.646166666667,0,8.57456867203005e-16,14.0033333333333,0,90
414,2.3,5,2034,-109.067395833333,0,7.89769618075132e-16,12.8979166666667,0,90
414,2.3,6,62.6555277777778,0,0,14.3961111111111,0,0,0
414,2.3,7,300.569176411285,0,0,0.3,0,0,0
414,2.4,1,33.8259793761066,1.24765018250037e-10,0,14.0771979394578,3.01211107064149e-10,0,1.22596309659503e-09
414,2.4,2,469,-122.336,0,4.72713664470878e-16,7.72,0,90
414,2.4,3,465.330963854083,-1.12,0,7.34788079488412e-17,1.2,0,90
414,2.4,4,1175,-105.248,0,8.54803465804852e-16,13.96,0,90
414,2.4,5,2034,-107.78,0,7.86835568452174e-16,12.85,0,90
414,2.4,6,64.096,0,0,14.4133333333333,0,0,0
414,2.4,7,300.599176411285,0,0,0.3,0,0,0
414,2.5,1,35.2344056524753,1.50738537364934e-10,0,14.0913275879172,2.11153857906094e-10,0,8.58558202585403e-10
414,2.5,2,469,-121.5625,0,4.74550634669599e-16,7.75,0,90
414,2.5,3,465.330963854083,-0.999999999999999,0,7.34788079488412e-17,1.2,0,90
414,2.5,4,1175,-103.854166666667,0,8.521500644067e-16,13.9166666666667,0,90
414,2.5,5,2034,-106.497395833333,0,7.83901518829217e-16,12.8020833333333,0,90
414,2.5,6,65.5381944444445,0,0,14.4305555555556,0,0,0
414,2.5,7,300.629176411285,0,0,0.3,0,0,0
414,2.6,1,36.64424489369,1.65570448903298e-10,0,14.1054572363765,7.83363595815263e-11,0,3.1819902830698e-10
414,2.6,2,469,-120.786,0,4.7638760486832e-16,7.78,0,90
414,2.6,3,465.330963854083,-0.879999999999999,0,7.34788079488412e-17,1.2,0,90
414,2.6,4,1175,-102.464666666667,0,8.49496663008547e-16,13.8733333333333,0,90
414,2.6,5,2034,-105.219583333333,0,7.8096746920626e-16,12.7541666666667,0,90
414,2.6,6,66.9821111111111,0,0,14.4477777777778,0,0,0
414,2.6,7,300.659176411285,0,0,0.3,0,0,0
414,2.7,1,38.0554970997506,1.64971938495802e-10,0,14.1195868848359,-9.74972836553079e-11,0,-3.95633591336756e-10
414,2.7,2,469,-120.0065,0,4.78224575067041e-16,7.81,0,90
414,2.7,3,465.330963854083,-0.759999999999999,0,7.34788079488412e-17,1.2,0,90
414,2.7,4,1175,-101.0795,0,8.46843261610395e-16,13.83,0,90
414,2.7,5,2034,-103.9465625,0,7.78033419583303e-16,12.70625,0,90
414,2.7,6,68.42775,0,0,14.465,0,0,0
414,2.7,7,300.689176411285,0,0,0.3,0,0,0
414,2.8,1,39.4681622706572,1.44628570180172e-10,0,14.1337165332952,-3.16603608024585e-10,0,-1.2834593417584e-09
414,2.8,2,469,-119.224,0,4.80061545265762e-16,7.84,0,90
414,2.8,3,465.330963854083,-0.639999999999999,0,7.34788079488412e-17,1.2,0,90
414,2.8,4,1175,-99.6986666666667,0,8.44189860212242e-16,13.7866666666667,0,90
414,2.8,5,2034,-102.678333333333,0,7.75099369960346e-16,12.6583333333333,0,90
414,2.8,6,69.8751111111111,0,0,14.4822222222222,0,0,0
414,2.8,7,300.719176411285,0,0,0.3,0,0,0
414,2.9,1,40.8822404064097,1.00200222321662e-10,0,14.1478461817546,-5.79239790862473e-10,0,-2.34579842868664e-09
414,2.9,2,469,-118.4385,0,4.81898515464484e-16,7.87,0,90
414,2.9,3,465.330963854083,-0.519999999999999,0,7.34788079488412e-17,1.2,0,90
414,2.9,4,1175,-98.3221666666666,0,8.41536458814089e-16,13.7433333333333,0,90
414,2.9,5,2034,-101.414895833333,0,7.72165320337388e-16,12.6104166666667,0,90
414,2.9,6,71.3241944444445,0,0,14.4994444444444,0,0,0
414,2.9,7,300.749176411285,0,0,0.3,0,0,0
414,3,1,42.2977315070081,2.7321023469376e-11,0,14.1619758302139,-8.85663651262712e-10,0,-3.58317157816625e-09
414,3,2,469,-117.65,0,4.83735485663205e-16,7.9,0,90
414,3,3,465.330963854083,-0.399999999999999,0,7.34788079488412e-17,1.2,0,90
414,3,4,1175,-96.95,0,8.38883057415937e-16,13.7,0,90
414,3,5,2034,-100.15625,0,7.69231270714431e-16,12.5625,0,90
414,3,6,72.775,0,0,14.5166666666667,0,0,0
414,3,7,300.779176411285,0,0,0.3,0,0,0
414,3.1,1,43.7146752246829,-7.72131737191149e-11,0,14.1772262630749,-1.185726082154e-09,0,-4.79198814389748e-09
414,3.1,2,469,-116.8585,0,4.85572455861926e-16,7.93,0,90
414,3.1,3,465.330963854083,-0.279999999999998,0,7.34788079488412e-17,1.2,0,90
414,3.1,4,1175,-95.5821666666666,0,8.36229656017784e-16,13.6566666666667,0,90
414,3.1,5,2034,-98.9023958333333,0,7.66297221091474e-16,12.5145833333333,0,90
414,3.1,6,74.2275277777778,0,0,14.5338888888889,0,0,0
414,3.1,7,300.809176411285,0,0,0.3,0,0,0
414,3.2,1,45.1331835318381,-2.04642339174321e-10,0,14.1929398800289,-1.33643827089677e-09,0,-5.39509595259345e-09
414,3.2,2,469,-116.064,0,4.87409426060647e-16,7.96,0,90
414,3.2,3,465.330963854083,-0.159999999999998,0,7.34788079488412e-17,1.2,0,90
414,3.2,4,1175,-94.2186666666666,0,8.33576254619632e-16,13.6133333333333,0,90
414,3.2,5,2034,-97.6533333333333,0,7.63363171468517e-16,12.4666666666667,0,90
414,3.2,6,75.6817777777778,0,0,14.5511111111111,0,0,0
414,3.2,7,300.839176411285,0,0,0.3,0,0,0
414,3.3,1,46.5532632006887,-3.39199416781694e-10,0,14.208653496983,-1.32810802851977e-09,0,-5.35553807317354e-09
414,3.3,2,469,-115.2665,0,4.89246396259368e-16,7.99,0,90
414,3.3,3,465.330963854083,-0.0399999999999983,0,7.34788079488412e-17,1.2,0,90
414,3.3,4,1175,-92.8595,0,8.30922853221479e-16,13.57,0,90
414,3.3,5,2034,-96.4090625,0,7.6042912184556e-16,12.41875,0,90
414,3.3,6,77.13775,0,0,14.5683333333333,0,0,0
414,3.3,7,300.869176411285,0,0,0.3,0,0,0
414,3.4,1,47.9749142312347,-4.64927225601508e-10,0,14.2243671139371,-1.15967611011518e-09,0,-4.67117771775206e-09
414,3.4,2,469,-114.466,0,4.91083366458089e-16,8.02,0,90
414,3.4,3,465.330963854083,0.0800000000000018,0,7.34788079488412e-17,1.2,0,90
414,3.4,4,1175,-91.5046666666667,0,8.28269451823327e-16,13.5266666666667,0,90
414,3.4,5,2034,-95.1695833333333,0,7.57495072222602e-16,12.3708333333333,0,90
414,3.4,6,78.5954444444445,0,0,14.5855555555556,0,0,0
414,3.4,7,300.899176411285,0,0,0.3,0,0,0
414,3.5,1,49.3981366234761,-5.65762513643372e-10,0,14.2400807308912,-8.30080339037171e-10,0,-3.33987573402205e-09
414,3.5,2,469,-113.6625,0,4.9292033665681e-16,8.05,0,90
414,3.5,3,465.330963854083,0.200000000000002,0,7.34788079488412e-17,1.2,0,90
414,3.5,4,1175,-90.1541666666666,0,8.25616050425174e-16,13.4833333333333,0,90
414,3.5,5,2034,-93.9348958333333,0,7.54561022599645e-16,12.3229166666667,0,90
414,3.5,6,80.0548611111111,0,0,14.6027777777778,0,0,0
414,3.5,7,300.929176411285,0,0,0.3,0,0,0
414,3.6,1,50.8229303774129,-6.25535664530316e-10,0,14.2557943478453,-3.38255603659612e-10,0,-1.35949060525519e-09
414,3.6,2,469,-112.856,0,4.94757306855531e-16,8.08,0,90
414,3.6,3,465.330963854083,0.320000000000002,0,7.34788079488412e-17,1.2,0,90
414,3.6,4,1175,-88.808,0,8.22962649027021e-16,13.44,0,90
414,3.6,5,2034,-92.705,0,7.51626972976688e-16,12.275,0,90
414,3.6,6,81.516,0,0,14.62,0,0,0
414,3.6,7,300.959176411285,0,0,0.3,0,0,0
414,3.7,1,52.2492954930451,-6.27970403838647e-10,0,14.2715079647993,3.1686614586619e-10,0,1.27212154969811e-09
414,3.7,2,469,-112.0465,0,4.96594277054252e-16,8.11,0,90
414,3.7,3,465.330963854083,0.440000000000002,0,7.34788079488412e-17,1.2,0,90
414,3.7,4,1175,-87.4661666666666,0,8.20309247628869e-16,13.3966666666667,0,90
414,3.7,5,2034,-91.4798958333333,0,7.48692923353731e-16,12.2270833333333,0,90
414,3.7,6,82.9788611111111,0,0,14.6372222222222,0,0,0
414,3.7,7,300.989176411285,0,0,0.3,0,0,0
414,3.8,1,53.6772319703728,-5.56683505113582e-10,0,14.2872215817534,1.13635590085375e-09,0,4.55710697640877e-09
414,3.8,2,469,-111.234,0,4.98431247252973e-16,8.14,0,90
414,3.8,3,465.330963854083,0.560000000000002,0,7.34788079488412e-17,1.2,0,90
414,3.8,4,1175,-86.1286666666666,0,8.17655846230716e-16,13.3533333333333,0,90
414,3.8,5,2034,-90.2595833333333,0,7.45758873730774e-16,12.1791666666667,0,90
414,3.8,6,84.4434444444445,0,0,14.6544444444444,0,0,0
414,3.8,7,301.019176411285,0,0,0.3,0,0,0
414,3.9,1,55.1067398093958,-3.95184495560651e-10,0,14.3029351987075,2.12128759732366e-09,0,8.49761428486902e-09
414,3.9,2,469,-110.4185,0,5.00268217451694e-16,8.17,0,90
414,3.9,3,465.330963854083,0.680000000000002,0,7.34788079488412e-17,1.2,0,90
414,3.9,4,1175,-84.7955,0,8.15002444832563e-16,13.31,0,90
414,3.9,5,2034,-89.0440625,0,7.42824824107816e-16,12.13125,0,90
414,3.9,6,85.90975,0,0,14.6716666666667,0,0,0
414,3.9,7,301.049176411285,0,0,0.3,0,0,0
414,4,1,56.5378190101143,-1.26875361412875e-10,0,14.3186488156616,3.27273811924588e-09,0,1.30957944494924e-08
414,4,2,469,-109.6,0,5.02105187650415e-16,8.2,0,90
414,4,3,465.330963854083,0.800000000000002,0,7.34788079488412e-17,1.2,0,90
414,4,4,1175,-83.4666666666666,0,8.12349043434411e-16,13.2666666666667,0,90
414,4,5,2034,-87.8333333333333,0,7.39890774484859e-16,12.0833333333333,0,90
414,4,6,87.3777777777778,0,0,14.6888888888889,0,0,0
414,4,7,301.079176411285,0,0,0.3,0,0,0
414,4.1,1,57.9704797199675,2.61646762779646e-10,0,14.3346807711754,4.43626164051123e-09,0,1.77317564914447e-08
414,4.1,2,469,-108.7785,0,5.03942157849136e-16,8.23,0,90
414,4.1,3,465.330963854083,0.920000000000001,0,7.34788079488412e-17,1.2,0,90
414,4.1,4,1175,-82.1421666666666,0,8.09695642036258e-16,13.2233333333333,0,90
414,4.1,5,2034,-86.6273958333333,0,7.36956724861902e-16,12.0354166666667,0,90
414,4.1,6,88.8475277777778,0,0,14.7061111111111,0,0,0
414,4.1,7,301.109176411285,0,0,0.3,0,0,0
414,4.2,1,59.4047584446842,7.41009935549649e-10,0,14.3508937231583,5.05078913247408e-09,0,2.01652180055041e-08
414,4.2,2,469,-107.954,0,5.05779128047857e-16,8.26,0,90
414,4.2,3,465.330963854083,1.04,0,7.34788079488412e-17,1.2,0,90
414,4.2,4,1175,-80.822,0,8.07042240638106e-16,13.18,0,90
414,4.2,5,2034,-85.42625,0,7.34022675238945e-16,11.9875,0,90
414,4.2,6,90.319,0,0,14.7233333333333,0,0,0
414,4.2,7,301.139176411285,0,0,0.3,0,0,0
414,4.3,1,60.8406584645991,1.25169383267618e-09,0,14.3671066751413,5.06199354080061e-09,0,2.01871450089659e-08
414,4.3,2,469,-107.1265,0,5.07616098246578e-16,8.29,0,90
414,4.3,3,465.330963854083,1.16,0,7.34788079488412e-17,1.2,0,90
414,4.3,4,1175,-79.5061666666666,0,8.04388839239953e-16,13.1366666666667,0,90
414,4.3,5,2034,-84.2298958333333,0,7.31088625615988e-16,11.9395833333333,0,90
414,4.3,6,91.7921944444444,0,0,14.7405555555556,0,0,0
414,4.3,7,301.169176411285,0,0,0.3,0,0,0
414,4.4,1,62.2781797797124,1.73316117683397e-09,0,14.3833196271242,4.4657735567297e-09,0,1.77893548704303e-08
414,4.4,2,469,-106.296,0,5.09453068445299e-16,8.32,0,90
414,4.4,3,465.330963854083,1.28,0,7.34788079488412e-17,1.2,0,90
414,4.4,4,1175,-78.1946666666667,0,8.01735437841801e-16,13.0933333333333,0,90
414,4.4,5,2034,-83.0383333333333,0,7.2815457599303e-16,11.8916666666667,0,90
414,4.4,6,93.2671111111111,0,0,14.7577777777778,0,0,0
414,4.4,7,301.199176411285,0,0,0.3,0,0,0
414,4.5,1,63.717322390024,2.12446398074523e-09,0,14.3995325791072,3.25801628779303e-09,0,1.29636557193716e-08
414,4.5,2,469,-105.4625,0,5.1129003864402e-16,8.35,0,90
414,4.5,3,465.330963854083,1.4,0,7.34788079488412e-17,1.2,0,90
414,4.5,4,1175,-76.8875,0,7.99082036443648e-16,13.05,0,90
414,4.5,5,2034,-81.8515625,0,7.25220526370073e-16,11.84375,0,90
414,4.5,6,94.74375,0,0,14.775,0,0,0
414,4.5,7,301.229176411285,0,0,0.3,0,0,0
414,4.6,1,65.1580862955338,2.3642423881553e-09,0,14.4157455310902,1.43459724474315e-09,0,5.70184644613819e-09
414,4.6,2,469,-104.626,0,5.13127008842741e-16,8.38,0,90
414,4.6,3,465.330963854083,1.52,0,7.34788079488412e-17,1.2,0,90
414,4.6,4,1175,-75.5846666666667,0,7.96428635045495e-16,13.0066666666667,0,90
414,4.6,5,2034,-80.6695833333333,0,7.22286476747116e-16,11.7958333333333,0,90
414,4.6,6,96.2221111111111,0,0,14.7922222222222,0,0,0
414,4.6,7,301.259176411285,0,0,0.3,0,0,0
414,4.7,1,66.600471496242,2.39072351350116e-09,0,14.4319584830731,-1.00861967151851e-09,0,-4.00428329804733e-09
414,4.7,2,469,-103.7865,0,5.14963979041462e-16,8.41,0,90
414,4.7,3,465.330963854083,1.64,0,7.34788079488412e-17,1.2,0,90
414,4.7,4,1175,-74.2861666666667,0,7.93775233647343e-16,12.9633333333333,0,90
414,4.7,5,2034,-79.4923958333333,0,7.19352427124159e-16,11.7479166666667,0,90
414,4.7,6,97.7021944444444,0,0,14.8094444444444,0,0,0
414,4.7,7,301.289176411285,0,0,0.3,0,0,0
414,4.8,1,68.0444779921485,2.14172028027271e-09,0,14.4481714350561,-4.07578218301356e-09,0,-1.61629531010882e-08
414,4.8,2,469,-102.944,0,5.16800949240183e-16,8.44,0,90
414,4.8,3,465.330963854083,1.76,0,7.34788079488412e-17,1.2,0,90
414,4.8,4,1175,-72.992,0,7.9112183224919e-16,12.92,0,90
414,4.8,5,2034,-78.32,0,7.16418377501202e-16,11.7,0,90
414,4.8,6,99.184,0,0,14.8266666666667,0,0,0
414,4.8,7,301.319176411285,0,0,0.3,0,0,0
414,4.9,1,69.4901057832532,1.55463025806686e-09,0,14.464384387039,-7.7710496477586e-09,0,-3.07823917900137e-08
414,4.9,2,469,-102.0985,0,5.18637919438904e-16,8.47,0,90
414,4.9,3,465.330963854083,1.88,0,7.34788079488412e-17,1.2,0,90
414,4.9,4,1175,-71.7021666666667,0,7.88468430851038e-16,12.8766666666667,0,90
414,4.9,5,2034,-77.1523958333333,0,7.13484327878244e-16,11.6520833333333,0,90
414,4.9,6,100.667527777778,0,0,14.8438888888889,0,0,0
414,4.9,7,301.349176411285,0,0,0.3,0,0,0
414,5,1,70.9373548695563,5.66434498334474e-10,0,14.480597339022,-1.20985930728372e-08,0,-4.78708374309787e-08
414,5,2,469,-101.25,0,5.20474889637625e-16,8.5,0,90
414,5,3,465.330963854083,2,0,7.34788079488412e-17,1.2,0,90
414,5,4,1175,-70.4166666666667,0,7.85815029452885e-16,12.8333333333333,0,90
414,5,5,2034,-75.9895833333334,0,7.10550278255287e-16,11.6041666666667,0,90
414,5,6,102.152777777778,0,0,14.8611111111111,0,0,0
414,5,7,301.379176411285,0,0,0.3,0,0,0
414,5.1,1,72.386224490023,-8.77411389266025e-10,0,14.4967835081484,-1.65930464633332e-08,0,-6.55808601321177e-08
414,5.1,2,469,-100.3985,0,5.22311859836346e-16,8.53,0,90
414,5.1,3,465.330963854083,2.12,0,7.34788079488412e-17,1.2,0,90
414,5.1,4,1175,-69.1355,0,7.83161628054732e-16,12.79,0,90
414,5.1,5,2034,-74.8315625,0,7.0761622863233e-16,11.55625,0,90
414,5.1,6,103.63975,0,0,14.8783333333333,0,0,0
414,5.1,7,301.409176411285,0,0,0.3,0,0,0
414,5.2,1,73.8367111320349,-2.68025518135832e-09,0,14.512949332091,-1.90835040366097e-08,0,-7.53399060796606e-08
414,5.2,2,469,-99.544,0,5.24148830035067e-16,8.56,0,90
414,5.2,3,465.330963854083,2.24,0,7.34788079488412e-17,1.2,0,90
414,5.2,4,1175,-67.8586666666667,0,7.8050822665658e-16,12.7466666666667,0,90
414,5.2,5,2034,-73.6783333333334,0,7.04682179009373e-16,11.5083333333333,0,90
414,5.2,6,105.128444444444,0,0,14.8955555555556,0,0,0
414,5.2,7,301.439176411285,0,0,0.3,0,0,0
414,5.3,1,75.2888143564412,-4.61779182168069e-09,0,14.5291151560335,-1.92843489395011e-08,0,-7.60481139439631e-08
414,5.3,2,469,-98.6865,0,5.25985800233788e-16,8.59,0,90
414,5.3,3,465.330963854083,2.36,0,7.34788079488412e-17,1.2,0,90
414,5.3,4,1175,-66.5861666666667,0,7.77854825258427e-16,12.7033333333333,0,90
414,5.3,5,2034,-72.5298958333334,0,7.01748129386416e-16,11.4604166666667,0,90
414,5.3,6,106.618861111111,0,0,14.9127777777778,0,0,0
414,5.3,7,301.469176411285,0,0,0.3,0,0,0
414,5.4,1,76.7425341632416,-6.46029298484306e-09,0,14.5452809799761,-1.71802328851761e-08,0,-6.76752024747804e-08
414,5.4,2,469,-97.826,0,5.27822770432509e-16,8.62,0,90
414,5.4,3,465.330963854083,2.48,0,7.34788079488412e-17,1.2,0,90
414,5.4,4,1175,-65.318,0,7.75201423860275e-16,12.66,0,90
414,5.4,5,2034,-71.38625,0,6.98814079763459e-16,11.4125,0,90
414,5.4,6,108.111,0,0,14.93,0,0,0
414,5.4,7,301.499176411285,0,0,0.3,0,0,0
414,5.5,1,78.1978705524364,-7.97649338003969e-09,0,14.5614468039187,-1.27557648442269e-08,0,-5.01908567106718e-08
414,5.5,2,469,-96.9625,0,5.2965974063123e-16,8.65,0,90
414,5.5,3,465.330963854083,2.6,0,7.34788079488412e-17,1.2,0,90
414,5.5,4,1175,-64.0541666666667,0,7.72548022462122e-16,12.6166666666667,0,90
414,5.5,5,2034,-70.2473958333334,0,6.95880030140501e-16,11.3645833333333,0,90
414,5.5,6,109.604861111111,0,0,14.9472222222222,0,0,0
414,5.5,7,301.529176411285,0,0,0.3,0,0,0
414,5.6,1,79.6548235240254,-8.93358647441369e-09,0,14.5776126278613,-5.99551099711219e-09,0,-2.3564727979001e-08
414,5.6,2,469,-96.096,0,5.31496710829951e-16,8.68,0,90
414,5.6,3,465.330963854083,2.71999999999999,0,7.34788079488412e-17,1.2,0,90
414,5.6,4,1175,-62.7946666666667,0,7.69894621063969e-16,12.5733333333333,0,90
414,5.6,5,2034,-69.1133333333334,0,6.92945980517544e-16,11.3166666666667,0,90
414,5.6,6,111.100444444444,0,0,14.9644444444444,0,0,0
414,5.6,7,301.559176411285,0,0,0.3,0,0,0
414,5.7,1,81.1133930780086,-9.09722021166579e-09,0,14.5937784518038,3.11600531340086e-09,0,1.22335661040641e-08
414,5.7,2,469,-95.2265,0,5.33333681028672e-16,8.71,0,90
414,5.7,3,465.330963854083,2.83999999999999,0,7.34788079488412e-17,1.2,0,90
414,5.7,4,1175,-61.5395,0,7.67241219665817e-16,12.53,0,90
414,5.7,5,2034,-67.9840625000001,0,6.90011930894587e-16,11.26875,0,90
414,5.7,6,112.59775,0,0,14.9816666666667,0,0,0
414,5.7,7,301.589176411285,0,0,0.3,0,0,0
414,5.8,1,82.5735792143861,-8.2314927259073e-09,0,14.6099442757464,1.45943036297939e-08,0,5.72344416335514e-08
414,5.8,2,469,-94.354,0,5.35170651227393e-16,8.74,0,90
414,5.8,3,465.330963854083,2.95999999999999,0,7.34788079488412e-17,1.2,0,90
414,5.8,4,1175,-60.2886666666667,0,7.64587818267664e-16,12.4866666666667,0,90
414,5.8,5,2034,-66.8595833333334,0,6.8707788127163e-16,11.2208333333333,0,90
414,5.8,6,114.096777777778,0,0,14.9988888888889,0,0,0
414,5.8,7,301.619176411285,0,0,0.3,0,0,0
414,5.9,1,84.0353819331579,-6.09894805075739e-09,0,14.626110099689,2.84549464273548e-08,0,1.11468348415685e-07
414,5.9,2,469,-93.4785,0,5.37007621426114e-16,8.77,0,90
414,5.9,3,465.330963854083,3.07999999999999,0,7.34788079488412e-17,1.2,0,90
414,5.9,4,1175,-59.0421666666667,0,7.61934416869512e-16,12.4433333333333,0,90
414,5.9,5,2034,-65.7398958333334,0,6.84143831648673e-16,11.1729166666667,0,90
414,5.9,6,115.597527777778,0,0,15.0161111111111,0,0,0
414,5.9,7,301.649176411285,0,0,0.3,0,0,0
414,5.99999999999999,1,85.4988012343239,-2.4605718236845e-09,0,14.6422759236315,4.47135391617357e-08,0,1.74965769967883e-07
414,5.99999999999999,2,469,-92.6000000000001,0,5.38844591624835e-16,8.8,0,90
414,5.99999999999999,3,465.330963854083,3.19999999999999,0,7.34788079488412e-17,1.2,0,90
414,5.99999999999999,4,1175,-57.8000000000001,0,7.59281015471359e-16,12.4,0,90
414,5.99999999999999,5,2034,-64.6250000000001,0,6.81209782025715e-16,11.125,0,90
414,5.99999999999999,6,117.1,0,0,15.0333333333333,0,0,0
414,5.99999999999999,7,301.679176411285,0,0,0.3,0,0,0
414,6.09999999999999,1,86.9638436584191,2.90130325401862e-09,0,14.6587035226461,6.20094678349539e-08,0,2.42373467155965e-07
414,6.09999999999999,2,469,-91.7185,0,5.40681561823556e-16,8.83,0,90
414,6.09999999999999,3,465.330963854083,3.31999999999999,0,7.34788079488412e-17,1.2,0,90
414,6.09999999999999,4,1175,-56.5621666666667,0,7.56627614073207e-16,12.3566666666667,0,90
414,6.09999999999999,5,2034,-63.5148958333334,0,6.78275732402758e-16,11.0770833333333,0,90
414,6.09999999999999,6,118.604194444444,0,0,15.0505555555556,0,0,0
414,6.09999999999999,7,301.709176411285,0,0,0.3,0,0,0
414,6.19999999999999,1,88.4305484947647,9.67677481706624e-09,0,14.6753932042671,7.20572935189139e-08,0,2.81326622346903e-07
414,6.19999999999999,2,469,-90.8340000000001,0,5.42518532022277e-16,8.86,0,90
414,6.19999999999999,3,465.330963854083,3.43999999999999,0,7.34788079488412e-17,1.2,0,90
414,6.19999999999999,4,1175,-55.3286666666667,0,7.53974212675054e-16,12.3133333333333,0,90
414,6.19999999999999,5,2034,-62.4095833333334,0,6.75341682779801e-16,11.0291666666667,0,90
414,6.19999999999999,6,120.110111111111,0,0,15.0677777777778,0,0,0
414,6.19999999999999,7,301.739176411285,0,0,0.3,0,0,0
414,6.29999999999999,1,89.8989222992725,1.70232389331702e-08,0,14.6920828858881,7.34194228346918e-08,0,2.86319039675088e-07
414,6.29999999999999,2,469,-89.9465000000001,0,5.44355502220998e-16,8.89,0,90
414,6.29999999999999,3,465.330963854083,3.55999999999999,0,7.34788079488412e-17,1.2,0,90
414,6.29999999999999,4,1175,-54.0995000000001,0,7.51320811276901e-16,12.27,0,90
414,6.29999999999999,5,2034,-61.3090625000001,0,6.72407633156844e-16,10.98125,0,90
414,6.29999999999999,6,121.61775,0,0,15.085,0,0,0
414,6.29999999999999,7,301.769176411285,0,0,0.3,0,0,0
414,6.39999999999999,1,91.3689650719423,2.40691543315109e-08,0,14.7087725675091,6.60363949400106e-08,0,2.57234701737076e-07
414,6.39999999999999,2,469,-89.0560000000001,0,5.46192472419719e-16,8.92,0,90
414,6.39999999999999,3,465.330963854083,3.67999999999999,0,7.34788079488412e-17,1.2,0,90
414,6.39999999999999,4,1175,-52.8746666666667,0,7.48667409878749e-16,12.2266666666667,0,90
414,6.39999999999999,5,2034,-60.2133333333334,0,6.69473583533887e-16,10.9333333333333,0,90
414,6.39999999999999,6,123.127111111111,0,0,15.1022222222222,0,0,0
414,6.39999999999999,7,301.799176411285,0,0,0.3,0,0,0
414,6.49999999999999,1,92.8406768127743,2.99370252051657e-08,0,14.72546224913,4.98485799230784e-08,0,1.93957459262897e-07
414,6.49999999999999,2,469,-88.1625000000001,0,5.4802944261844e-16,8.95,0,90
414,6.49999999999999,3,465.330963854083,3.79999999999999,0,7.34788079488412e-17,1.2,0,90
414,6.49999999999999,4,1175,-51.6541666666668,0,7.46014008480596e-16,12.1833333333333,0,90
414,6.49999999999999,5,2034,-59.1223958333334,0,6.66539533910929e-16,10.8854166666667,0,90
414,6.49999999999999,6,124.638194444444,0,0,15.1194444444444,0,0,0
414,6.49999999999999,7,301.829176411285,0,0,0.3,0,0,0
414,6.59999999999999,1,94.3140575217683,3.37433842945545e-08,0,14.742151930751,2.47961786105311e-08,0,9.63710311160535e-08
414,6.59999999999999,2,469,-87.2660000000001,0,5.49866412817161e-16,8.98,0,90
414,6.59999999999999,3,465.330963854083,3.91999999999999,0,7.34788079488412e-17,1.2,0,90
414,6.59999999999999,4,1175,-50.4380000000001,0,7.43360607082444e-16,12.14,0,90
414,6.59999999999999,5,2034,-58.0362500000001,0,6.63605484287972e-16,10.8375,0,90
414,6.59999999999999,6,126.151,0,0,15.1366666666667,0,0,0
414,6.59999999999999,7,301.859176411285,0,0,0.3,0,0,0
414,6.69999999999999,1,95.7891071989245,3.45987759516802e-08,0,14.758841612372,-9.18077762462421e-09,0,-3.56409957064758e-08
414,6.69999999999999,2,469,-86.3665000000001,0,5.51703383015883e-16,9.01,0,90
414,6.69999999999999,3,465.330963854083,3.91999999999999,0,7.34788079488412e-17,1.2,0,90
414,6.69999999999999,4,1175,-49.2261666666668,0,7.40707205684291e-16,12.0966666666667,0,90
414,6.69999999999999,5,2034,-56.9548958333334,0,6.60671434665015e-16,10.7895833333333,0,90
414,6.69999999999999,6,127.665527777778,0,0,15.1538888888889,0,0,0
414,6.69999999999999,7,301.889176411285,0,0,0.3,0,0,0
414,6.79999999999999,1,97.2658258442427,3.16077391851621e-08,0,14.775531293993,-5.21424270550662e-08,0,-2.0219516607424e-07
414,6.79999999999999,2,469,-85.4640000000001,0,5.53540353214604e-16,9.04,0,90
414,6.79999999999999,3,465.330963854083,3.91999999999999,0,7.34788079488412e-17,1.2,0,90
414,6.79999999999999,4,1175,-48.0186666666668,0,7.38053804286138e-16,12.0533333333333,0,90
414,6.79999999999999,5,2034,-55.8783333333334,0,6.57737385042058e-16,10.7416666666667,0,90
414,6.79999999999999,6,129.181777777778,0,0,15.1711111111111,0,0,0
414,6.79999999999999,7,301.919176411285,0,0,0.3,0,0,0
414,6.89999999999999,1,98.7442134577231,2.38687906860654e-08,0,14.792220975614,-1.04149077791216e-07,0,-4.03408156723314e-07
414,6.89999999999999,2,469,-84.5585000000001,0,5.55377323413324e-16,9.07,0,90
414,6.89999999999999,3,465.330963854083,3.91999999999999,0,7.34788079488412e-17,1.2,0,90
414,6.89999999999999,4,1175,-46.8155000000001,0,7.35400402887986e-16,12.01,0,90
414,6.89999999999999,5,2034,-54.8065625000001,0,6.54803335419101e-16,10.69375,0,90
414,6.89999999999999,6,130.69975,0,0,15.1883333333333,0,0,0
414,6.89999999999999,7,301.949176411285,0,0,0.3,0,0,0
414,6.99999999999999,1,100.224270039366,1.04744078345233e-08,0,14.808910657235,-1.65261207973296e-07,0,-6.39396776256298e-07
414,6.99999999999999,2,469,-83.6500000000001,0,5.57214293612046e-16,9.1,0,90
414,6.99999999999999,3,465.330963854083,3.91999999999999,0,7.34788079488412e-17,1.2,0,90
414,6.99999999999999,4,1175,-45.6166666666668,0,7.32747001489833e-16,11.9666666666667,0,90
414,6.99999999999999,5,2034,-53.7395833333334,0,6.51869285796143e-16,10.6458333333333,0,90
414,6.99999999999999,6,132.219444444444,0,0,15.2055555555556,0,0,0
414,6.99999999999999,7,301.979176411285,0,0,0.3,0,0,0
414,7.09999999999999,1,101.706008510248,-9.43283028841559e-09,0,14.8261985349566,-2.31634483509895e-07,0,-8.95150450300408e-07
414,7.09999999999999,2,469,-82.7385000000001,0,5.59051263810767e-16,9.13,0,90
414,7.09999999999999,3,465.330963854083,3.91999999999999,0,7.34788079488412e-17,1.2,0,90
414,7.09999999999999,4,1175,-44.4221666666668,0,7.30093600091681e-16,11.9233333333333,0,90
414,7.09999999999999,5,2034,-52.6773958333334,0,6.48935236173186e-16,10.5979166666667,0,90
414,7.09999999999999,6,133.740861111111,0,0,15.2227777777778,0,0,0
414,7.09999999999999,7,302.009176411285,0,0,0.3,0,0,0
414,7.19999999999999,1,103.189532083257,-3.48873899484488e-08,0,14.8442729252082,-2.71970482021976e-07,0,-1.04974900761462e-06
414,7.19999999999999,2,469,-81.8240000000001,0,5.60888234009488e-16,9.16,0,90
414,7.19999999999999,3,465.330963854083,3.91999999999999,0,7.34788079488412e-17,1.2,0,90
414,7.19999999999999,4,1175,-43.2320000000001,0,7.27440198693528e-16,11.88,0,90
414,7.19999999999999,5,2034,-51.6200000000001,0,6.46001186550229e-16,10.55,0,90
414,7.19999999999999,6,135.264,0,0,15.24,0,0,0
414,7.19999999999999,7,302.039176411285,0,0,0.3,0,0,0
414,7.29999999999999,1,104.67486309529,-6.27256521619243e-08,0,14.8623473154598,-2.79268220053369e-07,0,-1.07660586995869e-06
414,7.29999999999999,2,469,-80.9065000000001,0,5.62725204208209e-16,9.19,0,90
414,7.29999999999999,3,465.330963854083,3.91999999999999,0,7.34788079488412e-17,1.2,0,90
414,7.29999999999999,4,1175,-42.0461666666668,0,7.24786797295375e-16,11.8366666666667,0,90
414,7.29999999999999,5,2034,-50.5673958333334,0,6.43067136927272e-16,10.5020833333333,0,90
414,7.29999999999999,6,136.788861111111,0,0,15.2572222222222,0,0,0
414,7.29999999999999,7,302.069176411285,0,0,0.3,0,0,0
414,7.39999999999999,1,106.162001546349,-8.96316842416274e-08,0,14.8804217057113,-2.53285441975916e-07,0,-9.75253734358594e-07
414,7.39999999999999,2,469,-79.9860000000001,0,5.6456217440693e-16,9.22,0,90
414,7.39999999999999,3,465.330963854083,3.91999999999999,0,7.34788079488412e-17,1.2,0,90
414,7.39999999999999,4,1175,-40.8646666666668,0,7.22133395897223e-16,11.7933333333333,0,90
414,7.39999999999999,5,2034,-49.5195833333334,0,6.40133087304315e-16,10.4541666666667,0,90
414,7.39999999999999,6,138.315444444444,0,0,15.2744444444444,0,0,0
414,7.39999999999999,7,302.099176411285,0,0,0.3,0,0,0
414,7.49999999999999,1,107.650947436432,-1.12265291069008e-07,0,14.8984960959629,-1.93779154641586e-07,0,-7.45224729198292e-07
414,7.49999999999999,2,469,-79.0625000000001,0,5.66399144605651e-16,9.25,0,90
414,7.49999999999999,3,465.330963854083,3.91999999999999,0,7.34788079488412e-17,1.2,0,90
414,7.49999999999999,4,1175,-39.6875000000001,0,7.1947999449907e-16,11.75,0,90
414,7.49999999999999,5,2034,-48.4765625000001,0,6.37199037681358e-16,10.40625,0,90
414,7.49999999999999,6,139.84375,0,0,15.2916666666667,0,0,0
414,7.49999999999999,7,302.129176411285,0,0,0.3,0,0,0
414,7.59999999999999,1,109.141700765541,-1.27261941297347e-07,0,14.9165704862145,-1.00505626485558e-07,0,-3.86050414219718e-07
414,7.59999999999999,2,469,-78.1360000000001,0,5.68236114804372e-16,9.28,0,90
414,7.59999999999999,3,465.330963854083,3.91999999999999,0,7.34788079488412e-17,1.2,0,90
414,7.59999999999999,4,1175,-38.5146666666668,0,7.16826593100918e-16,11.7066666666667,0,90
414,7.59999999999999,5,2034,-47.4383333333334,0,6.342649880584e-16,10.3583333333333,0,90
414,7.59999999999999,6,141.373777777778,0,0,15.3088888888889,0,0,0
414,7.59999999999999,7,302.159176411285,0,0,0.3,0,0,0
414,7.69999999999999,1,110.634261533675,-1.31232693465235e-07,0,14.9346448764661,2.67796133706903e-08,0,1.02738219477217e-07
414,7.69999999999999,2,469,-77.2065000000001,0,5.70073085003093e-16,9.31,0,90
414,7.69999999999999,3,465.330963854083,3.91999999999999,0,7.34788079488412e-17,1.2,0,90
414,7.69999999999999,4,1175,-37.3461666666668,0,7.14173191702765e-16,11.6633333333333,0,90
414,7.69999999999999,5,2034,-46.4048958333335,0,6.31330938435443e-16,10.3104166666667,0,90
414,7.69999999999999,6,142.905527777778,0,0,15.3261111111111,0,0,0
414,7.69999999999999,7,302.189176411285,0,0,0.3,0,0,0
414,7.79999999999999,1,112.128629740834,-1.2076412202035e-07,0,14.9527192667177,1.88321776016294e-07,0,7.21610749434622e-07
414,7.79999999999999,2,469,-76.2740000000001,0,5.71910055201814e-16,9.34,0,90
414,7.79999999999999,3,465.330963854083,3.91999999999999,0,7.34788079488412e-17,1.2,0,90
414,7.79999999999999,4,1175,-36.1820000000001,0,7.11519790304613e-16,11.62,0,90
414,7.79999999999999,5,2034,-45.3762500000001,0,6.28396888812486e-16,10.2625,0,90
414,7.79999999999999,6,144.439,0,0,15.3433333333333,0,0,0
414,7.79999999999999,7,302.219176411285,0,0,0.3,0,0,0
414,7.89999999999999,1,113.624805387019,-9.24182432535583e-08,0,14.9707936569693,3.84366813647916e-07,0,1.47103732183664e-06
414,7.89999999999999,2,469,-75.3385000000001,0,5.73747025400535e-16,9.37,0,90
414,7.89999999999999,3,465.330963854083,3.91999999999999,0,7.34788079488412e-17,1.2,0,90
414,7.89999999999999,4,1175,-35.0221666666668,0,7.0886638890646e-16,11.5766666666667,0,90
414,7.89999999999999,5,2034,-44.3523958333335,0,6.25462839189529e-16,10.2145833333333,0,90
414,7.89999999999999,6,145.974194444444,0,0,15.3605555555556,0,0,0
414,7.89999999999999,7,302.249176411285,0,0,0.3,0,0,0
414,7.99999999999999,1,115.122788472228,-4.27324411433096e-08,0,14.9888680472208,6.15161420466654e-07,0,2.35148865150941e-06
414,7.99999999999999,2,469,-74.4000000000001,0,5.75583995599256e-16,9.4,0,90
414,7.99999999999999,3,465.330963854083,3.91999999999999,0,7.34788079488412e-17,1.2,0,90
414,7.99999999999999,4,1175,-33.8666666666668,0,7.06212987508307e-16,11.5333333333333,0,90
414,7.99999999999999,5,2034,-43.3333333333335,0,6.22528789566572e-16,10.1666666666667,0,90
414,7.99999999999999,6,147.511111111111,0,0,15.3777777777778,0,0,0
414,7.99999999999999,7,302.279176411285,0,0,0.3,0,0,0
414,8.09999999999999,1,116.622445665719,3.16204012000122e-08,0,15,8.68619030107174e-07,0,3.31788029532587e-06
414,8.09999999999999,2,469,-73.4585000000001,0,5.77420965797977e-16,9.43,0,90
414,8.09999999999999,3,465.330963854083,3.91999999999999,0,7.34788079488412e-17,1.2,0,90
414,8.09999999999999,4,1175,-32.7155000000001,0,7.03559586110155e-16,11.49,0,90
414,8.09999999999999,5,2034,-42.3190625000001,0,6.19594739943614e-16,10.11875,0,90
414,8.09999999999999,6,149.04975,0,0,15.395,0,0,0
414,8.09999999999999,7,302.309176411285,0,0,0.3,0,0,0
414,8.19999999999999,1,118.122445665719,1.27366892819542e-07,0,15,1.02511774867645e-06,0,3.91566136687423e-06
414,8.19999999999999,2,469,-72.5140000000001,0,5.79257935996698e-16,9.46,0,90
414,8.19999999999999,3,465.330963854083,3.91999999999999,0,7.34788079488412e-17,1.2,0,90
414,8.19999999999999,4,1175,-31.5686666666668,0,7.00906184712002e-16,11.4466666666667,0,90
414,8.19999999999999,5,2034,-41.3095833333335,0,6.16660690320657e-16,10.0708333333333,0,90
414,8.19999999999999,6,150.590111111111,0,0,15.4122222222222,0,0,0
414,8.19999999999999,7,302.339176411285,0,0,0.3,0,0,0
414,8.29999999999999,1,119.622445665719,2.32405340213905e-07,0,15,1.05445814560383e-06,0,4.02773342775272e-06
414,8.29999999999999,2,469,-71.5665000000001,0,5.81094906195419e-16,9.48999999999999,0,90
414,8.29999999999999,3,465.330963854083,3.91999999999999,0,7.34788079488412e-17,1.2,0,90
414,8.29999999999999,4,1175,-30.4261666666668,0,6.9825278331385e-16,11.4033333333333,0,90
414,8.29999999999999,5,2034,-40.3048958333335,0,6.137266406977e-16,10.0229166666667,0,90
414,8.29999999999999,6,152.132194444444,0,0,15.4294444444444,0,0,0
414,8.29999999999999,7,302.369176411285,0,0,0.3,0,0,0
414,8.39999999999999,1,121.122445665719,3.34019911218911e-07,0,15,9.56640220889305e-07,0,3.65409647796133e-06
414,8.39999999999999,2,469,-70.6160000000001,0,5.8293187639414e-16,9.52,0,90
414,8.39999999999999,3,465.330963854083,3.91999999999999,0,7.34788079488412e-17,1.2,0,90
414,8.39999999999999,4,1175,-29.2880000000002,0,6.95599381915697e-16,11.36,0,90
414,8.39999999999999,5,2034,-39.3050000000001,0,6.10792591074743e-16,9.97500000000001,0,90
414,8.39999999999999,6,153.676,0,0,15.4466666666667,0,0,0
414,8.39999999999999,7,302.399176411285,0,0,0.3,0,0,0
414,8.49999999999999,1,122.622445665719,4.19494773670369e-07,0,15,7.31663974532877e-07,0,2.79475051750008e-06
414,8.49999999999999,2,469,-69.6625000000001,0,5.84768846592861e-16,9.55,0,90
414,8.49999999999999,3,465.330963854083,3.91999999999999,0,7.34788079488412e-17,1.2,0,90
414,8.49999999999999,4,1175,-28.1541666666668,0,6.92945980517544e-16,11.3166666666667,0,90
414,8.49999999999999,5,2034,-38.3098958333335,0,6.07858541451786e-16,9.92708333333334,0,90
414,8.49999999999999,6,155.221527777778,0,0,15.4638888888889,0,0,0
414,8.49999999999999,7,302.429176411285,0,0,0.3,0,0,0
414,8.59999999999999,1,124.122445665719,4.76114095404089e-07,0,15,3.79529406534548e-07,0,1.44969554636896e-06
414,8.59999999999999,2,469,-68.7060000000001,0,5.86605816791582e-16,9.57999999999999,0,90
414,8.59999999999999,3,465.330963854083,3.91999999999999,0,7.34788079488412e-17,1.2,0,90
414,8.59999999999999,4,1175,-27.0246666666668,0,6.90292579119392e-16,11.2733333333333,0,90
414,8.59999999999999,5,2034,-37.3195833333335,0,6.04924491828828e-16,9.87916666666667,0,90
414,8.59999999999999,6,156.768777777778,0,0,15.4811111111111,0,0,0
414,8.59999999999999,7,302.459176411285,0,0,0.3,0,0,0
414,8.69999999999999,1,125.622445665719,4.91162044255881e-07,0,15,-9.97634831056841e-08,0,-3.81068435432026e-07
414,8.69999999999999,2,469,-67.7465000000001,0,5.88442786990303e-16,9.61,0,90
414,8.69999999999999,3,465.330963854083,3.91999999999999,0,7.34788079488412e-17,1.2,0,90
414,8.69999999999999,4,1175,-25.8995000000002,0,6.87639177721239e-16,11.23,0,90
414,8.69999999999999,5,2034,-36.3340625000002,0,6.01990442205871e-16,9.83125000000001,0,90
414,8.69999999999999,6,158.31775,0,0,15.4983333333333,0,0,0
414,8.69999999999999,7,302.489176411285,0,0,0.3,0,0,0
414,8.79999999999998,1,127.122445665719,4.51922788061556e-07,0,15,-7.06214694387818e-07,0,-2.69754142790288e-06
414,8.79999999999998,2,469,-66.7840000000001,0,5.90279757189024e-16,9.64,0,90
414,8.79999999999998,3,465.330963854083,3.91999999999999,0,7.34788079488412e-17,1.2,0,90
414,8.79999999999998,4,1175,-24.7786666666668,0,6.84985776323087e-16,11.1866666666667,0,90
414,8.79999999999998,5,2034,-35.3533333333335,0,5.99056392582914e-16,9.78333333333334,0,90
414,8.79999999999998,6,159.868444444444,0,0,15.5155555555556,0,0,0
414,8.79999999999998,7,302.519176411285,0,0,0.3,0,0,0
414,8.89999999999998,1,128.622445665719,3.45680494656922e-07,0,14.9999999999999,-1.43982422731185e-06,0,-5.49972343104361e-06
414,8.89999999999998,2,469,-65.8185000000002,0,5.92116727387745e-16,9.66999999999999,0,90
414,8.89999999999998,3,465.330963854083,3.91999999999999,0,7.34788079488412e-17,1.2,0,90
414,8.89999999999998,4,1175,-23.6621666666668,0,6.82332374924934e-16,11.1433333333333,0,90
414,8.89999999999998,5,2034,-34.3773958333335,0,5.96122342959957e-16,9.73541666666667,0,90
414,8.89999999999998,6,161.420861111111,0,0,15.5327777777778,0,0,0
414,8.89999999999998,7,302.549176411285,0,0,0.3,0,0,0
414,8.99999999999998,1,130.122445665719,1.5971933187779e-07,0,14.9999999999998,-2.30059208187778e-06,0,-8.7876144448542e-06
414,8.99999999999998,2,469,-64.8500000000002,0,5.93953697586466e-16,9.7,0,90
414,8.99999999999998,3,465.330963854083,3.91999999999999,0,7.34788079488412e-17,1.2,0,90
414,8.99999999999998,4,1175,-22.5500000000002,0,6.79678973526781e-16,11.1,0,90
414,8.99999999999998,5,2034,-33.4062500000002,0,5.93188293337e-16,9.68750000000001,0,90
414,8.99999999999998,6,162.975,0,0,15.55,0,0,0
414,8.99999999999998,7,302.579176411285,0,0,0.3,0,0,0
414,9.09999999999998,1,131.622445665719,-1.1810833389583e-07,0,14.9999999999996,-3.24413971408385e-06,0,-1.23917009178522e-05
414,9.09999999999998,2,469,-63.8785000000002,0,5.95790667785187e-16,9.73,0,90
414,9.09999999999998,3,465.330963854083,3.91999999999999,0,7.34788079488412e-17,1.2,0,90
414,9.09999999999998,4,1175,-21.4421666666669,0,6.77025572128629e-16,11.0566666666667,0,90
414,9.09999999999998,5,2034,-32.4398958333335,0,5.90254243714043e-16,9.63958333333334,0,90
414,9.09999999999998,6,164.530861111111,0,0,15.5672222222222,0,0,0
414,9.09999999999998,7,302.609176411285,0,0,0.3,0,0,0
414,9.19999999999998,1,133.122445665719,-4.75636446908947e-07,0,14.9999999999995,-3.82734926236704e-06,0,-1.46193972970762e-05
414,9.19999999999998,2,469,-62.9040000000002,0,5.97627637983908e-16,9.75999999999999,0,90
414,9.19999999999998,3,465.330963854083,3.91999999999999,0,7.34788079488412e-17,1.2,0,90
414,9.19999999999998,4,1175,-20.3386666666669,0,6.74372170730476e-16,11.0133333333333,0,90
414,9.19999999999998,5,2034,-31.4783333333335,0,5.87320194091085e-16,9.59166666666668,0,90
414,9.19999999999998,6,166.088444444444,0,0,15.5844444444444,0,0,0
414,9.19999999999998,7,302.639176411285,0,0,0.3,0,0,0
414,9.29999999999998,1,134.622445665718,-8.67763529606942e-07,0,14.9999999999995,-3.93611910778144e-06,0,-1.50348675024452e-05
414,9.29999999999998,2,469,-61.9265000000002,0,5.99464608182629e-16,9.79,0,90
414,9.29999999999998,3,465.330963854083,3.91999999999999,0,7.34788079488412e-17,1.2,0,90
414,9.29999999999998,4,1175,-19.2370236686392,0,6.76099236729273e-16,11.0415384615385,0,90
414,9.29999999999998,5,2034,-30.5215625000002,0,5.84386144468128e-16,9.54375000000001,0,90
414,9.29999999999998,6,167.64775,0,0,15.6016666666667,0,0,0
414,9.29999999999998,7,302.669176411285,0,0,0.3,0,0,0
414,9.39999999999998,1,136.122445665718,-1.24704561170294e-06,0,14.9999999999996,-3.57044925032705e-06,0,-1.36381115339594e-05
414,9.39999999999998,2,469,-60.9460000000002,0,6.0130157838135e-16,9.81999999999999,0,90
414,9.39999999999998,3,465.330963854083,3.91999999999999,0,7.34788079488412e-17,1.2,0,90
414,9.39999999999998,4,1175,-18.1298698224854,0,6.79773177126715e-16,11.1015384615385,0,90
414,9.39999999999998,5,2034,-29.5695833333335,0,5.81452094845171e-16,9.49583333333334,0,90
414,9.39999999999998,6,169.208777777778,0,0,15.6188888888889,0,0,0
414,9.39999999999998,7,302.699176411285,0,0,0.3,0,0,0
414,9.49999999999998,1,137.622445665718,-1.56603872291006e-06,0,14.9999999999998,-2.73033969000387e-06,0,-1.04291293916187e-05
414,9.49999999999998,2,469,-59.9625000000002,0,6.03138548580071e-16,9.84999999999999,0,90
414,9.49999999999998,3,465.330963854083,3.91999999999999,0,7.34788079488412e-17,1.2,0,90
414,9.49999999999998,4,1175,-17.0167159763316,0,6.83447117524157e-16,11.1615384615385,0,90
414,9.49999999999998,5,2034,-28.6223958333335,0,5.78518045222214e-16,9.44791666666667,0,90
414,9.49999999999998,6,170.771527777777,0,0,15.6361111111111,0,0,0
414,9.49999999999998,7,302.729176411285,0,0,0.3,0,0,0
414,9.59999999999998,1,139.122445665718,-1.77729889294142e-06,0,14.9999999999999,-1.41579042681188e-06,0,-5.40792107542309e-06
414,9.59999999999998,2,469,-58.9760000000002,0,6.04975518778792e-16,9.88,0,90
414,9.59999999999998,3,465.330963854083,3.91999999999999,0,7.34788079488412e-17,1.2,0,90
414,9.59999999999998,4,1175,-15.8975621301777,0,6.87121057921599e-16,11.2215384615385,0,90
414,9.59999999999998,5,2034,-27.6800000000002,0,5.75583995599257e-16,9.40000000000001,0,90
414,9.59999999999998,6,172.336,0,0,15.6533333333333,0,0,0
414,9.59999999999998,7,302.759176411285,0,0,0.3,0,0,0
414,9.69999999999998,1,140.622445665718,-1.83338215151014e-06,0,15,3.7319853924892e-07,0,1.42551341462737e-06
414,9.69999999999998,2,469,-57.9865000000002,0,6.06812488977513e-16,9.90999999999999,0,90
414,9.69999999999998,3,465.330963854083,3.91999999999999,0,7.34788079488412e-17,1.2,0,90
414,9.69999999999998,4,1175,-14.7724082840239,0,6.90794998319041e-16,11.2815384615385,0,90
414,9.69999999999998,5,2034,-26.7423958333335,0,5.72649945976299e-16,9.35208333333334,0,90
414,9.69999999999998,6,173.902194444444,0,0,15.6705555555556,0,0,0
414,9.69999999999998,7,302.789176411285,0,0,0.3,0,0,0
414,9.79999999999998,1,142.122445665718,-1.68684452832934e-06,0,14.9999999999998,2.63662720817851e-06,0,1.00711740785327e-05
414,9.79999999999998,2,469,-56.9940000000002,0,6.08649459176234e-16,9.93999999999999,0,90
414,9.79999999999998,3,465.330963854083,3.91999999999999,0,7.34788079488412e-17,1.2,0,90
414,9.79999999999998,4,1175,-13.64125443787,0,6.94468938716483e-16,11.3415384615385,0,90
414,9.79999999999998,5,2034,-25.8095833333335,0,5.69715896353342e-16,9.30416666666667,0,90
414,9.79999999999998,6,175.470111111111,0,0,15.6877777777778,0,0,0
414,9.79999999999998,7,302.819176411285,0,0,0.3,0,0,0
414,9.89999999999998,1,143.622445665718,-1.29024205311215e-06,0,14.999999999999,5.37449557997682e-06,0,2.05290609162929e-05
414,9.89999999999998,2,469,-55.9985000000002,0,6.10486429374955e-16,9.96999999999999,0,90
414,9.89999999999998,3,465.330963854083,3.91999999999999,0,7.34788079488412e-17,1.2,0,90
414,9.89999999999998,4,1175,-12.5041005917162,0,6.98142879113925e-16,11.4015384615385,0,90
414,9.89999999999998,5,2034,-24.8815625000002,0,5.66781846730385e-16,9.25625000000001,0,90
414,9.89999999999998,6,177.03975,0,0,15.705,0,0,0
414,9.89999999999998,7,302.849176411285,0,0,0.3,0,0,0
414,9.99999999999998,1,145.122445665718,-5.96130755571695e-07,0,14.9999999999975,8.58680365464368e-06,0,3.2799173927908e-05
414,9.99999999999998,2,469,-55.0000000000002,0,6.12323399573676e-16,9.99999999999999,0,90
414,9.99999999999998,3,465.330963854083,3.91999999999999,0,7.34788079488412e-17,1.2,0,90
414,9.99999999999998,4,1175,-11.3609467455623,0,7.01816819511367e-16,11.4615384615385,0,90
414,9.99999999999998,5,2034,-23.9583333333335,0,5.63847797107428e-16,9.20833333333334,0,90
414,9.99999999999998,6,178.611111111111,0,0,15.7222222222222,0,0,0
414,9.99999999999998,7,302.879176411285,0,0,0.3,0,0,0
414,10.1,1,146.622445665718,4.40812934382728e-07,0,14.9999999999951,1.2107939826226e-05,0,4.62489233760792e-05
414,10.1,2,469,-53.9985000000002,0,6.14160369772397e-16,10.03,0,90
414,10.1,3,465.330963854083,3.91999999999999,0,7.34788079488412e-17,1.2,0,90
414,10.1,4,1175,-10.2117928994085,0,7.05490759908809e-16,11.5215384615384,0,90
414,10.1,5,2034,-23.0398958333335,0,5.60913747484471e-16,9.16041666666668,0,90
414,10.1,6,180.184194444444,0,0,15.7394444444444,0,0,0
414,10.1,7,302.879176411285,0,0,0.3,0,0,0
414,10.2,1,148.122445665717,1.77517889481548e-06,0,14.9999999999932,1.42842793007905e-05,0,5.45619278214333e-05
414,10.2,2,469,-52.9940000000002,0,6.15997339971118e-16,10.06,0,90
414,10.2,3,465.330963854083,3.91999999999999,0,7.34788079488412e-17,1.2,0,90
414,10.2,4,1175,-9.05663905325466,0,7.09164700306251e-16,11.5815384615385,0,90
414,10.2,5,2034,-22.1262500000002,0,5.57979697861513e-16,9.11250000000001,0,90
414,10.2,6,181.759,0,0,15.7566666666667,0,0,0
414,10.2,7,302.879176411285,0,0,0.3,0,0,0
414,10.3,1,149.622445665716,3.23864877821309e-06,0,14.9999999999928,1.46900182855234e-05,0,5.6111736582042e-05
414,10.3,2,469,-51.9865000000002,0,6.17834310169839e-16,10.09,0,90
414,10.3,3,465.330963854083,3.91999999999999,0,7.34788079488412e-17,1.2,0,90
414,10.3,4,1175,-7.89548520710082,0,7.12838640703693e-16,11.6415384615384,0,90
414,10.3,5,2034,-21.2173958333335,0,5.55045648238556e-16,9.06458333333334,0,90
414,10.3,6,183.335527777777,0,0,15.7738888888889,0,0,0
414,10.3,7,302.879176411285,0,0,0.3,0,0,0
414,10.4,1,151.122445665716,4.65416253559243e-06,0,14.9999999999941,1.33251567804249e-05,0,5.08983496579054e-05
414,10.4,2,469,-50.9760000000002,0,6.1967128036856e-16,10.12,0,90
414,10.4,3,465.330963854083,3.91999999999999,0,7.34788079488412e-17,1.2,0,90
414,10.4,4,1175,-6.72833136094698,0,7.16512581101135e-16,11.7015384615384,0,90
414,10.4,5,2034,-20.3133333333335,0,5.52111598615599e-16,9.01666666666668,0,90
414,10.4,6,184.913777777777,0,0,15.7911111111111,0,0,0
414,10.4,7,302.879176411285,0,0,0.3,0,0,0
414,10.5,1,152.622445665715,5.84466011797034e-06,0,14.9999999999965,1.01896947854947e-05,0,3.89217670490234e-05
414,10.5,2,469,-49.9625000000002,0,6.21508250567281e-16,10.15,0,90
414,10.5,3,465.330963854083,3.91999999999999,0,7.34788079488412e-17,1.2,0,90
414,10.5,4,1175,-5.55517751479314,0,7.20186521498577e-16,11.7615384615384,0,90
414,10.5,5,2034,-19.4130434782611,0,5.51091059616309e-16,9,0,90
414,10.5,6,186.49375,0,0,15.8083333333333,0,0,0
414,10.5,7,302.879176411285,0,0,0.3,0,0,0
414,10.6,1,154.122445665715,6.63308147636361e-06,0,14.9999999999991,5.28363230073191e-06,0,2.01819887553961e-05
414,10.6,2,469,-48.9460000000002,0,6.23345220766002e-16,10.18,0,90
414,10.6,3,465.330963854083,3.91999999999999,0,7.34788079488412e-17,1.2,0,90
414,10.6,4,1175,-4.3760236686393,0,7.23860461896019e-16,11.8215384615384,0,90
414,10.6,5,2034,-18.5130434782611,0,5.51091059616309e-16,9,0,90
414,10.6,6,188.075444444444,0,0,15.8255555555556,0,0,0
414,10.6,7,302.879176411285,0,0,0.3,0,0,0
414,10.7,1,155.622445665715,6.84236656178896e-06,0,14.9999999999999,-1.39303067386358e-06,0,-5.32098522297654e-06
414,10.7,2,469,-47.9265000000002,0,6.25182190964723e-16,10.21,0,90
414,10.7,3,465.330963854083,3.91999999999999,0,7.34788079488412e-17,1.2,0,90
414,10.7,4,1175,-3.19086982248546,0,7.27534402293461e-16,11.8815384615384,0,90
414,10.7,5,2034,-17.6130434782611,0,5.51091059616309e-16,9,0,90
414,10.7,6,189.658861111111,0,0,15.8427777777778,0,0,0
414,10.7,7,302.879176411285,0,0,0.3,0,0,0
414,10.8,1,157.122445665715,6.29545532526317e-06,0,14.9999999999968,-9.84029413829065e-06,0,-3.75871548860945e-05
414,10.8,2,469,-46.9040000000002,0,6.27019161163444e-16,10.24,0,90
414,10.8,3,465.330963854083,3.91999999999999,0,7.34788079488412e-17,1.2,0,90
414,10.8,4,1175,-1.99971597633162,0,7.31208342690903e-16,11.9415384615384,0,90
414,10.8,5,2034,-16.7130434782611,0,5.51091059616309e-16,9,0,90
414,10.8,6,191.244,0,0,15.86,0,0,0
414,10.8,7,302.879176411285,0,0,0.3,0,0,0
414,10.9,1,158.622445665714,4.81528771780325e-06,0,14.9999999999866,-2.00581580925453e-05,0,-7.66165202339579e-05
414,10.9,2,469,-45.8785000000002,0,6.28856131362165e-16,10.27,0,90
414,10.9,3,465.330963854083,3.91999999999999,0,7.34788079488412e-17,1.2,0,90
414,10.9,4,1175,-0.802562130177776,0,7.34882283088345e-16,12.0015384615384,0,90
414,10.9,5,2034,-15.8130434782611,0,5.51091059616309e-16,9,0,90
414,10.9,6,192.830861111111,0,0,15.8772222222222,0,0,0
414,10.9,7,302.879176411285,0,0,0.3,0,0,0
414,11,1,160.122445665712,2.22480369042681e-06,0,14.9999999999658,-3.20466225366191e-05,0,-0.000122409081266567
414,11,2,469,-44.8500000000002,0,6.30693101560886e-16,10.3,0,90
414,11,3,465.330963854083,3.91999999999999,0,7.34788079488412e-17,1.2,0,90
414,11,4,1175,0.400591715976063,0,7.38556223485788e-16,12.0615384615384,0,90
414,11,5,2034,-14.9130434782611,0,5.51091059616309e-16,9,0,90
414,11,6,194.419444444444,0,0,15.8944444444444,0,0,0
414,11,7,302.879176411285,0,0,0.3,0,0,0
414,11.1,1,161.622445665707,-1.64514340360751e-06,0,14.9999999999319,-4.5187619590713e-05,0,-0.000172603992586296
414,11.1,2,469,-43.8185000000002,0,6.32530071759608e-16,10.33,0,90
414,11.1,3,465.330963854083,3.91999999999999,0,7.34788079488412e-17,1.2,0,90
414,11.1,4,1175,1.6097455621299,0,7.4223016388323e-16,12.1215384615384,0,90
414,11.1,5,2034,-14.0130434782611,0,5.51091059616309e-16,9,0,90
414,11.1,6,196.00975,0,0,15.9116666666667,0,0,0
414,11.1,7,302.879176411285,0,0,0.3,0,0,0
414,11.2,1,163.122445665699,-6.62507913231641e-06,0,14.9999999999053,-5.33097679407352e-05,0,-0.000203628313988825
414,11.2,2,469,-42.7840000000002,0,6.34367041958328e-16,10.36,0,90
414,11.2,3,465.330963854083,3.91999999999999,0,7.34788079488412e-17,1.2,0,90
414,11.2,4,1175,2.82489940828374,0,7.45904104280672e-16,12.1815384615384,0,90
414,11.2,5,2034,-13.1130434782611,0,5.51091059616309e-16,9,0,90
414,11.2,6,197.601777777777,0,0,15.9288888888889,0,0,0
414,11.2,7,302.879176411285,0,0,0.3,0,0,0
414,11.3,1,164.622445665689,-1.2086831583209e-05,0,14.9999999998998,-5.48239540343898e-05,0,-0.00020941207882645
414,11.3,2,469,-41.7465000000003,0,6.3620401215705e-16,10.39,0,90
414,11.3,3,465.330963854083,3.91999999999999,0,7.34788079488412e-17,1.2,0,90
414,11.3,4,1175,4.04605325443758,0,7.49578044678114e-16,12.2415384615384,0,90
414,11.3,5,2034,-12.2130434782611,0,5.51091059616309e-16,9,0,90
414,11.3,6,199.195527777777,0,0,15.9461111111111,0,0,0
414,11.3,7,302.879176411285,0,0,0.3,0,0,0
414,11.4,1,166.122445665679,-1.7369604530649e-05,0,14.9999999999176,-4.97301778716834e-05,0,-0.00018995528709917
414,11.4,2,469,-40.7060000000003,0,6.38040982355771e-16,10.42,0,90
414,11.4,3,465.330963854083,3.91999999999999,0,7.34788079488412e-17,1.2,0,90
414,11.4,4,1175,5.27320710059143,0,7.53251985075556e-16,12.3015384615384,0,90
414,11.4,5,2034,-11.3130434782611,0,5.51091059616309e-16,9,0,90
414,11.4,6,200.791,0,0,15.9633333333333,0,0,0
414,11.4,7,302.879176411285,0,0,0.3,0,0,0
414,11.5,1,167.622445665673,-2.18126017489995e-05,0,14.9999999999518,-3.80284394525946e-05,0,-0.000145257938806986
414,11.5,2,469,-39.6625000000003,0,6.39877952554492e-16,10.45,0,90
414,11.5,3,465.330963854083,3.91999999999999,0,7.34788079488412e-17,1.2,0,90
414,11.5,4,1175,6.50636094674526,0,7.56925925472998e-16,12.3615384615384,0,90
414,11.5,5,2034,-10.4130434782611,0,5.51091059616309e-16,9,0,90
414,11.5,6,202.388194444444,0,0,15.9805555555556,0,0,0
414,11.5,7,302.879176411285,0,0,0.3,0,0,0
414,11.6,1,169.12244566567,-2.47550270126206e-05,0,14.999999999987,-1.97187387770888e-05,0,-7.53200339498982e-05
414,11.6,2,469,-38.6160000000003,0,6.41714922753213e-16,10.48,0,90
414,11.6,3,465.330963854083,3.91999999999999,0,7.34788079488412e-17,1.2,0,90
414,11.6,4,1175,7.7455147928991,0,7.6059986587044e-16,12.4215384615384,0,90
414,11.6,5,2034,-9.5130434782611,0,5.51091059616309e-16,9,0,90
414,11.6,6,203.987111111111,0,0,15.9977777777778,0,0,0
414,11.6,7,302.879176411285,0,0,0.3,0,0,0
414,11.7,1,170.622445665669,-2.55360840958695e-05,0,14.9999999999991,5.19892415484797e-06,0,1.98584274720942e-05
414,11.7,2,469,-37.5665000000003,0,6.43551892951934e-16,10.51,0,90
414,11.7,3,465.330963854083,3.91999999999999,0,7.34788079488412e-17,1.2,0,90
414,11.7,4,1175,8.99066863905295,0,7.64273806267882e-16,12.4815384615384,0,90
414,11.7,5,2034,-8.6130434782611,0,5.51091059616309e-16,9,0,90
414,11.7,6,205.58775,0,0,16.015,0,0,0
414,11.7,7,302.879176411285,0,0,0.3,0,0,0
414,11.8,1,172.122445665668,-2.34949767731052e-05,0,14.999999999955,3.67245493431557e-05,0,0.000140277445458991
414,11.8,2,469,-36.5140000000003,0,6.45388863150655e-16,10.54,0,90
414,11.8,3,465.330963854083,3.91999999999999,0,7.34788079488412e-17,1.2,0,90
414,11.8,4,1175,10.2418224852068,0,7.67947746665324e-16,12.5415384615384,0,90
414,11.8,5,2034,-7.7130434782611,0,5.51091059616309e-16,9,0,90
414,11.8,6,207.190111111111,0,0,16.0322222222222,0,0,0
414,11.8,7,302.879176411285,0,0,0.3,0,0,0
414,11.9,1,173.622445665657,-1.79709088186993e-05,0,14.9999999998132,7.48581367876277e-05,0,0.000285937020010792
414,11.9,2,469,-35.4585000000003,0,6.47225833349376e-16,10.57,0,90
414,11.9,3,465.330963854083,3.91999999999999,0,7.34788079488412e-17,1.2,0,90
414,11.9,4,1175,11.4989763313606,0,7.71621687062766e-16,12.6015384615384,0,90
414,11.9,5,2034,-6.81304347826111,0,5.51091059616309e-16,9,0,90
414,11.9,6,208.794194444444,0,0,16.0494444444444,0,0,0
414,11.9,7,302.879176411285,0,0,0.3,0,0,0
414,12,1,175.122445665625,-8.30308400705532e-06,0,14.9999999995232,0.000119599686487819,0,0.000456837151127497
414,12,2,469,-34.4000000000003,0,6.49062803548097e-16,10.6,0,90
414,12,3,465.330963854083,3.91999999999999,0,7.34788079488412e-17,1.2,0,90
414,12,4,1175,12.7621301775145,0,7.75295627460208e-16,12.6615384615384,0,90
414,12,5,2034,-5.91304347826111,0,5.51091059616309e-16,9,0,90
414,12,6,210.4,0,0,16.0666666666667,0,0,0
414,12,7,302.879176411285,0,0,0.3,0,0,0
414,12.1,1,176.622445665555,6.1397606786224e-06,0,14.999999999052,0.000168642538531084,0,0.00064416704696047
414,12.1,2,469,-33.3385000000003,0,6.50899773746818e-16,10.63,0,90
414,12.1,3,465.330963854083,3.91999999999999,0,7.34788079488412e-17,1.2,0,90
414,12.1,4,1175,14.0312840236683,0,7.7896956785765e-16,12.7215384615384,0,90
414,12.1,5,2034,-5.01304347826111,0,5.51091059616309e-16,9,0,90
414,12.1,6,212.007527777777,0,0,16.0838888888889,0,0,0
414,12.1,7,302.879176411285,0,0,0.3,0,0,0
414,12.2,1,178.12244566544,2.47251376325604e-05,0,14.9999999986806,0.000198954792459073,0,0.00075995132814269
414,12.2,2,469,-32.2740000000003,0,6.52736743945539e-16,10.66,0,90
414,12.2,3,465.330963854083,3.91999999999999,0,7.34788079488412e-17,1.2,0,90
414,12.2,4,1175,15.3064378698221,0,7.82643508255092e-16,12.7815384615384,0,90
414,12.2,5,2034,-4.11304347826112,0,5.51091059616309e-16,9,0,90
414,12.2,6,213.616777777777,0,0,16.1011111111111,0,0,0
414,12.2,7,302.879176411285,0,0,0.3,0,0,0
414,12.3,1,179.622445665301,4.5108677552739e-05,0,14.9999999986045,0.00020460579785608,0,0.000781536578761584
414,12.3,2,469,-31.2065000000003,0,6.5457371414426e-16,10.69,0,90
414,12.3,3,465.330963854083,3.91999999999999,0,7.34788079488412e-17,1.2,0,90
414,12.3,4,1175,16.587591715976,0,7.86317448652534e-16,12.8415384615384,0,90
414,12.3,5,2034,-3.21304347826112,0,5.51091059616309e-16,9,0,90
414,12.3,6,215.22775,0,0,16.1183333333333,0,0,0
414,12.3,7,302.879176411285,0,0,0.3,0,0,0
414,12.4,1,181.122445665171,6.48242555860902e-05,0,14.9999999988518,0.000185595554722455,0,0.000708922798817153
414,12.4,2,469,-30.1360000000003,0,6.56410684342981e-16,10.72,0,90
414,12.4,3,465.330963854083,3.91999999999999,0,7.34788079488412e-17,1.2,0,90
414,12.4,4,1175,17.8747455621298,0,7.89991389049976e-16,12.9015384615384,0,90
414,12.4,5,2034,-2.31304347826112,0,5.51091059616309e-16,9,0,90
414,12.4,6,216.840444444444,0,0,16.1355555555556,0,0,0
414,12.4,7,302.879176411285,0,0,0.3,0,0,0
414,12.5,1,182.622445665079,8.14057468795059e-05,0,14.9999999993286,0.000141924063057087,0,0.000542109988309397
414,12.5,2,469,-29.0625000000003,0,6.58247654541702e-16,10.75,0,90
414,12.5,3,465.330963854083,3.91999999999999,0,7.34788079488412e-17,1.2,0,90
414,12.5,4,1175,19.1678994082837,0,7.93665329447418e-16,12.9615384615384,0,90
414,12.5,5,2034,-1.41304347826113,0,5.51091059616309e-16,9,0,90
414,12.5,6,218.454861111111,0,0,16.1527777777778,0,0,0
414,12.5,7,302.879176411285,0,0,0.3,0,0,0
414,12.6,1,184.122445665038,9.23870265797215e-05,0,14.9999999998195,7.35913228581709e-05,0,0.000281098147238315
414,12.6,2,469,-27.9860000000003,0,6.60084624740423e-16,10.78,0,90
414,12.6,3,465.330963854083,3.91999999999999,0,7.34788079488412e-17,1.2,0,90
414,12.6,4,1175,20.4666666666663,0,7.9602041944578e-16,13,0,90
414,12.6,5,2034,-0.513043478261132,0,5.51091059616309e-16,9,0,90
414,12.6,6,220.071,0,0,16.17,0,0,0
414,12.6,7,302.879176411285,0,0,0.3,0,0,0
414,12.7,1,185.622445665033,9.53019698333268e-05,0,14.9999999999875,-1.94026658750184e-05,0,-7.41127243960915e-05
414,12.7,2,469,-26.9065000000003,0,6.61921594939144e-16,10.81,0,90
414,12.7,3,465.330963854083,3.91999999999999,0,7.34788079488412e-17,1.2,0,90
414,12.7,4,1175,21.7666666666663,0,7.9602041944578e-16,13,0,90
414,12.7,5,2034,0.386956521738867,0,5.51091059616309e-16,9,0,90
414,12.7,6,221.688861111111,0,0,16.1872222222222,0,0,0
414,12.7,7,302.879176411285,0,0,0.3,0,0,0
414,12.8,1,187.122445665009,8.76844517870045e-05,0,14.9999999993738,-0.000137057903139359,0,-0.000523522626593824
414,12.8,2,469,-25.8240000000003,0,6.63758565137865e-16,10.84,0,90
414,12.8,3,465.330963854083,3.91999999999999,0,7.34788079488412e-17,1.2,0,90
414,12.8,4,1175,23.0666666666663,0,7.9602041944578e-16,13,0,90
414,12.8,5,2034,1.28695652173887,0,5.51091059616309e-16,9,0,90
414,12.8,6,223.308444444444,0,0,16.2044444444444,0,0,0
414,12.8,7,302.879176411285,0,0,0.3,0,0,0
414,12.9,1,188.622445664862,6.70683475880946e-05,0,14.9999999973983,-0.000279374388924108,0,-0.00106713155935488
414,12.9,2,469,-24.7385000000003,0,6.65595535336586e-16,10.87,0,90
414,12.9,3,465.330963854083,3.91999999999999,0,7.34788079488412e-17,1.2,0,90
414,12.9,4,1175,24.3666666666663,0,7.9602041944578e-16,13,0,90
414,12.9,5,2034,2.18695652173886,0,5.51091059616309e-16,9,0,90
414,12.9,6,224.92975,0,0,16.2216666666667,0,0,0
414,12.9,7,302.879176411285,0,0,0.3,0,0,0
414,13,1,190.12244566442,3.09875323855871e-05,0,14.999999993359,-0.000446352123206134,0,-0.00170493952267926
414,13,2,469,-23.6500000000003,0,6.67432505535307e-16,10.9,0,90
414,13,3,465.330963854083,3.91999999999999,0,7.34788079488412e-17,1.2,0,90
414,13,4,1175,25.6666666666663,0,7.9602041944578e-16,13,0,90
414,13,5,2034,3.08695652173886,0,5.51091059616309e-16,9,0,90
414,13,6,226.552777777777,0,0,16.2388888888889,0,0,0
414,13,7,302.879176411285,0,0,0.3,0,0,0
414,13.1,1,191.622445663442,-2.29138992368394e-05,0,14.9999999867959,-0.000629382534245654,0,-0.00240406419480701
414,13.1,2,469,-22.5585000000003,0,6.69269475734028e-16,10.93,0,90
414,13.1,3,465.330963854083,3.91999999999999,0,7.34788079488412e-17,1.2,0,90
414,13.1,4,1175,26.9666666666663,0,7.9602041944578e-16,13,0,90
414,13.1,5,2034,3.98695652173885,0,5.51091059616309e-16,9,0,90
414,13.1,6,228.177527777777,0,0,16.2561111111111,0,0,0
414,13.1,7,302.879176411285,0,0,0.3,0,0,0
414,13.2,1,193.122445661835,-9.22754712997285e-05,0,14.9999999816227,-0.000742509401735661,0,-0.00283617699904072
414,13.2,2,469,-21.4640000000003,0,6.71106445932749e-16,10.96,0,90
414,13.2,3,465.330963854083,3.91999999999999,0,7.34788079488412e-17,1.2,0,90
414,13.2,4,1175,28.2666666666663,0,7.9602041944578e-16,13,0,90
414,13.2,5,2034,4.88695652173885,0,5.51091059616309e-16,9,0,90
414,13.2,6,229.803999999999,0,0,16.2733333333333,0,0,0
414,13.2,7,302.879176411285,0,0,0.3,0,0,0
414,13.3,1,194.622445659906,-0.000168347878529866,0,14.9999999805639,-0.000763599237600163,0,-0.00291673423818622
414,13.3,2,469,-20.3665000000003,0,6.7294341613147e-16,10.99,0,90
414,13.3,3,465.330963854083,3.91999999999999,0,7.34788079488412e-17,1.2,0,90
414,13.3,4,1175,29.5666666666663,0,7.9602041944578e-16,13,0,90
414,13.3,5,2034,5.78695652173885,0,5.51091059616309e-16,9,0,90
414,13.3,6,231.432194444444,0,0,16.2905555555555,0,0,0
414,13.3,7,302.879176411285,0,0,0.3,0,0,0
414,13.4,1,196.1224456581,-0.000241927417766277,0,14.9999999840078,-0.000692652041857418,0,-0.00264573591224351
414,13.4,2,469,-19.2690277777781,0,6.69218448784066e-16,10.9291666666667,0,90
414,13.4,3,465.330963854083,3.91999999999999,0,7.34788079488412e-17,1.2,0,90
414,13.4,4,1175,30.8666666666663,0,7.9602041944578e-16,13,0,90
414,13.4,5,2034,6.68695652173884,0,5.51091059616309e-16,9,0,90
414,13.4,6,233.062111111111,0,0,16.3077777777778,0,0,0
414,13.4,7,302.879176411285,0,0,0.3,0,0,0
414,13.5,1,197.622445656816,-0.000303810385845894,0,14.9999999906484,-0.000529667814449625,0,-0.00202318202121257
414,13.5,2,469,-18.1814236111115,0,6.62712512663596e-16,10.8229166666667,0,90
414,13.5,3,465.330963854083,3.91999999999999,0,7.34788079488412e-17,1.2,0,90
414,13.5,4,1175,32.1666666666663,0,7.9602041944578e-16,13,0,90
414,13.5,5,2034,7.58695652173884,0,5.51091059616309e-16,9,0,90
414,13.5,6,234.693749999999,0,0,16.325,0,0,0
414,13.5,7,302.879176411285,0,0,0.3,0,0,0
414,13.6,1,199.122445656238,-0.000344793079597518,0,14.9999999974856,-0.000274646555282995,0,-0.00104907256509342
414,13.6,2,469,-17.1044444444448,0,6.56206576543126e-16,10.7166666666667,0,90
414,13.6,3,465.330963854083,3.91999999999999,0,7.34788079488412e-17,1.2,0,90
414,13.6,4,1175,33.4666666666662,0,7.9602041944578e-16,13,0,90
414,13.6,5,2034,8.48695652173884,0,5.51091059616309e-16,9,0,90
414,13.6,6,236.327111111111,0,0,16.3422222222222,0,0,0
414,13.6,7,302.879176411285,0,0,0.3,0,0,0
414,13.7,1,200.622445656165,-0.000355671795842392,0,14.9999999998252,7.24117356802132e-05,0,0.000276592456113947
414,13.7,2,469,-16.0380902777781,0,6.49700640422655e-16,10.6104166666667,0,90
414,13.7,3,465.330963854083,3.91999999999999,0,7.34788079488412e-17,1.2,0,90
414,13.7,4,1175,34.7666666666662,0,7.9602041944578e-16,13,0,90
414,13.7,5,2034,9.38695652173883,0,5.51091059616309e-16,9,0,90
414,13.7,6,237.962194444444,0,0,16.3594444444444,0,0,0
414,13.7,7,302.879176411285,0,0,0.3,0,0,0
414,13.8,1,202.122445655842,-0.000327242831406568,0,14.9999999912787,0.000511507058277676,0,0.00195381304240953
414,13.8,2,469,-14.9823611111115,0,6.43194704302185e-16,10.5041666666667,0,90
414,13.8,3,465.330963854083,3.91999999999999,0,7.34788079488412e-17,1.2,0,90
414,13.8,4,1175,36.0666666666662,0,7.9602041944578e-16,13,0,90
414,13.8,5,2034,10.2869565217388,0,5.51091059616309e-16,9,0,90
414,13.8,6,239.598999999999,0,0,16.3766666666667,0,0,0
414,13.8,7,302.879176411285,0,0,0.3,0,0,0
414,13.9,1,203.62244565379,-0.000250302483150286,0,14.9999999637634,0.00104263941195101,0,0.00398258919379334
414,13.9,2,469,-13.9372569444448,0,6.36688768181715e-16,10.3979166666667,0,90
414,13.9,3,465.330963854083,3.91999999999999,0,7.34788079488412e-17,1.2,0,90
414,13.9,4,1175,37.3666666666662,0,7.9602041944578e-16,13,0,90
414,13.9,5,2034,11.1869565217388,0,5.51091059616309e-16,9,0,90
414,13.9,6,241.237527777777,0,0,16.3938888888889,0,0,0
414,13.9,7,302.879176411285,0,0,0.3,0,0,0
414,14,1,205.122445647638,-0.000115647048019542,0,14.9999999075027,0.00166580879549781,0,0.00636292091026535
414,14,2,469,-12.9027777777781,0,6.30182832061244e-16,10.2916666666667,0,90
414,14,3,465.330963854083,3.91999999999999,0,7.34788079488412e-17,1.2,0,90
414,14,4,1175,38.6666666666662,0,7.9602041944578e-16,13,0,90
414,14,5,2034,12.0869565217388,0,5.51091059616309e-16,9,0,90
414,14,6,242.877777777777,0,0,16.4111111111111,0,0,0
414,14,7,302.879176411285,0,0,0.3,0,0,0
414,14.1,1,206.622445634015,8.55158324200759e-05,0,14.9999998160909,0.00234888758348308,0,0.00897208970895199
414,14.1,2,469,-11.8789236111115,0,6.23676895940774e-16,10.1854166666667,0,90
414,14.1,3,465.330963854083,3.91999999999999,0,7.34788079488412e-17,1.2,0,90
414,14.1,4,1175,39.9666666666662,0,7.9602041944578e-16,13,0,90
414,14.1,5,2034,12.9869565217388,0,5.51091059616309e-16,9,0,90
414,14.1,6,244.519749999999,0,0,16.4283333333333,0,0,0
414,14.1,7,302.879176411285,0,0,0.3,0,0,0
414,14.2,1,208.122445611629,0.000344376742462186,0,14.9999997440367,0.00277108280617229,0,0.0105847566918696
414,14.2,2,469,-10.8656944444448,0,6.17170959820304e-16,10.0791666666667,0,90
414,14.2,3,465.330963854083,3.91999999999999,0,7.34788079488412e-17,1.2,0,90
414,14.2,4,1175,41.2666666666662,0,7.9602041944578e-16,13,0,90
414,14.2,5,2034,13.8869565217388,0,5.51091059616309e-16,9,0,90
414,14.2,6,246.163444444444,0,0,16.4455555555556,0,0,0
414,14.2,7,302.879176411285,0,0,0.3,0,0,0
414,14.3,1,209.622445584759,0.000628282831478971,0,14.9999997292897,0.0028497911634728,0,0.0108854004761954
414,14.3,2,469,-9.86309027777813,0,6.10665023699834e-16,9.9729166666667,0,90
414,14.3,3,465.330963854083,3.91999999999999,0,7.34788079488412e-17,1.2,0,90
414,14.3,4,1175,42.5666666666662,0,7.9602041944578e-16,13,0,90
414,14.3,5,2034,14.7869565217388,0,5.51091059616309e-16,9,0,90
414,14.3,6,247.808861111111,0,0,16.4627777777778,0,0,0
414,14.3,7,302.879176411285,0,0,0.3,0,0,0
414,14.4,1,211.122445559603,0.000902885413013505,0,14.999999777257,0.00258501265633362,0,0.00987402106192943
414,14.4,2,469,-8.87111111111146,0,6.04159087579363e-16,9.8666666666667,0,90
414,14.4,3,465.330963854083,3.91999999999999,0,7.34788079488412e-17,1.2,0,90
414,14.4,4,1175,43.8666666666662,0,7.9602041944578e-16,13,0,90
414,14.4,5,2034,15.6869565217388,0,5.51091059616309e-16,9,0,90
414,14.4,6,249.455999999999,0,0,16.48,0,0,0
414,14.4,7,302.879176411285,0,0,0.3,0,0,0
414,14.5,1,212.622445541721,0.00113383580049999,0,14.999999869749,0.00197674728175029,0,0.00755061844907162
414,14.5,2,469,-7.8897569444448,0,5.97653151458893e-16,9.76041666666671,0,90
414,14.5,3,465.330963854083,3.91999999999999,0,7.34788079488412e-17,1.2,0,90
414,14.5,4,1175,45.1666666666662,0,7.9602041944578e-16,13,0,90
414,14.5,5,2034,16.5869565217388,0,5.51091059616309e-16,9,0,90
414,14.5,6,251.10486111111,0,0,16.4972222222222,0,0,0
414,14.5,7,302.879176411285,0,0,0.3,0,0,0
414,14.6,1,214.122445533671,0.00128678530695003,0,14.9999999649795,0.00102499503484749,0,0.00391519263762201
414,14.6,2,469,-6.91902777777813,0,5.91147215338423e-16,9.65416666666671,0,90
414,14.6,3,465.330963854083,3.91999999999999,0,7.34788079488412e-17,1.2,0,90
414,14.6,4,1175,46.4666666666662,0,7.9602041944578e-16,13,0,90
414,14.6,5,2034,17.4869565217388,0,5.51091059616309e-16,9,0,90
414,14.6,6,252.755444444444,0,0,16.5144444444444,0,0,0
414,14.6,7,302.879176411285,0,0,0.3,0,0,0
414,14.7,1,215.622445532655,0.00132738524498225,0,14.9999999975656,-0.000270244086336555,0,-0.00103225637241942
414,14.7,2,469,-5.95892361111146,0,5.84641279217952e-16,9.5479166666667,0,90
414,14.7,3,465.330963854083,3.91999999999999,0,7.34788079488412e-17,1.2,0,90
414,14.7,4,1175,47.7666666666662,0,7.9602041944578e-16,13,0,90
414,14.7,5,2034,18.3869565217388,0,5.51091059616309e-16,9,0,90
414,14.7,6,254.407749999999,0,0,16.5316666666667,0,0,0
414,14.7,7,302.879176411285,0,0,0.3,0,0,0
414,14.8,1,217.122445528156,0.00122128692746542,0,14.9999998785278,-0.0019089700733641,0,-0.00729172858105265
414,14.8,2,469,-5.0094444444448,0,5.78135343097482e-16,9.44166666666671,0,90
414,14.8,3,465.330963854083,3.91999999999999,0,7.34788079488412e-17,1.2,0,90
414,14.8,4,1175,49.0666666666662,0,7.9602041944578e-16,13,0,90
414,14.8,5,2034,19.2869565217388,0,5.51091059616309e-16,9,0,90
414,14.8,6,256.061777777777,0,0,16.5488888888889,0,0,0
414,14.8,7,302.879176411285,0,0,0.3,0,0,0
414,14.9,1,218.62244549958,0.00093414166904531,0,14.9999994952898,-0.00389118289721008,0,-0.0148632239882777
414,14.9,2,469,-4.07059027777813,0,5.71629406977012e-16,9.33541666666671,0,90
414,14.9,3,465.330963854083,3.91999999999999,0,7.34788079488412e-17,1.2,0,90
414,14.9,4,1175,50.3666666666662,0,7.9602041944578e-16,13,0,90
414,14.9,5,2034,20.1869565217388,0,5.51091059616309e-16,9,0,90
414,14.9,6,257.717527777777,0,0,16.5661111111111,0,0,0
414,14.9,7,302.879176411285,0,0,0.3,0,0,0
414,15,1,220.122445413894,0.000431600788825362,0,14.999998711679,-0.0062168824953726,0,-0.0237467425940945
414,15,2,469,-3.14236111111146,0,5.65123470856541e-16,9.22916666666671,0,90
414,15,3,465.330963854083,3.91999999999999,0,7.34788079488412e-17,1.2,0,90
414,15,4,1175,51.6666666666662,0,7.9602041944578e-16,13,0,90
414,15,5,2034,21.0869565217388,0,5.51091059616309e-16,9,0,90
414,15,6,259.374999999999,0,0,16.5833333333333,0,0,0
414,15,7,302.879176411285,0,0,0.3,0,0,0
414,15.1,1,221.622445224148,-0.000319149230387518,0,14.999997438477,-0.00876616702161651,0,-0.0334842934290437
414,15.1,2,469,-2.2247569444448,0,5.58617534736071e-16,9.12291666666671,0,90
414,15.1,3,465.330963854083,3.91999999999999,0,7.34788079488412e-17,1.2,0,90
414,15.1,4,1175,52.9666666666662,0,7.9602041944578e-16,13,0,90
414,15.1,5,2034,21.9869565217388,0,5.51091059616309e-16,9,0,90
414,15.1,6,261.034194444444,0,0,16.6005555555555,0,0,0
414,15.1,7,302.879176411285,0,0,0.3,0,0,0
414,15.2,1,223.122444912346,-0.0012852312332309,0,14.9999964348906,-0.0103418213909276,0,-0.0395028510081507
414,15.2,2,469,-1.31777777777813,0,5.52111598615601e-16,9.01666666666671,0,90
414,15.2,3,465.330963854083,3.91999999999999,0,7.34788079488412e-17,1.2,0,90
414,15.2,4,1175,54.2666666666662,0,7.9602041944578e-16,13,0,90
414,15.2,5,2034,22.8869565217388,0,5.51091059616309e-16,9,0,90
414,15.2,6,262.69511111111,0,0,16.6177777777778,0,0,0
414,15.2,7,302.879176411285,0,0,0.3,0,0,0
414,15.3,1,224.622444538098,-0.00234478318292119,0,14.9999962294907,-0.0106355659843488,0,-0.0406248729796607
414,15.3,2,469,-0.421423611111457,0,5.45605662495131e-16,8.91041666666671,0,90
414,15.3,3,465.330963854083,3.91999999999999,0,7.34788079488412e-17,1.2,0,90
414,15.3,4,1175,55.5666666666662,0,7.9602041944578e-16,13,0,90
414,15.3,5,2034,23.7869565217388,0,5.51091059616309e-16,9,0,90
414,15.3,6,264.357749999999,0,0,16.635,0,0,0
414,15.3,7,302.879176411285,0,0,0.3,0,0,0
414,15.4,1,226.122444187726,-0.00336961410612891,0,14.9999968975882,-0.00964740085121044,0,-0.0368503593435738
414,15.4,2,469,0.46430555555521,0,5.3909972637466e-16,8.80416666666671,0,90
414,15.4,3,465.330963854083,3.91999999999999,0,7.34788079488412e-17,1.2,0,90
414,15.4,4,1175,56.8666666666662,0,7.9602041944578e-16,13,0,90
414,15.4,5,2034,24.6869565217388,0,5.51091059616309e-16,9,0,90
414,15.4,6,266.02211111111,0,0,16.6522222222222,0,0,0
414,15.4,7,302.879176411285,0,0,0.3,0,0,0
414,15.5,1,227.622443938652,-0.00423153302386544,0,14.9999981858353,-0.00737732583533837,0,-0.0281793100998899
414,15.5,2,469,1.33940972222187,0,5.3259379025419e-16,8.69791666666671,0,90
414,15.5,3,465.330963854083,3.91999999999999,0,7.34788079488412e-17,1.2,0,90
414,15.5,4,1175,58.1666666666662,0,7.9602041944578e-16,13,0,90
414,15.5,5,2034,25.5869565217388,0,5.51091059616309e-16,9,0,90
414,15.5,6,267.688194444444,0,0,16.6694444444444,0,0,0
414,15.5,7,302.879176411285,0,0,0.3,0,0,0
414,15.6,1,229.12244382653,-0.00480234893517504,0,14.9999995122256,-0.00382534068331076,0,-0.0146117252486092
414,15.6,2,469,2.20388888888855,0,5.2608785413372e-16,8.59166666666671,0,90
414,15.6,3,465.330963854083,3.91999999999999,0,7.34788079488412e-17,1.2,0,90
414,15.6,4,1175,59.4666666666662,0,7.9602041944578e-16,13,0,90
414,15.6,5,2034,26.4869565217388,0,5.51091059616309e-16,9,0,90
414,15.6,6,269.355999999999,0,0,16.6866666666667,0,0,0
414,15.6,7,302.879176411285,0,0,0.3,0,0,0
414,15.7,1,230.622443812379,-0.00495387081867447,0,14.9999999660939,0.00100855470684872,0,0.00385239521026837
414,15.7,2,469,3.05774305555521,0,5.19581918013249e-16,8.48541666666671,0,90
414,15.7,3,465.330963854083,3.91999999999999,0,7.34788079488412e-17,1.2,0,90
414,15.7,4,1175,60.7666666666662,0,7.9602041944578e-16,13,0,90
414,15.7,5,2034,27.3869565217388,0,5.51091059616309e-16,9,0,90
414,15.7,6,271.025527777777,0,0,16.7038888888889,0,0,0
414,15.7,7,302.879176411285,0,0,0.3,0,0,0
414,15.8,1,232.122443749719,-0.00455790766598374,0,14.9999983081164,0.00712435989654064,0,0.0272130512767429
414,15.8,2,469,3.90097222222188,0,5.13075981892779e-16,8.37916666666671,0,90
414,15.8,3,465.330963854083,3.91999999999999,0,7.34788079488412e-17,1.2,0,90
414,15.8,4,1175,62.0666666666662,0,7.9602041944578e-16,13,0,90
414,15.8,5,2034,28.2869565217388,0,5.51091059616309e-16,9,0,90
414,15.8,6,272.696777777777,0,0,16.7211111111111,0,0,0
414,15.8,7,302.879176411285,0,0,0.3,0,0,0
414,15.9,1,233.622443351706,-0.00348626856109175,0,14.9999929703112,0.0145220733770227,0,0.0554702429508143
414,15.9,2,469,4.73357638888855,0,5.06570045772309e-16,8.27291666666671,0,90
414,15.9,3,465.330963854083,3.91999999999999,0,7.34788079488412e-17,1.2,0,90
414,15.9,4,1175,63.3666666666661,0,7.9602041944578e-16,13,0,90
414,15.9,5,2034,29.1869565217388,0,5.51091059616309e-16,9,0,90
414,15.9,6,274.369749999999,0,0,16.7383333333333,0,0,0
414,15.9,7,302.879176411285,0,0,0.3,0,0,0
414,16,1,235.122442158264,-0.00161076281970043,0,14.999982056039,0.0232016918994062,0,0.0886239702324826
414,16,2,469,5.55555555555522,0,5.00064109651839e-16,8.16666666666671,0,90
414,16,3,465.330963854083,3.91999999999999,0,7.34788079488412e-17,1.2,0,90
414,16,4,1175,64.6666666666661,0,7.9602041944578e-16,13,0,90
414,16,5,2034,30.0869565217388,0,5.51091059616309e-16,9,0,90
414,16,6,276.044444444444,0,0,16.7555555555555,0,0,0
414,16,7,302.879176411285,0,0,0.3,0,0,0
414,16.1,1,236.62243951545,0.0011910706900744,0,14.999964322636,0.0327157400582991,0,0.12496502100858
414,16.1,2,469,6.36690972222189,0,4.93558173531368e-16,8.06041666666671,0,90
414,16.1,3,465.330963854083,3.91999999999999,0,7.34788079488412e-17,1.2,0,90
414,16.1,4,1175,65.9666666666661,0,7.9602041944578e-16,13,0,90
414,16.1,5,2034,30.9869565217388,0,5.51091059616309e-16,9,0,90
414,16.1,6,277.72086111111,0,0,16.7727777777778,0,0,0
414,16.1,7,302.879176411285,0,0,0.3,0,0,0
414,16.2,1,238.12243517261,0.00479653439902414,0,14.9999503444134,0.0385961803004071,0,0.147426711781764
414,16.2,2,469,7.16763888888857,0,4.87052237410898e-16,7.95416666666671,0,90
414,16.2,3,465.330963854083,3.91999999999999,0,7.34788079488412e-17,1.2,0,90
414,16.2,4,1175,67.2666666666662,0,7.9602041944578e-16,13,0,90
414,16.2,5,2034,31.8869565217388,0,5.51091059616309e-16,9,0,90
414,16.2,6,279.398999999999,0,0,16.79,0,0,0
414,16.2,7,302.879176411285,0,0,0.3,0,0,0
414,16.3,1,239.622429959993,0.00875083615310747,0,14.9999474834168,0.039692502301781,0,0.151614367619699
414,16.3,2,469,7.95774305555525,0,4.80546301290428e-16,7.84791666666671,0,90
414,16.3,3,465.330963854083,3.91999999999999,0,7.34788079488412e-17,1.2,0,90
414,16.3,4,1175,68.5666666666662,0,7.9602041944578e-16,13,0,90
414,16.3,5,2034,32.7869565217388,0,5.51091059616309e-16,9,0,90
414,16.3,6,281.07886111111,0,0,16.8072222222222,0,0,0
414,16.3,7,302.879176411285,0,0,0.3,0,0,0
414,16.4,1,241.12242507992,0.0125755643496686,0,14.9999567886363,0.0360047086267572,0,0.137527988522387
414,16.4,2,469,8.73722222222193,0,4.74040365169957e-16,7.74166666666671,0,90
414,16.4,3,465.330963854083,3.91999999999999,0,7.34788079488412e-17,1.2,0,90
414,16.4,4,1175,69.8666666666662,0,7.9602041944578e-16,13,0,90
414,16.4,5,2034,33.6869565217388,0,5.51091059616309e-16,9,0,90
414,16.4,6,282.760444444444,0,0,16.8244444444444,0,0,0
414,16.4,7,302.879176411285,0,0,0.3,0,0,0
414,16.5,1,242.622421610728,0.0157923070918993,0,14.9999747314924,0.0275327911574692,0,0.105167574489828
414,16.5,2,469,9.50607638888862,0,4.67534429049487e-16,7.63541666666671,0,90
414,16.5,3,465.330963854083,3.91999999999999,0,7.34788079488412e-17,1.2,0,90
414,16.5,4,1175,71.1666666666662,0,7.9602041944578e-16,13,0,90
414,16.5,5,2034,34.5869565217388,0,5.51091059616309e-16,9,0,90
414,16.5,6,284.443749999999,0,0,16.8416666666667,0,0,0
414,16.5,7,302.879176411285,0,0,0.3,0,0,0
414,16.6,1,244.12242004902,0.0179226513411393,0,14.9999932058247,0.014276736720913,0,0.0545331255220199
414,16.6,2,469,10.2643055555553,0,4.61028492929016e-16,7.5291666666667,0,90
414,16.6,3,465.330963854083,3.91999999999999,0,7.34788079488412e-17,1.2,0,90
414,16.6,4,1175,72.4666666666662,0,7.9602041944578e-16,13,0,90
414,16.6,5,2034,35.4869565217388,0,5.51091059616309e-16,9,0,90
414,16.6,6,286.128777777777,0,0,16.8588888888889,0,0,0
414,16.6,7,302.879176411285,0,0,0.3,0,0,0
414,16.7,1,245.622419851903,0.0184881829968793,0,14.999999527879,-0.00376345998406384,0,-0.0143753583810355
414,16.7,2,469,11.011909722222,0,4.54522556808546e-16,7.4229166666667,0,90
414,16.7,3,465.330963854083,3.91999999999999,0,7.34788079488412e-17,1.2,0,90
414,16.7,4,1175,73.7666666666663,0,7.9602041944578e-16,13,0,90
414,16.7,5,2034,36.3869565217388,0,5.51091059616309e-16,9,0,90
414,16.7,6,287.815527777777,0,0,16.8761111111111,0,0,0
414,16.7,7,302.879176411285,0,0,0.3,0,0,0
414,16.8,1,247.122418979229,0.0170104886344592,0,14.9999764363201,-0.0265877761598432,0,-0.101557877219339
414,16.8,2,469,11.7488888888887,0,4.48016620688075e-16,7.3166666666667,0,90
414,16.8,3,465.330963854083,3.91999999999999,0,7.34788079488412e-17,1.2,0,90
414,16.8,4,1175,75.0666666666663,0,7.9602041944578e-16,13,0,90
414,16.8,5,2034,37.2869565217388,0,5.51091059616309e-16,9,0,90
414,16.8,6,289.503999999999,0,0,16.8933333333333,0,0,0
414,16.8,7,302.879176411285,0,0,0.3,0,0,0
414,16.9,1,248.622413435839,0.0130111596304525,0,14.999902092318,-0.054196133383269,0,-0.20701443099289
414,16.9,2,469,12.4752430555553,0,4.41510684567605e-16,7.2104166666667,0,90
414,16.9,3,465.330963854083,3.91999999999999,0,7.34788079488412e-17,1.2,0,90
414,16.9,4,1175,76.3666666666663,0,7.9602041944578e-16,13,0,90
414,16.9,5,2034,38.1869565217389,0,5.51091059616309e-16,9,0,90
414,16.9,6,291.194194444444,0,0,16.9105555555556,0,0,0
414,16.9,7,302.879176411285,0,0,0.3,0,0,0
414,17,1,250.122396813826,0.00601179940570795,0,14.9997500797657,-0.0865883627793389,0,-0.330745019701689
414,17,2,469,13.190972222222,0,4.35004748447135e-16,7.1041666666667,0,90
414,17,3,465.330963854083,3.91999999999999,0,7.34788079488412e-17,1.2,0,90
414,17,4,1175,77.6666666666663,0,7.9602041944578e-16,13,0,90
414,17,5,2034,39.0869565217389,0,5.51091059616309e-16,9,0,90
414,17,6,292.886111111111,0,0,16.9277777777778,0,0,0
414,17,7,302.879176411285,0,0,0.3,0,0,0
414,17.1,1,251.622360005099,-0.00444459298147483,0,14.9995030879847,-0.12209469085993,0,-0.466372515740086
414,17.1,2,469,13.8960763888887,0,4.28498812326664e-16,6.9979166666667,0,90
414,17.1,3,465.330963854083,3.91999999999999,0,7.34788079488412e-17,1.2,0,90
414,17.1,4,1175,78.9666666666663,0,7.9602041944578e-16,13,0,90
414,17.1,5,2034,39.9869565217389,0,5.51091059616309e-16,9,0,90
414,17.1,6,294.57975,0,0,16.945,0,0,0
414,17.1,7,302.879176411285,0,0,0.3,0,0,0
414,17.2,1,253.122299517569,-0.0179001894723803,0,14.9993083833664,-0.144041732402233,0,-0.550207345664981
414,17.2,2,469,14.5905555555554,0,4.21992876206194e-16,6.89166666666669,0,90
414,17.2,3,465.330963854083,3.91999999999999,0,7.34788079488412e-17,1.2,0,90
414,17.2,4,1175,80.2666666666663,0,7.9602041944578e-16,13,0,90
414,17.2,5,2034,40.8869565217389,0,5.51091059616309e-16,9,0,90
414,17.2,6,296.275111111111,0,0,16.9622222222222,0,0,0
414,17.2,7,302.879176411285,0,0,0.3,0,0,0
414,17.3,1,254.622226913529,-0.0326578468323591,0,14.9992685065652,-0.148135977944767,0,-0.565846953455817
414,17.3,2,469,15.2744097222221,0,4.15486940085723e-16,6.78541666666669,0,90
414,17.3,3,465.330963854083,3.91999999999999,0,7.34788079488412e-17,1.2,0,90
414,17.3,4,1175,81.5666666666664,0,7.9602041944578e-16,13,0,90
414,17.3,5,2034,41.7869565217389,0,5.51091059616309e-16,9,0,90
414,17.3,6,297.972194444444,0,0,16.9794444444444,0,0,0
414,17.3,7,302.879176411285,0,0,0.3,0,0,0
414,17.4,1,256.122158937952,-0.0469322969745261,0,14.9993980769608,-0.134377560870101,0,-0.513291339112593
414,17.4,2,469,15.9476388888887,0,4.08981003965253e-16,6.67916666666669,0,90
414,17.4,3,465.330963854083,3.91999999999999,0,7.34788079488412e-17,1.2,0,90
414,17.4,4,1175,82.8666666666664,0,7.9602041944578e-16,13,0,90
414,17.4,5,2034,42.6869565217389,0,5.51091059616309e-16,9,0,90
414,17.4,6,299.671,0,0,16.9966666666667,0,0,0
414,17.4,7,302.879176411285,0,0,0.3,0,0,0
414,17.5,1,257.622110610412,-0.0589382565332688,0,14.9996479671041,-0.10276605933467,0,-0.392540502635309
414,17.5,2,469,16.6102430555554,0,4.02475067844783e-16,6.57291666666669,0,90
414,17.5,3,465.330963854083,3.91999999999999,0,7.34788079488412e-17,1.2,0,90
414,17.5,4,1175,84.1666666666664,0,7.9602041944578e-16,13,0,90
414,17.5,5,2034,43.5869565217389,0,5.51091059616309e-16,9,0,90
414,17.5,6,301.371110009105,0,0,17.0035282258065,0,0,0
414,17.5,7,302.879176411285,0,0,0.3,0,0,0
414,17.6,1,259.122088850319,-0.0668903827985647,0,14.9999053005654,-0.0533007886366204,0,-0.203594444023966
414,17.6,2,469,17.2622222222221,0,3.95969131724312e-16,6.46666666666669,0,90
414,17.6,3,465.330963854083,3.91999999999999,0,7.34788079488412e-17,1.2,0,90
414,17.6,4,1175,85.4666666666664,0,7.9602041944578e-16,13,0,90
414,17.6,5,2034,44.4869565217389,0,5.51091059616309e-16,9,0,90
414,17.6,6,303.071681581685,0,0,17.0079032258065,0,0,0
414,17.6,7,302.879176411285,0,0,0.3,0,0,0
414,17.7,1,260.62208610187,-0.069003277856169,0,14.9999934493619,0.0140185270315795,0,0.0535468367214368
414,17.7,2,469,17.9035763888888,0,3.89463195603842e-16,6.36041666666669,0,90
414,17.7,3,465.330963854083,3.91999999999999,0,7.34788079488412e-17,1.2,0,90
414,17.7,4,1175,86.7666666666664,0,7.9602041944578e-16,13,0,90
414,17.7,5,2034,45.386956521739,0,5.51091059616309e-16,9,0,90
414,17.7,6,304.772690654266,0,0,17.0122782258065,0,0,0
414,17.7,7,302.879176411285,0,0,0.3,0,0,0
414,17.8,1,262.122073958955,-0.0634915788727436,0,14.9996720365597,0.0991907034390604,0,0.378883339600899
414,17.8,2,469,18.5343055555554,0,3.82957259483371e-16,6.25416666666669,0,90
414,17.8,3,465.330963854083,3.91999999999999,0,7.34788079488412e-17,1.2,0,90
414,17.8,4,1175,88.0666666666664,0,7.9602041944578e-16,13,0,90
414,17.8,5,2034,46.286956521739,0,5.51091059616309e-16,9,0,90
414,17.8,6,306.474137226847,0,0,17.0166532258065,0,0,0
414,17.8,7,302.879176411285,0,0,0.3,0,0,0
414,17.9,1,263.621996790923,-0.0485701724629478,0,14.99863695281,0.202211665841526,0,0.772415064614421
414,17.9,2,469,19.1544097222221,0,3.76451323362901e-16,6.14791666666668,0,90
414,17.9,3,465.330963854083,3.91999999999999,0,7.34788079488412e-17,1.2,0,90
414,17.9,4,1175,89.3666666666665,0,7.9602041944578e-16,13,0,90
414,17.9,5,2034,47.186956521739,0,5.51091059616309e-16,9,0,90
414,17.9,6,308.176021299427,0,0,17.0210282258065,0,0,0
414,17.9,7,302.879176411285,0,0,0.3,0,0,0
414,18,1,265.121765371188,-0.0224545710623293,0,14.9965203987349,0.323072639396823,0,1.234142011762
414,18,2,469,19.7638888888888,0,3.69945387242431e-16,6.04166666666668,0,90
414,18,3,465.330963854083,3.91999999999999,0,7.34788079488412e-17,1.2,0,90
414,18,4,1175,90.6666666666665,0,7.9602041944578e-16,13,0,90
414,18,5,2034,48.086956521739,0,5.51091059616309e-16,9,0,90
414,18,6,309.878342872008,0,0,17.0254032258064,0,0,0
414,18,7,302.879176411285,0,0,0.3,0,0,0
414,18.1,1,266.618934946135,0.0165583482434197,0,14.8721355288372,0.457121869937036,0,1.76053468938414
414,18.1,2,469,20.3647058823529,0,3.67394039744206e-16,6,0,90
414,18.1,3,465.330963854083,3.91999999999999,0,7.34788079488412e-17,1.2,0,90
414,18.1,4,1175,91.9666666666665,0,7.9602041944578e-16,13,0,90
414,18.1,5,2034,48.986956521739,0,5.51091059616309e-16,9,0,90
414,18.1,6,311.581101944589,0,0,17.0297782258064,0,0,0
414,18.1,7,302.879176411285,0,0,0.3,0,0,0
414,18.2,1,268.090159822613,0.0688479530787352,0,14.5521396167794,0.588445175512286,0,2.31560906538779
414,18.2,2,469,20.9647058823529,0,3.67394039744206e-16,6,0,90
414,18.2,3,465.330963854083,3.91999999999999,0,7.34788079488412e-17,1.2,0,90
414,18.2,4,1175,93.2666666666665,0,7.9602041944578e-16,13,0,90
414,18.2,5,2034,49.886956521739,0,5.51091059616309e-16,9,0,90
414,18.2,6,313.284298517169,0,0,17.0341532258065,0,0,0
414,18.2,7,302.879176411285,0,0,0.3,0,0,0
414,18.3,1,269.529318159216,0.134188844429899,0,14.2308032227141,0.718014081992249,0,2.88840480656317
414,18.3,2,469,21.5647058823529,0,3.67394039744206e-16,6,0,90
414,18.3,3,465.330963854083,3.91999999999999,0,7.34788079488412e-17,1.2,0,90
414,18.3,4,1175,94.5666666666665,0,7.9602041944578e-16,13,0,90
414,18.3,5,2034,50.786956521739,0,5.51091059616309e-16,9,0,90
414,18.3,6,314.98793258975,0,0,17.0385282258065,0,0,0
414,18.3,7,302.879176411285,0,0,0.3,0,0,0
414,18.4,1,270.936275864796,0.212366408005187,0,13.9081295584868,0.845053892127378,0,3.47700031293648
414,18.4,2,469,22.1647058823529,0,3.67394039744206e-16,6,0,90
414,18.4,3,465.330963854083,3.91999999999999,0,7.34788079488412e-17,1.2,0,90
414,18.4,4,1175,95.8666666666666,0,7.9602041944578e-16,13,0,90
414,18.4,5,2034,51.686956521739,0,5.51091059616309e-16,9,0,90
414,18.4,6,316.692004162331,0,0,17.0429032258065,0,0,0
414,18.4,7,302.879176411285,0,0,0.3,0,0,0
414,18.5,1,272.310900376209,0.30309118664478,0,13.5841458177142,0.968842343219199,0,4.0795160175799
414,18.5,2,469,22.7647058823529,0,3.67394039744206e-16,6,0,90
414,18.5,3,465.330963854083,3.91999999999999,0,7.34788079488412e-17,1.2,0,90
414,18.5,4,1175,97.1666666666666,0,7.9602041944578e-16,13,0,90
414,18.5,5,2034,52.5869565217391,0,5.51091059616309e-16,9,0,90
414,18.5,6,318.396513234911,0,0,17.0472782258065,0,0,0
414,18.5,7,302.879176411285,0,0,0.3,0,0,0
414,18.6,1,273.653063005107,0.406004092928719,0,13.2589020994605,1.08870898890468,0,4.69411438661161
414,18.6,2,469,23.3647058823529,0,3.67394039744206e-16,6,0,90
414,18.6,3,465.330963854083,3.91999999999999,0,7.34788079488412e-17,1.2,0,90
414,18.6,4,1175,98.4666666666666,0,7.9602041944578e-16,13,0,90
414,18.6,5,2034,53.4869565217391,0,5.51091059616309e-16,9,0,90
414,18.6,6,320.101459807492,0,0,17.0516532258065,0,0,0
414,18.6,7,302.879176411285,0,0,0.3,0,0,0
414,18.7,1,274.962641163168,0.520681559309496,0,12.9324700598938,1.2040345651975,0,5.31899991919578
414,18.7,2,469,23.9647058823529,0,3.67394039744206e-16,6,0,90
414,18.7,3,465.330963854083,3.91999999999999,0,7.34788079488412e-17,1.2,0,90
414,18.7,4,1175,99.7666666666666,0,7.9602041944578e-16,13,0,90
414,18.7,5,2034,54.3869565217391,0,5.51091059616309e-16,9,0,90
414,18.7,6,321.806843880073,0,0,17.0560282258065,0,0,0
414,18.7,7,302.879176411285,0,0,0.3,0,0,0
414,18.8,1,276.239520440559,0.646640623422719,0,12.6049413318924,1.3142503256276,0,5.95241914754259
414,18.8,2,469,24.5647058823529,0,3.67394039744206e-16,6,0,90
414,18.8,3,465.330963854083,3.91999999999999,0,7.34788079488412e-17,1.2,0,90
414,18.8,4,1175,99.7666666666666,0,7.9602041944578e-16,13,0,90
414,18.8,5,2034,55.2869565217391,0,5.51091059616309e-16,9,0,90
414,18.8,6,323.512665452653,0,0,17.0604032258064,0,0,0
414,18.8,7,302.879176411285,0,0,0.3,0,0,0
414,18.9,1,277.483596516348,0.783343944802769,0,12.2764257507789,1.4188373321393,0,6.5926606369082
414,18.9,2,469,25.1647058823529,0,3.67394039744206e-16,6,0,90
414,18.9,3,465.330963854083,3.91999999999999,0,7.34788079488412e-17,1.2,0,90
414,18.9,4,1175,99.7666666666666,0,7.9602041944578e-16,13,0,90
414,18.9,5,2034,56.1869565217391,0,5.51091059616309e-16,9,0,90
414,18.9,6,325.218924525234,0,0,17.0647782258065,0,0,0
414,18.9,7,302.879176411285,0,0,0.3,0,0,0
414,19,1,278.694776883337,0.930204747994364,0,11.9470494225697,1.51732569038927,0,7.23805498559478
414,19,2,469,25.7647058823529,0,3.67394039744206e-16,6,0,90
414,19,3,465.330963854083,3.91999999999999,0,7.34788079488412e-17,1.2,0,90
414,19,4,1175,99.7666666666666,0,7.9602041944578e-16,13,0,90
414,19,5,2034,57.0869565217391,0,5.51091059616309e-16,9,0,90
414,19,6,326.925621097815,0,0,17.0691532258065,0,0,0
414,19,7,302.879176411285,0,0,0.3,0,0,0
414,19.1,1,279.87303731599,1.08659236810729,0,11.6217951122816,1.60906495752879,0,7.88262330592571
414,19.1,2,469,26.364705882353,0,3.67394039744206e-16,6,0,90
414,19.1,3,465.330963854083,3.91999999999999,0,7.34788079488412e-17,1.2,0,90
414,19.1,4,1175,99.7666666666666,0,7.9602041944578e-16,13,0,90
414,19.1,5,2034,57.9869565217391,0,5.51091059616309e-16,9,0,90
414,19.1,6,328.632755170395,0,0,17.0735282258065,0,0,0
414,19.1,7,302.879176411285,0,0,0.3,0,0,0
414,19.2,1,281.019851081473,1.25105423692474,0,11.3151941081743,1.67401275551993,0,8.41551155864366
414,19.2,2,469,26.964705882353,0,3.67394039744206e-16,6,0,90
414,19.2,3,465.330963854083,3.91999999999999,0,7.34788079488412e-17,1.2,0,90
414,19.2,4,1175,99.7666666666666,0,7.9602041944578e-16,13,0,90
414,19.2,5,2034,58.8869565217392,0,5.51091059616309e-16,9,0,90
414,19.2,6,330.340326742976,0,0,17.0779032258065,0,0,0
414,19.2,7,302.879176411285,0,0,0.3,0,0,0
414,19.3,1,282.136222037039,1.42023981904144,0,11.0129587491591,1.70429695716977,0,8.79695588939149
414,19.3,2,469,27.564705882353,0,3.67394039744206e-16,6,0,90
414,19.3,3,465.330963854083,3.91999999999999,0,7.34788079488412e-17,1.2,0,90
414,19.3,4,1175,99.7666666666666,0,7.9602041944578e-16,13,0,90
414,19.3,5,2034,59.7869565217392,0,5.51091059616309e-16,9,0,90
414,19.3,6,332.048335815557,0,0,17.0822782258065,0,0,0
414,19.3,7,302.879176411285,0,0,0.3,0,0,0
414,19.4,1,283.222587498429,1.5909048317523,0,10.7150550865428,1.70430704819537,0,9.03760110646922
414,19.4,2,469,28.164705882353,0,3.67394039744206e-16,6,0,90
414,19.4,3,465.330963854083,3.91999999999999,0,7.34788079488412e-17,1.2,0,90
414,19.4,4,1175,99.7666666666666,0,7.9602041944578e-16,13,0,90
414,19.4,5,2034,60.6869565217392,0,5.51091059616309e-16,9,0,90
414,19.4,6,333.756782388137,0,0,17.0866532258065,0,0,0
414,19.4,7,302.879176411285,0,0,0.3,0,0,0
414,19.5,1,284.279368130603,1.76022853168435,0,10.4211979328486,1.67812649568736,0,9.14781456423141
414,19.5,2,469,28.764705882353,0,3.67394039744206e-16,6,0,90
414,19.5,3,465.330963854083,3.91999999999999,0,7.34788079488412e-17,1.2,0,90
414,19.5,4,1175,99.7666666666666,0,7.9602041944578e-16,13,0,90
414,19.5,5,2034,61.5869565217392,0,5.51091059616309e-16,9,0,90
414,19.5,6,335.465666460718,0,0,17.0910282258065,0,0,0
414,19.5,7,302.879176411285,0,0,0.3,0,0,0
414,19.6,1,285.306946754844,1.92578380331151,0,10.1309272048289,1.62954690212938,0,9.13768616308724
414,19.6,2,469,29.364705882353,0,3.67394039744206e-16,6,0,90
414,19.6,3,465.330963854083,3.91999999999999,0,7.34788079488412e-17,1.2,0,90
414,19.6,4,1175,99.7666666666666,0,7.9602041944578e-16,13,0,90
414,19.6,5,2034,62.4869565217392,0,5.51091059616309e-16,9,0,90
414,19.6,6,337.174988033299,0,0,17.0954032258065,0,0,0
414,19.6,7,302.879176411285,0,0,0.3,0,0,0
414,19.7,1,286.305654132698,2.08550874020145,0,9.8436713693301,1.56208345767563,0,9.01702834950041
414,19.7,2,469,29.964705882353,0,3.67394039744206e-16,6,0,90
414,19.7,3,465.330963854083,3.91999999999999,0,7.34788079488412e-17,1.2,0,90
414,19.7,4,1175,99.7666666666666,0,7.9602041944578e-16,13,0,90
414,19.7,5,2034,63.3869565217392,0,5.51091059616309e-16,9,0,90
414,19.7,6,338.88474710588,0,0,17.0997782258065,0,0,0
414,19.7,7,302.879176411285,0,0,0.3,0,0,0
414,19.8,1,287.275760511022,2.23767978263069,0,9.55879945451984,1.47899044635153,0,8.79537611598925
414,19.8,2,469,30.564705882353,0,3.67394039744206e-16,6,0,90
414,19.8,3,465.330963854083,3.91999999999999,0,7.34788079488412e-17,1.2,0,90
414,19.8,4,1175,99.7666666666666,0,7.9602041944578e-16,13,0,90
414,19.8,5,2034,64.2869565217392,0,5.51091059616309e-16,9,0,90
414,19.8,6,340.59494367846,0,0,17.1041532258065,0,0,0
414,19.8,7,302.879176411285,0,0,0.3,0,0,0
414,19.9,1,288.217471853208,2.38088637285316,0,9.27566297732857,1.3832759865058,0,8.48198700112662
414,19.9,2,469,31.164705882353,0,3.67394039744206e-16,6,0,90
414,19.9,3,465.330963854083,3.91999999999999,0,7.34788079488412e-17,1.2,0,90
414,19.9,4,1175,99.7666666666666,0,7.9602041944578e-16,13,0,90
414,19.9,5,2034,65.1869565217392,0,5.51091059616309e-16,9,0,90
414,19.9,6,342.305577751041,0,0,17.1085282258065,0,0,0
414,19.9,7,302.879176411285,0,0,0.3,0,0,0
414,20,1,289.130929810777,2.51400702459805,0,8.9936290189049,1.27771551666371,0,8.08584108953995
414,20,2,469,31.764705882353,0,3.67394039744206e-16,6,0,90
414,20,3,465.330963854083,3.91999999999999,0,7.34788079488412e-17,1.2,0,90
414,20,4,1175,99.7666666666666,0,7.9602041944578e-16,13,0,90
414,20,5,2034,66.0869565217393,0,5.51091059616309e-16,9,0,90
414,20,6,344.016649323621,0,0,17.1129032258065,0,0,0
414,20,7,302.879176411285,0,0,0.3,0,0,0
414,20.1,1,290.028645816999,2.63793255657677,0,9.05992709765567,1.21378522180538,0,7.63064793795497
414,20.1,2,469,32.364705882353,0,3.67394039744206e-16,6,0,90
414,20.1,3,465.330963854083,3.91999999999999,0,7.34788079488412e-17,1.2,0,90
414,20.1,4,1175,99.7666666666666,0,7.9602041944578e-16,13,0,90
414,20.1,5,2034,66.9869565217393,0,5.51091059616309e-16,9,0,90
414,20.1,6,345.728158396202,0,0,17.1172782258065,0,0,0
414,20.1,7,302.879176411285,0,0,0.3,0,0,0
414,20.2,1,290.944896683393,2.75687484377831,0,9.26509497843733,1.16422390869613,0,7.16207674836279
414,20.2,2,469,32.964705882353,0,3.67394039744206e-16,6,0,90
414,20.2,3,465.330963854083,3.91999999999999,0,7.34788079488412e-17,1.2,0,90
414,20.2,4,1175,99.7666666666666,0,7.9602041944578e-16,13,0,90
414,20.2,5,2034,67.8869565217393,0,5.51091059616309e-16,9,0,90
414,20.2,6,347.440104968783,0,0,17.1216532258065,0,0,0
414,20.2,7,302.879176411285,0,0,0.3,0,0,0
414,20.3,1,291.881664621662,2.87060790516838,0,9.4702569615443,1.10957958587072,0,6.6825740853522
414,20.3,2,469,33.5647058823531,0,3.67394039744206e-16,6,0,90
414,20.3,3,465.330963854083,3.91999999999999,0,7.34788079488412e-17,1.2,0,90
414,20.3,4,1175,99.7666666666666,0,7.9602041944578e-16,13,0,90
414,20.3,5,2034,68.7869565217393,0,5.51091059616309e-16,9,0,90
414,20.3,6,349.152489041363,0,0,17.1260282258065,0,0,0
414,20.3,7,302.879176411285,0,0,0.3,0,0,0
414,20.4,1,292.838945485673,2.97861709665352,0,9.67534107132471,1.04972532173455,0,6.19208064864622
414,20.4,2,469,34.1647058823531,0,3.67394039744206e-16,6,0,90
414,20.4,3,465.330963854083,3.91999999999999,0,7.34788079488412e-17,1.2,0,90
414,20.4,4,1175,99.7666666666666,0,7.9602041944578e-16,13,0,90
414,20.4,5,2034,69.6869565217393,0,5.51091059616309e-16,9,0,90
414,20.4,6,350.865310613944,0,0,17.1304032258065,0,0,0
414,20.4,7,302.879176411285,0,0,0.3,0,0,0
414,20.5,1,293.816727674438,3.08037506174652,0,9.88027015839315,0.98453381541343,0,5.69053589947517
414,20.5,2,469,34.7647058823531,0,3.67394039744206e-16,6,0,90
414,20.5,3,465.330963854083,3.91999999999999,0,7.34788079488412e-17,1.2,0,90
414,20.5,4,1175,99.7666666666666,0,7.9602041944578e-16,13,0,90
414,20.5,5,2034,70.5869565217393,0,5.51091059616309e-16,9,0,90
414,20.5,6,352.578569686525,0,0,17.1347782258065,0,0,0
414,20.5,7,302.879176411285,0,0,0.3,0,0,0
414,20.6,1,294.814991606334,3.17534169939956,0,10.084961731166,0.913877493375096,0,5.1778780605767
414,20.6,2,469,35.3647058823531,0,3.67394039744206e-16,6,0,90
414,20.6,3,465.330963854083,3.91999999999999,0,7.34788079488412e-17,1.2,0,90
414,20.6,4,1175,99.7666666666666,0,7.9602041944578e-16,13,0,90
414,20.6,5,2034,71.4869565217393,0,5.51091059616309e-16,9,0,90
414,20.6,6,354.292266259106,0,0,17.1391532258065,0,0,0
414,20.6,7,302.879176411285,0,0,0.3,0,0,0
414,20.7,1,295.833709176359,3.26296414192467,0,10.2893277850347,0.837628614615982,0,4.65404411619577
414,20.7,2,469,35.9647058823531,0,3.67394039744206e-16,6,0,90
414,20.7,3,465.330963854083,3.91999999999999,0,7.34788079488412e-17,1.2,0,90
414,20.7,4,1175,99.7666666666666,0,7.9602041944578e-16,13,0,90
414,20.7,5,2034,72.3869565217393,0,5.51091059616309e-16,9,0,90
414,20.7,6,356.006400331686,0,0,17.1435282258065,0,0,0
414,20.7,7,302.879176411285,0,0,0.3,0,0,0
414,20.8,1,296.8728431962,3.34267674387747,0,10.4932746293274,0.75565938480047,0,4.11896981208468
414,20.8,2,469,36.5647058823531,0,3.67394039744206e-16,6,0,90
414,20.8,3,465.330963854083,3.91999999999999,0,7.34788079488412e-17,1.2,0,90
414,20.8,4,1175,99.7666666666666,0,7.9602041944578e-16,13,0,90
414,20.8,5,2034,73.2869565217394,0,5.51091059616309e-16,9,0,90
414,20.8,6,357.720971904267,0,0,17.1479032258065,0,0,0
414,20.8,7,302.879176411285,0,0,0.3,0,0,0
414,20.9,1,297.932346816887,3.41390108281898,0,10.6967027122252,0.667842079751203,0,3.57258965550304
414,20.9,2,469,37.1647058823531,0,3.67394039744206e-16,6,0,90
414,20.9,3,465.330963854083,3.91999999999999,0,7.34788079488412e-17,1.2,0,90
414,20.9,4,1175,99.7666666666666,0,7.9602041944578e-16,13,0,90
414,20.9,5,2034,74.1869565217394,0,5.51091059616309e-16,9,0,90
414,20.9,6,359.435980976848,0,0,17.1522782258065,0,0,0
414,20.9,7,302.879176411285,0,0,0.3,0,0,0
414,21,1,299.012162933843,3.47604597291037,0,10.8995064438265,0.574049178699806,0,3.01483691521779
414,21,2,469,37.7647058823531,0,3.67394039744206e-16,6,0,90
414,21,3,465.330963854083,3.91999999999999,0,7.34788079488412e-17,1.2,0,90
414,21,4,1175,99.7666666666666,0,7.9602041944578e-16,13,0,90
414,21,5,2034,75.0869565217394,0,5.51091059616309e-16,9,0,90
414,21,6,361.151427549428,0,0,17.1566532258065,0,0,0
414,21,7,302.879176411285,0,0,0.3,0,0,0
414,21.1,1,300.112242285913,3.52851954847939,0,11.1022263791664,0.474778344380222,0,2.44871883628962
414,21.1,2,469,38.3647058823531,0,3.67394039744206e-16,6,0,90
414,21.1,3,465.330963854083,3.91999999999999,0,7.34788079488412e-17,1.2,0,90
414,21.1,4,1175,99.7666666666666,0,7.9602041944578e-16,13,0,90
414,21.1,5,2034,75.9869565217394,0,5.51091059616309e-16,9,0,90
414,21.1,6,362.867311622009,0,0,17.1610282258065,0,0,0
414,21.1,7,302.879176411285,0,0,0.3,0,0,0
414,21.2,1,301.232587176061,3.57091769906503,0,11.3045070821644,0.37281012534122,0,1.88886677762483
414,21.2,2,469,38.9647058823531,0,3.67394039744206e-16,6,0,90
414,21.2,3,465.330963854083,3.91999999999999,0,7.34788079488412e-17,1.2,0,90
414,21.2,4,1175,99.7666666666666,0,7.9602041944578e-16,13,0,90
414,21.2,5,2034,76.8869565217394,0,5.51091059616309e-16,9,0,90
414,21.2,6,364.58363319459,0,0,17.1654032258065,0,0,0
414,21.2,7,302.879176411285,0,0,0.3,0,0,0
414,21.3,1,302.373110567686,3.60301157694024,0,11.5057940744771,0.268742578495276,0,1.33802293118532
414,21.3,2,469,39.5647058823531,0,3.67394039744206e-16,6,0,90
414,21.3,3,465.330963854083,3.91999999999999,0,7.34788079488412e-17,1.2,0,90
414,21.3,4,1175,99.7666666666666,0,7.9602041944578e-16,13,0,90
414,21.3,5,2034,77.7869565217394,0,5.51091059616309e-16,9,0,90
414,21.3,6,366.30039226717,0,0,17.1697782258065,0,0,0
414,21.3,7,302.879176411285,0,0,0.3,0,0,0
414,21.4,1,303.53371255611,3.62460644143618,0,11.7060783640481,0.162882404923776,0,0.797181759356882
414,21.4,2,469,40.1647058823531,0,3.67394039744206e-16,6,0,90
414,21.4,3,465.330963854083,3.91999999999999,0,7.34788079488412e-17,1.2,0,90
414,21.4,4,1175,99.7666666666666,0,7.9602041944578e-16,13,0,90
414,21.4,5,2034,78.6869565217394,0,5.51091059616309e-16,9,0,90
414,21.4,6,368.017588839751,0,0,17.1741532258065,0,0,0
414,21.4,7,302.879176411285,0,0,0.3,0,0,0
414,21.5,1,304.714292847922,3.63553908098616,0,11.9053612303415,0.0555534989733461,0,0.267355006289036
414,21.5,2,469,40.7647058823532,0,3.67394039744206e-16,6,0,90
414,21.5,3,465.330963854083,3.91999999999999,0,7.34788079488412e-17,1.2,0,90
414,21.5,4,1175,99.7666666666666,0,7.9602041944578e-16,13,0,90
414,21.5,5,2034,79.5869565217394,0,5.51091059616309e-16,9,0,90
414,21.5,6,369.735222912332,0,0,17.1785282258065,0,0,0
414,21.5,7,302.879176411285,0,0,0.3,0,0,0
414,21.6,1,305.914751805595,3.63567953647688,0,12.1036545618551,-0.0529029710216773,0,-0.250428302104942
414,21.6,2,469,41.3647058823532,0,3.67394039744206e-16,6,0,90
414,21.6,3,465.330963854083,3.91999999999999,0,7.34788079488412e-17,1.2,0,90
414,21.6,4,1175,99.7666666666666,0,7.9602041944578e-16,13,0,90
414,21.6,5,2034,80.4869565217395,0,5.51091059616309e-16,9,0,90
414,21.6,6,371.453294484912,0,0,17.1829032258065,0,0,0
414,21.6,7,302.879176411285,0,0,0.3,0,0,0
414,21.7,1,307.134991522178,3.62493283280925,0,12.3009811186824,-0.162128478573867,0,-0.755121858148032
414,21.7,2,469,41.9647058823532,0,3.67394039744206e-16,6,0,90
414,21.7,3,465.330963854083,3.91999999999999,0,7.34788079488412e-17,1.2,0,90
414,21.7,4,1175,99.7666666666666,0,7.9602041944578e-16,13,0,90
414,21.7,5,2034,81.3869565217395,0,5.51091059616309e-16,9,0,90
414,21.7,6,373.171803557493,0,0,17.1872782258065,0,0,0
414,21.7,7,302.879176411285,0,0,0.3,0,0,0
414,21.8,1,308.374916918173,3.60324071922597,0,12.4973747124986,-0.271747047137438,0,-1.24566207239947
414,21.8,2,469,42.5647058823532,0,3.67394039744206e-16,6,0,90
414,21.8,3,465.330963854083,3.91999999999999,0,7.34788079488412e-17,1.2,0,90
414,21.8,4,1175,99.7666666666666,0,7.9602041944578e-16,13,0,90
414,21.8,5,2034,82.2869565217395,0,5.51091059616309e-16,9,0,90
414,21.8,6,374.890750130074,0,0,17.1916532258065,0,0,0
414,21.8,7,302.879176411285,0,0,0.3,0,0,0
414,21.9,1,309.634436851955,3.57058341940285,0,12.692880296132,-0.381365145982409,0,-1.72096807365474
414,21.9,2,469,43.1647058823532,0,3.67394039744206e-16,6,0,90
414,21.9,3,465.330963854083,3.91999999999999,0,7.34788079488412e-17,1.2,0,90
414,21.9,4,1175,99.7666666666666,0,7.9602041944578e-16,13,0,90
414,21.9,5,2034,83.1869565217395,0,5.51091059616309e-16,9,0,90
414,21.9,6,376.610134202654,0,0,17.1960282258065,0,0,0
414,21.9,7,302.879176411285,0,0,0.3,0,0,0
414,22,1,310.913465234306,3.52698139275523,0,12.8875539546507,-0.490571569238961,0,-2.17994170894559
414,22,2,469,43.7647058823532,0,3.67394039744206e-16,6,0,90
414,22,3,465.330963854083,3.91999999999999,0,7.34788079488412e-17,1.2,0,90
414,22,4,1175,99.7666666666666,0,7.9602041944578e-16,13,0,90
414,22,5,2034,84.0869565217395,0,5.51091059616309e-16,9,0,90
414,22,6,378.329955775235,0,0,17.2004032258065,0,0,0
414,22,7,302.879176411285,0,0,0.3,0,0,0
414,22.1,1,312.211919076069,3.4724986287155,0,13.08133664122,-0.598844729457585,0,-2.62108820923269
414,22.1,2,469,44.3647058823532,0,3.67394039744206e-16,6,0,90
414,22.1,3,465.330963854083,3.91999999999999,0,7.34788079488412e-17,1.2,0,90
414,22.1,4,1175,99.7666666666666,0,7.9602041944578e-16,13,0,90
414,22.1,5,2034,84.9869565217395,0,5.51091059616309e-16,9,0,90
414,22.1,6,380.050214847816,0,0,17.2047782258065,0,0,0
414,22.1,7,302.879176411285,0,0,0.3,0,0,0
414,22.2,1,313.529707288752,3.40727969727576,0,13.2743287130492,-0.705145821864945,0,-3.04075196887198
414,22.2,2,469,44.9647058823532,0,3.67394039744206e-16,6,0,90
414,22.2,3,465.330963854083,3.91999999999999,0,7.34788079488412e-17,1.2,0,90
414,22.2,4,1175,99.7666666666666,0,7.9602041944578e-16,13,0,90
414,22.2,5,2034,85.8869565217395,0,5.51091059616309e-16,9,0,90
414,22.2,6,381.770911420396,0,0,17.2091532258065,0,0,0
414,22.2,7,302.879176411285,0,0,0.3,0,0,0
414,22.3,1,314.866766904375,3.3315560783343,0,13.4667836928314,-0.80884780234025,0,-3.43719470343262
414,22.3,2,469,45.5647058823532,0,3.67394039744206e-16,6,0,90
414,22.3,3,465.330963854083,3.91999999999999,0,7.34788079488412e-17,1.2,0,90
414,22.3,4,1175,99.7666666666666,0,7.9602041944578e-16,13,0,90
414,22.3,5,2034,86.7869565217396,0,5.51091059616309e-16,9,0,90
414,22.3,6,383.492045492977,0,0,17.2135282258065,0,0,0
414,22.3,7,302.879176411285,0,0,0.3,0,0,0
414,22.4,1,316.223050075262,3.24561523410979,0,13.6588204143157,-0.909396159242067,0,-3.80909729922277
414,22.4,2,469,46.1647058823532,0,3.67394039744206e-16,6,0,90
414,22.4,3,465.330963854083,3.91999999999999,0,7.34788079488412e-17,1.2,0,90
414,22.4,4,1175,99.7666666666666,0,7.9602041944578e-16,13,0,90
414,22.4,5,2034,87.6869565217396,0,5.51091059616309e-16,9,0,90
414,22.4,6,385.213617065558,0,0,17.2179032258065,0,0,0
414,22.4,7,302.879176411285,0,0,0.3,0,0,0
414,22.5,1,317.598521300237,3.14980113177129,0,13.85056678875,-1.00621523884804,0,-4.15512113881234
414,22.5,2,469,46.7647058823532,0,3.67394039744206e-16,6,0,90
414,22.5,3,465.330963854083,3.91999999999999,0,7.34788079488412e-17,1.2,0,90
414,22.5,4,1175,99.7666666666666,0,7.9602041944578e-16,13,0,90
414,22.5,5,2034,88.5869565217396,0,5.51091059616309e-16,9,0,90
414,22.5,6,386.935626138138,0,0,17.2222782258065,0,0,0
414,22.5,7,302.879176411285,0,0,0.3,0,0,0
414,22.6000000000001,1,318.993158273434,3.04451637851227,0,14.0421585912338,-1.09870781835841,0,-4.47390810103294
414,22.6000000000001,2,469,47.3647058823532,0,3.67394039744206e-16,6,0,90
414,22.6000000000001,3,465.330963854083,3.91999999999999,0,7.34788079488412e-17,1.2,0,90
414,22.6000000000001,4,1175,99.7666666666666,0,7.9602041944578e-16,13,0,90
414,22.6000000000001,5,2034,89.4869565217396,0,5.51091059616309e-16,9,0,90
414,22.6000000000001,6,388.658072710719,0,0,17.2266532258065,0,0,0
414,22.6000000000001,7,302.879176411285,0,0,0.3,0,0,0
414,22.7000000000001,1,320.406952601069,2.93022440226496,0,14.2337380314167,-1.18625461975342,0,-4.76408056097794
414,22.7000000000001,2,469,47.9647058823533,0,3.67394039744206e-16,6,0,90
414,22.7000000000001,3,465.330963854083,3.91999999999999,0,7.34788079488412e-17,1.2,0,90
414,22.7000000000001,4,1175,99.7666666666666,0,7.9602041944578e-16,13,0,90
414,22.7000000000001,5,2034,90.3869565217396,0,5.51091059616309e-16,9,0,90
414,22.7000000000001,6,390.3809567833,0,0,17.2310282258065,0,0,0
414,22.7000000000001,7,302.879176411285,0,0,0.3,0,0,0
414,22.8000000000001,1,321.839910363914,2.80745168404851,0,14.4254520942218,-1.26821376314255,0,-5.02424139000242
414,22.8000000000001,2,469,48.5647058823533,0,3.67394039744206e-16,6,0,90
414,22.8000000000001,3,465.330963854083,3.91999999999999,0,7.34788079488412e-17,1.2,0,90
414,22.8000000000001,4,1175,99.7666666666666,0,7.9602041944578e-16,13,0,90
414,22.8000000000001,5,2034,91.2869565217396,0,5.51091059616309e-16,9,0,90
414,22.8000000000001,6,392.10427835588,0,0,17.2354032258065,0,0,0
414,22.8000000000001,7,302.879176411285,0,0,0.3,0,0,0
414,22.9000000000001,1,323.292052501709,2.67679004801169,0,14.6174506355043,-1.34392015966867,0,-5.25297395572321
414,22.9000000000001,2,469,49.1647058823533,0,3.67394039744206e-16,6,0,90
414,22.9000000000001,3,465.330963854083,3.91999999999999,0,7.34788079488412e-17,1.2,0,90
414,22.9000000000001,4,1175,99.7666666666666,0,7.9602041944578e-16,13,0,90
414,22.9000000000001,5,2034,92.1869565217396,0,5.51091059616309e-16,9,0,90
414,22.9000000000001,6,393.828037428461,0,0,17.2397782258065,0,0,0
414,22.9000000000001,7,302.879176411285,0,0,0.3,0,0,0
414,23.0000000000001,1,324.763414994237,2.53889901514216,0,14.8098842167093,-1.41268484571834,0,-5.44884212201884
414,23.0000000000001,2,469,49.7647058823533,0,3.67394039744206e-16,6,0,90
414,23.0000000000001,3,465.330963854083,3.91999999999999,0,7.34788079488412e-17,1.2,0,90
414,23.0000000000001,4,1175,99.7666666666666,0,7.9602041944578e-16,13,0,90
414,23.0000000000001,5,2034,93.0869565217396,0,5.51091059616309e-16,9,0,90
414,23.0000000000001,6,395.552234001042,0,0,17.2441532258065,0,0,0
414,23.0000000000001,7,302.879176411285,0,0,0.3,0,0,0
414,23.1000000000001,1,326.252630843229,2.39464759387271,0,14.9281493833387,-1.46640921598421,0,-5.61023121752181
414,23.1000000000001,2,469,50.3647058823533,0,3.67394039744206e-16,6,0,90
414,23.1000000000001,3,465.330963854083,3.91999999999999,0,7.34788079488412e-17,1.2,0,90
414,23.1000000000001,4,1175,99.7666666666666,0,7.9602041944578e-16,13,0,90
414,23.1000000000001,5,2034,93.9869565217397,0,5.51091059616309e-16,9,0,90
414,23.1000000000001,6,397.276868073622,0,0,17.2485282258065,0,0,0
414,23.1000000000001,7,302.879176411285,0,0,0.3,0,0,0
414,23.2000000000001,1,327.745277454249,2.2463060586491,0,14.9249334676957,-1.4987865040949,0,-5.73451193202806
414,23.2000000000001,2,469,50.9647058823533,0,3.67394039744206e-16,6,0,90
414,23.2000000000001,3,465.330963854083,3.91999999999999,0,7.34788079488412e-17,1.2,0,90
414,23.2000000000001,4,1175,99.7666666666666,0,7.9602041944578e-16,13,0,90
414,23.2000000000001,5,2034,94.8869565217397,0,5.51091059616309e-16,9,0,90
414,23.2000000000001,6,399.001939646203,0,0,17.2529032258065,0,0,0
414,23.2000000000001,7,302.879176411285,0,0,0.3,0,0,0
414,23.3000000000001,1,329.237648629649,2.09521719529732,0,14.9226496940652,-1.52135666699633,0,-5.82116382767288
414,23.3000000000001,2,469,51.5647058823533,0,3.67394039744206e-16,6,0,90
414,23.3000000000001,3,465.330963854083,3.91999999999999,0,7.34788079488412e-17,1.2,0,90
414,23.3000000000001,4,1175,99.7666666666666,0,7.9602041944578e-16,13,0,90
414,23.3000000000001,5,2034,95.7869565217397,0,5.51091059616309e-16,9,0,90
414,23.3000000000001,6,400.727448718784,0,0,17.2572782258065,0,0,0
414,23.3000000000001,7,302.879176411285,0,0,0.3,0,0,0
414,23.4000000000001,1,330.729839968437,1.94236147955268,0,14.921342537757,-1.53412413804212,0,-5.87018690445626
414,23.4000000000001,2,469,52.1647058823533,0,3.67394039744206e-16,6,0,90
414,23.4000000000001,3,465.330963854083,3.91999999999999,0,7.34788079488412e-17,1.2,0,90
414,23.4000000000001,4,1175,99.7666666666666,0,7.9602041944578e-16,13,0,90
414,23.4000000000001,5,2034,96.6869565217397,0,5.51091059616309e-16,9,0,90
414,23.4000000000001,6,402.453395291364,0,0,17.2616532258065,0,0,0
414,23.4000000000001,7,302.879176411285,0,0,0.3,0,0,0
414,23.5000000000001,1,332.221950551126,1.78871903663981,0,14.9210371555522,-1.53709147503657,0,-5.8815811623782
414,23.5000000000001,2,469,52.7647058823533,0,3.67394039744206e-16,6,0,90
414,23.5000000000001,3,465.330963854083,3.91999999999999,0,7.34788079488412e-17,1.2,0,90
414,23.5000000000001,4,1175,99.7666666666666,0,7.9602041944578e-16,13,0,90
414,23.5000000000001,5,2034,97.5869565217397,0,5.51091059616309e-16,9,0,90
414,23.5000000000001,6,404.179779363945,0,0,17.2660282258065,0,0,0
414,23.5000000000001,7,302.879176411285,0,0,0.3,0,0,0
414,23.6000000000001,1,333.714081008356,1.63526983348698,0,14.9217393940271,-1.53025927761885,0,-5.85534660143871
414,23.6000000000001,2,469,53.3647058823533,0,3.67394039744206e-16,6,0,90
414,23.6000000000001,3,465.330963854083,3.91999999999999,0,7.34788079488412e-17,1.2,0,90
414,23.6000000000001,4,1175,99.7666666666666,0,7.9602041944578e-16,13,0,90
414,23.6000000000001,5,2034,98.4869565217397,0,5.51091059616309e-16,9,0,90
414,23.6000000000001,6,405.906600936526,0,0,17.2704032258065,0,0,0
414,23.6000000000001,7,302.879176411285,0,0,0.3,0,0,0
414,23.7000000000001,1,335.206331590023,1.48299387603096,0,14.9234357915111,-1.51362616806321,0,-5.79148322163779
414,23.7000000000001,2,469,53.9647058823533,0,3.67394039744206e-16,6,0,90
414,23.7000000000001,3,465.330963854083,3.91999999999999,0,7.34788079488412e-17,1.2,0,90
414,23.7000000000001,4,1175,99.7666666666666,0,7.9602041944578e-16,13,0,90
414,23.7000000000001,5,2034,99.3869565217397,0,5.51091059616309e-16,9,0,90
414,23.7000000000001,6,407.633860009106,0,0,17.2747782258065,0,0,0
414,23.7000000000001,7,302.879176411285,0,0,0.3,0,0,0
414,23.8000000000001,1,336.698800234281,1.33287140527161,0,14.9260935735913,-1.48718883548653,0,-5.68999102297542
414,23.8000000000001,2,469,54.5647058823534,0,3.67394039744206e-16,6,0,90
414,23.8000000000001,3,465.330963854083,3.91999999999999,0,7.34788079488412e-17,1.2,0,90
414,23.8000000000001,4,1175,99.7666666666666,0,7.9602041944578e-16,13,0,90
414,23.8000000000001,5,2034,99.3869565217397,0,5.51091059616309e-16,9,0,90
414,23.8000000000001,6,409.361556581687,0,0,17.2791532258065,0,0,0
414,23.8000000000001,7,302.879176411285,0,0,0.3,0,0,0
414,23.9000000000001,1,338.191580635786,1.18588308573456,0,14.9296606423677,-1.4509421434835,0,-5.55087000545163
414,23.9000000000001,2,469,55.1647058823534,0,3.67394039744206e-16,6,0,90
414,23.9000000000001,3,465.330963854083,3.91999999999999,0,7.34788079488412e-17,1.2,0,90
414,23.9000000000001,4,1175,99.7666666666666,0,7.9602041944578e-16,13,0,90
414,23.9000000000001,5,2034,99.3869565217397,0,5.51091059616309e-16,9,0,90
414,23.9000000000001,6,411.089690654268,0,0,17.2835282258065,0,0,0
414,23.9000000000001,7,302.879176411285,0,0,0.3,0,0,0
414,24.0000000000001,1,339.684760312561,1.04301017999707,0,14.9340655599523,-1.40487930123814,0,-5.37412016906639
414,24.0000000000001,2,469,55.7647058823534,0,3.67394039744206e-16,6,0,90
414,24.0000000000001,3,465.330963854083,3.91999999999999,0,7.34788079488412e-17,1.2,0,90
414,24.0000000000001,4,1175,99.7666666666666,0,7.9602041944578e-16,13,0,90
414,24.0000000000001,5,2034,99.3869565217397,0,5.51091059616309e-16,9,0,90
414,24.0000000000001,6,412.818262226848,0,0,17.2879032258065,0,0,0
414,24.0000000000001,7,302.879176411285,0,0,0.3,0,0,0
414,24.1000000000001,1,341.178418565278,0.905233536854486,0,14.9392079378155,-1.34909828800968,0,-5.1601487795066
414,24.1000000000001,2,469,56.3647058823534,0,3.67394039744206e-16,6,0,90
414,24.1000000000001,3,465.330963854083,3.91999999999999,0,7.34788079488412e-17,1.2,0,90
414,24.1000000000001,4,1175,99.7666666666666,0,7.9602041944578e-16,13,0,90
414,24.1000000000001,5,2034,99.3869565217397,0,5.51091059616309e-16,9,0,90
414,24.1000000000001,6,414.547271299429,0,0,17.2922782258065,0,0,0
414,24.1000000000001,7,302.879176411285,0,0,0.3,0,0,0
414,24.2000000000001,1,342.672618366949,0.773462897031029,0,14.9448577121865,-1.28500115272271,0,-4.91436631187514
414,24.2000000000001,2,469,56.9647058823534,0,3.67394039744206e-16,6,0,90
414,24.2000000000001,3,465.330963854083,3.91999999999999,0,7.34788079488412e-17,1.2,0,90
414,24.2000000000001,4,1175,99.7666666666666,0,7.9602041944578e-16,13,0,90
414,24.2000000000001,5,2034,99.3869565217397,0,5.51091059616309e-16,9,0,90
414,24.2000000000001,6,416.27671787201,0,0,17.2966532258065,0,0,0
414,24.2000000000001,7,302.879176411285,0,0,0.3,0,0,0
414,24.3000000000001,1,344.167402281991,0.648496107139261,0,14.9508722991217,-1.21301998967704,0,-4.63846009545086
414,24.3000000000001,2,469,57.5647058823534,0,3.67394039744206e-16,6,0,90
414,24.3000000000001,3,465.330963854083,3.91999999999999,0,7.34788079488412e-17,1.2,0,90
414,24.3000000000001,4,1175,99.7666666666666,0,7.9602041944578e-16,13,0,90
414,24.3000000000001,5,2034,99.3869565217397,0,5.51091059616309e-16,9,0,90
414,24.3000000000001,6,418.00660194459,0,0,17.3010282258065,0,0,0
414,24.3000000000001,7,302.879176411285,0,0,0.3,0,0,0
414,24.4000000000001,1,345.662801211892,0.531121959843723,0,14.9571380233929,-1.13314701128094,0,-4.33243013023377
414,24.4000000000001,2,469,58.1647058823534,0,3.67394039744206e-16,6,0,90
414,24.4000000000001,3,465.330963854083,3.91999999999999,0,7.34788079488412e-17,1.2,0,90
414,24.4000000000001,4,1175,99.7666666666666,0,7.9602041944578e-16,13,0,90
414,24.4000000000001,5,2034,99.3869565217397,0,5.51091059616309e-16,9,0,90
414,24.4000000000001,6,419.736923517171,0,0,17.3054032258065,0,0,0
414,24.4000000000001,7,302.879176411285,0,0,0.3,0,0,0
414,24.5000000000001,1,347.158834066409,0.422130018363223,0,14.9635287231374,-1.04537464664155,0,-3.99627641622385
414,24.5000000000001,2,469,58.7647058823534,0,3.67394039744206e-16,6,0,90
414,24.5000000000001,3,465.330963854083,3.91999999999999,0,7.34788079488412e-17,1.2,0,90
414,24.5000000000001,4,1175,99.7666666666666,0,7.9602041944578e-16,13,0,90
414,24.5000000000001,5,2034,99.3869565217397,0,5.51091059616309e-16,9,0,90
414,24.5000000000001,6,421.467682589752,0,0,17.3097782258065,0,0,0
414,24.5000000000001,7,302.879176411285,0,0,0.3,0,0,0
414,24.6000000000001,1,348.655506514195,0.322310578472234,0,14.9699057360967,-0.949695873625003,0,-3.62999895342112
414,24.6000000000001,2,469,59.3647058823534,0,3.67394039744206e-16,6,0,90
414,24.6000000000001,3,465.330963854083,3.91999999999999,0,7.34788079488412e-17,1.2,0,90
414,24.6000000000001,4,1175,99.7666666666666,0,7.9602041944578e-16,13,0,90
414,24.6000000000001,5,2034,99.3869565217397,0,5.51091059616309e-16,9,0,90
414,24.6000000000001,6,423.198879162332,0,0,17.3141532258065,0,0,0
414,24.6000000000001,7,302.879176411285,0,0,0.3,0,0,0
414,24.7000000000001,1,350.152809732209,0.232454595650088,0,14.9761178892662,-0.846104583844087,0,-3.23359774182557
414,24.7000000000001,2,469,59.9647058823534,0,3.67394039744206e-16,6,0,90
414,24.7000000000001,3,465.330963854083,3.91999999999999,0,7.34788079488412e-17,1.2,0,90
414,24.7000000000001,4,1175,99.7666666666666,0,7.9602041944578e-16,13,0,90
414,24.7000000000001,5,2034,99.3869565217397,0,5.51091059616309e-16,9,0,90
414,24.7000000000001,6,424.930513234913,0,0,17.3185282258065,0,0,0
414,24.7000000000001,7,302.879176411285,0,0,0.3,0,0,0
414,24.8000000000001,1,351.650719154318,0.153353574084584,0,14.9820014933023,-0.734595980581298,0,-2.80707278143721
414,24.8000000000001,2,469,60.5647058823534,0,3.67394039744206e-16,6,0,90
414,24.8000000000001,3,465.330963854083,3.91999999999999,0,7.34788079488412e-17,1.2,0,90
414,24.8000000000001,4,1175,99.7666666666666,0,7.9602041944578e-16,13,0,90
414,24.8000000000001,5,2034,99.3869565217397,0,5.51091059616309e-16,9,0,90
414,24.8000000000001,6,426.662584807494,0,0,17.3229032258065,0,0,0
414,24.8000000000001,7,302.879176411285,0,0,0.3,0,0,0
414,24.9000000000001,1,353.149193219629,0.085799414237152,0,14.9873803431508,-0.615167009629186,0,-2.35042407225603
414,24.9000000000001,2,469,61.1647058823534,0,3.67394039744206e-16,6,0,90
414,24.9000000000001,3,465.330963854083,3.91999999999999,0,7.34788079488412e-17,1.2,0,90
414,24.9000000000001,4,1175,99.7666666666666,0,7.9602041944578e-16,13,0,90
414,24.9000000000001,5,2034,99.3869565217397,0,5.51091059616309e-16,9,0,90
414,24.9000000000001,6,428.395093880074,0,0,17.3272782258065,0,0,0
414,24.9000000000001,7,302.879176411285,0,0,0.3,0,0,0
414,25.0000000000001,1,354.648172121276,0.0305842156801072,0,14.9920657264835,-0.487816822996549,0,-1.86365161428203
414,25.0000000000001,2,469,61.7647058823535,0,3.67394039744206e-16,6,0,90
414,25.0000000000001,3,465.330963854083,3.91999999999999,0,7.34788079488412e-17,1.2,0,90
414,25.0000000000001,4,1175,99.7666666666666,0,7.9602041944578e-16,13,0,90
414,25.0000000000001,5,2034,99.3869565217397,0,5.51091059616309e-16,9,0,90
414,25.0000000000001,6,430.128040452655,0,0,17.3316532258065,0,0,0
414,25.0000000000001,7,302.879176411285,0,0,0.3,0,0,0
414,25.1000000000001,1,356.147576259731,-0.0115122082237157,0,14.9958283302794,-0.353740991106097,0,-1.35131632985343
414,25.1000000000001,2,469,62.3647058823535,0,3.67394039744206e-16,6,0,90
414,25.1000000000001,3,465.330963854083,3.91999999999999,0,7.34788079488412e-17,1.2,0,90
414,25.1000000000001,4,1175,99.7666666666666,0,7.9602041944578e-16,13,0,90
414,25.1000000000001,5,2034,99.3869565217397,0,5.51091059616309e-16,9,0,90
414,25.1000000000001,6,431.861424525236,0,0,17.3360282258065,0,0,0
414,25.1000000000001,7,302.879176411285,0,0,0.3,0,0,0
414,25.2000000000001,1,357.647289974346,-0.0406016860319658,0,14.9982221743746,-0.230936372403063,0,-0.88214681644175
414,25.2000000000001,2,469,62.9647058823535,0,3.67394039744206e-16,6,0,90
414,25.2000000000001,3,465.330963854083,3.91999999999999,0,7.34788079488412e-17,1.2,0,90
414,25.2000000000001,4,1175,99.7666666666666,0,7.9602041944578e-16,13,0,90
414,25.2000000000001,5,2034,99.3869565217397,0,5.51091059616309e-16,9,0,90
414,25.2000000000001,6,433.595246097816,0,0,17.3404032258065,0,0,0
414,25.2000000000001,7,302.879176411285,0,0,0.3,0,0,0
414,25.3000000000001,1,359.147182736418,-0.0582772817663804,0,14.9994752711558,-0.125465493201604,0,-0.47924847068934
414,25.3000000000001,2,469,63.5647058823535,0,3.67394039744206e-16,6,0,90
414,25.3000000000001,3,465.330963854083,3.91999999999999,0,7.34788079488412e-17,1.2,0,90
414,25.3000000000001,4,1175,99.7666666666666,0,7.9602041944578e-16,13,0,90
414,25.3000000000001,5,2034,99.3869565217397,0,5.51091059616309e-16,9,0,90
414,25.3000000000001,6,435.329505170397,0,0,17.3447782258065,0,0,0
414,25.3000000000001,7,302.879176411285,0,0,0.3,0,0,0
414,25.4000000000001,1,360.647159267422,-0.0662729072180493,0,14.9999535287333,-0.0373381285298687,0,-0.142621292596199
414,25.4000000000001,2,469,64.1647058823535,0,3.67394039744206e-16,6,0,90
414,25.4000000000001,3,465.330963854083,3.91999999999999,0,7.34788079488412e-17,1.2,0,90
414,25.4000000000001,4,1175,99.7666666666666,0,7.9602041944578e-16,13,0,90
414,25.4000000000001,5,2034,99.3869565217397,0,5.51091059616309e-16,9,0,90
414,25.4000000000001,6,437.064201742978,0,0,17.3491532258065,0,0,0
414,25.4000000000001,7,302.879176411285,0,0,0.3,0,0,0
414,25.5000000000001,1,362.147157873611,-0.0663231906662404,0,14.9999627236205,0.0334408432293819,0,0.127734717837672
414,25.5000000000001,2,469,64.7647058823535,0,3.67394039744206e-16,6,0,90
414,25.5000000000001,3,465.330963854083,3.91999999999999,0,7.34788079488412e-17,1.2,0,90
414,25.5000000000001,4,1175,99.7666666666666,0,7.9602041944578e-16,13,0,90
414,25.5000000000001,5,2034,99.3869565217397,0,5.51091059616309e-16,9,0,90
414,25.5000000000001,6,438.799335815558,0,0,17.3535282258065,0,0,0
414,25.5000000000001,7,302.879176411285,0,0,0.3,0,0,0
414,25.6000000000001,1,363.647144430194,-0.060163078516156,0,14.9997484532257,0.086869672229578,0,0.331819560612274
414,25.6000000000001,2,469,65.3647058823535,0,3.67394039744206e-16,6,0,90
414,25.6000000000001,3,465.330963854083,3.91999999999999,0,7.34788079488412e-17,1.2,0,90
414,25.6000000000001,4,1175,99.7666666666666,0,7.9602041944578e-16,13,0,90
414,25.6000000000001,5,2034,99.3869565217397,0,5.51091059616309e-16,9,0,90
414,25.6000000000001,6,440.534907388139,0,0,17.3579032258065,0,0,0
414,25.6000000000001,7,302.879176411285,0,0,0.3,0,0,0
414,25.7000000000001,1,365.147106362231,-0.0495275963593629,0,14.9994961152492,0.122948316878855,0,0.469633235727606
414,25.7000000000001,2,469,65.9647058823535,0,3.67394039744206e-16,6,0,90
414,25.7000000000001,3,465.330963854083,3.91999999999999,0,7.34788079488412e-17,1.2,0,90
414,25.7000000000001,4,1175,99.7666666666666,0,7.9602041944578e-16,13,0,90
414,25.7000000000001,5,2034,99.3869565217397,0,5.51091059616309e-16,9,0,90
414,25.7000000000001,6,442.27091646072,0,0,17.3622782258065,0,0,0
414,25.7000000000001,7,302.879176411285,0,0,0.3,0,0,0
414,25.8000000000001,1,366.647046624311,-0.0361517346594418,0,14.9993309024891,0.141677371642386,0,0.541175743183669
414,25.8000000000001,2,469,66.5647058823535,0,3.67394039744206e-16,6,0,90
414,25.8000000000001,3,465.330963854083,3.91999999999999,0,7.34788079488412e-17,1.2,0,90
414,25.8000000000001,4,1175,99.7666666666666,0,7.9602041944578e-16,13,0,90
414,25.8000000000001,5,2034,99.3869565217397,0,5.51091059616309e-16,9,0,90
414,25.8000000000001,6,444.0073630333,0,0,17.3666532258065,0,0,0
414,25.8000000000001,7,302.879176411285,0,0,0.3,0,0,0
414,25.9000000000001,1,368.146977680107,-0.0217704242492005,0,14.999317804374,0.143057343014047,0,0.546447082980462
414,25.9000000000001,2,469,67.1647058823535,0,3.67394039744206e-16,6,0,90
414,25.9000000000001,3,465.330963854083,3.91999999999999,0,7.34788079488412e-17,1.2,0,90
414,25.9000000000001,4,1175,99.7666666666666,0,7.9602041944578e-16,13,0,90
414,25.9000000000001,5,2034,99.3869565217397,0,5.51091059616309e-16,9,0,90
414,25.9000000000001,6,445.744247105881,0,0,17.3710282258065,0,0,0
414,25.9000000000001,7,302.879176411285,0,0,0.3,0,0,0
414,26.0000000000001,1,369.646915482178,-0.00811856682188261,0,14.9994616093611,0.127088273662683,0,0.485447255117985
414,26.0000000000001,2,469,67.7647058823535,0,3.67394039744206e-16,6,0,90
414,26.0000000000001,3,465.330963854083,3.91999999999999,0,7.34788079488412e-17,1.2,0,90
414,26.0000000000001,4,1175,99.7666666666666,0,7.9602041944578e-16,13,0,90
414,26.0000000000001,5,2034,99.3869565217397,0,5.51091059616309e-16,9,0,90
414,26.0000000000001,6,447.481568678462,0,0,17.3754032258065,0,0,0
414,26.0000000000001,7,302.879176411285,0,0,0.3,0,0,0
414,26.1000000000001,1,371.146873383096,0.00307952943989341,0,14.9997003859917,0.0948068060944523,0,0.362137735036994
414,26.1000000000001,2,469,68.3647058823535,0,3.67394039744206e-16,6,0,90
414,26.1000000000001,3,465.330963854083,3.91999999999999,0,7.34788079488412e-17,1.2,0,90
414,26.1000000000001,4,1175,99.7666666666666,0,7.9602041944578e-16,13,0,90
414,26.1000000000001,5,2034,99.3869565217397,0,5.51091059616309e-16,9,0,90
414,26.1000000000001,6,449.219327751042,0,0,17.3797782258065,0,0,0
414,26.1000000000001,7,302.879176411285,0,0,0.3,0,0,0
414,26.2000000000001,1,372.646852821515,0.0108757596213177,0,14.9998723096688,0.0618925975544297,0,0.236412979035119
414,26.2000000000001,2,469,68.9647058823536,0,3.67394039744206e-16,6,0,90
414,26.2000000000001,3,465.330963854083,3.91999999999999,0,7.34788079488412e-17,1.2,0,90
414,26.2000000000001,4,1175,99.7666666666666,0,7.9602041944578e-16,13,0,90
414,26.2000000000001,5,2034,99.3869565217397,0,5.51091059616309e-16,9,0,90
414,26.2000000000001,6,450.957524323623,0,0,17.3841532258065,0,0,0
414,26.2000000000001,7,302.879176411285,0,0,0.3,0,0,0
414,26.3000000000001,1,374.146845118945,0.0156130135274794,0,14.9999623067268,0.0336273218431087,0,0.12844701545342
414,26.3000000000001,2,469,69.5647058823536,0,3.67394039744206e-16,6,0,90
414,26.3000000000001,3,465.330963854083,3.91999999999999,0,7.34788079488412e-17,1.2,0,90
414,26.3000000000001,4,1175,99.7666666666666,0,7.9602041944578e-16,13,0,90
414,26.3000000000001,5,2034,99.3869565217397,0,5.51091059616309e-16,9,0,90
414,26.3000000000001,6,452.696158396204,0,0,17.3885282258065,0,0,0
414,26.3000000000001,7,302.879176411285,0,0,0.3,0,0,0
414,26.4000000000001,1,375.646843432845,0.0177561947920989,0,14.9999966592174,0.0100111670819279,0,0.0382398442918958
414,26.4000000000001,2,469,70.1647058823536,0,3.67394039744206e-16,6,0,90
414,26.4000000000001,3,465.330963854083,3.91999999999999,0,7.34788079488412e-17,1.2,0,90
414,26.4000000000001,4,1175,99.7666666666666,0,7.9602041944578e-16,13,0,90
414,26.4000000000001,5,2034,99.3869565217397,0,5.51091059616309e-16,9,0,90
414,26.4000000000001,6,454.435229968784,0,0,17.3929032258065,0,0,0
414,26.4000000000001,7,302.879176411285,0,0,0.3,0,0,0
414,26.5000000000001,1,377.14684333275,0.0177702208377059,0,14.9999973264709,-0.00895577284429467,0,-0.034208534449453
414,26.5000000000001,2,469,70.7647058823536,0,3.67394039744206e-16,6,0,90
414,26.5000000000001,3,465.330963854083,3.91999999999999,0,7.34788079488412e-17,1.2,0,90
414,26.5000000000001,4,1175,99.7666666666666,0,7.9602041944578e-16,13,0,90
414,26.5000000000001,5,2034,99.3869565217397,0,5.51091059616309e-16,9,0,90
414,26.5000000000001,6,456.174739041365,0,0,17.3972782258065,0,0,0
414,26.5000000000001,7,302.879176411285,0,0,0.3,0,0,0
414,26.6000000000001,1,378.64684236798,0.016120015209353,0,14.9999819448512,-0.0232734642563325,0,-0.0888981207706269
414,26.6000000000001,2,469,71.3647058823536,0,3.67394039744206e-16,6,0,90
414,26.6000000000001,3,465.330963854083,3.91999999999999,0,7.34788079488412e-17,1.2,0,90
414,26.6000000000001,4,1175,99.7666666666666,0,7.9602041944578e-16,13,0,90
414,26.6000000000001,5,2034,99.3869565217397,0,5.51091059616309e-16,9,0,90
414,26.6000000000001,6,457.914685613946,0,0,17.4016532258065,0,0,0
414,26.6000000000001,7,302.879176411285,0,0,0.3,0,0,0
414,26.7000000000001,1,380.146839635338,0.0132705029764757,0,14.9999638276499,-0.0329419063487448,0,-0.125828914671625
414,26.7000000000001,2,469,71.9647058823536,0,3.67394039744206e-16,6,0,90
414,26.7000000000001,3,465.330963854083,3.91999999999999,0,7.34788079488412e-17,1.2,0,90
414,26.7000000000001,4,1175,99.7666666666666,0,7.9602041944578e-16,13,0,90
414,26.7000000000001,5,2034,99.3869565217397,0,5.51091059616309e-16,9,0,90
414,26.7000000000001,6,459.655069686526,0,0,17.4060282258065,0,0,0
414,26.7000000000001,7,302.879176411285,0,0,0.3,0,0,0
414,26.8000000000001,1,381.646835346801,0.00968660853295582,0,14.9999519650593,-0.0379611105576484,0,-0.145000916152449
414,26.8000000000001,2,469,72.5647058823536,0,3.67394039744206e-16,6,0,90
414,26.8000000000001,3,465.330963854083,3.91999999999999,0,7.34788079488412e-17,1.2,0,90
414,26.8000000000001,4,1175,99.7666666666666,0,7.9602041944578e-16,13,0,90
414,26.8000000000001,5,2034,99.3869565217397,0,5.51091059616309e-16,9,0,90
414,26.8000000000001,6,461.395891259107,0,0,17.4104032258065,0,0,0
414,26.8000000000001,7,302.879176411285,0,0,0.3,0,0,0
414,26.9000000000001,1,383.14683039721,0.00583325512542329,0,14.99995102418,-0.0383310866281846,0,-0.146414125213097
414,26.9000000000001,2,469,73.1647058823536,0,3.67394039744206e-16,6,0,90
414,26.9000000000001,3,465.330963854083,3.91999999999999,0,7.34788079488412e-17,1.2,0,90
414,26.9000000000001,4,1175,99.7666666666666,0,7.9602041944578e-16,13,0,90
414,26.9000000000001,5,2034,99.3869565217397,0,5.51091059616309e-16,9,0,90
414,26.9000000000001,6,463.137150331688,0,0,17.4147782258065,0,0,0
414,26.9000000000001,7,302.879176411285,0,0,0.3,0,0,0
414,27.0000000000001,1,384.646825931964,0.00217536543982596,0,14.9999613490338,-0.0340518353816884,0,-0.13006854185357
414,27.0000000000001,2,469,73.7647058823536,0,3.67394039744206e-16,6,0,90
414,27.0000000000001,3,465.330963854083,3.91999999999999,0,7.34788079488412e-17,1.2,0,90
414,27.0000000000001,4,1175,99.7666666666666,0,7.9602041944578e-16,13,0,90
414,27.0000000000001,5,2034,99.3869565217397,0,5.51091059616309e-16,9,0,90
414,27.0000000000001,6,464.878846904268,0,0,17.4191532258065,0,0,0
414,27.0000000000001,7,302.879176411285,0,0,0.3,0,0,0
414,27.1000000000001,1,386.146822909772,-0.000824981038797328,0,14.9999784926094,-0.0254012058058036,0,-0.0970255055202867
414,27.1000000000001,2,469,74.3647058823536,0,3.67394039744206e-16,6,0,90
414,27.1000000000001,3,465.330963854083,3.91999999999999,0,7.34788079488412e-17,1.2,0,90
414,27.1000000000001,4,1175,99.7666666666666,0,7.9602041944578e-16,13,0,90
414,27.1000000000001,5,2034,99.3869565217397,0,5.51091059616309e-16,9,0,90
414,27.1000000000001,6,466.620980976849,0,0,17.4235282258065,0,0,0
414,27.1000000000001,7,302.879176411285,0,0,0.3,0,0,0
414,27.2000000000001,1,387.646821433883,-0.00291371615348037,0,14.9999908354702,-0.0165811884108319,0,-0.063335487248793
414,27.2000000000001,2,469,74.9647058823536,0,3.67394039744206e-16,6,0,90
414,27.2000000000001,3,465.330963854083,3.91999999999999,0,7.34788079488412e-17,1.2,0,90
414,27.2000000000001,4,1175,99.7666666666666,0,7.9602041944578e-16,13,0,90
414,27.2000000000001,5,2034,99.3869565217397,0,5.51091059616309e-16,9,0,90
414,27.2000000000001,6,468.36355254943,0,0,17.4279032258065,0,0,0
414,27.2000000000001,7,302.879176411285,0,0,0.3,0,0,0
414,27.3000000000001,1,389.14682088112,-0.00418275719354384,0,14.9999972956029,-0.00900732510718762,0,-0.0344054496239604
414,27.3000000000001,2,469,75.5647058823536,0,3.67394039744206e-16,6,0,90
414,27.3000000000001,3,465.330963854083,3.91999999999999,0,7.34788079488412e-17,1.2,0,90
414,27.3000000000001,4,1175,99.7666666666666,0,7.9602041944578e-16,13,0,90
414,27.3000000000001,5,2034,99.3869565217397,0,5.51091059616309e-16,9,0,90
414,27.3000000000001,6,470.10656162201,0,0,17.4322782258065,0,0,0
414,27.3000000000001,7,302.879176411285,0,0,0.3,0,0,0
414,27.4000000000001,1,390.646820760179,-0.00475671976727439,0,14.9999997606546,-0.00267961951429915,0,-0.010235392645789
414,27.4000000000001,2,469,76.1647058823537,0,3.67394039744206e-16,6,0,90
414,27.4000000000001,3,465.330963854083,3.91999999999999,0,7.34788079488412e-17,1.2,0,90
414,27.4000000000001,4,1175,99.7666666666666,0,7.9602041944578e-16,13,0,90
414,27.4000000000001,5,2034,99.3869565217397,0,5.51091059616309e-16,9,0,90
414,27.4000000000001,6,471.850008194591,0,0,17.4366532258065,0,0,0
414,27.4000000000001,7,302.879176411285,0,0,0.3,0,0,0
414,27.5000000000001,1,392.146820752995,-0.00476021974822978,0,14.9999998076916,0.00240192656190797,0,0.0091746836857212
414,27.5000000000001,2,469,76.7647058823537,0,3.67394039744206e-16,6,0,90
414,27.5000000000001,3,465.330963854083,3.91999999999999,0,7.34788079488412e-17,1.2,0,90
414,27.5000000000001,4,1175,99.7666666666666,0,7.9602041944578e-16,13,0,90
414,27.5000000000001,5,2034,99.3869565217397,0,5.51091059616309e-16,9,0,90
414,27.5000000000001,6,473.593892267172,0,0,17.4410282258065,0,0,0
414,27.5000000000001,7,302.879176411285,0,0,0.3,0,0,0
414,27.6000000000001,1,393.646820683678,-0.00431787312771818,0,14.9999987031977,0.00623731247391928,0,0.0238247793705702
414,27.6000000000001,2,469,77.3647058823537,0,3.67394039744206e-16,6,0,90
414,27.6000000000001,3,465.330963854083,3.91999999999999,0,7.34788079488412e-17,1.2,0,90
414,27.6000000000001,4,1175,99.7666666666666,0,7.9602041944578e-16,13,0,90
414,27.6000000000001,5,2034,99.3869565217397,0,5.51091059616309e-16,9,0,90
414,27.6000000000001,6,475.338213839752,0,0,17.4454032258065,0,0,0
414,27.6000000000001,7,302.879176411285,0,0,0.3,0,0,0
414,27.7000000000001,1,395.146820487459,-0.00355429592633623,0,14.9999974030739,0.00882653820655093,0,0.033714894408758
414,27.7000000000001,2,469,77.9647058823537,0,3.67394039744206e-16,6,0,90
414,27.7000000000001,3,465.330963854083,3.91999999999999,0,7.34788079488412e-17,1.2,0,90
414,27.7000000000001,4,1175,99.7666666666666,0,7.9602041944578e-16,13,0,90
414,27.7000000000001,5,2034,99.3869565217397,0,5.51091059616309e-16,9,0,90
414,27.7000000000001,6,477.082972912333,0,0,17.4497782258065,0,0,0
414,27.7000000000001,7,302.879176411285,0,0,0.3,0,0,0
414,27.8000000000001,1,396.646820179628,-0.0025941041516645,0,14.9999965526381,0.0101696039798813,0,0.0388450288002846
414,27.8000000000001,2,469,78.5647058823537,0,3.67394039744206e-16,6,0,90
414,27.8000000000001,3,465.330963854083,3.91999999999999,0,7.34788079488412e-17,1.2,0,90
414,27.8000000000001,4,1175,99.7666666666666,0,7.9602041944578e-16,13,0,90
414,27.8000000000001,5,2034,99.3869565217397,0,5.51091059616309e-16,9,0,90
414,27.8000000000001,6,478.828169484914,0,0,17.4541532258065,0,0,0
414,27.8000000000001,7,302.879176411285,0,0,0.3,0,0,0
414,27.9000000000001,1,398.146819824479,-0.00156191378921918,0,14.9999964866253,0.0102665099811944,0,0.03921518254515
414,27.9000000000001,2,469,79.1647058823537,0,3.67394039744206e-16,6,0,90
414,27.9000000000001,3,465.330963854083,3.91999999999999,0,7.34788079488412e-17,1.2,0,90
414,27.9000000000001,4,1175,99.7666666666666,0,7.9602041944578e-16,13,0,90
414,27.9000000000001,5,2034,99.3869565217397,0,5.51091059616309e-16,9,0,90
414,27.9000000000001,6,480.573803557494,0,0,17.4585282258065,0,0,0
414,27.9000000000001,7,302.879176411285,0,0,0.3,0,0,0
414,28.0000000000001,1,399.646819504251,-0.000582340813758854,0,14.9999972291877,0.0091172562259354,0,0.0348253556433542
414,28.0000000000001,2,469,79.7647058823537,0,3.67394039744206e-16,6,0,90
414,28.0000000000001,3,465.330963854083,3.91999999999999,0,7.34788079488412e-17,1.2,0,90
414,28.0000000000001,4,1175,99.7666666666666,0,7.9602041944578e-16,13,0,90
414,28.0000000000001,5,2034,99.3869565217397,0,5.51091059616309e-16,9,0,90
414,28.0000000000001,6,482.319875130075,0,0,17.4629032258065,0,0,0
414,28.0000000000001,7,302.879176411285,0,0,0.3,0,0,0
414,28.1000000000001,1,401.146819287712,0.000220761618409936,0,14.9999984603067,0.00679638115572443,0,0.0259602646339247
414,28.1000000000001,2,469,80.3647058823537,0,3.67394039744206e-16,6,0,90
414,28.1000000000001,3,465.330963854083,3.91999999999999,0,7.34788079488412e-17,1.2,0,90
414,28.1000000000001,4,1175,99.7666666666666,0,7.9602041944578e-16,13,0,90
414,28.1000000000001,5,2034,99.3869565217397,0,5.51091059616309e-16,9,0,90
414,28.1000000000001,6,484.066384202656,0,0,17.4672782258065,0,0,0
414,28.1000000000001,7,302.879176411285,0,0,0.3,0,0,0
414,28.2000000000001,1,402.646819182153,0.000779342840268115,0,14.9999993455,0.00443113972778475,0,0.0169257072351627
414,28.2000000000001,2,469,80.9647058823537,0,3.67394039744206e-16,6,0,90
414,28.2000000000001,3,465.330963854083,3.91999999999999,0,7.34788079488412e-17,1.2,0,90
414,28.2000000000001,4,1175,99.7666666666666,0,7.9602041944578e-16,13,0,90
414,28.2000000000001,5,2034,99.3869565217397,0,5.51091059616309e-16,9,0,90
414,28.2000000000001,6,485.813330775236,0,0,17.4716532258065,0,0,0
414,28.2000000000001,7,302.879176411285,0,0,0.3,0,0,0
414,28.3000000000001,1,404.146819142741,0.00111816885493272,0,14.9999998077956,0.00240127702715458,0,0.00917220264568829
414,28.3000000000001,2,469,81.5647058823537,0,3.67394039744206e-16,6,0,90
414,28.3000000000001,3,465.330963854083,3.91999999999999,0,7.34788079488412e-17,1.2,0,90
414,28.3000000000001,4,1175,99.7666666666666,0,7.9602041944578e-16,13,0,90
414,28.3000000000001,5,2034,99.3869565217397,0,5.51091059616309e-16,9,0,90
414,28.3000000000001,6,487.560714847817,0,0,17.4760282258065,0,0,0
414,28.3000000000001,7,302.879176411285,0,0,0.3,0,0,0
414,28.4000000000001,1,405.646819134179,0.00127077753897138,0,14.9999999833481,0.000706793123536988,0,0.00269975086550155
414,28.4000000000001,2,469,82.1647058823537,0,3.67394039744206e-16,6,0,90
414,28.4000000000001,3,465.330963854083,3.91999999999999,0,7.34788079488412e-17,1.2,0,90
414,28.4000000000001,4,1175,99.7666666666666,0,7.9602041944578e-16,13,0,90
414,28.4000000000001,5,2034,99.3869565217397,0,5.51091059616309e-16,9,0,90
414,28.4000000000001,6,489.308536420398,0,0,17.4804032258065,0,0,0
414,28.4000000000001,7,302.879176411285,0,0,0.3,0,0,0
414,28.5000000000001,1,407.146819133666,0.001270706774054,0,14.9999999858163,-0.00065231194839838,0,-0.00249164810539753
414,28.5000000000001,2,469,82.7647058823538,0,3.67394039744206e-16,6,0,90
414,28.5000000000001,3,465.330963854083,3.91999999999999,0,7.34788079488412e-17,1.2,0,90
414,28.5000000000001,4,1175,99.7666666666666,0,7.9602041944578e-16,13,0,90
414,28.5000000000001,5,2034,99.3869565217397,0,5.51091059616309e-16,9,0,90
414,28.5000000000001,6,491.056795492978,0,0,17.4847782258065,0,0,0
414,28.5000000000001,7,302.879176411285,0,0,0.3,0,0,0
414,28.6000000000001,1,408.646819128637,0.00115149444410566,0,14.9999999063632,-0.00167603817630909,0,-0.00640199426700899
414,28.6000000000001,2,469,83.3647058823538,0,3.67394039744206e-16,6,0,90
414,28.6000000000001,3,465.330963854083,3.91999999999999,0,7.34788079488412e-17,1.2,0,90
414,28.6000000000001,4,1175,99.7666666666666,0,7.9602041944578e-16,13,0,90
414,28.6000000000001,5,2034,99.3869565217397,0,5.51091059616309e-16,9,0,90
414,28.6000000000001,6,492.805492065559,0,0,17.4891532258065,0,0,0
414,28.6000000000001,7,302.879176411285,0,0,0.3,0,0,0
414,28.7000000000001,1,410.146819114522,0.000946678433604513,0,14.999999813656,-0.0023643855599885,0,-0.00903128761933281
414,28.7000000000001,2,469,83.9647058823538,0,3.67394039744206e-16,6,0,90
414,28.7000000000001,3,465.330963854083,3.91999999999999,0,7.34788079488412e-17,1.2,0,90
414,28.7000000000001,4,1175,99.7666666666666,0,7.9602041944578e-16,13,0,90
414,28.7000000000001,5,2034,99.3869565217397,0,5.51091059616309e-16,9,0,90
414,28.7000000000001,6,494.55462613814,0,0,17.4935282258065,0,0,0
414,28.7000000000001,7,302.879176411285,0,0,0.3,0,0,0
414,28.8000000000001,1,411.64681909249,0.000689796626772814,0,14.9999997538662,-0.00271735410368928,0,-0.010379528162369
414,28.8000000000001,2,469,84.5647058823538,0,3.67394039744206e-16,6,0,90
414,28.8000000000001,3,465.330963854083,3.91999999999999,0,7.34788079488412e-17,1.2,0,90
414,28.8000000000001,4,1175,99.7666666666666,0,7.9602041944578e-16,13,0,90
414,28.8000000000001,5,2034,99.3869565217397,0,5.51091059616309e-16,9,0,90
414,28.8000000000001,6,496.30419771072,0,0,17.4979032258065,0,0,0
414,28.8000000000001,7,302.879176411285,0,0,0.3,0,0,0
414,28.9000000000001,1,413.146819067206,0.000414386907410206,0,14.9999997506694,-0.00273494381096176,0,-0.0104467158961175
414,28.9000000000001,2,469,85.1647058823538,0,3.67394039744206e-16,6,0,90
414,28.9000000000001,3,465.330963854083,3.91999999999999,0,7.34788079488412e-17,1.2,0,90
414,28.9000000000001,4,1175,99.7666666666666,0,7.9602041944578e-16,13,0,90
414,28.9000000000001,5,2034,99.3869565217397,0,5.51091059616309e-16,9,0,90
414,28.9000000000001,6,498.054206783301,0,0,17.5022782258065,0,0,0
414,28.9000000000001,7,302.879176411285,0,0,0.3,0,0,0
414,29.0000000000001,1,414.646819044575,0.000153987159117156,0,14.9999998052454,-0.00241715468200715,0,-0.00923285082057843
414,29.0000000000001,2,469,85.7647058823538,0,3.67394039744206e-16,6,0,90
414,29.0000000000001,3,465.330963854083,3.91999999999999,0,7.34788079488412e-17,1.2,0,90
414,29.0000000000001,4,1175,99.7666666666666,0,7.9602041944578e-16,13,0,90
414,29.0000000000001,5,2034,99.3869565217397,0,5.51091059616309e-16,9,0,90
414,29.0000000000001,6,499.804653355882,0,0,17.5066532258065,0,0,0
414,29.0000000000001,7,302.879176411285,0,0,0.3,0,0,0
414,29.1000000000001,1,416.146267259257,-5.80066435116858e-05,0,14.9640561912486,-0.00178024417503841,0,-0.00681636555941866
414,29.1000000000001,2,469,86.3647058823538,0,3.67394039744206e-16,6,0,90
414,29.1000000000001,3,465.330963854083,3.91999999999999,0,7.34788079488412e-17,1.2,0,90
414,29.1000000000001,4,1175,99.7666666666666,0,7.9602041944578e-16,13,0,90
414,29.1000000000001,5,2034,99.3869565217397,0,5.51091059616309e-16,9,0,90
414,29.1000000000001,6,501.555537428462,0,0,17.5110282258065,0,0,0
414,29.1000000000001,7,302.879176411285,0,0,0.3,0,0,0
414,29.2000000000001,1,417.636819223291,-0.00020288038899757,0,14.8469830831737,-0.00113524216299207,0,-0.00438099674348669
414,29.2000000000001,2,469,86.9647058823538,0,3.67394039744206e-16,6,0,90
414,29.2000000000001,3,465.330963854083,3.91999999999999,0,7.34788079488412e-17,1.2,0,90
414,29.2000000000001,4,1175,99.7666666666666,0,7.9602041944578e-16,13,0,90
414,29.2000000000001,5,2034,99.3869565217397,0,5.51091059616309e-16,9,0,90
414,29.2000000000001,6,503.306859001043,0,0,17.5154032258065,0,0,0
414,29.2000000000001,7,302.879176411285,0,0,0.3,0,0,0
414,29.3000000000001,1,419.115663874856,-0.000288582682396571,0,14.729909943946,-0.00059607120115847,0,-0.00231857249820243
414,29.3000000000001,2,469,87.5647058823538,0,3.67394039744206e-16,6,0,90
414,29.3000000000001,3,465.330963854083,3.91999999999999,0,7.34788079488412e-17,1.2,0,90
414,29.3000000000001,4,1175,99.7666666666666,0,7.9602041944578e-16,13,0,90
414,29.3000000000001,5,2034,99.3869565217397,0,5.51091059616309e-16,9,0,90
414,29.3000000000001,6,505.058618073624,0,0,17.5197782258065,0,0,0
414,29.3000000000001,7,302.879176411285,0,0,0.3,0,0,0
414,29.4000000000001,1,420.582801211411,-0.000325474876513993,0,14.6128367845799,-0.000158310496933731,0,-0.000620722961618123
414,29.4000000000001,2,469,88.1647058823538,0,3.67394039744206e-16,6,0,90
414,29.4000000000001,3,465.330963854083,3.91999999999999,0,7.34788079488412e-17,1.2,0,90
414,29.4000000000001,4,1175,99.7666666666666,0,7.9602041944578e-16,13,0,90
414,29.4000000000001,5,2034,99.3869565217397,0,5.51091059616309e-16,9,0,90
414,29.4000000000001,6,506.810814646205,0,0,17.5241532258065,0,0,0
414,29.4000000000001,7,302.879176411285,0,0,0.3,0,0,0
414,29.5000000000001,1,422.038231231392,-0.000323480509133067,0,14.4957636137211,0.000182375570286486,0,0.000720855467956505
414,29.5000000000001,2,469,88.7647058823538,0,3.67394039744206e-16,6,0,90
414,29.5000000000001,3,465.330963854083,3.91999999999999,0,7.34788079488412e-17,1.2,0,90
414,29.5000000000001,4,1175,99.7666666666666,0,7.9602041944578e-16,13,0,90
414,29.5000000000001,5,2034,99.3869565217397,0,5.51091059616309e-16,9,0,90
414,29.5000000000001,6,508.563448718785,0,0,17.5285282258065,0,0,0
414,29.5000000000001,7,302.879176411285,0,0,0.3,0,0,0
414,29.6000000000002,1,423.481953933991,-0.000292093786383291,0,14.3786904378626,0.000430238125754608,0,0.00171440013195426
414,29.6000000000002,2,469,89.3647058823538,0,3.67394039744206e-16,6,0,90
414,29.6000000000002,3,465.330963854083,3.91999999999999,0,7.34788079488412e-17,1.2,0,90
414,29.6000000000002,4,1175,99.7666666666666,0,7.9602041944578e-16,13,0,90
414,29.6000000000002,5,2034,99.3869565217397,0,5.51091059616309e-16,9,0,90
414,29.6000000000002,6,510.316520291366,0,0,17.5329032258065,0,0,0
414,29.6000000000002,7,302.879176411285,0,0,0.3,0,0,0
414,29.7000000000002,1,424.913969318951,-0.00024038799843962,0,14.2616172615491,0.000589444476104444,0,0.00236808211155047
414,29.7000000000002,2,469,89.9647058823539,0,3.67394039744206e-16,6,0,90
414,29.7000000000002,3,465.330963854083,3.91999999999999,0,7.34788079488412e-17,1.2,0,90
414,29.7000000000002,4,1175,99.7666666666666,0,7.9602041944578e-16,13,0,90
414,29.7000000000002,5,2034,99.3869565217397,0,5.51091059616309e-16,9,0,90
414,29.7000000000002,6,512.070029363946,0,0,17.5372782258065,0,0,0
414,29.7000000000002,7,302.879176411285,0,0,0.3,0,0,0
414,29.8000000000002,1,426.33427738638,-0.000177023867544578,0,14.1445440875721,0.000664078786157221,0,0.00269000622766301
414,29.8000000000002,2,469,90.5647058823539,0,3.67394039744206e-16,6,0,90
414,29.8000000000002,3,465.330963854083,3.91999999999999,0,7.34788079488412e-17,1.2,0,90
414,29.8000000000002,4,1175,99.7666666666666,0,7.9602041944578e-16,13,0,90
414,29.8000000000002,5,2034,99.3869565217397,0,5.51091059616309e-16,9,0,90
414,29.8000000000002,6,513.823975936527,0,0,17.5416532258065,0,0,0
414,29.8000000000002,7,302.879176411285,0,0,0.3,0,0,0
414,29.9000000000002,1,427.742878136586,-0.000110257828346629,0,14.0274709171527,0.0006581427557886,0,0.00268821104095224
414,29.9000000000002,2,469,91.1647058823539,0,3.67394039744206e-16,6,0,90
414,29.9000000000002,3,465.330963854083,3.91999999999999,0,7.34788079488412e-17,1.2,0,90
414,29.9000000000002,4,1175,99.7666666666666,0,7.9602041944578e-16,13,0,90
414,29.9000000000002,5,2034,99.3869565217397,0,5.51091059616309e-16,9,0,90
414,29.9000000000002,6,515.578360009108,0,0,17.5460282258065,0,0,0
414,29.9000000000002,7,302.879176411285,0,0,0.3,0,0,0
414,30.0000000000002,1,429.139771569925,-4.79502405492361e-05,0,13.910397750116,0.000575556296846108,0,0.0023706688518211
414,30.0000000000002,2,469,91.7647058823539,0,3.67394039744206e-16,6,0,90
414,30.0000000000002,3,465.330963854083,3.91999999999999,0,7.34788079488412e-17,1.2,0,90
414,30.0000000000002,4,1175,99.7666666666666,0,7.9602041944578e-16,13,0,90
414,30.0000000000002,5,2034,99.3869565217397,0,5.51091059616309e-16,9,0,90
414,30.0000000000002,6,517.333181581688,0,0,17.5504032258065,0,0,0
414,30.0000000000002,7,302.879176411285,0,0,0.3,0,0,0
414,30.1000000000002,1,430.524910573285,2.42534725227526e-06,0,13.7767991124336,0.000419827458116565,0,0.00174600364497073
414,30.1000000000002,2,469,92.3647058823539,0,3.67394039744206e-16,6,0,90
414,30.1000000000002,3,465.330963854083,3.91999999999999,0,7.34788079488412e-17,1.2,0,90
414,30.1000000000002,4,1175,99.7666666666666,0,7.9602041944578e-16,13,0,90
414,30.1000000000002,5,2034,99.3869565217397,0,5.51091059616309e-16,9,0,90
414,30.1000000000002,6,519.088440654269,0,0,17.5547782258065,0,0,0
414,30.1000000000002,7,302.879176411285,0,0,0.3,0,0,0
414,30.2000000000002,1,431.882245657173,3.54730889631526e-05,0,13.3699025648348,0.000248103485650821,0,0.00106323008262107
414,30.2000000000002,2,469,92.9647058823539,0,3.67394039744206e-16,6,0,90
414,30.2000000000002,3,465.330963854083,3.91999999999999,0,7.34788079488412e-17,1.2,0,90
414,30.2000000000002,4,1175,99.7666666666666,0,7.9602041944578e-16,13,0,90
414,30.2000000000002,5,2034,99.3869565217397,0,5.51091059616309e-16,9,0,90
414,30.2000000000002,6,520.84413722685,0,0,17.5591532258065,0,0,0
414,30.2000000000002,7,302.879176411285,0,0,0.3,0,0,0
414,30.3000000000002,1,433.198891086175,5.33539576501906e-05,0,12.9630060149275,0.000115628998502818,0,0.000511073866334029
414,30.3000000000002,2,469,93.5647058823539,0,3.67394039744206e-16,6,0,90
414,30.3000000000002,3,465.330963854083,3.91999999999999,0,7.34788079488412e-17,1.2,0,90
414,30.3000000000002,4,1175,99.7666666666666,0,7.9602041944578e-16,13,0,90
414,30.3000000000002,5,2034,99.3869565217397,0,5.51091059616309e-16,9,0,90
414,30.3000000000002,6,522.60027129943,0,0,17.5635282258065,0,0,0
414,30.3000000000002,7,302.879176411285,0,0,0.3,0,0,0
414,30.4000000000002,1,434.474846860116,5.97405905675175e-05,0,12.5561094637375,1.74172878928823e-05,0,7.94782085731173e-05
414,30.4000000000002,2,469,94.1647058823539,0,3.67394039744206e-16,6,0,90
414,30.4000000000002,3,465.330963854083,3.91999999999999,0,7.34788079488412e-17,1.2,0,90
414,30.4000000000002,4,1175,99.7666666666666,0,7.9602041944578e-16,13,0,90
414,30.4000000000002,5,2034,99.3869565217397,0,5.51091059616309e-16,9,0,90
414,30.4000000000002,6,524.356842872011,0,0,17.5679032258065,0,0,0
414,30.4000000000002,7,302.879176411285,0,0,0.3,0,0,0
414,30.5000000000002,1,435.710112978903,5.78246251926385e-05,0,12.1492129119482,-5.11667722382739e-05,0,-0.000241302882893736
414,30.5000000000002,2,469,94.7647058823539,0,3.67394039744206e-16,6,0,90
414,30.5000000000002,3,465.330963854083,3.91999999999999,0,7.34788079488412e-17,1.2,0,90
414,30.5000000000002,4,1175,99.7666666666666,0,7.9602041944578e-16,13,0,90
414,30.5000000000002,5,2034,99.3869565217397,0,5.51091059616309e-16,9,0,90
414,30.5000000000002,6,526.113851944592,0,0,17.5722782258065,0,0,0
414,30.5000000000002,7,302.879176411285,0,0,0.3,0,0,0
414,30.6000000000002,1,436.9046894425,5.03513057064309e-05,0,11.7423163599828,-9.44177610712812e-05,0,-0.000460704604994169
414,30.6000000000002,2,469,95.3647058823539,0,3.67394039744206e-16,6,0,90
414,30.6000000000002,3,465.330963854083,3.91999999999999,0,7.34788079488412e-17,1.2,0,90
414,30.6000000000002,4,1175,99.7666666666666,0,7.9602041944578e-16,13,0,90
414,30.6000000000002,5,2034,99.3869565217397,0,5.51091059616309e-16,9,0,90
414,30.6000000000002,6,527.871298517173,0,0,17.5766532258065,0,0,0
414,30.6000000000002,7,302.879176411285,0,0,0.3,0,0,0
414,30.7000000000002,1,438.058576250902,3.96529858887403e-05,0,11.3354198080721,-0.000116300746754065,0,-0.000587851359351391
414,30.7000000000002,2,469,95.9647058823539,0,3.67394039744206e-16,6,0,90
414,30.7000000000002,3,465.330963854083,3.91999999999999,0,7.34788079488412e-17,1.2,0,90
414,30.7000000000002,4,1175,99.7666666666666,0,7.9602041944578e-16,13,0,90
414,30.7000000000002,5,2034,99.3869565217397,0,5.51091059616309e-16,9,0,90
414,30.7000000000002,6,529.629182589753,0,0,17.5810282258065,0,0,0
414,30.7000000000002,7,302.879176411285,0,0,0.3,0,0,0
414,30.8000000000002,1,439.17177340412,2.76815284292366e-05,0,10.9285232563112,-0.000120462322250485,0,-0.000631556752284184
414,30.8000000000002,2,469,96.5647058823539,0,3.67394039744206e-16,6,0,90
414,30.8000000000002,3,465.330963854083,3.91999999999999,0,7.34788079488412e-17,1.2,0,90
414,30.8000000000002,4,1175,99.7666666666666,0,7.9602041944578e-16,13,0,90
414,30.8000000000002,5,2034,99.3869565217397,0,5.51091059616309e-16,9,0,90
414,30.8000000000002,6,531.387504162334,0,0,17.5854032258065,0,0,0
414,30.8000000000002,7,302.879176411285,0,0,0.3,0,0,0
414,30.9000000000002,1,440.244280902169,1.60396006533177e-05,0,10.521626704704,-0.000110241641190571,0,-0.000600323594806898
414,30.9000000000002,2,469,97.164705882354,0,3.67394039744206e-16,6,0,90
414,30.9000000000002,3,465.330963854083,3.91999999999999,0,7.34788079488412e-17,1.2,0,90
414,30.9000000000002,4,1175,99.7666666666666,0,7.9602041944578e-16,13,0,90
414,30.9000000000002,5,2034,99.3869565217397,0,5.51091059616309e-16,9,0,90
414,30.9000000000002,6,533.146263234914,0,0,17.5897782258065,0,0,0
414,30.9000000000002,7,302.879176411285,0,0,0.3,0,0,0
414,31.0000000000002,1,441.276098745064,6.01086666294478e-06,0,10.1147301531992,-8.86814537215945e-05,0,-0.000502343902629456
414,31.0000000000002,2,469,97.764705882354,0,3.67394039744206e-16,6,0,90
414,31.0000000000002,3,465.330963854083,3.91999999999999,0,7.34788079488412e-17,1.2,0,90
414,31.0000000000002,4,1175,99.7666666666666,0,7.9602041944578e-16,13,0,90
414,31.0000000000002,5,2034,99.3869565217397,0,5.51091059616309e-16,9,0,90
414,31.0000000000002,6,534.905459807495,0,0,17.5941532258065,0,0,0
414,31.0000000000002,7,302.879176411285,0,0,0.3,0,0,0
414,31.1000000000002,1,442.267389845662,-1.4148055363989e-06,0,9.72221816678029,-5.90030886247721e-05,0,-0.000347721877703332
414,31.1000000000002,2,469,98.364705882354,0,3.67394039744206e-16,6,0,90
414,31.1000000000002,3,465.330963854083,3.91999999999999,0,7.34788079488412e-17,1.2,0,90
414,31.1000000000002,4,1175,99.7666666666666,0,7.9602041944578e-16,13,0,90
414,31.1000000000002,5,2034,99.3869565217397,0,5.51091059616309e-16,9,0,90
414,31.1000000000002,6,536.665093880076,0,0,17.5985282258065,0,0,0
414,31.1000000000002,7,302.879176411285,0,0,0.3,0,0,0
414,31.2000000000002,1,443.222442086287,-5.94175785550428e-06,0,9.37882664570637,-3.27297663788256e-05,0,-0.000199947983771166
414,31.2000000000002,2,469,98.964705882354,0,3.67394039744206e-16,6,0,90
414,31.2000000000002,3,465.330963854083,3.91999999999999,0,7.34788079488412e-17,1.2,0,90
414,31.2000000000002,4,1175,99.7666666666666,0,7.9602041944578e-16,13,0,90
414,31.2000000000002,5,2034,99.3869565217397,0,5.51091059616309e-16,9,0,90
414,31.2000000000002,6,538.425165452657,0,0,17.6029032258065,0,0,0
414,31.2000000000002,7,302.879176411285,0,0,0.3,0,0,0
414,31.3000000000002,1,444.1431551748,-8.18216070038773e-06,0,9.03543512455813,-1.31013609801654e-05,0,-8.30787537835418e-05
414,31.3000000000002,2,469,99.564705882354,0,3.67394039744206e-16,6,0,90
414,31.3000000000002,3,465.330963854083,3.91999999999999,0,7.34788079488412e-17,1.2,0,90
414,31.3000000000002,4,1175,99.7666666666666,0,7.9602041944578e-16,13,0,90
414,31.3000000000002,5,2034,99.3869565217397,0,5.51091059616309e-16,9,0,90
414,31.3000000000002,6,540.185674525237,0,0,17.6072782258065,0,0,0
414,31.3000000000002,7,302.879176411285,0,0,0.3,0,0,0
414,31.4000000000002,1,445.029529111197,-8.75069869973071e-06,0,8.69204360337174,8.64229494022321e-07,0,5.6967848756531e-06
414,31.4000000000002,2,469,99.564705882354,0,3.67394039744206e-16,6,0,90
414,31.4000000000002,3,465.330963854083,3.91999999999999,0,7.34788079488412e-17,1.2,0,90
414,31.4000000000002,4,1175,99.7666666666666,0,7.9602041944578e-16,13,0,90
414,31.4000000000002,5,2034,99.3869565217397,0,5.51091059616309e-16,9,0,90
414,31.4000000000002,6,541.946621097818,0,0,17.6116532258065,0,0,0
414,31.4000000000002,7,302.879176411285,0,0,0.3,0,0,0
414,31.5000000000002,1,445.881563895474,-8.16800568841953e-06,0,8.34865208216986,1.00664426063555e-05,0,6.90847660649737e-05
414,31.5000000000002,2,469,99.564705882354,0,3.67394039744206e-16,6,0,90
414,31.5000000000002,3,465.330963854083,3.91999999999999,0,7.34788079488412e-17,1.2,0,90
414,31.5000000000002,4,1175,99.7666666666666,0,7.9602041944578e-16,13,0,90
414,31.5000000000002,5,2034,99.3869565217397,0,5.51091059616309e-16,9,0,90
414,31.5000000000002,6,543.708005170399,0,0,17.6160282258065,0,0,0
414,31.5000000000002,7,302.879176411285,0,0,0.3,0,0,0
414,31.6000000000002,1,446.699259527631,-6.86877406070551e-06,0,8.00526056096541,1.53251932164519e-05,0,0.000109686484885415
414,31.6000000000002,2,469,99.564705882354,0,3.67394039744206e-16,6,0,90
414,31.6000000000002,3,465.330963854083,3.91999999999999,0,7.34788079488412e-17,1.2,0,90
414,31.6000000000002,4,1175,99.7666666666666,0,7.9602041944578e-16,13,0,90
414,31.6000000000002,5,2034,99.3869565217397,0,5.51091059616309e-16,9,0,90
414,31.6000000000002,6,545.469826742979,0,0,17.6204032258065,0,0,0
414,31.6000000000002,7,302.879176411285,0,0,0.3,0,0,0
414,31.7000000000002,1,447.482616007667,-5.2095499576436e-06,0,7.6618690397645,1.73840151381627e-05,0,0.000129998397680413
414,31.7000000000002,2,469,99.564705882354,0,3.67394039744206e-16,6,0,90
414,31.7000000000002,3,465.330963854083,3.91999999999999,0,7.34788079488412e-17,1.2,0,90
414,31.7000000000002,4,1175,99.7666666666666,0,7.9602041944578e-16,13,0,90
414,31.7000000000002,5,2034,99.3869565217397,0,5.51091059616309e-16,9,0,90
414,31.7000000000002,6,547.23208581556,0,0,17.6247782258065,0,0,0
414,31.7000000000002,7,302.879176411285,0,0,0.3,0,0,0
414,31.8000000000002,1,448.231633335584,-3.47621428880641e-06,0,7.31847751856883,1.69132027968268e-05,0,0.000132412122035843
414,31.8000000000002,2,469,99.564705882354,0,3.67394039744206e-16,6,0,90
414,31.8000000000002,3,465.330963854083,3.91999999999999,0,7.34788079488412e-17,1.2,0,90
414,31.8000000000002,4,1175,99.7666666666666,0,7.9602041944578e-16,13,0,90
414,31.8000000000002,5,2034,99.3869565217397,0,5.51091059616309e-16,9,0,90
414,31.8000000000002,6,548.994782388141,0,0,17.6291532258065,0,0,0
414,31.8000000000002,7,302.879176411285,0,0,0.3,0,0,0
414,31.9000000000002,1,448.946311511381,-1.89114958827222e-06,0,6.97508599737742,1.45129528865371e-05,0,0.000119214436780024
414,31.9000000000002,2,469,99.564705882354,0,3.67394039744206e-16,6,0,90
414,31.9000000000002,3,465.330963854083,3.91999999999999,0,7.34788079488412e-17,1.2,0,90
414,31.9000000000002,4,1175,99.7666666666666,0,7.9602041944578e-16,13,0,90
414,31.9000000000002,5,2034,99.3869565217397,0,5.51091059616309e-16,9,0,90
414,31.9000000000002,6,550.757916460721,0,0,17.6335282258065,0,0,0
414,31.9000000000002,7,302.879176411285,0,0,0.3,0,0,0
414,32.0000000000002,1,449.62665053506,-6.20092704886049e-07,0,6.63169447618801,1.07165060274114e-05,0,9.25872819837124e-05
414,32.0000000000002,2,469,99.564705882354,0,3.67394039744206e-16,6,0,90
414,32.0000000000002,3,465.330963854083,3.91999999999999,0,7.34788079488412e-17,1.2,0,90
414,32.0000000000002,4,1175,99.7666666666666,0,7.9602041944578e-16,13,0,90
414,32.0000000000002,5,2034,99.3869565217397,0,5.51091059616309e-16,9,0,90
414,32.0000000000002,6,552.521488033302,0,0,17.6379032258065,0,0,0
414,32.0000000000002,7,302.879176411285,0,0,0.3,0,0,0
414,32.1000000000002,1,450.272250168753,2.22239744898624e-07,0,6.26369383670403,6.09094235061753e-06,0,5.57155727987184e-05
414,32.1000000000002,2,469,99.564705882354,0,3.67394039744206e-16,6,0,90
414,32.1000000000002,3,465.330963854083,3.91999999999999,0,7.34788079488412e-17,1.2,0,90
414,32.1000000000002,4,1175,99.7666666666666,0,7.9602041944578e-16,13,0,90
414,32.1000000000002,5,2034,99.3869565217397,0,5.51091059616309e-16,9,0,90
414,32.1000000000002,6,554.285497105883,0,0,17.6422782258065,0,0,0
414,32.1000000000002,7,302.879176411285,0,0,0.3,0,0,0
414,32.2000000000002,1,450.877667171471,6.39640493734366e-07,0,5.84464621765887,2.50841780219759e-06,0,2.45903255678945e-05
414,32.2000000000002,2,469,99.564705882354,0,3.67394039744206e-16,6,0,90
414,32.2000000000002,3,465.330963854083,3.91999999999999,0,7.34788079488412e-17,1.2,0,90
414,32.2000000000002,4,1175,99.7666666666666,0,7.9602041944578e-16,13,0,90
414,32.2000000000002,5,2034,99.3869565217397,0,5.51091059616309e-16,9,0,90
414,32.2000000000002,6,556.049943678463,0,0,17.6466532258065,0,0,0
414,32.2000000000002,7,302.879176411285,0,0,0.3,0,0,0
414,32.3000000000002,1,451.441179412285,7.67985098006808e-07,0,5.42559859861182,2.49655218876427e-07,0,2.63642621455518e-06
414,32.3000000000002,2,469,99.564705882354,0,3.67394039744206e-16,6,0,90
414,32.3000000000002,3,465.330963854083,3.91999999999999,0,7.34788079488412e-17,1.2,0,90
414,32.3000000000002,4,1175,99.7666666666666,0,7.9602041944578e-16,13,0,90
414,32.3000000000002,5,2034,99.3869565217397,0,5.51091059616309e-16,9,0,90
414,32.3000000000002,6,557.814827751044,0,0,17.6510282258065,0,0,0
414,32.3000000000002,7,302.879176411285,0,0,0.3,0,0,0
414,32.4000000000002,1,451.962786891193,7.22534052734556e-07,0,5.00655097956414,-1.01846053511346e-06,0,-1.16554271595006e-05
414,32.4000000000002,2,469,99.564705882354,0,3.67394039744206e-16,6,0,90
414,32.4000000000002,3,465.330963854083,3.91999999999999,0,7.34788079488412e-17,1.2,0,90
414,32.4000000000002,4,1175,99.7666666666666,0,7.9602041944578e-16,13,0,90
414,32.4000000000002,5,2034,99.3869565217397,0,5.51091059616309e-16,9,0,90
414,32.4000000000002,6,559.580149323625,0,0,17.6554032258065,0,0,0
414,32.4000000000002,7,302.879176411285,0,0,0.3,0,0,0
414,32.5000000000002,1,452.442489608197,5.87927601349402e-07,0,4.58750336051639,-1.57590341801544e-06,0,-1.96822994288463e-05
414,32.5000000000002,2,469,99.564705882354,0,3.67394039744206e-16,6,0,90
414,32.5000000000002,3,465.330963854083,3.91999999999999,0,7.34788079488412e-17,1.2,0,90
414,32.5000000000002,4,1175,99.7666666666666,0,7.9602041944578e-16,13,0,90
414,32.5000000000002,5,2034,99.3869565217397,0,5.51091059616309e-16,9,0,90
414,32.5000000000002,6,561.345908396205,0,0,17.6597782258065,0,0,0
414,32.5000000000002,7,302.879176411285,0,0,0.3,0,0,0
414,32.6000000000002,1,452.880287563297,4.23294634766348e-07,0,4.16845574146875,-1.65361058419665e-06,0,-2.27290184444282e-05
414,32.6000000000002,2,469,99.564705882354,0,3.67394039744206e-16,6,0,90
414,32.6000000000002,3,465.330963854083,3.91999999999999,0,7.34788079488412e-17,1.2,0,90
414,32.6000000000002,4,1175,99.7666666666666,0,7.9602041944578e-16,13,0,90
414,32.6000000000002,5,2034,99.3869565217397,0,5.51091059616309e-16,9,0,90
414,32.6000000000002,6,563.112104968786,0,0,17.6641532258065,0,0,0
414,32.6000000000002,7,302.879176411285,0,0,0.3,0,0,0
414,32.7000000000002,1,453.276180756491,2.66951153088808e-07,0,3.74940812242121,-1.4375867577963e-06,0,-2.1968175033565e-05
414,32.7000000000002,2,469,99.564705882354,0,3.67394039744206e-16,6,0,90
414,32.7000000000002,3,465.330963854083,3.91999999999999,0,7.34788079488412e-17,1.2,0,90
414,32.7000000000002,4,1175,99.7666666666666,0,7.9602041944578e-16,13,0,90
414,32.7000000000002,5,2034,99.3869565217397,0,5.51091059616309e-16,9,0,90
414,32.7000000000002,6,564.878739041367,0,0,17.6685282258065,0,0,0
414,32.7000000000002,7,302.879176411285,0,0,0.3,0,0,0
414,32.8000000000002,1,453.630169187781,1.40688289948998e-07,0,3.33036050337373,-1.07300860637411e-06,0,-1.84601229999482e-05
414,32.8000000000002,2,469,99.564705882354,0,3.67394039744206e-16,6,0,90
414,32.8000000000002,3,465.330963854083,3.91999999999999,0,7.34788079488412e-17,1.2,0,90
414,32.8000000000002,4,1175,99.7666666666666,0,7.9602041944578e-16,13,0,90
414,32.8000000000002,5,2034,99.3869565217397,0,5.51091059616309e-16,9,0,90
414,32.8000000000002,6,566.645810613947,0,0,17.6729032258065,0,0,0
414,32.8000000000002,7,302.879176411285,0,0,0.3,0,0,0
414,32.9000000000002,1,453.942252857166,5.3649899483442e-08,0,2.91131288432625,-6.68329114558774e-07,0,-1.31529791236418e-05
414,32.9000000000002,2,469,99.564705882354,0,3.67394039744206e-16,6,0,90
414,32.9000000000002,3,465.330963854083,3.91999999999999,0,7.34788079488412e-17,1.2,0,90
414,32.9000000000002,4,1175,99.7666666666666,0,7.9602041944578e-16,13,0,90
414,32.9000000000002,5,2034,99.3869565217397,0,5.51091059616309e-16,9,0,90
414,32.9000000000002,6,568.413319686528,0,0,17.6772782258065,0,0,0
414,32.9000000000002,7,302.879176411285,0,0,0.3,0,0,0
414,33.0000000000002,1,454.212431764646,5.79970594365918e-09,0,2.49226526527872,-2.99381957696415e-07,0,-6.88262316108246e-06
414,33.0000000000002,2,469,99.564705882354,0,3.67394039744206e-16,6,0,90
414,33.0000000000002,3,465.330963854083,3.91999999999999,0,7.34788079488412e-17,1.2,0,90
414,33.0000000000002,4,1175,99.7666666666666,0,7.9602041944578e-16,13,0,90
414,33.0000000000002,5,2034,99.3869565217397,0,5.51091059616309e-16,9,0,90
414,33.0000000000002,6,570.181266259109,0,0,17.6816532258065,0,0,0
414,33.0000000000002,7,302.879176411285,0,0,0.3,0,0,0
414,33.1000000000002,1,454.438852587212,-1.00059119916167e-08,0,2.02568566750111,-5.03111617776161e-08,0,-1.42303284191832e-06
414,33.1000000000002,2,469,99.564705882354,0,3.67394039744206e-16,6,0,90
414,33.1000000000002,3,465.330963854083,3.91999999999999,0,7.34788079488412e-17,1.2,0,90
414,33.1000000000002,4,1175,99.7666666666666,0,7.9602041944578e-16,13,0,90
414,33.1000000000002,5,2034,99.3869565217397,0,5.51091059616309e-16,9,0,90
414,33.1000000000002,6,571.949650331689,0,0,17.6860282258065,0,0,0
414,33.1000000000002,7,302.879176411285,0,0,0.3,0,0,0
414,33.2000000000002,1,454.617421153962,-9.79407289815235e-09,0,1.54568566750113,3.55494461450302e-08,0,1.3177538428177e-06
414,33.2000000000002,2,469,99.564705882354,0,3.67394039744206e-16,6,0,90
414,33.2000000000002,3,465.330963854083,3.91999999999999,0,7.34788079488412e-17,1.2,0,90
414,33.2000000000002,4,1175,99.7666666666666,0,7.9602041944578e-16,13,0,90
414,33.2000000000002,5,2034,99.3869565217397,0,5.51091059616309e-16,9,0,90
414,33.2000000000002,6,573.71847190427,0,0,17.6904032258065,0,0,0
414,33.2000000000002,7,302.879176411285,0,0,0.3,0,0,0
414,33.3000000000002,1,454.747989720713,-5.40445417480364e-09,0,1.06568566750114,4.47465002596352e-08,0,2.40576155900623e-06
414,33.3000000000002,2,469,99.564705882354,0,3.67394039744206e-16,6,0,90
414,33.3000000000002,3,465.330963854083,3.91999999999999,0,7.34788079488412e-17,1.2,0,90
414,33.3000000000002,4,1175,99.7666666666666,0,7.9602041944578e-16,13,0,90
414,33.3000000000002,5,2034,99.3869565217397,0,5.51091059616309e-16,9,0,90
414,33.3000000000002,6,575.487730976851,0,0,17.6947782258065,0,0,0
414,33.3000000000002,7,302.879176411285,0,0,0.3,0,0,0
414,33.4000000000002,1,454.830558287463,-1.692388020463e-09,0,0.585685667501157,2.75425415126361e-08,0,2.69439986891056e-06
414,33.4000000000002,2,469,99.564705882354,0,3.67394039744206e-16,6,0,90
414,33.4000000000002,3,465.330963854083,3.91999999999999,0,7.34788079488412e-17,1.2,0,90
414,33.4000000000002,4,1175,99.7666666666666,0,7.9602041944578e-16,13,0,90
414,33.4000000000002,5,2034,99.3869565217397,0,5.51091059616309e-16,9,0,90
414,33.4000000000002,6,577.257427549431,0,0,17.6991532258065,0,0,0
414,33.4000000000002,7,302.879176411285,0,0,0.3,0,0,0
414,33.5000000000002,1,454.865126854213,-5.53024430287178e-11,0,0.105685667501173,5.02338181637676e-09,0,2.72334540497609e-06
414,33.5000000000002,2,469,99.564705882354,0,3.67394039744206e-16,6,0,90
414,33.5000000000002,3,465.330963854083,3.91999999999999,0,7.34788079488412e-17,1.2,0,90
414,33.5000000000002,4,1175,99.7666666666666,0,7.9602041944578e-16,13,0,90
414,33.5000000000002,5,2034,99.3869565217397,0,5.51091059616309e-16,9,0,90
414,33.5000000000002,6,579.027561622012,0,0,17.7035282258065,0,0,0
414,33.5000000000002,7,302.879176411285,0,0,0.3,0,0,0
414,33.6000000000002,1,454.865126854213,-5.53024430287178e-11,0,0.105685667501173,5.02338181637676e-09,0,2.72334540497609e-06
414,33.6000000000002,2,469,99.564705882354,0,3.67394039744206e-16,6,0,90
414,33.6000000000002,3,465.330963854083,3.91999999999999,0,7.34788079488412e-17,1.2,0,90
414,33.6000000000002,4,1175,99.7666666666666,0,7.9602041944578e-16,13,0,90
414,33.6000000000002,5,2034,99.3869565217397,0,5.51091059616309e-16,9,0,90
414,33.6000000000002,6,580.798133194593,0,0,17.7079032258065,0,0,0
414,33.6000000000002,7,302.879176411285,0,0,0.3,0,0,0
414,33.7000000000002,1,454.865126854213,-5.53024430287178e-11,0,0.105685667501173,5.02338181637676e-09,0,2.72334540497609e-06
414,33.7000000000002,2,469,99.564705882354,0,3.67394039744206e-16,6,0,90
414,33.7000000000002,3,465.330963854083,3.91999999999999,0,7.34788079488412e-17,1.2,0,90
414,33.7000000000002,4,1175,99.7666666666666,0,7.9602041944578e-16,13,0,90
414,33.7000000000002,5,2034,99.3869565217397,0,5.51091059616309e-16,9,0,90
414,33.7000000000002,6,582.569142267173,0,0,17.7122782258065,0,0,0
414,33.7000000000002,7,302.879176411285,0,0,0.3,0,0,0
414,33.8000000000002,1,454.865126854213,-5.53024430287178e-11,0,0.105685667501173,5.02338181637676e-09,0,2.72334540497609e-06
414,33.8000000000002,2,469,99.564705882354,0,3.67394039744206e-16,6,0,90
414,33.8000000000002,3,465.330963854083,3.91999999999999,0,7.34788079488412e-17,1.2,0,90
414,33.8000000000002,4,1175,99.7666666666666,0,7.9602041944578e-16,13,0,90
414,33.8000000000002,5,2034,99.3869565217397,0,5.51091059616309e-16,9,0,90
414,33.8000000000002,6,584.340588839754,0,0,17.7166532258065,0,0,0
414,33.8000000000002,7,302.879176411285,0,0,0.3,0,0,0
414,33.9000000000002,1,454.865126854213,-5.53024430287178e-11,0,0.105685667501173,5.02338181637676e-09,0,2.72334540497609e-06
414,33.9000000000002,2,469,99.564705882354,0,3.67394039744206e-16,6,0,90
414,33.9000000000002,3,465.330963854083,3.91999999999999,0,7.34788079488412e-17,1.2,0,90
414,33.9000000000002,4,1175,99.7666666666666,0,7.9602041944578e-16,13,0,90
414,33.9000000000002,5,2034,99.3869565217397,0,5.51091059616309e-16,9,0,90
414,33.9000000000002,6,586.112472912335,0,0,17.7210282258065,0,0,0
414,33.9000000000002,7,302.879176411285,0,0,0.3,0,0,0
414,34.0000000000002,1,454.865126854213,-5.53024430287178e-11,0,0.105685667501173,5.02338181637676e-09,0,2.72334540497609e-06
414,34.0000000000002,2,469,99.564705882354,0,3.67394039744206e-16,6,0,90
414,34.0000000000002,3,465.330963854083,3.91999999999999,0,7.34788079488412e-17,1.2,0,90
414,34.0000000000002,4,1175,99.7666666666666,0,7.9602041944578e-16,13,0,90
414,34.0000000000002,5,2034,99.3869565217397,0,5.51091059616309e-16,9,0,90
414,34.0000000000002,6,587.884794484915,0,0,17.7254032258065,0,0,0
414,34.0000000000002,7,302.879176411285,0,0,0.3,0,0,0
414,34.1000000000002,1,454.865126854213,-5.53024430287178e-11,0,0.105685667501173,5.02338181637676e-09,0,2.72334540497609e-06
414,34.1000000000002,2,469,99.564705882354,0,3.67394039744206e-16,6,0,90
414,34.1000000000002,3,465.330963854083,3.91999999999999,0,7.34788079488412e-17,1.2,0,90
414,34.1000000000002,4,1175,99.7666666666666,0,7.9602041944578e-16,13,0,90
414,34.1000000000002,5,2034,99.3869565217397,0,5.51091059616309e-16,9,0,90
414,34.1000000000002,6,589.657553557496,0,0,17.7297782258065,0,0,0
414,34.1000000000002,7,302.879176411285,0,0,0.3,0,0,0
414,34.2000000000002,1,454.865126854213,-5.53024430287178e-11,0,0.105685667501173,5.02338181637676e-09,0,2.72334540497609e-06
414,34.2000000000002,2,469,99.564705882354,0,3.67394039744206e-16,6,0,90
414,34.2000000000002,3,465.330963854083,3.91999999999999,0,7.34788079488412e-17,1.2,0,90
414,34.2000000000002,4,1175,99.7666666666666,0,7.9602041944578e-16,13,0,90
414,34.2000000000002,5,2034,99.3869565217397,0,5.51091059616309e-16,9,0,90
414,34.2000000000002,6,591.430750130077,0,0,17.7341532258065,0,0,0
414,34.2000000000002,7,302.879176411285,0,0,0.3,0,0,0
414,34.3000000000002,1,454.865126854213,-5.53024430287178e-11,0,0.105685667501173,5.02338181637676e-09,0,2.72334540497609e-06
414,34.3000000000002,2,469,99.564705882354,0,3.67394039744206e-16,6,0,90
414,34.3000000000002,3,465.330963854083,3.91999999999999,0,7.34788079488412e-17,1.2,0,90
414,34.3000000000002,4,1175,99.7666666666666,0,7.9602041944578e-16,13,0,90
414,34.3000000000002,5,2034,99.3869565217397,0,5.51091059616309e-16,9,0,90
414,34.3000000000002,6,593.204384202657,0,0,17.7385282258065,0,0,0
414,34.3000000000002,7,302.879176411285,0,0,0.3,0,0,0
414,34.4000000000002,1,454.865126854213,-5.53024430287178e-11,0,0.105685667501173,5.02338181637676e-09,0,2.72334540497609e-06
414,34.4000000000002,2,469,99.564705882354,0,3.67394039744206e-16,6,0,90
414,34.4000000000002,3,465.330963854083,3.91999999999999,0,7.34788079488412e-17,1.2,0,90
414,34.4000000000002,4,1175,99.7666666666666,0,7.9602041944578e-16,13,0,90
414,34.4000000000002,5,2034,99.3869565217397,0,5.51091059616309e-16,9,0,90
414,34.4000000000002,6,594.978455775238,0,0,17.7429032258065,0,0,0
414,34.4000000000002,7,302.879176411285,0,0,0.3,0,0,0
414,34.5000000000002,1,454.865126854213,-5.53024430287178e-11,0,0.105685667501173,5.02338181637676e-09,0,2.72334540497609e-06
414,34.5000000000002,2,469,99.564705882354,0,3.67394039744206e-16,6,0,90
414,34.5000000000002,3,465.330963854083,3.91999999999999,0,7.34788079488412e-17,1.2,0,90
414,34.5000000000002,4,1175,99.7666666666666,0,7.9602041944578e-16,13,0,90
414,34.5000000000002,5,2034,99.3869565217397,0,5.51091059616309e-16,9,0,90
414,34.5000000000002,6,596.752964847819,0,0,17.7472782258065,0,0,0
414,34.5000000000002,7,302.879176411285,0,0,0.3,0,0,0
414,34.6000000000002,1,454.865126854213,-5.53024430287178e-11,0,0.105685667501173,5.02338181637676e-09,0,2.72334540497609e-06
414,34.6000000000002,2,469,99.564705882354,0,3.67394039744206e-16,6,0,90
414,34.6000000000002,3,465.330963854083,3.91999999999999,0,7.34788079488412e-17,1.2,0,90
414,34.6000000000002,4,1175,99.7666666666666,0,7.9602041944578e-16,13,0,90
414,34.6000000000002,5,2034,99.3869565217397,0,5.51091059616309e-16,9,0,90
414,34.6000000000002,6,598.527911420399,0,0,17.7516532258065,0,0,0
414,34.6000000000002,7,302.879176411285,0,0,0.3,0,0,0
414,34.7000000000002,1,454.865126854213,-5.53024430287178e-11,0,0.105685667501173,5.02338181637676e-09,0,2.72334540497609e-06
414,34.7000000000002,2,469,99.564705882354,0,3.67394039744206e-16,6,0,90
414,34.7000000000002,3,465.330963854083,3.91999999999999,0,7.34788079488412e-17,1.2,0,90
414,34.7000000000002,4,1175,99.7666666666666,0,7.9602041944578e-16,13,0,90
414,34.7000000000002,5,2034,99.3869565217397,0,5.51091059616309e-16,9,0,90
414,34.7000000000002,6,600.30329549298,0,0,17.7560282258065,0,0,0
414,34.7000000000002,7,302.879176411285,0,0,0.3,0,0,0
414,34.8000000000002,1,454.865126854213,-5.53024430287178e-11,0,0.105685667501173,5.02338181637676e-09,0,2.72334540497609e-06
414,34.8000000000002,2,469,99.564705882354,0,3.67394039744206e-16,6,0,90
414,34.8000000000002,3,465.330963854083,3.91999999999999,0,7.34788079488412e-17,1.2,0,90
414,34.8000000000002,4,1175,99.7666666666666,0,7.9602041944578e-16,13,0,90
414,34.8000000000002,5,2034,99.3869565217397,0,5.51091059616309e-16,9,0,90
414,34.8000000000002,6,602.079117065561,0,0,17.7604032258065,0,0,0
414,34.8000000000002,7,302.879176411285,0,0,0.3,0,0,0
414,34.9000000000002,1,454.865126854213,-5.53024430287178e-11,0,0.105685667501173,5.02338181637676e-09,0,2.72334540497609e-06
414,34.9000000000002,2,469,99.564705882354,0,3.67394039744206e-16,6,0,90
414,34.9000000000002,3,465.330963854083,3.91999999999999,0,7.34788079488412e-17,1.2,0,90
414,34.9000000000002,4,1175,99.7666666666666,0,7.9602041944578e-16,13,0,90
414,34.9000000000002,5,2034,99.3869565217397,0,5.51091059616309e-16,9,0,90
414,34.9000000000002,6,603.855376138141,0,0,17.7647782258065,0,0,0
414,34.9000000000002,7,302.879176411285,0,0,0.3,0,0,0
414,35.0000000000002,1,454.865126854213,-5.53024430287178e-11,0,0.105685667501173,5.02338181637676e-09,0,2.72334540497609e-06
414,35.0000000000002,2,469,99.564705882354,0,3.67394039744206e-16,6,0,90
414,35.0000000000002,3,465.330963854083,3.91999999999999,0,7.34788079488412e-17,1.2,0,90
414,35.0000000000002,4,1175,99.7666666666666,0,7.9602041944578e-16,13,0,90
414,35.0000000000002,5,2034,99.3869565217397,0,5.51091059616309e-16,9,0,90
414,35.0000000000002,6,605.632072710722,0,0,17.7691532258065,0,0,0
414,35.0000000000002,7,302.879176411285,0,0,0.3,0,0,0
414,35.1000000000002,1,454.865126854213,-5.53024430287178e-11,0,0.105685667501173,5.02338181637676e-09,0,2.72334540497609e-06
414,35.1000000000002,2,469,99.564705882354,0,3.67394039744206e-16,6,0,90
414,35.1000000000002,3,465.330963854083,3.91999999999999,0,7.34788079488412e-17,1.2,0,90
414,35.1000000000002,4,1175,99.7666666666666,0,7.9602041944578e-16,13,0,90
414,35.1000000000002,5,2034,99.3869565217397,0,5.51091059616309e-16,9,0,90
414,35.1000000000002,6,607.409206783303,0,0,17.7735282258065,0,0,0
414,35.1000000000002,7,302.879176411285,0,0,0.3,0,0,0
414,35.2000000000002,1,454.865126854213,-5.53024430287178e-11,0,0.105685667501173,5.02338181637676e-09,0,2.72334540497609e-06
414,35.2000000000002,2,469,99.564705882354,0,3.67394039744206e-16,6,0,90
414,35.2000000000002,3,465.330963854083,3.91999999999999,0,7.34788079488412e-17,1.2,0,90
414,35.2000000000002,4,1175,99.7666666666666,0,7.9602041944578e-16,13,0,90
414,35.2000000000002,5,2034,99.3869565217397,0,5.51091059616309e-16,9,0,90
414,35.2000000000002,6,609.186778355883,0,0,17.7779032258065,0,0,0
414,35.2000000000002,7,302.879176411285,0,0,0.3,0,0,0
414,35.3000000000002,1,454.865126854213,-5.53024430287178e-11,0,0.105685667501173,5.02338181637676e-09,0,2.72334540497609e-06
414,35.3000000000002,2,469,99.564705882354,0,3.67394039744206e-16,6,0,90
414,35.3000000000002,3,465.330963854083,3.91999999999999,0,7.34788079488412e-17,1.2,0,90
414,35.3000000000002,4,1175,99.7666666666666,0,7.9602041944578e-16,13,0,90
414,35.3000000000002,5,2034,99.3869565217397,0,5.51091059616309e-16,9,0,90
414,35.3000000000002,6,610.964787428464,0,0,17.7822782258065,0,0,0
414,35.3000000000002,7,302.879176411285,0,0,0.3,0,0,0
414,35.4000000000002,1,454.865126854213,-5.53024430287178e-11,0,0.105685667501173,5.02338181637676e-09,0,2.72334540497609e-06
414,35.4000000000002,2,469,99.564705882354,0,3.67394039744206e-16,6,0,90
414,35.4000000000002,3,465.330963854083,3.91999999999999,0,7.34788079488412e-17,1.2,0,90
414,35.4000000000002,4,1175,99.7666666666666,0,7.9602041944578e-16,13,0,90
414,35.4000000000002,5,2034,99.3869565217397,0,5.51091059616309e-16,9,0,90
414,35.4000000000002,6,612.743234001045,0,0,17.7866532258065,0,0,0
414,35.4000000000002,7,302.879176411285,0,0,0.3,0,0,0
414,35.5000000000002,1,454.865126854213,-5.53024430287178e-11,0,0.105685667501173,5.02338181637676e-09,0,2.72334540497609e-06
414,35.5000000000002,2,469,99.564705882354,0,3.67394039744206e-16,6,0,90
414,35.5000000000002,3,465.330963854083,3.91999999999999,0,7.34788079488412e-17,1.2,0,90
414,35.5000000000002,4,1175,99.7666666666666,0,7.9602041944578e-16,13,0,90
414,35.5000000000002,5,2034,99.3869565217397,0,5.51091059616309e-16,9,0,90
414,35.5000000000002,6,614.522118073625,0,0,17.7910282258065,0,0,0
414,35.5000000000002,7,302.879176411285,0,0,0.3,0,0,0
414,35.6000000000002,1,454.865126854213,-5.53024430287178e-11,0,0.105685667501173,5.02338181637676e-09,0,2.72334540497609e-06
414,35.6000000000002,2,469,99.564705882354,0,3.67394039744206e-16,6,0,90
414,35.6000000000002,3,465.330963854083,3.91999999999999,0,7.34788079488412e-17,1.2,0,90
414,35.6000000000002,4,1175,99.7666666666666,0,7.9602041944578e-16,13,0,90
414,35.6000000000002,5,2034,99.3869565217397,0,5.51091059616309e-16,9,0,90
414,35.6000000000002,6,616.301439646206,0,0,17.7954032258065,0,0,0
414,35.6000000000002,7,302.879176411285,0,0,0.3,0,0,0
414,35.7000000000002,1,454.865126854213,-5.53024430287178e-11,0,0.105685667501173,5.02338181637676e-09,0,2.72334540497609e-06
414,35.7000000000002,2,469,99.564705882354,0,3.67394039744206e-16,6,0,90
414,35.7000000000002,3,465.330963854083,3.91999999999999,0,7.34788079488412e-17,1.2,0,90
414,35.7000000000002,4,1175,99.7666666666666,0,7.9602041944578e-16,13,0,90
414,35.7000000000002,5,2034,99.3869565217397,0,5.51091059616309e-16,9,0,90
414,35.7000000000002,6,618.081198718787,0,0,17.7997782258065,0,0,0
414,35.7000000000002,7,302.879176411285,0,0,0.3,0,0,0
414,35.8000000000002,1,454.865126854213,-5.53024430287178e-11,0,0.105685667501173,5.02338181637676e-09,0,2.72334540497609e-06
414,35.8000000000002,2,469,99.564705882354,0,3.67394039744206e-16,6,0,90
414,35.8000000000002,3,465.330963854083,3.91999999999999,0,7.34788079488412e-17,1.2,0,90
414,35.8000000000002,4,1175,99.7666666666666,0,7.9602041944578e-16,13,0,90
414,35.8000000000002,5,2034,99.3869565217397,0,5.51091059616309e-16,9,0,90
414,35.8000000000002,6,619.861395291367,0,0,17.8041532258065,0,0,0
414,35.8000000000002,7,302.879176411285,0,0,0.3,0,0,0
414,35.9000000000002,1,454.865126854213,-5.53024430287178e-11,0,0.105685667501173,5.02338181637676e-09,0,2.72334540497609e-06
414,35.9000000000002,2,469,99.564705882354,0,3.67394039744206e-16,6,0,90
414,35.9000000000002,3,465.330963854083,3.91999999999999,0,7.34788079488412e-17,1.2,0,90
414,35.9000000000002,4,1175,99.7666666666666,0,7.9602041944578e-16,13,0,90
414,35.9000000000002,5,2034,99.3869565217397,0,5.51091059616309e-16,9,0,90
414,35.9000000000002,6,621.642029363948,0,0,17.8085282258065,0,0,0
414,35.9000000000002,7,302.879176411285,0,0,0.3,0,0,0
414,36.0000000000002,1,454.865126854213,-5.53024430287178e-11,0,0.105685667501173,5.02338181637676e-09,0,2.72334540497609e-06
414,36.0000000000002,2,469,99.564705882354,0,3.67394039744206e-16,6,0,90
414,36.0000000000002,3,465.330963854083,3.91999999999999,0,7.34788079488412e-17,1.2,0,90
414,36.0000000000002,4,1175,99.7666666666666,0,7.9602041944578e-16,13,0,90
414,36.0000000000002,5,2034,99.3869565217397,0,5.51091059616309e-16,9,0,90
414,36.0000000000002,6,623.423100936529,0,0,17.8129032258065,0,0,0
414,36.0000000000002,7,302.879176411285,0,0,0.3,0,0,0
414,36.1000000000002,1,454.865126854213,-5.53024430287178e-11,0,0.105685667501173,5.02338181637676e-09,0,2.72334540497609e-06
414,36.1000000000002,2,469,99.564705882354,0,3.67394039744206e-16,6,0,90
414,36.1000000000002,3,465.330963854083,3.91999999999999,0,7.34788079488412e-17,1.2,0,90
414,36.1000000000002,4,1175,99.7666666666666,0,7.9602041944578e-16,13,0,90
414,36.1000000000002,5,2034,99.3869565217397,0,5.51091059616309e-16,9,0,90
414,36.1000000000002,6,625.20461000911,0,0,17.8172782258065,0,0,0
414,36.1000000000002,7,302.879176411285,0,0,0.3,0,0,0
414,36.2000000000002,1,454.865126854213,-5.53024430287178e-11,0,0.105685667501173,5.02338181637676e-09,0,2.72334540497609e-06
414,36.2000000000002,2,469,99.564705882354,0,3.67394039744206e-16,6,0,90
414,36.2000000000002,3,465.330963854083,3.91999999999999,0,7.34788079488412e-17,1.2,0,90
414,36.2000000000002,4,1175,99.7666666666666,0,7.9602041944578e-16,13,0,90
414,36.2000000000002,5,2034,99.3869565217397,0,5.51091059616309e-16,9,0,90
414,36.2000000000002,6,626.98655658169,0,0,17.8216532258065,0,0,0
414,36.2000000000002,7,302.879176411285,0,0,0.3,0,0,0
414,36.3000000000002,1,454.865126854213,-5.53024430287178e-11,0,0.105685667501173,5.02338181637676e-09,0,2.72334540497609e-06
414,36.3000000000002,2,469,99.564705882354,0,3.67394039744206e-16,6,0,90
414,36.3000000000002,3,465.330963854083,3.91999999999999,0,7.34788079488412e-17,1.2,0,90
414,36.3000000000002,4,1175,99.7666666666666,0,7.9602041944578e-16,13,0,90
414,36.3000000000002,5,2034,99.3869565217397,0,5.51091059616309e-16,9,0,90
414,36.3000000000002,6,628.768940654271,0,0,17.8260282258065,0,0,0
414,36.3000000000002,7,302.879176411285,0,0,0.3,0,0,0
414,36.4000000000002,1,454.865126854213,-5.53024430287178e-11,0,0.105685667501173,5.02338181637676e-09,0,2.72334540497609e-06
414,36.4000000000002,2,469,99.564705882354,0,3.67394039744206e-16,6,0,90
414,36.4000000000002,3,465.330963854083,3.91999999999999,0,7.34788079488412e-17,1.2,0,90
414,36.4000000000002,4,1175,99.7666666666666,0,7.9602041944578e-16,13,0,90
414,36.4000000000002,5,2034,99.3869565217397,0,5.51091059616309e-16,9,0,90
414,36.4000000000002,6,630.551762226851,0,0,17.8304032258065,0,0,0
414,36.4000000000002,7,302.879176411285,0,0,0.3,0,0,0
414,36.5000000000002,1,454.865126854213,-5.53024430287178e-11,0,0.105685667501173,5.02338181637676e-09,0,2.72334540497609e-06
414,36.5000000000002,2,469,99.564705882354,0,3.67394039744206e-16,6,0,90
414,36.5000000000002,3,465.330963854083,3.91999999999999,0,7.34788079488412e-17,1.2,0,90
414,36.5000000000002,4,1175,99.7666666666666,0,7.9602041944578e-16,13,0,90
414,36.5000000000002,5,2034,99.3869565217397,0,5.51091059616309e-16,9,0,90
414,36.5000000000002,6,632.335021299432,0,0,17.8347782258065,0,0,0
414,36.5000000000002,7,302.879176411285,0,0,0.3,0,0,0
414,36.6000000000003,1,454.865126854213,-5.53024430287178e-11,0,0.105685667501173,5.02338181637676e-09,0,2.72334540497609e-06
414,36.6000000000003,2,469,99.564705882354,0,3.67394039744206e-16,6,0,90
414,36.6000000000003,3,465.330963854083,3.91999999999999,0,7.34788079488412e-17,1.2,0,90
414,36.6000000000003,4,1175,99.7666666666666,0,7.9602041944578e-16,13,0,90
414,36.6000000000003,5,2034,99.3869565217397,0,5.51091059616309e-16,9,0,90
414,36.6000000000003,6,634.118717872013,0,0,17.8391532258065,0,0,0
414,36.6000000000003,7,302.879176411285,0,0,0.3,0,0,0
414,36.7000000000003,1,454.865126854213,-5.53024430287178e-11,0,0.105685667501173,5.02338181637676e-09,0,2.72334540497609e-06
414,36.7000000000003,2,469,99.564705882354,0,3.67394039744206e-16,6,0,90
414,36.7000000000003,3,465.330963854083,3.91999999999999,0,7.34788079488412e-17,1.2,0,90
414,36.7000000000003,4,1175,99.7666666666666,0,7.9602041944578e-16,13,0,90
414,36.7000000000003,5,2034,99.3869565217397,0,5.51091059616309e-16,9,0,90
414,36.7000000000003,6,635.902851944594,0,0,17.8435282258065,0,0,0
414,36.7000000000003,7,302.879176411285,0,0,0.3,0,0,0
414,36.8000000000003,1,454.865126854213,-5.53024430287178e-11,0,0.105685667501173,5.02338181637676e-09,0,2.72334540497609e-06
414,36.8000000000003,2,469,99.564705882354,0,3.67394039744206e-16,6,0,90
414,36.8000000000003,3,465.330963854083,3.91999999999999,0,7.34788079488412e-17,1.2,0,90
414,36.8000000000003,4,1175,99.7666666666666,0,7.9602041944578e-16,13,0,90
414,36.8000000000003,5,2034,99.3869565217397,0,5.51091059616309e-16,9,0,90
414,36.8000000000003,6,637.687423517174,0,0,17.8479032258065,0,0,0
414,36.8000000000003,7,302.879176411285,0,0,0.3,0,0,0
414,36.9000000000003,1,454.865126854213,-5.53024430287178e-11,0,0.105685667501173,5.02338181637676e-09,0,2.72334540497609e-06
414,36.9000000000003,2,469,99.564705882354,0,3.67394039744206e-16,6,0,90
414,36.9000000000003,3,465.330963854083,3.91999999999999,0,7.34788079488412e-17,1.2,0,90
414,36.9000000000003,4,1175,99.7666666666666,0,7.9602041944578e-16,13,0,90
414,36.9000000000003,5,2034,99.3869565217397,0,5.51091059616309e-16,9,0,90
414,36.9000000000003,6,639.472432589755,0,0,17.8522782258065,0,0,0
414,36.9000000000003,7,302.879176411285,0,0,0.3,0,0,0
414,37.0000000000003,1,454.865126854213,-5.53024430287178e-11,0,0.105685667501173,5.02338181637676e-09,0,2.72334540497609e-06
414,37.0000000000003,2,469,99.564705882354,0,3.67394039744206e-16,6,0,90
414,37.0000000000003,3,465.330963854083,3.91999999999999,0,7.34788079488412e-17,1.2,0,90
414,37.0000000000003,4,1175,99.7666666666666,0,7.9602041944578e-16,13,0,90
414,37.0000000000003,5,2034,99.3869565217397,0,5.51091059616309e-16,9,0,90
414,37.0000000000003,6,641.257879162335,0,0,17.8566532258065,0,0,0
414,37.0000000000003,7,302.879176411285,0,0,0.3,0,0,0
414,37.1000000000003,1,454.865126854213,-5.53024430287178e-11,0,0.105685667501173,5.02338181637676e-09,0,2.72334540497609e-06
414,37.1000000000003,2,469,99.564705882354,0,3.67394039744206e-16,6,0,90
414,37.1000000000003,3,465.330963854083,3.91999999999999,0,7.34788079488412e-17,1.2,0,90
414,37.1000000000003,4,1175,99.7666666666666,0,7.9602041944578e-16,13,0,90
414,37.1000000000003,5,2034,99.3869565217397,0,5.51091059616309e-16,9,0,90
414,37.1000000000003,6,643.043763234916,0,0,17.8610282258065,0,0,0
414,37.1000000000003,7,302.879176411285,0,0,0.3,0,0,0
414,37.2000000000003,1,454.865126854213,-5.53024430287178e-11,0,0.105685667501173,5.02338181637676e-09,0,2.72334540497609e-06
414,37.2000000000003,2,469,99.564705882354,0,3.67394039744206e-16,6,0,90
414,37.2000000000003,3,465.330963854083,3.91999999999999,0,7.34788079488412e-17,1.2,0,90
414,37.2000000000003,4,1175,99.7666666666666,0,7.9602041944578e-16,13,0,90
414,37.2000000000003,5,2034,99.3869565217397,0,5.51091059616309e-16,9,0,90
414,37.2000000000003,6,644.830084807497,0,0,17.8654032258065,0,0,0
414,37.2000000000003,7,302.879176411285,0,0,0.3,0,0,0
414,37.3000000000003,1,454.865126854213,-5.53024430287178e-11,0,0.105685667501173,5.02338181637676e-09,0,2.72334540497609e-06
414,37.3000000000003,2,469,99.564705882354,0,3.67394039744206e-16,6,0,90
414,37.3000000000003,3,465.330963854083,3.91999999999999,0,7.34788079488412e-17,1.2,0,90
414,37.3000000000003,4,1175,99.7666666666666,0,7.9602041944578e-16,13,0,90
414,37.3000000000003,5,2034,99.3869565217397,0,5.51091059616309e-16,9,0,90
414,37.3000000000003,6,646.616843880078,0,0,17.8697782258065,0,0,0
414,37.3000000000003,7,302.879176411285,0,0,0.3,0,0,0
414,37.4000000000003,1,454.865126854213,-5.53024430287178e-11,0,0.105685667501173,5.02338181637676e-09,0,2.72334540497609e-06
414,37.4000000000003,2,469,99.564705882354,0,3.67394039744206e-16,6,0,90
414,37.4000000000003,3,465.330963854083,3.91999999999999,0,7.34788079488412e-17,1.2,0,90
414,37.4000000000003,4,1175,99.7666666666666,0,7.9602041944578e-16,13,0,90
414,37.4000000000003,5,2034,99.3869565217397,0,5.51091059616309e-16,9,0,90
414,37.4000000000003,6,648.404040452658,0,0,17.8741532258065,0,0,0
414,37.4000000000003,7,302.879176411285,0,0,0.3,0,0,0
414,37.5000000000003,1,454.865126854213,-5.53024430287178e-11,0,0.105685667501173,5.02338181637676e-09,0,2.72334540497609e-06
414,37.5000000000003,2,469,99.564705882354,0,3.67394039744206e-16,6,0,90
414,37.5000000000003,3,465.330963854083,3.91999999999999,0,7.34788079488412e-17,1.2,0,90
414,37.5000000000003,4,1175,99.7666666666666,0,7.9602041944578e-16,13,0,90
414,37.5000000000003,5,2034,99.3869565217397,0,5.51091059616309e-16,9,0,90
414,37.5000000000003,6,650.191674525239,0,0,17.8785282258065,0,0,0
414,37.5000000000003,7,302.879176411285,0,0,0.3,0,0,0
414,37.6000000000003,1,454.865126854213,-5.53024430287178e-11,0,0.105685667501173,5.02338181637676e-09,0,2.72334540497609e-06
414,37.6000000000003,2,469,99.564705882354,0,3.67394039744206e-16,6,0,90
414,37.6000000000003,3,465.330963854083,3.91999999999999,0,7.34788079488412e-17,1.2,0,90
414,37.6000000000003,4,1175,99.7666666666666,0,7.9602041944578e-16,13,0,90
414,37.6000000000003,5,2034,99.3869565217397,0,5.51091059616309e-16,9,0,90
414,37.6000000000003,6,651.97974609782,0,0,17.8829032258065,0,0,0
414,37.6000000000003,7,302.879176411285,0,0,0.3,0,0,0
414,37.7000000000003,1,454.865126854213,-5.53024430287178e-11,0,0.105685667501173,5.02338181637676e-09,0,2.72334540497609e-06
414,37.7000000000003,2,469,99.564705882354,0,3.67394039744206e-16,6,0,90
414,37.7000000000003,3,465.330963854083,3.91999999999999,0,7.34788079488412e-17,1.2,0,90
414,37.7000000000003,4,1175,99.7666666666666,0,7.9602041944578e-16,13,0,90
414,37.7000000000003,5,2034,99.3869565217397,0,5.51091059616309e-16,9,0,90
414,37.7000000000003,6,653.7682551704,0,0,17.8872782258065,0,0,0
414,37.7000000000003,7,302.879176411285,0,0,0.3,0,0,0
414,37.8000000000003,1,454.865126854213,-5.53024430287178e-11,0,0.105685667501173,5.02338181637676e-09,0,2.72334540497609e-06
414,37.8000000000003,2,469,99.564705882354,0,3.67394039744206e-16,6,0,90
414,37.8000000000003,3,465.330963854083,3.91999999999999,0,7.34788079488412e-17,1.2,0,90
414,37.8000000000003,4,1175,99.7666666666666,0,7.9602041944578e-16,13,0,90
414,37.8000000000003,5,2034,99.3869565217397,0,5.51091059616309e-16,9,0,90
414,37.8000000000003,6,655.557201742981,0,0,17.8916532258065,0,0,0
414,37.8000000000003,7,302.879176411285,0,0,0.3,0,0,0
414,37.9000000000003,1,454.865126854213,-5.53024430287178e-11,0,0.105685667501173,5.02338181637676e-09,0,2.72334540497609e-06
414,37.9000000000003,2,469,99.564705882354,0,3.67394039744206e-16,6,0,90
414,37.9000000000003,3,465.330963854083,3.91999999999999,0,7.34788079488412e-17,1.2,0,90
414,37.9000000000003,4,1175,99.7666666666666,0,7.9602041944578e-16,13,0,90
414,37.9000000000003,5,2034,99.3869565217397,0,5.51091059616309e-16,9,0,90
414,37.9000000000003,6,657.346585815562,0,0,17.8960282258065,0,0,0
414,37.9000000000003,7,302.879176411285,0,0,0.3,0,0,0
414,38.0000000000003,1,454.865126854213,-5.53024430287178e-11,0,0.105685667501173,5.02338181637676e-09,0,2.72334540497609e-06
414,38.0000000000003,2,469,99.564705882354,0,3.67394039744206e-16,6,0,90
414,38.0000000000003,3,465.330963854083,3.91999999999999,0,7.34788079488412e-17,1.2,0,90
414,38.0000000000003,4,1175,99.7666666666666,0,7.9602041944578e-16,13,0,90
414,38.0000000000003,5,2034,99.3869565217397,0,5.51091059616309e-16,9,0,90
414,38.0000000000003,6,659.136407388142,0,0,17.9004032258065,0,0,0
414,38.0000000000003,7,302.879176411285,0,0,0.3,0,0,0
414,38.1000000000003,1,454.865126854213,-5.53024430287178e-11,0,0.105685667501173,5.02338181637676e-09,0,2.72334540497609e-06
414,38.1000000000003,2,469,99.564705882354,0,3.67394039744206e-16,6,0,90
414,38.1000000000003,3,465.330963854083,3.91999999999999,0,7.34788079488412e-17,1.2,0,90
414,38.1000000000003,4,1175,99.7666666666666,0,7.9602041944578e-16,13,0,90
414,38.1000000000003,5,2034,99.3869565217397,0,5.51091059616309e-16,9,0,90
414,38.1000000000003,6,660.926666460723,0,0,17.9047782258065,0,0,0
414,38.1000000000003,7,302.879176411285,0,0,0.3,0,0,0
414,38.2000000000003,1,454.865126854213,-5.53024430287178e-11,0,0.105685667501173,5.02338181637676e-09,0,2.72334540497609e-06
414,38.2000000000003,2,469,99.564705882354,0,3.67394039744206e-16,6,0,90
414,38.2000000000003,3,465.330963854083,3.91999999999999,0,7.34788079488412e-17,1.2,0,90
414,38.2000000000003,4,1175,99.7666666666666,0,7.9602041944578e-16,13,0,90
414,38.2000000000003,5,2034,99.3869565217397,0,5.51091059616309e-16,9,0,90
414,38.2000000000003,6,662.717363033304,0,0,17.9091532258065,0,0,0
414,38.2000000000003,7,302.879176411285,0,0,0.3,0,0,0
414,38.3000000000003,1,454.865126854213,-5.53024430287178e-11,0,0.105685667501173,5.02338181637676e-09,0,2.72334540497609e-06
414,38.3000000000003,2,469,99.564705882354,0,3.67394039744206e-16,6,0,90
414,38.3000000000003,3,465.330963854083,3.91999999999999,0,7.34788079488412e-17,1.2,0,90
414,38.3000000000003,4,1175,99.7666666666666,0,7.9602041944578e-16,13,0,90
414,38.3000000000003,5,2034,99.3869565217397,0,5.51091059616309e-16,9,0,90
414,38.3000000000003,6,664.508497105884,0,0,17.9135282258065,0,0,0
414,38.3000000000003,7,302.879176411285,0,0,0.3,0,0,0
414,38.4000000000003,1,454.865126854213,-5.53024430287178e-11,0,0.105685667501173,5.02338181637676e-09,0,2.72334540497609e-06
414,38.4000000000003,2,469,99.564705882354,0,3.67394039744206e-16,6,0,90
414,38.4000000000003,3,465.330963854083,3.91999999999999,0,7.34788079488412e-17,1.2,0,90
414,38.4000000000003,4,1175,99.7666666666666,0,7.9602041944578e-16,13,0,90
414,38.4000000000003,5,2034,99.3869565217397,0,5.51091059616309e-16,9,0,90
414,38.4000000000003,6,666.300068678465,0,0,17.9179032258065,0,0,0
414,38.4000000000003,7,302.879176411285,0,0,0.3,0,0,0
414,38.5000000000003,1,454.865126854213,-5.53024430287178e-11,0,0.105685667501173,5.02338181637676e-09,0,2.72334540497609e-06
414,38.5000000000003,2,469,99.564705882354,0,3.67394039744206e-16,6,0,90
414,38.5000000000003,3,465.330963854083,3.91999999999999,0,7.34788079488412e-17,1.2,0,90
414,38.5000000000003,4,1175,99.7666666666666,0,7.9602041944578e-16,13,0,90
414,38.5000000000003,5,2034,99.3869565217397,0,5.51091059616309e-16,9,0,90
414,38.5000000000003,6,668.092077751046,0,0,17.9222782258065,0,0,0
414,38.5000000000003,7,302.879176411285,0,0,0.3,0,0,0
414,38.6000000000003,1,454.865126854213,-5.53024430287178e-11,0,0.105685667501173,5.02338181637676e-09,0,2.72334540497609e-06
414,38.6000000000003,2,469,99.564705882354,0,3.67394039744206e-16,6,0,90
414,38.6000000000003,3,465.330963854083,3.91999999999999,0,7.34788079488412e-17,1.2,0,90
414,38.6000000000003,4,1175,99.7666666666666,0,7.9602041944578e-16,13,0,90
414,38.6000000000003,5,2034,99.3869565217397,0,5.51091059616309e-16,9,0,90
414,38.6000000000003,6,669.884524323626,0,0,17.9266532258065,0,0,0
414,38.6000000000003,7,302.879176411285,0,0,0.3,0,0,0
414,38.7000000000003,1,454.865126854213,-5.53024430287178e-11,0,0.105685667501173,5.02338181637676e-09,0,2.72334540497609e-06
414,38.7000000000003,2,469,99.564705882354,0,3.67394039744206e-16,6,0,90
414,38.7000000000003,3,465.330963854083,3.91999999999999,0,7.34788079488412e-17,1.2,0,90
414,38.7000000000003,4,1175,99.7666666666666,0,7.9602041944578e-16,13,0,90
414,38.7000000000003,5,2034,99.3869565217397,0,5.51091059616309e-16,9,0,90
414,38.7000000000003,6,671.677408396207,0,0,17.9310282258065,0,0,0
414,38.7000000000003,7,302.879176411285,0,0,0.3,0,0,0
414,38.8000000000003,1,454.865126854213,-5.53024430287178e-11,0,0.105685667501173,5.02338181637676e-09,0,2.72334540497609e-06
414,38.8000000000003,2,469,99.564705882354,0,3.67394039744206e-16,6,0,90
414,38.8000000000003,3,465.330963854083,3.91999999999999,0,7.34788079488412e-17,1.2,0,90
414,38.8000000000003,4,1175,99.7666666666666,0,7.9602041944578e-16,13,0,90
414,38.8000000000003,5,2034,99.3869565217397,0,5.51091059616309e-16,9,0,90
414,38.8000000000003,6,673.470729968788,0,0,17.9354032258065,0,0,0
414,38.8000000000003,7,302.879176411285,0,0,0.3,0,0,0
414,38.9000000000003,1,454.865126854213,-5.53024430287178e-11,0,0.105685667501173,5.02338181637676e-09,0,2.72334540497609e-06
414,38.9000000000003,2,469,99.564705882354,0,3.67394039744206e-16,6,0,90
414,38.9000000000003,3,465.330963854083,3.91999999999999,0,7.34788079488412e-17,1.2,0,90
414,38.9000000000003,4,1175,99.7666666666666,0,7.9602041944578e-16,13,0,90
414,38.9000000000003,5,2034,99.3869565217397,0,5.51091059616309e-16,9,0,90
414,38.9000000000003,6,675.264489041368,0,0,17.9397782258065,0,0,0
414,38.9000000000003,7,302.879176411285,0,0,0.3,0,0,0
414,39.0000000000003,1,454.865126854213,-5.53024430287178e-11,0,0.105685667501173,5.02338181637676e-09,0,2.72334540497609e-06
414,39.0000000000003,2,469,99.564705882354,0,3.67394039744206e-16,6,0,90
414,39.0000000000003,3,465.330963854083,3.91999999999999,0,7.34788079488412e-17,1.2,0,90
414,39.0000000000003,4,1175,99.7666666666666,0,7.9602041944578e-16,13,0,90
414,39.0000000000003,5,2034,99.3869565217397,0,5.51091059616309e-16,9,0,90
414,39.0000000000003,6,677.058685613949,0,0,17.9441532258065,0,0,0
414,39.0000000000003,7,302.879176411285,0,0,0.3,0,0,0
414,39.1000000000003,1,454.865126854213,-5.53024430287178e-11,0,0.105685667501173,5.02338181637676e-09,0,2.72334540497609e-06
414,39.1000000000003,2,469,99.564705882354,0,3.67394039744206e-16,6,0,90
414,39.1000000000003,3,465.330963854083,3.91999999999999,0,7.34788079488412e-17,1.2,0,90
414,39.1000000000003,4,1175,99.7666666666666,0,7.9602041944578e-16,13,0,90
414,39.1000000000003,5,2034,99.3869565217397,0,5.51091059616309e-16,9,0,90
414,39.1000000000003,6,678.85331968653,0,0,17.9485282258065,0,0,0
414,39.1000000000003,7,302.879176411285,0,0,0.3,0,0,0
414,39.2000000000003,1,454.865126854213,-5.53024430287178e-11,0,0.105685667501173,5.02338181637676e-09,0,2.72334540497609e-06
414,39.2000000000003,2,469,99.564705882354,0,3.67394039744206e-16,6,0,90
414,39.2000000000003,3,465.330963854083,3.91999999999999,0,7.34788079488412e-17,1.2,0,90
414,39.2000000000003,4,1175,99.7666666666666,0,7.9602041944578e-16,13,0,90
414,39.2000000000003,5,2034,99.3869565217397,0,5.51091059616309e-16,9,0,90
414,39.2000000000003,6,680.64839125911,0,0,17.9529032258065,0,0,0
414,39.2000000000003,7,302.879176411285,0,0,0.3,0,0,0
414,39.3000000000003,1,454.865126854213,-5.53024430287178e-11,0,0.105685667501173,5.02338181637676e-09,0,2.72334540497609e-06
414,39.3000000000003,2,469,99.564705882354,0,3.67394039744206e-16,6,0,90
414,39.3000000000003,3,465.330963854083,3.91999999999999,0,7.34788079488412e-17,1.2,0,90
414,39.3000000000003,4,1175,99.7666666666666,0,7.9602041944578e-16,13,0,90
414,39.3000000000003,5,2034,99.3869565217397,0,5.51091059616309e-16,9,0,90
414,39.3000000000003,6,682.443900331691,0,0,17.9572782258065,0,0,0
414,39.3000000000003,7,302.879176411285,0,0,0.3,0,0,0
414,39.4000000000003,1,454.865126854213,-5.53024430287178e-11,0,0.105685667501173,5.02338181637676e-09,0,2.72334540497609e-06
414,39.4000000000003,2,469,99.564705882354,0,3.67394039744206e-16,6,0,90
414,39.4000000000003,3,465.330963854083,3.91999999999999,0,7.34788079488412e-17,1.2,0,90
414,39.4000000000003,4,1175,99.7666666666666,0,7.9602041944578e-16,13,0,90
414,39.4000000000003,5,2034,99.3869565217397,0,5.51091059616309e-16,9,0,90
414,39.4000000000003,6,684.239846904272,0,0,17.9616532258065,0,0,0
414,39.4000000000003,7,302.879176411285,0,0,0.3,0,0,0
414,39.5000000000003,1,454.865126854213,-5.53024430287178e-11,0,0.105685667501173,5.02338181637676e-09,0,2.72334540497609e-06
414,39.5000000000003,2,469,99.564705882354,0,3.67394039744206e-16,6,0,90
414,39.5000000000003,3,465.330963854083,3.91999999999999,0,7.34788079488412e-17,1.2,0,90
414,39.5000000000003,4,1175,99.7666666666666,0,7.9602041944578e-16,13,0,90
414,39.5000000000003,5,2034,99.3869565217397,0,5.51091059616309e-16,9,0,90
414,39.5000000000003,6,686.036230976852,0,0,17.9660282258065,0,0,0
414,39.5000000000003,7,302.879176411285,0,0,0.3,0,0,0
414,39.6000000000003,1,454.865126854213,-5.53024430287178e-11,0,0.105685667501173,5.02338181637676e-09,0,2.72334540497609e-06
414,39.6000000000003,2,469,99.564705882354,0,3.67394039744206e-16,6,0,90
414,39.6000000000003,3,465.330963854083,3.91999999999999,0,7.34788079488412e-17,1.2,0,90
414,39.6000000000003,4,1175,99.7666666666666,0,7.9602041944578e-16,13,0,90
414,39.6000000000003,5,2034,99.3869565217397,0,5.51091059616309e-16,9,0,90
414,39.6000000000003,6,687.833052549433,0,0,17.9704032258065,0,0,0
414,39.6000000000003,7,302.879176411285,0,0,0.3,0,0,0
414,39.7000000000003,1,454.865126854213,-5.53024430287178e-11,0,0.105685667501173,5.02338181637676e-09,0,2.72334540497609e-06
414,39.7000000000003,2,469,99.564705882354,0,3.67394039744206e-16,6,0,90
414,39.7000000000003,3,465.330963854083,3.91999999999999,0,7.34788079488412e-17,1.2,0,90
414,39.7000000000003,4,1175,99.7666666666666,0,7.9602041944578e-16,13,0,90
414,39.7000000000003,5,2034,99.3869565217397,0,5.51091059616309e-16,9,0,90
414,39.7000000000003,6,689.630311622014,0,0,17.9747782258065,0,0,0
414,39.7000000000003,7,302.879176411285,0,0,0.3,0,0,0
414,39.8000000000003,1,454.865126854213,-5.53024430287178e-11,0,0.105685667501173,5.02338181637676e-09,0,2.72334540497609e-06
414,39.8000000000003,2,469,99.564705882354,0,3.67394039744206e-16,6,0,90
414,39.8000000000003,3,465.330963854083,3.91999999999999,0,7.34788079488412e-17,1.2,0,90
414,39.8000000000003,4,1175,99.7666666666666,0,7.9602041944578e-16,13,0,90
414,39.8000000000003,5,2034,99.3869565217397,0,5.51091059616309e-16,9,0,90
414,39.8000000000003,6,691.428008194594,0,0,17.9791532258065,0,0,0
414,39.8000000000003,7,302.879176411285,0,0,0.3,0,0,0
414,39.9000000000003,1,454.865126854213,-5.53024430287178e-11,0,0.105685667501173,5.02338181637676e-09,0,2.72334540497609e-06
414,39.9000000000003,2,469,99.564705882354,0,3.67394039744206e-16,6,0,90
414,39.9000000000003,3,465.330963854083,3.91999999999999,0,7.34788079488412e-17,1.2,0,90
414,39.9000000000003,4,1175,99.7666666666666,0,7.9602041944578e-16,13,0,90
414,39.9000000000003,5,2034,99.3869565217397,0,5.51091059616309e-16,9,0,90
414,39.9000000000003,6,693.226142267175,0,0,17.9835282258065,0,0,0
414,39.9000000000003,7,302.879176411285,0,0,0.3,0,0,0
414,40.0000000000003,1,454.865126854213,-5.53024430287178e-11,0,0.105685667501173,5.02338181637676e-09,0,2.72334540497609e-06
414,40.0000000000003,2,469,99.564705882354,0,3.67394039744206e-16,6,0,90
414,40.0000000000003,3,465.330963854083,3.91999999999999,0,7.34788079488412e-17,1.2,0,90
414,40.0000000000003,4,1175,99.7666666666666,0,7.9602041944578e-16,13,0,90
414,40.0000000000003,5,2034,99.3869565217397,0,5.51091059616309e-16,9,0,90
414,40.0000000000003,6,695.024713839756,0,0,17.9879032258065,0,0,0
414,40.0000000000003,7,302.879176411285,0,0,0.3,0,0,0
414,40.1000000000003,1,454.865126854213,-5.53024430287178e-11,0,0.105685667501173,5.02338181637676e-09,0,2.72334540497609e-06
414,40.1000000000003,2,469,99.564705882354,0,3.67394039744206e-16,6,0,90
414,40.1000000000003,3,465.330963854083,3.91999999999999,0,7.34788079488412e-17,1.2,0,90
414,40.1000000000003,4,1175,99.7666666666666,0,7.9602041944578e-16,13,0,90
414,40.1000000000003,5,2034,99.3869565217397,0,5.51091059616309e-16,9,0,90
414,40.1000000000003,6,696.823722912336,0,0,17.9922782258065,0,0,0
414,40.1000000000003,7,302.879176411285,0,0,0.3,0,0,0
414,40.2000000000003,1,454.865126854213,-5.53024430287178e-11,0,0.105685667501173,5.02338181637676e-09,0,2.72334540497609e-06
414,40.2000000000003,2,469,99.564705882354,0,3.67394039744206e-16,6,0,90
414,40.2000000000003,3,465.330963854083,3.91999999999999,0,7.34788079488412e-17,1.2,0,90
414,40.2000000000003,4,1175,99.7666666666666,0,7.9602041944578e-16,13,0,90
414,40.2000000000003,5,2034,99.3869565217397,0,5.51091059616309e-16,9,0,90
414,40.2000000000003,6,698.623169484917,0,0,17.9966532258065,0,0,0
414,40.2000000000003,7,302.879176411285,0,0,0.3,0,0,0
414,40.3000000000003,1,454.865126854213,-5.53024430287178e-11,0,0.105685667501173,5.02338181637676e-09,0,2.72334540497609e-06
414,40.3000000000003,2,469,99.564705882354,0,3.67394039744206e-16,6,0,90
414,40.3000000000003,3,465.330963854083,3.91999999999999,0,7.34788079488412e-17,1.2,0,90
414,40.3000000000003,4,1175,99.7666666666666,0,7.9602041944578e-16,13,0,90
414,40.3000000000003,5,2034,99.3869565217397,0,5.51091059616309e-16,9,0,90
414,40.3000000000003,6,700.423024386075,0,0,17.9985457949309,0,0,0
414,40.3000000000003,7,302.879176411285,0,0,0.3,0,0,0
414,40.4000000000003,1,454.865126854213,-5.53024430287178e-11,0,0.105685667501173,5.02338181637676e-09,0,2.72334540497609e-06
414,40.4000000000003,2,469,99.564705882354,0,3.67394039744206e-16,6,0,90
414,40.4000000000003,3,465.330963854083,3.91999999999999,0,7.34788079488412e-17,1.2,0,90
414,40.4000000000003,4,1175,99.7666666666666,0,7.9602041944578e-16,13,0,90
414,40.4000000000003,5,2034,99.3869565217397,0,5.51091059616309e-16,9,0,90
414,40.4000000000003,6,702.222569590568,0,0,17.9923582949309,0,0,0
414,40.4000000000003,7,302.879176411285,0,0,0.3,0,0,0
414,40.5000000000003,1,454.865126854213,-5.53024430287178e-11,0,0.105685667501173,5.02338181637676e-09,0,2.72334540497609e-06
414,40.5000000000003,2,469,99.564705882354,0,3.67394039744206e-16,6,0,90
414,40.5000000000003,3,465.330963854083,3.91999999999999,0,7.34788079488412e-17,1.2,0,90
414,40.5000000000003,4,1175,99.7666666666666,0,7.9602041944578e-16,13,0,90
414,40.5000000000003,5,2034,99.3869565217397,0,5.51091059616309e-16,9,0,90
414,40.5000000000003,6,704.021496045061,0,0,17.9861707949309,0,0,0
414,40.5000000000003,7,302.879176411285,0,0,0.3,0,0,0
414,40.6000000000003,1,454.865126854213,-5.53024430287178e-11,0,0.105685667501173,5.02338181637676e-09,0,2.72334540497609e-06
414,40.6000000000003,2,469,99.564705882354,0,3.67394039744206e-16,6,0,90
414,40.6000000000003,3,465.330963854083,3.91999999999999,0,7.34788079488412e-17,1.2,0,90
414,40.6000000000003,4,1175,99.7666666666666,0,7.9602041944578e-16,13,0,90
414,40.6000000000003,5,2034,99.3869565217397,0,5.51091059616309e-16,9,0,90
414,40.6000000000003,6,705.819803749554,0,0,17.9799832949309,0,0,0
414,40.6000000000003,7,302.879176411285,0,0,0.3,0,0,0
414,40.7000000000003,1,454.865126854213,-5.53024430287178e-11,0,0.105685667501173,5.02338181637676e-09,0,2.72334540497609e-06
414,40.7000000000003,2,469,99.564705882354,0,3.67394039744206e-16,6,0,90
414,40.7000000000003,3,465.330963854083,3.91999999999999,0,7.34788079488412e-17,1.2,0,90
414,40.7000000000003,4,1175,99.7666666666666,0,7.9602041944578e-16,13,0,90
414,40.7000000000003,5,2034,99.3869565217397,0,5.51091059616309e-16,9,0,90
414,40.7000000000003,6,707.617492704047,0,0,17.9737957949309,0,0,0
414,40.7000000000003,7,302.879176411285,0,0,0.3,0,0,0
414,40.8000000000003,1,454.865126854213,-5.53024430287178e-11,0,0.105685667501173,5.02338181637676e-09,0,2.72334540497609e-06
414,40.8000000000003,2,469,99.564705882354,0,3.67394039744206e-16,6,0,90
414,40.8000000000003,3,465.330963854083,3.91999999999999,0,7.34788079488412e-17,1.2,0,90
414,40.8000000000003,4,1175,99.7666666666666,0,7.9602041944578e-16,13,0,90
414,40.8000000000003,5,2034,99.3869565217397,0,5.51091059616309e-16,9,0,90
414,40.8000000000003,6,709.41456290854,0,0,17.9676082949309,0,0,0
414,40.8000000000003,7,302.879176411285,0,0,0.3,0,0,0
414,40.9000000000003,1,454.865126854213,-5.53024430287178e-11,0,0.105685667501173,5.02338181637676e-09,0,2.72334540497609e-06
414,40.9000000000003,2,469,99.564705882354,0,3.67394039744206e-16,6,0,90
414,40.9000000000003,3,465.330963854083,3.91999999999999,0,7.34788079488412e-17,1.2,0,90
414,40.9000000000003,4,1175,99.7666666666666,0,7.9602041944578e-16,13,0,90
414,40.9000000000003,5,2034,99.3869565217397,0,5.51091059616309e-16,9,0,90
414,40.9000000000003,6,711.211014363034,0,0,17.9614207949309,0,0,0
414,40.9000000000003,7,302.879176411285,0,0,0.3,0,0,0
414,41.0000000000003,1,454.865126854213,-5.53024430287178e-11,0,0.105685667501173,5.02338181637676e-09,0,2.72334540497609e-06
414,41.0000000000003,2,469,99.564705882354,0,3.67394039744206e-16,6,0,90
414,41.0000000000003,3,465.330963854083,3.91999999999999,0,7.34788079488412e-17,1.2,0,90
414,41.0000000000003,4,1175,99.7666666666666,0,7.9602041944578e-16,13,0,90
414,41.0000000000003,5,2034,99.3869565217397,0,5.51091059616309e-16,9,0,90
414,41.0000000000003,6,713.006847067527,0,0,17.9552332949309,0,0,0
414,41.0000000000003,7,302.879176411285,0,0,0.3,0,0,0
414,41.1000000000003,1,454.865126854213,-5.53024430287178e-11,0,0.105685667501173,5.02338181637676e-09,0,2.72334540497609e-06
414,41.1000000000003,2,469,99.564705882354,0,3.67394039744206e-16,6,0,90
414,41.1000000000003,3,465.330963854083,3.91999999999999,0,7.34788079488412e-17,1.2,0,90
414,41.1000000000003,4,1175,99.7666666666666,0,7.9602041944578e-16,13,0,90
414,41.1000000000003,5,2034,99.3869565217397,0,5.51091059616309e-16,9,0,90
414,41.1000000000003,6,714.80206102202,0,0,17.9490457949309,0,0,0
414,41.1000000000003,7,302.879176411285,0,0,0.3,0,0,0
414,41.2000000000003,1,454.865126854213,-5.53024430287178e-11,0,0.105685667501173,5.02338181637676e-09,0,2.72334540497609e-06
414,41.2000000000003,2,469,99.564705882354,0,3.67394039744206e-16,6,0,90
414,41.2000000000003,3,465.330963854083,3.91999999999999,0,7.34788079488412e-17,1.2,0,90
414,41.2000000000003,4,1175,99.7666666666666,0,7.9602041944578e-16,13,0,90
414,41.2000000000003,5,2034,99.3869565217397,0,5.51091059616309e-16,9,0,90
414,41.2000000000003,6,716.596656226513,0,0,17.9428582949309,0,0,0
414,41.2000000000003,7,302.879176411285,0,0,0.3,0,0,0
414,41.3000000000003,1,454.865126854213,-5.53024430287178e-11,0,0.105685667501173,5.02338181637676e-09,0,2.72334540497609e-06
414,41.3000000000003,2,469,99.564705882354,0,3.67394039744206e-16,6,0,90
414,41.3000000000003,3,465.330963854083,3.91999999999999,0,7.34788079488412e-17,1.2,0,90
414,41.3000000000003,4,1175,99.7666666666666,0,7.9602041944578e-16,13,0,90
414,41.3000000000003,5,2034,99.3869565217397,0,5.51091059616309e-16,9,0,90
414,41.3000000000003,6,718.390632681006,0,0,17.9366707949309,0,0,0
414,41.3000000000003,7,302.879176411285,0,0,0.3,0,0,0
414,41.4000000000003,1,454.865126854213,-5.53024430287178e-11,0,0.105685667501173,5.02338181637676e-09,0,2.72334540497609e-06
414,41.4000000000003,2,469,99.564705882354,0,3.67394039744206e-16,6,0,90
414,41.4000000000003,3,465.330963854083,3.91999999999999,0,7.34788079488412e-17,1.2,0,90
414,41.4000000000003,4,1175,99.7666666666666,0,7.9602041944578e-16,13,0,90
414,41.4000000000003,5,2034,99.3869565217397,0,5.51091059616309e-16,9,0,90
414,41.4000000000003,6,720.183990385499,0,0,17.9304832949309,0,0,0
414,41.4000000000003,7,302.879176411285,0,0,0.3,0,0,0
414,41.5000000000003,1,454.865126854213,-5.53024430287178e-11,0,0.105685667501173,5.02338181637676e-09,0,2.72334540497609e-06
414,41.5000000000003,2,469,99.564705882354,0,3.67394039744206e-16,6,0,90
414,41.5000000000003,3,465.330963854083,3.91999999999999,0,7.34788079488412e-17,1.2,0,90
414,41.5000000000003,4,1175,99.7666666666666,0,7.9602041944578e-16,13,0,90
414,41.5000000000003,5,2034,99.3869565217397,0,5.51091059616309e-16,9,0,90
414,41.5000000000003,6,721.976729339992,0,0,17.9242957949309,0,0,0
414,41.5000000000003,7,302.879176411285,0,0,0.3,0,0,0
414,41.6000000000003,1,454.865126854213,-5.53024430287178e-11,0,0.105685667501173,5.02338181637676e-09,0,2.72334540497609e-06
414,41.6000000000003,2,469,99.564705882354,0,3.67394039744206e-16,6,0,90
414,41.6000000000003,3,465.330963854083,3.91999999999999,0,7.34788079488412e-17,1.2,0,90
414,41.6000000000003,4,1175,99.7666666666666,0,7.9602041944578e-16,13,0,90
414,41.6000000000003,5,2034,99.3869565217397,0,5.51091059616309e-16,9,0,90
414,41.6000000000003,6,723.768849544485,0,0,17.9181082949309,0,0,0
414,41.6000000000003,7,302.879176411285,0,0,0.3,0,0,0
414,41.7000000000003,1,454.865126854213,-5.53024430287178e-11,0,0.105685667501173,5.02338181637676e-09,0,2.72334540497609e-06
414,41.7000000000003,2,469,99.564705882354,0,3.67394039744206e-16,6,0,90
414,41.7000000000003,3,465.330963854083,3.91999999999999,0,7.34788079488412e-17,1.2,0,90
414,41.7000000000003,4,1175,99.7666666666666,0,7.9602041944578e-16,13,0,90
414,41.7000000000003,5,2034,99.3869565217397,0,5.51091059616309e-16,9,0,90
414,41.7000000000003,6,725.560350998978,0,0,17.9119207949309,0,0,0
414,41.7000000000003,7,302.879176411285,0,0,0.3,0,0,0
414,41.8000000000003,1,454.865126854213,-5.53024430287178e-11,0,0.105685667501173,5.02338181637676e-09,0,2.72334540497609e-06
414,41.8000000000003,2,469,99.564705882354,0,3.67394039744206e-16,6,0,90
414,41.8000000000003,3,465.330963854083,3.91999999999999,0,7.34788079488412e-17,1.2,0,90
414,41.8000000000003,4,1175,99.7666666666666,0,7.9602041944578e-16,13,0,90
414,41.8000000000003,5,2034,99.3869565217397,0,5.51091059616309e-16,9,0,90
414,41.8000000000003,6,727.351233703472,0,0,17.9057332949309,0,0,0
414,41.8000000000003,7,302.879176411285,0,0,0.3,0,0,0
414,41.9000000000003,1,454.865126854213,-5.53024430287178e-11,0,0.105685667501173,5.02338181637676e-09,0,2.72334540497609e-06
414,41.9000000000003,2,469,99.564705882354,0,3.67394039744206e-16,6,0,90
414,41.9000000000003,3,465.330963854083,3.91999999999999,0,7.34788079488412e-17,1.2,0,90
414,41.9000000000003,4,1175,99.7666666666666,0,7.9602041944578e-16,13,0,90
414,41.9000000000003,5,2034,99.3869565217397,0,5.51091059616309e-16,9,0,90
414,41.9000000000003,6,729.141497657965,0,0,17.8995457949309,0,0,0
414,41.9000000000003,7,302.879176411285,0,0,0.3,0,0,0
414,42.0000000000003,1,454.865126854213,-5.53024430287178e-11,0,0.105685667501173,5.02338181637676e-09,0,2.72334540497609e-06
414,42.0000000000003,2,469,99.564705882354,0,3.67394039744206e-16,6,0,90
414,42.0000000000003,3,465.330963854083,3.91999999999999,0,7.34788079488412e-17,1.2,0,90
414,42.0000000000003,4,1175,99.7666666666666,0,7.9602041944578e-16,13,0,90
414,42.0000000000003,5,2034,99.3869565217397,0,5.51091059616309e-16,9,0,90
414,42.0000000000003,6,730.931142862458,0,0,17.8933582949309,0,0,0
414,42.0000000000003,7,302.879176411285,0,0,0.3,0,0,0
414,42.1000000000003,1,454.865126854213,-5.53024430287178e-11,0,0.105685667501173,5.02338181637676e-09,0,2.72334540497609e-06
414,42.1000000000003,2,469,99.564705882354,0,3.67394039744206e-16,6,0,90
414,42.1000000000003,3,465.330963854083,3.91999999999999,0,7.34788079488412e-17,1.2,0,90
414,42.1000000000003,4,1175,99.7666666666666,0,7.9602041944578e-16,13,0,90
414,42.1000000000003,5,2034,99.3869565217397,0,5.51091059616309e-16,9,0,90
414,42.1000000000003,6,732.720169316951,0,0,17.8871707949309,0,0,0
414,42.1000000000003,7,302.879176411285,0,0,0.3,0,0,0
414,42.2000000000003,1,454.865126854213,-5.53024430287178e-11,0,0.105685667501173,5.02338181637676e-09,0,2.72334540497609e-06
414,42.2000000000003,2,469,99.564705882354,0,3.67394039744206e-16,6,0,90
414,42.2000000000003,3,465.330963854083,3.91999999999999,0,7.34788079488412e-17,1.2,0,90
414,42.2000000000003,4,1175,99.7666666666666,0,7.9602041944578e-16,13,0,90
414,42.2000000000003,5,2034,99.3869565217397,0,5.51091059616309e-16,9,0,90
414,42.2000000000003,6,734.508577021444,0,0,17.8809832949309,0,0,0
414,42.2000000000003,7,302.879176411285,0,0,0.3,0,0,0
414,42.3000000000003,1,454.865126854213,-5.53024430287178e-11,0,0.105685667501173,5.02338181637676e-09,0,2.72334540497609e-06
414,42.3000000000003,2,469,99.564705882354,0,3.67394039744206e-16,6,0,90
414,42.3000000000003,3,465.330963854083,3.91999999999999,0,7.34788079488412e-17,1.2,0,90
414,42.3000000000003,4,1175,99.7666666666666,0,7.9602041944578e-16,13,0,90
414,42.3000000000003,5,2034,99.3869565217397,0,5.51091059616309e-16,9,0,90
414,42.3000000000003,6,736.296365975937,0,0,17.8747957949309,0,0,0
414,42.3000000000003,7,302.879176411285,0,0,0.3,0,0,0
414,42.4000000000003,1,454.865126854213,-5.53024430287178e-11,0,0.105685667501173,5.02338181637676e-09,0,2.72334540497609e-06
414,42.4000000000003,2,469,99.564705882354,0,3.67394039744206e-16,6,0,90
414,42.4000000000003,3,465.330963854083,3.91999999999999,0,7.34788079488412e-17,1.2,0,90
414,42.4000000000003,4,1175,99.7666666666666,0,7.9602041944578e-16,13,0,90
414,42.4000000000003,5,2034,99.3869565217397,0,5.51091059616309e-16,9,0,90
414,42.4000000000003,6,738.08353618043,0,0,17.8686082949309,0,0,0
414,42.4000000000003,7,302.879176411285,0,0,0.3,0,0,0
414,42.5000000000003,1,454.865126854213,-5.53024430287178e-11,0,0.105685667501173,5.02338181637676e-09,0,2.72334540497609e-06
414,42.5000000000003,2,469,99.564705882354,0,3.67394039744206e-16,6,0,90
414,42.5000000000003,3,465.330963854083,3.91999999999999,0,7.34788079488412e-17,1.2,0,90
414,42.5000000000003,4,1175,99.7666666666666,0,7.9602041944578e-16,13,0,90
414,42.5000000000003,5,2034,99.3869565217397,0,5.51091059616309e-16,9,0,90
414,42.5000000000003,6,739.870087634923,0,0,17.8624207949309,0,0,0
414,42.5000000000003,7,302.879176411285,0,0,0.3,0,0,0
414,42.6000000000003,1,454.865126854213,-5.53024430287178e-11,0,0.105685667501173,5.02338181637676e-09,0,2.72334540497609e-06
414,42.6000000000003,2,469,99.564705882354,0,3.67394039744206e-16,6,0,90
414,42.6000000000003,3,465.330963854083,3.91999999999999,0,7.34788079488412e-17,1.2,0,90
414,42.6000000000003,4,1175,99.7666666666666,0,7.9602041944578e-16,13,0,90
414,42.6000000000003,5,2034,99.3869565217397,0,5.51091059616309e-16,9,0,90
414,42.6000000000003,6,741.656020339417,0,0,17.8562332949309,0,0,0
414,42.6000000000003,7,302.879176411285,0,0,0.3,0,0,0
414,42.7000000000003,1,454.865126854213,-5.53024430287178e-11,0,0.105685667501173,5.02338181637676e-09,0,2.72334540497609e-06
414,42.7000000000003,2,469,99.564705882354,0,3.67394039744206e-16,6,0,90
414,42.7000000000003,3,465.330963854083,3.91999999999999,0,7.34788079488412e-17,1.2,0,90
414,42.7000000000003,4,1175,99.7666666666666,0,7.9602041944578e-16,13,0,90
414,42.7000000000003,5,2034,99.3869565217397,0,5.51091059616309e-16,9,0,90
414,42.7000000000003,6,743.44133429391,0,0,17.8500457949309,0,0,0
414,42.7000000000003,7,302.879176411285,0,0,0.3,0,0,0
414,42.8000000000003,1,454.865126854213,-5.53024430287178e-11,0,0.105685667501173,5.02338181637676e-09,0,2.72334540497609e-06
414,42.8000000000003,2,469,99.564705882354,0,3.67394039744206e-16,6,0,90
414,42.8000000000003,3,465.330963854083,3.91999999999999,0,7.34788079488412e-17,1.2,0,90
414,42.8000000000003,4,1175,99.7666666666666,0,7.9602041944578e-16,13,0,90
414,42.8000000000003,5,2034,99.3869565217397,0,5.51091059616309e-16,9,0,90
414,42.8000000000003,6,745.226029498403,0,0,17.8438582949309,0,0,0
414,42.8000000000003,7,302.879176411285,0,0,0.3,0,0,0
414,42.9000000000003,1,454.865126854213,-5.53024430287178e-11,0,0.105685667501173,5.02338181637676e-09,0,2.72334540497609e-06
414,42.9000000000003,2,469,99.564705882354,0,3.67394039744206e-16,6,0,90
414,42.9000000000003,3,465.330963854083,3.91999999999999,0,7.34788079488412e-17,1.2,0,90
414,42.9000000000003,4,1175,99.7666666666666,0,7.9602041944578e-16,13,0,90
414,42.9000000000003,5,2034,99.3869565217397,0,5.51091059616309e-16,9,0,90
414,42.9000000000003,6,747.010105952896,0,0,17.8376707949309,0,0,0
414,42.9000000000003,7,302.879176411285,0,0,0.3,0,0,0
414,43.0000000000003,1,454.865126854213,-5.53024430287178e-11,0,0.105685667501173,5.02338181637676e-09,0,2.72334540497609e-06
414,43.0000000000003,2,469,99.564705882354,0,3.67394039744206e-16,6,0,90
414,43.0000000000003,3,465.330963854083,3.91999999999999,0,7.34788079488412e-17,1.2,0,90
414,43.0000000000003,4,1175,99.7666666666666,0,7.9602041944578e-16,13,0,90
414,43.0000000000003,5,2034,99.3869565217397,0,5.51091059616309e-16,9,0,90
414,43.0000000000003,6,748.793563657389,0,0,17.8314832949309,0,0,0
414,43.0000000000003,7,302.879176411285,0,0,0.3,0,0,0
414,43.1000000000003,1,454.865126854213,-5.53024430287178e-11,0,0.105685667501173,5.02338181637676e-09,0,2.72334540497609e-06
414,43.1000000000003,2,469,99.564705882354,0,3.67394039744206e-16,6,0,90
414,43.1000000000003,3,465.330963854083,3.91999999999999,0,7.34788079488412e-17,1.2,0,90
414,43.1000000000003,4,1175,99.7666666666666,0,7.9602041944578e-16,13,0,90
414,43.1000000000003,5,2034,99.3869565217397,0,5.51091059616309e-16,9,0,90
414,43.1000000000003,6,750.576402611882,0,0,17.8252957949309,0,0,0
414,43.1000000000003,7,302.879176411285,0,0,0.3,0,0,0
414,43.2000000000003,1,454.865126854213,-5.53024430287178e-11,0,0.105685667501173,5.02338181637676e-09,0,2.72334540497609e-06
414,43.2000000000003,2,469,99.564705882354,0,3.67394039744206e-16,6,0,90
414,43.2000000000003,3,465.330963854083,3.91999999999999,0,7.34788079488412e-17,1.2,0,90
414,43.2000000000003,4,1175,99.7666666666666,0,7.9602041944578e-16,13,0,90
414,43.2000000000003,5,2034,99.3869565217397,0,5.51091059616309e-16,9,0,90
414,43.2000000000003,6,752.358622816375,0,0,17.8191082949309,0,0,0
414,43.2000000000003,7,302.879176411285,0,0,0.3,0,0,0
414,43.3000000000003,1,454.865126854213,-5.53024430287178e-11,0,0.105685667501173,5.02338181637676e-09,0,2.72334540497609e-06
414,43.3000000000003,2,469,99.564705882354,0,3.67394039744206e-16,6,0,90
414,43.3000000000003,3,465.330963854083,3.91999999999999,0,7.34788079488412e-17,1.2,0,90
414,43.3000000000003,4,1175,99.7666666666666,0,7.9602041944578e-16,13,0,90
414,43.3000000000003,5,2034,99.3869565217397,0,5.51091059616309e-16,9,0,90
414,43.3000000000003,6,754.140224270868,0,0,17.8129207949309,0,0,0
414,43.3000000000003,7,302.879176411285,0,0,0.3,0,0,0
414,43.4000000000003,1,454.865126854213,-5.53024430287178e-11,0,0.105685667501173,5.02338181637676e-09,0,2.72334540497609e-06
414,43.4000000000003,2,469,99.564705882354,0,3.67394039744206e-16,6,0,90
414,43.4000000000003,3,465.330963854083,3.91999999999999,0,7.34788079488412e-17,1.2,0,90
414,43.4000000000003,4,1175,99.7666666666666,0,7.9602041944578e-16,13,0,90
414,43.4000000000003,5,2034,99.3869565217397,0,5.51091059616309e-16,9,0,90
414,43.4000000000003,6,755.921206975361,0,0,17.8067332949309,0,0,0
414,43.4000000000003,7,302.879176411285,0,0,0.3,0,0,0
414,43.5000000000003,1,454.865126854213,-5.53024430287178e-11,0,0.105685667501173,5.02338181637676e-09,0,2.72334540497609e-06
414,43.5000000000003,2,469,99.564705882354,0,3.67394039744206e-16,6,0,90
414,43.5000000000003,3,465.330963854083,3.91999999999999,0,7.34788079488412e-17,1.2,0,90
414,43.5000000000003,4,1175,99.7666666666666,0,7.9602041944578e-16,13,0,90
414,43.5000000000003,5,2034,99.3869565217397,0,5.51091059616309e-16,9,0,90
414,43.5000000000003,6,757.701570929854,0,0,17.8005457949309,0,0,0
414,43.5000000000003,7,302.879176411285,0,0,0.3,0,0,0
414,43.6000000000003,1,454.865126854213,-5.53024430287178e-11,0,0.105685667501173,5.02338181637676e-09,0,2.72334540497609e-06
414,43.6000000000003,2,469,99.564705882354,0,3.67394039744206e-16,6,0,90
414,43.6000000000003,3,465.330963854083,3.91999999999999,0,7.34788079488412e-17,1.2,0,90
414,43.6000000000003,4,1175,99.7666666666666,0,7.9602041944578e-16,13,0,90
414,43.6000000000003,5,2034,99.3869565217397,0,5.51091059616309e-16,9,0,90
414,43.6000000000003,6,759.481316134348,0,0,17.7943582949309,0,0,0
414,43.6000000000003,7,302.879176411285,0,0,0.3,0,0,0
414,43.7000000000004,1,454.865126854213,-5.53024430287178e-11,0,0.105685667501173,5.02338181637676e-09,0,2.72334540497609e-06
414,43.7000000000004,2,469,99.564705882354,0,3.67394039744206e-16,6,0,90
414,43.7000000000004,3,465.330963854083,3.91999999999999,0,7.34788079488412e-17,1.2,0,90
414,43.7000000000004,4,1175,99.7666666666666,0,7.9602041944578e-16,13,0,90
414,43.7000000000004,5,2034,99.3869565217397,0,5.51091059616309e-16,9,0,90
414,43.7000000000004,6,761.260442588841,0,0,17.7881707949309,0,0,0
414,43.7000000000004,7,302.879176411285,0,0,0.3,0,0,0
414,43.8000000000004,1,454.865126854213,-5.53024430287178e-11,0,0.105685667501173,5.02338181637676e-09,0,2.72334540497609e-06
414,43.8000000000004,2,469,99.564705882354,0,3.67394039744206e-16,6,0,90
414,43.8000000000004,3,465.330963854083,3.91999999999999,0,7.34788079488412e-17,1.2,0,90
414,43.8000000000004,4,1175,99.7666666666666,0,7.9602041944578e-16,13,0,90
414,43.8000000000004,5,2034,99.3869565217397,0,5.51091059616309e-16,9,0,90
414,43.8000000000004,6,763.038950293334,0,0,17.7819832949309,0,0,0
414,43.8000000000004,7,302.879176411285,0,0,0.3,0,0,0
414,43.9000000000004,1,454.865126854213,-5.53024430287178e-11,0,0.105685667501173,5.02338181637676e-09,0,2.72334540497609e-06
414,43.9000000000004,2,469,99.564705882354,0,3.67394039744206e-16,6,0,90
414,43.9000000000004,3,465.330963854083,3.91999999999999,0,7.34788079488412e-17,1.2,0,90
414,43.9000000000004,4,1175,99.7666666666666,0,7.9602041944578e-16,13,0,90
414,43.9000000000004,5,2034,99.3869565217397,0,5.51091059616309e-16,9,0,90
414,43.9000000000004,6,764.816839247827,0,0,17.7757957949309,0,0,0
414,43.9000000000004,7,302.879176411285,0,0,0.3,0,0,0
414,44.0000000000004,1,454.865126854213,-5.53024430287178e-11,0,0.105685667501173,5.02338181637676e-09,0,2.72334540497609e-06
414,44.0000000000004,2,469,99.564705882354,0,3.67394039744206e-16,6,0,90
414,44.0000000000004,3,465.330963854083,3.91999999999999,0,7.34788079488412e-17,1.2,0,90
414,44.0000000000004,4,1175,99.7666666666666,0,7.9602041944578e-16,13,0,90
414,44.0000000000004,5,2034,99.3869565217397,0,5.51091059616309e-16,9,0,90
414,44.0000000000004,6,766.59410945232,0,0,17.7696082949309,0,0,0
414,44.0000000000004,7,302.879176411285,0,0,0.3,0,0,0
414,44.1000000000004,1,454.865126854213,-5.53024430287178e-11,0,0.105685667501173,5.02338181637676e-09,0,2.72334540497609e-06
414,44.1000000000004,2,469,99.564705882354,0,3.67394039744206e-16,6,0,90
414,44.1000000000004,3,465.330963854083,3.91999999999999,0,7.34788079488412e-17,1.2,0,90
414,44.1000000000004,4,1175,99.7666666666666,0,7.9602041944578e-16,13,0,90
414,44.1000000000004,5,2034,99.3869565217397,0,5.51091059616309e-16,9,0,90
414,44.1000000000004,6,768.370760906813,0,0,17.7634207949309,0,0,0
414,44.1000000000004,7,302.879176411285,0,0,0.3,0,0,0
414,44.2000000000004,1,454.865126854213,-5.53024430287178e-11,0,0.105685667501173,5.02338181637676e-09,0,2.72334540497609e-06
414,44.2000000000004,2,469,99.564705882354,0,3.67394039744206e-16,6,0,90
414,44.2000000000004,3,465.330963854083,3.91999999999999,0,7.34788079488412e-17,1.2,0,90
414,44.2000000000004,4,1175,99.7666666666666,0,7.9602041944578e-16,13,0,90
414,44.2000000000004,5,2034,99.3869565217397,0,5.51091059616309e-16,9,0,90
414,44.2000000000004,6,770.146793611306,0,0,17.7572332949309,0,0,0
414,44.2000000000004,7,302.879176411285,0,0,0.3,0,0,0
414,44.3000000000004,1,454.865126854213,-5.53024430287178e-11,0,0.105685667501173,5.02338181637676e-09,0,2.72334540497609e-06
414,44.3000000000004,2,469,99.564705882354,0,3.67394039744206e-16,6,0,90
414,44.3000000000004,3,465.330963854083,3.91999999999999,0,7.34788079488412e-17,1.2,0,90
414,44.3000000000004,4,1175,99.7666666666666,0,7.9602041944578e-16,13,0,90
414,44.3000000000004,5,2034,99.3869565217397,0,5.51091059616309e-16,9,0,90
414,44.3000000000004,6,771.922207565799,0,0,17.7510457949309,0,0,0
414,44.3000000000004,7,302.879176411285,0,0,0.3,0,0,0
414,44.4000000000004,1,454.865126854213,-5.53024430287178e-11,0,0.105685667501173,5.02338181637676e-09,0,2.72334540497609e-06
414,44.4000000000004,2,469,99.564705882354,0,3.67394039744206e-16,6,0,90
414,44.4000000000004,3,465.330963854083,3.91999999999999,0,7.34788079488412e-17,1.2,0,90
414,44.4000000000004,4,1175,99.7666666666666,0,7.9602041944578e-16,13,0,90
414,44.4000000000004,5,2034,99.3869565217397,0,5.51091059616309e-16,9,0,90
414,44.4000000000004,6,773.697002770292,0,0,17.7448582949309,0,0,0
414,44.4000000000004,7,302.879176411285,0,0,0.3,0,0,0
414,44.5000000000004,1,454.865126854213,-5.53024430287178e-11,0,0.105685667501173,5.02338181637676e-09,0,2.72334540497609e-06
414,44.5000000000004,2,469,99.564705882354,0,3.67394039744206e-16,6,0,90
414,44.5000000000004,3,465.330963854083,3.91999999999999,0,7.34788079488412e-17,1.2,0,90
414,44.5000000000004,4,1175,99.7666666666666,0,7.9602041944578e-16,13,0,90
414,44.5000000000004,5,2034,99.3869565217397,0,5.51091059616309e-16,9,0,90
414,44.5000000000004,6,775.471179224786,0,0,17.7386707949309,0,0,0
414,44.5000000000004,7,302.879176411285,0,0,0.3,0,0,0
414,44.6000000000004,1,454.865126854213,-5.53024430287178e-11,0,0.105685667501173,5.02338181637676e-09,0,2.72334540497609e-06
414,44.6000000000004,2,469,99.564705882354,0,3.67394039744206e-16,6,0,90
414,44.6000000000004,3,465.330963854083,3.91999999999999,0,7.34788079488412e-17,1.2,0,90
414,44.6000000000004,4,1175,99.7666666666666,0,7.9602041944578e-16,13,0,90
414,44.6000000000004,5,2034,99.3869565217397,0,5.51091059616309e-16,9,0,90
414,44.6000000000004,6,777.244736929279,0,0,17.7324832949309,0,0,0
414,44.6000000000004,7,302.879176411285,0,0,0.3,0,0,0
414,44.7000000000004,1,454.865126854213,-5.53024430287178e-11,0,0.105685667501173,5.02338181637676e-09,0,2.72334540497609e-06
414,44.7000000000004,2,469,99.564705882354,0,3.67394039744206e-16,6,0,90
414,44.7000000000004,3,465.330963854083,3.91999999999999,0,7.34788079488412e-17,1.2,0,90
414,44.7000000000004,4,1175,99.7666666666666,0,7.9602041944578e-16,13,0,90
414,44.7000000000004,5,2034,99.3869565217397,0,5.51091059616309e-16,9,0,90
414,44.7000000000004,6,779.017675883772,0,0,17.7262957949309,0,0,0
414,44.7000000000004,7,302.879176411285,0,0,0.3,0,0,0
414,44.8000000000004,1,454.865126854213,-5.53024430287178e-11,0,0.105685667501173,5.02338181637676e-09,0,2.72334540497609e-06
414,44.8000000000004,2,469,99.564705882354,0,3.67394039744206e-16,6,0,90
414,44.8000000000004,3,465.330963854083,3.91999999999999,0,7.34788079488412e-17,1.2,0,90
414,44.8000000000004,4,1175,99.7666666666666,0,7.9602041944578e-16,13,0,90
414,44.8000000000004,5,2034,99.3869565217397,0,5.51091059616309e-16,9,0,90
414,44.8000000000004,6,780.789996088265,0,0,17.7201082949309,0,0,0
414,44.8000000000004,7,302.879176411285,0,0,0.3,0,0,0
414,44.9000000000004,1,454.865126854213,-5.53024430287178e-11,0,0.105685667501173,5.02338181637676e-09,0,2.72334540497609e-06
414,44.9000000000004,2,469,99.564705882354,0,3.67394039744206e-16,6,0,90
414,44.9000000000004,3,465.330963854083,3.91999999999999,0,7.34788079488412e-17,1.2,0,90
414,44.9000000000004,4,1175,99.7666666666666,0,7.9602041944578e-16,13,0,90
414,44.9000000000004,5,2034,99.3869565217397,0,5.51091059616309e-16,9,0,90
414,44.9000000000004,6,782.561697542758,0,0,17.7139207949309,0,0,0
414,44.9000000000004,7,302.879176411285,0,0,0.3,0,0,0
414,45.0000000000004,1,454.865126854213,-5.53024430287178e-11,0,0.105685667501173,5.02338181637676e-09,0,2.72334540497609e-06
414,45.0000000000004,2,469,99.564705882354,0,3.67394039744206e-16,6,0,90
414,45.0000000000004,3,465.330963854083,3.91999999999999,0,7.34788079488412e-17,1.2,0,90
414,45.0000000000004,4,1175,99.7666666666666,0,7.9602041944578e-16,13,0,90
414,45.0000000000004,5,2034,99.3869565217397,0,5.51091059616309e-16,9,0,90
414,45.0000000000004,6,784.332780247251,0,0,17.7077332949309,0,0,0
414,45.0000000000004,7,302.879176411285,0,0,0.3,0,0,0
414,45.1000000000004,1,454.865126854213,-5.53024430287178e-11,0,0.105685667501173,5.02338181637676e-09,0,2.72334540497609e-06
414,45.1000000000004,2,469,99.564705882354,0,3.67394039744206e-16,6,0,90
414,45.1000000000004,3,465.330963854083,3.91999999999999,0,7.34788079488412e-17,1.2,0,90
414,45.1000000000004,4,1175,99.7666666666666,0,7.9602041944578e-16,13,0,90
414,45.1000000000004,5,2034,99.3869565217397,0,5.51091059616309e-16,9,0,90
414,45.1000000000004,6,786.103244201744,0,0,17.7015457949309,0,0,0
414,45.1000000000004,7,302.879176411285,0,0,0.3,0,0,0
414,45.2000000000004,1,454.865126854213,-5.53024430287178e-11,0,0.105685667501173,5.02338181637676e-09,0,2.72334540497609e-06
414,45.2000000000004,2,469,99.564705882354,0,3.67394039744206e-16,6,0,90
414,45.2000000000004,3,465.330963854083,3.91999999999999,0,7.34788079488412e-17,1.2,0,90
414,45.2000000000004,4,1175,99.7666666666666,0,7.9602041944578e-16,13,0,90
414,45.2000000000004,5,2034,99.3869565217397,0,5.51091059616309e-16,9,0,90
414,45.2000000000004,6,787.873089406237,0,0,17.6953582949309,0,0,0
414,45.2000000000004,7,302.879176411285,0,0,0.3,0,0,0
414,45.3000000000004,1,454.865126854213,-5.53024430287178e-11,0,0.105685667501173,5.02338181637676e-09,0,2.72334540497609e-06
414,45.3000000000004,2,469,99.564705882354,0,3.67394039744206e-16,6,0,90
414,45.3000000000004,3,465.330963854083,3.91999999999999,0,7.34788079488412e-17,1.2,0,90
414,45.3000000000004,4,1175,99.7666666666666,0,7.9602041944578e-16,13,0,90
414,45.3000000000004,5,2034,99.3869565217397,0,5.51091059616309e-16,9,0,90
414,45.3000000000004,6,789.64231586073,0,0,17.6891707949309,0,0,0
414,45.3000000000004,7,302.879176411285,0,0,0.3,0,0,0
414,45.4000000000004,1,454.865126854213,-5.53024430287178e-11,0,0.105685667501173,5.02338181637676e-09,0,2.72334540497609e-06
414,45.4000000000004,2,469,99.564705882354,0,3.67394039744206e-16,6,0,90
414,45.4000000000004,3,465.330963854083,3.91999999999999,0,7.34788079488412e-17,1.2,0,90
414,45.4000000000004,4,1175,99.7666666666666,0,7.9602041944578e-16,13,0,90
414,45.4000000000004,5,2034,99.3869565217397,0,5.51091059616309e-16,9,0,90
414,45.4000000000004,6,791.410923565224,0,0,17.6829832949309,0,0,0
414,45.4000000000004,7,302.879176411285,0,0,0.3,0,0,0
414,45.5000000000004,1,454.865126854213,-5.53024430287178e-11,0,0.105685667501173,5.02338181637676e-09,0,2.72334540497609e-06
414,45.5000000000004,2,469,99.564705882354,0,3.67394039744206e-16,6,0,90
414,45.5000000000004,3,465.330963854083,3.91999999999999,0,7.34788079488412e-17,1.2,0,90
414,45.5000000000004,4,1175,99.7666666666666,0,7.9602041944578e-16,13,0,90
414,45.5000000000004,5,2034,99.3869565217397,0,5.51091059616309e-16,9,0,90
414,45.5000000000004,6,793.178912519717,0,0,17.6767957949309,0,0,0
414,45.5000000000004,7,302.879176411285,0,0,0.3,0,0,0
414,45.6000000000004,1,454.865126854213,-5.53024430287178e-11,0,0.105685667501173,5.02338181637676e-09,0,2.72334540497609e-06
414,45.6000000000004,2,469,99.564705882354,0,3.67394039744206e-16,6,0,90
414,45.6000000000004,3,465.330963854083,3.91999999999999,0,7.34788079488412e-17,1.2,0,90
414,45.6000000000004,4,1175,99.7666666666666,0,7.9602041944578e-16,13,0,90
414,45.6000000000004,5,2034,99.3869565217397,0,5.51091059616309e-16,9,0,90
414,45.6000000000004,6,794.94628272421,0,0,17.6706082949309,0,0,0
414,45.6000000000004,7,302.879176411285,0,0,0.3,0,0,0
414,45.7000000000004,1,454.865126854213,-5.53024430287178e-11,0,0.105685667501173,5.02338181637676e-09,0,2.72334540497609e-06
414,45.7000000000004,2,469,99.564705882354,0,3.67394039744206e-16,6,0,90
414,45.7000000000004,3,465.330963854083,3.91999999999999,0,7.34788079488412e-17,1.2,0,90
414,45.7000000000004,4,1175,99.7666666666666,0,7.9602041944578e-16,13,0,90
414,45.7000000000004,5,2034,99.3869565217397,0,5.51091059616309e-16,9,0,90
414,45.7000000000004,6,796.713034178703,0,0,17.6644207949309,0,0,0
414,45.7000000000004,7,302.879176411285,0,0,0.3,0,0,0
414,45.8000000000004,1,454.865126854213,-5.53024430287178e-11,0,0.105685667501173,5.02338181637676e-09,0,2.72334540497609e-06
414,45.8000000000004,2,469,99.564705882354,0,3.67394039744206e-16,6,0,90
414,45.8000000000004,3,465.330963854083,3.91999999999999,0,7.34788079488412e-17,1.2,0,90
414,45.8000000000004,4,1175,99.7666666666666,0,7.9602041944578e-16,13,0,90
414,45.8000000000004,5,2034,99.3869565217397,0,5.51091059616309e-16,9,0,90
414,45.8000000000004,6,798.479166883196,0,0,17.6582332949309,0,0,0
414,45.8000000000004,7,302.879176411285,0,0,0.3,0,0,0
414,45.9000000000004,1,454.865126854213,-5.53024430287178e-11,0,0.105685667501173,5.02338181637676e-09,0,2.72334540497609e-06
414,45.9000000000004,2,469,99.564705882354,0,3.67394039744206e-16,6,0,90
414,45.9000000000004,3,465.330963854083,3.91999999999999,0,7.34788079488412e-17,1.2,0,90
414,45.9000000000004,4,1175,99.7666666666666,0,7.9602041944578e-16,13,0,90
414,45.9000000000004,5,2034,99.3869565217397,0,5.51091059616309e-16,9,0,90
414,45.9000000000004,6,800.244680837689,0,0,17.6520457949309,0,0,0
414,45.9000000000004,7,302.879176411285,0,0,0.3,0,0,0
414,46.0000000000004,1,454.865126854213,-5.53024430287178e-11,0,0.105685667501173,5.02338181637676e-09,0,2.72334540497609e-06
414,46.0000000000004,2,469,99.564705882354,0,3.67394039744206e-16,6,0,90
414,46.0000000000004,3,465.330963854083,3.91999999999999,0,7.34788079488412e-17,1.2,0,90
414,46.0000000000004,4,1175,99.7666666666666,0,7.9602041944578e-16,13,0,90
414,46.0000000000004,5,2034,99.3869565217397,0,5.51091059616309e-16,9,0,90
414,46.0000000000004,6,802.009576042182,0,0,17.6458582949309,0,0,0
414,46.0000000000004,7,302.879176411285,0,0,0.3,0,0,0
414,46.1000000000004,1,454.865126854213,-5.53024430287178e-11,0,0.105685667501173,5.02338181637676e-09,0,2.72334540497609e-06
414,46.1000000000004,2,469,99.564705882354,0,3.67394039744206e-16,6,0,90
414,46.1000000000004,3,465.330963854083,3.91999999999999,0,7.34788079488412e-17,1.2,0,90
414,46.1000000000004,4,1175,99.7666666666666,0,7.9602041944578e-16,13,0,90
414,46.1000000000004,5,2034,99.3869565217397,0,5.51091059616309e-16,9,0,90
414,46.1000000000004,6,803.773852496675,0,0,17.6396707949309,0,0,0
414,46.1000000000004,7,302.879176411285,0,0,0.3,0,0,0
414,46.2000000000004,1,454.865126854213,-5.53024430287178e-11,0,0.105685667501173,5.02338181637676e-09,0,2.72334540497609e-06
414,46.2000000000004,2,469,99.564705882354,0,3.67394039744206e-16,6,0,90
414,46.2000000000004,3,465.330963854083,3.91999999999999,0,7.34788079488412e-17,1.2,0,90
414,46.2000000000004,4,1175,99.7666666666666,0,7.9602041944578e-16,13,0,90
414,46.2000000000004,5,2034,99.3869565217397,0,5.51091059616309e-16,9,0,90
414,46.2000000000004,6,805.537510201169,0,0,17.6334832949309,0,0,0
414,46.2000000000004,7,302.879176411285,0,0,0.3,0,0,0
414,46.3000000000004,1,454.865126854213,-5.53024430287178e-11,0,0.105685667501173,5.02338181637676e-09,0,2.72334540497609e-06
414,46.3000000000004,2,469,99.564705882354,0,3.67394039744206e-16,6,0,90
414,46.3000000000004,3,465.330963854083,3.91999999999999,0,7.34788079488412e-17,1.2,0,90
414,46.3000000000004,4,1175,99.7666666666666,0,7.9602041944578e-16,13,0,90
414,46.3000000000004,5,2034,99.3869565217397,0,5.51091059616309e-16,9,0,90
414,46.3000000000004,6,807.300549155662,0,0,17.6272957949309,0,0,0
414,46.3000000000004,7,302.879176411285,0,0,0.3,0,0,0
414,46.4000000000004,1,454.865126854213,-5.53024430287178e-11,0,0.105685667501173,5.02338181637676e-09,0,2.72334540497609e-06
414,46.4000000000004,2,469,99.564705882354,0,3.67394039744206e-16,6,0,90
414,46.4000000000004,3,465.330963854083,3.91999999999999,0,7.34788079488412e-17,1.2,0,90
414,46.4000000000004,4,1175,99.7666666666666,0,7.9602041944578e-16,13,0,90
414,46.4000000000004,5,2034,99.3869565217397,0,5.51091059616309e-16,9,0,90
414,46.4000000000004,6,809.062969360155,0,0,17.6211082949309,0,0,0
414,46.4000000000004,7,302.879176411285,0,0,0.3,0,0,0
414,46.5000000000004,1,454.865126854213,-5.53024430287178e-11,0,0.105685667501173,5.02338181637676e-09,0,2.72334540497609e-06
414,46.5000000000004,2,469,99.564705882354,0,3.67394039744206e-16,6,0,90
414,46.5000000000004,3,465.330963854083,3.91999999999999,0,7.34788079488412e-17,1.2,0,90
414,46.5000000000004,4,1175,99.7666666666666,0,7.9602041944578e-16,13,0,90
414,46.5000000000004,5,2034,99.3869565217397,0,5.51091059616309e-16,9,0,90
414,46.5000000000004,6,810.824770814648,0,0,17.6149207949308,0,0,0
414,46.5000000000004,7,302.879176411285,0,0,0.3,0,0,0
414,46.6000000000004,1,454.865126854213,-5.53024430287178e-11,0,0.105685667501173,5.02338181637676e-09,0,2.72334540497609e-06
414,46.6000000000004,2,469,99.564705882354,0,3.67394039744206e-16,6,0,90
414,46.6000000000004,3,465.330963854083,3.91999999999999,0,7.34788079488412e-17,1.2,0,90
414,46.6000000000004,4,1175,99.7666666666666,0,7.9602041944578e-16,13,0,90
414,46.6000000000004,5,2034,99.3869565217397,0,5.51091059616309e-16,9,0,90
414,46.6000000000004,6,812.585953519141,0,0,17.6087332949309,0,0,0
414,46.6000000000004,7,302.879176411285,0,0,0.3,0,0,0
414,46.7000000000004,1,454.865126854213,-5.53024430287178e-11,0,0.105685667501173,5.02338181637676e-09,0,2.72334540497609e-06
414,46.7000000000004,2,469,99.564705882354,0,3.67394039744206e-16,6,0,90
414,46.7000000000004,3,465.330963854083,3.91999999999999,0,7.34788079488412e-17,1.2,0,90
414,46.7000000000004,4,1175,99.7666666666666,0,7.9602041944578e-16,13,0,90
414,46.7000000000004,5,2034,99.3869565217397,0,5.51091059616309e-16,9,0,90
414,46.7000000000004,6,814.346517473634,0,0,17.6025457949309,0,0,0
414,46.7000000000004,7,302.879176411285,0,0,0.3,0,0,0
414,46.8000000000004,1,454.865126854213,-5.53024430287178e-11,0,0.105685667501173,5.02338181637676e-09,0,2.72334540497609e-06
414,46.8000000000004,2,469,99.564705882354,0,3.67394039744206e-16,6,0,90
414,46.8000000000004,3,465.330963854083,3.91999999999999,0,7.34788079488412e-17,1.2,0,90
414,46.8000000000004,4,1175,99.7666666666666,0,7.9602041944578e-16,13,0,90
414,46.8000000000004,5,2034,99.3869565217397,0,5.51091059616309e-16,9,0,90
414,46.8000000000004,6,816.106462678127,0,0,17.5963582949309,0,0,0
414,46.8000000000004,7,302.879176411285,0,0,0.3,0,0,0
414,46.9000000000004,1,454.865126854213,-5.53024430287178e-11,0,0.105685667501173,5.02338181637676e-09,0,2.72334540497609e-06
414,46.9000000000004,2,469,99.564705882354,0,3.67394039744206e-16,6,0,90
414,46.9000000000004,3,465.330963854083,3.91999999999999,0,7.34788079488412e-17,1.2,0,90
414,46.9000000000004,4,1175,99.7666666666666,0,7.9602041944578e-16,13,0,90
414,46.9000000000004,5,2034,99.3869565217397,0,5.51091059616309e-16,9,0,90
414,46.9000000000004,6,817.86578913262,0,0,17.5901707949309,0,0,0
414,46.9000000000004,7,302.879176411285,0,0,0.3,0,0,0
414,47.0000000000004,1,454.865126854213,-5.53024430287178e-11,0,0.105685667501173,5.02338181637676e-09,0,2.72334540497609e-06
414,47.0000000000004,2,469,99.564705882354,0,3.67394039744206e-16,6,0,90
414,47.0000000000004,3,465.330963854083,3.91999999999999,0,7.34788079488412e-17,1.2,0,90
414,47.0000000000004,4,1175,99.7666666666666,0,7.9602041944578e-16,13,0,90
414,47.0000000000004,5,2034,99.3869565217397,0,5.51091059616309e-16,9,0,90
414,47.0000000000004,6,819.624496837113,0,0,17.5839832949308,0,0,0
414,47.0000000000004,7,302.879176411285,0,0,0.3,0,0,0
414,47.1000000000004,1,454.865126854213,-5.53024430287178e-11,0,0.105685667501173,5.02338181637676e-09,0,2.72334540497609e-06
414,47.1000000000004,2,469,99.564705882354,0,3.67394039744206e-16,6,0,90
414,47.1000000000004,3,465.330963854083,3.91999999999999,0,7.34788079488412e-17,1.2,0,90
414,47.1000000000004,4,1175,99.7666666666666,0,7.9602041944578e-16,13,0,90
414,47.1000000000004,5,2034,99.3869565217397,0,5.51091059616309e-16,9,0,90
414,47.1000000000004,6,821.382585791606,0,0,17.5777957949309,0,0,0
414,47.1000000000004,7,302.879176411285,0,0,0.3,0,0,0
414,47.2000000000004,1,454.865126854213,-5.53024430287178e-11,0,0.105685667501173,5.02338181637676e-09,0,2.72334540497609e-06
414,47.2000000000004,2,469,99.564705882354,0,3.67394039744206e-16,6,0,90
414,47.2000000000004,3,465.330963854083,3.91999999999999,0,7.34788079488412e-17,1.2,0,90
414,47.2000000000004,4,1175,99.7666666666666,0,7.9602041944578e-16,13,0,90
414,47.2000000000004,5,2034,99.3869565217397,0,5.51091059616309e-16,9,0,90
414,47.2000000000004,6,823.1400559961,0,0,17.5716082949309,0,0,0
414,47.2000000000004,7,302.879176411285,0,0,0.3,0,0,0
414,47.3000000000004,1,454.865126854213,-5.53024430287178e-11,0,0.105685667501173,5.02338181637676e-09,0,2.72334540497609e-06
414,47.3000000000004,2,469,99.564705882354,0,3.67394039744206e-16,6,0,90
414,47.3000000000004,3,465.330963854083,3.91999999999999,0,7.34788079488412e-17,1.2,0,90
414,47.3000000000004,4,1175,99.7666666666666,0,7.9602041944578e-16,13,0,90
414,47.3000000000004,5,2034,99.3869565217397,0,5.51091059616309e-16,9,0,90
414,47.3000000000004,6,824.896907450593,0,0,17.5654207949309,0,0,0
414,47.3000000000004,7,302.879176411285,0,0,0.3,0,0,0
414,47.4000000000004,1,454.865126854213,-5.53024430287178e-11,0,0.105685667501173,5.02338181637676e-09,0,2.72334540497609e-06
414,47.4000000000004,2,469,99.564705882354,0,3.67394039744206e-16,6,0,90
414,47.4000000000004,3,465.330963854083,3.91999999999999,0,7.34788079488412e-17,1.2,0,90
414,47.4000000000004,4,1175,99.7666666666666,0,7.9602041944578e-16,13,0,90
414,47.4000000000004,5,2034,99.3869565217397,0,5.51091059616309e-16,9,0,90
414,47.4000000000004,6,826.653140155086,0,0,17.5592332949309,0,0,0
414,47.4000000000004,7,302.879176411285,0,0,0.3,0,0,0
414,47.5000000000004,1,454.865126854213,-5.53024430287178e-11,0,0.105685667501173,5.02338181637676e-09,0,2.72334540497609e-06
414,47.5000000000004,2,469,99.564705882354,0,3.67394039744206e-16,6,0,90
414,47.5000000000004,3,465.330963854083,3.91999999999999,0,7.34788079488412e-17,1.2,0,90
414,47.5000000000004,4,1175,99.7666666666666,0,7.9602041944578e-16,13,0,90
414,47.5000000000004,5,2034,99.3869565217397,0,5.51091059616309e-16,9,0,90
414,47.5000000000004,6,828.408754109579,0,0,17.5530457949308,0,0,0
414,47.5000000000004,7,302.879176411285,0,0,0.3,0,0,0
414,47.6000000000004,1,454.865126854213,-5.53024430287178e-11,0,0.105685667501173,5.02338181637676e-09,0,2.72334540497609e-06
414,47.6000000000004,2,469,99.564705882354,0,3.67394039744206e-16,6,0,90
414,47.6000000000004,3,465.330963854083,3.91999999999999,0,7.34788079488412e-17,1.2,0,90
414,47.6000000000004,4,1175,99.7666666666666,0,7.9602041944578e-16,13,0,90
414,47.6000000000004,5,2034,99.3869565217397,0,5.51091059616309e-16,9,0,90
414,47.6000000000004,6,830.163749314072,0,0,17.5468582949308,0,0,0
414,47.6000000000004,7,302.879176411285,0,0,0.3,0,0,0
414,47.7000000000004,1,454.865126854213,-5.53024430287178e-11,0,0.105685667501173,5.02338181637676e-09,0,2.72334540497609e-06
414,47.7000000000004,2,469,99.564705882354,0,3.67394039744206e-16,6,0,90
414,47.7000000000004,3,465.330963854083,3.91999999999999,0,7.34788079488412e-17,1.2,0,90
414,47.7000000000004,4,1175,99.7666666666666,0,7.9602041944578e-16,13,0,90
414,47.7000000000004,5,2034,99.3869565217397,0,5.51091059616309e-16,9,0,90
414,47.7000000000004,6,831.918125768565,0,0,17.5406707949309,0,0,0
414,47.7000000000004,7,302.879176411285,0,0,0.3,0,0,0
414,47.8000000000004,1,454.865126854213,-5.53024430287178e-11,0,0.105685667501173,5.02338181637676e-09,0,2.72334540497609e-06
414,47.8000000000004,2,469,99.564705882354,0,3.67394039744206e-16,6,0,90
414,47.8000000000004,3,465.330963854083,3.91999999999999,0,7.34788079488412e-17,1.2,0,90
414,47.8000000000004,4,1175,99.7666666666666,0,7.9602041944578e-16,13,0,90
414,47.8000000000004,5,2034,99.3869565217397,0,5.51091059616309e-16,9,0,90
414,47.8000000000004,6,833.671883473058,0,0,17.5344832949309,0,0,0
414,47.8000000000004,7,302.879176411285,0,0,0.3,0,0,0
414,47.9000000000004,1,454.865126854213,-5.53024430287178e-11,0,0.105685667501173,5.02338181637676e-09,0,2.72334540497609e-06
414,47.9000000000004,2,469,99.564705882354,0,3.67394039744206e-16,6,0,90
414,47.9000000000004,3,465.330963854083,3.91999999999999,0,7.34788079488412e-17,1.2,0,90
414,47.9000000000004,4,1175,99.7666666666666,0,7.9602041944578e-16,13,0,90
414,47.9000000000004,5,2034,99.3869565217397,0,5.51091059616309e-16,9,0,90
414,47.9000000000004,6,835.425022427551,0,0,17.5282957949309,0,0,0
414,47.9000000000004,7,302.879176411285,0,0,0.3,0,0,0
414,48.0000000000004,1,454.865126854213,-5.53024430287178e-11,0,0.105685667501173,5.02338181637676e-09,0,2.72334540497609e-06
414,48.0000000000004,2,469,99.564705882354,0,3.67394039744206e-16,6,0,90
414,48.0000000000004,3,465.330963854083,3.91999999999999,0,7.34788079488412e-17,1.2,0,90
414,48.0000000000004,4,1175,99.7666666666666,0,7.9602041944578e-16,13,0,90
414,48.0000000000004,5,2034,99.3869565217397,0,5.51091059616309e-16,9,0,90
414,48.0000000000004,6,837.177542632044,0,0,17.5221082949308,0,0,0
414,48.0000000000004,7,302.879176411285,0,0,0.3,0,0,0
414,48.1000000000004,1,454.865126854213,-5.53024430287178e-11,0,0.105685667501173,5.02338181637676e-09,0,2.72334540497609e-06
414,48.1000000000004,2,469,99.564705882354,0,3.67394039744206e-16,6,0,90
414,48.1000000000004,3,465.330963854083,3.91999999999999,0,7.34788079488412e-17,1.2,0,90
414,48.1000000000004,4,1175,99.7666666666666,0,7.9602041944578e-16,13,0,90
414,48.1000000000004,5,2034,99.3869565217397,0,5.51091059616309e-16,9,0,90
414,48.1000000000004,6,838.929444086538,0,0,17.5159207949308,0,0,0
414,48.1000000000004,7,302.879176411285,0,0,0.3,0,0,0
414,48.2000000000004,1,454.865126854213,-5.53024430287178e-11,0,0.105685667501173,5.02338181637676e-09,0,2.72334540497609e-06
414,48.2000000000004,2,469,99.564705882354,0,3.67394039744206e-16,6,0,90
414,48.2000000000004,3,465.330963854083,3.91999999999999,0,7.34788079488412e-17,1.2,0,90
414,48.2000000000004,4,1175,99.7666666666666,0,7.9602041944578e-16,13,0,90
414,48.2000000000004,5,2034,99.3869565217397,0,5.51091059616309e-16,9,0,90
414,48.2000000000004,6,840.680726791031,0,0,17.5097332949309,0,0,0
414,48.2000000000004,7,302.879176411285,0,0,0.3,0,0,0
414,48.3000000000004,1,454.865126854213,-5.53024430287178e-11,0,0.105685667501173,5.02338181637676e-09,0,2.72334540497609e-06
414,48.3000000000004,2,469,99.564705882354,0,3.67394039744206e-16,6,0,90
414,48.3000000000004,3,465.330963854083,3.91999999999999,0,7.34788079488412e-17,1.2,0,90
414,48.3000000000004,4,1175,99.7666666666666,0,7.9602041944578e-16,13,0,90
414,48.3000000000004,5,2034,99.3869565217397,0,5.51091059616309e-16,9,0,90
414,48.3000000000004,6,842.431390745524,0,0,17.5035457949309,0,0,0
414,48.3000000000004,7,302.879176411285,0,0,0.3,0,0,0
414,48.4000000000004,1,454.865126854213,-5.53024430287178e-11,0,0.105685667501173,5.02338181637676e-09,0,2.72334540497609e-06
414,48.4000000000004,2,469,99.564705882354,0,3.67394039744206e-16,6,0,90
414,48.4000000000004,3,465.330963854083,3.91999999999999,0,7.34788079488412e-17,1.2,0,90
414,48.4000000000004,4,1175,99.7666666666666,0,7.9602041944578e-16,13,0,90
414,48.4000000000004,5,2034,99.3869565217397,0,5.51091059616309e-16,9,0,90
414,48.4000000000004,6,844.181435950017,0,0,17.4973582949308,0,0,0
414,48.4000000000004,7,302.879176411285,0,0,0.3,0,0,0
414,48.5000000000004,1,454.865126854213,-5.53024430287178e-11,0,0.105685667501173,5.02338181637676e-09,0,2.72334540497609e-06
414,48.5000000000004,2,469,99.564705882354,0,3.67394039744206e-16,6,0,90
414,48.5000000000004,3,465.330963854083,3.91999999999999,0,7.34788079488412e-17,1.2,0,90
414,48.5000000000004,4,1175,99.7666666666666,0,7.9602041944578e-16,13,0,90
414,48.5000000000004,5,2034,99.3869565217397,0,5.51091059616309e-16,9,0,90
414,48.5000000000004,6,845.93086240451,0,0,17.4911707949308,0,0,0
414,48.5000000000004,7,302.879176411285,0,0,0.3,0,0,0
414,48.6000000000004,1,454.865126854213,-5.53024430287178e-11,0,0.105685667501173,5.02338181637676e-09,0,2.72334540497609e-06
414,48.6000000000004,2,469,99.564705882354,0,3.67394039744206e-16,6,0,90
414,48.6000000000004,3,465.330963854083,3.91999999999999,0,7.34788079488412e-17,1.2,0,90
414,48.6000000000004,4,1175,99.7666666666666,0,7.9602041944578e-16,13,0,90
414,48.6000000000004,5,2034,99.3869565217397,0,5.51091059616309e-16,9,0,90
414,48.6000000000004,6,847.679670109003,0,0,17.4849832949308,0,0,0
414,48.6000000000004,7,302.879176411285,0,0,0.3,0,0,0
414,48.7000000000004,1,454.865126854213,-5.53024430287178e-11,0,0.105685667501173,5.02338181637676e-09,0,2.72334540497609e-06
414,48.7000000000004,2,469,99.564705882354,0,3.67394039744206e-16,6,0,90
414,48.7000000000004,3,465.330963854083,3.91999999999999,0,7.34788079488412e-17,1.2,0,90
414,48.7000000000004,4,1175,99.7666666666666,0,7.9602041944578e-16,13,0,90
414,48.7000000000004,5,2034,99.3869565217397,0,5.51091059616309e-16,9,0,90
414,48.7000000000004,6,849.427859063496,0,0,17.4787957949308,0,0,0
414,48.7000000000004,7,302.879176411285,0,0,0.3,0,0,0
414,48.8000000000004,1,454.865126854213,-5.53024430287178e-11,0,0.105685667501173,5.02338181637676e-09,0,2.72334540497609e-06
414,48.8000000000004,2,469,99.564705882354,0,3.67394039744206e-16,6,0,90
414,48.8000000000004,3,465.330963854083,3.91999999999999,0,7.34788079488412e-17,1.2,0,90
414,48.8000000000004,4,1175,99.7666666666666,0,7.9602041944578e-16,13,0,90
414,48.8000000000004,5,2034,99.3869565217397,0,5.51091059616309e-16,9,0,90
414,48.8000000000004,6,851.175429267989,0,0,17.4726082949309,0,0,0
414,48.8000000000004,7,302.879176411285,0,0,0.3,0,0,0
414,48.9000000000004,1,454.865126854213,-5.53024430287178e-11,0,0.105685667501173,5.02338181637676e-09,0,2.72334540497609e-06
414,48.9000000000004,2,469,99.564705882354,0,3.67394039744206e-16,6,0,90
414,48.9000000000004,3,465.330963854083,3.91999999999999,0,7.34788079488412e-17,1.2,0,90
414,48.9000000000004,4,1175,99.7666666666666,0,7.9602041944578e-16,13,0,90
414,48.9000000000004,5,2034,99.3869565217397,0,5.51091059616309e-16,9,0,90
414,48.9000000000004,6,852.922380722482,0,0,17.4664207949308,0,0,0
414,48.9000000000004,7,302.879176411285,0,0,0.3,0,0,0
414,49.0000000000004,1,454.865126854213,-5.53024430287178e-11,0,0.105685667501173,5.02338181637676e-09,0,2.72334540497609e-06
414,49.0000000000004,2,469,99.564705882354,0,3.67394039744206e-16,6,0,90
414,49.0000000000004,3,465.330963854083,3.91999999999999,0,7.34788079488412e-17,1.2,0,90
414,49.0000000000004,4,1175,99.7666666666666,0,7.9602041944578e-16,13,0,90
414,49.0000000000004,5,2034,99.3869565217397,0,5.51091059616309e-16,9,0,90
414,49.0000000000004,6,854.668713426976,0,0,17.4602332949308,0,0,0
414,49.0000000000004,7,302.879176411285,0,0,0.3,0,0,0
414,49.1000000000004,1,454.865126854213,-5.53024430287178e-11,0,0.105685667501173,5.02338181637676e-09,0,2.72334540497609e-06
414,49.1000000000004,2,469,99.564705882354,0,3.67394039744206e-16,6,0,90
414,49.1000000000004,3,465.330963854083,3.91999999999999,0,7.34788079488412e-17,1.2,0,90
414,49.1000000000004,4,1175,99.7666666666666,0,7.9602041944578e-16,13,0,90
414,49.1000000000004,5,2034,99.3869565217397,0,5.51091059616309e-16,9,0,90
414,49.1000000000004,6,856.414427381469,0,0,17.4540457949308,0,0,0
414,49.1000000000004,7,302.879176411285,0,0,0.3,0,0,0
414,49.2000000000004,1,454.865126854213,-5.53024430287178e-11,0,0.105685667501173,5.02338181637676e-09,0,2.72334540497609e-06
414,49.2000000000004,2,469,99.564705882354,0,3.67394039744206e-16,6,0,90
414,49.2000000000004,3,465.330963854083,3.91999999999999,0,7.34788079488412e-17,1.2,0,90
414,49.2000000000004,4,1175,99.7666666666666,0,7.9602041944578e-16,13,0,90
414,49.2000000000004,5,2034,99.3869565217397,0,5.51091059616309e-16,9,0,90
414,49.2000000000004,6,858.159522585962,0,0,17.4478582949308,0,0,0
414,49.2000000000004,7,302.879176411285,0,0,0.3,0,0,0
414,49.3000000000004,1,454.865126854213,-5.53024430287178e-11,0,0.105685667501173,5.02338181637676e-09,0,2.72334540497609e-06
414,49.3000000000004,2,469,99.564705882354,0,3.67394039744206e-16,6,0,90
414,49.3000000000004,3,465.330963854083,3.91999999999999,0,7.34788079488412e-17,1.2,0,90
414,49.3000000000004,4,1175,99.7666666666666,0,7.9602041944578e-16,13,0,90
414,49.3000000000004,5,2034,99.3869565217397,0,5.51091059616309e-16,9,0,90
414,49.3000000000004,6,859.903999040455,0,0,17.4416707949309,0,0,0
414,49.3000000000004,7,302.879176411285,0,0,0.3,0,0,0
414,49.4000000000004,1,454.865126854213,-5.53024430287178e-11,0,0.105685667501173,5.02338181637676e-09,0,2.72334540497609e-06
414,49.4000000000004,2,469,99.564705882354,0,3.67394039744206e-16,6,0,90
414,49.4000000000004,3,465.330963854083,3.91999999999999,0,7.34788079488412e-17,1.2,0,90
414,49.4000000000004,4,1175,99.7666666666666,0,7.9602041944578e-16,13,0,90
414,49.4000000000004,5,2034,99.3869565217397,0,5.51091059616309e-16,9,0,90
414,49.4000000000004,6,861.647856744948,0,0,17.4354832949308,0,0,0
414,49.4000000000004,7,302.879176411285,0,0,0.3,0,0,0
414,49.5000000000004,1,454.865126854213,-5.53024430287178e-11,0,0.105685667501173,5.02338181637676e-09,0,2.72334540497609e-06
414,49.5000000000004,2,469,99.564705882354,0,3.67394039744206e-16,6,0,90
414,49.5000000000004,3,465.330963854083,3.91999999999999,0,7.34788079488412e-17,1.2,0,90
414,49.5000000000004,4,1175,99.7666666666666,0,7.9602041944578e-16,13,0,90
414,49.5000000000004,5,2034,99.3869565217397,0,5.51091059616309e-16,9,0,90
414,49.5000000000004,6,863.391095699441,0,0,17.4292957949308,0,0,0
414,49.5000000000004,7,302.879176411285,0,0,0.3,0,0,0
414,49.6000000000004,1,454.865126854213,-5.53024430287178e-11,0,0.105685667501173,5.02338181637676e-09,0,2.72334540497609e-06
414,49.6000000000004,2,469,99.564705882354,0,3.67394039744206e-16,6,0,90
414,49.6000000000004,3,465.330963854083,3.91999999999999,0,7.34788079488412e-17,1.2,0,90
414,49.6000000000004,4,1175,99.7666666666666,0,7.9602041944578e-16,13,0,90
414,49.6000000000004,5,2034,99.3869565217397,0,5.51091059616309e-16,9,0,90
414,49.6000000000004,6,865.133715903934,0,0,17.4231082949308,0,0,0
414,49.6000000000004,7,302.879176411285,0,0,0.3,0,0,0
414,49.7000000000004,1,454.865126854213,-5.53024430287178e-11,0,0.105685667501173,5.02338181637676e-09,0,2.72334540497609e-06
414,49.7000000000004,2,469,99.564705882354,0,3.67394039744206e-16,6,0,90
414,49.7000000000004,3,465.330963854083,3.91999999999999,0,7.34788079488412e-17,1.2,0,90
414,49.7000000000004,4,1175,99.7666666666666,0,7.9602041944578e-16,13,0,90
414,49.7000000000004,5,2034,99.3869565217397,0,5.51091059616309e-16,9,0,90
414,49.7000000000004,6,866.875717358427,0,0,17.4169207949308,0,0,0
414,49.7000000000004,7,302.879176411285,0,0,0.3,0,0,0
414,49.8000000000004,1,454.865126854213,-5.53024430287178e-11,0,0.105685667501173,5.02338181637676e-09,0,2.72334540497609e-06
414,49.8000000000004,2,469,99.564705882354,0,3.67394039744206e-16,6,0,90
414,49.8000000000004,3,465.330963854083,3.91999999999999,0,7.34788079488412e-17,1.2,0,90
414,49.8000000000004,4,1175,99.7666666666666,0,7.9602041944578e-16,13,0,90
414,49.8000000000004,5,2034,99.3869565217397,0,5.51091059616309e-16,9,0,90
414,49.8000000000004,6,868.61710006292,0,0,17.4107332949308,0,0,0
414,49.8000000000004,7,302.879176411285,0,0,0.3,0,0,0
414,49.9000000000004,1,454.865126854213,-5.53024430287178e-11,0,0.105685667501173,5.02338181637676e-09,0,2.72334540497609e-06
414,49.9000000000004,2,469,99.564705882354,0,3.67394039744206e-16,6,0,90
414,49.9000000000004,3,465.330963854083,3.91999999999999,0,7.34788079488412e-17,1.2,0,90
414,49.9000000000004,4,1175,99.7666666666666,0,7.9602041944578e-16,13,0,90
414,49.9000000000004,5,2034,99.3869565217397,0,5.51091059616309e-16,9,0,90
414,49.9000000000004,6,870.357864017413,0,0,17.4045457949308,0,0,0
414,49.9000000000004,7,302.879176411285,0,0,0.3,0,0,0
414,50.0000000000004,1,454.865126854213,-5.53024430287178e-11,0,0.105685667501173,5.02338181637676e-09,0,2.72334540497609e-06
414,50.0000000000004,2,469,99.564705882354,0,3.67394039744206e-16,6,0,90
414,50.0000000000004,3,465.330963854083,3.91999999999999,0,7.34788079488412e-17,1.2,0,90
414,50.0000000000004,4,1175,99.7666666666666,0,7.9602041944578e-16,13,0,90
414,50.0000000000004,5,2034,99.3869565217397,0,5.51091059616309e-16,9,0,90
414,50.0000000000004,6,872.098009221907,0,0,17.3983582949308,0,0,0
414,50.0000000000004,7,302.879176411285,0,0,0.3,0,0,0
414,50.1000000000004,1,454.865126854213,-5.53024430287178e-11,0,0.105685667501173,5.02338181637676e-09,0,2.72334540497609e-06
414,50.1000000000004,2,469,99.564705882354,0,3.67394039744206e-16,6,0,90
414,50.1000000000004,3,465.330963854083,3.91999999999999,0,7.34788079488412e-17,1.2,0,90
414,50.1000000000004,4,1175,99.7666666666666,0,7.9602041944578e-16,13,0,90
414,50.1000000000004,5,2034,99.3869565217397,0,5.51091059616309e-16,9,0,90
414,50.1000000000004,6,873.8375356764,0,0,17.3921707949308,0,0,0
414,50.1000000000004,7,302.879176411285,0,0,0.3,0,0,0
414,50.2000000000004,1,454.865126854213,-5.53024430287178e-11,0,0.105685667501173,5.02338181637676e-09,0,2.72334540497609e-06
414,50.2000000000004,2,469,99.564705882354,0,3.67394039744206e-16,6,0,90
414,50.2000000000004,3,465.330963854083,3.91999999999999,0,7.34788079488412e-17,1.2,0,90
414,50.2000000000004,4,1175,99.7666666666666,0,7.9602041944578e-16,13,0,90
414,50.2000000000004,5,2034,99.3869565217397,0,5.51091059616309e-16,9,0,90
414,50.2000000000004,6,875.576443380893,0,0,17.3859832949308,0,0,0
414,50.2000000000004,7,302.879176411285,0,0,0.3,0,0,0
414,50.3000000000004,1,454.865126854213,-5.53024430287178e-11,0,0.105685667501173,5.02338181637676e-09,0,2.72334540497609e-06
414,50.3000000000004,2,469,99.564705882354,0,3.67394039744206e-16,6,0,90
414,50.3000000000004,3,465.330963854083,3.91999999999999,0,7.34788079488412e-17,1.2,0,90
414,50.3000000000004,4,1175,99.7666666666666,0,7.9602041944578e-16,13,0,90
414,50.3000000000004,5,2034,99.3869565217397,0,5.51091059616309e-16,9,0,90
414,50.3000000000004,6,877.314732335386,0,0,17.3797957949308,0,0,0
414,50.3000000000004,7,302.879176411285,0,0,0.3,0,0,0
414,50.4000000000004,1,454.865126854213,-5.53024430287178e-11,0,0.105685667501173,5.02338181637676e-09,0,2.72334540497609e-06
414,50.4000000000004,2,469,99.564705882354,0,3.67394039744206e-16,6,0,90
414,50.4000000000004,3,465.330963854083,3.91999999999999,0,7.34788079488412e-17,1.2,0,90
414,50.4000000000004,4,1175,99.7666666666666,0,7.9602041944578e-16,13,0,90
414,50.4000000000004,5,2034,99.3869565217397,0,5.51091059616309e-16,9,0,90
414,50.4000000000004,6,879.052402539879,0,0,17.3736082949308,0,0,0
414,50.4000000000004,7,302.879176411285,0,0,0.3,0,0,0
414,50.5000000000004,1,454.865126854213,-5.53024430287178e-11,0,0.105685667501173,5.02338181637676e-09,0,2.72334540497609e-06
414,50.5000000000004,2,469,99.564705882354,0,3.67394039744206e-16,6,0,90
414,50.5000000000004,3,465.330963854083,3.91999999999999,0,7.34788079488412e-17,1.2,0,90
414,50.5000000000004,4,1175,99.7666666666666,0,7.9602041944578e-16,13,0,90
414,50.5000000000004,5,2034,99.3869565217397,0,5.51091059616309e-16,9,0,90
414,50.5000000000004,6,880.789453994372,0,0,17.3674207949308,0,0,0
414,50.5000000000004,7,302.879176411285,0,0,0.3,0,0,0
414,50.6000000000004,1,454.865126854213,-5.53024430287178e-11,0,0.105685667501173,5.02338181637676e-09,0,2.72334540497609e-06
414,50.6000000000004,2,469,99.564705882354,0,3.67394039744206e-16,6,0,90
414,50.6000000000004,3,465.330963854083,3.91999999999999,0,7.34788079488412e-17,1.2,0,90
414,50.6000000000004,4,1175,99.7666666666666,0,7.9602041944578e-16,13,0,90
414,50.6000000000004,5,2034,99.3869565217397,0,5.51091059616309e-16,9,0,90
414,50.6000000000004,6,882.525886698865,0,0,17.3612332949308,0,0,0
414,50.6000000000004,7,302.879176411285,0,0,0.3,0,0,0
414,50.7000000000005,1,454.865126854213,-5.53024430287178e-11,0,0.105685667501173,5.02338181637676e-09,0,2.72334540497609e-06
414,50.7000000000005,2,469,99.564705882354,0,3.67394039744206e-16,6,0,90
414,50.7000000000005,3,465.330963854083,3.91999999999999,0,7.34788079488412e-17,1.2,0,90
414,50.7000000000005,4,1175,99.7666666666666,0,7.9602041944578e-16,13,0,90
414,50.7000000000005,5,2034,99.3869565217397,0,5.51091059616309e-16,9,0,90
414,50.7000000000005,6,884.261700653358,0,0,17.3550457949308,0,0,0
414,50.7000000000005,7,302.879176411285,0,0,0.3,0,0,0
414,50.8000000000005,1,454.865126854213,-5.53024430287178e-11,0,0.105685667501173,5.02338181637676e-09,0,2.72334540497609e-06
414,50.8000000000005,2,469,99.564705882354,0,3.67394039744206e-16,6,0,90
414,50.8000000000005,3,465.330963854083,3.91999999999999,0,7.34788079488412e-17,1.2,0,90
414,50.8000000000005,4,1175,99.7666666666666,0,7.9602041944578e-16,13,0,90
414,50.8000000000005,5,2034,99.3869565217397,0,5.51091059616309e-16,9,0,90
414,50.8000000000005,6,885.996895857852,0,0,17.3488582949308,0,0,0
414,50.8000000000005,7,302.879176411285,0,0,0.3,0,0,0
414,50.9000000000005,1,454.865126854213,-5.53024430287178e-11,0,0.105685667501173,5.02338181637676e-09,0,2.72334540497609e-06
414,50.9000000000005,2,469,99.564705882354,0,3.67394039744206e-16,6,0,90
414,50.9000000000005,3,465.330963854083,3.91999999999999,0,7.34788079488412e-17,1.2,0,90
414,50.9000000000005,4,1175,99.7666666666666,0,7.9602041944578e-16,13,0,90
414,50.9000000000005,5,2034,99.3869565217397,0,5.51091059616309e-16,9,0,90
414,50.9000000000005,6,887.731472312345,0,0,17.3426707949308,0,0,0
414,50.9000000000005,7,302.879176411285,0,0,0.3,0,0,0
414,51.0000000000005,1,454.865126854213,-5.53024430287178e-11,0,0.105685667501173,5.02338181637676e-09,0,2.72334540497609e-06
414,51.0000000000005,2,469,99.564705882354,0,3.67394039744206e-16,6,0,90
414,51.0000000000005,3,465.330963854083,3.91999999999999,0,7.34788079488412e-17,1.2,0,90
414,51.0000000000005,4,1175,99.7666666666666,0,7.9602041944578e-16,13,0,90
414,51.0000000000005,5,2034,99.3869565217397,0,5.51091059616309e-16,9,0,90
414,51.0000000000005,6,889.465430016838,0,0,17.3364832949308,0,0,0
414,51.0000000000005,7,302.879176411285,0,0,0.3,0,0,0
414,51.1000000000005,1,454.865126854213,-5.53024430287178e-11,0,0.105685667501173,5.02338181637676e-09,0,2.72334540497609e-06
414,51.1000000000005,2,469,99.564705882354,0,3.67394039744206e-16,6,0,90
414,51.1000000000005,3,465.330963854083,3.91999999999999,0,7.34788079488412e-17,1.2,0,90
414,51.1000000000005,4,1175,99.7666666666666,0,7.9602041944578e-16,13,0,90
414,51.1000000000005,5,2034,99.3869565217397,0,5.51091059616309e-16,9,0,90
414,51.1000000000005,6,891.198768971331,0,0,17.3302957949308,0,0,0
414,51.1000000000005,7,302.879176411285,0,0,0.3,0,0,0
414,51.2000000000005,1,454.865126854213,-5.53024430287178e-11,0,0.105685667501173,5.02338181637676e-09,0,2.72334540497609e-06
414,51.2000000000005,2,469,99.564705882354,0,3.67394039744206e-16,6,0,90
414,51.2000000000005,3,465.330963854083,3.91999999999999,0,7.34788079488412e-17,1.2,0,90
414,51.2000000000005,4,1175,99.7666666666666,0,7.9602041944578e-16,13,0,90
414,51.2000000000005,5,2034,99.3869565217397,0,5.51091059616309e-16,9,0,90
414,51.2000000000005,6,892.931489175824,0,0,17.3241082949308,0,0,0
414,51.2000000000005,7,302.879176411285,0,0,0.3,0,0,0
414,51.3000000000005,1,454.865126854213,-5.53024430287178e-11,0,0.105685667501173,5.02338181637676e-09,0,2.72334540497609e-06
414,51.3000000000005,2,469,99.564705882354,0,3.67394039744206e-16,6,0,90
414,51.3000000000005,3,465.330963854083,3.91999999999999,0,7.34788079488412e-17,1.2,0,90
414,51.3000000000005,4,1175,99.7666666666666,0,7.9602041944578e-16,13,0,90
414,51.3000000000005,5,2034,99.3869565217397,0,5.51091059616309e-16,9,0,90
414,51.3000000000005,6,894.663590630317,0,0,17.3179207949308,0,0,0
414,51.3000000000005,7,302.879176411285,0,0,0.3,0,0,0
414,51.4000000000005,1,454.865126854213,-5.53024430287178e-11,0,0.105685667501173,5.02338181637676e-09,0,2.72334540497609e-06
414,51.4000000000005,2,469,99.564705882354,0,3.67394039744206e-16,6,0,90
414,51.4000000000005,3,465.330963854083,3.91999999999999,0,7.34788079488412e-17,1.2,0,90
414,51.4000000000005,4,1175,99.7666666666666,0,7.9602041944578e-16,13,0,90
414,51.4000000000005,5,2034,99.3869565217397,0,5.51091059616309e-16,9,0,90
414,51.4000000000005,6,896.39507333481,0,0,17.3117332949308,0,0,0
414,51.4000000000005,7,302.879176411285,0,0,0.3,0,0,0
414,51.5000000000005,1,454.865126854213,-5.53024430287178e-11,0,0.105685667501173,5.02338181637676e-09,0,2.72334540497609e-06
414,51.5000000000005,2,469,99.564705882354,0,3.67394039744206e-16,6,0,90
414,51.5000000000005,3,465.330963854083,3.91999999999999,0,7.34788079488412e-17,1.2,0,90
414,51.5000000000005,4,1175,99.7666666666666,0,7.9602041944578e-16,13,0,90
414,51.5000000000005,5,2034,99.3869565217397,0,5.51091059616309e-16,9,0,90
414,51.5000000000005,6,898.125937289303,0,0,17.3055457949308,0,0,0
414,51.5000000000005,7,302.879176411285,0,0,0.3,0,0,0
414,51.6000000000005,1,454.865126854213,-5.53024430287178e-11,0,0.105685667501173,5.02338181637676e-09,0,2.72334540497609e-06
414,51.6000000000005,2,469,99.564705882354,0,3.67394039744206e-16,6,0,90
414,51.6000000000005,3,465.330963854083,3.91999999999999,0,7.34788079488412e-17,1.2,0,90
414,51.6000000000005,4,1175,99.7666666666666,0,7.9602041944578e-16,13,0,90
414,51.6000000000005,5,2034,99.3869565217397,0,5.51091059616309e-16,9,0,90
414,51.6000000000005,6,899.856182493796,0,0,17.2993582949308,0,0,0
414,51.6000000000005,7,302.879176411285,0,0,0.3,0,0,0
414,51.7000000000005,1,454.865126854213,-5.53024430287178e-11,0,0.105685667501173,5.02338181637676e-09,0,2.72334540497609e-06
414,51.7000000000005,2,469,99.564705882354,0,3.67394039744206e-16,6,0,90
414,51.7000000000005,3,465.330963854083,3.91999999999999,0,7.34788079488412e-17,1.2,0,90
414,51.7000000000005,4,1175,99.7666666666666,0,7.9602041944578e-16,13,0,90
414,51.7000000000005,5,2034,99.3869565217397,0,5.51091059616309e-16,9,0,90
414,51.7000000000005,6,901.585808948289,0,0,17.2931707949308,0,0,0
414,51.7000000000005,7,302.879176411285,0,0,0.3,0,0,0
414,51.8000000000005,1,454.865126854213,-5.53024430287178e-11,0,0.105685667501173,5.02338181637676e-09,0,2.72334540497609e-06
414,51.8000000000005,2,469,99.564705882354,0,3.67394039744206e-16,6,0,90
414,51.8000000000005,3,465.330963854083,3.91999999999999,0,7.34788079488412e-17,1.2,0,90
414,51.8000000000005,4,1175,99.7666666666666,0,7.9602041944578e-16,13,0,90
414,51.8000000000005,5,2034,99.3869565217397,0,5.51091059616309e-16,9,0,90
414,51.8000000000005,6,903.314816652783,0,0,17.2869832949308,0,0,0
414,51.8000000000005,7,302.879176411285,0,0,0.3,0,0,0
414,51.9000000000005,1,454.865126854213,-5.53024430287178e-11,0,0.105685667501173,5.02338181637676e-09,0,2.72334540497609e-06
414,51.9000000000005,2,469,99.564705882354,0,3.67394039744206e-16,6,0,90
414,51.9000000000005,3,465.330963854083,3.91999999999999,0,7.34788079488412e-17,1.2,0,90
414,51.9000000000005,4,1175,99.7666666666666,0,7.9602041944578e-16,13,0,90
414,51.9000000000005,5,2034,99.3869565217397,0,5.51091059616309e-16,9,0,90
414,51.9000000000005,6,905.043205607276,0,0,17.2807957949308,0,0,0
414,51.9000000000005,7,302.879176411285,0,0,0.3,0,0,0
414,52.0000000000005,1,454.865126854213,-5.53024430287178e-11,0,0.105685667501173,5.02338181637676e-09,0,2.72334540497609e-06
414,52.0000000000005,2,469,99.564705882354,0,3.67394039744206e-16,6,0,90
414,52.0000000000005,3,465.330963854083,3.91999999999999,0,7.34788079488412e-17,1.2,0,90
414,52.0000000000005,4,1175,99.7666666666666,0,7.9602041944578e-16,13,0,90
414,52.0000000000005,5,2034,99.3869565217397,0,5.51091059616309e-16,9,0,90
414,52.0000000000005,6,906.770975811769,0,0,17.2746082949308,0,0,0
414,52.0000000000005,7,302.879176411285,0,0,0.3,0,0,0
414,52.1000000000005,1,454.865126854213,-5.53024430287178e-11,0,0.105685667501173,5.02338181637676e-09,0,2.72334540497609e-06
414,52.1000000000005,2,469,99.564705882354,0,3.67394039744206e-16,6,0,90
414,52.1000000000005,3,465.330963854083,3.91999999999999,0,7.34788079488412e-17,1.2,0,90
414,52.1000000000005,4,1175,99.7666666666666,0,7.9602041944578e-16,13,0,90
414,52.1000000000005,5,2034,99.3869565217397,0,5.51091059616309e-16,9,0,90
414,52.1000000000005,6,908.498127266262,0,0,17.2684207949308,0,0,0
414,52.1000000000005,7,302.879176411285,0,0,0.3,0,0,0
414,52.2000000000005,1,454.865126854213,-5.53024430287178e-11,0,0.105685667501173,5.02338181637676e-09,0,2.72334540497609e-06
414,52.2000000000005,2,469,99.564705882354,0,3.67394039744206e-16,6,0,90
414,52.2000000000005,3,465.330963854083,3.91999999999999,0,7.34788079488412e-17,1.2,0,90
414,52.2000000000005,4,1175,99.7666666666666,0,7.9602041944578e-16,13,0,90
414,52.2000000000005,5,2034,99.3869565217397,0,5.51091059616309e-16,9,0,90
414,52.2000000000005,6,910.224659970755,0,0,17.2622332949308,0,0,0
414,52.2000000000005,7,302.879176411285,0,0,0.3,0,0,0
414,52.3000000000005,1,454.865126854213,-5.53024430287178e-11,0,0.105685667501173,5.02338181637676e-09,0,2.72334540497609e-06
414,52.3000000000005,2,469,99.564705882354,0,3.67394039744206e-16,6,0,90
414,52.3000000000005,3,465.330963854083,3.91999999999999,0,7.34788079488412e-17,1.2,0,90
414,52.3000000000005,4,1175,99.7666666666666,0,7.9602041944578e-16,13,0,90
414,52.3000000000005,5,2034,99.3869565217397,0,5.51091059616309e-16,9,0,90
414,52.3000000000005,6,911.950573925248,0,0,17.2560457949308,0,0,0
414,52.3000000000005,7,302.879176411285,0,0,0.3,0,0,0
414,52.4000000000005,1,454.865126854213,-5.53024430287178e-11,0,0.105685667501173,5.02338181637676e-09,0,2.72334540497609e-06
414,52.4000000000005,2,469,99.564705882354,0,3.67394039744206e-16,6,0,90
414,52.4000000000005,3,465.330963854083,3.91999999999999,0,7.34788079488412e-17,1.2,0,90
414,52.4000000000005,4,1175,99.7666666666666,0,7.9602041944578e-16,13,0,90
414,52.4000000000005,5,2034,99.3869565217397,0,5.51091059616309e-16,9,0,90
414,52.4000000000005,6,913.675869129741,0,0,17.2498582949308,0,0,0
414,52.4000000000005,7,302.879176411285,0,0,0.3,0,0,0
414,52.5000000000005,1,454.865126854213,-5.53024430287178e-11,0,0.105685667501173,5.02338181637676e-09,0,2.72334540497609e-06
414,52.5000000000005,2,469,99.564705882354,0,3.67394039744206e-16,6,0,90
414,52.5000000000005,3,465.330963854083,3.91999999999999,0,7.34788079488412e-17,1.2,0,90
414,52.5000000000005,4,1175,99.7666666666666,0,7.9602041944578e-16,13,0,90
414,52.5000000000005,5,2034,99.3869565217397,0,5.51091059616309e-16,9,0,90
414,52.5000000000005,6,915.400545584234,0,0,17.2436707949308,0,0,0
414,52.5000000000005,7,302.879176411285,0,0,0.3,0,0,0
414,52.6000000000005,1,454.865126854213,-5.53024430287178e-11,0,0.105685667501173,5.02338181637676e-09,0,2.72334540497609e-06
414,52.6000000000005,2,469,99.564705882354,0,3.67394039744206e-16,6,0,90
414,52.6000000000005,3,465.330963854083,3.91999999999999,0,7.34788079488412e-17,1.2,0,90
414,52.6000000000005,4,1175,99.7666666666666,0,7.9602041944578e-16,13,0,90
414,52.6000000000005,5,2034,99.3869565217397,0,5.51091059616309e-16,9,0,90
414,52.6000000000005,6,917.124603288727,0,0,17.2374832949308,0,0,0
414,52.6000000000005,7,302.879176411285,0,0,0.3,0,0,0
414,52.7000000000005,1,454.865126854213,-5.53024430287178e-11,0,0.105685667501173,5.02338181637676e-09,0,2.72334540497609e-06
414,52.7000000000005,2,469,99.564705882354,0,3.67394039744206e-16,6,0,90
414,52.7000000000005,3,465.330963854083,3.91999999999999,0,7.34788079488412e-17,1.2,0,90
414,52.7000000000005,4,1175,99.7666666666666,0,7.9602041944578e-16,13,0,90
414,52.7000000000005,5,2034,99.3869565217397,0,5.51091059616309e-16,9,0,90
414,52.7000000000005,6,918.848042243221,0,0,17.2312957949308,0,0,0
414,52.7000000000005,7,302.879176411285,0,0,0.3,0,0,0
414,52.8000000000005,1,454.865126854213,-5.53024430287178e-11,0,0.105685667501173,5.02338181637676e-09,0,2.72334540497609e-06
414,52.8000000000005,2,469,99.564705882354,0,3.67394039744206e-16,6,0,90
414,52.8000000000005,3,465.330963854083,3.91999999999999,0,7.34788079488412e-17,1.2,0,90
414,52.8000000000005,4,1175,99.7666666666666,0,7.9602041944578e-16,13,0,90
414,52.8000000000005,5,2034,99.3869565217397,0,5.51091059616309e-16,9,0,90
414,52.8000000000005,6,920.570862447714,0,0,17.2251082949308,0,0,0
414,52.8000000000005,7,302.879176411285,0,0,0.3,0,0,0
414,52.9000000000005,1,454.865126854213,-5.53024430287178e-11,0,0.105685667501173,5.02338181637676e-09,0,2.72334540497609e-06
414,52.9000000000005,2,469,99.564705882354,0,3.67394039744206e-16,6,0,90
414,52.9000000000005,3,465.330963854083,3.91999999999999,0,7.34788079488412e-17,1.2,0,90
414,52.9000000000005,4,1175,99.7666666666666,0,7.9602041944578e-16,13,0,90
414,52.9000000000005,5,2034,99.3869565217397,0,5.51091059616309e-16,9,0,90
414,52.9000000000005,6,922.293063902207,0,0,17.2189207949308,0,0,0
414,52.9000000000005,7,302.879176411285,0,0,0.3,0,0,0
414,53.0000000000005,1,454.865126854213,-5.53024430287178e-11,0,0.105685667501173,5.02338181637676e-09,0,2.72334540497609e-06
414,53.0000000000005,2,469,99.564705882354,0,3.67394039744206e-16,6,0,90
414,53.0000000000005,3,465.330963854083,3.91999999999999,0,7.34788079488412e-17,1.2,0,90
414,53.0000000000005,4,1175,99.7666666666666,0,7.9602041944578e-16,13,0,90
414,53.0000000000005,5,2034,99.3869565217397,0,5.51091059616309e-16,9,0,90
414,53.0000000000005,6,924.0146466067,0,0,17.2127332949308,0,0,0
414,53.0000000000005,7,302.879176411285,0,0,0.3,0,0,0
414,53.1000000000005,1,454.865126854213,-5.53024430287178e-11,0,0.105685667501173,5.02338181637676e-09,0,2.72334540497609e-06
414,53.1000000000005,2,469,99.564705882354,0,3.67394039744206e-16,6,0,90
414,53.1000000000005,3,465.330963854083,3.91999999999999,0,7.34788079488412e-17,1.2,0,90
414,53.1000000000005,4,1175,99.7666666666666,0,7.9602041944578e-16,13,0,90
414,53.1000000000005,5,2034,99.3869565217397,0,5.51091059616309e-16,9,0,90
414,53.1000000000005,6,925.735610561193,0,0,17.2065457949308,0,0,0
414,53.1000000000005,7,302.879176411285,0,0,0.3,0,0,0
414,53.2000000000005,1,454.865126854213,-5.53024430287178e-11,0,0.105685667501173,5.02338181637676e-09,0,2.72334540497609e-06
414,53.2000000000005,2,469,99.564705882354,0,3.67394039744206e-16,6,0,90
414,53.2000000000005,3,465.330963854083,3.91999999999999,0,7.34788079488412e-17,1.2,0,90
414,53.2000000000005,4,1175,99.7666666666666,0,7.9602041944578e-16,13,0,90
414,53.2000000000005,5,2034,99.3869565217397,0,5.51091059616309e-16,9,0,90
414,53.2000000000005,6,927.455955765686,0,0,17.2003582949308,0,0,0
414,53.2000000000005,7,302.879176411285,0,0,0.3,0,0,0
414,53.3000000000005,1,454.865126854213,-5.53024430287178e-11,0,0.105685667501173,5.02338181637676e-09,0,2.72334540497609e-06
414,53.3000000000005,2,469,99.564705882354,0,3.67394039744206e-16,6,0,90
414,53.3000000000005,3,465.330963854083,3.91999999999999,0,7.34788079488412e-17,1.2,0,90
414,53.3000000000005,4,1175,99.7666666666666,0,7.9602041944578e-16,13,0,90
414,53.3000000000005,5,2034,99.3869565217397,0,5.51091059616309e-16,9,0,90
414,53.3000000000005,6,929.175682220179,0,0,17.1941707949308,0,0,0
414,53.3000000000005,7,302.879176411285,0,0,0.3,0,0,0
414,53.4000000000005,1,454.865126854213,-5.53024430287178e-11,0,0.105685667501173,5.02338181637676e-09,0,2.72334540497609e-06
414,53.4000000000005,2,469,99.564705882354,0,3.67394039744206e-16,6,0,90
414,53.4000000000005,3,465.330963854083,3.91999999999999,0,7.34788079488412e-17,1.2,0,90
414,53.4000000000005,4,1175,99.7666666666666,0,7.9602041944578e-16,13,0,90
414,53.4000000000005,5,2034,99.3869565217397,0,5.51091059616309e-16,9,0,90
414,53.4000000000005,6,930.894789924672,0,0,17.1879832949308,0,0,0
414,53.4000000000005,7,302.879176411285,0,0,0.3,0,0,0
414,53.5000000000005,1,454.865126854213,-5.53024430287178e-11,0,0.105685667501173,5.02338181637676e-09,0,2.72334540497609e-06
414,53.5000000000005,2,469,99.564705882354,0,3.67394039744206e-16,6,0,90
414,53.5000000000005,3,465.330963854083,3.91999999999999,0,7.34788079488412e-17,1.2,0,90
414,53.5000000000005,4,1175,99.7666666666666,0,7.9602041944578e-16,13,0,90
414,53.5000000000005,5,2034,99.3869565217397,0,5.51091059616309e-16,9,0,90
414,53.5000000000005,6,932.613278879165,0,0,17.1817957949308,0,0,0
414,53.5000000000005,7,302.879176411285,0,0,0.3,0,0,0
414,53.6000000000005,1,454.865126854213,-5.53024430287178e-11,0,0.105685667501173,5.02338181637676e-09,0,2.72334540497609e-06
414,53.6000000000005,2,469,99.564705882354,0,3.67394039744206e-16,6,0,90
414,53.6000000000005,3,465.330963854083,3.91999999999999,0,7.34788079488412e-17,1.2,0,90
414,53.6000000000005,4,1175,99.7666666666666,0,7.9602041944578e-16,13,0,90
414,53.6000000000005,5,2034,99.3869565217397,0,5.51091059616309e-16,9,0,90
414,53.6000000000005,6,934.331149083659,0,0,17.1756082949308,0,0,0
414,53.6000000000005,7,302.879176411285,0,0,0.3,0,0,0
414,53.7000000000005,1,454.865126854213,-5.53024430287178e-11,0,0.105685667501173,5.02338181637676e-09,0,2.72334540497609e-06
414,53.7000000000005,2,469,99.564705882354,0,3.67394039744206e-16,6,0,90
414,53.7000000000005,3,465.330963854083,3.91999999999999,0,7.34788079488412e-17,1.2,0,90
414,53.7000000000005,4,1175,99.7666666666666,0,7.9602041944578e-16,13,0,90
414,53.7000000000005,5,2034,99.3869565217397,0,5.51091059616309e-16,9,0,90
414,53.7000000000005,6,936.048400538152,0,0,17.1694207949308,0,0,0
414,53.7000000000005,7,302.879176411285,0,0,0.3,0,0,0
414,53.8000000000005,1,454.865126854213,-5.53024430287178e-11,0,0.105685667501173,5.02338181637676e-09,0,2.72334540497609e-06
414,53.8000000000005,2,469,99.564705882354,0,3.67394039744206e-16,6,0,90
414,53.8000000000005,3,465.330963854083,3.91999999999999,0,7.34788079488412e-17,1.2,0,90
414,53.8000000000005,4,1175,99.7666666666666,0,7.9602041944578e-16,13,0,90
414,53.8000000000005,5,2034,99.3869565217397,0,5.51091059616309e-16,9,0,90
414,53.8000000000005,6,937.765033242645,0,0,17.1632332949308,0,0,0
414,53.8000000000005,7,302.879176411285,0,0,0.3,0,0,0
414,53.9000000000005,1,454.865126854213,-5.53024430287178e-11,0,0.105685667501173,5.02338181637676e-09,0,2.72334540497609e-06
414,53.9000000000005,2,469,99.564705882354,0,3.67394039744206e-16,6,0,90
414,53.9000000000005,3,465.330963854083,3.91999999999999,0,7.34788079488412e-17,1.2,0,90
414,53.9000000000005,4,1175,99.7666666666666,0,7.9602041944578e-16,13,0,90
414,53.9000000000005,5,2034,99.3869565217397,0,5.51091059616309e-16,9,0,90
414,53.9000000000005,6,939.481047197138,0,0,17.1570457949308,0,0,0
414,53.9000000000005,7,302.879176411285,0,0,0.3,0,0,0
414,54.0000000000005,1,454.865126854213,-5.53024430287178e-11,0,0.105685667501173,5.02338181637676e-09,0,2.72334540497609e-06
414,54.0000000000005,2,469,99.564705882354,0,3.67394039744206e-16,6,0,90
414,54.0000000000005,3,465.330963854083,3.91999999999999,0,7.34788079488412e-17,1.2,0,90
414,54.0000000000005,4,1175,99.7666666666666,0,7.9602041944578e-16,13,0,90
414,54.0000000000005,5,2034,99.3869565217397,0,5.51091059616309e-16,9,0,90
414,54.0000000000005,6,941.196442401631,0,0,17.1508582949308,0,0,0
414,54.0000000000005,7,302.879176411285,0,0,0.3,0,0,0
414,54.1000000000005,1,454.865126854213,-5.53024430287178e-11,0,0.105685667501173,5.02338181637676e-09,0,2.72334540497609e-06
414,54.1000000000005,2,469,99.564705882354,0,3.67394039744206e-16,6,0,90
414,54.1000000000005,3,465.330963854083,3.91999999999999,0,7.34788079488412e-17,1.2,0,90
414,54.1000000000005,4,1175,99.7666666666666,0,7.9602041944578e-16,13,0,90
414,54.1000000000005,5,2034,99.3869565217397,0,5.51091059616309e-16,9,0,90
414,54.1000000000005,6,942.911218856124,0,0,17.1446707949308,0,0,0
414,54.1000000000005,7,302.879176411285,0,0,0.3,0,0,0
414,54.2000000000005,1,454.865126854213,-5.53024430287178e-11,0,0.105685667501173,5.02338181637676e-09,0,2.72334540497609e-06
414,54.2000000000005,2,469,99.564705882354,0,3.67394039744206e-16,6,0,90
414,54.2000000000005,3,465.330963854083,3.91999999999999,0,7.34788079488412e-17,1.2,0,90
414,54.2000000000005,4,1175,99.7666666666666,0,7.9602041944578e-16,13,0,90
414,54.2000000000005,5,2034,99.3869565217397,0,5.51091059616309e-16,9,0,90
414,54.2000000000005,6,944.625376560617,0,0,17.1384832949308,0,0,0
414,54.2000000000005,7,302.879176411285,0,0,0.3,0,0,0
414,54.3000000000005,1,454.865126854213,-5.53024430287178e-11,0,0.105685667501173,5.02338181637676e-09,0,2.72334540497609e-06
414,54.3000000000005,2,469,99.564705882354,0,3.67394039744206e-16,6,0,90
414,54.3000000000005,3,465.330963854083,3.91999999999999,0,7.34788079488412e-17,1.2,0,90
414,54.3000000000005,4,1175,99.7666666666666,0,7.9602041944578e-16,13,0,90
414,54.3000000000005,5,2034,99.3869565217397,0,5.51091059616309e-16,9,0,90
414,54.3000000000005,6,946.33891551511,0,0,17.1322957949308,0,0,0
414,54.3000000000005,7,302.879176411285,0,0,0.3,0,0,0
414,54.4000000000005,1,454.865126854213,-5.53024430287178e-11,0,0.105685667501173,5.02338181637676e-09,0,2.72334540497609e-06
414,54.4000000000005,2,469,99.564705882354,0,3.67394039744206e-16,6,0,90
414,54.4000000000005,3,465.330963854083,3.91999999999999,0,7.34788079488412e-17,1.2,0,90
414,54.4000000000005,4,1175,99.7666666666666,0,7.9602041944578e-16,13,0,90
414,54.4000000000005,5,2034,99.3869565217397,0,5.51091059616309e-16,9,0,90
414,54.4000000000005,6,948.051835719603,0,0,17.1261082949308,0,0,0
414,54.4000000000005,7,302.879176411285,0,0,0.3,0,0,0
414,54.5000000000005,1,454.865126854213,-5.53024430287178e-11,0,0.105685667501173,5.02338181637676e-09,0,2.72334540497609e-06
414,54.5000000000005,2,469,99.564705882354,0,3.67394039744206e-16,6,0,90
414,54.5000000000005,3,465.330963854083,3.91999999999999,0,7.34788079488412e-17,1.2,0,90
414,54.5000000000005,4,1175,99.7666666666666,0,7.9602041944578e-16,13,0,90
414,54.5000000000005,5,2034,99.3869565217397,0,5.51091059616309e-16,9,0,90
414,54.5000000000005,6,949.764137174097,0,0,17.1199207949308,0,0,0
414,54.5000000000005,7,302.879176411285,0,0,0.3,0,0,0
414,54.6000000000005,1,454.865126854213,-5.53024430287178e-11,0,0.105685667501173,5.02338181637676e-09,0,2.72334540497609e-06
414,54.6000000000005,2,469,99.564705882354,0,3.67394039744206e-16,6,0,90
414,54.6000000000005,3,465.330963854083,3.91999999999999,0,7.34788079488412e-17,1.2,0,90
414,54.6000000000005,4,1175,99.7666666666666,0,7.9602041944578e-16,13,0,90
414,54.6000000000005,5,2034,99.3869565217397,0,5.51091059616309e-16,9,0,90
414,54.6000000000005,6,951.47581987859,0,0,17.1137332949308,0,0,0
414,54.6000000000005,7,302.879176411285,0,0,0.3,0,0,0
414,54.7000000000005,1,454.865126854213,-5.53024430287178e-11,0,0.105685667501173,5.02338181637676e-09,0,2.72334540497609e-06
414,54.7000000000005,2,469,99.564705882354,0,3.67394039744206e-16,6,0,90
414,54.7000000000005,3,465.330963854083,3.91999999999999,0,7.34788079488412e-17,1.2,0,90
414,54.7000000000005,4,1175,99.7666666666666,0,7.9602041944578e-16,13,0,90
414,54.7000000000005,5,2034,99.3869565217397,0,5.51091059616309e-16,9,0,90
414,54.7000000000005,6,953.186883833083,0,0,17.1075457949308,0,0,0
414,54.7000000000005,7,302.879176411285,0,0,0.3,0,0,0
414,54.8000000000005,1,454.865126854213,-5.53024430287178e-11,0,0.105685667501173,5.02338181637676e-09,0,2.72334540497609e-06
414,54.8000000000005,2,469,99.564705882354,0,3.67394039744206e-16,6,0,90
414,54.8000000000005,3,465.330963854083,3.91999999999999,0,7.34788079488412e-17,1.2,0,90
414,54.8000000000005,4,1175,99.7666666666666,0,7.9602041944578e-16,13,0,90
414,54.8000000000005,5,2034,99.3869565217397,0,5.51091059616309e-16,9,0,90
414,54.8000000000005,6,954.897329037576,0,0,17.1013582949308,0,0,0
414,54.8000000000005,7,302.879176411285,0,0,0.3,0,0,0
414,54.9000000000005,1,454.865126854213,-5.53024430287178e-11,0,0.105685667501173,5.02338181637676e-09,0,2.72334540497609e-06
414,54.9000000000005,2,469,99.564705882354,0,3.67394039744206e-16,6,0,90
414,54.9000000000005,3,465.330963854083,3.91999999999999,0,7.34788079488412e-17,1.2,0,90
414,54.9000000000005,4,1175,99.7666666666666,0,7.9602041944578e-16,13,0,90
414,54.9000000000005,5,2034,99.3869565217397,0,5.51091059616309e-16,9,0,90
414,54.9000000000005,6,956.607155492069,0,0,17.0951707949308,0,0,0
414,54.9000000000005,7,302.879176411285,0,0,0.3,0,0,0
414,55.0000000000005,1,454.865126854213,-5.53024430287178e-11,0,0.105685667501173,5.02338181637676e-09,0,2.72334540497609e-06
414,55.0000000000005,2,469,99.564705882354,0,3.67394039744206e-16,6,0,90
414,55.0000000000005,3,465.330963854083,3.91999999999999,0,7.34788079488412e-17,1.2,0,90
414,55.0000000000005,4,1175,99.7666666666666,0,7.9602041944578e-16,13,0,90
414,55.0000000000005,5,2034,99.3869565217397,0,5.51091059616309e-16,9,0,90
414,55.0000000000005,6,958.316363196562,0,0,17.0889832949308,0,0,0
414,55.0000000000005,7,302.879176411285,0,0,0.3,0,0,0
414,55.1000000000005,1,454.865126854213,-5.53024430287178e-11,0,0.105685667501173,5.02338181637676e-09,0,2.72334540497609e-06
414,55.1000000000005,2,469,99.564705882354,0,3.67394039744206e-16,6,0,90
414,55.1000000000005,3,465.330963854083,3.91999999999999,0,7.34788079488412e-17,1.2,0,90
414,55.1000000000005,4,1175,99.7666666666666,0,7.9602041944578e-16,13,0,90
414,55.1000000000005,5,2034,99.3869565217397,0,5.51091059616309e-16,9,0,90
414,55.1000000000005,6,960.024952151055,0,0,17.0827957949308,0,0,0
414,55.1000000000005,7,302.879176411285,0,0,0.3,0,0,0
414,55.2000000000005,1,454.865126854213,-5.53024430287178e-11,0,0.105685667501173,5.02338181637676e-09,0,2.72334540497609e-06
414,55.2000000000005,2,469,99.564705882354,0,3.67394039744206e-16,6,0,90
414,55.2000000000005,3,465.330963854083,3.91999999999999,0,7.34788079488412e-17,1.2,0,90
414,55.2000000000005,4,1175,99.7666666666666,0,7.9602041944578e-16,13,0,90
414,55.2000000000005,5,2034,99.3869565217397,0,5.51091059616309e-16,9,0,90
414,55.2000000000005,6,961.732922355548,0,0,17.0766082949308,0,0,0
414,55.2000000000005,7,302.879176411285,0,0,0.3,0,0,0
414,55.3000000000005,1,454.865126854213,-5.53024430287178e-11,0,0.105685667501173,5.02338181637676e-09,0,2.72334540497609e-06
414,55.3000000000005,2,469,99.564705882354,0,3.67394039744206e-16,6,0,90
414,55.3000000000005,3,465.330963854083,3.91999999999999,0,7.34788079488412e-17,1.2,0,90
414,55.3000000000005,4,1175,99.7666666666666,0,7.9602041944578e-16,13,0,90
414,55.3000000000005,5,2034,99.3869565217397,0,5.51091059616309e-16,9,0,90
414,55.3000000000005,6,963.440273810041,0,0,17.0704207949308,0,0,0
414,55.3000000000005,7,302.879176411285,0,0,0.3,0,0,0
414,55.4000000000005,1,454.865126854213,-5.53024430287178e-11,0,0.105685667501173,5.02338181637676e-09,0,2.72334540497609e-06
414,55.4000000000005,2,469,99.564705882354,0,3.67394039744206e-16,6,0,90
414,55.4000000000005,3,465.330963854083,3.91999999999999,0,7.34788079488412e-17,1.2,0,90
414,55.4000000000005,4,1175,99.7666666666666,0,7.9602041944578e-16,13,0,90
414,55.4000000000005,5,2034,99.3869565217397,0,5.51091059616309e-16,9,0,90
414,55.4000000000005,6,965.147006514534,0,0,17.0642332949308,0,0,0
414,55.4000000000005,7,302.879176411285,0,0,0.3,0,0,0
414,55.5000000000005,1,454.865126854213,-5.53024430287178e-11,0,0.105685667501173,5.02338181637676e-09,0,2.72334540497609e-06
414,55.5000000000005,2,469,99.564705882354,0,3.67394039744206e-16,6,0,90
414,55.5000000000005,3,465.330963854083,3.91999999999999,0,7.34788079488412e-17,1.2,0,90
414,55.5000000000005,4,1175,99.7666666666666,0,7.9602041944578e-16,13,0,90
414,55.5000000000005,5,2034,99.3869565217397,0,5.51091059616309e-16,9,0,90
414,55.5000000000005,6,966.853120469028,0,0,17.0580457949308,0,0,0
414,55.5000000000005,7,302.879176411285,0,0,0.3,0,0,0
414,55.6000000000005,1,454.865126854213,-5.53024430287178e-11,0,0.105685667501173,5.02338181637676e-09,0,2.72334540497609e-06
414,55.6000000000005,2,469,99.564705882354,0,3.67394039744206e-16,6,0,90
414,55.6000000000005,3,465.330963854083,3.91999999999999,0,7.34788079488412e-17,1.2,0,90
414,55.6000000000005,4,1175,99.7666666666666,0,7.9602041944578e-16,13,0,90
414,55.6000000000005,5,2034,99.3869565217397,0,5.51091059616309e-16,9,0,90
414,55.6000000000005,6,968.558615673521,0,0,17.0518582949308,0,0,0
414,55.6000000000005,7,302.879176411285,0,0,0.3,0,0,0
414,55.7000000000005,1,454.865126854213,-5.53024430287178e-11,0,0.105685667501173,5.02338181637676e-09,0,2.72334540497609e-06
414,55.7000000000005,2,469,99.564705882354,0,3.67394039744206e-16,6,0,90
414,55.7000000000005,3,465.330963854083,3.91999999999999,0,7.34788079488412e-17,1.2,0,90
414,55.7000000000005,4,1175,99.7666666666666,0,7.9602041944578e-16,13,0,90
414,55.7000000000005,5,2034,99.3869565217397,0,5.51091059616309e-16,9,0,90
414,55.7000000000005,6,970.263492128014,0,0,17.0456707949308,0,0,0
414,55.7000000000005,7,302.879176411285,0,0,0.3,0,0,0
414,55.8000000000005,1,454.865126854213,-5.53024430287178e-11,0,0.105685667501173,5.02338181637676e-09,0,2.72334540497609e-06
414,55.8000000000005,2,469,99.564705882354,0,3.67394039744206e-16,6,0,90
414,55.8000000000005,3,465.330963854083,3.91999999999999,0,7.34788079488412e-17,1.2,0,90
414,55.8000000000005,4,1175,99.7666666666666,0,7.9602041944578e-16,13,0,90
414,55.8000000000005,5,2034,99.3869565217397,0,5.51091059616309e-16,9,0,90
414,55.8000000000005,6,971.967749832507,0,0,17.0394832949308,0,0,0
414,55.8000000000005,7,302.879176411285,0,0,0.3,0,0,0
414,55.9000000000005,1,454.865126854213,-5.53024430287178e-11,0,0.105685667501173,5.02338181637676e-09,0,2.72334540497609e-06
414,55.9000000000005,2,469,99.564705882354,0,3.67394039744206e-16,6,0,90
414,55.9000000000005,3,465.330963854083,3.91999999999999,0,7.34788079488412e-17,1.2,0,90
414,55.9000000000005,4,1175,99.7666666666666,0,7.9602041944578e-16,13,0,90
414,55.9000000000005,5,2034,99.3869565217397,0,5.51091059616309e-16,9,0,90
414,55.9000000000005,6,973.671388787,0,0,17.0332957949308,0,0,0
414,55.9000000000005,7,302.879176411285,0,0,0.3,0,0,0
414,56.0000000000005,1,454.865126854213,-5.53024430287178e-11,0,0.105685667501173,5.02338181637676e-09,0,2.72334540497609e-06
414,56.0000000000005,2,469,99.564705882354,0,3.67394039744206e-16,6,0,90
414,56.0000000000005,3,465.330963854083,3.91999999999999,0,7.34788079488412e-17,1.2,0,90
414,56.0000000000005,4,1175,99.7666666666666,0,7.9602041944578e-16,13,0,90
414,56.0000000000005,5,2034,99.3869565217397,0,5.51091059616309e-16,9,0,90
414,56.0000000000005,6,975.374408991493,0,0,17.0271082949308,0,0,0
414,56.0000000000005,7,302.879176411285,0,0,0.3,0,0,0
414,56.1000000000005,1,454.865126854213,-5.53024430287178e-11,0,0.105685667501173,5.02338181637676e-09,0,2.72334540497609e-06
414,56.1000000000005,2,469,99.564705882354,0,3.67394039744206e-16,6,0,90
414,56.1000000000005,3,465.330963854083,3.91999999999999,0,7.34788079488412e-17,1.2,0,90
414,56.1000000000005,4,1175,99.7666666666666,0,7.9602041944578e-16,13,0,90
414,56.1000000000005,5,2034,99.3869565217397,0,5.51091059616309e-16,9,0,90
414,56.1000000000005,6,977.076810445986,0,0,17.0209207949308,0,0,0
414,56.1000000000005,7,302.879176411285,0,0,0.3,0,0,0
414,56.2000000000005,1,454.865126854213,-5.53024430287178e-11,0,0.105685667501173,5.02338181637676e-09,0,2.72334540497609e-06
414,56.2000000000005,2,469,99.564705882354,0,3.67394039744206e-16,6,0,90
414,56.2000000000005,3,465.330963854083,3.91999999999999,0,7.34788079488412e-17,1.2,0,90
414,56.2000000000005,4,1175,99.7666666666666,0,7.9602041944578e-16,13,0,90
414,56.2000000000005,5,2034,99.3869565217397,0,5.51091059616309e-16,9,0,90
414,56.2000000000005,6,978.778593150479,0,0,17.0147332949308,0,0,0
414,56.2000000000005,7,302.879176411285,0,0,0.3,0,0,0
414,56.3000000000005,1,454.865126854213,-5.53024430287178e-11,0,0.105685667501173,5.02338181637676e-09,0,2.72334540497609e-06
414,56.3000000000005,2,469,99.564705882354,0,3.67394039744206e-16,6,0,90
414,56.3000000000005,3,465.330963854083,3.91999999999999,0,7.34788079488412e-17,1.2,0,90
414,56.3000000000005,4,1175,99.7666666666666,0,7.9602041944578e-16,13,0,90
414,56.3000000000005,5,2034,99.3869565217397,0,5.51091059616309e-16,9,0,90
414,56.3000000000005,6,980.479757104973,0,0,17.0085457949308,0,0,0
414,56.3000000000005,7,302.879176411285,0,0,0.3,0,0,0
414,56.4000000000005,1,454.865126854213,-5.53024430287178e-11,0,0.105685667501173,5.02338181637676e-09,0,2.72334540497609e-06
414,56.4000000000005,2,469,99.564705882354,0,3.67394039744206e-16,6,0,90
414,56.4000000000005,3,465.330963854083,3.91999999999999,0,7.34788079488412e-17,1.2,0,90
414,56.4000000000005,4,1175,99.7666666666666,0,7.9602041944578e-16,13,0,90
414,56.4000000000005,5,2034,99.3869565217397,0,5.51091059616309e-16,9,0,90
414,56.4000000000005,6,982.180302309466,0,0,17.0023582949308,0,0,0
414,56.4000000000005,7,302.879176411285,0,0,0.3,0,0,0
414,56.5000000000005,1,454.865126854213,-5.53024430287178e-11,0,0.105685667501173,5.02338181637676e-09,0,2.72334540497609e-06
414,56.5000000000005,2,469,99.564705882354,0,3.67394039744206e-16,6,0,90
414,56.5000000000005,3,465.330963854083,3.91999999999999,0,7.34788079488412e-17,1.2,0,90
414,56.5000000000005,4,1175,99.7666666666666,0,7.9602041944578e-16,13,0,90
414,56.5000000000005,5,2034,99.3869565217397,0,5.51091059616309e-16,9,0,90
414,56.5000000000005,6,983.880228763959,0,0,16.9961707949308,0,0,0
414,56.5000000000005,7,302.879176411285,0,0,0.3,0,0,0
414,56.6000000000005,1,454.865126854213,-5.53024430287178e-11,0,0.105685667501173,5.02338181637676e-09,0,2.72334540497609e-06
414,56.6000000000005,2,469,99.564705882354,0,3.67394039744206e-16,6,0,90
414,56.6000000000005,3,465.330963854083,3.91999999999999,0,7.34788079488412e-17,1.2,0,90
414,56.6000000000005,4,1175,99.7666666666666,0,7.9602041944578e-16,13,0,90
414,56.6000000000005,5,2034,99.3869565217397,0,5.51091059616309e-16,9,0,90
414,56.6000000000005,6,985.579536468452,0,0,16.9899832949308,0,0,0
414,56.6000000000005,7,302.879176411285,0,0,0.3,0,0,0
414,56.7000000000005,1,454.865126854213,-5.53024430287178e-11,0,0.105685667501173,5.02338181637676e-09,0,2.72334540497609e-06
414,56.7000000000005,2,469,99.564705882354,0,3.67394039744206e-16,6,0,90
414,56.7000000000005,3,465.330963854083,3.91999999999999,0,7.34788079488412e-17,1.2,0,90
414,56.7000000000005,4,1175,99.7666666666666,0,7.9602041944578e-16,13,0,90
414,56.7000000000005,5,2034,99.3869565217397,0,5.51091059616309e-16,9,0,90
414,56.7000000000005,6,987.278225422945,0,0,16.9837957949308,0,0,0
414,56.7000000000005,7,302.879176411285,0,0,0.3,0,0,0
414,56.8000000000005,1,454.865126854213,-5.53024430287178e-11,0,0.105685667501173,5.02338181637676e-09,0,2.72334540497609e-06
414,56.8000000000005,2,469,99.564705882354,0,3.67394039744206e-16,6,0,90
414,56.8000000000005,3,465.330963854083,3.91999999999999,0,7.34788079488412e-17,1.2,0,90
414,56.8000000000005,4,1175,99.7666666666666,0,7.9602041944578e-16,13,0,90
414,56.8000000000005,5,2034,99.3869565217397,0,5.51091059616309e-16,9,0,90
414,56.8000000000005,6,988.976295627438,0,0,16.9776082949308,0,0,0
414,56.8000000000005,7,302.879176411285,0,0,0.3,0,0,0
414,56.9000000000005,1,454.865126854213,-5.53024430287178e-11,0,0.105685667501173,5.02338181637676e-09,0,2.72334540497609e-06
414,56.9000000000005,2,469,99.564705882354,0,3.67394039744206e-16,6,0,90
414,56.9000000000005,3,465.330963854083,3.91999999999999,0,7.34788079488412e-17,1.2,0,90
414,56.9000000000005,4,1175,99.7666666666666,0,7.9602041944578e-16,13,0,90
414,56.9000000000005,5,2034,99.3869565217397,0,5.51091059616309e-16,9,0,90
414,56.9000000000005,6,990.673747081931,0,0,16.9714207949308,0,0,0
414,56.9000000000005,7,302.879176411285,0,0,0.3,0,0,0
414,57.0000000000005,1,454.865126854213,-5.53024430287178e-11,0,0.105685667501173,5.02338181637676e-09,0,2.72334540497609e-06
414,57.0000000000005,2,469,99.564705882354,0,3.67394039744206e-16,6,0,90
414,57.0000000000005,3,465.330963854083,3.91999999999999,0,7.34788079488412e-17,1.2,0,90
414,57.0000000000005,4,1175,99.7666666666666,0,7.9602041944578e-16,13,0,90
414,57.0000000000005,5,2034,99.3869565217397,0,5.51091059616309e-16,9,0,90
414,57.0000000000005,6,992.370579786424,0,0,16.9652332949308,0,0,0
414,57.0000000000005,7,302.879176411285,0,0,0.3,0,0,0
414,57.1000000000005,1,454.865126854213,-5.53024430287178e-11,0,0.105685667501173,5.02338181637676e-09,0,2.72334540497609e-06
414,57.1000000000005,2,469,99.564705882354,0,3.67394039744206e-16,6,0,90
414,57.1000000000005,3,465.330963854083,3.91999999999999,0,7.34788079488412e-17,1.2,0,90
414,57.1000000000005,4,1175,99.7666666666666,0,7.9602041944578e-16,13,0,90
414,57.1000000000005,5,2034,99.3869565217397,0,5.51091059616309e-16,9,0,90
414,57.1000000000005,6,994.066793740917,0,0,16.9590457949308,0,0,0
414,57.1000000000005,7,302.879176411285,0,0,0.3,0,0,0
414,57.2000000000005,1,454.865126854213,-5.53024430287178e-11,0,0.105685667501173,5.02338181637676e-09,0,2.72334540497609e-06
414,57.2000000000005,2,469,99.564705882354,0,3.67394039744206e-16,6,0,90
414,57.2000000000005,3,465.330963854083,3.91999999999999,0,7.34788079488412e-17,1.2,0,90
414,57.2000000000005,4,1175,99.7666666666666,0,7.9602041944578e-16,13,0,90
414,57.2000000000005,5,2034,99.3869565217397,0,5.51091059616309e-16,9,0,90
414,57.2000000000005,6,995.762388945411,0,0,16.9528582949308,0,0,0
414,57.2000000000005,7,302.879176411285,0,0,0.3,0,0,0
414,57.3000000000005,1,454.865126854213,-5.53024430287178e-11,0,0.105685667501173,5.02338181637676e-09,0,2.72334540497609e-06
414,57.3000000000005,2,469,99.564705882354,0,3.67394039744206e-16,6,0,90
414,57.3000000000005,3,465.330963854083,3.91999999999999,0,7.34788079488412e-17,1.2,0,90
414,57.3000000000005,4,1175,99.7666666666666,0,7.9602041944578e-16,13,0,90
414,57.3000000000005,5,2034,99.3869565217397,0,5.51091059616309e-16,9,0,90
414,57.3000000000005,6,997.457365399904,0,0,16.9466707949308,0,0,0
414,57.3000000000005,7,302.879176411285,0,0,0.3,0,0,0
414,57.4000000000005,1,454.865126854213,-5.53024430287178e-11,0,0.105685667501173,5.02338181637676e-09,0,2.72334540497609e-06
414,57.4000000000005,2,469,99.564705882354,0,3.67394039744206e-16,6,0,90
414,57.4000000000005,3,465.330963854083,3.91999999999999,0,7.34788079488412e-17,1.2,0,90
414,57.4000000000005,4,1175,99.7666666666666,0,7.9602041944578e-16,13,0,90
414,57.4000000000005,5,2034,99.3869565217397,0,5.51091059616309e-16,9,0,90
414,57.4000000000005,6,999.151723104397,0,0,16.9404832949308,0,0,0
414,57.4000000000005,7,302.879176411285,0,0,0.3,0,0,0
414,57.5000000000005,1,454.865126854213,-5.53024430287178e-11,0,0.105685667501173,5.02338181637676e-09,0,2.72334540497609e-06
414,57.5000000000005,2,469,99.564705882354,0,3.67394039744206e-16,6,0,90
414,57.5000000000005,3,465.330963854083,3.91999999999999,0,7.34788079488412e-17,1.2,0,90
414,57.5000000000005,4,1175,99.7666666666666,0,7.9602041944578e-16,13,0,90
414,57.5000000000005,5,2034,99.3869565217397,0,5.51091059616309e-16,9,0,90
414,57.5000000000005,6,1000.84546205889,0,0,16.9342957949308,0,0,0
414,57.5000000000005,7,302.879176411285,0,0,0.3,0,0,0
414,57.6000000000005,1,454.865126854213,-5.53024430287178e-11,0,0.105685667501173,5.02338181637676e-09,0,2.72334540497609e-06
414,57.6000000000005,2,469,99.564705882354,0,3.67394039744206e-16,6,0,90
414,57.6000000000005,3,465.330963854083,3.91999999999999,0,7.34788079488412e-17,1.2,0,90
414,57.6000000000005,4,1175,99.7666666666666,0,7.9602041944578e-16,13,0,90
414,57.6000000000005,5,2034,99.3869565217397,0,5.51091059616309e-16,9,0,90
414,57.6000000000005,6,1002.53858226338,0,0,16.9281082949308,0,0,0
414,57.6000000000005,7,302.879176411285,0,0,0.3,0,0,0
414,57.7000000000005,1,454.865126854213,-5.53024430287178e-11,0,0.105685667501173,5.02338181637676e-09,0,2.72334540497609e-06
414,57.7000000000005,2,469,99.564705882354,0,3.67394039744206e-16,6,0,90
414,57.7000000000005,3,465.330963854083,3.91999999999999,0,7.34788079488412e-17,1.2,0,90
414,57.7000000000005,4,1175,99.7666666666666,0,7.9602041944578e-16,13,0,90
414,57.7000000000005,5,2034,99.3869565217397,0,5.51091059616309e-16,9,0,90
414,57.7000000000005,6,1004.23108371788,0,0,16.9219207949308,0,0,0
414,57.7000000000005,7,302.879176411285,0,0,0.3,0,0,0
414,57.8000000000006,1,454.865126854213,-5.53024430287178e-11,0,0.105685667501173,5.02338181637676e-09,0,2.72334540497609e-06
414,57.8000000000006,2,469,99.564705882354,0,3.67394039744206e-16,6,0,90
414,57.8000000000006,3,465.330963854083,3.91999999999999,0,7.34788079488412e-17,1.2,0,90
414,57.8000000000006,4,1175,99.7666666666666,0,7.9602041944578e-16,13,0,90
414,57.8000000000006,5,2034,99.3869565217397,0,5.51091059616309e-16,9,0,90
414,57.8000000000006,6,1005.92296642237,0,0,16.9157332949308,0,0,0
414,57.8000000000006,7,302.879176411285,0,0,0.3,0,0,0
414,57.9000000000006,1,454.865126854213,-5.53024430287178e-11,0,0.105685667501173,5.02338181637676e-09,0,2.72334540497609e-06
414,57.9000000000006,2,469,99.564705882354,0,3.67394039744206e-16,6,0,90
414,57.9000000000006,3,465.330963854083,3.91999999999999,0,7.34788079488412e-17,1.2,0,90
414,57.9000000000006,4,1175,99.7666666666666,0,7.9602041944578e-16,13,0,90
414,57.9000000000006,5,2034,99.3869565217397,0,5.51091059616309e-16,9,0,90
414,57.9000000000006,6,1007.61423037686,0,0,16.9095457949308,0,0,0
414,57.9000000000006,7,302.879176411285,0,0,0.3,0,0,0
414,58.0000000000006,1,454.865126854213,-5.53024430287178e-11,0,0.105685667501173,5.02338181637676e-09,0,2.72334540497609e-06
414,58.0000000000006,2,469,99.564705882354,0,3.67394039744206e-16,6,0,90
414,58.0000000000006,3,465.330963854083,3.91999999999999,0,7.34788079488412e-17,1.2,0,90
414,58.0000000000006,4,1175,99.7666666666666,0,7.9602041944578e-16,13,0,90
414,58.0000000000006,5,2034,99.3869565217397,0,5.51091059616309e-16,9,0,90
414,58.0000000000006,6,1009.30487558136,0,0,16.9033582949308,0,0,0
414,58.0000000000006,7,302.879176411285,0,0,0.3,0,0,0
414,58.1000000000006,1,454.865126854213,-5.53024430287178e-11,0,0.105685667501173,5.02338181637676e-09,0,2.72334540497609e-06
414,58.1000000000006,2,469,99.564705882354,0,3.67394039744206e-16,6,0,90
414,58.1000000000006,3,465.330963854083,3.91999999999999,0,7.34788079488412e-17,1.2,0,90
414,58.1000000000006,4,1175,99.7666666666666,0,7.9602041944578e-16,13,0,90
414,58.1000000000006,5,2034,99.3869565217397,0,5.51091059616309e-16,9,0,90
414,58.1000000000006,6,1010.99490203585,0,0,16.8971707949308,0,0,0
414,58.1000000000006,7,302.879176411285,0,0,0.3,0,0,0
414,58.2000000000006,1,454.865126854213,-5.53024430287178e-11,0,0.105685667501173,5.02338181637676e-09,0,2.72334540497609e-06
414,58.2000000000006,2,469,99.564705882354,0,3.67394039744206e-16,6,0,90
414,58.2000000000006,3,465.330963854083,3.91999999999999,0,7.34788079488412e-17,1.2,0,90
414,58.2000000000006,4,1175,99.7666666666666,0,7.9602041944578e-16,13,0,90
414,58.2000000000006,5,2034,99.3869565217397,0,5.51091059616309e-16,9,0,90
414,58.2000000000006,6,1012.68430974034,0,0,16.8909832949308,0,0,0
414,58.2000000000006,7,302.879176411285,0,0,0.3,0,0,0
414,58.3000000000006,1,454.865126854213,-5.53024430287178e-11,0,0.105685667501173,5.02338181637676e-09,0,2.72334540497609e-06
414,58.3000000000006,2,469,99.564705882354,0,3.67394039744206e-16,6,0,90
414,58.3000000000006,3,465.330963854083,3.91999999999999,0,7.34788079488412e-17,1.2,0,90
414,58.3000000000006,4,1175,99.7666666666666,0,7.9602041944578e-16,13,0,90
414,58.3000000000006,5,2034,99.3869565217397,0,5.51091059616309e-16,9,0,90
414,58.3000000000006,6,1014.37309869483,0,0,16.8847957949308,0,0,0
414,58.3000000000006,7,302.879176411285,0,0,0.3,0,0,0
414,58.4000000000006,1,454.865126854213,-5.53024430287178e-11,0,0.105685667501173,5.02338181637676e-09,0,2.72334540497609e-06
414,58.4000000000006,2,469,99.564705882354,0,3.67394039744206e-16,6,0,90
414,58.4000000000006,3,465.330963854083,3.91999999999999,0,7.34788079488412e-17,1.2,0,90
414,58.4000000000006,4,1175,99.7666666666666,0,7.9602041944578e-16,13,0,90
414,58.4000000000006,5,2034,99.3869565217397,0,5.51091059616309e-16,9,0,90
414,58.4000000000006,6,1016.06126889933,0,0,16.8786082949308,0,0,0
414,58.4000000000006,7,302.879176411285,0,0,0.3,0,0,0
414,58.5000000000006,1,454.865126854213,-5.53024430287178e-11,0,0.105685667501173,5.02338181637676e-09,0,2.72334540497609e-06
414,58.5000000000006,2,469,99.564705882354,0,3.67394039744206e-16,6,0,90
414,58.5000000000006,3,465.330963854083,3.91999999999999,0,7.34788079488412e-17,1.2,0,90
414,58.5000000000006,4,1175,99.7666666666666,0,7.9602041944578e-16,13,0,90
414,58.5000000000006,5,2034,99.3869565217397,0,5.51091059616309e-16,9,0,90
414,58.5000000000006,6,1017.74882035382,0,0,16.8724207949308,0,0,0
414,58.5000000000006,7,302.879176411285,0,0,0.3,0,0,0
414,58.6000000000006,1,454.865126854213,-5.53024430287178e-11,0,0.105685667501173,5.02338181637676e-09,0,2.72334540497609e-06
414,58.6000000000006,2,469,99.564705882354,0,3.67394039744206e-16,6,0,90
414,58.6000000000006,3,465.330963854083,3.91999999999999,0,7.34788079488412e-17,1.2,0,90
414,58.6000000000006,4,1175,99.7666666666666,0,7.9602041944578e-16,13,0,90
414,58.6000000000006,5,2034,99.3869565217397,0,5.51091059616309e-16,9,0,90
414,58.6000000000006,6,1019.43575305831,0,0,16.8662332949308,0,0,0
414,58.6000000000006,7,302.879176411285,0,0,0.3,0,0,0
414,58.7000000000006,1,454.865126854213,-5.53024430287178e-11,0,0.105685667501173,5.02338181637676e-09,0,2.72334540497609e-06
414,58.7000000000006,2,469,99.564705882354,0,3.67394039744206e-16,6,0,90
414,58.7000000000006,3,465.330963854083,3.91999999999999,0,7.34788079488412e-17,1.2,0,90
414,58.7000000000006,4,1175,99.7666666666666,0,7.9602041944578e-16,13,0,90
414,58.7000000000006,5,2034,99.3869565217397,0,5.51091059616309e-16,9,0,90
414,58.7000000000006,6,1021.12206701281,0,0,16.8600457949308,0,0,0
414,58.7000000000006,7,302.879176411285,0,0,0.3,0,0,0
414,58.8000000000006,1,454.865126854213,-5.53024430287178e-11,0,0.105685667501173,5.02338181637676e-09,0,2.72334540497609e-06
414,58.8000000000006,2,469,99.564705882354,0,3.67394039744206e-16,6,0,90
414,58.8000000000006,3,465.330963854083,3.91999999999999,0,7.34788079488412e-17,1.2,0,90
414,58.8000000000006,4,1175,99.7666666666666,0,7.9602041944578e-16,13,0,90
414,58.8000000000006,5,2034,99.3869565217397,0,5.51091059616309e-16,9,0,90
414,58.8000000000006,6,1022.8077622173,0,0,16.8538582949308,0,0,0
414,58.8000000000006,7,302.879176411285,0,0,0.3,0,0,0
414,58.9000000000006,1,454.865126854213,-5.53024430287178e-11,0,0.105685667501173,5.02338181637676e-09,0,2.72334540497609e-06
414,58.9000000000006,2,469,99.564705882354,0,3.67394039744206e-16,6,0,90
414,58.9000000000006,3,465.330963854083,3.91999999999999,0,7.34788079488412e-17,1.2,0,90
414,58.9000000000006,4,1175,99.7666666666666,0,7.9602041944578e-16,13,0,90
414,58.9000000000006,5,2034,99.3869565217397,0,5.51091059616309e-16,9,0,90
414,58.9000000000006,6,1024.49283867179,0,0,16.8476707949308,0,0,0
414,58.9000000000006,7,302.879176411285,0,0,0.3,0,0,0
414,59.0000000000006,1,454.865126854213,-5.53024430287178e-11,0,0.105685667501173,5.02338181637676e-09,0,2.72334540497609e-06
414,59.0000000000006,2,469,99.564705882354,0,3.67394039744206e-16,6,0,90
414,59.0000000000006,3,465.330963854083,3.91999999999999,0,7.34788079488412e-17,1.2,0,90
414,59.0000000000006,4,1175,99.7666666666666,0,7.9602041944578e-16,13,0,90
414,59.0000000000006,5,2034,99.3869565217397,0,5.51091059616309e-16,9,0,90
414,59.0000000000006,6,1026.17729637629,0,0,16.8414832949308,0,0,0
414,59.0000000000006,7,302.879176411285,0,0,0.3,0,0,0
414,59.1000000000006,1,454.865126854213,-5.53024430287178e-11,0,0.105685667501173,5.02338181637676e-09,0,2.72334540497609e-06
414,59.1000000000006,2,469,99.564705882354,0,3.67394039744206e-16,6,0,90
414,59.1000000000006,3,465.330963854083,3.91999999999999,0,7.34788079488412e-17,1.2,0,90
414,59.1000000000006,4,1175,99.7666666666666,0,7.9602041944578e-16,13,0,90
414,59.1000000000006,5,2034,99.3869565217397,0,5.51091059616309e-16,9,0,90
414,59.1000000000006,6,1027.86113533078,0,0,16.8352957949308,0,0,0
414,59.1000000000006,7,302.879176411285,0,0,0.3,0,0,0
414,59.2000000000006,1,454.865126854213,-5.53024430287178e-11,0,0.105685667501173,5.02338181637676e-09,0,2.72334540497609e-06
414,59.2000000000006,2,469,99.564705882354,0,3.67394039744206e-16,6,0,90
414,59.2000000000006,3,465.330963854083,3.91999999999999,0,7.34788079488412e-17,1.2,0,90
414,59.2000000000006,4,1175,99.7666666666666,0,7.9602041944578e-16,13,0,90
414,59.2000000000006,5,2034,99.3869565217397,0,5.51091059616309e-16,9,0,90
414,59.2000000000006,6,1029.54435553527,0,0,16.8291082949308,0,0,0
414,59.2000000000006,7,302.879176411285,0,0,0.3,0,0,0
414,59.3000000000006,1,454.865126854213,-5.53024430287178e-11,0,0.105685667501173,5.02338181637676e-09,0,2.72334540497609e-06
414,59.3000000000006,2,469,99.564705882354,0,3.67394039744206e-16,6,0,90
414,59.3000000000006,3,465.330963854083,3.91999999999999,0,7.34788079488412e-17,1.2,0,90
414,59.3000000000006,4,1175,99.7666666666666,0,7.9602041944578e-16,13,0,90
414,59.3000000000006,5,2034,99.3869565217397,0,5.51091059616309e-16,9,0,90
414,59.3000000000006,6,1031.22695698977,0,0,16.8229207949308,0,0,0
414,59.3000000000006,7,302.879176411285,0,0,0.3,0,0,0
414,59.4000000000006,1,454.865126854213,-5.53024430287178e-11,0,0.105685667501173,5.02338181637676e-09,0,2.72334540497609e-06
414,59.4000000000006,2,469,99.564705882354,0,3.67394039744206e-16,6,0,90
414,59.4000000000006,3,465.330963854083,3.91999999999999,0,7.34788079488412e-17,1.2,0,90
414,59.4000000000006,4,1175,99.7666666666666,0,7.9602041944578e-16,13,0,90
414,59.4000000000006,5,2034,99.3869565217397,0,5.51091059616309e-16,9,0,90
414,59.4000000000006,6,1032.90893969426,0,0,16.8167332949308,0,0,0
414,59.4000000000006,7,302.879176411285,0,0,0.3,0,0,0
414,59.5000000000006,1,454.865126854213,-5.53024430287178e-11,0,0.105685667501173,5.02338181637676e-09,0,2.72334540497609e-06
414,59.5000000000006,2,469,99.564705882354,0,3.67394039744206e-16,6,0,90
414,59.5000000000006,3,465.330963854083,3.91999999999999,0,7.34788079488412e-17,1.2,0,90
414,59.5000000000006,4,1175,99.7666666666666,0,7.9602041944578e-16,13,0,90
414,59.5000000000006,5,2034,99.3869565217397,0,5.51091059616309e-16,9,0,90
414,59.5000000000006,6,1034.59030364875,0,0,16.8105457949308,0,0,0
414,59.5000000000006,7,302.879176411285,0,0,0.3,0,0,0
414,59.6000000000006,1,454.865126854213,-5.53024430287178e-11,0,0.105685667501173,5.02338181637676e-09,0,2.72334540497609e-06
414,59.6000000000006,2,469,99.564705882354,0,3.67394039744206e-16,6,0,90
414,59.6000000000006,3,465.330963854083,3.91999999999999,0,7.34788079488412e-17,1.2,0,90
414,59.6000000000006,4,1175,99.7666666666666,0,7.9602041944578e-16,13,0,90
414,59.6000000000006,5,2034,99.3869565217397,0,5.51091059616309e-16,9,0,90
414,59.6000000000006,6,1036.27104885325,0,0,16.8043582949308,0,0,0
414,59.6000000000006,7,302.879176411285,0,0,0.3,0,0,0
414,59.7000000000006,1,454.865126854213,-5.53024430287178e-11,0,0.105685667501173,5.02338181637676e-09,0,2.72334540497609e-06
414,59.7000000000006,2,469,99.564705882354,0,3.67394039744206e-16,6,0,90
414,59.7000000000006,3,465.330963854083,3.91999999999999,0,7.34788079488412e-17,1.2,0,90
414,59.7000000000006,4,1175,99.7666666666666,0,7.9602041944578e-16,13,0,90
414,59.7000000000006,5,2034,99.3869565217397,0,5.51091059616309e-16,9,0,90
414,59.7000000000006,6,1037.95117530774,0,0,16.7981707949308,0,0,0
414,59.7000000000006,7,302.879176411285,0,0,0.3,0,0,0
414,59.8000000000006,1,454.865126854213,-5.53024430287178e-11,0,0.105685667501173,5.02338181637676e-09,0,2.72334540497609e-06
414,59.8000000000006,2,469,99.564705882354,0,3.67394039744206e-16,6,0,90
414,59.8000000000006,3,465.330963854083,3.91999999999999,0,7.34788079488412e-17,1.2,0,90
414,59.8000000000006,4,1175,99.7666666666666,0,7.9602041944578e-16,13,0,90
414,59.8000000000006,5,2034,99.3869565217397,0,5.51091059616309e-16,9,0,90
414,59.8000000000006,6,1039.63068301223,0,0,16.7919832949308,0,0,0
414,59.8000000000006,7,302.879176411285,0,0,0.3,0,0,0
414,59.9000000000006,1,454.865126854213,-5.53024430287178e-11,0,0.105685667501173,5.02338181637676e-09,0,2.72334540497609e-06
414,59.9000000000006,2,469,99.564705882354,0,3.67394039744206e-16,6,0,90
414,59.9000000000006,3,465.330963854083,3.91999999999999,0,7.34788079488412e-17,1.2,0,90
414,59.9000000000006,4,1175,99.7666666666666,0,7.9602041944578e-16,13,0,90
414,59.9000000000006,5,2034,99.3869565217397,0,5.51091059616309e-16,9,0,90
414,59.9000000000006,6,1041.30957196672,0,0,16.7857957949308,0,0,0
414,59.9000000000006,7,302.879176411285,0,0,0.3,0,0,0
414,60.0000000000006,1,454.865126854213,-5.53024430287178e-11,0,0.105685667501173,5.02338181637676e-09,0,2.72334540497609e-06
414,60.0000000000006,2,469,99.564705882354,0,3.67394039744206e-16,6,0,90
414,60.0000000000006,3,465.330963854083,3.91999999999999,0,7.34788079488412e-17,1.2,0,90
414,60.0000000000006,4,1175,99.7666666666666,0,7.9602041944578e-16,13,0,90
414,60.0000000000006,5,2034,99.3869565217397,0,5.51091059616309e-16,9,0,90
414,60.0000000000006,6,1042.98784217122,0,0,16.7796082949308,0,0,0
414,60.0000000000006,7,302.879176411285,0,0,0.3,0,0,0
414,60.1000000000006,1,454.865126854213,-5.53024430287178e-11,0,0.105685667501173,5.02338181637676e-09,0,2.72334540497609e-06
414,60.1000000000006,2,469,99.564705882354,0,3.67394039744206e-16,6,0,90
414,60.1000000000006,3,465.330963854083,3.91999999999999,0,7.34788079488412e-17,1.2,0,90
414,60.1000000000006,4,1175,99.7666666666666,0,7.9602041944578e-16,13,0,90
414,60.1000000000006,5,2034,99.3869565217397,0,5.51091059616309e-16,9,0,90
414,60.1000000000006,6,1044.66549362571,0,0,16.7734207949308,0,0,0
414,60.1000000000006,7,302.879176411285,0,0,0.3,0,0,0
414,60.2000000000006,1,454.865126854213,-5.53024430287178e-11,0,0.105685667501173,5.02338181637676e-09,0,2.72334540497609e-06
414,60.2000000000006,2,469,99.564705882354,0,3.67394039744206e-16,6,0,90
414,60.2000000000006,3,465.330963854083,3.91999999999999,0,7.34788079488412e-17,1.2,0,90
414,60.2000000000006,4,1175,99.7666666666666,0,7.9602041944578e-16,13,0,90
414,60.2000000000006,5,2034,99.3869565217397,0,5.51091059616309e-16,9,0,90
414,60.2000000000006,6,1046.3425263302,0,0,16.7672332949308,0,0,0
414,60.2000000000006,7,302.879176411285,0,0,0.3,0,0,0
414,60.3000000000006,1,454.865126854213,-5.53024430287178e-11,0,0.105685667501173,5.02338181637676e-09,0,2.72334540497609e-06
414,60.3000000000006,2,469,99.564705882354,0,3.67394039744206e-16,6,0,90
414,60.3000000000006,3,465.330963854083,3.91999999999999,0,7.34788079488412e-17,1.2,0,90
414,60.3000000000006,4,1175,99.7666666666666,0,7.9602041944578e-16,13,0,90
414,60.3000000000006,5,2034,99.3869565217397,0,5.51091059616309e-16,9,0,90
414,60.3000000000006,6,1048.0189402847,0,0,16.7610457949308,0,0,0
414,60.3000000000006,7,302.879176411285,0,0,0.3,0,0,0
414,60.4000000000006,1,454.865126854213,-5.53024430287178e-11,0,0.105685667501173,5.02338181637676e-09,0,2.72334540497609e-06
414,60.4000000000006,2,469,99.564705882354,0,3.67394039744206e-16,6,0,90
414,60.4000000000006,3,465.330963854083,3.91999999999999,0,7.34788079488412e-17,1.2,0,90
414,60.4000000000006,4,1175,99.7666666666666,0,7.9602041944578e-16,13,0,90
414,60.4000000000006,5,2034,99.3869565217397,0,5.51091059616309e-16,9,0,90
414,60.4000000000006,6,1049.69473548919,0,0,16.7548582949308,0,0,0
414,60.4000000000006,7,302.879176411285,0,0,0.3,0,0,0
414,60.5000000000006,1,454.865126854213,-5.53024430287178e-11,0,0.105685667501173,5.02338181637676e-09,0,2.72334540497609e-06
414,60.5000000000006,2,469,99.564705882354,0,3.67394039744206e-16,6,0,90
414,60.5000000000006,3,465.330963854083,3.91999999999999,0,7.34788079488412e-17,1.2,0,90
414,60.5000000000006,4,1175,99.7666666666666,0,7.9602041944578e-16,13,0,90
414,60.5000000000006,5,2034,99.3869565217397,0,5.51091059616309e-16,9,0,90
414,60.5000000000006,6,1051.36991194368,0,0,16.7486707949308,0,0,0
414,60.5000000000006,7,302.879176411285,0,0,0.3,0,0,0
414,60.6000000000006,1,454.865126854213,-5.53024430287178e-11,0,0.105685667501173,5.02338181637676e-09,0,2.72334540497609e-06
414,60.6000000000006,2,469,99.564705882354,0,3.67394039744206e-16,6,0,90
414,60.6000000000006,3,465.330963854083,3.91999999999999,0,7.34788079488412e-17,1.2,0,90
414,60.6000000000006,4,1175,99.7666666666666,0,7.9602041944578e-16,13,0,90
414,60.6000000000006,5,2034,99.3869565217397,0,5.51091059616309e-16,9,0,90
414,60.6000000000006,6,1053.04446964818,0,0,16.7424832949308,0,0,0
414,60.6000000000006,7,302.879176411285,0,0,0.3,0,0,0
414,60.7000000000006,1,454.865126854213,-5.53024430287178e-11,0,0.105685667501173,5.02338181637676e-09,0,2.72334540497609e-06
414,60.7000000000006,2,469,99.564705882354,0,3.67394039744206e-16,6,0,90
414,60.7000000000006,3,465.330963854083,3.91999999999999,0,7.34788079488412e-17,1.2,0,90
414,60.7000000000006,4,1175,99.7666666666666,0,7.9602041944578e-16,13,0,90
414,60.7000000000006,5,2034,99.3869565217397,0,5.51091059616309e-16,9,0,90
414,60.7000000000006,6,1054.71840860267,0,0,16.7362957949308,0,0,0
414,60.7000000000006,7,302.879176411285,0,0,0.3,0,0,0
414,60.8000000000006,1,454.865126854213,-5.53024430287178e-11,0,0.105685667501173,5.02338181637676e-09,0,2.72334540497609e-06
414,60.8000000000006,2,469,99.564705882354,0,3.67394039744206e-16,6,0,90
414,60.8000000000006,3,465.330963854083,3.91999999999999,0,7.34788079488412e-17,1.2,0,90
414,60.8000000000006,4,1175,99.7666666666666,0,7.9602041944578e-16,13,0,90
414,60.8000000000006,5,2034,99.3869565217397,0,5.51091059616309e-16,9,0,90
414,60.8000000000006,6,1056.39172880716,0,0,16.7301082949308,0,0,0
414,60.8000000000006,7,302.879176411285,0,0,0.3,0,0,0
414,60.9000000000006,1,454.865126854213,-5.53024430287178e-11,0,0.105685667501173,5.02338181637676e-09,0,2.72334540497609e-06
414,60.9000000000006,2,469,99.564705882354,0,3.67394039744206e-16,6,0,90
414,60.9000000000006,3,465.330963854083,3.91999999999999,0,7.34788079488412e-17,1.2,0,90
414,60.9000000000006,4,1175,99.7666666666666,0,7.9602041944578e-16,13,0,90
414,60.9000000000006,5,2034,99.3869565217397,0,5.51091059616309e-16,9,0,90
414,60.9000000000006,6,1058.06443026166,0,0,16.7239207949308,0,0,0
414,60.9000000000006,7,302.879176411285,0,0,0.3,0,0,0
414,61.0000000000006,1,454.865126854213,-5.53024430287178e-11,0,0.105685667501173,5.02338181637676e-09,0,2.72334540497609e-06
414,61.0000000000006,2,469,99.564705882354,0,3.67394039744206e-16,6,0,90
414,61.0000000000006,3,465.330963854083,3.91999999999999,0,7.34788079488412e-17,1.2,0,90
414,61.0000000000006,4,1175,99.7666666666666,0,7.9602041944578e-16,13,0,90
414,61.0000000000006,5,2034,99.3869565217397,0,5.51091059616309e-16,9,0,90
414,61.0000000000006,6,1059.73651296615,0,0,16.7177332949308,0,0,0
414,61.0000000000006,7,302.879176411285,0,0,0.3,0,0,0
414,61.1000000000006,1,454.865126854213,-5.53024430287178e-11,0,0.105685667501173,5.02338181637676e-09,0,2.72334540497609e-06
414,61.1000000000006,2,469,99.564705882354,0,3.67394039744206e-16,6,0,90
414,61.1000000000006,3,465.330963854083,3.91999999999999,0,7.34788079488412e-17,1.2,0,90
414,61.1000000000006,4,1175,99.7666666666666,0,7.9602041944578e-16,13,0,90
414,61.1000000000006,5,2034,99.3869565217397,0,5.51091059616309e-16,9,0,90
414,61.1000000000006,6,1061.40797692064,0,0,16.7115457949308,0,0,0
414,61.1000000000006,7,302.879176411285,0,0,0.3,0,0,0
414,61.2000000000006,1,454.865126854213,-5.53024430287178e-11,0,0.105685667501173,5.02338181637676e-09,0,2.72334540497609e-06
414,61.2000000000006,2,469,99.564705882354,0,3.67394039744206e-16,6,0,90
414,61.2000000000006,3,465.330963854083,3.91999999999999,0,7.34788079488412e-17,1.2,0,90
414,61.2000000000006,4,1175,99.7666666666666,0,7.9602041944578e-16,13,0,90
414,61.2000000000006,5,2034,99.3869565217397,0,5.51091059616309e-16,9,0,90
414,61.2000000000006,6,1063.07882212513,0,0,16.7053582949308,0,0,0
414,61.2000000000006,7,302.879176411285,0,0,0.3,0,0,0
414,61.3000000000006,1,454.865126854213,-5.53024430287178e-11,0,0.105685667501173,5.02338181637676e-09,0,2.72334540497609e-06
414,61.3000000000006,2,469,99.564705882354,0,3.67394039744206e-16,6,0,90
414,61.3000000000006,3,465.330963854083,3.91999999999999,0,7.34788079488412e-17,1.2,0,90
414,61.3000000000006,4,1175,99.7666666666666,0,7.9602041944578e-16,13,0,90
414,61.3000000000006,5,2034,99.3869565217397,0,5.51091059616309e-16,9,0,90
414,61.3000000000006,6,1064.74904857963,0,0,16.6991707949308,0,0,0
414,61.3000000000006,7,302.879176411285,0,0,0.3,0,0,0
414,61.4000000000006,1,454.865126854213,-5.53024430287178e-11,0,0.105685667501173,5.02338181637676e-09,0,2.72334540497609e-06
414,61.4000000000006,2,469,99.564705882354,0,3.67394039744206e-16,6,0,90
414,61.4000000000006,3,465.330963854083,3.91999999999999,0,7.34788079488412e-17,1.2,0,90
414,61.4000000000006,4,1175,99.7666666666666,0,7.9602041944578e-16,13,0,90
414,61.4000000000006,5,2034,99.3869565217397,0,5.51091059616309e-16,9,0,90
414,61.4000000000006,6,1066.41865628412,0,0,16.6929832949308,0,0,0
414,61.4000000000006,7,302.879176411285,0,0,0.3,0,0,0
414,61.5000000000006,1,454.865126854213,-5.53024430287178e-11,0,0.105685667501173,5.02338181637676e-09,0,2.72334540497609e-06
414,61.5000000000006,2,469,99.564705882354,0,3.67394039744206e-16,6,0,90
414,61.5000000000006,3,465.330963854083,3.91999999999999,0,7.34788079488412e-17,1.2,0,90
414,61.5000000000006,4,1175,99.7666666666666,0,7.9602041944578e-16,13,0,90
414,61.5000000000006,5,2034,99.3869565217397,0,5.51091059616309e-16,9,0,90
414,61.5000000000006,6,1068.08764523861,0,0,16.6867957949308,0,0,0
414,61.5000000000006,7,302.879176411285,0,0,0.3,0,0,0
414,61.6000000000006,1,454.865126854213,-5.53024430287178e-11,0,0.105685667501173,5.02338181637676e-09,0,2.72334540497609e-06
414,61.6000000000006,2,469,99.564705882354,0,3.67394039744206e-16,6,0,90
414,61.6000000000006,3,465.330963854083,3.91999999999999,0,7.34788079488412e-17,1.2,0,90
414,61.6000000000006,4,1175,99.7666666666666,0,7.9602041944578e-16,13,0,90
414,61.6000000000006,5,2034,99.3869565217397,0,5.51091059616309e-16,9,0,90
414,61.6000000000006,6,1069.75601544311,0,0,16.6806082949308,0,0,0
414,61.6000000000006,7,302.879176411285,0,0,0.3,0,0,0
414,61.7000000000006,1,454.865126854213,-5.53024430287178e-11,0,0.105685667501173,5.02338181637676e-09,0,2.72334540497609e-06
414,61.7000000000006,2,469,99.564705882354,0,3.67394039744206e-16,6,0,90
414,61.7000000000006,3,465.330963854083,3.91999999999999,0,7.34788079488412e-17,1.2,0,90
414,61.7000000000006,4,1175,99.7666666666666,0,7.9602041944578e-16,13,0,90
414,61.7000000000006,5,2034,99.3869565217397,0,5.51091059616309e-16,9,0,90
414,61.7000000000006,6,1071.4237668976,0,0,16.6744207949308,0,0,0
414,61.7000000000006,7,302.879176411285,0,0,0.3,0,0,0
414,61.8000000000006,1,454.865126854213,-5.53024430287178e-11,0,0.105685667501173,5.02338181637676e-09,0,2.72334540497609e-06
414,61.8000000000006,2,469,99.564705882354,0,3.67394039744206e-16,6,0,90
414,61.8000000000006,3,465.330963854083,3.91999999999999,0,7.34788079488412e-17,1.2,0,90
414,61.8000000000006,4,1175,99.7666666666666,0,7.9602041944578e-16,13,0,90
414,61.8000000000006,5,2034,99.3869565217397,0,5.51091059616309e-16,9,0,90
414,61.8000000000006,6,1073.09089960209,0,0,16.6682332949308,0,0,0
414,61.8000000000006,7,302.879176411285,0,0,0.3,0,0,0
414,61.9000000000006,1,454.865126854213,-5.53024430287178e-11,0,0.105685667501173,5.02338181637676e-09,0,2.72334540497609e-06
414,61.9000000000006,2,469,99.564705882354,0,3.67394039744206e-16,6,0,90
414,61.9000000000006,3,465.330963854083,3.91999999999999,0,7.34788079488412e-17,1.2,0,90
414,61.9000000000006,4,1175,99.7666666666666,0,7.9602041944578e-16,13,0,90
414,61.9000000000006,5,2034,99.3869565217397,0,5.51091059616309e-16,9,0,90
414,61.9000000000006,6,1074.75741355659,0,0,16.6620457949308,0,0,0
414,61.9000000000006,7,302.879176411285,0,0,0.3,0,0,0
414,62.0000000000006,1,454.865126854213,-5.53024430287178e-11,0,0.105685667501173,5.02338181637676e-09,0,2.72334540497609e-06
414,62.0000000000006,2,469,99.564705882354,0,3.67394039744206e-16,6,0,90
414,62.0000000000006,3,465.330963854083,3.91999999999999,0,7.34788079488412e-17,1.2,0,90
414,62.0000000000006,4,1175,99.7666666666666,0,7.9602041944578e-16,13,0,90
414,62.0000000000006,5,2034,99.3869565217397,0,5.51091059616309e-16,9,0,90
414,62.0000000000006,6,1076.42330876108,0,0,16.6558582949308,0,0,0
414,62.0000000000006,7,302.879176411285,0,0,0.3,0,0,0
414,62.1000000000006,1,454.865126854213,-5.53024430287178e-11,0,0.105685667501173,5.02338181637676e-09,0,2.72334540497609e-06
414,62.1000000000006,2,469,99.564705882354,0,3.67394039744206e-16,6,0,90
414,62.1000000000006,3,465.330963854083,3.91999999999999,0,7.34788079488412e-17,1.2,0,90
414,62.1000000000006,4,1175,99.7666666666666,0,7.9602041944578e-16,13,0,90
414,62.1000000000006,5,2034,99.3869565217397,0,5.51091059616309e-16,9,0,90
414,62.1000000000006,6,1078.08858521557,0,0,16.6496707949308,0,0,0
414,62.1000000000006,7,302.879176411285,0,0,0.3,0,0,0
414,62.2000000000006,1,454.865126854213,-5.53024430287178e-11,0,0.105685667501173,5.02338181637676e-09,0,2.72334540497609e-06
414,62.2000000000006,2,469,99.564705882354,0,3.67394039744206e-16,6,0,90
414,62.2000000000006,3,465.330963854083,3.91999999999999,0,7.34788079488412e-17,1.2,0,90
414,62.2000000000006,4,1175,99.7666666666666,0,7.9602041944578e-16,13,0,90
414,62.2000000000006,5,2034,99.3869565217397,0,5.51091059616309e-16,9,0,90
414,62.2000000000006,6,1079.75324292007,0,0,16.6434832949308,0,0,0
414,62.2000000000006,7,302.879176411285,0,0,0.3,0,0,0
414,62.3000000000006,1,454.865126854213,-5.53024430287178e-11,0,0.105685667501173,5.02338181637676e-09,0,2.72334540497609e-06
414,62.3000000000006,2,469,99.564705882354,0,3.67394039744206e-16,6,0,90
414,62.3000000000006,3,465.330963854083,3.91999999999999,0,7.34788079488412e-17,1.2,0,90
414,62.3000000000006,4,1175,99.7666666666666,0,7.9602041944578e-16,13,0,90
414,62.3000000000006,5,2034,99.3869565217397,0,5.51091059616309e-16,9,0,90
414,62.3000000000006,6,1081.41728187456,0,0,16.6372957949308,0,0,0
414,62.3000000000006,7,302.879176411285,0,0,0.3,0,0,0
414,62.4000000000006,1,454.865126854213,-5.53024430287178e-11,0,0.105685667501173,5.02338181637676e-09,0,2.72334540497609e-06
414,62.4000000000006,2,469,99.564705882354,0,3.67394039744206e-16,6,0,90
414,62.4000000000006,3,465.330963854083,3.91999999999999,0,7.34788079488412e-17,1.2,0,90
414,62.4000000000006,4,1175,99.7666666666666,0,7.9602041944578e-16,13,0,90
414,62.4000000000006,5,2034,99.3869565217397,0,5.51091059616309e-16,9,0,90
414,62.4000000000006,6,1083.08070207905,0,0,16.6311082949308,0,0,0
414,62.4000000000006,7,302.879176411285,0,0,0.3,0,0,0
414,62.5000000000006,1,454.865126854213,-5.53024430287178e-11,0,0.105685667501173,5.02338181637676e-09,0,2.72334540497609e-06
414,62.5000000000006,2,469,99.564705882354,0,3.67394039744206e-16,6,0,90
414,62.5000000000006,3,465.330963854083,3.91999999999999,0,7.34788079488412e-17,1.2,0,90
414,62.5000000000006,4,1175,99.7666666666666,0,7.9602041944578e-16,13,0,90
414,62.5000000000006,5,2034,99.3869565217397,0,5.51091059616309e-16,9,0,90
414,62.5000000000006,6,1084.74350353355,0,0,16.6249207949308,0,0,0
414,62.5000000000006,7,302.879176411285,0,0,0.3,0,0,0
414,62.6000000000006,1,454.865126854213,-5.53024430287178e-11,0,0.105685667501173,5.02338181637676e-09,0,2.72334540497609e-06
414,62.6000000000006,2,469,99.564705882354,0,3.67394039744206e-16,6,0,90
414,62.6000000000006,3,465.330963854083,3.91999999999999,0,7.34788079488412e-17,1.2,0,90
414,62.6000000000006,4,1175,99.7666666666666,0,7.9602041944578e-16,13,0,90
414,62.6000000000006,5,2034,99.3869565217397,0,5.51091059616309e-16,9,0,90
414,62.6000000000006,6,1086.40568623804,0,0,16.6187332949308,0,0,0
414,62.6000000000006,7,302.879176411285,0,0,0.3,0,0,0
414,62.7000000000006,1,454.865126854213,-5.53024430287178e-11,0,0.105685667501173,5.02338181637676e-09,0,2.72334540497609e-06
414,62.7000000000006,2,469,99.564705882354,0,3.67394039744206e-16,6,0,90
414,62.7000000000006,3,465.330963854083,3.91999999999999,0,7.34788079488412e-17,1.2,0,90
414,62.7000000000006,4,1175,99.7666666666666,0,7.9602041944578e-16,13,0,90
414,62.7000000000006,5,2034,99.3869565217397,0,5.51091059616309e-16,9,0,90
414,62.7000000000006,6,1088.06725019253,0,0,16.6125457949308,0,0,0
414,62.7000000000006,7,302.879176411285,0,0,0.3,0,0,0
414,62.8000000000006,1,454.865126854213,-5.53024430287178e-11,0,0.105685667501173,5.02338181637676e-09,0,2.72334540497609e-06
414,62.8000000000006,2,469,99.564705882354,0,3.67394039744206e-16,6,0,90
414,62.8000000000006,3,465.330963854083,3.91999999999999,0,7.34788079488412e-17,1.2,0,90
414,62.8000000000006,4,1175,99.7666666666666,0,7.9602041944578e-16,13,0,90
414,62.8000000000006,5,2034,99.3869565217397,0,5.51091059616309e-16,9,0,90
414,62.8000000000006,6,1089.72819539702,0,0,16.6063582949308,0,0,0
414,62.8000000000006,7,302.879176411285,0,0,0.3,0,0,0
414,62.9000000000006,1,454.865126854213,-5.53024430287178e-11,0,0.105685667501173,5.02338181637676e-09,0,2.72334540497609e-06
414,62.9000000000006,2,469,99.564705882354,0,3.67394039744206e-16,6,0,90
414,62.9000000000006,3,465.330963854083,3.91999999999999,0,7.34788079488412e-17,1.2,0,90
414,62.9000000000006,4,1175,99.7666666666666,0,7.9602041944578e-16,13,0,90
414,62.9000000000006,5,2034,99.3869565217397,0,5.51091059616309e-16,9,0,90
414,62.9000000000006,6,1091.38852185152,0,0,16.6001707949308,0,0,0
414,62.9000000000006,7,302.879176411285,0,0,0.3,0,0,0
414,63.0000000000006,1,454.865126854213,-5.53024430287178e-11,0,0.105685667501173,5.02338181637676e-09,0,2.72334540497609e-06
414,63.0000000000006,2,469,99.564705882354,0,3.67394039744206e-16,6,0,90
414,63.0000000000006,3,465.330963854083,3.91999999999999,0,7.34788079488412e-17,1.2,0,90
414,63.0000000000006,4,1175,99.7666666666666,0,7.9602041944578e-16,13,0,90
414,63.0000000000006,5,2034,99.3869565217397,0,5.51091059616309e-16,9,0,90
414,63.0000000000006,6,1093.04822955601,0,0,16.5939832949308,0,0,0
414,63.0000000000006,7,302.879176411285,0,0,0.3,0,0,0
414,63.1000000000006,1,454.865126854213,-5.53024430287178e-11,0,0.105685667501173,5.02338181637676e-09,0,2.72334540497609e-06
414,63.1000000000006,2,469,99.564705882354,0,3.67394039744206e-16,6,0,90
414,63.1000000000006,3,465.330963854083,3.91999999999999,0,7.34788079488412e-17,1.2,0,90
414,63.1000000000006,4,1175,99.7666666666666,0,7.9602041944578e-16,13,0,90
414,63.1000000000006,5,2034,99.3869565217397,0,5.51091059616309e-16,9,0,90
414,63.1000000000006,6,1094.7073185105,0,0,16.5877957949308,0,0,0
414,63.1000000000006,7,302.879176411285,0,0,0.3,0,0,0
414,63.2000000000006,1,454.865126854213,-5.53024430287178e-11,0,0.105685667501173,5.02338181637676e-09,0,2.72334540497609e-06
414,63.2000000000006,2,469,99.564705882354,0,3.67394039744206e-16,6,0,90
414,63.2000000000006,3,465.330963854083,3.91999999999999,0,7.34788079488412e-17,1.2,0,90
414,63.2000000000006,4,1175,99.7666666666666,0,7.9602041944578e-16,13,0,90
414,63.2000000000006,5,2034,99.3869565217397,0,5.51091059616309e-16,9,0,90
414,63.2000000000006,6,1096.365788715,0,0,16.5816082949308,0,0,0
414,63.2000000000006,7,302.879176411285,0,0,0.3,0,0,0
414,63.3000000000006,1,454.865126854213,-5.53024430287178e-11,0,0.105685667501173,5.02338181637676e-09,0,2.72334540497609e-06
414,63.3000000000006,2,469,99.564705882354,0,3.67394039744206e-16,6,0,90
414,63.3000000000006,3,465.330963854083,3.91999999999999,0,7.34788079488412e-17,1.2,0,90
414,63.3000000000006,4,1175,99.7666666666666,0,7.9602041944578e-16,13,0,90
414,63.3000000000006,5,2034,99.3869565217397,0,5.51091059616309e-16,9,0,90
414,63.3000000000006,6,1098.02364016949,0,0,16.5754207949308,0,0,0
414,63.3000000000006,7,302.879176411285,0,0,0.3,0,0,0
414,63.4000000000006,1,454.865126854213,-5.53024430287178e-11,0,0.105685667501173,5.02338181637676e-09,0,2.72334540497609e-06
414,63.4000000000006,2,469,99.564705882354,0,3.67394039744206e-16,6,0,90
414,63.4000000000006,3,465.330963854083,3.91999999999999,0,7.34788079488412e-17,1.2,0,90
414,63.4000000000006,4,1175,99.7666666666666,0,7.9602041944578e-16,13,0,90
414,63.4000000000006,5,2034,99.3869565217397,0,5.51091059616309e-16,9,0,90
414,63.4000000000006,6,1099.68087287398,0,0,16.5692332949308,0,0,0
414,63.4000000000006,7,302.879176411285,0,0,0.3,0,0,0
414,63.5000000000006,1,454.865126854213,-5.53024430287178e-11,0,0.105685667501173,5.02338181637676e-09,0,2.72334540497609e-06
414,63.5000000000006,2,469,99.564705882354,0,3.67394039744206e-16,6,0,90
414,63.5000000000006,3,465.330963854083,3.91999999999999,0,7.34788079488412e-17,1.2,0,90
414,63.5000000000006,4,1175,99.7666666666666,0,7.9602041944578e-16,13,0,90
414,63.5000000000006,5,2034,99.3869565217397,0,5.51091059616309e-16,9,0,90
414,63.5000000000006,6,1101.33748682848,0,0,16.5630457949308,0,0,0
414,63.5000000000006,7,302.879176411285,0,0,0.3,0,0,0
414,63.6000000000006,1,454.865126854213,-5.53024430287178e-11,0,0.105685667501173,5.02338181637676e-09,0,2.72334540497609e-06
414,63.6000000000006,2,469,99.564705882354,0,3.67394039744206e-16,6,0,90
414,63.6000000000006,3,465.330963854083,3.91999999999999,0,7.34788079488412e-17,1.2,0,90
414,63.6000000000006,4,1175,99.7666666666666,0,7.9602041944578e-16,13,0,90
414,63.6000000000006,5,2034,99.3869565217397,0,5.51091059616309e-16,9,0,90
414,63.6000000000006,6,1102.99348203297,0,0,16.5568582949308,0,0,0
414,63.6000000000006,7,302.879176411285,0,0,0.3,0,0,0
414,63.7000000000006,1,454.865126854213,-5.53024430287178e-11,0,0.105685667501173,5.02338181637676e-09,0,2.72334540497609e-06
414,63.7000000000006,2,469,99.564705882354,0,3.67394039744206e-16,6,0,90
414,63.7000000000006,3,465.330963854083,3.91999999999999,0,7.34788079488412e-17,1.2,0,90
414,63.7000000000006,4,1175,99.7666666666666,0,7.9602041944578e-16,13,0,90
414,63.7000000000006,5,2034,99.3869565217397,0,5.51091059616309e-16,9,0,90
414,63.7000000000006,6,1104.64885848746,0,0,16.5506707949308,0,0,0
414,63.7000000000006,7,302.879176411285,0,0,0.3,0,0,0
414,63.8000000000006,1,454.865126854213,-5.53024430287178e-11,0,0.105685667501173,5.02338181637676e-09,0,2.72334540497609e-06
414,63.8000000000006,2,469,99.564705882354,0,3.67394039744206e-16,6,0,90
414,63.8000000000006,3,465.330963854083,3.91999999999999,0,7.34788079488412e-17,1.2,0,90
414,63.8000000000006,4,1175,99.7666666666666,0,7.9602041944578e-16,13,0,90
414,63.8000000000006,5,2034,99.3869565217397,0,5.51091059616309e-16,9,0,90
414,63.8000000000006,6,1106.30361619196,0,0,16.5444832949308,0,0,0
414,63.8000000000006,7,302.879176411285,0,0,0.3,0,0,0
414,63.9000000000006,1,454.865126854213,-5.53024430287178e-11,0,0.105685667501173,5.02338181637676e-09,0,2.72334540497609e-06
414,63.9000000000006,2,469,99.564705882354,0,3.67394039744206e-16,6,0,90
414,63.9000000000006,3,465.330963854083,3.91999999999999,0,7.34788079488412e-17,1.2,0,90
414,63.9000000000006,4,1175,99.7666666666666,0,7.9602041944578e-16,13,0,90
414,63.9000000000006,5,2034,99.3869565217397,0,5.51091059616309e-16,9,0,90
414,63.9000000000006,6,1107.95775514645,0,0,16.5382957949308,0,0,0
414,63.9000000000006,7,302.879176411285,0,0,0.3,0,0,0
414,64.0000000000006,1,454.865126854213,-5.53024430287178e-11,0,0.105685667501173,5.02338181637676e-09,0,2.72334540497609e-06
414,64.0000000000006,2,469,99.564705882354,0,3.67394039744206e-16,6,0,90
414,64.0000000000006,3,465.330963854083,3.91999999999999,0,7.34788079488412e-17,1.2,0,90
414,64.0000000000006,4,1175,99.7666666666666,0,7.9602041944578e-16,13,0,90
414,64.0000000000006,5,2034,99.3869565217397,0,5.51091059616309e-16,9,0,90
414,64.0000000000006,6,1109.61127535094,0,0,16.5321082949308,0,0,0
414,64.0000000000006,7,302.879176411285,0,0,0.3,0,0,0
414,64.1000000000006,1,454.865126854213,-5.53024430287178e-11,0,0.105685667501173,5.02338181637676e-09,0,2.72334540497609e-06
414,64.1000000000006,2,469,99.564705882354,0,3.67394039744206e-16,6,0,90
414,64.1000000000006,3,465.330963854083,3.91999999999999,0,7.34788079488412e-17,1.2,0,90
414,64.1000000000006,4,1175,99.7666666666666,0,7.9602041944578e-16,13,0,90
414,64.1000000000006,5,2034,99.3869565217397,0,5.51091059616309e-16,9,0,90
414,64.1000000000006,6,1111.26417680543,0,0,16.5259207949308,0,0,0
414,64.1000000000006,7,302.879176411285,0,0,0.3,0,0,0
414,64.2000000000006,1,454.865126854213,-5.53024430287178e-11,0,0.105685667501173,5.02338181637676e-09,0,2.72334540497609e-06
414,64.2000000000006,2,469,99.564705882354,0,3.67394039744206e-16,6,0,90
414,64.2000000000006,3,465.330963854083,3.91999999999999,0,7.34788079488412e-17,1.2,0,90
414,64.2000000000006,4,1175,99.7666666666666,0,7.9602041944578e-16,13,0,90
414,64.2000000000006,5,2034,99.3869565217397,0,5.51091059616309e-16,9,0,90
414,64.2000000000006,6,1112.91645950993,0,0,16.5197332949308,0,0,0
414,64.2000000000006,7,302.879176411285,0,0,0.3,0,0,0
414,64.3000000000006,1,454.865126854213,-5.53024430287178e-11,0,0.105685667501173,5.02338181637676e-09,0,2.72334540497609e-06
414,64.3000000000006,2,469,99.564705882354,0,3.67394039744206e-16,6,0,90
414,64.3000000000006,3,465.330963854083,3.91999999999999,0,7.34788079488412e-17,1.2,0,90
414,64.3000000000006,4,1175,99.7666666666666,0,7.9602041944578e-16,13,0,90
414,64.3000000000006,5,2034,99.3869565217397,0,5.51091059616309e-16,9,0,90
414,64.3000000000006,6,1114.56812346442,0,0,16.5135457949308,0,0,0
414,64.3000000000006,7,302.879176411285,0,0,0.3,0,0,0
414,64.4000000000006,1,454.865126854213,-5.53024430287178e-11,0,0.105685667501173,5.02338181637676e-09,0,2.72334540497609e-06
414,64.4000000000006,2,469,99.564705882354,0,3.67394039744206e-16,6,0,90
414,64.4000000000006,3,465.330963854083,3.91999999999999,0,7.34788079488412e-17,1.2,0,90
414,64.4000000000006,4,1175,99.7666666666666,0,7.9602041944578e-16,13,0,90
414,64.4000000000006,5,2034,99.3869565217397,0,5.51091059616309e-16,9,0,90
414,64.4000000000006,6,1116.21916866891,0,0,16.5073582949308,0,0,0
414,64.4000000000006,7,302.879176411285,0,0,0.3,0,0,0
414,64.5000000000006,1,454.865126854213,-5.53024430287178e-11,0,0.105685667501173,5.02338181637676e-09,0,2.72334540497609e-06
414,64.5000000000006,2,469,99.564705882354,0,3.67394039744206e-16,6,0,90
414,64.5000000000006,3,465.330963854083,3.91999999999999,0,7.34788079488412e-17,1.2,0,90
414,64.5000000000006,4,1175,99.7666666666666,0,7.9602041944578e-16,13,0,90
414,64.5000000000006,5,2034,99.3869565217397,0,5.51091059616309e-16,9,0,90
414,64.5000000000006,6,1117.86959512341,0,0,16.5011707949308,0,0,0
414,64.5000000000006,7,302.879176411285,0,0,0.3,0,0,0
414,64.6000000000006,1,454.865126854213,-5.53024430287178e-11,0,0.105685667501173,5.02338181637676e-09,0,2.72334540497609e-06
414,64.6000000000006,2,469,99.564705882354,0,3.67394039744206e-16,6,0,90
414,64.6000000000006,3,465.330963854083,3.91999999999999,0,7.34788079488412e-17,1.2,0,90
414,64.6000000000006,4,1175,99.7666666666666,0,7.9602041944578e-16,13,0,90
414,64.6000000000006,5,2034,99.3869565217397,0,5.51091059616309e-16,9,0,90
414,64.6000000000006,6,1119.5194028279,0,0,16.4949832949308,0,0,0
414,64.6000000000006,7,302.879176411285,0,0,0.3,0,0,0
414,64.7000000000006,1,454.865126854213,-5.53024430287178e-11,0,0.105685667501173,5.02338181637676e-09,0,2.72334540497609e-06
414,64.7000000000006,2,469,99.564705882354,0,3.67394039744206e-16,6,0,90
414,64.7000000000006,3,465.330963854083,3.91999999999999,0,7.34788079488412e-17,1.2,0,90
414,64.7000000000006,4,1175,99.7666666666666,0,7.9602041944578e-16,13,0,90
414,64.7000000000006,5,2034,99.3869565217397,0,5.51091059616309e-16,9,0,90
414,64.7000000000006,6,1121.16859178239,0,0,16.4887957949308,0,0,0
414,64.7000000000006,7,302.879176411285,0,0,0.3,0,0,0
414,64.8000000000006,1,454.865126854213,-5.53024430287178e-11,0,0.105685667501173,5.02338181637676e-09,0,2.72334540497609e-06
414,64.8000000000006,2,469,99.564705882354,0,3.67394039744206e-16,6,0,90
414,64.8000000000006,3,465.330963854083,3.91999999999999,0,7.34788079488412e-17,1.2,0,90
414,64.8000000000006,4,1175,99.7666666666666,0,7.9602041944578e-16,13,0,90
414,64.8000000000006,5,2034,99.3869565217397,0,5.51091059616309e-16,9,0,90
414,64.8000000000006,6,1122.81716198689,0,0,16.4826082949308,0,0,0
414,64.8000000000006,7,302.879176411285,0,0,0.3,0,0,0
414,64.9000000000006,1,454.865126854213,-5.53024430287178e-11,0,0.105685667501173,5.02338181637676e-09,0,2.72334540497609e-06
414,64.9000000000006,2,469,99.564705882354,0,3.67394039744206e-16,6,0,90
414,64.9000000000006,3,465.330963854083,3.91999999999999,0,7.34788079488412e-17,1.2,0,90
414,64.9000000000006,4,1175,99.7666666666666,0,7.9602041944578e-16,13,0,90
414,64.9000000000006,5,2034,99.3869565217397,0,5.51091059616309e-16,9,0,90
414,64.9000000000006,6,1124.46511344138,0,0,16.4764207949308,0,0,0
414,64.9000000000006,7,302.879176411285,0,0,0.3,0,0,0
414,65.0000000000006,1,454.865126854213,-5.53024430287178e-11,0,0.105685667501173,5.02338181637676e-09,0,2.72334540497609e-06
414,65.0000000000006,2,469,99.564705882354,0,3.67394039744206e-16,6,0,90
414,65.0000000000006,3,465.330963854083,3.91999999999999,0,7.34788079488412e-17,1.2,0,90
414,65.0000000000006,4,1175,99.7666666666666,0,7.9602041944578e-16,13,0,90
414,65.0000000000006,5,2034,99.3869565217397,0,5.51091059616309e-16,9,0,90
414,65.0000000000006,6,1126.11244614587,0,0,16.4702332949308,0,0,0
414,65.0000000000006,7,302.879176411285,0,0,0.3,0,0,0
414,65.1000000000006,1,454.865126854213,-5.53024430287178e-11,0,0.105685667501173,5.02338181637676e-09,0,2.72334540497609e-06
414,65.1000000000006,2,469,99.564705882354,0,3.67394039744206e-16,6,0,90
414,65.1000000000006,3,465.330963854083,3.91999999999999,0,7.34788079488412e-17,1.2,0,90
414,65.1000000000006,4,1175,99.7666666666666,0,7.9602041944578e-16,13,0,90
414,65.1000000000006,5,2034,99.3869565217397,0,5.51091059616309e-16,9,0,90
414,65.1000000000006,6,1127.75916010036,0,0,16.4640457949308,0,0,0
414,65.1000000000006,7,302.879176411285,0,0,0.3,0,0,0
414,65.2000000000006,1,454.865126854213,-5.53024430287178e-11,0,0.105685667501173,5.02338181637676e-09,0,2.72334540497609e-06
414,65.2000000000006,2,469,99.564705882354,0,3.67394039744206e-16,6,0,90
414,65.2000000000006,3,465.330963854083,3.91999999999999,0,7.34788079488412e-17,1.2,0,90
414,65.2000000000006,4,1175,99.7666666666666,0,7.9602041944578e-16,13,0,90
414,65.2000000000006,5,2034,99.3869565217397,0,5.51091059616309e-16,9,0,90
414,65.2000000000006,6,1129.40525530486,0,0,16.4578582949308,0,0,0
414,65.2000000000006,7,302.879176411285,0,0,0.3,0,0,0
414,65.3000000000006,1,454.865126854213,-5.53024430287178e-11,0,0.105685667501173,5.02338181637676e-09,0,2.72334540497609e-06
414,65.3000000000006,2,469,99.564705882354,0,3.67394039744206e-16,6,0,90
414,65.3000000000006,3,465.330963854083,3.91999999999999,0,7.34788079488412e-17,1.2,0,90
414,65.3000000000006,4,1175,99.7666666666666,0,7.9602041944578e-16,13,0,90
414,65.3000000000006,5,2034,99.3869565217397,0,5.51091059616309e-16,9,0,90
414,65.3000000000006,6,1131.05073175935,0,0,16.4516707949308,0,0,0
414,65.3000000000006,7,302.879176411285,0,0,0.3,0,0,0
414,65.4000000000006,1,454.865126854213,-5.53024430287178e-11,0,0.105685667501173,5.02338181637676e-09,0,2.72334540497609e-06
414,65.4000000000006,2,469,99.564705882354,0,3.67394039744206e-16,6,0,90
414,65.4000000000006,3,465.330963854083,3.91999999999999,0,7.34788079488412e-17,1.2,0,90
414,65.4000000000006,4,1175,99.7666666666666,0,7.9602041944578e-16,13,0,90
414,65.4000000000006,5,2034,99.3869565217397,0,5.51091059616309e-16,9,0,90
414,65.4000000000006,6,1132.69558946384,0,0,16.4454832949308,0,0,0
414,65.4000000000006,7,302.879176411285,0,0,0.3,0,0,0
414,65.5000000000006,1,454.865126854213,-5.53024430287178e-11,0,0.105685667501173,5.02338181637676e-09,0,2.72334540497609e-06
414,65.5000000000006,2,469,99.564705882354,0,3.67394039744206e-16,6,0,90
414,65.5000000000006,3,465.330963854083,3.91999999999999,0,7.34788079488412e-17,1.2,0,90
414,65.5000000000006,4,1175,99.7666666666666,0,7.9602041944578e-16,13,0,90
414,65.5000000000006,5,2034,99.3869565217397,0,5.51091059616309e-16,9,0,90
414,65.5000000000006,6,1134.33982841834,0,0,16.4392957949308,0,0,0
414,65.5000000000006,7,302.879176411285,0,0,0.3,0,0,0
414,65.6000000000005,1,454.865126854213,-5.53024430287178e-11,0,0.105685667501173,5.02338181637676e-09,0,2.72334540497609e-06
414,65.6000000000005,2,469,99.564705882354,0,3.67394039744206e-16,6,0,90
414,65.6000000000005,3,465.330963854083,3.91999999999999,0,7.34788079488412e-17,1.2,0,90
414,65.6000000000005,4,1175,99.7666666666666,0,7.9602041944578e-16,13,0,90
414,65.6000000000005,5,2034,99.3869565217397,0,5.51091059616309e-16,9,0,90
414,65.6000000000005,6,1135.98344862283,0,0,16.4331082949308,0,0,0
414,65.6000000000005,7,302.879176411285,0,0,0.3,0,0,0
414,65.7000000000005,1,454.865126854213,-5.53024430287178e-11,0,0.105685667501173,5.02338181637676e-09,0,2.72334540497609e-06
414,65.7000000000005,2,469,99.564705882354,0,3.67394039744206e-16,6,0,90
414,65.7000000000005,3,465.330963854083,3.91999999999999,0,7.34788079488412e-17,1.2,0,90
414,65.7000000000005,4,1175,99.7666666666666,0,7.9602041944578e-16,13,0,90
414,65.7000000000005,5,2034,99.3869565217397,0,5.51091059616309e-16,9,0,90
414,65.7000000000005,6,1137.62645007732,0,0,16.4269207949308,0,0,0
414,65.7000000000005,7,302.879176411285,0,0,0.3,0,0,0
414,65.8000000000005,1,454.865126854213,-5.53024430287178e-11,0,0.105685667501173,5.02338181637676e-09,0,2.72334540497609e-06
414,65.8000000000005,2,469,99.564705882354,0,3.67394039744206e-16,6,0,90
414,65.8000000000005,3,465.330963854083,3.91999999999999,0,7.34788079488412e-17,1.2,0,90
414,65.8000000000005,4,1175,99.7666666666666,0,7.9602041944578e-16,13,0,90
414,65.8000000000005,5,2034,99.3869565217397,0,5.51091059616309e-16,9,0,90
414,65.8000000000005,6,1139.26883278182,0,0,16.4207332949308,0,0,0
414,65.8000000000005,7,302.879176411285,0,0,0.3,0,0,0
414,65.9000000000005,1,454.865126854213,-5.53024430287178e-11,0,0.105685667501173,5.02338181637676e-09,0,2.72334540497609e-06
414,65.9000000000005,2,469,99.564705882354,0,3.67394039744206e-16,6,0,90
414,65.9000000000005,3,465.330963854083,3.91999999999999,0,7.34788079488412e-17,1.2,0,90
414,65.9000000000005,4,1175,99.7666666666666,0,7.9602041944578e-16,13,0,90
414,65.9000000000005,5,2034,99.3869565217397,0,5.51091059616309e-16,9,0,90
414,65.9000000000005,6,1140.91059673631,0,0,16.4145457949308,0,0,0
414,65.9000000000005,7,302.879176411285,0,0,0.3,0,0,0
414,66.0000000000005,1,454.865126854213,-5.53024430287178e-11,0,0.105685667501173,5.02338181637676e-09,0,2.72334540497609e-06
414,66.0000000000005,2,469,99.564705882354,0,3.67394039744206e-16,6,0,90
414,66.0000000000005,3,465.330963854083,3.91999999999999,0,7.34788079488412e-17,1.2,0,90
414,66.0000000000005,4,1175,99.7666666666666,0,7.9602041944578e-16,13,0,90
414,66.0000000000005,5,2034,99.3869565217397,0,5.51091059616309e-16,9,0,90
414,66.0000000000005,6,1142.5517419408,0,0,16.4083582949308,0,0,0
414,66.0000000000005,7,302.879176411285,0,0,0.3,0,0,0
414,66.1000000000005,1,454.865126854213,-5.53024430287178e-11,0,0.105685667501173,5.02338181637676e-09,0,2.72334540497609e-06
414,66.1000000000005,2,469,99.564705882354,0,3.67394039744206e-16,6,0,90
414,66.1000000000005,3,465.330963854083,3.91999999999999,0,7.34788079488412e-17,1.2,0,90
414,66.1000000000005,4,1175,99.7666666666666,0,7.9602041944578e-16,13,0,90
414,66.1000000000005,5,2034,99.3869565217397,0,5.51091059616309e-16,9,0,90
414,66.1000000000005,6,1144.19226839529,0,0,16.4021707949308,0,0,0
414,66.1000000000005,7,302.879176411285,0,0,0.3,0,0,0
414,66.2000000000005,1,454.865126854213,-5.53024430287178e-11,0,0.105685667501173,5.02338181637676e-09,0,2.72334540497609e-06
414,66.2000000000005,2,469,99.564705882354,0,3.67394039744206e-16,6,0,90
414,66.2000000000005,3,465.330963854083,3.91999999999999,0,7.34788079488412e-17,1.2,0,90
414,66.2000000000005,4,1175,99.7666666666666,0,7.9602041944578e-16,13,0,90
414,66.2000000000005,5,2034,99.3869565217397,0,5.51091059616309e-16,9,0,90
414,66.2000000000005,6,1145.83217609979,0,0,16.3959832949308,0,0,0
414,66.2000000000005,7,302.879176411285,0,0,0.3,0,0,0
414,66.3000000000005,1,454.865126854213,-5.53024430287178e-11,0,0.105685667501173,5.02338181637676e-09,0,2.72334540497609e-06
414,66.3000000000005,2,469,99.564705882354,0,3.67394039744206e-16,6,0,90
414,66.3000000000005,3,465.330963854083,3.91999999999999,0,7.34788079488412e-17,1.2,0,90
414,66.3000000000005,4,1175,99.7666666666666,0,7.9602041944578e-16,13,0,90
414,66.3000000000005,5,2034,99.3869565217397,0,5.51091059616309e-16,9,0,90
414,66.3000000000005,6,1147.47146505428,0,0,16.3897957949308,0,0,0
414,66.3000000000005,7,302.879176411285,0,0,0.3,0,0,0
414,66.4000000000005,1,454.865126854213,-5.53024430287178e-11,0,0.105685667501173,5.02338181637676e-09,0,2.72334540497609e-06
414,66.4000000000005,2,469,99.564705882354,0,3.67394039744206e-16,6,0,90
414,66.4000000000005,3,465.330963854083,3.91999999999999,0,7.34788079488412e-17,1.2,0,90
414,66.4000000000005,4,1175,99.7666666666666,0,7.9602041944578e-16,13,0,90
414,66.4000000000005,5,2034,99.3869565217397,0,5.51091059616309e-16,9,0,90
414,66.4000000000005,6,1149.11013525877,0,0,16.3836082949308,0,0,0
414,66.4000000000005,7,302.879176411285,0,0,0.3,0,0,0
414,66.5000000000005,1,454.865126854213,-5.53024430287178e-11,0,0.105685667501173,5.02338181637676e-09,0,2.72334540497609e-06
414,66.5000000000005,2,469,99.564705882354,0,3.67394039744206e-16,6,0,90
414,66.5000000000005,3,465.330963854083,3.91999999999999,0,7.34788079488412e-17,1.2,0,90
414,66.5000000000005,4,1175,99.7666666666666,0,7.9602041944578e-16,13,0,90
414,66.5000000000005,5,2034,99.3869565217397,0,5.51091059616309e-16,9,0,90
414,66.5000000000005,6,1150.74818671327,0,0,16.3774207949308,0,0,0
414,66.5000000000005,7,302.879176411285,0,0,0.3,0,0,0
414,66.6000000000005,1,454.865126854213,-5.53024430287178e-11,0,0.105685667501173,5.02338181637676e-09,0,2.72334540497609e-06
414,66.6000000000005,2,469,99.564705882354,0,3.67394039744206e-16,6,0,90
414,66.6000000000005,3,465.330963854083,3.91999999999999,0,7.34788079488412e-17,1.2,0,90
414,66.6000000000005,4,1175,99.7666666666666,0,7.9602041944578e-16,13,0,90
414,66.6000000000005,5,2034,99.3869565217397,0,5.51091059616309e-16,9,0,90
414,66.6000000000005,6,1152.38561941776,0,0,16.3712332949308,0,0,0
414,66.6000000000005,7,302.879176411285,0,0,0.3,0,0,0
414,66.7000000000005,1,454.865126854213,-5.53024430287178e-11,0,0.105685667501173,5.02338181637676e-09,0,2.72334540497609e-06
414,66.7000000000005,2,469,99.564705882354,0,3.67394039744206e-16,6,0,90
414,66.7000000000005,3,465.330963854083,3.91999999999999,0,7.34788079488412e-17,1.2,0,90
414,66.7000000000005,4,1175,99.7666666666666,0,7.9602041944578e-16,13,0,90
414,66.7000000000005,5,2034,99.3869565217397,0,5.51091059616309e-16,9,0,90
414,66.7000000000005,6,1154.02243337225,0,0,16.3650457949308,0,0,0
414,66.7000000000005,7,302.879176411285,0,0,0.3,0,0,0
414,66.8000000000005,1,454.865126854213,-5.53024430287178e-11,0,0.105685667501173,5.02338181637676e-09,0,2.72334540497609e-06
414,66.8000000000005,2,469,99.564705882354,0,3.67394039744206e-16,6,0,90
414,66.8000000000005,3,465.330963854083,3.91999999999999,0,7.34788079488412e-17,1.2,0,90
414,66.8000000000005,4,1175,99.7666666666666,0,7.9602041944578e-16,13,0,90
414,66.8000000000005,5,2034,99.3869565217397,0,5.51091059616309e-16,9,0,90
414,66.8000000000005,6,1155.65862857675,0,0,16.3588582949308,0,0,0
414,66.8000000000005,7,302.879176411285,0,0,0.3,0,0,0
414,66.9000000000005,1,454.865126854213,-5.53024430287178e-11,0,0.105685667501173,5.02338181637676e-09,0,2.72334540497609e-06
414,66.9000000000005,2,469,99.564705882354,0,3.67394039744206e-16,6,0,90
414,66.9000000000005,3,465.330963854083,3.91999999999999,0,7.34788079488412e-17,1.2,0,90
414,66.9000000000005,4,1175,99.7666666666666,0,7.9602041944578e-16,13,0,90
414,66.9000000000005,5,2034,99.3869565217397,0,5.51091059616309e-16,9,0,90
414,66.9000000000005,6,1157.29420503124,0,0,16.3526707949308,0,0,0
414,66.9000000000005,7,302.879176411285,0,0,0.3,0,0,0
414,67.0000000000005,1,454.865126854213,-5.53024430287178e-11,0,0.105685667501173,5.02338181637676e-09,0,2.72334540497609e-06
414,67.0000000000005,2,469,99.564705882354,0,3.67394039744206e-16,6,0,90
414,67.0000000000005,3,465.330963854083,3.91999999999999,0,7.34788079488412e-17,1.2,0,90
414,67.0000000000005,4,1175,99.7666666666666,0,7.9602041944578e-16,13,0,90
414,67.0000000000005,5,2034,99.3869565217397,0,5.51091059616309e-16,9,0,90
414,67.0000000000005,6,1158.92916273573,0,0,16.3464832949308,0,0,0
414,67.0000000000005,7,302.879176411285,0,0,0.3,0,0,0
414,67.1000000000005,1,454.865126854213,-5.53024430287178e-11,0,0.105685667501173,5.02338181637676e-09,0,2.72334540497609e-06
414,67.1000000000005,2,469,99.564705882354,0,3.67394039744206e-16,6,0,90
414,67.1000000000005,3,465.330963854083,3.91999999999999,0,7.34788079488412e-17,1.2,0,90
414,67.1000000000005,4,1175,99.7666666666666,0,7.9602041944578e-16,13,0,90
414,67.1000000000005,5,2034,99.3869565217397,0,5.51091059616309e-16,9,0,90
414,67.1000000000005,6,1160.56350169022,0,0,16.3402957949308,0,0,0
414,67.1000000000005,7,302.879176411285,0,0,0.3,0,0,0
414,67.2000000000005,1,454.865126854213,-5.53024430287178e-11,0,0.105685667501173,5.02338181637676e-09,0,2.72334540497609e-06
414,67.2000000000005,2,469,99.564705882354,0,3.67394039744206e-16,6,0,90
414,67.2000000000005,3,465.330963854083,3.91999999999999,0,7.34788079488412e-17,1.2,0,90
414,67.2000000000005,4,1175,99.7666666666666,0,7.9602041944578e-16,13,0,90
414,67.2000000000005,5,2034,99.3869565217397,0,5.51091059616309e-16,9,0,90
414,67.2000000000005,6,1162.19722189472,0,0,16.3341082949308,0,0,0
414,67.2000000000005,7,302.879176411285,0,0,0.3,0,0,0
414,67.3000000000005,1,454.865126854213,-5.53024430287178e-11,0,0.105685667501173,5.02338181637676e-09,0,2.72334540497609e-06
414,67.3000000000005,2,469,99.564705882354,0,3.67394039744206e-16,6,0,90
414,67.3000000000005,3,465.330963854083,3.91999999999999,0,7.34788079488412e-17,1.2,0,90
414,67.3000000000005,4,1175,99.7666666666666,0,7.9602041944578e-16,13,0,90
414,67.3000000000005,5,2034,99.3869565217397,0,5.51091059616309e-16,9,0,90
414,67.3000000000005,6,1163.83032334921,0,0,16.3279207949308,0,0,0
414,67.3000000000005,7,302.879176411285,0,0,0.3,0,0,0
414,67.4000000000004,1,454.865126854213,-5.53024430287178e-11,0,0.105685667501173,5.02338181637676e-09,0,2.72334540497609e-06
414,67.4000000000004,2,469,99.564705882354,0,3.67394039744206e-16,6,0,90
414,67.4000000000004,3,465.330963854083,3.91999999999999,0,7.34788079488412e-17,1.2,0,90
414,67.4000000000004,4,1175,99.7666666666666,0,7.9602041944578e-16,13,0,90
414,67.4000000000004,5,2034,99.3869565217397,0,5.51091059616309e-16,9,0,90
414,67.4000000000004,6,1165.4628060537,0,0,16.3217332949308,0,0,0
414,67.4000000000004,7,302.879176411285,0,0,0.3,0,0,0
414,67.5000000000004,1,454.865126854213,-5.53024430287178e-11,0,0.105685667501173,5.02338181637676e-09,0,2.72334540497609e-06
414,67.5000000000004,2,469,99.564705882354,0,3.67394039744206e-16,6,0,90
414,67.5000000000004,3,465.330963854083,3.91999999999999,0,7.34788079488412e-17,1.2,0,90
414,67.5000000000004,4,1175,99.7666666666666,0,7.9602041944578e-16,13,0,90
414,67.5000000000004,5,2034,99.3869565217397,0,5.51091059616309e-16,9,0,90
414,67.5000000000004,6,1167.0946700082,0,0,16.3155457949308,0,0,0
414,67.5000000000004,7,302.879176411285,0,0,0.3,0,0,0
414,67.6000000000004,1,454.865126854213,-5.53024430287178e-11,0,0.105685667501173,5.02338181637676e-09,0,2.72334540497609e-06
414,67.6000000000004,2,469,99.564705882354,0,3.67394039744206e-16,6,0,90
414,67.6000000000004,3,465.330963854083,3.91999999999999,0,7.34788079488412e-17,1.2,0,90
414,67.6000000000004,4,1175,99.7666666666666,0,7.9602041944578e-16,13,0,90
414,67.6000000000004,5,2034,99.3869565217397,0,5.51091059616309e-16,9,0,90
414,67.6000000000004,6,1168.72591521269,0,0,16.3093582949308,0,0,0
414,67.6000000000004,7,302.879176411285,0,0,0.3,0,0,0
414,67.7000000000004,1,454.865126854213,-5.53024430287178e-11,0,0.105685667501173,5.02338181637676e-09,0,2.72334540497609e-06
414,67.7000000000004,2,469,99.564705882354,0,3.67394039744206e-16,6,0,90
414,67.7000000000004,3,465.330963854083,3.91999999999999,0,7.34788079488412e-17,1.2,0,90
414,67.7000000000004,4,1175,99.7666666666666,0,7.9602041944578e-16,13,0,90
414,67.7000000000004,5,2034,99.3869565217397,0,5.51091059616309e-16,9,0,90
414,67.7000000000004,6,1170.35654166718,0,0,16.3031707949308,0,0,0
414,67.7000000000004,7,302.879176411285,0,0,0.3,0,0,0
414,67.8000000000004,1,454.865126854213,-5.53024430287178e-11,0,0.105685667501173,5.02338181637676e-09,0,2.72334540497609e-06
414,67.8000000000004,2,469,99.564705882354,0,3.67394039744206e-16,6,0,90
414,67.8000000000004,3,465.330963854083,3.91999999999999,0,7.34788079488412e-17,1.2,0,90
414,67.8000000000004,4,1175,99.7666666666666,0,7.9602041944578e-16,13,0,90
414,67.8000000000004,5,2034,99.3869565217397,0,5.51091059616309e-16,9,0,90
414,67.8000000000004,6,1171.98654937168,0,0,16.2969832949309,0,0,0
414,67.8000000000004,7,302.879176411285,0,0,0.3,0,0,0
414,67.9000000000004,1,454.865126854213,-5.53024430287178e-11,0,0.105685667501173,5.02338181637676e-09,0,2.72334540497609e-06
414,67.9000000000004,2,469,99.564705882354,0,3.67394039744206e-16,6,0,90
414,67.9000000000004,3,465.330963854083,3.91999999999999,0,7.34788079488412e-17,1.2,0,90
414,67.9000000000004,4,1175,99.7666666666666,0,7.9602041944578e-16,13,0,90
414,67.9000000000004,5,2034,99.3869565217397,0,5.51091059616309e-16,9,0,90
414,67.9000000000004,6,1173.61593832617,0,0,16.2907957949309,0,0,0
414,67.9000000000004,7,302.879176411285,0,0,0.3,0,0,0
414,68.0000000000004,1,454.865126854213,-5.53024430287178e-11,0,0.105685667501173,5.02338181637676e-09,0,2.72334540497609e-06
414,68.0000000000004,2,469,99.564705882354,0,3.67394039744206e-16,6,0,90
414,68.0000000000004,3,465.330963854083,3.91999999999999,0,7.34788079488412e-17,1.2,0,90
414,68.0000000000004,4,1175,99.7666666666666,0,7.9602041944578e-16,13,0,90
414,68.0000000000004,5,2034,99.3869565217397,0,5.51091059616309e-16,9,0,90
414,68.0000000000004,6,1175.24470853066,0,0,16.2846082949308,0,0,0
414,68.0000000000004,7,302.879176411285,0,0,0.3,0,0,0
414,68.1000000000004,1,454.865126854213,-5.53024430287178e-11,0,0.105685667501173,5.02338181637676e-09,0,2.72334540497609e-06
414,68.1000000000004,2,469,99.564705882354,0,3.67394039744206e-16,6,0,90
414,68.1000000000004,3,465.330963854083,3.91999999999999,0,7.34788079488412e-17,1.2,0,90
414,68.1000000000004,4,1175,99.7666666666666,0,7.9602041944578e-16,13,0,90
414,68.1000000000004,5,2034,99.3869565217397,0,5.51091059616309e-16,9,0,90
414,68.1000000000004,6,1176.87285998515,0,0,16.2784207949308,0,0,0
414,68.1000000000004,7,302.879176411285,0,0,0.3,0,0,0
414,68.2000000000004,1,454.865126854213,-5.53024430287178e-11,0,0.105685667501173,5.02338181637676e-09,0,2.72334540497609e-06
414,68.2000000000004,2,469,99.564705882354,0,3.67394039744206e-16,6,0,90
414,68.2000000000004,3,465.330963854083,3.91999999999999,0,7.34788079488412e-17,1.2,0,90
414,68.2000000000004,4,1175,99.7666666666666,0,7.9602041944578e-16,13,0,90
414,68.2000000000004,5,2034,99.3869565217397,0,5.51091059616309e-16,9,0,90
414,68.2000000000004,6,1178.50039268965,0,0,16.2722332949308,0,0,0
414,68.2000000000004,7,302.879176411285,0,0,0.3,0,0,0
414,68.3000000000004,1,454.865126854213,-5.53024430287178e-11,0,0.105685667501173,5.02338181637676e-09,0,2.72334540497609e-06
414,68.3000000000004,2,469,99.564705882354,0,3.67394039744206e-16,6,0,90
414,68.3000000000004,3,465.330963854083,3.91999999999999,0,7.34788079488412e-17,1.2,0,90
414,68.3000000000004,4,1175,99.7666666666666,0,7.9602041944578e-16,13,0,90
414,68.3000000000004,5,2034,99.3869565217397,0,5.51091059616309e-16,9,0,90
414,68.3000000000004,6,1180.12730664414,0,0,16.2660457949309,0,0,0
414,68.3000000000004,7,302.879176411285,0,0,0.3,0,0,0
414,68.4000000000004,1,454.865126854213,-5.53024430287178e-11,0,0.105685667501173,5.02338181637676e-09,0,2.72334540497609e-06
414,68.4000000000004,2,469,99.564705882354,0,3.67394039744206e-16,6,0,90
414,68.4000000000004,3,465.330963854083,3.91999999999999,0,7.34788079488412e-17,1.2,0,90
414,68.4000000000004,4,1175,99.7666666666666,0,7.9602041944578e-16,13,0,90
414,68.4000000000004,5,2034,99.3869565217397,0,5.51091059616309e-16,9,0,90
414,68.4000000000004,6,1181.75360184863,0,0,16.2598582949309,0,0,0
414,68.4000000000004,7,302.879176411285,0,0,0.3,0,0,0
414,68.5000000000004,1,454.865126854213,-5.53024430287178e-11,0,0.105685667501173,5.02338181637676e-09,0,2.72334540497609e-06
414,68.5000000000004,2,469,99.564705882354,0,3.67394039744206e-16,6,0,90
414,68.5000000000004,3,465.330963854083,3.91999999999999,0,7.34788079488412e-17,1.2,0,90
414,68.5000000000004,4,1175,99.7666666666666,0,7.9602041944578e-16,13,0,90
414,68.5000000000004,5,2034,99.3869565217397,0,5.51091059616309e-16,9,0,90
414,68.5000000000004,6,1183.37927830313,0,0,16.2536707949309,0,0,0
414,68.5000000000004,7,302.879176411285,0,0,0.3,0,0,0
414,68.6000000000004,1,454.865126854213,-5.53024430287178e-11,0,0.105685667501173,5.02338181637676e-09,0,2.72334540497609e-06
414,68.6000000000004,2,469,99.564705882354,0,3.67394039744206e-16,6,0,90
414,68.6000000000004,3,465.330963854083,3.91999999999999,0,7.34788079488412e-17,1.2,0,90
414,68.6000000000004,4,1175,99.7666666666666,0,7.9602041944578e-16,13,0,90
414,68.6000000000004,5,2034,99.3869565217397,0,5.51091059616309e-16,9,0,90
414,68.6000000000004,6,1185.00433600762,0,0,16.2474832949309,0,0,0
414,68.6000000000004,7,302.879176411285,0,0,0.3,0,0,0
414,68.7000000000004,1,454.865126854213,-5.53024430287178e-11,0,0.105685667501173,5.02338181637676e-09,0,2.72334540497609e-06
414,68.7000000000004,2,469,99.564705882354,0,3.67394039744206e-16,6,0,90
414,68.7000000000004,3,465.330963854083,3.91999999999999,0,7.34788079488412e-17,1.2,0,90
414,68.7000000000004,4,1175,99.7666666666666,0,7.9602041944578e-16,13,0,90
414,68.7000000000004,5,2034,99.3869565217397,0,5.51091059616309e-16,9,0,90
414,68.7000000000004,6,1186.62877496211,0,0,16.2412957949309,0,0,0
414,68.7000000000004,7,302.879176411285,0,0,0.3,0,0,0
414,68.8000000000004,1,454.865126854213,-5.53024430287178e-11,0,0.105685667501173,5.02338181637676e-09,0,2.72334540497609e-06
414,68.8000000000004,2,469,99.564705882354,0,3.67394039744206e-16,6,0,90
414,68.8000000000004,3,465.330963854083,3.91999999999999,0,7.34788079488412e-17,1.2,0,90
414,68.8000000000004,4,1175,99.7666666666666,0,7.9602041944578e-16,13,0,90
414,68.8000000000004,5,2034,99.3869565217397,0,5.51091059616309e-16,9,0,90
414,68.8000000000004,6,1188.25259516661,0,0,16.2351082949309,0,0,0
414,68.8000000000004,7,302.879176411285,0,0,0.3,0,0,0
414,68.9000000000004,1,454.865126854213,-5.53024430287178e-11,0,0.105685667501173,5.02338181637676e-09,0,2.72334540497609e-06
414,68.9000000000004,2,469,99.564705882354,0,3.67394039744206e-16,6,0,90
414,68.9000000000004,3,465.330963854083,3.91999999999999,0,7.34788079488412e-17,1.2,0,90
414,68.9000000000004,4,1175,99.7666666666666,0,7.9602041944578e-16,13,0,90
414,68.9000000000004,5,2034,99.3869565217397,0,5.51091059616309e-16,9,0,90
414,68.9000000000004,6,1189.8757966211,0,0,16.2289207949309,0,0,0
414,68.9000000000004,7,302.879176411285,0,0,0.3,0,0,0
414,69.0000000000004,1,454.865126854213,-5.53024430287178e-11,0,0.105685667501173,5.02338181637676e-09,0,2.72334540497609e-06
414,69.0000000000004,2,469,99.564705882354,0,3.67394039744206e-16,6,0,90
414,69.0000000000004,3,465.330963854083,3.91999999999999,0,7.34788079488412e-17,1.2,0,90
414,69.0000000000004,4,1175,99.7666666666666,0,7.9602041944578e-16,13,0,90
414,69.0000000000004,5,2034,99.3869565217397,0,5.51091059616309e-16,9,0,90
414,69.0000000000004,6,1191.49837932559,0,0,16.2227332949309,0,0,0
414,69.0000000000004,7,302.879176411285,0,0,0.3,0,0,0
414,69.1000000000003,1,454.865126854213,-5.53024430287178e-11,0,0.105685667501173,5.02338181637676e-09,0,2.72334540497609e-06
414,69.1000000000003,2,469,99.564705882354,0,3.67394039744206e-16,6,0,90
414,69.1000000000003,3,465.330963854083,3.91999999999999,0,7.34788079488412e-17,1.2,0,90
414,69.1000000000003,4,1175,99.7666666666666,0,7.9602041944578e-16,13,0,90
414,69.1000000000003,5,2034,99.3869565217397,0,5.51091059616309e-16,9,0,90
414,69.1000000000003,6,1193.12034328008,0,0,16.2165457949309,0,0,0
414,69.1000000000003,7,302.879176411285,0,0,0.3,0,0,0
414,69.2000000000003,1,454.865126854213,-5.53024430287178e-11,0,0.105685667501173,5.02338181637676e-09,0,2.72334540497609e-06
414,69.2000000000003,2,469,99.564705882354,0,3.67394039744206e-16,6,0,90
414,69.2000000000003,3,465.330963854083,3.91999999999999,0,7.34788079488412e-17,1.2,0,90
414,69.2000000000003,4,1175,99.7666666666666,0,7.9602041944578e-16,13,0,90
414,69.2000000000003,5,2034,99.3869565217397,0,5.51091059616309e-16,9,0,90
414,69.2000000000003,6,1194.74168848458,0,0,16.2103582949309,0,0,0
414,69.2000000000003,7,302.879176411285,0,0,0.3,0,0,0
414,69.3000000000003,1,454.865126854213,-5.53024430287178e-11,0,0.105685667501173,5.02338181637676e-09,0,2.72334540497609e-06
414,69.3000000000003,2,469,99.564705882354,0,3.67394039744206e-16,6,0,90
414,69.3000000000003,3,465.330963854083,3.91999999999999,0,7.34788079488412e-17,1.2,0,90
414,69.3000000000003,4,1175,99.7666666666666,0,7.9602041944578e-16,13,0,90
414,69.3000000000003,5,2034,99.3869565217397,0,5.51091059616309e-16,9,0,90
414,69.3000000000003,6,1196.36241493907,0,0,16.2041707949309,0,0,0
414,69.3000000000003,7,302.879176411285,0,0,0.3,0,0,0
414,69.4000000000003,1,454.865126854213,-5.53024430287178e-11,0,0.105685667501173,5.02338181637676e-09,0,2.72334540497609e-06
414,69.4000000000003,2,469,99.564705882354,0,3.67394039744206e-16,6,0,90
414,69.4000000000003,3,465.330963854083,3.91999999999999,0,7.34788079488412e-17,1.2,0,90
414,69.4000000000003,4,1175,99.7666666666666,0,7.9602041944578e-16,13,0,90
414,69.4000000000003,5,2034,99.3869565217397,0,5.51091059616309e-16,9,0,90
414,69.4000000000003,6,1197.98252264356,0,0,16.1979832949309,0,0,0
414,69.4000000000003,7,302.879176411285,0,0,0.3,0,0,0
414,69.5000000000003,1,454.865126854213,-5.53024430287178e-11,0,0.105685667501173,5.02338181637676e-09,0,2.72334540497609e-06
414,69.5000000000003,2,469,99.564705882354,0,3.67394039744206e-16,6,0,90
414,69.5000000000003,3,465.330963854083,3.91999999999999,0,7.34788079488412e-17,1.2,0,90
414,69.5000000000003,4,1175,99.7666666666666,0,7.9602041944578e-16,13,0,90
414,69.5000000000003,5,2034,99.3869565217397,0,5.51091059616309e-16,9,0,90
414,69.5000000000003,6,1199.60201159806,0,0,16.1917957949309,0,0,0
414,69.5000000000003,7,302.879176411285,0,0,0.3,0,0,0
414,69.6000000000003,1,454.865126854213,-5.53024430287178e-11,0,0.105685667501173,5.02338181637676e-09,0,2.72334540497609e-06
414,69.6000000000003,2,469,99.564705882354,0,3.67394039744206e-16,6,0,90
414,69.6000000000003,3,465.330963854083,3.91999999999999,0,7.34788079488412e-17,1.2,0,90
414,69.6000000000003,4,1175,99.7666666666666,0,7.9602041944578e-16,13,0,90
414,69.6000000000003,5,2034,99.3869565217397,0,5.51091059616309e-16,9,0,90
414,69.6000000000003,6,1201.22088180255,0,0,16.1856082949309,0,0,0
414,69.6000000000003,7,302.879176411285,0,0,0.3,0,0,0
414,69.7000000000003,1,454.865126854213,-5.53024430287178e-11,0,0.105685667501173,5.02338181637676e-09,0,2.72334540497609e-06
414,69.7000000000003,2,469,99.564705882354,0,3.67394039744206e-16,6,0,90
414,69.7000000000003,3,465.330963854083,3.91999999999999,0,7.34788079488412e-17,1.2,0,90
414,69.7000000000003,4,1175,99.7666666666666,0,7.9602041944578e-16,13,0,90
414,69.7000000000003,5,2034,99.3869565217397,0,5.51091059616309e-16,9,0,90
414,69.7000000000003,6,1202.83913325704,0,0,16.1794207949309,0,0,0
414,69.7000000000003,7,302.879176411285,0,0,0.3,0,0,0
414,69.8000000000003,1,454.865126854213,-5.53024430287178e-11,0,0.105685667501173,5.02338181637676e-09,0,2.72334540497609e-06
414,69.8000000000003,2,469,99.564705882354,0,3.67394039744206e-16,6,0,90
414,69.8000000000003,3,465.330963854083,3.91999999999999,0,7.34788079488412e-17,1.2,0,90
414,69.8000000000003,4,1175,99.7666666666666,0,7.9602041944578e-16,13,0,90
414,69.8000000000003,5,2034,99.3869565217397,0,5.51091059616309e-16,9,0,90
414,69.8000000000003,6,1204.45676596154,0,0,16.1732332949309,0,0,0
414,69.8000000000003,7,302.879176411285,0,0,0.3,0,0,0
414,69.9000000000003,1,454.865126854213,-5.53024430287178e-11,0,0.105685667501173,5.02338181637676e-09,0,2.72334540497609e-06
414,69.9000000000003,2,469,99.564705882354,0,3.67394039744206e-16,6,0,90
414,69.9000000000003,3,465.330963854083,3.91999999999999,0,7.34788079488412e-17,1.2,0,90
414,69.9000000000003,4,1175,99.7666666666666,0,7.9602041944578e-16,13,0,90
414,69.9000000000003,5,2034,99.3869565217397,0,5.51091059616309e-16,9,0,90
414,69.9000000000003,6,1206.07377991603,0,0,16.1670457949309,0,0,0
414,69.9000000000003,7,302.879176411285,0,0,0.3,0,0,0
414,70.0000000000003,1,454.865126854213,-5.53024430287178e-11,0,0.105685667501173,5.02338181637676e-09,0,2.72334540497609e-06
414,70.0000000000003,2,469,99.564705882354,0,3.67394039744206e-16,6,0,90
414,70.0000000000003,3,465.330963854083,3.91999999999999,0,7.34788079488412e-17,1.2,0,90
414,70.0000000000003,4,1175,99.7666666666666,0,7.9602041944578e-16,13,0,90
414,70.0000000000003,5,2034,99.3869565217397,0,5.51091059616309e-16,9,0,90
414,70.0000000000003,6,1207.69017512052,0,0,16.1608582949309,0,0,0
414,70.0000000000003,7,302.879176411285,0,0,0.3,0,0,0
414,70.1000000000003,1,454.865126854213,-5.53024430287178e-11,0,0.105685667501173,5.02338181637676e-09,0,2.72334540497609e-06
414,70.1000000000003,2,469,99.564705882354,0,3.67394039744206e-16,6,0,90
414,70.1000000000003,3,465.330963854083,3.91999999999999,0,7.34788079488412e-17,1.2,0,90
414,70.1000000000003,4,1175,99.7666666666666,0,7.9602041944578e-16,13,0,90
414,70.1000000000003,5,2034,99.3869565217397,0,5.51091059616309e-16,9,0,90
414,70.1000000000003,6,1209.30595157501,0,0,16.1546707949309,0,0,0
414,70.1000000000003,7,302.879176411285,0,0,0.3,0,0,0
414,70.2000000000003,1,454.865126854213,-5.53024430287178e-11,0,0.105685667501173,5.02338181637676e-09,0,2.72334540497609e-06
414,70.2000000000003,2,469,99.564705882354,0,3.67394039744206e-16,6,0,90
414,70.2000000000003,3,465.330963854083,3.91999999999999,0,7.34788079488412e-17,1.2,0,90
414,70.2000000000003,4,1175,99.7666666666666,0,7.9602041944578e-16,13,0,90
414,70.2000000000003,5,2034,99.3869565217397,0,5.51091059616309e-16,9,0,90
414,70.2000000000003,6,1210.92110927951,0,0,16.1484832949309,0,0,0
414,70.2000000000003,7,302.879176411285,0,0,0.3,0,0,0
414,70.3000000000003,1,454.865126854213,-5.53024430287178e-11,0,0.105685667501173,5.02338181637676e-09,0,2.72334540497609e-06
414,70.3000000000003,2,469,99.564705882354,0,3.67394039744206e-16,6,0,90
414,70.3000000000003,3,465.330963854083,3.91999999999999,0,7.34788079488412e-17,1.2,0,90
414,70.3000000000003,4,1175,99.7666666666666,0,7.9602041944578e-16,13,0,90
414,70.3000000000003,5,2034,99.3869565217397,0,5.51091059616309e-16,9,0,90
414,70.3000000000003,6,1212.535648234,0,0,16.1422957949309,0,0,0
414,70.3000000000003,7,302.879176411285,0,0,0.3,0,0,0
414,70.4000000000003,1,454.865126854213,-5.53024430287178e-11,0,0.105685667501173,5.02338181637676e-09,0,2.72334540497609e-06
414,70.4000000000003,2,469,99.564705882354,0,3.67394039744206e-16,6,0,90
414,70.4000000000003,3,465.330963854083,3.91999999999999,0,7.34788079488412e-17,1.2,0,90
414,70.4000000000003,4,1175,99.7666666666666,0,7.9602041944578e-16,13,0,90
414,70.4000000000003,5,2034,99.3869565217397,0,5.51091059616309e-16,9,0,90
414,70.4000000000003,6,1214.14956843849,0,0,16.1361082949309,0,0,0
414,70.4000000000003,7,302.879176411285,0,0,0.3,0,0,0
414,70.5000000000003,1,454.865126854213,-5.53024430287178e-11,0,0.105685667501173,5.02338181637676e-09,0,2.72334540497609e-06
414,70.5000000000003,2,469,99.564705882354,0,3.67394039744206e-16,6,0,90
414,70.5000000000003,3,465.330963854083,3.91999999999999,0,7.34788079488412e-17,1.2,0,90
414,70.5000000000003,4,1175,99.7666666666666,0,7.9602041944578e-16,13,0,90
414,70.5000000000003,5,2034,99.3869565217397,0,5.51091059616309e-16,9,0,90
414,70.5000000000003,6,1215.76286989299,0,0,16.1299207949309,0,0,0
414,70.5000000000003,7,302.879176411285,0,0,0.3,0,0,0
414,70.6000000000003,1,454.865126854213,-5.53024430287178e-11,0,0.105685667501173,5.02338181637676e-09,0,2.72334540497609e-06
414,70.6000000000003,2,469,99.564705882354,0,3.67394039744206e-16,6,0,90
414,70.6000000000003,3,465.330963854083,3.91999999999999,0,7.34788079488412e-17,1.2,0,90
414,70.6000000000003,4,1175,99.7666666666666,0,7.9602041944578e-16,13,0,90
414,70.6000000000003,5,2034,99.3869565217397,0,5.51091059616309e-16,9,0,90
414,70.6000000000003,6,1217.37555259748,0,0,16.1237332949309,0,0,0
414,70.6000000000003,7,302.879176411285,0,0,0.3,0,0,0
414,70.7000000000003,1,454.865126854213,-5.53024430287178e-11,0,0.105685667501173,5.02338181637676e-09,0,2.72334540497609e-06
414,70.7000000000003,2,469,99.564705882354,0,3.67394039744206e-16,6,0,90
414,70.7000000000003,3,465.330963854083,3.91999999999999,0,7.34788079488412e-17,1.2,0,90
414,70.7000000000003,4,1175,99.7666666666666,0,7.9602041944578e-16,13,0,90
414,70.7000000000003,5,2034,99.3869565217397,0,5.51091059616309e-16,9,0,90
414,70.7000000000003,6,1218.98761655197,0,0,16.1175457949309,0,0,0
414,70.7000000000003,7,302.879176411285,0,0,0.3,0,0,0
414,70.8000000000003,1,454.865126854213,-5.53024430287178e-11,0,0.105685667501173,5.02338181637676e-09,0,2.72334540497609e-06
414,70.8000000000003,2,469,99.564705882354,0,3.67394039744206e-16,6,0,90
414,70.8000000000003,3,465.330963854083,3.91999999999999,0,7.34788079488412e-17,1.2,0,90
414,70.8000000000003,4,1175,99.7666666666666,0,7.9602041944578e-16,13,0,90
414,70.8000000000003,5,2034,99.3869565217397,0,5.51091059616309e-16,9,0,90
414,70.8000000000003,6,1220.59906175647,0,0,16.1113582949309,0,0,0
414,70.8000000000003,7,302.879176411285,0,0,0.3,0,0,0
414,70.9000000000002,1,454.865126854213,-5.53024430287178e-11,0,0.105685667501173,5.02338181637676e-09,0,2.72334540497609e-06
414,70.9000000000002,2,469,99.564705882354,0,3.67394039744206e-16,6,0,90
414,70.9000000000002,3,465.330963854083,3.91999999999999,0,7.34788079488412e-17,1.2,0,90
414,70.9000000000002,4,1175,99.7666666666666,0,7.9602041944578e-16,13,0,90
414,70.9000000000002,5,2034,99.3869565217397,0,5.51091059616309e-16,9,0,90
414,70.9000000000002,6,1222.20988821096,0,0,16.1051707949309,0,0,0
414,70.9000000000002,7,302.879176411285,0,0,0.3,0,0,0
414,71.0000000000002,1,454.865126854213,-5.53024430287178e-11,0,0.105685667501173,5.02338181637676e-09,0,2.72334540497609e-06
414,71.0000000000002,2,469,99.564705882354,0,3.67394039744206e-16,6,0,90
414,71.0000000000002,3,465.330963854083,3.91999999999999,0,7.34788079488412e-17,1.2,0,90
414,71.0000000000002,4,1175,99.7666666666666,0,7.9602041944578e-16,13,0,90
414,71.0000000000002,5,2034,99.3869565217397,0,5.51091059616309e-16,9,0,90
414,71.0000000000002,6,1223.82009591545,0,0,16.0989832949309,0,0,0
414,71.0000000000002,7,302.879176411285,0,0,0.3,0,0,0
414,71.1000000000002,1,454.865126854213,-5.53024430287178e-11,0,0.105685667501173,5.02338181637676e-09,0,2.72334540497609e-06
414,71.1000000000002,2,469,99.564705882354,0,3.67394039744206e-16,6,0,90
414,71.1000000000002,3,465.330963854083,3.91999999999999,0,7.34788079488412e-17,1.2,0,90
414,71.1000000000002,4,1175,99.7666666666666,0,7.9602041944578e-16,13,0,90
414,71.1000000000002,5,2034,99.3869565217397,0,5.51091059616309e-16,9,0,90
414,71.1000000000002,6,1225.42968486994,0,0,16.0927957949309,0,0,0
414,71.1000000000002,7,302.879176411285,0,0,0.3,0,0,0
414,71.2000000000002,1,454.865126854213,-5.53024430287178e-11,0,0.105685667501173,5.02338181637676e-09,0,2.72334540497609e-06
414,71.2000000000002,2,469,99.564705882354,0,3.67394039744206e-16,6,0,90
414,71.2000000000002,3,465.330963854083,3.91999999999999,0,7.34788079488412e-17,1.2,0,90
414,71.2000000000002,4,1175,99.7666666666666,0,7.9602041944578e-16,13,0,90
414,71.2000000000002,5,2034,99.3869565217397,0,5.51091059616309e-16,9,0,90
414,71.2000000000002,6,1227.03865507444,0,0,16.0866082949309,0,0,0
414,71.2000000000002,7,302.879176411285,0,0,0.3,0,0,0
414,71.3000000000002,1,454.865126854213,-5.53024430287178e-11,0,0.105685667501173,5.02338181637676e-09,0,2.72334540497609e-06
414,71.3000000000002,2,469,99.564705882354,0,3.67394039744206e-16,6,0,90
414,71.3000000000002,3,465.330963854083,3.91999999999999,0,7.34788079488412e-17,1.2,0,90
414,71.3000000000002,4,1175,99.7666666666666,0,7.9602041944578e-16,13,0,90
414,71.3000000000002,5,2034,99.3869565217397,0,5.51091059616309e-16,9,0,90
414,71.3000000000002,6,1228.64700652893,0,0,16.0804207949309,0,0,0
414,71.3000000000002,7,302.879176411285,0,0,0.3,0,0,0
414,71.4000000000002,1,454.865126854213,-5.53024430287178e-11,0,0.105685667501173,5.02338181637676e-09,0,2.72334540497609e-06
414,71.4000000000002,2,469,99.564705882354,0,3.67394039744206e-16,6,0,90
414,71.4000000000002,3,465.330963854083,3.91999999999999,0,7.34788079488412e-17,1.2,0,90
414,71.4000000000002,4,1175,99.7666666666666,0,7.9602041944578e-16,13,0,90
414,71.4000000000002,5,2034,99.3869565217397,0,5.51091059616309e-16,9,0,90
414,71.4000000000002,6,1230.25473923342,0,0,16.0742332949309,0,0,0
414,71.4000000000002,7,302.879176411285,0,0,0.3,0,0,0
414,71.5000000000002,1,454.865126854213,-5.53024430287178e-11,0,0.105685667501173,5.02338181637676e-09,0,2.72334540497609e-06
414,71.5000000000002,2,469,99.564705882354,0,3.67394039744206e-16,6,0,90
414,71.5000000000002,3,465.330963854083,3.91999999999999,0,7.34788079488412e-17,1.2,0,90
414,71.5000000000002,4,1175,99.7666666666666,0,7.9602041944578e-16,13,0,90
414,71.5000000000002,5,2034,99.3869565217397,0,5.51091059616309e-16,9,0,90
414,71.5000000000002,6,1231.86185318792,0,0,16.0680457949309,0,0,0
414,71.5000000000002,7,302.879176411285,0,0,0.3,0,0,0
414,71.6000000000002,1,454.865126854213,-5.53024430287178e-11,0,0.105685667501173,5.02338181637676e-09,0,2.72334540497609e-06
414,71.6000000000002,2,469,99.564705882354,0,3.67394039744206e-16,6,0,90
414,71.6000000000002,3,465.330963854083,3.91999999999999,0,7.34788079488412e-17,1.2,0,90
414,71.6000000000002,4,1175,99.7666666666666,0,7.9602041944578e-16,13,0,90
414,71.6000000000002,5,2034,99.3869565217397,0,5.51091059616309e-16,9,0,90
414,71.6000000000002,6,1233.46834839241,0,0,16.0618582949309,0,0,0
414,71.6000000000002,7,302.879176411285,0,0,0.3,0,0,0
414,71.7000000000002,1,454.865126854213,-5.53024430287178e-11,0,0.105685667501173,5.02338181637676e-09,0,2.72334540497609e-06
414,71.7000000000002,2,469,99.564705882354,0,3.67394039744206e-16,6,0,90
414,71.7000000000002,3,465.330963854083,3.91999999999999,0,7.34788079488412e-17,1.2,0,90
414,71.7000000000002,4,1175,99.7666666666666,0,7.9602041944578e-16,13,0,90
414,71.7000000000002,5,2034,99.3869565217397,0,5.51091059616309e-16,9,0,90
414,71.7000000000002,6,1235.0742248469,0,0,16.0556707949309,0,0,0
414,71.7000000000002,7,302.879176411285,0,0,0.3,0,0,0
414,71.8000000000002,1,454.865126854213,-5.53024430287178e-11,0,0.105685667501173,5.02338181637676e-09,0,2.72334540497609e-06
414,71.8000000000002,2,469,99.564705882354,0,3.67394039744206e-16,6,0,90
414,71.8000000000002,3,465.330963854083,3.91999999999999,0,7.34788079488412e-17,1.2,0,90
414,71.8000000000002,4,1175,99.7666666666666,0,7.9602041944578e-16,13,0,90
414,71.8000000000002,5,2034,99.3869565217397,0,5.51091059616309e-16,9,0,90
414,71.8000000000002,6,1236.6794825514,0,0,16.0494832949309,0,0,0
414,71.8000000000002,7,302.879176411285,0,0,0.3,0,0,0
414,71.9000000000002,1,454.865126854213,-5.53024430287178e-11,0,0.105685667501173,5.02338181637676e-09,0,2.72334540497609e-06
414,71.9000000000002,2,469,99.564705882354,0,3.67394039744206e-16,6,0,90
414,71.9000000000002,3,465.330963854083,3.91999999999999,0,7.34788079488412e-17,1.2,0,90
414,71.9000000000002,4,1175,99.7666666666666,0,7.9602041944578e-16,13,0,90
414,71.9000000000002,5,2034,99.3869565217397,0,5.51091059616309e-16,9,0,90
414,71.9000000000002,6,1238.28412150589,0,0,16.0432957949309,0,0,0
414,71.9000000000002,7,302.879176411285,0,0,0.3,0,0,0
414,72.0000000000002,1,454.865126854213,-5.53024430287178e-11,0,0.105685667501173,5.02338181637676e-09,0,2.72334540497609e-06
414,72.0000000000002,2,469,99.564705882354,0,3.67394039744206e-16,6,0,90
414,72.0000000000002,3,465.330963854083,3.91999999999999,0,7.34788079488412e-17,1.2,0,90
414,72.0000000000002,4,1175,99.7666666666666,0,7.9602041944578e-16,13,0,90
414,72.0000000000002,5,2034,99.3869565217397,0,5.51091059616309e-16,9,0,90
414,72.0000000000002,6,1239.88814171038,0,0,16.0371082949309,0,0,0
414,72.0000000000002,7,302.879176411285,0,0,0.3,0,0,0
414,72.1000000000002,1,454.865126854213,-5.53024430287178e-11,0,0.105685667501173,5.02338181637676e-09,0,2.72334540497609e-06
414,72.1000000000002,2,469,99.564705882354,0,3.67394039744206e-16,6,0,90
414,72.1000000000002,3,465.330963854083,3.91999999999999,0,7.34788079488412e-17,1.2,0,90
414,72.1000000000002,4,1175,99.7666666666666,0,7.9602041944578e-16,13,0,90
414,72.1000000000002,5,2034,99.3869565217397,0,5.51091059616309e-16,9,0,90
414,72.1000000000002,6,1241.49154316487,0,0,16.0309207949309,0,0,0
414,72.1000000000002,7,302.879176411285,0,0,0.3,0,0,0
414,72.2000000000002,1,454.865126854213,-5.53024430287178e-11,0,0.105685667501173,5.02338181637676e-09,0,2.72334540497609e-06
414,72.2000000000002,2,469,99.564705882354,0,3.67394039744206e-16,6,0,90
414,72.2000000000002,3,465.330963854083,3.91999999999999,0,7.34788079488412e-17,1.2,0,90
414,72.2000000000002,4,1175,99.7666666666666,0,7.9602041944578e-16,13,0,90
414,72.2000000000002,5,2034,99.3869565217397,0,5.51091059616309e-16,9,0,90
414,72.2000000000002,6,1243.09432586937,0,0,16.0247332949309,0,0,0
414,72.2000000000002,7,302.879176411285,0,0,0.3,0,0,0
414,72.3000000000002,1,454.865126854213,-5.53024430287178e-11,0,0.105685667501173,5.02338181637676e-09,0,2.72334540497609e-06
414,72.3000000000002,2,469,99.564705882354,0,3.67394039744206e-16,6,0,90
414,72.3000000000002,3,465.330963854083,3.91999999999999,0,7.34788079488412e-17,1.2,0,90
414,72.3000000000002,4,1175,99.7666666666666,0,7.9602041944578e-16,13,0,90
414,72.3000000000002,5,2034,99.3869565217397,0,5.51091059616309e-16,9,0,90
414,72.3000000000002,6,1244.69648982386,0,0,16.0185457949309,0,0,0
414,72.3000000000002,7,302.879176411285,0,0,0.3,0,0,0
414,72.4000000000002,1,454.865126854213,-5.53024430287178e-11,0,0.105685667501173,5.02338181637676e-09,0,2.72334540497609e-06
414,72.4000000000002,2,469,99.564705882354,0,3.67394039744206e-16,6,0,90
414,72.4000000000002,3,465.330963854083,3.91999999999999,0,7.34788079488412e-17,1.2,0,90
414,72.4000000000002,4,1175,99.7666666666666,0,7.9602041944578e-16,13,0,90
414,72.4000000000002,5,2034,99.3869565217397,0,5.51091059616309e-16,9,0,90
414,72.4000000000002,6,1246.29803502835,0,0,16.0123582949309,0,0,0
414,72.4000000000002,7,302.879176411285,0,0,0.3,0,0,0
414,72.5000000000002,1,454.865126854213,-5.53024430287178e-11,0,0.105685667501173,5.02338181637676e-09,0,2.72334540497609e-06
414,72.5000000000002,2,469,99.564705882354,0,3.67394039744206e-16,6,0,90
414,72.5000000000002,3,465.330963854083,3.91999999999999,0,7.34788079488412e-17,1.2,0,90
414,72.5000000000002,4,1175,99.7666666666666,0,7.9602041944578e-16,13,0,90
414,72.5000000000002,5,2034,99.3869565217397,0,5.51091059616309e-16,9,0,90
414,72.5000000000002,6,1247.89896148285,0,0,16.0061707949309,0,0,0
414,72.5000000000002,7,302.879176411285,0,0,0.3,0,0,0
414,72.6000000000002,1,454.865126854213,-5.53024430287178e-11,0,0.105685667501173,5.02338181637676e-09,0,2.72334540497609e-06
414,72.6000000000002,2,469,99.564705882354,0,3.67394039744206e-16,6,0,90
414,72.6000000000002,3,465.330963854083,3.91999999999999,0,7.34788079488412e-17,1.2,0,90
414,72.6000000000002,4,1175,99.7666666666666,0,7.9602041944578e-16,13,0,90
414,72.6000000000002,5,2034,99.3869565217397,0,5.51091059616309e-16,9,0,90
414,72.6000000000002,6,1249.49926918734,0,0,15.9999832949309,0,0,0
414,72.6000000000002,7,302.879176411285,0,0,0.3,0,0,0
414,72.7000000000001,1,454.865126854213,-5.53024430287178e-11,0,0.105685667501173,5.02338181637676e-09,0,2.72334540497609e-06
414,72.7000000000001,2,469,99.564705882354,0,3.67394039744206e-16,6,0,90
414,72.7000000000001,3,465.330963854083,3.91999999999999,0,7.34788079488412e-17,1.2,0,90
414,72.7000000000001,4,1175,99.7666666666666,0,7.9602041944578e-16,13,0,90
414,72.7000000000001,5,2034,99.3869565217397,0,5.51091059616309e-16,9,0,90
414,72.7000000000001,6,1251.09895814183,0,0,15.9937957949309,0,0,0
414,72.7000000000001,7,302.879176411285,0,0,0.3,0,0,0
414,72.8000000000001,1,454.865126854213,-5.53024430287178e-11,0,0.105685667501173,5.02338181637676e-09,0,2.72334540497609e-06
414,72.8000000000001,2,469,99.564705882354,0,3.67394039744206e-16,6,0,90
414,72.8000000000001,3,465.330963854083,3.91999999999999,0,7.34788079488412e-17,1.2,0,90
414,72.8000000000001,4,1175,99.7666666666666,0,7.9602041944578e-16,13,0,90
414,72.8000000000001,5,2034,99.3869565217397,0,5.51091059616309e-16,9,0,90
414,72.8000000000001,6,1252.69802834633,0,0,15.9876082949309,0,0,0
414,72.8000000000001,7,302.879176411285,0,0,0.3,0,0,0
414,72.9000000000001,1,454.865126854213,-5.53024430287178e-11,0,0.105685667501173,5.02338181637676e-09,0,2.72334540497609e-06
414,72.9000000000001,2,469,99.564705882354,0,3.67394039744206e-16,6,0,90
414,72.9000000000001,3,465.330963854083,3.91999999999999,0,7.34788079488412e-17,1.2,0,90
414,72.9000000000001,4,1175,99.7666666666666,0,7.9602041944578e-16,13,0,90
414,72.9000000000001,5,2034,99.3869565217397,0,5.51091059616309e-16,9,0,90
414,72.9000000000001,6,1254.29647980082,0,0,15.9814207949309,0,0,0
414,72.9000000000001,7,302.879176411285,0,0,0.3,0,0,0
414,73.0000000000001,1,454.865126854213,-5.53024430287178e-11,0,0.105685667501173,5.02338181637676e-09,0,2.72334540497609e-06
414,73.0000000000001,2,469,99.564705882354,0,3.67394039744206e-16,6,0,90
414,73.0000000000001,3,465.330963854083,3.91999999999999,0,7.34788079488412e-17,1.2,0,90
414,73.0000000000001,4,1175,99.7666666666666,0,7.9602041944578e-16,13,0,90
414,73.0000000000001,5,2034,99.3869565217397,0,5.51091059616309e-16,9,0,90
414,73.0000000000001,6,1255.89431250531,0,0,15.9752332949309,0,0,0
414,73.0000000000001,7,302.879176411285,0,0,0.3,0,0,0
414,73.1000000000001,1,454.865126854213,-5.53024430287178e-11,0,0.105685667501173,5.02338181637676e-09,0,2.72334540497609e-06
414,73.1000000000001,2,469,99.564705882354,0,3.67394039744206e-16,6,0,90
414,73.1000000000001,3,465.330963854083,3.91999999999999,0,7.34788079488412e-17,1.2,0,90
414,73.1000000000001,4,1175,99.7666666666666,0,7.9602041944578e-16,13,0,90
414,73.1000000000001,5,2034,99.3869565217397,0,5.51091059616309e-16,9,0,90
414,73.1000000000001,6,1257.4915264598,0,0,15.9690457949309,0,0,0
414,73.1000000000001,7,302.879176411285,0,0,0.3,0,0,0
414,73.2000000000001,1,454.865126854213,-5.53024430287178e-11,0,0.105685667501173,5.02338181637676e-09,0,2.72334540497609e-06
414,73.2000000000001,2,469,99.564705882354,0,3.67394039744206e-16,6,0,90
414,73.2000000000001,3,465.330963854083,3.91999999999999,0,7.34788079488412e-17,1.2,0,90
414,73.2000000000001,4,1175,99.7666666666666,0,7.9602041944578e-16,13,0,90
414,73.2000000000001,5,2034,99.3869565217397,0,5.51091059616309e-16,9,0,90
414,73.2000000000001,6,1259.0881216643,0,0,15.9628582949309,0,0,0
414,73.2000000000001,7,302.879176411285,0,0,0.3,0,0,0
414,73.3000000000001,1,454.865126854213,-5.53024430287178e-11,0,0.105685667501173,5.02338181637676e-09,0,2.72334540497609e-06
414,73.3000000000001,2,469,99.564705882354,0,3.67394039744206e-16,6,0,90
414,73.3000000000001,3,465.330963854083,3.91999999999999,0,7.34788079488412e-17,1.2,0,90
414,73.3000000000001,4,1175,99.7666666666666,0,7.9602041944578e-16,13,0,90
414,73.3000000000001,5,2034,99.3869565217397,0,5.51091059616309e-16,9,0,90
414,73.3000000000001,6,1260.68409811879,0,0,15.9566707949309,0,0,0
414,73.3000000000001,7,302.879176411285,0,0,0.3,0,0,0
414,73.4000000000001,1,454.865126854213,-5.53024430287178e-11,0,0.105685667501173,5.02338181637676e-09,0,2.72334540497609e-06
414,73.4000000000001,2,469,99.564705882354,0,3.67394039744206e-16,6,0,90
414,73.4000000000001,3,465.330963854083,3.91999999999999,0,7.34788079488412e-17,1.2,0,90
414,73.4000000000001,4,1175,99.7666666666666,0,7.9602041944578e-16,13,0,90
414,73.4000000000001,5,2034,99.3869565217397,0,5.51091059616309e-16,9,0,90
414,73.4000000000001,6,1262.27945582328,0,0,15.9504832949309,0,0,0
414,73.4000000000001,7,302.879176411285,0,0,0.3,0,0,0
414,73.5000000000001,1,454.865126854213,-5.53024430287178e-11,0,0.105685667501173,5.02338181637676e-09,0,2.72334540497609e-06
414,73.5000000000001,2,469,99.564705882354,0,3.67394039744206e-16,6,0,90
414,73.5000000000001,3,465.330963854083,3.91999999999999,0,7.34788079488412e-17,1.2,0,90
414,73.5000000000001,4,1175,99.7666666666666,0,7.9602041944578e-16,13,0,90
414,73.5000000000001,5,2034,99.3869565217397,0,5.51091059616309e-16,9,0,90
414,73.5000000000001,6,1263.87419477778,0,0,15.9442957949309,0,0,0
414,73.5000000000001,7,302.879176411285,0,0,0.3,0,0,0
414,73.6000000000001,1,454.865126854213,-5.53024430287178e-11,0,0.105685667501173,5.02338181637676e-09,0,2.72334540497609e-06
414,73.6000000000001,2,469,99.564705882354,0,3.67394039744206e-16,6,0,90
414,73.6000000000001,3,465.330963854083,3.91999999999999,0,7.34788079488412e-17,1.2,0,90
414,73.6000000000001,4,1175,99.7666666666666,0,7.9602041944578e-16,13,0,90
414,73.6000000000001,5,2034,99.3869565217397,0,5.51091059616309e-16,9,0,90
414,73.6000000000001,6,1265.46831498227,0,0,15.9381082949309,0,0,0
414,73.6000000000001,7,302.879176411285,0,0,0.3,0,0,0
414,73.7000000000001,1,454.865126854213,-5.53024430287178e-11,0,0.105685667501173,5.02338181637676e-09,0,2.72334540497609e-06
414,73.7000000000001,2,469,99.564705882354,0,3.67394039744206e-16,6,0,90
414,73.7000000000001,3,465.330963854083,3.91999999999999,0,7.34788079488412e-17,1.2,0,90
414,73.7000000000001,4,1175,99.7666666666666,0,7.9602041944578e-16,13,0,90
414,73.7000000000001,5,2034,99.3869565217397,0,5.51091059616309e-16,9,0,90
414,73.7000000000001,6,1267.06181643676,0,0,15.9319207949309,0,0,0
414,73.7000000000001,7,302.879176411285,0,0,0.3,0,0,0
414,73.8000000000001,1,454.865126854213,-5.53024430287178e-11,0,0.105685667501173,5.02338181637676e-09,0,2.72334540497609e-06
414,73.8000000000001,2,469,99.564705882354,0,3.67394039744206e-16,6,0,90
414,73.8000000000001,3,465.330963854083,3.91999999999999,0,7.34788079488412e-17,1.2,0,90
414,73.8000000000001,4,1175,99.7666666666666,0,7.9602041944578e-16,13,0,90
414,73.8000000000001,5,2034,99.3869565217397,0,5.51091059616309e-16,9,0,90
414,73.8000000000001,6,1268.65469914126,0,0,15.9257332949309,0,0,0
414,73.8000000000001,7,302.879176411285,0,0,0.3,0,0,0
414,73.9000000000001,1,454.865126854213,-5.53024430287178e-11,0,0.105685667501173,5.02338181637676e-09,0,2.72334540497609e-06
414,73.9000000000001,2,469,99.564705882354,0,3.67394039744206e-16,6,0,90
414,73.9000000000001,3,465.330963854083,3.91999999999999,0,7.34788079488412e-17,1.2,0,90
414,73.9000000000001,4,1175,99.7666666666666,0,7.9602041944578e-16,13,0,90
414,73.9000000000001,5,2034,99.3869565217397,0,5.51091059616309e-16,9,0,90
414,73.9000000000001,6,1270.24696309575,0,0,15.9195457949309,0,0,0
414,73.9000000000001,7,302.879176411285,0,0,0.3,0,0,0
414,74.0000000000001,1,454.865126854213,-5.53024430287178e-11,0,0.105685667501173,5.02338181637676e-09,0,2.72334540497609e-06
414,74.0000000000001,2,469,99.564705882354,0,3.67394039744206e-16,6,0,90
414,74.0000000000001,3,465.330963854083,3.91999999999999,0,7.34788079488412e-17,1.2,0,90
414,74.0000000000001,4,1175,99.7666666666666,0,7.9602041944578e-16,13,0,90
414,74.0000000000001,5,2034,99.3869565217397,0,5.51091059616309e-16,9,0,90
414,74.0000000000001,6,1271.83860830024,0,0,15.9133582949309,0,0,0
414,74.0000000000001,7,302.879176411285,0,0,0.3,0,0,0
414,74.1000000000001,1,454.865126854213,-5.53024430287178e-11,0,0.105685667501173,5.02338181637676e-09,0,2.72334540497609e-06
414,74.1000000000001,2,469,99.564705882354,0,3.67394039744206e-16,6,0,90
414,74.1000000000001,3,465.330963854083,3.91999999999999,0,7.34788079488412e-17,1.2,0,90
414,74.1000000000001,4,1175,99.7666666666666,0,7.9602041944578e-16,13,0,90
414,74.1000000000001,5,2034,99.3869565217397,0,5.51091059616309e-16,9,0,90
414,74.1000000000001,6,1273.42963475473,0,0,15.9071707949309,0,0,0
414,74.1000000000001,7,302.879176411285,0,0,0.3,0,0,0
414,74.2000000000001,1,454.865126854213,-5.53024430287178e-11,0,0.105685667501173,5.02338181637676e-09,0,2.72334540497609e-06
414,74.2000000000001,2,469,99.564705882354,0,3.67394039744206e-16,6,0,90
414,74.2000000000001,3,465.330963854083,3.91999999999999,0,7.34788079488412e-17,1.2,0,90
414,74.2000000000001,4,1175,99.7666666666666,0,7.9602041944578e-16,13,0,90
414,74.2000000000001,5,2034,99.3869565217397,0,5.51091059616309e-16,9,0,90
414,74.2000000000001,6,1275.02004245923,0,0,15.9009832949309,0,0,0
414,74.2000000000001,7,302.879176411285,0,0,0.3,0,0,0
414,74.3000000000001,1,454.865126854213,-5.53024430287178e-11,0,0.105685667501173,5.02338181637676e-09,0,2.72334540497609e-06
414,74.3000000000001,2,469,99.564705882354,0,3.67394039744206e-16,6,0,90
414,74.3000000000001,3,465.330963854083,3.91999999999999,0,7.34788079488412e-17,1.2,0,90
414,74.3000000000001,4,1175,99.7666666666666,0,7.9602041944578e-16,13,0,90
414,74.3000000000001,5,2034,99.3869565217397,0,5.51091059616309e-16,9,0,90
414,74.3000000000001,6,1276.60983141372,0,0,15.8947957949309,0,0,0
414,74.3000000000001,7,302.879176411285,0,0,0.3,0,0,0
414,74.4,1,454.865126854213,-5.53024430287178e-11,0,0.105685667501173,5.02338181637676e-09,0,2.72334540497609e-06
414,74.4,2,469,99.564705882354,0,3.67394039744206e-16,6,0,90
414,74.4,3,465.330963854083,3.91999999999999,0,7.34788079488412e-17,1.2,0,90
414,74.4,4,1175,99.7666666666666,0,7.9602041944578e-16,13,0,90
414,74.4,5,2034,99.3869565217397,0,5.51091059616309e-16,9,0,90
414,74.4,6,1278.19900161821,0,0,15.8886082949309,0,0,0
414,74.4,7,302.879176411285,0,0,0.3,0,0,0
414,74.5,1,454.865126854213,-5.53024430287178e-11,0,0.105685667501173,5.02338181637676e-09,0,2.72334540497609e-06
414,74.5,2,469,99.564705882354,0,3.67394039744206e-16,6,0,90
414,74.5,3,465.330963854083,3.91999999999999,0,7.34788079488412e-17,1.2,0,90
414,74.5,4,1175,99.7666666666666,0,7.9602041944578e-16,13,0,90
414,74.5,5,2034,99.3869565217397,0,5.51091059616309e-16,9,0,90
414,74.5,6,1279.78755307271,0,0,15.8824207949309,0,0,0
414,74.5,7,302.879176411285,0,0,0.3,0,0,0
414,74.6,1,454.865126854213,-5.53024430287178e-11,0,0.105685667501173,5.02338181637676e-09,0,2.72334540497609e-06
414,74.6,2,469,99.564705882354,0,3.67394039744206e-16,6,0,90
414,74.6,3,465.330963854083,3.91999999999999,0,7.34788079488412e-17,1.2,0,90
414,74.6,4,1175,99.7666666666666,0,7.9602041944578e-16,13,0,90
414,74.6,5,2034,99.3869565217397,0,5.51091059616309e-16,9,0,90
414,74.6,6,1281.3754857772,0,0,15.8762332949309,0,0,0
414,74.6,7,302.879176411285,0,0,0.3,0,0,0
414,74.7,1,454.865126854213,-5.53024430287178e-11,0,0.105685667501173,5.02338181637676e-09,0,2.72334540497609e-06
414,74.7,2,469,99.564705882354,0,3.67394039744206e-16,6,0,90
414,74.7,3,465.330963854083,3.91999999999999,0,7.34788079488412e-17,1.2,0,90
414,74.7,4,1175,99.7666666666666,0,7.9602041944578e-16,13,0,90
414,74.7,5,2034,99.3869565217397,0,5.51091059616309e-16,9,0,90
414,74.7,6,1282.96279973169,0,0,15.8700457949309,0,0,0
414,74.7,7,302.879176411285,0,0,0.3,0,0,0
414,74.8,1,454.865126854213,-5.53024430287178e-11,0,0.105685667501173,5.02338181637676e-09,0,2.72334540497609e-06
414,74.8,2,469,99.564705882354,0,3.67394039744206e-16,6,0,90
414,74.8,3,465.330963854083,3.91999999999999,0,7.34788079488412e-17,1.2,0,90
414,74.8,4,1175,99.7666666666666,0,7.9602041944578e-16,13,0,90
414,74.8,5,2034,99.3869565217397,0,5.51091059616309e-16,9,0,90
414,74.8,6,1284.54949493619,0,0,15.8638582949309,0,0,0
414,74.8,7,302.879176411285,0,0,0.3,0,0,0
414,74.9,1,454.865126854213,-5.53024430287178e-11,0,0.105685667501173,5.02338181637676e-09,0,2.72334540497609e-06
414,74.9,2,469,99.564705882354,0,3.67394039744206e-16,6,0,90
414,74.9,3,465.330963854083,3.91999999999999,0,7.34788079488412e-17,1.2,0,90
414,74.9,4,1175,99.7666666666666,0,7.9602041944578e-16,13,0,90
414,74.9,5,2034,99.3869565217397,0,5.51091059616309e-16,9,0,90
414,74.9,6,1286.13557139068,0,0,15.8576707949309,0,0,0
414,74.9,7,302.879176411285,0,0,0.3,0,0,0
414,75,1,454.865126854213,-5.53024430287178e-11,0,0.105685667501173,5.02338181637676e-09,0,2.72334540497609e-06
414,75,2,469,99.564705882354,0,3.67394039744206e-16,6,0,90
414,75,3,465.330963854083,3.91999999999999,0,7.34788079488412e-17,1.2,0,90
414,75,4,1175,99.7666666666666,0,7.9602041944578e-16,13,0,90
414,75,5,2034,99.3869565217397,0,5.51091059616309e-16,9,0,90
414,75,6,1287.72102909517,0,0,15.8514832949309,0,0,0
414,75,7,302.879176411285,0,0,0.3,0,0,0
414,75.1,1,454.865126854213,-5.53024430287178e-11,0,0.105685667501173,5.02338181637676e-09,0,2.72334540497609e-06
414,75.1,2,469,99.564705882354,0,3.67394039744206e-16,6,0,90
414,75.1,3,465.330963854083,3.91999999999999,0,7.34788079488412e-17,1.2,0,90
414,75.1,4,1175,99.7666666666666,0,7.9602041944578e-16,13,0,90
414,75.1,5,2034,99.3869565217397,0,5.51091059616309e-16,9,0,90
414,75.1,6,1289.30586804966,0,0,15.8452957949309,0,0,0
414,75.1,7,302.879176411285,0,0,0.3,0,0,0
414,75.2,1,454.865126854213,-5.53024430287178e-11,0,0.105685667501173,5.02338181637676e-09,0,2.72334540497609e-06
414,75.2,2,469,99.564705882354,0,3.67394039744206e-16,6,0,90
414,75.2,3,465.330963854083,3.91999999999999,0,7.34788079488412e-17,1.2,0,90
414,75.2,4,1175,99.7666666666666,0,7.9602041944578e-16,13,0,90
414,75.2,5,2034,99.3869565217397,0,5.51091059616309e-16,9,0,90
414,75.2,6,1290.89008825416,0,0,15.8391082949309,0,0,0
414,75.2,7,302.879176411285,0,0,0.3,0,0,0
414,75.3,1,454.865126854213,-5.53024430287178e-11,0,0.105685667501173,5.02338181637676e-09,0,2.72334540497609e-06
414,75.3,2,469,99.564705882354,0,3.67394039744206e-16,6,0,90
414,75.3,3,465.330963854083,3.91999999999999,0,7.34788079488412e-17,1.2,0,90
414,75.3,4,1175,99.7666666666666,0,7.9602041944578e-16,13,0,90
414,75.3,5,2034,99.3869565217397,0,5.51091059616309e-16,9,0,90
414,75.3,6,1292.47368970865,0,0,15.8329207949309,0,0,0
414,75.3,7,302.879176411285,0,0,0.3,0,0,0
414,75.4,1,454.865126854213,-5.53024430287178e-11,0,0.105685667501173,5.02338181637676e-09,0,2.72334540497609e-06
414,75.4,2,469,99.564705882354,0,3.67394039744206e-16,6,0,90
414,75.4,3,465.330963854083,3.91999999999999,0,7.34788079488412e-17,1.2,0,90
414,75.4,4,1175,99.7666666666666,0,7.9602041944578e-16,13,0,90
414,75.4,5,2034,99.3869565217397,0,5.51091059616309e-16,9,0,90
414,75.4,6,1294.05667241314,0,0,15.8267332949309,0,0,0
414,75.4,7,302.879176411285,0,0,0.3,0,0,0
414,75.5,1,454.865126854213,-5.53024430287178e-11,0,0.105685667501173,5.02338181637676e-09,0,2.72334540497609e-06
414,75.5,2,469,99.564705882354,0,3.67394039744206e-16,6,0,90
414,75.5,3,465.330963854083,3.91999999999999,0,7.34788079488412e-17,1.2,0,90
414,75.5,4,1175,99.7666666666666,0,7.9602041944578e-16,13,0,90
414,75.5,5,2034,99.3869565217397,0,5.51091059616309e-16,9,0,90
414,75.5,6,1295.63903636764,0,0,15.8205457949309,0,0,0
414,75.5,7,302.879176411285,0,0,0.3,0,0,0
414,75.6,1,454.865126854213,-5.53024430287178e-11,0,0.105685667501173,5.02338181637676e-09,0,2.72334540497609e-06
414,75.6,2,469,99.564705882354,0,3.67394039744206e-16,6,0,90
414,75.6,3,465.330963854083,3.91999999999999,0,7.34788079488412e-17,1.2,0,90
414,75.6,4,1175,99.7666666666666,0,7.9602041944578e-16,13,0,90
414,75.6,5,2034,99.3869565217397,0,5.51091059616309e-16,9,0,90
414,75.6,6,1297.22078157213,0,0,15.8143582949309,0,0,0
414,75.6,7,302.879176411285,0,0,0.3,0,0,0
414,75.7,1,454.865126854213,-5.53024430287178e-11,0,0.105685667501173,5.02338181637676e-09,0,2.72334540497609e-06
414,75.7,2,469,99.564705882354,0,3.67394039744206e-16,6,0,90
414,75.7,3,465.330963854083,3.91999999999999,0,7.34788079488412e-17,1.2,0,90
414,75.7,4,1175,99.7666666666666,0,7.9602041944578e-16,13,0,90
414,75.7,5,2034,99.3869565217397,0,5.51091059616309e-16,9,0,90
414,75.7,6,1298.80190802662,0,0,15.8081707949309,0,0,0
414,75.7,7,302.879176411285,0,0,0.3,0,0,0
414,75.8,1,454.865126854213,-5.53024430287178e-11,0,0.105685667501173,5.02338181637676e-09,0,2.72334540497609e-06
414,75.8,2,469,99.564705882354,0,3.67394039744206e-16,6,0,90
414,75.8,3,465.330963854083,3.91999999999999,0,7.34788079488412e-17,1.2,0,90
414,75.8,4,1175,99.7666666666666,0,7.9602041944578e-16,13,0,90
414,75.8,5,2034,99.3869565217397,0,5.51091059616309e-16,9,0,90
414,75.8,6,1300.38241573112,0,0,15.8019832949309,0,0,0
414,75.8,7,302.879176411285,0,0,0.3,0,0,0
414,75.9,1,454.865126854213,-5.53024430287178e-11,0,0.105685667501173,5.02338181637676e-09,0,2.72334540497609e-06
414,75.9,2,469,99.564705882354,0,3.67394039744206e-16,6,0,90
414,75.9,3,465.330963854083,3.91999999999999,0,7.34788079488412e-17,1.2,0,90
414,75.9,4,1175,99.7666666666666,0,7.9602041944578e-16,13,0,90
414,75.9,5,2034,99.3869565217397,0,5.51091059616309e-16,9,0,90
414,75.9,6,1301.96230468561,0,0,15.7957957949309,0,0,0
414,75.9,7,302.879176411285,0,0,0.3,0,0,0
414,76,1,454.865126854213,-5.53024430287178e-11,0,0.105685667501173,5.02338181637676e-09,0,2.72334540497609e-06
414,76,2,469,99.564705882354,0,3.67394039744206e-16,6,0,90
414,76,3,465.330963854083,3.91999999999999,0,7.34788079488412e-17,1.2,0,90
414,76,4,1175,99.7666666666666,0,7.9602041944578e-16,13,0,90
414,76,5,2034,99.3869565217397,0,5.51091059616309e-16,9,0,90
414,76,6,1303.5415748901,0,0,15.7896082949309,0,0,0
414,76,7,302.879176411285,0,0,0.3,0,0,0
414,76.1,1,454.865126854213,-5.53024430287178e-11,0,0.105685667501173,5.02338181637676e-09,0,2.72334540497609e-06
414,76.1,2,469,99.564705882354,0,3.67394039744206e-16,6,0,90
414,76.1,3,465.330963854083,3.91999999999999,0,7.34788079488412e-17,1.2,0,90
414,76.1,4,1175,99.7666666666666,0,7.9602041944578e-16,13,0,90
414,76.1,5,2034,99.3869565217397,0,5.51091059616309e-16,9,0,90
414,76.1,6,1305.12022634459,0,0,15.7834207949309,0,0,0
414,76.1,7,302.879176411285,0,0,0.3,0,0,0
414,76.1999999999999,1,454.865126854213,-5.53024430287178e-11,0,0.105685667501173,5.02338181637676e-09,0,2.72334540497609e-06
414,76.1999999999999,2,469,99.564705882354,0,3.67394039744206e-16,6,0,90
414,76.1999999999999,3,465.330963854083,3.91999999999999,0,7.34788079488412e-17,1.2,0,90
414,76.1999999999999,4,1175,99.7666666666666,0,7.9602041944578e-16,13,0,90
414,76.1999999999999,5,2034,99.3869565217397,0,5.51091059616309e-16,9,0,90
414,76.1999999999999,6,1306.69825904909,0,0,15.7772332949309,0,0,0
414,76.1999999999999,7,302.879176411285,0,0,0.3,0,0,0
414,76.2999999999999,1,454.865126854213,-5.53024430287178e-11,0,0.105685667501173,5.02338181637676e-09,0,2.72334540497609e-06
414,76.2999999999999,2,469,99.564705882354,0,3.67394039744206e-16,6,0,90
414,76.2999999999999,3,465.330963854083,3.91999999999999,0,7.34788079488412e-17,1.2,0,90
414,76.2999999999999,4,1175,99.7666666666666,0,7.9602041944578e-16,13,0,90
414,76.2999999999999,5,2034,99.3869565217397,0,5.51091059616309e-16,9,0,90
414,76.2999999999999,6,1308.27567300358,0,0,15.7710457949309,0,0,0
414,76.2999999999999,7,302.879176411285,0,0,0.3,0,0,0
414,76.3999999999999,1,454.865126854213,-5.53024430287178e-11,0,0.105685667501173,5.02338181637676e-09,0,2.72334540497609e-06
414,76.3999999999999,2,469,99.564705882354,0,3.67394039744206e-16,6,0,90
414,76.3999999999999,3,465.330963854083,3.91999999999999,0,7.34788079488412e-17,1.2,0,90
414,76.3999999999999,4,1175,99.7666666666666,0,7.9602041944578e-16,13,0,90
414,76.3999999999999,5,2034,99.3869565217397,0,5.51091059616309e-16,9,0,90
414,76.3999999999999,6,1309.85246820807,0,0,15.7648582949309,0,0,0
414,76.3999999999999,7,302.879176411285,0,0,0.3,0,0,0
414,76.4999999999999,1,454.865126854213,-5.53024430287178e-11,0,0.105685667501173,5.02338181637676e-09,0,2.72334540497609e-06
414,76.4999999999999,2,469,99.564705882354,0,3.67394039744206e-16,6,0,90
414,76.4999999999999,3,465.330963854083,3.91999999999999,0,7.34788079488412e-17,1.2,0,90
414,76.4999999999999,4,1175,99.7666666666666,0,7.9602041944578e-16,13,0,90
414,76.4999999999999,5,2034,99.3869565217397,0,5.51091059616309e-16,9,0,90
414,76.4999999999999,6,1311.42864466257,0,0,15.7586707949309,0,0,0
414,76.4999999999999,7,302.879176411285,0,0,0.3,0,0,0
414,76.5999999999999,1,454.865126854213,-5.53024430287178e-11,0,0.105685667501173,5.02338181637676e-09,0,2.72334540497609e-06
414,76.5999999999999,2,469,99.564705882354,0,3.67394039744206e-16,6,0,90
414,76.5999999999999,3,465.330963854083,3.91999999999999,0,7.34788079488412e-17,1.2,0,90
414,76.5999999999999,4,1175,99.7666666666666,0,7.9602041944578e-16,13,0,90
414,76.5999999999999,5,2034,99.3869565217397,0,5.51091059616309e-16,9,0,90
414,76.5999999999999,6,1313.00420236706,0,0,15.7524832949309,0,0,0
414,76.5999999999999,7,302.879176411285,0,0,0.3,0,0,0
414,76.6999999999999,1,454.865126854213,-5.53024430287178e-11,0,0.105685667501173,5.02338181637676e-09,0,2.72334540497609e-06
414,76.6999999999999,2,469,99.564705882354,0,3.67394039744206e-16,6,0,90
414,76.6999999999999,3,465.330963854083,3.91999999999999,0,7.34788079488412e-17,1.2,0,90
414,76.6999999999999,4,1175,99.7666666666666,0,7.9602041944578e-16,13,0,90
414,76.6999999999999,5,2034,99.3869565217397,0,5.51091059616309e-16,9,0,90
414,76.6999999999999,6,1314.57914132155,0,0,15.7462957949309,0,0,0
414,76.6999999999999,7,302.879176411285,0,0,0.3,0,0,0
414,76.7999999999999,1,454.865126854213,-5.53024430287178e-11,0,0.105685667501173,5.02338181637676e-09,0,2.72334540497609e-06
414,76.7999999999999,2,469,99.564705882354,0,3.67394039744206e-16,6,0,90
414,76.7999999999999,3,465.330963854083,3.91999999999999,0,7.34788079488412e-17,1.2,0,90
414,76.7999999999999,4,1175,99.7666666666666,0,7.9602041944578e-16,13,0,90
414,76.7999999999999,5,2034,99.3869565217397,0,5.51091059616309e-16,9,0,90
414,76.7999999999999,6,1316.15346152605,0,0,15.7401082949309,0,0,0
414,76.7999999999999,7,302.879176411285,0,0,0.3,0,0,0
414,76.8999999999999,1,454.865126854213,-5.53024430287178e-11,0,0.105685667501173,5.02338181637676e-09,0,2.72334540497609e-06
414,76.8999999999999,2,469,99.564705882354,0,3.67394039744206e-16,6,0,90
414,76.8999999999999,3,465.330963854083,3.91999999999999,0,7.34788079488412e-17,1.2,0,90
414,76.8999999999999,4,1175,99.7666666666666,0,7.9602041944578e-16,13,0,90
414,76.8999999999999,5,2034,99.3869565217397,0,5.51091059616309e-16,9,0,90
414,76.8999999999999,6,1317.72716298054,0,0,15.7339207949309,0,0,0
414,76.8999999999999,7,302.879176411285,0,0,0.3,0,0,0
414,76.9999999999999,1,454.865126854213,-5.53024430287178e-11,0,0.105685667501173,5.02338181637676e-09,0,2.72334540497609e-06
414,76.9999999999999,2,469,99.564705882354,0,3.67394039744206e-16,6,0,90
414,76.9999999999999,3,465.330963854083,3.91999999999999,0,7.34788079488412e-17,1.2,0,90
414,76.9999999999999,4,1175,99.7666666666666,0,7.9602041944578e-16,13,0,90
414,76.9999999999999,5,2034,99.3869565217397,0,5.51091059616309e-16,9,0,90
414,76.9999999999999,6,1319.30024568503,0,0,15.7277332949309,0,0,0
414,76.9999999999999,7,302.879176411285,0,0,0.3,0,0,0
414,77.0999999999999,1,454.865126854213,-5.53024430287178e-11,0,0.105685667501173,5.02338181637676e-09,0,2.72334540497609e-06
414,77.0999999999999,2,469,99.564705882354,0,3.67394039744206e-16,6,0,90
414,77.0999999999999,3,465.330963854083,3.91999999999999,0,7.34788079488412e-17,1.2,0,90
414,77.0999999999999,4,1175,99.7666666666666,0,7.9602041944578e-16,13,0,90
414,77.0999999999999,5,2034,99.3869565217397,0,5.51091059616309e-16,9,0,90
414,77.0999999999999,6,1320.87270963952,0,0,15.7215457949309,0,0,0
414,77.0999999999999,7,302.879176411285,0,0,0.3,0,0,0
414,77.1999999999999,1,454.865126854213,-5.53024430287178e-11,0,0.105685667501173,5.02338181637676e-09,0,2.72334540497609e-06
414,77.1999999999999,2,469,99.564705882354,0,3.67394039744206e-16,6,0,90
414,77.1999999999999,3,465.330963854083,3.91999999999999,0,7.34788079488412e-17,1.2,0,90
414,77.1999999999999,4,1175,99.7666666666666,0,7.9602041944578e-16,13,0,90
414,77.1999999999999,5,2034,99.3869565217397,0,5.51091059616309e-16,9,0,90
414,77.1999999999999,6,1322.44455484402,0,0,15.7153582949309,0,0,0
414,77.1999999999999,7,302.879176411285,0,0,0.3,0,0,0
414,77.2999999999999,1,454.865126854213,-5.53024430287178e-11,0,0.105685667501173,5.02338181637676e-09,0,2.72334540497609e-06
414,77.2999999999999,2,469,99.564705882354,0,3.67394039744206e-16,6,0,90
414,77.2999999999999,3,465.330963854083,3.91999999999999,0,7.34788079488412e-17,1.2,0,90
414,77.2999999999999,4,1175,99.7666666666666,0,7.9602041944578e-16,13,0,90
414,77.2999999999999,5,2034,99.3869565217397,0,5.51091059616309e-16,9,0,90
414,77.2999999999999,6,1324.01578129851,0,0,15.7091707949309,0,0,0
414,77.2999999999999,7,302.879176411285,0,0,0.3,0,0,0
414,77.3999999999999,1,454.865126854213,-5.53024430287178e-11,0,0.105685667501173,5.02338181637676e-09,0,2.72334540497609e-06
414,77.3999999999999,2,469,99.564705882354,0,3.67394039744206e-16,6,0,90
414,77.3999999999999,3,465.330963854083,3.91999999999999,0,7.34788079488412e-17,1.2,0,90
414,77.3999999999999,4,1175,99.7666666666666,0,7.9602041944578e-16,13,0,90
414,77.3999999999999,5,2034,99.3869565217397,0,5.51091059616309e-16,9,0,90
414,77.3999999999999,6,1325.586389003,0,0,15.7029832949309,0,0,0
414,77.3999999999999,7,302.879176411285,0,0,0.3,0,0,0
414,77.4999999999999,1,454.865126854213,-5.53024430287178e-11,0,0.105685667501173,5.02338181637676e-09,0,2.72334540497609e-06
414,77.4999999999999,2,469,99.564705882354,0,3.67394039744206e-16,6,0,90
414,77.4999999999999,3,465.330963854083,3.91999999999999,0,7.34788079488412e-17,1.2,0,90
414,77.4999999999999,4,1175,99.7666666666666,0,7.9602041944578e-16,13,0,90
414,77.4999999999999,5,2034,99.3869565217397,0,5.51091059616309e-16,9,0,90
414,77.4999999999999,6,1327.1563779575,0,0,15.6967957949309,0,0,0
414,77.4999999999999,7,302.879176411285,0,0,0.3,0,0,0
414,77.5999999999999,1,454.865126854213,-5.53024430287178e-11,0,0.105685667501173,5.02338181637676e-09,0,2.72334540497609e-06
414,77.5999999999999,2,469,99.564705882354,0,3.67394039744206e-16,6,0,90
414,77.5999999999999,3,465.330963854083,3.91999999999999,0,7.34788079488412e-17,1.2,0,90
414,77.5999999999999,4,1175,99.7666666666666,0,7.9602041944578e-16,13,0,90
414,77.5999999999999,5,2034,99.3869565217397,0,5.51091059616309e-16,9,0,90
414,77.5999999999999,6,1328.72574816199,0,0,15.6906082949309,0,0,0
414,77.5999999999999,7,302.879176411285,0,0,0.3,0,0,0
414,77.6999999999999,1,454.865126854213,-5.53024430287178e-11,0,0.105685667501173,5.02338181637676e-09,0,2.72334540497609e-06
414,77.6999999999999,2,469,99.564705882354,0,3.67394039744206e-16,6,0,90
414,77.6999999999999,3,465.330963854083,3.91999999999999,0,7.34788079488412e-17,1.2,0,90
414,77.6999999999999,4,1175,99.7666666666666,0,7.9602041944578e-16,13,0,90
414,77.6999999999999,5,2034,99.3869565217397,0,5.51091059616309e-16,9,0,90
414,77.6999999999999,6,1330.29449961648,0,0,15.6844207949309,0,0,0
414,77.6999999999999,7,302.879176411285,0,0,0.3,0,0,0
414,77.7999999999999,1,454.865126854213,-5.53024430287178e-11,0,0.105685667501173,5.02338181637676e-09,0,2.72334540497609e-06
414,77.7999999999999,2,469,99.564705882354,0,3.67394039744206e-16,6,0,90
414,77.7999999999999,3,465.330963854083,3.91999999999999,0,7.34788079488412e-17,1.2,0,90
414,77.7999999999999,4,1175,99.7666666666666,0,7.9602041944578e-16,13,0,90
414,77.7999999999999,5,2034,99.3869565217397,0,5.51091059616309e-16,9,0,90
414,77.7999999999999,6,1331.86263232098,0,0,15.6782332949309,0,0,0
414,77.7999999999999,7,302.879176411285,0,0,0.3,0,0,0
414,77.8999999999998,1,454.865126854213,-5.53024430287178e-11,0,0.105685667501173,5.02338181637676e-09,0,2.72334540497609e-06
414,77.8999999999998,2,469,99.564705882354,0,3.67394039744206e-16,6,0,90
414,77.8999999999998,3,465.330963854083,3.91999999999999,0,7.34788079488412e-17,1.2,0,90
414,77.8999999999998,4,1175,99.7666666666666,0,7.9602041944578e-16,13,0,90
414,77.8999999999998,5,2034,99.3869565217397,0,5.51091059616309e-16,9,0,90
414,77.8999999999998,6,1333.43014627547,0,0,15.6720457949309,0,0,0
414,77.8999999999998,7,302.879176411285,0,0,0.3,0,0,0
414,77.9999999999998,1,454.865126854213,-5.53024430287178e-11,0,0.105685667501173,5.02338181637676e-09,0,2.72334540497609e-06
414,77.9999999999998,2,469,99.564705882354,0,3.67394039744206e-16,6,0,90
414,77.9999999999998,3,465.330963854083,3.91999999999999,0,7.34788079488412e-17,1.2,0,90
414,77.9999999999998,4,1175,99.7666666666666,0,7.9602041944578e-16,13,0,90
414,77.9999999999998,5,2034,99.3869565217397,0,5.51091059616309e-16,9,0,90
414,77.9999999999998,6,1334.99704147996,0,0,15.6658582949309,0,0,0
414,77.9999999999998,7,302.879176411285,0,0,0.3,0,0,0
414,78.0999999999998,1,454.865126854213,-5.53024430287178e-11,0,0.105685667501173,5.02338181637676e-09,0,2.72334540497609e-06
414,78.0999999999998,2,469,99.564705882354,0,3.67394039744206e-16,6,0,90
414,78.0999999999998,3,465.330963854083,3.91999999999999,0,7.34788079488412e-17,1.2,0,90
414,78.0999999999998,4,1175,99.7666666666666,0,7.9602041944578e-16,13,0,90
414,78.0999999999998,5,2034,99.3869565217397,0,5.51091059616309e-16,9,0,90
414,78.0999999999998,6,1336.56331793445,0,0,15.6596707949309,0,0,0
414,78.0999999999998,7,302.879176411285,0,0,0.3,0,0,0
414,78.1999999999998,1,454.865126854213,-5.53024430287178e-11,0,0.105685667501173,5.02338181637676e-09,0,2.72334540497609e-06
414,78.1999999999998,2,469,99.564705882354,0,3.67394039744206e-16,6,0,90
414,78.1999999999998,3,465.330963854083,3.91999999999999,0,7.34788079488412e-17,1.2,0,90
414,78.1999999999998,4,1175,99.7666666666666,0,7.9602041944578e-16,13,0,90
414,78.1999999999998,5,2034,99.3869565217397,0,5.51091059616309e-16,9,0,90
414,78.1999999999998,6,1338.12897563895,0,0,15.6534832949309,0,0,0
414,78.1999999999998,7,302.879176411285,0,0,0.3,0,0,0
414,78.2999999999998,1,454.865126854213,-5.53024430287178e-11,0,0.105685667501173,5.02338181637676e-09,0,2.72334540497609e-06
414,78.2999999999998,2,469,99.564705882354,0,3.67394039744206e-16,6,0,90
414,78.2999999999998,3,465.330963854083,3.91999999999999,0,7.34788079488412e-17,1.2,0,90
414,78.2999999999998,4,1175,99.7666666666666,0,7.9602041944578e-16,13,0,90
414,78.2999999999998,5,2034,99.3869565217397,0,5.51091059616309e-16,9,0,90
414,78.2999999999998,6,1339.69401459344,0,0,15.6472957949309,0,0,0
414,78.2999999999998,7,302.879176411285,0,0,0.3,0,0,0
414,78.3999999999998,1,454.865126854213,-5.53024430287178e-11,0,0.105685667501173,5.02338181637676e-09,0,2.72334540497609e-06
414,78.3999999999998,2,469,99.564705882354,0,3.67394039744206e-16,6,0,90
414,78.3999999999998,3,465.330963854083,3.91999999999999,0,7.34788079488412e-17,1.2,0,90
414,78.3999999999998,4,1175,99.7666666666666,0,7.9602041944578e-16,13,0,90
414,78.3999999999998,5,2034,99.3869565217397,0,5.51091059616309e-16,9,0,90
414,78.3999999999998,6,1341.25843479793,0,0,15.6411082949309,0,0,0
414,78.3999999999998,7,302.879176411285,0,0,0.3,0,0,0
414,78.4999999999998,1,454.865126854213,-5.53024430287178e-11,0,0.105685667501173,5.02338181637676e-09,0,2.72334540497609e-06
414,78.4999999999998,2,469,99.564705882354,0,3.67394039744206e-16,6,0,90
414,78.4999999999998,3,465.330963854083,3.91999999999999,0,7.34788079488412e-17,1.2,0,90
414,78.4999999999998,4,1175,99.7666666666666,0,7.9602041944578e-16,13,0,90
414,78.4999999999998,5,2034,99.3869565217397,0,5.51091059616309e-16,9,0,90
414,78.4999999999998,6,1342.82223625243,0,0,15.6349207949309,0,0,0
414,78.4999999999998,7,302.879176411285,0,0,0.3,0,0,0
414,78.5999999999998,1,454.865126854213,-5.53024430287178e-11,0,0.105685667501173,5.02338181637676e-09,0,2.72334540497609e-06
414,78.5999999999998,2,469,99.564705882354,0,3.67394039744206e-16,6,0,90
414,78.5999999999998,3,465.330963854083,3.91999999999999,0,7.34788079488412e-17,1.2,0,90
414,78.5999999999998,4,1175,99.7666666666666,0,7.9602041944578e-16,13,0,90
414,78.5999999999998,5,2034,99.3869565217397,0,5.51091059616309e-16,9,0,90
414,78.5999999999998,6,1344.38541895692,0,0,15.6287332949309,0,0,0
414,78.5999999999998,7,302.879176411285,0,0,0.3,0,0,0
414,78.6999999999998,1,454.865126854213,-5.53024430287178e-11,0,0.105685667501173,5.02338181637676e-09,0,2.72334540497609e-06
414,78.6999999999998,2,469,99.564705882354,0,3.67394039744206e-16,6,0,90
414,78.6999999999998,3,465.330963854083,3.91999999999999,0,7.34788079488412e-17,1.2,0,90
414,78.6999999999998,4,1175,99.7666666666666,0,7.9602041944578e-16,13,0,90
414,78.6999999999998,5,2034,99.3869565217397,0,5.51091059616309e-16,9,0,90
414,78.6999999999998,6,1345.94798291141,0,0,15.6225457949309,0,0,0
414,78.6999999999998,7,302.879176411285,0,0,0.3,0,0,0
414,78.7999999999998,1,454.865126854213,-5.53024430287178e-11,0,0.105685667501173,5.02338181637676e-09,0,2.72334540497609e-06
414,78.7999999999998,2,469,99.564705882354,0,3.67394039744206e-16,6,0,90
414,78.7999999999998,3,465.330963854083,3.91999999999999,0,7.34788079488412e-17,1.2,0,90
414,78.7999999999998,4,1175,99.7666666666666,0,7.9602041944578e-16,13,0,90
414,78.7999999999998,5,2034,99.3869565217397,0,5.51091059616309e-16,9,0,90
414,78.7999999999998,6,1347.50992811591,0,0,15.6163582949309,0,0,0
414,78.7999999999998,7,302.879176411285,0,0,0.3,0,0,0
414,78.8999999999998,1,454.865126854213,-5.53024430287178e-11,0,0.105685667501173,5.02338181637676e-09,0,2.72334540497609e-06
414,78.8999999999998,2,469,99.564705882354,0,3.67394039744206e-16,6,0,90
414,78.8999999999998,3,465.330963854083,3.91999999999999,0,7.34788079488412e-17,1.2,0,90
414,78.8999999999998,4,1175,99.7666666666666,0,7.9602041944578e-16,13,0,90
414,78.8999999999998,5,2034,99.3869565217397,0,5.51091059616309e-16,9,0,90
414,78.8999999999998,6,1349.0712545704,0,0,15.6101707949309,0,0,0
414,78.8999999999998,7,302.879176411285,0,0,0.3,0,0,0
414,78.9999999999998,1,454.865126854213,-5.53024430287178e-11,0,0.105685667501173,5.02338181637676e-09,0,2.72334540497609e-06
414,78.9999999999998,2,469,99.564705882354,0,3.67394039744206e-16,6,0,90
414,78.9999999999998,3,465.330963854083,3.91999999999999,0,7.34788079488412e-17,1.2,0,90
414,78.9999999999998,4,1175,99.7666666666666,0,7.9602041944578e-16,13,0,90
414,78.9999999999998,5,2034,99.3869565217397,0,5.51091059616309e-16,9,0,90
414,78.9999999999998,6,1350.63196227489,0,0,15.6039832949309,0,0,0
414,78.9999999999998,7,302.879176411285,0,0,0.3,0,0,0
414,79.0999999999998,1,454.865126854213,-5.53024430287178e-11,0,0.105685667501173,5.02338181637676e-09,0,2.72334540497609e-06
414,79.0999999999998,2,469,99.564705882354,0,3.67394039744206e-16,6,0,90
414,79.0999999999998,3,465.330963854083,3.91999999999999,0,7.34788079488412e-17,1.2,0,90
414,79.0999999999998,4,1175,99.7666666666666,0,7.9602041944578e-16,13,0,90
414,79.0999999999998,5,2034,99.3869565217397,0,5.51091059616309e-16,9,0,90
414,79.0999999999998,6,1352.19205122938,0,0,15.5977957949309,0,0,0
414,79.0999999999998,7,302.879176411285,0,0,0.3,0,0,0
414,79.1999999999998,1,454.865126854213,-5.53024430287178e-11,0,0.105685667501173,5.02338181637676e-09,0,2.72334540497609e-06
414,79.1999999999998,2,469,99.564705882354,0,3.67394039744206e-16,6,0,90
414,79.1999999999998,3,465.330963854083,3.91999999999999,0,7.34788079488412e-17,1.2,0,90
414,79.1999999999998,4,1175,99.7666666666666,0,7.9602041944578e-16,13,0,90
414,79.1999999999998,5,2034,99.3869565217397,0,5.51091059616309e-16,9,0,90
414,79.1999999999998,6,1353.75152143388,0,0,15.5916082949309,0,0,0
414,79.1999999999998,7,302.879176411285,0,0,0.3,0,0,0
414,79.2999999999998,1,454.865126854213,-5.53024430287178e-11,0,0.105685667501173,5.02338181637676e-09,0,2.72334540497609e-06
414,79.2999999999998,2,469,99.564705882354,0,3.67394039744206e-16,6,0,90
414,79.2999999999998,3,465.330963854083,3.91999999999999,0,7.34788079488412e-17,1.2,0,90
414,79.2999999999998,4,1175,99.7666666666666,0,7.9602041944578e-16,13,0,90
414,79.2999999999998,5,2034,99.3869565217397,0,5.51091059616309e-16,9,0,90
414,79.2999999999998,6,1355.31037288837,0,0,15.5854207949309,0,0,0
414,79.2999999999998,7,302.879176411285,0,0,0.3,0,0,0
414,79.3999999999998,1,454.865126854213,-5.53024430287178e-11,0,0.105685667501173,5.02338181637676e-09,0,2.72334540497609e-06
414,79.3999999999998,2,469,99.564705882354,0,3.67394039744206e-16,6,0,90
414,79.3999999999998,3,465.330963854083,3.91999999999999,0,7.34788079488412e-17,1.2,0,90
414,79.3999999999998,4,1175,99.7666666666666,0,7.9602041944578e-16,13,0,90
414,79.3999999999998,5,2034,99.3869565217397,0,5.51091059616309e-16,9,0,90
414,79.3999999999998,6,1356.86860559286,0,0,15.5792332949309,0,0,0
414,79.3999999999998,7,302.879176411285,0,0,0.3,0,0,0
414,79.4999999999998,1,454.865126854213,-5.53024430287178e-11,0,0.105685667501173,5.02338181637676e-09,0,2.72334540497609e-06
414,79.4999999999998,2,469,99.564705882354,0,3.67394039744206e-16,6,0,90
414,79.4999999999998,3,465.330963854083,3.91999999999999,0,7.34788079488412e-17,1.2,0,90
414,79.4999999999998,4,1175,99.7666666666666,0,7.9602041944578e-16,13,0,90
414,79.4999999999998,5,2034,99.3869565217397,0,5.51091059616309e-16,9,0,90
414,79.4999999999998,6,1358.42621954736,0,0,15.5730457949309,0,0,0
414,79.4999999999998,7,302.879176411285,0,0,0.3,0,0,0
414,79.5999999999998,1,454.865126854213,-5.53024430287178e-11,0,0.105685667501173,5.02338181637676e-09,0,2.72334540497609e-06
414,79.5999999999998,2,469,99.564705882354,0,3.67394039744206e-16,6,0,90
414,79.5999999999998,3,465.330963854083,3.91999999999999,0,7.34788079488412e-17,1.2,0,90
414,79.5999999999998,4,1175,99.7666666666666,0,7.9602041944578e-16,13,0,90
414,79.5999999999998,5,2034,99.3869565217397,0,5.51091059616309e-16,9,0,90
414,79.5999999999998,6,1359.98321475185,0,0,15.5668582949309,0,0,0
414,79.5999999999998,7,302.879176411285,0,0,0.3,0,0,0
414,79.6999999999997,1,454.865126854213,-5.53024430287178e-11,0,0.105685667501173,5.02338181637676e-09,0,2.72334540497609e-06
414,79.6999999999997,2,469,99.564705882354,0,3.67394039744206e-16,6,0,90
414,79.6999999999997,3,465.330963854083,3.91999999999999,0,7.34788079488412e-17,1.2,0,90
414,79.6999999999997,4,1175,99.7666666666666,0,7.9602041944578e-16,13,0,90
414,79.6999999999997,5,2034,99.3869565217397,0,5.51091059616309e-16,9,0,90
414,79.6999999999997,6,1361.53959120634,0,0,15.5606707949309,0,0,0
414,79.6999999999997,7,302.879176411285,0,0,0.3,0,0,0
414,79.7999999999997,1,454.865126854213,-5.53024430287178e-11,0,0.105685667501173,5.02338181637676e-09,0,2.72334540497609e-06
414,79.7999999999997,2,469,99.564705882354,0,3.67394039744206e-16,6,0,90
414,79.7999999999997,3,465.330963854083,3.91999999999999,0,7.34788079488412e-17,1.2,0,90
414,79.7999999999997,4,1175,99.7666666666666,0,7.9602041944578e-16,13,0,90
414,79.7999999999997,5,2034,99.3869565217397,0,5.51091059616309e-16,9,0,90
414,79.7999999999997,6,1363.09534891084,0,0,15.5544832949309,0,0,0
414,79.7999999999997,7,302.879176411285,0,0,0.3,0,0,0
414,79.8999999999997,1,454.865126854213,-5.53024430287178e-11,0,0.105685667501173,5.02338181637676e-09,0,2.72334540497609e-06
414,79.8999999999997,2,469,99.564705882354,0,3.67394039744206e-16,6,0,90
414,79.8999999999997,3,465.330963854083,3.91999999999999,0,7.34788079488412e-17,1.2,0,90
414,79.8999999999997,4,1175,99.7666666666666,0,7.9602041944578e-16,13,0,90
414,79.8999999999997,5,2034,99.3869565217397,0,5.51091059616309e-16,9,0,90
414,79.8999999999997,6,1364.65048786533,0,0,15.5482957949309,0,0,0
414,79.8999999999997,7,302.879176411285,0,0,0.3,0,0,0
414,79.9999999999997,1,454.865126854213,-5.53024430287178e-11,0,0.105685667501173,5.02338181637676e-09,0,2.72334540497609e-06
414,79.9999999999997,2,469,99.564705882354,0,3.67394039744206e-16,6,0,90
414,79.9999999999997,3,465.330963854083,3.91999999999999,0,7.34788079488412e-17,1.2,0,90
414,79.9999999999997,4,1175,99.7666666666666,0,7.9602041944578e-16,13,0,90
414,79.9999999999997,5,2034,99.3869565217397,0,5.51091059616309e-16,9,0,90
414,79.9999999999997,6,1366.20500806982,0,0,15.5421082949309,0,0,0
414,79.9999999999997,7,302.879176411285,0,0,0.3,0,0,0
414,80.0999999999997,1,454.865126854213,-5.53024430287178e-11,0,0.105685667501173,5.02338181637676e-09,0,2.72334540497609e-06
414,80.0999999999997,2,469,99.564705882354,0,3.67394039744206e-16,6,0,90
414,80.0999999999997,3,465.330963854083,3.91999999999999,0,7.34788079488412e-17,1.2,0,90
414,80.0999999999997,4,1175,99.7666666666666,0,7.9602041944578e-16,13,0,90
414,80.0999999999997,5,2034,99.3869565217397,0,5.51091059616309e-16,9,0,90
414,80.0999999999997,6,1367.75890952431,0,0,15.5359207949309,0,0,0
414,80.0999999999997,7,302.879176411285,0,0,0.3,0,0,0
414,80.1999999999997,1,454.865126854213,-5.53024430287178e-11,0,0.105685667501173,5.02338181637676e-09,0,2.72334540497609e-06
414,80.1999999999997,2,469,99.564705882354,0,3.67394039744206e-16,6,0,90
414,80.1999999999997,3,465.330963854083,3.91999999999999,0,7.34788079488412e-17,1.2,0,90
414,80.1999999999997,4,1175,99.7666666666666,0,7.9602041944578e-16,13,0,90
414,80.1999999999997,5,2034,99.3869565217397,0,5.51091059616309e-16,9,0,90
414,80.1999999999997,6,1369.31219222881,0,0,15.5297332949309,0,0,0
414,80.1999999999997,7,302.879176411285,0,0,0.3,0,0,0
414,80.2999999999997,1,454.865126854213,-5.53024430287178e-11,0,0.105685667501173,5.02338181637676e-09,0,2.72334540497609e-06
414,80.2999999999997,2,469,99.564705882354,0,3.67394039744206e-16,6,0,90
414,80.2999999999997,3,465.330963854083,3.91999999999999,0,7.34788079488412e-17,1.2,0,90
414,80.2999999999997,4,1175,99.7666666666666,0,7.9602041944578e-16,13,0,90
414,80.2999999999997,5,2034,99.3869565217397,0,5.51091059616309e-16,9,0,90
414,80.2999999999997,6,1370.8648561833,0,0,15.5235457949309,0,0,0
414,80.2999999999997,7,302.879176411285,0,0,0.3,0,0,0
414,80.3999999999997,1,454.865126854213,-5.53024430287178e-11,0,0.105685667501173,5.02338181637676e-09,0,2.72334540497609e-06
414,80.3999999999997,2,469,99.564705882354,0,3.67394039744206e-16,6,0,90
414,80.3999999999997,3,465.330963854083,3.91999999999999,0,7.34788079488412e-17,1.2,0,90
414,80.3999999999997,4,1175,99.7666666666666,0,7.9602041944578e-16,13,0,90
414,80.3999999999997,5,2034,99.3869565217397,0,5.51091059616309e-16,9,0,90
414,80.3999999999997,6,1372.41690138779,0,0,15.5173582949309,0,0,0
414,80.3999999999997,7,302.879176411285,0,0,0.3,0,0,0
414,80.4999999999997,1,454.865126854213,-5.53024430287178e-11,0,0.105685667501173,5.02338181637676e-09,0,2.72334540497609e-06
414,80.4999999999997,2,469,99.564705882354,0,3.67394039744206e-16,6,0,90
414,80.4999999999997,3,465.330963854083,3.91999999999999,0,7.34788079488412e-17,1.2,0,90
414,80.4999999999997,4,1175,99.7666666666666,0,7.9602041944578e-16,13,0,90
414,80.4999999999997,5,2034,99.3869565217397,0,5.51091059616309e-16,9,0,90
414,80.4999999999997,6,1373.96832784229,0,0,15.5111707949309,0,0,0
414,80.4999999999997,7,302.879176411285,0,0,0.3,0,0,0
414,80.5999999999997,1,454.865126854213,-5.53024430287178e-11,0,0.105685667501173,5.02338181637676e-09,0,2.72334540497609e-06
414,80.5999999999997,2,469,99.564705882354,0,3.67394039744206e-16,6,0,90
414,80.5999999999997,3,465.330963854083,3.91999999999999,0,7.34788079488412e-17,1.2,0,90
414,80.5999999999997,4,1175,99.7666666666666,0,7.9602041944578e-16,13,0,90
414,80.5999999999997,5,2034,99.3869565217397,0,5.51091059616309e-16,9,0,90
414,80.5999999999997,6,1375.51913554678,0,0,15.5049832949309,0,0,0
414,80.5999999999997,7,302.879176411285,0,0,0.3,0,0,0
414,80.6999999999997,1,454.865126854213,-5.53024430287178e-11,0,0.105685667501173,5.02338181637676e-09,0,2.72334540497609e-06
414,80.6999999999997,2,469,99.564705882354,0,3.67394039744206e-16,6,0,90
414,80.6999999999997,3,465.330963854083,3.91999999999999,0,7.34788079488412e-17,1.2,0,90
414,80.6999999999997,4,1175,99.7666666666666,0,7.9602041944578e-16,13,0,90
414,80.6999999999997,5,2034,99.3869565217397,0,5.51091059616309e-16,9,0,90
414,80.6999999999997,6,1377.06932450127,0,0,15.4987957949309,0,0,0
414,80.6999999999997,7,302.879176411285,0,0,0.3,0,0,0
414,80.7999999999997,1,454.865126854213,-5.53024430287178e-11,0,0.105685667501173,5.02338181637676e-09,0,2.72334540497609e-06
414,80.7999999999997,2,469,99.564705882354,0,3.67394039744206e-16,6,0,90
414,80.7999999999997,3,465.330963854083,3.91999999999999,0,7.34788079488412e-17,1.2,0,90
414,80.7999999999997,4,1175,99.7666666666666,0,7.9602041944578e-16,13,0,90
414,80.7999999999997,5,2034,99.3869565217397,0,5.51091059616309e-16,9,0,90
414,80.7999999999997,6,1378.61889470576,0,0,15.4926082949309,0,0,0
414,80.7999999999997,7,302.879176411285,0,0,0.3,0,0,0
414,80.8999999999997,1,454.865126854213,-5.53024430287178e-11,0,0.105685667501173,5.02338181637676e-09,0,2.72334540497609e-06
414,80.8999999999997,2,469,99.564705882354,0,3.67394039744206e-16,6,0,90
414,80.8999999999997,3,465.330963854083,3.91999999999999,0,7.34788079488412e-17,1.2,0,90
414,80.8999999999997,4,1175,99.7666666666666,0,7.9602041944578e-16,13,0,90
414,80.8999999999997,5,2034,99.3869565217397,0,5.51091059616309e-16,9,0,90
414,80.8999999999997,6,1380.16784616026,0,0,15.4864207949309,0,0,0
414,80.8999999999997,7,302.879176411285,0,0,0.3,0,0,0
414,80.9999999999997,1,454.865126854213,-5.53024430287178e-11,0,0.105685667501173,5.02338181637676e-09,0,2.72334540497609e-06
414,80.9999999999997,2,469,99.564705882354,0,3.67394039744206e-16,6,0,90
414,80.9999999999997,3,465.330963854083,3.91999999999999,0,7.34788079488412e-17,1.2,0,90
414,80.9999999999997,4,1175,99.7666666666666,0,7.9602041944578e-16,13,0,90
414,80.9999999999997,5,2034,99.3869565217397,0,5.51091059616309e-16,9,0,90
414,80.9999999999997,6,1381.71617886475,0,0,15.4802332949309,0,0,0
414,80.9999999999997,7,302.879176411285,0,0,0.3,0,0,0
414,81.0999999999997,1,454.865126854213,-5.53024430287178e-11,0,0.105685667501173,5.02338181637676e-09,0,2.72334540497609e-06
414,81.0999999999997,2,469,99.564705882354,0,3.67394039744206e-16,6,0,90
414,81.0999999999997,3,465.330963854083,3.91999999999999,0,7.34788079488412e-17,1.2,0,90
414,81.0999999999997,4,1175,99.7666666666666,0,7.9602041944578e-16,13,0,90
414,81.0999999999997,5,2034,99.3869565217397,0,5.51091059616309e-16,9,0,90
414,81.0999999999997,6,1383.26389281924,0,0,15.4740457949309,0,0,0
414,81.0999999999997,7,302.879176411285,0,0,0.3,0,0,0
414,81.1999999999997,1,454.865126854213,-5.53024430287178e-11,0,0.105685667501173,5.02338181637676e-09,0,2.72334540497609e-06
414,81.1999999999997,2,469,99.564705882354,0,3.67394039744206e-16,6,0,90
414,81.1999999999997,3,465.330963854083,3.91999999999999,0,7.34788079488412e-17,1.2,0,90
414,81.1999999999997,4,1175,99.7666666666666,0,7.9602041944578e-16,13,0,90
414,81.1999999999997,5,2034,99.3869565217397,0,5.51091059616309e-16,9,0,90
414,81.1999999999997,6,1384.81098802374,0,0,15.4678582949309,0,0,0
414,81.1999999999997,7,302.879176411285,0,0,0.3,0,0,0
414,81.2999999999997,1,454.865126854213,-5.53024430287178e-11,0,0.105685667501173,5.02338181637676e-09,0,2.72334540497609e-06
414,81.2999999999997,2,469,99.564705882354,0,3.67394039744206e-16,6,0,90
414,81.2999999999997,3,465.330963854083,3.91999999999999,0,7.34788079488412e-17,1.2,0,90
414,81.2999999999997,4,1175,99.7666666666666,0,7.9602041944578e-16,13,0,90
414,81.2999999999997,5,2034,99.3869565217397,0,5.51091059616309e-16,9,0,90
414,81.2999999999997,6,1386.35746447823,0,0,15.4616707949309,0,0,0
414,81.2999999999997,7,302.879176411285,0,0,0.3,0,0,0
414,81.3999999999997,1,454.865126854213,-5.53024430287178e-11,0,0.105685667501173,5.02338181637676e-09,0,2.72334540497609e-06
414,81.3999999999997,2,469,99.564705882354,0,3.67394039744206e-16,6,0,90
414,81.3999999999997,3,465.330963854083,3.91999999999999,0,7.34788079488412e-17,1.2,0,90
414,81.3999999999997,4,1175,99.7666666666666,0,7.9602041944578e-16,13,0,90
414,81.3999999999997,5,2034,99.3869565217397,0,5.51091059616309e-16,9,0,90
414,81.3999999999997,6,1387.90332218272,0,0,15.4554832949309,0,0,0
414,81.3999999999997,7,302.879176411285,0,0,0.3,0,0,0
414,81.4999999999996,1,454.865126854213,-5.53024430287178e-11,0,0.105685667501173,5.02338181637676e-09,0,2.72334540497609e-06
414,81.4999999999996,2,469,99.564705882354,0,3.67394039744206e-16,6,0,90
414,81.4999999999996,3,465.330963854083,3.91999999999999,0,7.34788079488412e-17,1.2,0,90
414,81.4999999999996,4,1175,99.7666666666666,0,7.9602041944578e-16,13,0,90
414,81.4999999999996,5,2034,99.3869565217397,0,5.51091059616309e-16,9,0,90
414,81.4999999999996,6,1389.44856113722,0,0,15.4492957949309,0,0,0
414,81.4999999999996,7,302.879176411285,0,0,0.3,0,0,0
414,81.5999999999996,1,454.865126854213,-5.53024430287178e-11,0,0.105685667501173,5.02338181637676e-09,0,2.72334540497609e-06
414,81.5999999999996,2,469,99.564705882354,0,3.67394039744206e-16,6,0,90
414,81.5999999999996,3,465.330963854083,3.91999999999999,0,7.34788079488412e-17,1.2,0,90
414,81.5999999999996,4,1175,99.7666666666666,0,7.9602041944578e-16,13,0,90
414,81.5999999999996,5,2034,99.3869565217397,0,5.51091059616309e-16,9,0,90
414,81.5999999999996,6,1390.99318134171,0,0,15.4431082949309,0,0,0
414,81.5999999999996,7,302.879176411285,0,0,0.3,0,0,0
414,81.6999999999996,1,454.865126854213,-5.53024430287178e-11,0,0.105685667501173,5.02338181637676e-09,0,2.72334540497609e-06
414,81.6999999999996,2,469,99.564705882354,0,3.67394039744206e-16,6,0,90
414,81.6999999999996,3,465.330963854083,3.91999999999999,0,7.34788079488412e-17,1.2,0,90
414,81.6999999999996,4,1175,99.7666666666666,0,7.9602041944578e-16,13,0,90
414,81.6999999999996,5,2034,99.3869565217397,0,5.51091059616309e-16,9,0,90
414,81.6999999999996,6,1392.5371827962,0,0,15.4369207949309,0,0,0
414,81.6999999999996,7,302.879176411285,0,0,0.3,0,0,0
414,81.7999999999996,1,454.865126854213,-5.53024430287178e-11,0,0.105685667501173,5.02338181637676e-09,0,2.72334540497609e-06
414,81.7999999999996,2,469,99.564705882354,0,3.67394039744206e-16,6,0,90
414,81.7999999999996,3,465.330963854083,3.91999999999999,0,7.34788079488412e-17,1.2,0,90
414,81.7999999999996,4,1175,99.7666666666666,0,7.9602041944578e-16,13,0,90
414,81.7999999999996,5,2034,99.3869565217397,0,5.51091059616309e-16,9,0,90
414,81.7999999999996,6,1394.0805655007,0,0,15.4307332949309,0,0,0
414,81.7999999999996,7,302.879176411285,0,0,0.3,0,0,0
414,81.8999999999996,1,454.865126854213,-5.53024430287178e-11,0,0.105685667501173,5.02338181637676e-09,0,2.72334540497609e-06
414,81.8999999999996,2,469,99.564705882354,0,3.67394039744206e-16,6,0,90
414,81.8999999999996,3,465.330963854083,3.91999999999999,0,7.34788079488412e-17,1.2,0,90
414,81.8999999999996,4,1175,99.7666666666666,0,7.9602041944578e-16,13,0,90
414,81.8999999999996,5,2034,99.3869565217397,0,5.51091059616309e-16,9,0,90
414,81.8999999999996,6,1395.62332945519,0,0,15.4245457949309,0,0,0
414,81.8999999999996,7,302.879176411285,0,0,0.3,0,0,0
414,81.9999999999996,1,454.865126854213,-5.53024430287178e-11,0,0.105685667501173,5.02338181637676e-09,0,2.72334540497609e-06
414,81.9999999999996,2,469,99.564705882354,0,3.67394039744206e-16,6,0,90
414,81.9999999999996,3,465.330963854083,3.91999999999999,0,7.34788079488412e-17,1.2,0,90
414,81.9999999999996,4,1175,99.7666666666666,0,7.9602041944578e-16,13,0,90
414,81.9999999999996,5,2034,99.3869565217397,0,5.51091059616309e-16,9,0,90
414,81.9999999999996,6,1397.16547465968,0,0,15.4183582949309,0,0,0
414,81.9999999999996,7,302.879176411285,0,0,0.3,0,0,0
414,82.0999999999996,1,454.865126854213,-5.53024430287178e-11,0,0.105685667501173,5.02338181637676e-09,0,2.72334540497609e-06
414,82.0999999999996,2,469,99.564705882354,0,3.67394039744206e-16,6,0,90
414,82.0999999999996,3,465.330963854083,3.91999999999999,0,7.34788079488412e-17,1.2,0,90
414,82.0999999999996,4,1175,99.7666666666666,0,7.9602041944578e-16,13,0,90
414,82.0999999999996,5,2034,99.3869565217397,0,5.51091059616309e-16,9,0,90
414,82.0999999999996,6,1398.70700111417,0,0,15.4121707949309,0,0,0
414,82.0999999999996,7,302.879176411285,0,0,0.3,0,0,0
414,82.1999999999996,1,454.865126854213,-5.53024430287178e-11,0,0.105685667501173,5.02338181637676e-09,0,2.72334540497609e-06
414,82.1999999999996,2,469,99.564705882354,0,3.67394039744206e-16,6,0,90
414,82.1999999999996,3,465.330963854083,3.91999999999999,0,7.34788079488412e-17,1.2,0,90
414,82.1999999999996,4,1175,99.7666666666666,0,7.9602041944578e-16,13,0,90
414,82.1999999999996,5,2034,99.3869565217397,0,5.51091059616309e-16,9,0,90
414,82.1999999999996,6,1400.24790881867,0,0,15.4059832949309,0,0,0
414,82.1999999999996,7,302.879176411285,0,0,0.3,0,0,0
414,82.2999999999996,1,454.865126854213,-5.53024430287178e-11,0,0.105685667501173,5.02338181637676e-09,0,2.72334540497609e-06
414,82.2999999999996,2,469,99.564705882354,0,3.67394039744206e-16,6,0,90
414,82.2999999999996,3,465.330963854083,3.91999999999999,0,7.34788079488412e-17,1.2,0,90
414,82.2999999999996,4,1175,99.7666666666666,0,7.9602041944578e-16,13,0,90
414,82.2999999999996,5,2034,99.3869565217397,0,5.51091059616309e-16,9,0,90
414,82.2999999999996,6,1401.78819777316,0,0,15.3997957949309,0,0,0
414,82.2999999999996,7,302.879176411285,0,0,0.3,0,0,0
414,82.3999999999996,1,454.865126854213,-5.53024430287178e-11,0,0.105685667501173,5.02338181637676e-09,0,2.72334540497609e-06
414,82.3999999999996,2,469,99.564705882354,0,3.67394039744206e-16,6,0,90
414,82.3999999999996,3,465.330963854083,3.91999999999999,0,7.34788079488412e-17,1.2,0,90
414,82.3999999999996,4,1175,99.7666666666666,0,7.9602041944578e-16,13,0,90
414,82.3999999999996,5,2034,99.3869565217397,0,5.51091059616309e-16,9,0,90
414,82.3999999999996,6,1403.32786797765,0,0,15.3936082949309,0,0,0
414,82.3999999999996,7,302.879176411285,0,0,0.3,0,0,0
414,82.4999999999996,1,454.865126854213,-5.53024430287178e-11,0,0.105685667501173,5.02338181637676e-09,0,2.72334540497609e-06
414,82.4999999999996,2,469,99.564705882354,0,3.67394039744206e-16,6,0,90
414,82.4999999999996,3,465.330963854083,3.91999999999999,0,7.34788079488412e-17,1.2,0,90
414,82.4999999999996,4,1175,99.7666666666666,0,7.9602041944578e-16,13,0,90
414,82.4999999999996,5,2034,99.3869565217397,0,5.51091059616309e-16,9,0,90
414,82.4999999999996,6,1404.86691943215,0,0,15.3874207949309,0,0,0
414,82.4999999999996,7,302.879176411285,0,0,0.3,0,0,0
414,82.5999999999996,1,454.865126854213,-5.53024430287178e-11,0,0.105685667501173,5.02338181637676e-09,0,2.72334540497609e-06
414,82.5999999999996,2,469,99.564705882354,0,3.67394039744206e-16,6,0,90
414,82.5999999999996,3,465.330963854083,3.91999999999999,0,7.34788079488412e-17,1.2,0,90
414,82.5999999999996,4,1175,99.7666666666666,0,7.9602041944578e-16,13,0,90
414,82.5999999999996,5,2034,99.3869565217397,0,5.51091059616309e-16,9,0,90
414,82.5999999999996,6,1406.40535213664,0,0,15.3812332949309,0,0,0
414,82.5999999999996,7,302.879176411285,0,0,0.3,0,0,0
414,82.6999999999996,1,454.865126854213,-5.53024430287178e-11,0,0.105685667501173,5.02338181637676e-09,0,2.72334540497609e-06
414,82.6999999999996,2,469,99.564705882354,0,3.67394039744206e-16,6,0,90
414,82.6999999999996,3,465.330963854083,3.91999999999999,0,7.34788079488412e-17,1.2,0,90
414,82.6999999999996,4,1175,99.7666666666666,0,7.9602041944578e-16,13,0,90
414,82.6999999999996,5,2034,99.3869565217397,0,5.51091059616309e-16,9,0,90
414,82.6999999999996,6,1407.94316609113,0,0,15.3750457949309,0,0,0
414,82.6999999999996,7,302.879176411285,0,0,0.3,0,0,0
414,82.7999999999996,1,454.865126854213,-5.53024430287178e-11,0,0.105685667501173,5.02338181637676e-09,0,2.72334540497609e-06
414,82.7999999999996,2,469,99.564705882354,0,3.67394039744206e-16,6,0,90
414,82.7999999999996,3,465.330963854083,3.91999999999999,0,7.34788079488412e-17,1.2,0,90
414,82.7999999999996,4,1175,99.7666666666666,0,7.9602041944578e-16,13,0,90
414,82.7999999999996,5,2034,99.3869565217397,0,5.51091059616309e-16,9,0,90
414,82.7999999999996,6,1409.48036129563,0,0,15.3688582949309,0,0,0
414,82.7999999999996,7,302.879176411285,0,0,0.3,0,0,0
414,82.8999999999996,1,454.865126854213,-5.53024430287178e-11,0,0.105685667501173,5.02338181637676e-09,0,2.72334540497609e-06
414,82.8999999999996,2,469,99.564705882354,0,3.67394039744206e-16,6,0,90
414,82.8999999999996,3,465.330963854083,3.91999999999999,0,7.34788079488412e-17,1.2,0,90
414,82.8999999999996,4,1175,99.7666666666666,0,7.9602041944578e-16,13,0,90
414,82.8999999999996,5,2034,99.3869565217397,0,5.51091059616309e-16,9,0,90
414,82.8999999999996,6,1411.01693775012,0,0,15.3626707949309,0,0,0
414,82.8999999999996,7,302.879176411285,0,0,0.3,0,0,0
414,82.9999999999996,1,454.865126854213,-5.53024430287178e-11,0,0.105685667501173,5.02338181637676e-09,0,2.72334540497609e-06
414,82.9999999999996,2,469,99.564705882354,0,3.67394039744206e-16,6,0,90
414,82.9999999999996,3,465.330963854083,3.91999999999999,0,7.34788079488412e-17,1.2,0,90
414,82.9999999999996,4,1175,99.7666666666666,0,7.9602041944578e-16,13,0,90
414,82.9999999999996,5,2034,99.3869565217397,0,5.51091059616309e-16,9,0,90
414,82.9999999999996,6,1412.55289545461,0,0,15.3564832949309,0,0,0
414,82.9999999999996,7,302.879176411285,0,0,0.3,0,0,0
414,83.0999999999996,1,454.865126854213,-5.53024430287178e-11,0,0.105685667501173,5.02338181637676e-09,0,2.72334540497609e-06
414,83.0999999999996,2,469,99.564705882354,0,3.67394039744206e-16,6,0,90
414,83.0999999999996,3,465.330963854083,3.91999999999999,0,7.34788079488412e-17,1.2,0,90
414,83.0999999999996,4,1175,99.7666666666666,0,7.9602041944578e-16,13,0,90
414,83.0999999999996,5,2034,99.3869565217397,0,5.51091059616309e-16,9,0,90
414,83.0999999999996,6,1414.0882344091,0,0,15.3502957949309,0,0,0
414,83.0999999999996,7,302.879176411285,0,0,0.3,0,0,0
414,83.1999999999995,1,454.865126854213,-5.53024430287178e-11,0,0.105685667501173,5.02338181637676e-09,0,2.72334540497609e-06
414,83.1999999999995,2,469,99.564705882354,0,3.67394039744206e-16,6,0,90
414,83.1999999999995,3,465.330963854083,3.91999999999999,0,7.34788079488412e-17,1.2,0,90
414,83.1999999999995,4,1175,99.7666666666666,0,7.9602041944578e-16,13,0,90
414,83.1999999999995,5,2034,99.3869565217397,0,5.51091059616309e-16,9,0,90
414,83.1999999999995,6,1415.6229546136,0,0,15.3441082949309,0,0,0
414,83.1999999999995,7,302.879176411285,0,0,0.3,0,0,0
414,83.2999999999995,1,454.865126854213,-5.53024430287178e-11,0,0.105685667501173,5.02338181637676e-09,0,2.72334540497609e-06
414,83.2999999999995,2,469,99.564705882354,0,3.67394039744206e-16,6,0,90
414,83.2999999999995,3,465.330963854083,3.91999999999999,0,7.34788079488412e-17,1.2,0,90
414,83.2999999999995,4,1175,99.7666666666666,0,7.9602041944578e-16,13,0,90
414,83.2999999999995,5,2034,99.3869565217397,0,5.51091059616309e-16,9,0,90
414,83.2999999999995,6,1417.15705606809,0,0,15.3379207949309,0,0,0
414,83.2999999999995,7,302.879176411285,0,0,0.3,0,0,0
414,83.3999999999995,1,454.865126854213,-5.53024430287178e-11,0,0.105685667501173,5.02338181637676e-09,0,2.72334540497609e-06
414,83.3999999999995,2,469,99.564705882354,0,3.67394039744206e-16,6,0,90
414,83.3999999999995,3,465.330963854083,3.91999999999999,0,7.34788079488412e-17,1.2,0,90
414,83.3999999999995,4,1175,99.7666666666666,0,7.9602041944578e-16,13,0,90
414,83.3999999999995,5,2034,99.3869565217397,0,5.51091059616309e-16,9,0,90
414,83.3999999999995,6,1418.69053877258,0,0,15.3317332949309,0,0,0
414,83.3999999999995,7,302.879176411285,0,0,0.3,0,0,0
414,83.4999999999995,1,454.865126854213,-5.53024430287178e-11,0,0.105685667501173,5.02338181637676e-09,0,2.72334540497609e-06
414,83.4999999999995,2,469,99.564705882354,0,3.67394039744206e-16,6,0,90
414,83.4999999999995,3,465.330963854083,3.91999999999999,0,7.34788079488412e-17,1.2,0,90
414,83.4999999999995,4,1175,99.7666666666666,0,7.9602041944578e-16,13,0,90
414,83.4999999999995,5,2034,99.3869565217397,0,5.51091059616309e-16,9,0,90
414,83.4999999999995,6,1420.22340272708,0,0,15.3255457949309,0,0,0
414,83.4999999999995,7,302.879176411285,0,0,0.3,0,0,0
414,83.5999999999995,1,454.865126854213,-5.53024430287178e-11,0,0.105685667501173,5.02338181637676e-09,0,2.72334540497609e-06
414,83.5999999999995,2,469,99.564705882354,0,3.67394039744206e-16,6,0,90
414,83.5999999999995,3,465.330963854083,3.91999999999999,0,7.34788079488412e-17,1.2,0,90
414,83.5999999999995,4,1175,99.7666666666666,0,7.9602041944578e-16,13,0,90
414,83.5999999999995,5,2034,99.3869565217397,0,5.51091059616309e-16,9,0,90
414,83.5999999999995,6,1421.75564793157,0,0,15.3193582949309,0,0,0
414,83.5999999999995,7,302.879176411285,0,0,0.3,0,0,0
414,83.6999999999995,1,454.865126854213,-5.53024430287178e-11,0,0.105685667501173,5.02338181637676e-09,0,2.72334540497609e-06
414,83.6999999999995,2,469,99.564705882354,0,3.67394039744206e-16,6,0,90
414,83.6999999999995,3,465.330963854083,3.91999999999999,0,7.34788079488412e-17,1.2,0,90
414,83.6999999999995,4,1175,99.7666666666666,0,7.9602041944578e-16,13,0,90
414,83.6999999999995,5,2034,99.3869565217397,0,5.51091059616309e-16,9,0,90
414,83.6999999999995,6,1423.28727438606,0,0,15.3131707949309,0,0,0
414,83.6999999999995,7,302.879176411285,0,0,0.3,0,0,0
414,83.7999999999995,1,454.865126854213,-5.53024430287178e-11,0,0.105685667501173,5.02338181637676e-09,0,2.72334540497609e-06
414,83.7999999999995,2,469,99.564705882354,0,3.67394039744206e-16,6,0,90
414,83.7999999999995,3,465.330963854083,3.91999999999999,0,7.34788079488412e-17,1.2,0,90
414,83.7999999999995,4,1175,99.7666666666666,0,7.9602041944578e-16,13,0,90
414,83.7999999999995,5,2034,99.3869565217397,0,5.51091059616309e-16,9,0,90
414,83.7999999999995,6,1424.81828209056,0,0,15.3069832949309,0,0,0
414,83.7999999999995,7,302.879176411285,0,0,0.3,0,0,0
414,83.8999999999995,1,454.865126854213,-5.53024430287178e-11,0,0.105685667501173,5.02338181637676e-09,0,2.72334540497609e-06
414,83.8999999999995,2,469,99.564705882354,0,3.67394039744206e-16,6,0,90
414,83.8999999999995,3,465.330963854083,3.91999999999999,0,7.34788079488412e-17,1.2,0,90
414,83.8999999999995,4,1175,99.7666666666666,0,7.9602041944578e-16,13,0,90
414,83.8999999999995,5,2034,99.3869565217397,0,5.51091059616309e-16,9,0,90
414,83.8999999999995,6,1426.34867104505,0,0,15.3007957949309,0,0,0
414,83.8999999999995,7,302.879176411285,0,0,0.3,0,0,0
414,83.9999999999995,1,454.865126854213,-5.53024430287178e-11,0,0.105685667501173,5.02338181637676e-09,0,2.72334540497609e-06
414,83.9999999999995,2,469,99.564705882354,0,3.67394039744206e-16,6,0,90
414,83.9999999999995,3,465.330963854083,3.91999999999999,0,7.34788079488412e-17,1.2,0,90
414,83.9999999999995,4,1175,99.7666666666666,0,7.9602041944578e-16,13,0,90
414,83.9999999999995,5,2034,99.3869565217397,0,5.51091059616309e-16,9,0,90
414,83.9999999999995,6,1427.87844124954,0,0,15.2946082949309,0,0,0
414,83.9999999999995,7,302.879176411285,0,0,0.3,0,0,0
414,84.0999999999995,1,454.865126854213,-5.53024430287178e-11,0,0.105685667501173,5.02338181637676e-09,0,2.72334540497609e-06
414,84.0999999999995,2,469,99.564705882354,0,3.67394039744206e-16,6,0,90
414,84.0999999999995,3,465.330963854083,3.91999999999999,0,7.34788079488412e-17,1.2,0,90
414,84.0999999999995,4,1175,99.7666666666666,0,7.9602041944578e-16,13,0,90
414,84.0999999999995,5,2034,99.3869565217397,0,5.51091059616309e-16,9,0,90
414,84.0999999999995,6,1429.40759270403,0,0,15.2884207949309,0,0,0
414,84.0999999999995,7,302.879176411285,0,0,0.3,0,0,0
414,84.1999999999995,1,454.865126854213,-5.53024430287178e-11,0,0.105685667501173,5.02338181637676e-09,0,2.72334540497609e-06
414,84.1999999999995,2,469,99.564705882354,0,3.67394039744206e-16,6,0,90
414,84.1999999999995,3,465.330963854083,3.91999999999999,0,7.34788079488412e-17,1.2,0,90
414,84.1999999999995,4,1175,99.7666666666666,0,7.9602041944578e-16,13,0,90
414,84.1999999999995,5,2034,99.3869565217397,0,5.51091059616309e-16,9,0,90
414,84.1999999999995,6,1430.93612540853,0,0,15.2822332949309,0,0,0
414,84.1999999999995,7,302.879176411285,0,0,0.3,0,0,0
414,84.2999999999995,1,454.865126854213,-5.53024430287178e-11,0,0.105685667501173,5.02338181637676e-09,0,2.72334540497609e-06
414,84.2999999999995,2,469,99.564705882354,0,3.67394039744206e-16,6,0,90
414,84.2999999999995,3,465.330963854083,3.91999999999999,0,7.34788079488412e-17,1.2,0,90
414,84.2999999999995,4,1175,99.7666666666666,0,7.9602041944578e-16,13,0,90
414,84.2999999999995,5,2034,99.3869565217397,0,5.51091059616309e-16,9,0,90
414,84.2999999999995,6,1432.46403936302,0,0,15.2760457949309,0,0,0
414,84.2999999999995,7,302.879176411285,0,0,0.3,0,0,0
414,84.3999999999995,1,454.865126854213,-5.53024430287178e-11,0,0.105685667501173,5.02338181637676e-09,0,2.72334540497609e-06
414,84.3999999999995,2,469,99.564705882354,0,3.67394039744206e-16,6,0,90
414,84.3999999999995,3,465.330963854083,3.91999999999999,0,7.34788079488412e-17,1.2,0,90
414,84.3999999999995,4,1175,99.7666666666666,0,7.9602041944578e-16,13,0,90
414,84.3999999999995,5,2034,99.3869565217397,0,5.51091059616309e-16,9,0,90
414,84.3999999999995,6,1433.99133456751,0,0,15.2698582949309,0,0,0
414,84.3999999999995,7,302.879176411285,0,0,0.3,0,0,0
414,84.4999999999995,1,454.865126854213,-5.53024430287178e-11,0,0.105685667501173,5.02338181637676e-09,0,2.72334540497609e-06
414,84.4999999999995,2,469,99.564705882354,0,3.67394039744206e-16,6,0,90
414,84.4999999999995,3,465.330963854083,3.91999999999999,0,7.34788079488412e-17,1.2,0,90
414,84.4999999999995,4,1175,99.7666666666666,0,7.9602041944578e-16,13,0,90
414,84.4999999999995,5,2034,99.3869565217397,0,5.51091059616309e-16,9,0,90
414,84.4999999999995,6,1435.51801102201,0,0,15.2636707949309,0,0,0
414,84.4999999999995,7,302.879176411285,0,0,0.3,0,0,0
414,84.5999999999995,1,454.865126854213,-5.53024430287178e-11,0,0.105685667501173,5.02338181637676e-09,0,2.72334540497609e-06
414,84.5999999999995,2,469,99.564705882354,0,3.67394039744206e-16,6,0,90
414,84.5999999999995,3,465.330963854083,3.91999999999999,0,7.34788079488412e-17,1.2,0,90
414,84.5999999999995,4,1175,99.7666666666666,0,7.9602041944578e-16,13,0,90
414,84.5999999999995,5,2034,99.3869565217397,0,5.51091059616309e-16,9,0,90
414,84.5999999999995,6,1437.0440687265,0,0,15.2574832949309,0,0,0
414,84.5999999999995,7,302.879176411285,0,0,0.3,0,0,0
414,84.6999999999995,1,454.865126854213,-5.53024430287178e-11,0,0.105685667501173,5.02338181637676e-09,0,2.72334540497609e-06
414,84.6999999999995,2,469,99.564705882354,0,3.67394039744206e-16,6,0,90
414,84.6999999999995,3,465.330963854083,3.91999999999999,0,7.34788079488412e-17,1.2,0,90
414,84.6999999999995,4,1175,99.7666666666666,0,7.9602041944578e-16,13,0,90
414,84.6999999999995,5,2034,99.3869565217397,0,5.51091059616309e-16,9,0,90
414,84.6999999999995,6,1438.56950768099,0,0,15.2512957949309,0,0,0
414,84.6999999999995,7,302.879176411285,0,0,0.3,0,0,0
414,84.7999999999995,1,454.865126854213,-5.53024430287178e-11,0,0.105685667501173,5.02338181637676e-09,0,2.72334540497609e-06
414,84.7999999999995,2,469,99.564705882354,0,3.67394039744206e-16,6,0,90
414,84.7999999999995,3,465.330963854083,3.91999999999999,0,7.34788079488412e-17,1.2,0,90
414,84.7999999999995,4,1175,99.7666666666666,0,7.9602041944578e-16,13,0,90
414,84.7999999999995,5,2034,99.3869565217397,0,5.51091059616309e-16,9,0,90
414,84.7999999999995,6,1440.09432788549,0,0,15.2451082949309,0,0,0
414,84.7999999999995,7,302.879176411285,0,0,0.3,0,0,0
414,84.8999999999995,1,454.865126854213,-5.53024430287178e-11,0,0.105685667501173,5.02338181637676e-09,0,2.72334540497609e-06
414,84.8999999999995,2,469,99.564705882354,0,3.67394039744206e-16,6,0,90
414,84.8999999999995,3,465.330963854083,3.91999999999999,0,7.34788079488412e-17,1.2,0,90
414,84.8999999999995,4,1175,99.7666666666666,0,7.9602041944578e-16,13,0,90
414,84.8999999999995,5,2034,99.3869565217397,0,5.51091059616309e-16,9,0,90
414,84.8999999999995,6,1441.61852933998,0,0,15.2389207949309,0,0,0
414,84.8999999999995,7,302.879176411285,0,0,0.3,0,0,0
414,84.9999999999994,1,454.865126854213,-5.53024430287178e-11,0,0.105685667501173,5.02338181637676e-09,0,2.72334540497609e-06
414,84.9999999999994,2,469,99.564705882354,0,3.67394039744206e-16,6,0,90
414,84.9999999999994,3,465.330963854083,3.91999999999999,0,7.34788079488412e-17,1.2,0,90
414,84.9999999999994,4,1175,99.7666666666666,0,7.9602041944578e-16,13,0,90
414,84.9999999999994,5,2034,99.3869565217397,0,5.51091059616309e-16,9,0,90
414,84.9999999999994,6,1443.14211204447,0,0,15.2327332949309,0,0,0
414,84.9999999999994,7,302.879176411285,0,0,0.3,0,0,0
414,85.0999999999994,1,454.865126854213,-5.53024430287178e-11,0,0.105685667501173,5.02338181637676e-09,0,2.72334540497609e-06
414,85.0999999999994,2,469,99.564705882354,0,3.67394039744206e-16,6,0,90
414,85.0999999999994,3,465.330963854083,3.91999999999999,0,7.34788079488412e-17,1.2,0,90
414,85.0999999999994,4,1175,99.7666666666666,0,7.9602041944578e-16,13,0,90
414,85.0999999999994,5,2034,99.3869565217397,0,5.51091059616309e-16,9,0,90
414,85.0999999999994,6,1444.66507599896,0,0,15.2265457949309,0,0,0
414,85.0999999999994,7,302.879176411285,0,0,0.3,0,0,0
414,85.1999999999994,1,454.865126854213,-5.53024430287178e-11,0,0.105685667501173,5.02338181637676e-09,0,2.72334540497609e-06
414,85.1999999999994,2,469,99.564705882354,0,3.67394039744206e-16,6,0,90
414,85.1999999999994,3,465.330963854083,3.91999999999999,0,7.34788079488412e-17,1.2,0,90
414,85.1999999999994,4,1175,99.7666666666666,0,7.9602041944578e-16,13,0,90
414,85.1999999999994,5,2034,99.3869565217397,0,5.51091059616309e-16,9,0,90
414,85.1999999999994,6,1446.18742120346,0,0,15.2203582949309,0,0,0
414,85.1999999999994,7,302.879176411285,0,0,0.3,0,0,0
414,85.2999999999994,1,454.865126854213,-5.53024430287178e-11,0,0.105685667501173,5.02338181637676e-09,0,2.72334540497609e-06
414,85.2999999999994,2,469,99.564705882354,0,3.67394039744206e-16,6,0,90
414,85.2999999999994,3,465.330963854083,3.91999999999999,0,7.34788079488412e-17,1.2,0,90
414,85.2999999999994,4,1175,99.7666666666666,0,7.9602041944578e-16,13,0,90
414,85.2999999999994,5,2034,99.3869565217397,0,5.51091059616309e-16,9,0,90
414,85.2999999999994,6,1447.70914765795,0,0,15.2141707949309,0,0,0
414,85.2999999999994,7,302.879176411285,0,0,0.3,0,0,0
414,85.3999999999994,1,454.865126854213,-5.53024430287178e-11,0,0.105685667501173,5.02338181637676e-09,0,2.72334540497609e-06
414,85.3999999999994,2,469,99.564705882354,0,3.67394039744206e-16,6,0,90
414,85.3999999999994,3,465.330963854083,3.91999999999999,0,7.34788079488412e-17,1.2,0,90
414,85.3999999999994,4,1175,99.7666666666666,0,7.9602041944578e-16,13,0,90
414,85.3999999999994,5,2034,99.3869565217397,0,5.51091059616309e-16,9,0,90
414,85.3999999999994,6,1449.23025536244,0,0,15.2079832949309,0,0,0
414,85.3999999999994,7,302.879176411285,0,0,0.3,0,0,0
414,85.4999999999994,1,454.865126854213,-5.53024430287178e-11,0,0.105685667501173,5.02338181637676e-09,0,2.72334540497609e-06
414,85.4999999999994,2,469,99.564705882354,0,3.67394039744206e-16,6,0,90
414,85.4999999999994,3,465.330963854083,3.91999999999999,0,7.34788079488412e-17,1.2,0,90
414,85.4999999999994,4,1175,99.7666666666666,0,7.9602041944578e-16,13,0,90
414,85.4999999999994,5,2034,99.3869565217397,0,5.51091059616309e-16,9,0,90
414,85.4999999999994,6,1450.75074431694,0,0,15.2017957949309,0,0,0
414,85.4999999999994,7,302.879176411285,0,0,0.3,0,0,0
414,85.5999999999994,1,454.865126854213,-5.53024430287178e-11,0,0.105685667501173,5.02338181637676e-09,0,2.72334540497609e-06
414,85.5999999999994,2,469,99.564705882354,0,3.67394039744206e-16,6,0,90
414,85.5999999999994,3,465.330963854083,3.91999999999999,0,7.34788079488412e-17,1.2,0,90
414,85.5999999999994,4,1175,99.7666666666666,0,7.9602041944578e-16,13,0,90
414,85.5999999999994,5,2034,99.3869565217397,0,5.51091059616309e-16,9,0,90
414,85.5999999999994,6,1452.27061452143,0,0,15.1956082949309,0,0,0
414,85.5999999999994,7,302.879176411285,0,0,0.3,0,0,0
414,85.6999999999994,1,454.865126854213,-5.53024430287178e-11,0,0.105685667501173,5.02338181637676e-09,0,2.72334540497609e-06
414,85.6999999999994,2,469,99.564705882354,0,3.67394039744206e-16,6,0,90
414,85.6999999999994,3,465.330963854083,3.91999999999999,0,7.34788079488412e-17,1.2,0,90
414,85.6999999999994,4,1175,99.7666666666666,0,7.9602041944578e-16,13,0,90
414,85.6999999999994,5,2034,99.3869565217397,0,5.51091059616309e-16,9,0,90
414,85.6999999999994,6,1453.78986597592,0,0,15.1894207949309,0,0,0
414,85.6999999999994,7,302.879176411285,0,0,0.3,0,0,0
414,85.7999999999994,1,454.865126854213,-5.53024430287178e-11,0,0.105685667501173,5.02338181637676e-09,0,2.72334540497609e-06
414,85.7999999999994,2,469,99.564705882354,0,3.67394039744206e-16,6,0,90
414,85.7999999999994,3,465.330963854083,3.91999999999999,0,7.34788079488412e-17,1.2,0,90
414,85.7999999999994,4,1175,99.7666666666666,0,7.9602041944578e-16,13,0,90
414,85.7999999999994,5,2034,99.3869565217397,0,5.51091059616309e-16,9,0,90
414,85.7999999999994,6,1455.30849868042,0,0,15.1832332949309,0,0,0
414,85.7999999999994,7,302.879176411285,0,0,0.3,0,0,0
414,85.8999999999994,1,454.865126854213,-5.53024430287178e-11,0,0.105685667501173,5.02338181637676e-09,0,2.72334540497609e-06
414,85.8999999999994,2,469,99.564705882354,0,3.67394039744206e-16,6,0,90
414,85.8999999999994,3,465.330963854083,3.91999999999999,0,7.34788079488412e-17,1.2,0,90
414,85.8999999999994,4,1175,99.7666666666666,0,7.9602041944578e-16,13,0,90
414,85.8999999999994,5,2034,99.3869565217397,0,5.51091059616309e-16,9,0,90
414,85.8999999999994,6,1456.82651263491,0,0,15.1770457949309,0,0,0
414,85.8999999999994,7,302.879176411285,0,0,0.3,0,0,0
414,85.9999999999994,1,454.865126854213,-5.53024430287178e-11,0,0.105685667501173,5.02338181637676e-09,0,2.72334540497609e-06
414,85.9999999999994,2,469,99.564705882354,0,3.67394039744206e-16,6,0,90
414,85.9999999999994,3,465.330963854083,3.91999999999999,0,7.34788079488412e-17,1.2,0,90
414,85.9999999999994,4,1175,99.7666666666666,0,7.9602041944578e-16,13,0,90
414,85.9999999999994,5,2034,99.3869565217397,0,5.51091059616309e-16,9,0,90
414,85.9999999999994,6,1458.3439078394,0,0,15.1708582949309,0,0,0
414,85.9999999999994,7,302.879176411285,0,0,0.3,0,0,0
414,86.0999999999994,1,454.865126854213,-5.53024430287178e-11,0,0.105685667501173,5.02338181637676e-09,0,2.72334540497609e-06
414,86.0999999999994,2,469,99.564705882354,0,3.67394039744206e-16,6,0,90
414,86.0999999999994,3,465.330963854083,3.91999999999999,0,7.34788079488412e-17,1.2,0,90
414,86.0999999999994,4,1175,99.7666666666666,0,7.9602041944578e-16,13,0,90
414,86.0999999999994,5,2034,99.3869565217397,0,5.51091059616309e-16,9,0,90
414,86.0999999999994,6,1459.86068429389,0,0,15.1646707949309,0,0,0
414,86.0999999999994,7,302.879176411285,0,0,0.3,0,0,0
414,86.1999999999994,1,454.865126854213,-5.53024430287178e-11,0,0.105685667501173,5.02338181637676e-09,0,2.72334540497609e-06
414,86.1999999999994,2,469,99.564705882354,0,3.67394039744206e-16,6,0,90
414,86.1999999999994,3,465.330963854083,3.91999999999999,0,7.34788079488412e-17,1.2,0,90
414,86.1999999999994,4,1175,99.7666666666666,0,7.9602041944578e-16,13,0,90
414,86.1999999999994,5,2034,99.3869565217397,0,5.51091059616309e-16,9,0,90
414,86.1999999999994,6,1461.37684199839,0,0,15.1584832949309,0,0,0
414,86.1999999999994,7,302.879176411285,0,0,0.3,0,0,0
414,86.2999999999994,1,454.865126854213,-5.53024430287178e-11,0,0.105685667501173,5.02338181637676e-09,0,2.72334540497609e-06
414,86.2999999999994,2,469,99.564705882354,0,3.67394039744206e-16,6,0,90
414,86.2999999999994,3,465.330963854083,3.91999999999999,0,7.34788079488412e-17,1.2,0,90
414,86.2999999999994,4,1175,99.7666666666666,0,7.9602041944578e-16,13,0,90
414,86.2999999999994,5,2034,99.3869565217397,0,5.51091059616309e-16,9,0,90
414,86.2999999999994,6,1462.89238095288,0,0,15.1522957949309,0,0,0
414,86.2999999999994,7,302.879176411285,0,0,0.3,0,0,0
414,86.3999999999994,1,454.865126854213,-5.53024430287178e-11,0,0.105685667501173,5.02338181637676e-09,0,2.72334540497609e-06
414,86.3999999999994,2,469,99.564705882354,0,3.67394039744206e-16,6,0,90
414,86.3999999999994,3,465.330963854083,3.91999999999999,0,7.34788079488412e-17,1.2,0,90
414,86.3999999999994,4,1175,99.7666666666666,0,7.9602041944578e-16,13,0,90
414,86.3999999999994,5,2034,99.3869565217397,0,5.51091059616309e-16,9,0,90
414,86.3999999999994,6,1464.40730115737,0,0,15.1461082949309,0,0,0
414,86.3999999999994,7,302.879176411285,0,0,0.3,0,0,0
414,86.4999999999994,1,454.865126854213,-5.53024430287178e-11,0,0.105685667501173,5.02338181637676e-09,0,2.72334540497609e-06
414,86.4999999999994,2,469,99.564705882354,0,3.67394039744206e-16,6,0,90
414,86.4999999999994,3,465.330963854083,3.91999999999999,0,7.34788079488412e-17,1.2,0,90
414,86.4999999999994,4,1175,99.7666666666666,0,7.9602041944578e-16,13,0,90
414,86.4999999999994,5,2034,99.3869565217397,0,5.51091059616309e-16,9,0,90
414,86.4999999999994,6,1465.92160261187,0,0,15.1399207949309,0,0,0
414,86.4999999999994,7,302.879176411285,0,0,0.3,0,0,0
414,86.5999999999994,1,454.865126854213,-5.53024430287178e-11,0,0.105685667501173,5.02338181637676e-09,0,2.72334540497609e-06
414,86.5999999999994,2,469,99.564705882354,0,3.67394039744206e-16,6,0,90
414,86.5999999999994,3,465.330963854083,3.91999999999999,0,7.34788079488412e-17,1.2,0,90
414,86.5999999999994,4,1175,99.7666666666666,0,7.9602041944578e-16,13,0,90
414,86.5999999999994,5,2034,99.3869565217397,0,5.51091059616309e-16,9,0,90
414,86.5999999999994,6,1467.43528531636,0,0,15.1337332949309,0,0,0
414,86.5999999999994,7,302.879176411285,0,0,0.3,0,0,0
414,86.6999999999993,1,454.865126854213,-5.53024430287178e-11,0,0.105685667501173,5.02338181637676e-09,0,2.72334540497609e-06
414,86.6999999999993,2,469,99.564705882354,0,3.67394039744206e-16,6,0,90
414,86.6999999999993,3,465.330963854083,3.91999999999999,0,7.34788079488412e-17,1.2,0,90
414,86.6999999999993,4,1175,99.7666666666666,0,7.9602041944578e-16,13,0,90
414,86.6999999999993,5,2034,99.3869565217397,0,5.51091059616309e-16,9,0,90
414,86.6999999999993,6,1468.94834927085,0,0,15.1275457949309,0,0,0
414,86.6999999999993,7,302.879176411285,0,0,0.3,0,0,0
414,86.7999999999993,1,454.865126854213,-5.53024430287178e-11,0,0.105685667501173,5.02338181637676e-09,0,2.72334540497609e-06
414,86.7999999999993,2,469,99.564705882354,0,3.67394039744206e-16,6,0,90
414,86.7999999999993,3,465.330963854083,3.91999999999999,0,7.34788079488412e-17,1.2,0,90
414,86.7999999999993,4,1175,99.7666666666666,0,7.9602041944578e-16,13,0,90
414,86.7999999999993,5,2034,99.3869565217397,0,5.51091059616309e-16,9,0,90
414,86.7999999999993,6,1470.46079447535,0,0,15.1213582949309,0,0,0
414,86.7999999999993,7,302.879176411285,0,0,0.3,0,0,0
414,86.8999999999993,1,454.865126854213,-5.53024430287178e-11,0,0.105685667501173,5.02338181637676e-09,0,2.72334540497609e-06
414,86.8999999999993,2,469,99.564705882354,0,3.67394039744206e-16,6,0,90
414,86.8999999999993,3,465.330963854083,3.91999999999999,0,7.34788079488412e-17,1.2,0,90
414,86.8999999999993,4,1175,99.7666666666666,0,7.9602041944578e-16,13,0,90
414,86.8999999999993,5,2034,99.3869565217397,0,5.51091059616309e-16,9,0,90
414,86.8999999999993,6,1471.97262092984,0,0,15.1151707949309,0,0,0
414,86.8999999999993,7,302.879176411285,0,0,0.3,0,0,0
414,86.9999999999993,1,454.865126854213,-5.53024430287178e-11,0,0.105685667501173,5.02338181637676e-09,0,2.72334540497609e-06
414,86.9999999999993,2,469,99.564705882354,0,3.67394039744206e-16,6,0,90
414,86.9999999999993,3,465.330963854083,3.91999999999999,0,7.34788079488412e-17,1.2,0,90
414,86.9999999999993,4,1175,99.7666666666666,0,7.9602041944578e-16,13,0,90
414,86.9999999999993,5,2034,99.3869565217397,0,5.51091059616309e-16,9,0,90
414,86.9999999999993,6,1473.48382863433,0,0,15.1089832949309,0,0,0
414,86.9999999999993,7,302.879176411285,0,0,0.3,0,0,0
414,87.0999999999993,1,454.865126854213,-5.53024430287178e-11,0,0.105685667501173,5.02338181637676e-09,0,2.72334540497609e-06
414,87.0999999999993,2,469,99.564705882354,0,3.67394039744206e-16,6,0,90
414,87.0999999999993,3,465.330963854083,3.91999999999999,0,7.34788079488412e-17,1.2,0,90
414,87.0999999999993,4,1175,99.7666666666666,0,7.9602041944578e-16,13,0,90
414,87.0999999999993,5,2034,99.3869565217397,0,5.51091059616309e-16,9,0,90
414,87.0999999999993,6,1474.99441758882,0,0,15.1027957949309,0,0,0
414,87.0999999999993,7,302.879176411285,0,0,0.3,0,0,0
414,87.1999999999993,1,454.865126854213,-5.53024430287178e-11,0,0.105685667501173,5.02338181637676e-09,0,2.72334540497609e-06
414,87.1999999999993,2,469,99.564705882354,0,3.67394039744206e-16,6,0,90
414,87.1999999999993,3,465.330963854083,3.91999999999999,0,7.34788079488412e-17,1.2,0,90
414,87.1999999999993,4,1175,99.7666666666666,0,7.9602041944578e-16,13,0,90
414,87.1999999999993,5,2034,99.3869565217397,0,5.51091059616309e-16,9,0,90
414,87.1999999999993,6,1476.50438779332,0,0,15.0966082949309,0,0,0
414,87.1999999999993,7,302.879176411285,0,0,0.3,0,0,0
414,87.2999999999993,1,454.865126854213,-5.53024430287178e-11,0,0.105685667501173,5.02338181637676e-09,0,2.72334540497609e-06
414,87.2999999999993,2,469,99.564705882354,0,3.67394039744206e-16,6,0,90
414,87.2999999999993,3,465.330963854083,3.91999999999999,0,7.34788079488412e-17,1.2,0,90
414,87.2999999999993,4,1175,99.7666666666666,0,7.9602041944578e-16,13,0,90
414,87.2999999999993,5,2034,99.3869565217397,0,5.51091059616309e-16,9,0,90
414,87.2999999999993,6,1478.01373924781,0,0,15.0904207949309,0,0,0
414,87.2999999999993,7,302.879176411285,0,0,0.3,0,0,0
414,87.3999999999993,1,454.865126854213,-5.53024430287178e-11,0,0.105685667501173,5.02338181637676e-09,0,2.72334540497609e-06
414,87.3999999999993,2,469,99.564705882354,0,3.67394039744206e-16,6,0,90
414,87.3999999999993,3,465.330963854083,3.91999999999999,0,7.34788079488412e-17,1.2,0,90
414,87.3999999999993,4,1175,99.7666666666666,0,7.9602041944578e-16,13,0,90
414,87.3999999999993,5,2034,99.3869565217397,0,5.51091059616309e-16,9,0,90
414,87.3999999999993,6,1479.5224719523,0,0,15.0842332949309,0,0,0
414,87.3999999999993,7,302.879176411285,0,0,0.3,0,0,0
414,87.4999999999993,1,454.865126854213,-5.53024430287178e-11,0,0.105685667501173,5.02338181637676e-09,0,2.72334540497609e-06
414,87.4999999999993,2,469,99.564705882354,0,3.67394039744206e-16,6,0,90
414,87.4999999999993,3,465.330963854083,3.91999999999999,0,7.34788079488412e-17,1.2,0,90
414,87.4999999999993,4,1175,99.7666666666666,0,7.9602041944578e-16,13,0,90
414,87.4999999999993,5,2034,99.3869565217397,0,5.51091059616309e-16,9,0,90
414,87.4999999999993,6,1481.0305859068,0,0,15.0780457949309,0,0,0
414,87.4999999999993,7,302.879176411285,0,0,0.3,0,0,0
414,87.5999999999993,1,454.865126854213,-5.53024430287178e-11,0,0.105685667501173,5.02338181637676e-09,0,2.72334540497609e-06
414,87.5999999999993,2,469,99.564705882354,0,3.67394039744206e-16,6,0,90
414,87.5999999999993,3,465.330963854083,3.91999999999999,0,7.34788079488412e-17,1.2,0,90
414,87.5999999999993,4,1175,99.7666666666666,0,7.9602041944578e-16,13,0,90
414,87.5999999999993,5,2034,99.3869565217397,0,5.51091059616309e-16,9,0,90
414,87.5999999999993,6,1482.53808111129,0,0,15.0718582949309,0,0,0
414,87.5999999999993,7,302.879176411285,0,0,0.3,0,0,0
414,87.6999999999993,1,454.865126854213,-5.53024430287178e-11,0,0.105685667501173,5.02338181637676e-09,0,2.72334540497609e-06
414,87.6999999999993,2,469,99.564705882354,0,3.67394039744206e-16,6,0,90
414,87.6999999999993,3,465.330963854083,3.91999999999999,0,7.34788079488412e-17,1.2,0,90
414,87.6999999999993,4,1175,99.7666666666666,0,7.9602041944578e-16,13,0,90
414,87.6999999999993,5,2034,99.3869565217397,0,5.51091059616309e-16,9,0,90
414,87.6999999999993,6,1484.04495756578,0,0,15.0656707949309,0,0,0
414,87.6999999999993,7,302.879176411285,0,0,0.3,0,0,0
414,87.7999999999993,1,454.865126854213,-5.53024430287178e-11,0,0.105685667501173,5.02338181637676e-09,0,2.72334540497609e-06
414,87.7999999999993,2,469,99.564705882354,0,3.67394039744206e-16,6,0,90
414,87.7999999999993,3,465.330963854083,3.91999999999999,0,7.34788079488412e-17,1.2,0,90
414,87.7999999999993,4,1175,99.7666666666666,0,7.9602041944578e-16,13,0,90
414,87.7999999999993,5,2034,99.3869565217397,0,5.51091059616309e-16,9,0,90
414,87.7999999999993,6,1485.55121527028,0,0,15.0594832949309,0,0,0
414,87.7999999999993,7,302.879176411285,0,0,0.3,0,0,0
414,87.8999999999993,1,454.865126854213,-5.53024430287178e-11,0,0.105685667501173,5.02338181637676e-09,0,2.72334540497609e-06
414,87.8999999999993,2,469,99.564705882354,0,3.67394039744206e-16,6,0,90
414,87.8999999999993,3,465.330963854083,3.91999999999999,0,7.34788079488412e-17,1.2,0,90
414,87.8999999999993,4,1175,99.7666666666666,0,7.9602041944578e-16,13,0,90
414,87.8999999999993,5,2034,99.3869565217397,0,5.51091059616309e-16,9,0,90
414,87.8999999999993,6,1487.05685422477,0,0,15.0532957949309,0,0,0
414,87.8999999999993,7,302.879176411285,0,0,0.3,0,0,0
414,87.9999999999993,1,454.865126854213,-5.53024430287178e-11,0,0.105685667501173,5.02338181637676e-09,0,2.72334540497609e-06
414,87.9999999999993,2,469,99.564705882354,0,3.67394039744206e-16,6,0,90
414,87.9999999999993,3,465.330963854083,3.91999999999999,0,7.34788079488412e-17,1.2,0,90
414,87.9999999999993,4,1175,99.7666666666666,0,7.9602041944578e-16,13,0,90
414,87.9999999999993,5,2034,99.3869565217397,0,5.51091059616309e-16,9,0,90
414,87.9999999999993,6,1488.56187442926,0,0,15.0471082949309,0,0,0
414,87.9999999999993,7,302.879176411285,0,0,0.3,0,0,0
414,88.0999999999993,1,454.865126854213,-5.53024430287178e-11,0,0.105685667501173,5.02338181637676e-09,0,2.72334540497609e-06
414,88.0999999999993,2,469,99.564705882354,0,3.67394039744206e-16,6,0,90
414,88.0999999999993,3,465.330963854083,3.91999999999999,0,7.34788079488412e-17,1.2,0,90
414,88.0999999999993,4,1175,99.7666666666666,0,7.9602041944578e-16,13,0,90
414,88.0999999999993,5,2034,99.3869565217397,0,5.51091059616309e-16,9,0,90
414,88.0999999999993,6,1490.06627588375,0,0,15.0409207949309,0,0,0
414,88.0999999999993,7,302.879176411285,0,0,0.3,0,0,0
414,88.1999999999993,1,454.865126854213,-5.53024430287178e-11,0,0.105685667501173,5.02338181637676e-09,0,2.72334540497609e-06
414,88.1999999999993,2,469,99.564705882354,0,3.67394039744206e-16,6,0,90
414,88.1999999999993,3,465.330963854083,3.91999999999999,0,7.34788079488412e-17,1.2,0,90
414,88.1999999999993,4,1175,99.7666666666666,0,7.9602041944578e-16,13,0,90
414,88.1999999999993,5,2034,99.3869565217397,0,5.51091059616309e-16,9,0,90
414,88.1999999999993,6,1491.57005858825,0,0,15.0347332949309,0,0,0
414,88.1999999999993,7,302.879176411285,0,0,0.3,0,0,0
414,88.2999999999993,1,454.865126854213,-5.53024430287178e-11,0,0.105685667501173,5.02338181637676e-09,0,2.72334540497609e-06
414,88.2999999999993,2,469,99.564705882354,0,3.67394039744206e-16,6,0,90
414,88.2999999999993,3,465.330963854083,3.91999999999999,0,7.34788079488412e-17,1.2,0,90
414,88.2999999999993,4,1175,99.7666666666666,0,7.9602041944578e-16,13,0,90
414,88.2999999999993,5,2034,99.3869565217397,0,5.51091059616309e-16,9,0,90
414,88.2999999999993,6,1493.07322254274,0,0,15.0285457949309,0,0,0
414,88.2999999999993,7,302.879176411285,0,0,0.3,0,0,0
414,88.3999999999993,1,454.865126854213,-5.53024430287178e-11,0,0.105685667501173,5.02338181637676e-09,0,2.72334540497609e-06
414,88.3999999999993,2,469,99.564705882354,0,3.67394039744206e-16,6,0,90
414,88.3999999999993,3,465.330963854083,3.91999999999999,0,7.34788079488412e-17,1.2,0,90
414,88.3999999999993,4,1175,99.7666666666666,0,7.9602041944578e-16,13,0,90
414,88.3999999999993,5,2034,99.3869565217397,0,5.51091059616309e-16,9,0,90
414,88.3999999999993,6,1494.57576774723,0,0,15.0223582949309,0,0,0
414,88.3999999999993,7,302.879176411285,0,0,0.3,0,0,0
414,88.4999999999992,1,454.865126854213,-5.53024430287178e-11,0,0.105685667501173,5.02338181637676e-09,0,2.72334540497609e-06
414,88.4999999999992,2,469,99.564705882354,0,3.67394039744206e-16,6,0,90
414,88.4999999999992,3,465.330963854083,3.91999999999999,0,7.34788079488412e-17,1.2,0,90
414,88.4999999999992,4,1175,99.7666666666666,0,7.9602041944578e-16,13,0,90
414,88.4999999999992,5,2034,99.3869565217397,0,5.51091059616309e-16,9,0,90
414,88.4999999999992,6,1496.07769420173,0,0,15.0161707949309,0,0,0
414,88.4999999999992,7,302.879176411285,0,0,0.3,0,0,0
414,88.5999999999992,1,454.865126854213,-5.53024430287178e-11,0,0.105685667501173,5.02338181637676e-09,0,2.72334540497609e-06
414,88.5999999999992,2,469,99.564705882354,0,3.67394039744206e-16,6,0,90
414,88.5999999999992,3,465.330963854083,3.91999999999999,0,7.34788079488412e-17,1.2,0,90
414,88.5999999999992,4,1175,99.7666666666666,0,7.9602041944578e-16,13,0,90
414,88.5999999999992,5,2034,99.3869565217397,0,5.51091059616309e-16,9,0,90
414,88.5999999999992,6,1497.57900190622,0,0,15.0099832949309,0,0,0
414,88.5999999999992,7,302.879176411285,0,0,0.3,0,0,0
414,88.6999999999992,1,454.865126854213,-5.53024430287178e-11,0,0.105685667501173,5.02338181637676e-09,0,2.72334540497609e-06
414,88.6999999999992,2,469,99.564705882354,0,3.67394039744206e-16,6,0,90
414,88.6999999999992,3,465.330963854083,3.91999999999999,0,7.34788079488412e-17,1.2,0,90
414,88.6999999999992,4,1175,99.7666666666666,0,7.9602041944578e-16,13,0,90
414,88.6999999999992,5,2034,99.3869565217397,0,5.51091059616309e-16,9,0,90
414,88.6999999999992,6,1499.07969086071,0,0,15.0037957949309,0,0,0
414,88.6999999999992,7,302.879176411285,0,0,0.3,0,0,0
414,88.7999999999992,1,454.865126854213,-5.53024430287178e-11,0,0.105685667501173,5.02338181637676e-09,0,2.72334540497609e-06
414,88.7999999999992,2,469,99.564705882354,0,3.67394039744206e-16,6,0,90
414,88.7999999999992,3,465.330963854083,3.91999999999999,0,7.34788079488412e-17,1.2,0,90
414,88.7999999999992,4,1175,99.7666666666666,0,7.9602041944578e-16,13,0,90
414,88.7999999999992,5,2034,99.3869565217397,0,5.51091059616309e-16,9,0,90
414,88.7999999999992,6,1500.57976844241,0,0,14.9979900013965,0,0,0
414,88.7999999999992,7,302.879176411285,0,0,0.3,0,0,0
414,88.8999999999992,1,454.865126854213,-5.53024430287178e-11,0,0.105685667501173,5.02338181637676e-09,0,2.72334540497609e-06
414,88.8999999999992,2,469,99.564705882354,0,3.67394039744206e-16,6,0,90
414,88.8999999999992,3,465.330963854083,3.91999999999999,0,7.34788079488412e-17,1.2,0,90
414,88.8999999999992,4,1175,99.7666666666666,0,7.9602041944578e-16,13,0,90
414,88.8999999999992,5,2034,99.3869565217397,0,5.51091059616309e-16,9,0,90
414,88.8999999999992,6,1502.07930744255,0,0,14.9927900013965,0,0,0
414,88.8999999999992,7,302.879176411285,0,0,0.3,0,0,0
414,88.9999999999992,1,454.865126854213,-5.53024430287178e-11,0,0.105685667501173,5.02338181637676e-09,0,2.72334540497609e-06
414,88.9999999999992,2,469,99.564705882354,0,3.67394039744206e-16,6,0,90
414,88.9999999999992,3,465.330963854083,3.91999999999999,0,7.34788079488412e-17,1.2,0,90
414,88.9999999999992,4,1175,99.7666666666666,0,7.9602041944578e-16,13,0,90
414,88.9999999999992,5,2034,99.3869565217397,0,5.51091059616309e-16,9,0,90
414,88.9999999999992,6,1503.57832644269,0,0,14.9875900013965,0,0,0
414,88.9999999999992,7,302.879176411285,0,0,0.3,0,0,0
414,89.0999999999992,1,454.865126854213,-5.53024430287178e-11,0,0.105685667501173,5.02338181637676e-09,0,2.72334540497609e-06
414,89.0999999999992,2,469,99.564705882354,0,3.67394039744206e-16,6,0,90
414,89.0999999999992,3,465.330963854083,3.91999999999999,0,7.34788079488412e-17,1.2,0,90
414,89.0999999999992,4,1175,99.7666666666666,0,7.9602041944578e-16,13,0,90
414,89.0999999999992,5,2034,99.3869565217397,0,5.51091059616309e-16,9,0,90
414,89.0999999999992,6,1505.07682544283,0,0,14.9823900013965,0,0,0
414,89.0999999999992,7,302.879176411285,0,0,0.3,0,0,0
414,89.1999999999992,1,454.865126854213,-5.53024430287178e-11,0,0.105685667501173,5.02338181637676e-09,0,2.72334540497609e-06
414,89.1999999999992,2,469,99.564705882354,0,3.67394039744206e-16,6,0,90
414,89.1999999999992,3,465.330963854083,3.91999999999999,0,7.34788079488412e-17,1.2,0,90
414,89.1999999999992,4,1175,99.7666666666666,0,7.9602041944578e-16,13,0,90
414,89.1999999999992,5,2034,99.3869565217397,0,5.51091059616309e-16,9,0,90
414,89.1999999999992,6,1506.57480444297,0,0,14.9771900013965,0,0,0
414,89.1999999999992,7,302.879176411285,0,0,0.3,0,0,0
414,89.2999999999992,1,454.865126854213,-5.53024430287178e-11,0,0.105685667501173,5.02338181637676e-09,0,2.72334540497609e-06
414,89.2999999999992,2,469,99.564705882354,0,3.67394039744206e-16,6,0,90
414,89.2999999999992,3,465.330963854083,3.91999999999999,0,7.34788079488412e-17,1.2,0,90
414,89.2999999999992,4,1175,99.7666666666666,0,7.9602041944578e-16,13,0,90
414,89.2999999999992,5,2034,99.3869565217397,0,5.51091059616309e-16,9,0,90
414,89.2999999999992,6,1508.07226344311,0,0,14.9719900013965,0,0,0
414,89.2999999999992,7,302.879176411285,0,0,0.3,0,0,0
414,89.3999999999992,1,454.865126854213,-5.53024430287178e-11,0,0.105685667501173,5.02338181637676e-09,0,2.72334540497609e-06
414,89.3999999999992,2,469,99.564705882354,0,3.67394039744206e-16,6,0,90
414,89.3999999999992,3,465.330963854083,3.91999999999999,0,7.34788079488412e-17,1.2,0,90
414,89.3999999999992,4,1175,99.7666666666666,0,7.9602041944578e-16,13,0,90
414,89.3999999999992,5,2034,99.3869565217397,0,5.51091059616309e-16,9,0,90
414,89.3999999999992,6,1509.56920244325,0,0,14.9667900013965,0,0,0
414,89.3999999999992,7,302.879176411285,0,0,0.3,0,0,0
414,89.4999999999992,1,454.865126854213,-5.53024430287178e-11,0,0.105685667501173,5.02338181637676e-09,0,2.72334540497609e-06
414,89.4999999999992,2,469,99.564705882354,0,3.67394039744206e-16,6,0,90
414,89.4999999999992,3,465.330963854083,3.91999999999999,0,7.34788079488412e-17,1.2,0,90
414,89.4999999999992,4,1175,99.7666666666666,0,7.9602041944578e-16,13,0,90
414,89.4999999999992,5,2034,99.3869565217397,0,5.51091059616309e-16,9,0,90
414,89.4999999999992,6,1511.06562144339,0,0,14.9615900013965,0,0,0
414,89.4999999999992,7,302.879176411285,0,0,0.3,0,0,0
414,89.5999999999992,1,454.865126854213,-5.53024430287178e-11,0,0.105685667501173,5.02338181637676e-09,0,2.72334540497609e-06
414,89.5999999999992,2,469,99.564705882354,0,3.67394039744206e-16,6,0,90
414,89.5999999999992,3,465.330963854083,3.91999999999999,0,7.34788079488412e-17,1.2,0,90
414,89.5999999999992,4,1175,99.7666666666666,0,7.9602041944578e-16,13,0,90
414,89.5999999999992,5,2034,99.3869565217397,0,5.51091059616309e-16,9,0,90
414,89.5999999999992,6,1512.56152044353,0,0,14.9563900013965,0,0,0
414,89.5999999999992,7,302.879176411285,0,0,0.3,0,0,0
414,89.6999999999992,1,454.865126854213,-5.53024430287178e-11,0,0.105685667501173,5.02338181637676e-09,0,2.72334540497609e-06
414,89.6999999999992,2,469,99.564705882354,0,3.67394039744206e-16,6,0,90
414,89.6999999999992,3,465.330963854083,3.91999999999999,0,7.34788079488412e-17,1.2,0,90
414,89.6999999999992,4,1175,99.7666666666666,0,7.9602041944578e-16,13,0,90
414,89.6999999999992,5,2034,99.3869565217397,0,5.51091059616309e-16,9,0,90
414,89.6999999999992,6,1514.05689944367,0,0,14.9511900013965,0,0,0
414,89.6999999999992,7,302.879176411285,0,0,0.3,0,0,0
414,89.7999999999992,1,454.865126854213,-5.53024430287178e-11,0,0.105685667501173,5.02338181637676e-09,0,2.72334540497609e-06
414,89.7999999999992,2,469,99.564705882354,0,3.67394039744206e-16,6,0,90
414,89.7999999999992,3,465.330963854083,3.91999999999999,0,7.34788079488412e-17,1.2,0,90
414,89.7999999999992,4,1175,99.7666666666666,0,7.9602041944578e-16,13,0,90
414,89.7999999999992,5,2034,99.3869565217397,0,5.51091059616309e-16,9,0,90
414,89.7999999999992,6,1515.55175844381,0,0,14.9459900013965,0,0,0
414,89.7999999999992,7,302.879176411285,0,0,0.3,0,0,0
414,89.8999999999992,1,454.865126854213,-5.53024430287178e-11,0,0.105685667501173,5.02338181637676e-09,0,2.72334540497609e-06
414,89.8999999999992,2,469,99.564705882354,0,3.67394039744206e-16,6,0,90
414,89.8999999999992,3,465.330963854083,3.91999999999999,0,7.34788079488412e-17,1.2,0,90
414,89.8999999999992,4,1175,99.7666666666666,0,7.9602041944578e-16,13,0,90
414,89.8999999999992,5,2034,99.3869565217397,0,5.51091059616309e-16,9,0,90
414,89.8999999999992,6,1517.04609744395,0,0,14.9407900013965,0,0,0
414,89.8999999999992,7,302.879176411285,0,0,0.3,0,0,0
414,89.9999999999992,1,454.865126854213,-5.53024430287178e-11,0,0.105685667501173,5.02338181637676e-09,0,2.72334540497609e-06
414,89.9999999999992,2,469,99.564705882354,0,3.67394039744206e-16,6,0,90
414,89.9999999999992,3,465.330963854083,3.91999999999999,0,7.34788079488412e-17,1.2,0,90
414,89.9999999999992,4,1175,99.7666666666666,0,7.9602041944578e-16,13,0,90
414,89.9999999999992,5,2034,99.3869565217397,0,5.51091059616309e-16,9,0,90
414,89.9999999999992,6,1518.53991644409,0,0,14.9355900013965,0,0,0
414,89.9999999999992,7,302.879176411285,0,0,0.3,0,0,0
414,90.0999999999992,1,454.865126854213,-5.53024430287178e-11,0,0.105685667501173,5.02338181637676e-09,0,2.72334540497609e-06
414,90.0999999999992,2,469,99.564705882354,0,3.67394039744206e-16,6,0,90
414,90.0999999999992,3,465.330963854083,3.91999999999999,0,7.34788079488412e-17,1.2,0,90
414,90.0999999999992,4,1175,99.7666666666666,0,7.9602041944578e-16,13,0,90
414,90.0999999999992,5,2034,99.3869565217397,0,5.51091059616309e-16,9,0,90
414,90.0999999999992,6,1520.03321544423,0,0,14.9303900013965,0,0,0
414,90.0999999999992,7,302.879176411285,0,0,0.3,0,0,0
414,90.1999999999992,1,454.865126854213,-5.53024430287178e-11,0,0.105685667501173,5.02338181637676e-09,0,2.72334540497609e-06
414,90.1999999999992,2,469,99.564705882354,0,3.67394039744206e-16,6,0,90
414,90.1999999999992,3,465.330963854083,3.91999999999999,0,7.34788079488412e-17,1.2,0,90
414,90.1999999999992,4,1175,99.7666666666666,0,7.9602041944578e-16,13,0,90
414,90.1999999999992,5,2034,99.3869565217397,0,5.51091059616309e-16,9,0,90
414,90.1999999999992,6,1521.52599444437,0,0,14.9251900013965,0,0,0
414,90.1999999999992,7,302.879176411285,0,0,0.3,0,0,0
414,90.2999999999991,1,454.865126854213,-5.53024430287178e-11,0,0.105685667501173,5.02338181637676e-09,0,2.72334540497609e-06
414,90.2999999999991,2,469,99.564705882354,0,3.67394039744206e-16,6,0,90
414,90.2999999999991,3,465.330963854083,3.91999999999999,0,7.34788079488412e-17,1.2,0,90
414,90.2999999999991,4,1175,99.7666666666666,0,7.9602041944578e-16,13,0,90
414,90.2999999999991,5,2034,99.3869565217397,0,5.51091059616309e-16,9,0,90
414,90.2999999999991,6,1523.01825344451,0,0,14.9199900013965,0,0,0
414,90.2999999999991,7,302.879176411285,0,0,0.3,0,0,0
414,90.3999999999991,1,454.865126854213,-5.53024430287178e-11,0,0.105685667501173,5.02338181637676e-09,0,2.72334540497609e-06
414,90.3999999999991,2,469,99.564705882354,0,3.67394039744206e-16,6,0,90
414,90.3999999999991,3,465.330963854083,3.91999999999999,0,7.34788079488412e-17,1.2,0,90
414,90.3999999999991,4,1175,99.7666666666666,0,7.9602041944578e-16,13,0,90
414,90.3999999999991,5,2034,99.3869565217397,0,5.51091059616309e-16,9,0,90
414,90.3999999999991,6,1524.50999244464,0,0,14.9147900013965,0,0,0
414,90.3999999999991,7,302.879176411285,0,0,0.3,0,0,0
414,90.4999999999991,1,454.865126854213,-5.53024430287178e-11,0,0.105685667501173,5.02338181637676e-09,0,2.72334540497609e-06
414,90.4999999999991,2,469,99.564705882354,0,3.67394039744206e-16,6,0,90
414,90.4999999999991,3,465.330963854083,3.91999999999999,0,7.34788079488412e-17,1.2,0,90
414,90.4999999999991,4,1175,99.7666666666666,0,7.9602041944578e-16,13,0,90
414,90.4999999999991,5,2034,99.3869565217397,0,5.51091059616309e-16,9,0,90
414,90.4999999999991,6,1526.00121144478,0,0,14.9095900013965,0,0,0
414,90.4999999999991,7,302.879176411285,0,0,0.3,0,0,0
414,90.5999999999991,1,454.865126854213,-5.53024430287178e-11,0,0.105685667501173,5.02338181637676e-09,0,2.72334540497609e-06
414,90.5999999999991,2,469,99.564705882354,0,3.67394039744206e-16,6,0,90
414,90.5999999999991,3,465.330963854083,3.91999999999999,0,7.34788079488412e-17,1.2,0,90
414,90.5999999999991,4,1175,99.7666666666666,0,7.9602041944578e-16,13,0,90
414,90.5999999999991,5,2034,99.3869565217397,0,5.51091059616309e-16,9,0,90
414,90.5999999999991,6,1527.49191044492,0,0,14.9043900013965,0,0,0
414,90.5999999999991,7,302.879176411285,0,0,0.3,0,0,0
414,90.6999999999991,1,454.865126854213,-5.53024430287178e-11,0,0.105685667501173,5.02338181637676e-09,0,2.72334540497609e-06
414,90.6999999999991,2,469,99.564705882354,0,3.67394039744206e-16,6,0,90
414,90.6999999999991,3,465.330963854083,3.91999999999999,0,7.34788079488412e-17,1.2,0,90
414,90.6999999999991,4,1175,99.7666666666666,0,7.9602041944578e-16,13,0,90
414,90.6999999999991,5,2034,99.3869565217397,0,5.51091059616309e-16,9,0,90
414,90.6999999999991,6,1528.98208944506,0,0,14.8991900013965,0,0,0
414,90.6999999999991,7,302.879176411285,0,0,0.3,0,0,0
414,90.7999999999991,1,454.865126854213,-5.53024430287178e-11,0,0.105685667501173,5.02338181637676e-09,0,2.72334540497609e-06
414,90.7999999999991,2,469,99.564705882354,0,3.67394039744206e-16,6,0,90
414,90.7999999999991,3,465.330963854083,3.91999999999999,0,7.34788079488412e-17,1.2,0,90
414,90.7999999999991,4,1175,99.7666666666666,0,7.9602041944578e-16,13,0,90
414,90.7999999999991,5,2034,99.3869565217397,0,5.51091059616309e-16,9,0,90
414,90.7999999999991,6,1530.4717484452,0,0,14.8939900013965,0,0,0
414,90.7999999999991,7,302.879176411285,0,0,0.3,0,0,0
414,90.8999999999991,1,454.865126854213,-5.53024430287178e-11,0,0.105685667501173,5.02338181637676e-09,0,2.72334540497609e-06
414,90.8999999999991,2,469,99.564705882354,0,3.67394039744206e-16,6,0,90
414,90.8999999999991,3,465.330963854083,3.91999999999999,0,7.34788079488412e-17,1.2,0,90
414,90.8999999999991,4,1175,99.7666666666666,0,7.9602041944578e-16,13,0,90
414,90.8999999999991,5,2034,99.3869565217397,0,5.51091059616309e-16,9,0,90
414,90.8999999999991,6,1531.96088744534,0,0,14.8887900013965,0,0,0
414,90.8999999999991,7,302.879176411285,0,0,0.3,0,0,0
414,90.9999999999991,1,454.865126854213,-5.53024430287178e-11,0,0.105685667501173,5.02338181637676e-09,0,2.72334540497609e-06
414,90.9999999999991,2,469,99.564705882354,0,3.67394039744206e-16,6,0,90
414,90.9999999999991,3,465.330963854083,3.91999999999999,0,7.34788079488412e-17,1.2,0,90
414,90.9999999999991,4,1175,99.7666666666666,0,7.9602041944578e-16,13,0,90
414,90.9999999999991,5,2034,99.3869565217397,0,5.51091059616309e-16,9,0,90
414,90.9999999999991,6,1533.44950644548,0,0,14.8835900013965,0,0,0
414,90.9999999999991,7,302.879176411285,0,0,0.3,0,0,0
414,91.0999999999991,1,454.865126854213,-5.53024430287178e-11,0,0.105685667501173,5.02338181637676e-09,0,2.72334540497609e-06
414,91.0999999999991,2,469,99.564705882354,0,3.67394039744206e-16,6,0,90
414,91.0999999999991,3,465.330963854083,3.91999999999999,0,7.34788079488412e-17,1.2,0,90
414,91.0999999999991,4,1175,99.7666666666666,0,7.9602041944578e-16,13,0,90
414,91.0999999999991,5,2034,99.3869565217397,0,5.51091059616309e-16,9,0,90
414,91.0999999999991,6,1534.93760544562,0,0,14.8783900013965,0,0,0
414,91.0999999999991,7,302.879176411285,0,0,0.3,0,0,0
414,91.1999999999991,1,454.865126854213,-5.53024430287178e-11,0,0.105685667501173,5.02338181637676e-09,0,2.72334540497609e-06
414,91.1999999999991,2,469,99.564705882354,0,3.67394039744206e-16,6,0,90
414,91.1999999999991,3,465.330963854083,3.91999999999999,0,7.34788079488412e-17,1.2,0,90
414,91.1999999999991,4,1175,99.7666666666666,0,7.9602041944578e-16,13,0,90
414,91.1999999999991,5,2034,99.3869565217397,0,5.51091059616309e-16,9,0,90
414,91.1999999999991,6,1536.42518444576,0,0,14.8731900013965,0,0,0
414,91.1999999999991,7,302.879176411285,0,0,0.3,0,0,0
414,91.2999999999991,1,454.865126854213,-5.53024430287178e-11,0,0.105685667501173,5.02338181637676e-09,0,2.72334540497609e-06
414,91.2999999999991,2,469,99.564705882354,0,3.67394039744206e-16,6,0,90
414,91.2999999999991,3,465.330963854083,3.91999999999999,0,7.34788079488412e-17,1.2,0,90
414,91.2999999999991,4,1175,99.7666666666666,0,7.9602041944578e-16,13,0,90
414,91.2999999999991,5,2034,99.3869565217397,0,5.51091059616309e-16,9,0,90
414,91.2999999999991,6,1537.9122434459,0,0,14.8679900013965,0,0,0
414,91.2999999999991,7,302.879176411285,0,0,0.3,0,0,0
414,91.3999999999991,1,454.865126854213,-5.53024430287178e-11,0,0.105685667501173,5.02338181637676e-09,0,2.72334540497609e-06
414,91.3999999999991,2,469,99.564705882354,0,3.67394039744206e-16,6,0,90
414,91.3999999999991,3,465.330963854083,3.91999999999999,0,7.34788079488412e-17,1.2,0,90
414,91.3999999999991,4,1175,99.7666666666666,0,7.9602041944578e-16,13,0,90
414,91.3999999999991,5,2034,99.3869565217397,0,5.51091059616309e-16,9,0,90
414,91.3999999999991,6,1539.39878244604,0,0,14.8627900013965,0,0,0
414,91.3999999999991,7,302.879176411285,0,0,0.3,0,0,0
414,91.4999999999991,1,454.865126854213,-5.53024430287178e-11,0,0.105685667501173,5.02338181637676e-09,0,2.72334540497609e-06
414,91.4999999999991,2,469,99.564705882354,0,3.67394039744206e-16,6,0,90
414,91.4999999999991,3,465.330963854083,3.91999999999999,0,7.34788079488412e-17,1.2,0,90
414,91.4999999999991,4,1175,99.7666666666666,0,7.9602041944578e-16,13,0,90
414,91.4999999999991,5,2034,99.3869565217397,0,5.51091059616309e-16,9,0,90
414,91.4999999999991,6,1540.88480144618,0,0,14.8575900013965,0,0,0
414,91.4999999999991,7,302.879176411285,0,0,0.3,0,0,0
414,91.5999999999991,1,454.865126854213,-5.53024430287178e-11,0,0.105685667501173,5.02338181637676e-09,0,2.72334540497609e-06
414,91.5999999999991,2,469,99.564705882354,0,3.67394039744206e-16,6,0,90
414,91.5999999999991,3,465.330963854083,3.91999999999999,0,7.34788079488412e-17,1.2,0,90
414,91.5999999999991,4,1175,99.7666666666666,0,7.9602041944578e-16,13,0,90
414,91.5999999999991,5,2034,99.3869565217397,0,5.51091059616309e-16,9,0,90
414,91.5999999999991,6,1542.37030044632,0,0,14.8523900013965,0,0,0
414,91.5999999999991,7,302.879176411285,0,0,0.3,0,0,0
414,91.6999999999991,1,454.865126854213,-5.53024430287178e-11,0,0.105685667501173,5.02338181637676e-09,0,2.72334540497609e-06
414,91.6999999999991,2,469,99.564705882354,0,3.67394039744206e-16,6,0,90
414,91.6999999999991,3,465.330963854083,3.91999999999999,0,7.34788079488412e-17,1.2,0,90
414,91.6999999999991,4,1175,99.7666666666666,0,7.9602041944578e-16,13,0,90
414,91.6999999999991,5,2034,99.3869565217397,0,5.51091059616309e-16,9,0,90
414,91.6999999999991,6,1543.85527944646,0,0,14.8471900013965,0,0,0
414,91.6999999999991,7,302.879176411285,0,0,0.3,0,0,0
414,91.7999999999991,1,454.865126854213,-5.53024430287178e-11,0,0.105685667501173,5.02338181637676e-09,0,2.72334540497609e-06
414,91.7999999999991,2,469,99.564705882354,0,3.67394039744206e-16,6,0,90
414,91.7999999999991,3,465.330963854083,3.91999999999999,0,7.34788079488412e-17,1.2,0,90
414,91.7999999999991,4,1175,99.7666666666666,0,7.9602041944578e-16,13,0,90
414,91.7999999999991,5,2034,99.3869565217397,0,5.51091059616309e-16,9,0,90
414,91.7999999999991,6,1545.3397384466,0,0,14.8419900013965,0,0,0
414,91.7999999999991,7,302.879176411285,0,0,0.3,0,0,0
414,91.8999999999991,1,454.865126854213,-5.53024430287178e-11,0,0.105685667501173,5.02338181637676e-09,0,2.72334540497609e-06
414,91.8999999999991,2,469,99.564705882354,0,3.67394039744206e-16,6,0,90
414,91.8999999999991,3,465.330963854083,3.91999999999999,0,7.34788079488412e-17,1.2,0,90
414,91.8999999999991,4,1175,99.7666666666666,0,7.9602041944578e-16,13,0,90
414,91.8999999999991,5,2034,99.3869565217397,0,5.51091059616309e-16,9,0,90
414,91.8999999999991,6,1546.82367744674,0,0,14.8367900013965,0,0,0
414,91.8999999999991,7,302.879176411285,0,0,0.3,0,0,0
414,91.999999999999,1,454.865126854213,-5.53024430287178e-11,0,0.105685667501173,5.02338181637676e-09,0,2.72334540497609e-06
414,91.999999999999,2,469,99.564705882354,0,3.67394039744206e-16,6,0,90
414,91.999999999999,3,465.330963854083,3.91999999999999,0,7.34788079488412e-17,1.2,0,90
414,91.999999999999,4,1175,99.7666666666666,0,7.9602041944578e-16,13,0,90
414,91.999999999999,5,2034,99.3869565217397,0,5.51091059616309e-16,9,0,90
414,91.999999999999,6,1548.30709644688,0,0,14.8315900013965,0,0,0
414,91.999999999999,7,302.879176411285,0,0,0.3,0,0,0
414,92.099999999999,1,454.865126854213,-5.53024430287178e-11,0,0.105685667501173,5.02338181637676e-09,0,2.72334540497609e-06
414,92.099999999999,2,469,99.564705882354,0,3.67394039744206e-16,6,0,90
414,92.099999999999,3,465.330963854083,3.91999999999999,0,7.34788079488412e-17,1.2,0,90
414,92.099999999999,4,1175,99.7666666666666,0,7.9602041944578e-16,13,0,90
414,92.099999999999,5,2034,99.3869565217397,0,5.51091059616309e-16,9,0,90
414,92.099999999999,6,1549.78999544702,0,0,14.8263900013965,0,0,0
414,92.099999999999,7,302.879176411285,0,0,0.3,0,0,0
414,92.199999999999,1,454.865126854213,-5.53024430287178e-11,0,0.105685667501173,5.02338181637676e-09,0,2.72334540497609e-06
414,92.199999999999,2,469,99.564705882354,0,3.67394039744206e-16,6,0,90
414,92.199999999999,3,465.330963854083,3.91999999999999,0,7.34788079488412e-17,1.2,0,90
414,92.199999999999,4,1175,99.7666666666666,0,7.9602041944578e-16,13,0,90
414,92.199999999999,5,2034,99.3869565217397,0,5.51091059616309e-16,9,0,90
414,92.199999999999,6,1551.27237444716,0,0,14.8211900013965,0,0,0
414,92.199999999999,7,302.879176411285,0,0,0.3,0,0,0
414,92.299999999999,1,454.865126854213,-5.53024430287178e-11,0,0.105685667501173,5.02338181637676e-09,0,2.72334540497609e-06
414,92.299999999999,2,469,99.564705882354,0,3.67394039744206e-16,6,0,90
414,92.299999999999,3,465.330963854083,3.91999999999999,0,7.34788079488412e-17,1.2,0,90
414,92.299999999999,4,1175,99.7666666666666,0,7.9602041944578e-16,13,0,90
414,92.299999999999,5,2034,99.3869565217397,0,5.51091059616309e-16,9,0,90
414,92.299999999999,6,1552.7542334473,0,0,14.8159900013965,0,0,0
414,92.299999999999,7,302.879176411285,0,0,0.3,0,0,0
414,92.399999999999,1,454.865126854213,-5.53024430287178e-11,0,0.105685667501173,5.02338181637676e-09,0,2.72334540497609e-06
414,92.399999999999,2,469,99.564705882354,0,3.67394039744206e-16,6,0,90
414,92.399999999999,3,465.330963854083,3.91999999999999,0,7.34788079488412e-17,1.2,0,90
414,92.399999999999,4,1175,99.7666666666666,0,7.9602041944578e-16,13,0,90
414,92.399999999999,5,2034,99.3869565217397,0,5.51091059616309e-16,9,0,90
414,92.399999999999,6,1554.23557244744,0,0,14.8107900013965,0,0,0
414,92.399999999999,7,302.879176411285,0,0,0.3,0,0,0
414,92.499999999999,1,454.865126854213,-5.53024430287178e-11,0,0.105685667501173,5.02338181637676e-09,0,2.72334540497609e-06
414,92.499999999999,2,469,99.564705882354,0,3.67394039744206e-16,6,0,90
414,92.499999999999,3,465.330963854083,3.91999999999999,0,7.34788079488412e-17,1.2,0,90
414,92.499999999999,4,1175,99.7666666666666,0,7.9602041944578e-16,13,0,90
414,92.499999999999,5,2034,99.3869565217397,0,5.51091059616309e-16,9,0,90
414,92.499999999999,6,1555.71639144758,0,0,14.8055900013965,0,0,0
414,92.499999999999,7,302.879176411285,0,0,0.3,0,0,0
414,92.599999999999,1,454.865126854213,-5.53024430287178e-11,0,0.105685667501173,5.02338181637676e-09,0,2.72334540497609e-06
414,92.599999999999,2,469,99.564705882354,0,3.67394039744206e-16,6,0,90
414,92.599999999999,3,465.330963854083,3.91999999999999,0,7.34788079488412e-17,1.2,0,90
414,92.599999999999,4,1175,99.7666666666666,0,7.9602041944578e-16,13,0,90
414,92.599999999999,5,2034,99.3869565217397,0,5.51091059616309e-16,9,0,90
414,92.599999999999,6,1557.19669044772,0,0,14.8003900013965,0,0,0
414,92.599999999999,7,302.879176411285,0,0,0.3,0,0,0
414,92.699999999999,1,454.865126854213,-5.53024430287178e-11,0,0.105685667501173,5.02338181637676e-09,0,2.72334540497609e-06
414,92.699999999999,2,469,99.564705882354,0,3.67394039744206e-16,6,0,90
414,92.699999999999,3,465.330963854083,3.91999999999999,0,7.34788079488412e-17,1.2,0,90
414,92.699999999999,4,1175,99.7666666666666,0,7.9602041944578e-16,13,0,90
414,92.699999999999,5,2034,99.3869565217397,0,5.51091059616309e-16,9,0,90
414,92.699999999999,6,1558.67646944785,0,0,14.7951900013965,0,0,0
414,92.699999999999,7,302.879176411285,0,0,0.3,0,0,0
414,92.799999999999,1,454.865126854213,-5.53024430287178e-11,0,0.105685667501173,5.02338181637676e-09,0,2.72334540497609e-06
414,92.799999999999,2,469,99.564705882354,0,3.67394039744206e-16,6,0,90
414,92.799999999999,3,465.330963854083,3.91999999999999,0,7.34788079488412e-17,1.2,0,90
414,92.799999999999,4,1175,99.7666666666666,0,7.9602041944578e-16,13,0,90
414,92.799999999999,5,2034,99.3869565217397,0,5.51091059616309e-16,9,0,90
414,92.799999999999,6,1560.15572844799,0,0,14.7899900013965,0,0,0
414,92.799999999999,7,302.879176411285,0,0,0.3,0,0,0
414,92.899999999999,1,454.865126854213,-5.53024430287178e-11,0,0.105685667501173,5.02338181637676e-09,0,2.72334540497609e-06
414,92.899999999999,2,469,99.564705882354,0,3.67394039744206e-16,6,0,90
414,92.899999999999,3,465.330963854083,3.91999999999999,0,7.34788079488412e-17,1.2,0,90
414,92.899999999999,4,1175,99.7666666666666,0,7.9602041944578e-16,13,0,90
414,92.899999999999,5,2034,99.3869565217397,0,5.51091059616309e-16,9,0,90
414,92.899999999999,6,1561.63446744813,0,0,14.7847900013965,0,0,0
414,92.899999999999,7,302.879176411285,0,0,0.3,0,0,0
414,92.999999999999,1,454.865126854213,-5.53024430287178e-11,0,0.105685667501173,5.02338181637676e-09,0,2.72334540497609e-06
414,92.999999999999,2,469,99.564705882354,0,3.67394039744206e-16,6,0,90
414,92.999999999999,3,465.330963854083,3.91999999999999,0,7.34788079488412e-17,1.2,0,90
414,92.999999999999,4,1175,99.7666666666666,0,7.9602041944578e-16,13,0,90
414,92.999999999999,5,2034,99.3869565217397,0,5.51091059616309e-16,9,0,90
414,92.999999999999,6,1563.11268644827,0,0,14.7795900013965,0,0,0
414,92.999999999999,7,302.879176411285,0,0,0.3,0,0,0
414,93.099999999999,1,454.865126854213,-5.53024430287178e-11,0,0.105685667501173,5.02338181637676e-09,0,2.72334540497609e-06
414,93.099999999999,2,469,99.564705882354,0,3.67394039744206e-16,6,0,90
414,93.099999999999,3,465.330963854083,3.91999999999999,0,7.34788079488412e-17,1.2,0,90
414,93.099999999999,4,1175,99.7666666666666,0,7.9602041944578e-16,13,0,90
414,93.099999999999,5,2034,99.3869565217397,0,5.51091059616309e-16,9,0,90
414,93.099999999999,6,1564.59038544841,0,0,14.7743900013965,0,0,0
414,93.099999999999,7,302.879176411285,0,0,0.3,0,0,0
414,93.199999999999,1,454.865126854213,-5.53024430287178e-11,0,0.105685667501173,5.02338181637676e-09,0,2.72334540497609e-06
414,93.199999999999,2,469,99.564705882354,0,3.67394039744206e-16,6,0,90
414,93.199999999999,3,465.330963854083,3.91999999999999,0,7.34788079488412e-17,1.2,0,90
414,93.199999999999,4,1175,99.7666666666666,0,7.9602041944578e-16,13,0,90
414,93.199999999999,5,2034,99.3869565217397,0,5.51091059616309e-16,9,0,90
414,93.199999999999,6,1566.06756444855,0,0,14.7691900013965,0,0,0
414,93.199999999999,7,302.879176411285,0,0,0.3,0,0,0
414,93.299999999999,1,454.865126854213,-5.53024430287178e-11,0,0.105685667501173,5.02338181637676e-09,0,2.72334540497609e-06
414,93.299999999999,2,469,99.564705882354,0,3.67394039744206e-16,6,0,90
414,93.299999999999,3,465.330963854083,3.91999999999999,0,7.34788079488412e-17,1.2,0,90
414,93.299999999999,4,1175,99.7666666666666,0,7.9602041944578e-16,13,0,90
414,93.299999999999,5,2034,99.3869565217397,0,5.51091059616309e-16,9,0,90
414,93.299999999999,6,1567.54422344869,0,0,14.7639900013965,0,0,0
414,93.299999999999,7,302.879176411285,0,0,0.3,0,0,0
414,93.399999999999,1,454.865126854213,-5.53024430287178e-11,0,0.105685667501173,5.02338181637676e-09,0,2.72334540497609e-06
414,93.399999999999,2,469,99.564705882354,0,3.67394039744206e-16,6,0,90
414,93.399999999999,3,465.330963854083,3.91999999999999,0,7.34788079488412e-17,1.2,0,90
414,93.399999999999,4,1175,99.7666666666666,0,7.9602041944578e-16,13,0,90
414,93.399999999999,5,2034,99.3869565217397,0,5.51091059616309e-16,9,0,90
414,93.399999999999,6,1569.02036244883,0,0,14.7587900013965,0,0,0
414,93.399999999999,7,302.879176411285,0,0,0.3,0,0,0
414,93.499999999999,1,454.865126854213,-5.53024430287178e-11,0,0.105685667501173,5.02338181637676e-09,0,2.72334540497609e-06
414,93.499999999999,2,469,99.564705882354,0,3.67394039744206e-16,6,0,90
414,93.499999999999,3,465.330963854083,3.91999999999999,0,7.34788079488412e-17,1.2,0,90
414,93.499999999999,4,1175,99.7666666666666,0,7.9602041944578e-16,13,0,90
414,93.499999999999,5,2034,99.3869565217397,0,5.51091059616309e-16,9,0,90
414,93.499999999999,6,1570.49598144897,0,0,14.7535900013965,0,0,0
414,93.499999999999,7,302.879176411285,0,0,0.3,0,0,0
414,93.599999999999,1,454.865126854213,-5.53024430287178e-11,0,0.105685667501173,5.02338181637676e-09,0,2.72334540497609e-06
414,93.599999999999,2,469,99.564705882354,0,3.67394039744206e-16,6,0,90
414,93.599999999999,3,465.330963854083,3.91999999999999,0,7.34788079488412e-17,1.2,0,90
414,93.599999999999,4,1175,99.7666666666666,0,7.9602041944578e-16,13,0,90
414,93.599999999999,5,2034,99.3869565217397,0,5.51091059616309e-16,9,0,90
414,93.599999999999,6,1571.97108044911,0,0,14.7483900013965,0,0,0
414,93.599999999999,7,302.879176411285,0,0,0.3,0,0,0
414,93.699999999999,1,454.865126854213,-5.53024430287178e-11,0,0.105685667501173,5.02338181637676e-09,0,2.72334540497609e-06
414,93.699999999999,2,469,99.564705882354,0,3.67394039744206e-16,6,0,90
414,93.699999999999,3,465.330963854083,3.91999999999999,0,7.34788079488412e-17,1.2,0,90
414,93.699999999999,4,1175,99.7666666666666,0,7.9602041944578e-16,13,0,90
414,93.699999999999,5,2034,99.3869565217397,0,5.51091059616309e-16,9,0,90
414,93.699999999999,6,1573.44565944925,0,0,14.7431900013965,0,0,0
414,93.699999999999,7,302.879176411285,0,0,0.3,0,0,0
414,93.7999999999989,1,454.865126854213,-5.53024430287178e-11,0,0.105685667501173,5.02338181637676e-09,0,2.72334540497609e-06
414,93.7999999999989,2,469,99.564705882354,0,3.67394039744206e-16,6,0,90
414,93.7999999999989,3,465.330963854083,3.91999999999999,0,7.34788079488412e-17,1.2,0,90
414,93.7999999999989,4,1175,99.7666666666666,0,7.9602041944578e-16,13,0,90
414,93.7999999999989,5,2034,99.3869565217397,0,5.51091059616309e-16,9,0,90
414,93.7999999999989,6,1574.91971844939,0,0,14.7379900013965,0,0,0
414,93.7999999999989,7,302.879176411285,0,0,0.3,0,0,0
414,93.8999999999989,1,454.865126854213,-5.53024430287178e-11,0,0.105685667501173,5.02338181637676e-09,0,2.72334540497609e-06
414,93.8999999999989,2,469,99.564705882354,0,3.67394039744206e-16,6,0,90
414,93.8999999999989,3,465.330963854083,3.91999999999999,0,7.34788079488412e-17,1.2,0,90
414,93.8999999999989,4,1175,99.7666666666666,0,7.9602041944578e-16,13,0,90
414,93.8999999999989,5,2034,99.3869565217397,0,5.51091059616309e-16,9,0,90
414,93.8999999999989,6,1576.39325744953,0,0,14.7327900013965,0,0,0
414,93.8999999999989,7,302.879176411285,0,0,0.3,0,0,0
414,93.9999999999989,1,454.865126854213,-5.53024430287178e-11,0,0.105685667501173,5.02338181637676e-09,0,2.72334540497609e-06
414,93.9999999999989,2,469,99.564705882354,0,3.67394039744206e-16,6,0,90
414,93.9999999999989,3,465.330963854083,3.91999999999999,0,7.34788079488412e-17,1.2,0,90
414,93.9999999999989,4,1175,99.7666666666666,0,7.9602041944578e-16,13,0,90
414,93.9999999999989,5,2034,99.3869565217397,0,5.51091059616309e-16,9,0,90
414,93.9999999999989,6,1577.86627644967,0,0,14.7275900013965,0,0,0
414,93.9999999999989,7,302.879176411285,0,0,0.3,0,0,0
414,94.0999999999989,1,454.865126854213,-5.53024430287178e-11,0,0.105685667501173,5.02338181637676e-09,0,2.72334540497609e-06
414,94.0999999999989,2,469,99.564705882354,0,3.67394039744206e-16,6,0,90
414,94.0999999999989,3,465.330963854083,3.91999999999999,0,7.34788079488412e-17,1.2,0,90
414,94.0999999999989,4,1175,99.7666666666666,0,7.9602041944578e-16,13,0,90
414,94.0999999999989,5,2034,99.3869565217397,0,5.51091059616309e-16,9,0,90
414,94.0999999999989,6,1579.33877544981,0,0,14.7223900013965,0,0,0
414,94.0999999999989,7,302.879176411285,0,0,0.3,0,0,0
414,94.1999999999989,1,454.865126854213,-5.53024430287178e-11,0,0.105685667501173,5.02338181637676e-09,0,2.72334540497609e-06
414,94.1999999999989,2,469,99.564705882354,0,3.67394039744206e-16,6,0,90
414,94.1999999999989,3,465.330963854083,3.91999999999999,0,7.34788079488412e-17,1.2,0,90
414,94.1999999999989,4,1175,99.7666666666666,0,7.9602041944578e-16,13,0,90
414,94.1999999999989,5,2034,99.3869565217397,0,5.51091059616309e-16,9,0,90
414,94.1999999999989,6,1580.81075444995,0,0,14.7171900013965,0,0,0
414,94.1999999999989,7,302.879176411285,0,0,0.3,0,0,0
414,94.2999999999989,1,454.865126854213,-5.53024430287178e-11,0,0.105685667501173,5.02338181637676e-09,0,2.72334540497609e-06
414,94.2999999999989,2,469,99.564705882354,0,3.67394039744206e-16,6,0,90
414,94.2999999999989,3,465.330963854083,3.91999999999999,0,7.34788079488412e-17,1.2,0,90
414,94.2999999999989,4,1175,99.7666666666666,0,7.9602041944578e-16,13,0,90
414,94.2999999999989,5,2034,99.3869565217397,0,5.51091059616309e-16,9,0,90
414,94.2999999999989,6,1582.28221345009,0,0,14.7119900013965,0,0,0
414,94.2999999999989,7,302.879176411285,0,0,0.3,0,0,0
414,94.3999999999989,1,454.865126854213,-5.53024430287178e-11,0,0.105685667501173,5.02338181637676e-09,0,2.72334540497609e-06
414,94.3999999999989,2,469,99.564705882354,0,3.67394039744206e-16,6,0,90
414,94.3999999999989,3,465.330963854083,3.91999999999999,0,7.34788079488412e-17,1.2,0,90
414,94.3999999999989,4,1175,99.7666666666666,0,7.9602041944578e-16,13,0,90
414,94.3999999999989,5,2034,99.3869565217397,0,5.51091059616309e-16,9,0,90
414,94.3999999999989,6,1583.75315245023,0,0,14.7067900013965,0,0,0
414,94.3999999999989,7,302.879176411285,0,0,0.3,0,0,0
414,94.4999999999989,1,454.865126854213,-5.53024430287178e-11,0,0.105685667501173,5.02338181637676e-09,0,2.72334540497609e-06
414,94.4999999999989,2,469,99.564705882354,0,3.67394039744206e-16,6,0,90
414,94.4999999999989,3,465.330963854083,3.91999999999999,0,7.34788079488412e-17,1.2,0,90
414,94.4999999999989,4,1175,99.7666666666666,0,7.9602041944578e-16,13,0,90
414,94.4999999999989,5,2034,99.3869565217397,0,5.51091059616309e-16,9,0,90
414,94.4999999999989,6,1585.22357145037,0,0,14.7015900013965,0,0,0
414,94.4999999999989,7,302.879176411285,0,0,0.3,0,0,0
414,94.5999999999989,1,454.865126854213,-5.53024430287178e-11,0,0.105685667501173,5.02338181637676e-09,0,2.72334540497609e-06
414,94.5999999999989,2,469,99.564705882354,0,3.67394039744206e-16,6,0,90
414,94.5999999999989,3,465.330963854083,3.91999999999999,0,7.34788079488412e-17,1.2,0,90
414,94.5999999999989,4,1175,99.7666666666666,0,7.9602041944578e-16,13,0,90
414,94.5999999999989,5,2034,99.3869565217397,0,5.51091059616309e-16,9,0,90
414,94.5999999999989,6,1586.69347045051,0,0,14.6963900013965,0,0,0
414,94.5999999999989,7,302.879176411285,0,0,0.3,0,0,0
414,94.6999999999989,1,454.865126854213,-5.53024430287178e-11,0,0.105685667501173,5.02338181637676e-09,0,2.72334540497609e-06
414,94.6999999999989,2,469,99.564705882354,0,3.67394039744206e-16,6,0,90
414,94.6999999999989,3,465.330963854083,3.91999999999999,0,7.34788079488412e-17,1.2,0,90
414,94.6999999999989,4,1175,99.7666666666666,0,7.9602041944578e-16,13,0,90
414,94.6999999999989,5,2034,99.3869565217397,0,5.51091059616309e-16,9,0,90
414,94.6999999999989,6,1588.16284945065,0,0,14.6911900013965,0,0,0
414,94.6999999999989,7,302.879176411285,0,0,0.3,0,0,0
414,94.7999999999989,1,454.865126854213,-5.53024430287178e-11,0,0.105685667501173,5.02338181637676e-09,0,2.72334540497609e-06
414,94.7999999999989,2,469,99.564705882354,0,3.67394039744206e-16,6,0,90
414,94.7999999999989,3,465.330963854083,3.91999999999999,0,7.34788079488412e-17,1.2,0,90
414,94.7999999999989,4,1175,99.7666666666666,0,7.9602041944578e-16,13,0,90
414,94.7999999999989,5,2034,99.3869565217397,0,5.51091059616309e-16,9,0,90
414,94.7999999999989,6,1589.63170845079,0,0,14.6859900013965,0,0,0
414,94.7999999999989,7,302.879176411285,0,0,0.3,0,0,0
414,94.8999999999989,1,454.865126854213,-5.53024430287178e-11,0,0.105685667501173,5.02338181637676e-09,0,2.72334540497609e-06
414,94.8999999999989,2,469,99.564705882354,0,3.67394039744206e-16,6,0,90
414,94.8999999999989,3,465.330963854083,3.91999999999999,0,7.34788079488412e-17,1.2,0,90
414,94.8999999999989,4,1175,99.7666666666666,0,7.9602041944578e-16,13,0,90
414,94.8999999999989,5,2034,99.3869565217397,0,5.51091059616309e-16,9,0,90
414,94.8999999999989,6,1591.10004745093,0,0,14.6807900013965,0,0,0
414,94.8999999999989,7,302.879176411285,0,0,0.3,0,0,0
414,94.9999999999989,1,454.865126854213,-5.53024430287178e-11,0,0.105685667501173,5.02338181637676e-09,0,2.72334540497609e-06
414,94.9999999999989,2,469,99.564705882354,0,3.67394039744206e-16,6,0,90
414,94.9999999999989,3,465.330963854083,3.91999999999999,0,7.34788079488412e-17,1.2,0,90
414,94.9999999999989,4,1175,99.7666666666666,0,7.9602041944578e-16,13,0,90
414,94.9999999999989,5,2034,99.3869565217397,0,5.51091059616309e-16,9,0,90
414,94.9999999999989,6,1592.56786645106,0,0,14.6755900013965,0,0,0
414,94.9999999999989,7,302.879176411285,0,0,0.3,0,0,0
414,95.0999999999989,1,454.865126854213,-5.53024430287178e-11,0,0.105685667501173,5.02338181637676e-09,0,2.72334540497609e-06
414,95.0999999999989,2,469,99.564705882354,0,3.67394039744206e-16,6,0,90
414,95.0999999999989,3,465.330963854083,3.91999999999999,0,7.34788079488412e-17,1.2,0,90
414,95.0999999999989,4,1175,99.7666666666666,0,7.9602041944578e-16,13,0,90
414,95.0999999999989,5,2034,99.3869565217397,0,5.51091059616309e-16,9,0,90
414,95.0999999999989,6,1594.0351654512,0,0,14.6703900013965,0,0,0
414,95.0999999999989,7,302.879176411285,0,0,0.3,0,0,0
414,95.1999999999989,1,454.865126854213,-5.53024430287178e-11,0,0.105685667501173,5.02338181637676e-09,0,2.72334540497609e-06
414,95.1999999999989,2,469,99.564705882354,0,3.67394039744206e-16,6,0,90
414,95.1999999999989,3,465.330963854083,3.91999999999999,0,7.34788079488412e-17,1.2,0,90
414,95.1999999999989,4,1175,99.7666666666666,0,7.9602041944578e-16,13,0,90
414,95.1999999999989,5,2034,99.3869565217397,0,5.51091059616309e-16,9,0,90
414,95.1999999999989,6,1595.50194445134,0,0,14.6651900013965,0,0,0
414,95.1999999999989,7,302.879176411285,0,0,0.3,0,0,0
414,95.2999999999989,1,454.865126854213,-5.53024430287178e-11,0,0.105685667501173,5.02338181637676e-09,0,2.72334540497609e-06
414,95.2999999999989,2,469,99.564705882354,0,3.67394039744206e-16,6,0,90
414,95.2999999999989,3,465.330963854083,3.91999999999999,0,7.34788079488412e-17,1.2,0,90
414,95.2999999999989,4,1175,99.7666666666666,0,7.9602041944578e-16,13,0,90
414,95.2999999999989,5,2034,99.3869565217397,0,5.51091059616309e-16,9,0,90
414,95.2999999999989,6,1596.96820345148,0,0,14.6599900013965,0,0,0
414,95.2999999999989,7,302.879176411285,0,0,0.3,0,0,0
414,95.3999999999989,1,454.865126854213,-5.53024430287178e-11,0,0.105685667501173,5.02338181637676e-09,0,2.72334540497609e-06
414,95.3999999999989,2,469,99.564705882354,0,3.67394039744206e-16,6,0,90
414,95.3999999999989,3,465.330963854083,3.91999999999999,0,7.34788079488412e-17,1.2,0,90
414,95.3999999999989,4,1175,99.7666666666666,0,7.9602041944578e-16,13,0,90
414,95.3999999999989,5,2034,99.3869565217397,0,5.51091059616309e-16,9,0,90
414,95.3999999999989,6,1598.43394245162,0,0,14.6547900013965,0,0,0
414,95.3999999999989,7,302.879176411285,0,0,0.3,0,0,0
414,95.4999999999988,1,454.865126854213,-5.53024430287178e-11,0,0.105685667501173,5.02338181637676e-09,0,2.72334540497609e-06
414,95.4999999999988,2,469,99.564705882354,0,3.67394039744206e-16,6,0,90
414,95.4999999999988,3,465.330963854083,3.91999999999999,0,7.34788079488412e-17,1.2,0,90
414,95.4999999999988,4,1175,99.7666666666666,0,7.9602041944578e-16,13,0,90
414,95.4999999999988,5,2034,99.3869565217397,0,5.51091059616309e-16,9,0,90
414,95.4999999999988,6,1599.89916145176,0,0,14.6495900013965,0,0,0
414,95.4999999999988,7,302.879176411285,0,0,0.3,0,0,0
414,95.5999999999988,1,454.865126854213,-5.53024430287178e-11,0,0.105685667501173,5.02338181637676e-09,0,2.72334540497609e-06
414,95.5999999999988,2,469,99.564705882354,0,3.67394039744206e-16,6,0,90
414,95.5999999999988,3,465.330963854083,3.91999999999999,0,7.34788079488412e-17,1.2,0,90
414,95.5999999999988,4,1175,99.7666666666666,0,7.9602041944578e-16,13,0,90
414,95.5999999999988,5,2034,99.3869565217397,0,5.51091059616309e-16,9,0,90
414,95.5999999999988,6,1601.3638604519,0,0,14.6443900013965,0,0,0
414,95.5999999999988,7,302.879176411285,0,0,0.3,0,0,0
414,95.6999999999988,1,454.865126854213,-5.53024430287178e-11,0,0.105685667501173,5.02338181637676e-09,0,2.72334540497609e-06
414,95.6999999999988,2,469,99.564705882354,0,3.67394039744206e-16,6,0,90
414,95.6999999999988,3,465.330963854083,3.91999999999999,0,7.34788079488412e-17,1.2,0,90
414,95.6999999999988,4,1175,99.7666666666666,0,7.9602041944578e-16,13,0,90
414,95.6999999999988,5,2034,99.3869565217397,0,5.51091059616309e-16,9,0,90
414,95.6999999999988,6,1602.82803945204,0,0,14.6391900013965,0,0,0
414,95.6999999999988,7,302.879176411285,0,0,0.3,0,0,0
414,95.7999999999988,1,454.865126854213,-5.53024430287178e-11,0,0.105685667501173,5.02338181637676e-09,0,2.72334540497609e-06
414,95.7999999999988,2,469,99.564705882354,0,3.67394039744206e-16,6,0,90
414,95.7999999999988,3,465.330963854083,3.91999999999999,0,7.34788079488412e-17,1.2,0,90
414,95.7999999999988,4,1175,99.7666666666666,0,7.9602041944578e-16,13,0,90
414,95.7999999999988,5,2034,99.3869565217397,0,5.51091059616309e-16,9,0,90
414,95.7999999999988,6,1604.29169845218,0,0,14.6339900013965,0,0,0
414,95.7999999999988,7,302.879176411285,0,0,0.3,0,0,0
414,95.8999999999988,1,454.865126854213,-5.53024430287178e-11,0,0.105685667501173,5.02338181637676e-09,0,2.72334540497609e-06
414,95.8999999999988,2,469,99.564705882354,0,3.67394039744206e-16,6,0,90
414,95.8999999999988,3,465.330963854083,3.91999999999999,0,7.34788079488412e-17,1.2,0,90
414,95.8999999999988,4,1175,99.7666666666666,0,7.9602041944578e-16,13,0,90
414,95.8999999999988,5,2034,99.3869565217397,0,5.51091059616309e-16,9,0,90
414,95.8999999999988,6,1605.75483745232,0,0,14.6287900013965,0,0,0
414,95.8999999999988,7,302.879176411285,0,0,0.3,0,0,0
414,95.9999999999988,1,454.865126854213,-5.53024430287178e-11,0,0.105685667501173,5.02338181637676e-09,0,2.72334540497609e-06
414,95.9999999999988,2,469,99.564705882354,0,3.67394039744206e-16,6,0,90
414,95.9999999999988,3,465.330963854083,3.91999999999999,0,7.34788079488412e-17,1.2,0,90
414,95.9999999999988,4,1175,99.7666666666666,0,7.9602041944578e-16,13,0,90
414,95.9999999999988,5,2034,99.3869565217397,0,5.51091059616309e-16,9,0,90
414,95.9999999999988,6,1607.21745645246,0,0,14.6235900013965,0,0,0
414,95.9999999999988,7,302.879176411285,0,0,0.3,0,0,0
414,96.0999999999988,1,454.865126854213,-5.53024430287178e-11,0,0.105685667501173,5.02338181637676e-09,0,2.72334540497609e-06
414,96.0999999999988,2,469,99.564705882354,0,3.67394039744206e-16,6,0,90
414,96.0999999999988,3,465.330963854083,3.91999999999999,0,7.34788079488412e-17,1.2,0,90
414,96.0999999999988,4,1175,99.7666666666666,0,7.9602041944578e-16,13,0,90
414,96.0999999999988,5,2034,99.3869565217397,0,5.51091059616309e-16,9,0,90
414,96.0999999999988,6,1608.6795554526,0,0,14.6183900013965,0,0,0
414,96.0999999999988,7,302.879176411285,0,0,0.3,0,0,0
414,96.1999999999988,1,454.865126854213,-5.53024430287178e-11,0,0.105685667501173,5.02338181637676e-09,0,2.72334540497609e-06
414,96.1999999999988,2,469,99.564705882354,0,3.67394039744206e-16,6,0,90
414,96.1999999999988,3,465.330963854083,3.91999999999999,0,7.34788079488412e-17,1.2,0,90
414,96.1999999999988,4,1175,99.7666666666666,0,7.9602041944578e-16,13,0,90
414,96.1999999999988,5,2034,99.3869565217397,0,5.51091059616309e-16,9,0,90
414,96.1999999999988,6,1610.14113445274,0,0,14.6131900013965,0,0,0
414,96.1999999999988,7,302.879176411285,0,0,0.3,0,0,0
414,96.2999999999988,1,454.865126854213,-5.53024430287178e-11,0,0.105685667501173,5.02338181637676e-09,0,2.72334540497609e-06
414,96.2999999999988,2,469,99.564705882354,0,3.67394039744206e-16,6,0,90
414,96.2999999999988,3,465.330963854083,3.91999999999999,0,7.34788079488412e-17,1.2,0,90
414,96.2999999999988,4,1175,99.7666666666666,0,7.9602041944578e-16,13,0,90
414,96.2999999999988,5,2034,99.3869565217397,0,5.51091059616309e-16,9,0,90
414,96.2999999999988,6,1611.60219345288,0,0,14.6079900013965,0,0,0
414,96.2999999999988,7,302.879176411285,0,0,0.3,0,0,0
414,96.3999999999988,1,454.865126854213,-5.53024430287178e-11,0,0.105685667501173,5.02338181637676e-09,0,2.72334540497609e-06
414,96.3999999999988,2,469,99.564705882354,0,3.67394039744206e-16,6,0,90
414,96.3999999999988,3,465.330963854083,3.91999999999999,0,7.34788079488412e-17,1.2,0,90
414,96.3999999999988,4,1175,99.7666666666666,0,7.9602041944578e-16,13,0,90
414,96.3999999999988,5,2034,99.3869565217397,0,5.51091059616309e-16,9,0,90
414,96.3999999999988,6,1613.06273245302,0,0,14.6027900013965,0,0,0
414,96.3999999999988,7,302.879176411285,0,0,0.3,0,0,0
414,96.4999999999988,1,454.865126854213,-5.53024430287178e-11,0,0.105685667501173,5.02338181637676e-09,0,2.72334540497609e-06
414,96.4999999999988,2,469,99.564705882354,0,3.67394039744206e-16,6,0,90
414,96.4999999999988,3,465.330963854083,3.91999999999999,0,7.34788079488412e-17,1.2,0,90
414,96.4999999999988,4,1175,99.7666666666666,0,7.9602041944578e-16,13,0,90
414,96.4999999999988,5,2034,99.3869565217397,0,5.51091059616309e-16,9,0,90
414,96.4999999999988,6,1614.52275145316,0,0,14.5975900013965,0,0,0
414,96.4999999999988,7,302.879176411285,0,0,0.3,0,0,0
414,96.5999999999988,1,454.865126854213,-5.53024430287178e-11,0,0.105685667501173,5.02338181637676e-09,0,2.72334540497609e-06
414,96.5999999999988,2,469,99.564705882354,0,3.67394039744206e-16,6,0,90
414,96.5999999999988,3,465.330963854083,3.91999999999999,0,7.34788079488412e-17,1.2,0,90
414,96.5999999999988,4,1175,99.7666666666666,0,7.9602041944578e-16,13,0,90
414,96.5999999999988,5,2034,99.3869565217397,0,5.51091059616309e-16,9,0,90
414,96.5999999999988,6,1615.9822504533,0,0,14.5923900013965,0,0,0
414,96.5999999999988,7,302.879176411285,0,0,0.3,0,0,0
414,96.6999999999988,1,454.865126854213,-5.53024430287178e-11,0,0.105685667501173,5.02338181637676e-09,0,2.72334540497609e-06
414,96.6999999999988,2,469,99.564705882354,0,3.67394039744206e-16,6,0,90
414,96.6999999999988,3,465.330963854083,3.91999999999999,0,7.34788079488412e-17,1.2,0,90
414,96.6999999999988,4,1175,99.7666666666666,0,7.9602041944578e-16,13,0,90
414,96.6999999999988,5,2034,99.3869565217397,0,5.51091059616309e-16,9,0,90
414,96.6999999999988,6,1617.44122945344,0,0,14.5871900013965,0,0,0
414,96.6999999999988,7,302.879176411285,0,0,0.3,0,0,0
414,96.7999999999988,1,454.865126854213,-5.53024430287178e-11,0,0.105685667501173,5.02338181637676e-09,0,2.72334540497609e-06
414,96.7999999999988,2,469,99.564705882354,0,3.67394039744206e-16,6,0,90
414,96.7999999999988,3,465.330963854083,3.91999999999999,0,7.34788079488412e-17,1.2,0,90
414,96.7999999999988,4,1175,99.7666666666666,0,7.9602041944578e-16,13,0,90
414,96.7999999999988,5,2034,99.3869565217397,0,5.51091059616309e-16,9,0,90
414,96.7999999999988,6,1618.89968845358,0,0,14.5819900013965,0,0,0
414,96.7999999999988,7,302.879176411285,0,0,0.3,0,0,0
414,96.8999999999988,1,454.865126854213,-5.53024430287178e-11,0,0.105685667501173,5.02338181637676e-09,0,2.72334540497609e-06
414,96.8999999999988,2,469,99.564705882354,0,3.67394039744206e-16,6,0,90
414,96.8999999999988,3,465.330963854083,3.91999999999999,0,7.34788079488412e-17,1.2,0,90
414,96.8999999999988,4,1175,99.7666666666666,0,7.9602041944578e-16,13,0,90
414,96.8999999999988,5,2034,99.3869565217397,0,5.51091059616309e-16,9,0,90
414,96.8999999999988,6,1620.35762745372,0,0,14.5767900013965,0,0,0
414,96.8999999999988,7,302.879176411285,0,0,0.3,0,0,0
414,96.9999999999988,1,454.865126854213,-5.53024430287178e-11,0,0.105685667501173,5.02338181637676e-09,0,2.72334540497609e-06
414,96.9999999999988,2,469,99.564705882354,0,3.67394039744206e-16,6,0,90
414,96.9999999999988,3,465.330963854083,3.91999999999999,0,7.34788079488412e-17,1.2,0,90
414,96.9999999999988,4,1175,99.7666666666666,0,7.9602041944578e-16,13,0,90
414,96.9999999999988,5,2034,99.3869565217397,0,5.51091059616309e-16,9,0,90
414,96.9999999999988,6,1621.81504645386,0,0,14.5715900013965,0,0,0
414,96.9999999999988,7,302.879176411285,0,0,0.3,0,0,0
414,97.0999999999988,1,454.865126854213,-5.53024430287178e-11,0,0.105685667501173,5.02338181637676e-09,0,2.72334540497609e-06
414,97.0999999999988,2,469,99.564705882354,0,3.67394039744206e-16,6,0,90
414,97.0999999999988,3,465.330963854083,3.91999999999999,0,7.34788079488412e-17,1.2,0,90
414,97.0999999999988,4,1175,99.7666666666666,0,7.9602041944578e-16,13,0,90
414,97.0999999999988,5,2034,99.3869565217397,0,5.51091059616309e-16,9,0,90
414,97.0999999999988,6,1623.271945454,0,0,14.5663900013965,0,0,0
414,97.0999999999988,7,302.879176411285,0,0,0.3,0,0,0
414,97.1999999999988,1,454.865126854213,-5.53024430287178e-11,0,0.105685667501173,5.02338181637676e-09,0,2.72334540497609e-06
414,97.1999999999988,2,469,99.564705882354,0,3.67394039744206e-16,6,0,90
414,97.1999999999988,3,465.330963854083,3.91999999999999,0,7.34788079488412e-17,1.2,0,90
414,97.1999999999988,4,1175,99.7666666666666,0,7.9602041944578e-16,13,0,90
414,97.1999999999988,5,2034,99.3869565217397,0,5.51091059616309e-16,9,0,90
414,97.1999999999988,6,1624.72832445414,0,0,14.5611900013965,0,0,0
414,97.1999999999988,7,302.879176411285,0,0,0.3,0,0,0
414,97.2999999999987,1,454.865126854213,-5.53024430287178e-11,0,0.105685667501173,5.02338181637676e-09,0,2.72334540497609e-06
414,97.2999999999987,2,469,99.564705882354,0,3.67394039744206e-16,6,0,90
414,97.2999999999987,3,465.330963854083,3.91999999999999,0,7.34788079488412e-17,1.2,0,90
414,97.2999999999987,4,1175,99.7666666666666,0,7.9602041944578e-16,13,0,90
414,97.2999999999987,5,2034,99.3869565217397,0,5.51091059616309e-16,9,0,90
414,97.2999999999987,6,1626.18418345427,0,0,14.5559900013965,0,0,0
414,97.2999999999987,7,302.879176411285,0,0,0.3,0,0,0
414,97.3999999999987,1,454.865126854213,-5.53024430287178e-11,0,0.105685667501173,5.02338181637676e-09,0,2.72334540497609e-06
414,97.3999999999987,2,469,99.564705882354,0,3.67394039744206e-16,6,0,90
414,97.3999999999987,3,465.330963854083,3.91999999999999,0,7.34788079488412e-17,1.2,0,90
414,97.3999999999987,4,1175,99.7666666666666,0,7.9602041944578e-16,13,0,90
414,97.3999999999987,5,2034,99.3869565217397,0,5.51091059616309e-16,9,0,90
414,97.3999999999987,6,1627.63952245441,0,0,14.5507900013965,0,0,0
414,97.3999999999987,7,302.879176411285,0,0,0.3,0,0,0
414,97.4999999999987,1,454.865126854213,-5.53024430287178e-11,0,0.105685667501173,5.02338181637676e-09,0,2.72334540497609e-06
414,97.4999999999987,2,469,99.564705882354,0,3.67394039744206e-16,6,0,90
414,97.4999999999987,3,465.330963854083,3.91999999999999,0,7.34788079488412e-17,1.2,0,90
414,97.4999999999987,4,1175,99.7666666666666,0,7.9602041944578e-16,13,0,90
414,97.4999999999987,5,2034,99.3869565217397,0,5.51091059616309e-16,9,0,90
414,97.4999999999987,6,1629.09434145455,0,0,14.5455900013965,0,0,0
414,97.4999999999987,7,302.879176411285,0,0,0.3,0,0,0
414,97.5999999999987,1,454.865126854213,-5.53024430287178e-11,0,0.105685667501173,5.02338181637676e-09,0,2.72334540497609e-06
414,97.5999999999987,2,469,99.564705882354,0,3.67394039744206e-16,6,0,90
414,97.5999999999987,3,465.330963854083,3.91999999999999,0,7.34788079488412e-17,1.2,0,90
414,97.5999999999987,4,1175,99.7666666666666,0,7.9602041944578e-16,13,0,90
414,97.5999999999987,5,2034,99.3869565217397,0,5.51091059616309e-16,9,0,90
414,97.5999999999987,6,1630.54864045469,0,0,14.5403900013965,0,0,0
414,97.5999999999987,7,302.879176411285,0,0,0.3,0,0,0
414,97.6999999999987,1,454.865126854213,-5.53024430287178e-11,0,0.105685667501173,5.02338181637676e-09,0,2.72334540497609e-06
414,97.6999999999987,2,469,99.564705882354,0,3.67394039744206e-16,6,0,90
414,97.6999999999987,3,465.330963854083,3.91999999999999,0,7.34788079488412e-17,1.2,0,90
414,97.6999999999987,4,1175,99.7666666666666,0,7.9602041944578e-16,13,0,90
414,97.6999999999987,5,2034,99.3869565217397,0,5.51091059616309e-16,9,0,90
414,97.6999999999987,6,1632.00241945483,0,0,14.5351900013965,0,0,0
414,97.6999999999987,7,302.879176411285,0,0,0.3,0,0,0
414,97.7999999999987,1,454.865126854213,-5.53024430287178e-11,0,0.105685667501173,5.02338181637676e-09,0,2.72334540497609e-06
414,97.7999999999987,2,469,99.564705882354,0,3.67394039744206e-16,6,0,90
414,97.7999999999987,3,465.330963854083,3.91999999999999,0,7.34788079488412e-17,1.2,0,90
414,97.7999999999987,4,1175,99.7666666666666,0,7.9602041944578e-16,13,0,90
414,97.7999999999987,5,2034,99.3869565217397,0,5.51091059616309e-16,9,0,90
414,97.7999999999987,6,1633.45567845497,0,0,14.5299900013965,0,0,0
414,97.7999999999987,7,302.879176411285,0,0,0.3,0,0,0
414,97.8999999999987,1,454.865126854213,-5.53024430287178e-11,0,0.105685667501173,5.02338181637676e-09,0,2.72334540497609e-06
414,97.8999999999987,2,469,99.564705882354,0,3.67394039744206e-16,6,0,90
414,97.8999999999987,3,465.330963854083,3.91999999999999,0,7.34788079488412e-17,1.2,0,90
414,97.8999999999987,4,1175,99.7666666666666,0,7.9602041944578e-16,13,0,90
414,97.8999999999987,5,2034,99.3869565217397,0,5.51091059616309e-16,9,0,90
414,97.8999999999987,6,1634.90841745511,0,0,14.5247900013965,0,0,0
414,97.8999999999987,7,302.879176411285,0,0,0.3,0,0,0
414,97.9999999999987,1,454.865126854213,-5.53024430287178e-11,0,0.105685667501173,5.02338181637676e-09,0,2.72334540497609e-06
414,97.9999999999987,2,469,99.564705882354,0,3.67394039744206e-16,6,0,90
414,97.9999999999987,3,465.330963854083,3.91999999999999,0,7.34788079488412e-17,1.2,0,90
414,97.9999999999987,4,1175,99.7666666666666,0,7.9602041944578e-16,13,0,90
414,97.9999999999987,5,2034,99.3869565217397,0,5.51091059616309e-16,9,0,90
414,97.9999999999987,6,1636.36063645525,0,0,14.5195900013965,0,0,0
414,97.9999999999987,7,302.879176411285,0,0,0.3,0,0,0
414,98.0999999999987,1,454.865126854213,-5.53024430287178e-11,0,0.105685667501173,5.02338181637676e-09,0,2.72334540497609e-06
414,98.0999999999987,2,469,99.564705882354,0,3.67394039744206e-16,6,0,90
414,98.0999999999987,3,465.330963854083,3.91999999999999,0,7.34788079488412e-17,1.2,0,90
414,98.0999999999987,4,1175,99.7666666666666,0,7.9602041944578e-16,13,0,90
414,98.0999999999987,5,2034,99.3869565217397,0,5.51091059616309e-16,9,0,90
414,98.0999999999987,6,1637.81233545539,0,0,14.5143900013965,0,0,0
414,98.0999999999987,7,302.879176411285,0,0,0.3,0,0,0
414,98.1999999999987,1,454.865126854213,-5.53024430287178e-11,0,0.105685667501173,5.02338181637676e-09,0,2.72334540497609e-06
414,98.1999999999987,2,469,99.564705882354,0,3.67394039744206e-16,6,0,90
414,98.1999999999987,3,465.330963854083,3.91999999999999,0,7.34788079488412e-17,1.2,0,90
414,98.1999999999987,4,1175,99.7666666666666,0,7.9602041944578e-16,13,0,90
414,98.1999999999987,5,2034,99.3869565217397,0,5.51091059616309e-16,9,0,90
414,98.1999999999987,6,1639.26351445553,0,0,14.5091900013965,0,0,0
414,98.1999999999987,7,302.879176411285,0,0,0.3,0,0,0
414,98.2999999999987,1,454.865126854213,-5.53024430287178e-11,0,0.105685667501173,5.02338181637676e-09,0,2.72334540497609e-06
414,98.2999999999987,2,469,99.564705882354,0,3.67394039744206e-16,6,0,90
414,98.2999999999987,3,465.330963854083,3.91999999999999,0,7.34788079488412e-17,1.2,0,90
414,98.2999999999987,4,1175,99.7666666666666,0,7.9602041944578e-16,13,0,90
414,98.2999999999987,5,2034,99.3869565217397,0,5.51091059616309e-16,9,0,90
414,98.2999999999987,6,1640.71417345567,0,0,14.5039900013965,0,0,0
414,98.2999999999987,7,302.879176411285,0,0,0.3,0,0,0
414,98.3999999999987,1,454.865126854213,-5.53024430287178e-11,0,0.105685667501173,5.02338181637676e-09,0,2.72334540497609e-06
414,98.3999999999987,2,469,99.564705882354,0,3.67394039744206e-16,6,0,90
414,98.3999999999987,3,465.330963854083,3.91999999999999,0,7.34788079488412e-17,1.2,0,90
414,98.3999999999987,4,1175,99.7666666666666,0,7.9602041944578e-16,13,0,90
414,98.3999999999987,5,2034,99.3869565217397,0,5.51091059616309e-16,9,0,90
414,98.3999999999987,6,1642.16431245581,0,0,14.4987900013965,0,0,0
414,98.3999999999987,7,302.879176411285,0,0,0.3,0,0,0
414,98.4999999999987,1,454.865126854213,-5.53024430287178e-11,0,0.105685667501173,5.02338181637676e-09,0,2.72334540497609e-06
414,98.4999999999987,2,469,99.564705882354,0,3.67394039744206e-16,6,0,90
414,98.4999999999987,3,465.330963854083,3.91999999999999,0,7.34788079488412e-17,1.2,0,90
414,98.4999999999987,4,1175,99.7666666666666,0,7.9602041944578e-16,13,0,90
414,98.4999999999987,5,2034,99.3869565217397,0,5.51091059616309e-16,9,0,90
414,98.4999999999987,6,1643.61393145595,0,0,14.4935900013965,0,0,0
414,98.4999999999987,7,302.879176411285,0,0,0.3,0,0,0
414,98.5999999999987,1,454.865126854213,-5.53024430287178e-11,0,0.105685667501173,5.02338181637676e-09,0,2.72334540497609e-06
414,98.5999999999987,2,469,99.564705882354,0,3.67394039744206e-16,6,0,90
414,98.5999999999987,3,465.330963854083,3.91999999999999,0,7.34788079488412e-17,1.2,0,90
414,98.5999999999987,4,1175,99.7666666666666,0,7.9602041944578e-16,13,0,90
414,98.5999999999987,5,2034,99.3869565217397,0,5.51091059616309e-16,9,0,90
414,98.5999999999987,6,1645.06303045609,0,0,14.4883900013965,0,0,0
414,98.5999999999987,7,302.879176411285,0,0,0.3,0,0,0
414,98.6999999999987,1,454.865126854213,-5.53024430287178e-11,0,0.105685667501173,5.02338181637676e-09,0,2.72334540497609e-06
414,98.6999999999987,2,469,99.564705882354,0,3.67394039744206e-16,6,0,90
414,98.6999999999987,3,465.330963854083,3.91999999999999,0,7.34788079488412e-17,1.2,0,90
414,98.6999999999987,4,1175,99.7666666666666,0,7.9602041944578e-16,13,0,90
414,98.6999999999987,5,2034,99.3869565217397,0,5.51091059616309e-16,9,0,90
414,98.6999999999987,6,1646.51160945623,0,0,14.4831900013965,0,0,0
414,98.6999999999987,7,302.879176411285,0,0,0.3,0,0,0
414,98.7999999999987,1,454.865126854213,-5.53024430287178e-11,0,0.105685667501173,5.02338181637676e-09,0,2.72334540497609e-06
414,98.7999999999987,2,469,99.564705882354,0,3.67394039744206e-16,6,0,90
414,98.7999999999987,3,465.330963854083,3.91999999999999,0,7.34788079488412e-17,1.2,0,90
414,98.7999999999987,4,1175,99.7666666666666,0,7.9602041944578e-16,13,0,90
414,98.7999999999987,5,2034,99.3869565217397,0,5.51091059616309e-16,9,0,90
414,98.7999999999987,6,1647.95966845637,0,0,14.4779900013965,0,0,0
414,98.7999999999987,7,302.879176411285,0,0,0.3,0,0,0
414,98.8999999999987,1,454.865126854213,-5.53024430287178e-11,0,0.105685667501173,5.02338181637676e-09,0,2.72334540497609e-06
414,98.8999999999987,2,469,99.564705882354,0,3.67394039744206e-16,6,0,90
414,98.8999999999987,3,465.330963854083,3.91999999999999,0,7.34788079488412e-17,1.2,0,90
414,98.8999999999987,4,1175,99.7666666666666,0,7.9602041944578e-16,13,0,90
414,98.8999999999987,5,2034,99.3869565217397,0,5.51091059616309e-16,9,0,90
414,98.8999999999987,6,1649.40720745651,0,0,14.4727900013965,0,0,0
414,98.8999999999987,7,302.879176411285,0,0,0.3,0,0,0
414,98.9999999999986,1,454.865126854213,-5.53024430287178e-11,0,0.105685667501173,5.02338181637676e-09,0,2.72334540497609e-06
414,98.9999999999986,2,469,99.564705882354,0,3.67394039744206e-16,6,0,90
414,98.9999999999986,3,465.330963854083,3.91999999999999,0,7.34788079488412e-17,1.2,0,90
414,98.9999999999986,4,1175,99.7666666666666,0,7.9602041944578e-16,13,0,90
414,98.9999999999986,5,2034,99.3869565217397,0,5.51091059616309e-16,9,0,90
414,98.9999999999986,6,1650.85422645665,0,0,14.4675900013965,0,0,0
414,98.9999999999986,7,302.879176411285,0,0,0.3,0,0,0
414,99.0999999999986,1,454.865126854213,-5.53024430287178e-11,0,0.105685667501173,5.02338181637676e-09,0,2.72334540497609e-06
414,99.0999999999986,2,469,99.564705882354,0,3.67394039744206e-16,6,0,90
414,99.0999999999986,3,465.330963854083,3.91999999999999,0,7.34788079488412e-17,1.2,0,90
414,99.0999999999986,4,1175,99.7666666666666,0,7.9602041944578e-16,13,0,90
414,99.0999999999986,5,2034,99.3869565217397,0,5.51091059616309e-16,9,0,90
414,99.0999999999986,6,1652.30072545679,0,0,14.4623900013965,0,0,0
414,99.0999999999986,7,302.879176411285,0,0,0.3,0,0,0
414,99.1999999999986,1,454.865126854213,-5.53024430287178e-11,0,0.105685667501173,5.02338181637676e-09,0,2.72334540497609e-06
414,99.1999999999986,2,469,99.564705882354,0,3.67394039744206e-16,6,0,90
414,99.1999999999986,3,465.330963854083,3.91999999999999,0,7.34788079488412e-17,1.2,0,90
414,99.1999999999986,4,1175,99.7666666666666,0,7.9602041944578e-16,13,0,90
414,99.1999999999986,5,2034,99.3869565217397,0,5.51091059616309e-16,9,0,90
414,99.1999999999986,6,1653.74670445693,0,0,14.4571900013965,0,0,0
414,99.1999999999986,7,302.879176411285,0,0,0.3,0,0,0
414,99.2999999999986,1,454.865126854213,-5.53024430287178e-11,0,0.105685667501173,5.02338181637676e-09,0,2.72334540497609e-06
414,99.2999999999986,2,469,99.564705882354,0,3.67394039744206e-16,6,0,90
414,99.2999999999986,3,465.330963854083,3.91999999999999,0,7.34788079488412e-17,1.2,0,90
414,99.2999999999986,4,1175,99.7666666666666,0,7.9602041944578e-16,13,0,90
414,99.2999999999986,5,2034,99.3869565217397,0,5.51091059616309e-16,9,0,90
414,99.2999999999986,6,1655.19216345707,0,0,14.4519900013965,0,0,0
414,99.2999999999986,7,302.879176411285,0,0,0.3,0,0,0
414,99.3999999999986,1,454.865126854213,-5.53024430287178e-11,0,0.105685667501173,5.02338181637676e-09,0,2.72334540497609e-06
414,99.3999999999986,2,469,99.564705882354,0,3.67394039744206e-16,6,0,90
414,99.3999999999986,3,465.330963854083,3.91999999999999,0,7.34788079488412e-17,1.2,0,90
414,99.3999999999986,4,1175,99.7666666666666,0,7.9602041944578e-16,13,0,90
414,99.3999999999986,5,2034,99.3869565217397,0,5.51091059616309e-16,9,0,90
414,99.3999999999986,6,1656.63710245721,0,0,14.4467900013965,0,0,0
414,99.3999999999986,7,302.879176411285,0,0,0.3,0,0,0
414,99.4999999999986,1,454.865126854213,-5.53024430287178e-11,0,0.105685667501173,5.02338181637676e-09,0,2.72334540497609e-06
414,99.4999999999986,2,469,99.564705882354,0,3.67394039744206e-16,6,0,90
414,99.4999999999986,3,465.330963854083,3.91999999999999,0,7.34788079488412e-17,1.2,0,90
414,99.4999999999986,4,1175,99.7666666666666,0,7.9602041944578e-16,13,0,90
414,99.4999999999986,5,2034,99.3869565217397,0,5.51091059616309e-16,9,0,90
414,99.4999999999986,6,1658.08152145735,0,0,14.4415900013965,0,0,0
414,99.4999999999986,7,302.879176411285,0,0,0.3,0,0,0
414,99.5999999999986,1,454.865126854213,-5.53024430287178e-11,0,0.105685667501173,5.02338181637676e-09,0,2.72334540497609e-06
414,99.5999999999986,2,469,99.564705882354,0,3.67394039744206e-16,6,0,90
414,99.5999999999986,3,465.330963854083,3.91999999999999,0,7.34788079488412e-17,1.2,0,90
414,99.5999999999986,4,1175,99.7666666666666,0,7.9602041944578e-16,13,0,90
414,99.5999999999986,5,2034,99.3869565217397,0,5.51091059616309e-16,9,0,90
414,99.5999999999986,6,1659.52542045748,0,0,14.4363900013965,0,0,0
414,99.5999999999986,7,302.879176411285,0,0,0.3,0,0,0
414,99.6999999999986,1,454.865126854213,-5.53024430287178e-11,0,0.105685667501173,5.02338181637676e-09,0,2.72334540497609e-06
414,99.6999999999986,2,469,99.564705882354,0,3.67394039744206e-16,6,0,90
414,99.6999999999986,3,465.330963854083,3.91999999999999,0,7.34788079488412e-17,1.2,0,90
414,99.6999999999986,4,1175,99.7666666666666,0,7.9602041944578e-16,13,0,90
414,99.6999999999986,5,2034,99.3869565217397,0,5.51091059616309e-16,9,0,90
414,99.6999999999986,6,1660.96879945762,0,0,14.4311900013965,0,0,0
414,99.6999999999986,7,302.879176411285,0,0,0.3,0,0,0
414,99.7999999999986,1,454.865126854213,-5.53024430287178e-11,0,0.105685667501173,5.02338181637676e-09,0,2.72334540497609e-06
414,99.7999999999986,2,469,99.564705882354,0,3.67394039744206e-16,6,0,90
414,99.7999999999986,3,465.330963854083,3.91999999999999,0,7.34788079488412e-17,1.2,0,90
414,99.7999999999986,4,1175,99.7666666666666,0,7.9602041944578e-16,13,0,90
414,99.7999999999986,5,2034,99.3869565217397,0,5.51091059616309e-16,9,0,90
414,99.7999999999986,6,1662.41165845776,0,0,14.4259900013965,0,0,0
414,99.7999999999986,7,302.879176411285,0,0,0.3,0,0,0
414,99.8999999999986,1,454.865126854213,-5.53024430287178e-11,0,0.105685667501173,5.02338181637676e-09,0,2.72334540497609e-06
414,99.8999999999986,2,469,99.564705882354,0,3.67394039744206e-16,6,0,90
414,99.8999999999986,3,465.330963854083,3.91999999999999,0,7.34788079488412e-17,1.2,0,90
414,99.8999999999986,4,1175,99.7666666666666,0,7.9602041944578e-16,13,0,90
414,99.8999999999986,5,2034,99.3869565217397,0,5.51091059616309e-16,9,0,90
414,99.8999999999986,6,1663.8539974579,0,0,14.4207900013965,0,0,0
414,99.8999999999986,7,302.879176411285,0,0,0.3,0,0,0
414,99.9999999999986,1,454.865126854213,-5.53024430287178e-11,0,0.105685667501173,5.02338181637676e-09,0,2.72334540497609e-06
414,99.9999999999986,2,469,99.564705882354,0,3.67394039744206e-16,6,0,90
414,99.9999999999986,3,465.330963854083,3.91999999999999,0,7.34788079488412e-17,1.2,0,90
414,99.9999999999986,4,1175,99.7666666666666,0,7.9602041944578e-16,13,0,90
414,99.9999999999986,5,2034,99.3869565217397,0,5.51091059616309e-16,9,0,90
414,99.9999999999986,6,1665.29581645804,0,0,14.4155900013965,0,0,0
414,99.9999999999986,7,302.879176411285,0,0,0.3,0,0,0
414,100.099999999999,1,454.865126854213,-5.53024430287178e-11,0,0.105685667501173,5.02338181637676e-09,0,2.72334540497609e-06
414,100.099999999999,2,469,99.564705882354,0,3.67394039744206e-16,6,0,90
414,100.099999999999,3,465.330963854083,3.91999999999999,0,7.34788079488412e-17,1.2,0,90
414,100.099999999999,4,1175,99.7666666666666,0,7.9602041944578e-16,13,0,90
414,100.099999999999,5,2034,99.3869565217397,0,5.51091059616309e-16,9,0,90
414,100.099999999999,6,1666.73711545818,0,0,14.4103900013965,0,0,0
414,100.099999999999,7,302.879176411285,0,0,0.3,0,0,0
414,100.199999999999,1,454.865126854213,-5.53024430287178e-11,0,0.105685667501173,5.02338181637676e-09,0,2.72334540497609e-06
414,100.199999999999,2,469,99.564705882354,0,3.67394039744206e-16,6,0,90
414,100.199999999999,3,465.330963854083,3.91999999999999,0,7.34788079488412e-17,1.2,0,90
414,100.199999999999,4,1175,99.7666666666666,0,7.9602041944578e-16,13,0,90
414,100.199999999999,5,2034,99.3869565217397,0,5.51091059616309e-16,9,0,90
414,100.199999999999,6,1668.17789445832,0,0,14.4051900013965,0,0,0
414,100.199999999999,7,302.879176411285,0,0,0.3,0,0,0
414,100.299999999999,1,454.865126854213,-5.53024430287178e-11,0,0.105685667501173,5.02338181637676e-09,0,2.72334540497609e-06
414,100.299999999999,2,469,99.564705882354,0,3.67394039744206e-16,6,0,90
414,100.299999999999,3,465.330963854083,3.91999999999999,0,7.34788079488412e-17,1.2,0,90
414,100.299999999999,4,1175,99.7666666666666,0,7.9602041944578e-16,13,0,90
414,100.299999999999,5,2034,99.3869565217397,0,5.51091059616309e-16,9,0,90
414,100.299999999999,6,1669.61815345846,0,0,14.3999900013965,0,0,0
414,100.299999999999,7,302.879176411285,0,0,0.3,0,0,0
414,100.399999999999,1,454.865126854213,-5.53024430287178e-11,0,0.105685667501173,5.02338181637676e-09,0,2.72334540497609e-06
414,100.399999999999,2,469,99.564705882354,0,3.67394039744206e-16,6,0,90
414,100.399999999999,3,465.330963854083,3.91999999999999,0,7.34788079488412e-17,1.2,0,90
414,100.399999999999,4,1175,99.7666666666666,0,7.9602041944578e-16,13,0,90
414,100.399999999999,5,2034,99.3869565217397,0,5.51091059616309e-16,9,0,90
414,100.399999999999,6,1671.0578924586,0,0,14.3947900013965,0,0,0
414,100.399999999999,7,302.879176411285,0,0,0.3,0,0,0
414,100.499999999999,1,454.865126854213,-5.53024430287178e-11,0,0.105685667501173,5.02338181637676e-09,0,2.72334540497609e-06
414,100.499999999999,2,469,99.564705882354,0,3.67394039744206e-16,6,0,90
414,100.499999999999,3,465.330963854083,3.91999999999999,0,7.34788079488412e-17,1.2,0,90
414,100.499999999999,4,1175,99.7666666666666,0,7.9602041944578e-16,13,0,90
414,100.499999999999,5,2034,99.3869565217397,0,5.51091059616309e-16,9,0,90
414,100.499999999999,6,1672.49711145874,0,0,14.3895900013965,0,0,0
414,100.499999999999,7,302.879176411285,0,0,0.3,0,0,0
414,100.599999999999,1,454.865126854213,-5.53024430287178e-11,0,0.105685667501173,5.02338181637676e-09,0,2.72334540497609e-06
414,100.599999999999,2,469,99.564705882354,0,3.67394039744206e-16,6,0,90
414,100.599999999999,3,465.330963854083,3.91999999999999,0,7.34788079488412e-17,1.2,0,90
414,100.599999999999,4,1175,99.7666666666666,0,7.9602041944578e-16,13,0,90
414,100.599999999999,5,2034,99.3869565217397,0,5.51091059616309e-16,9,0,90
414,100.599999999999,6,1673.93581045888,0,0,14.3843900013965,0,0,0
414,100.599999999999,7,302.879176411285,0,0,0.3,0,0,0
414,100.699999999999,1,454.865126854213,-5.53024430287178e-11,0,0.105685667501173,5.02338181637676e-09,0,2.72334540497609e-06
414,100.699999999999,2,469,99.564705882354,0,3.67394039744206e-16,6,0,90
414,100.699999999999,3,465.330963854083,3.91999999999999,0,7.34788079488412e-17,1.2,0,90
414,100.699999999999,4,1175,99.7666666666666,0,7.9602041944578e-16,13,0,90
414,100.699999999999,5,2034,99.3869565217397,0,5.51091059616309e-16,9,0,90
414,100.699999999999,6,1675.37398945902,0,0,14.3791900013965,0,0,0
414,100.699999999999,7,302.879176411285,0,0,0.3,0,0,0
414,100.799999999999,1,454.865126854213,-5.53024430287178e-11,0,0.105685667501173,5.02338181637676e-09,0,2.72334540497609e-06
414,100.799999999999,2,469,99.564705882354,0,3.67394039744206e-16,6,0,90
414,100.799999999999,3,465.330963854083,3.91999999999999,0,7.34788079488412e-17,1.2,0,90
414,100.799999999999,4,1175,99.7666666666666,0,7.9602041944578e-16,13,0,90
414,100.799999999999,5,2034,99.3869565217397,0,5.51091059616309e-16,9,0,90
414,100.799999999999,6,1676.81164845916,0,0,14.3739900013965,0,0,0
414,100.799999999999,7,302.879176411285,0,0,0.3,0,0,0
414,100.899999999999,1,454.865126854213,-5.53024430287178e-11,0,0.105685667501173,5.02338181637676e-09,0,2.72334540497609e-06
414,100.899999999999,2,469,99.564705882354,0,3.67394039744206e-16,6,0,90
414,100.899999999999,3,465.330963854083,3.91999999999999,0,7.34788079488412e-17,1.2,0,90
414,100.899999999999,4,1175,99.7666666666666,0,7.9602041944578e-16,13,0,90
414,100.899999999999,5,2034,99.3869565217397,0,5.51091059616309e-16,9,0,90
414,100.899999999999,6,1678.2487874593,0,0,14.3687900013965,0,0,0
414,100.899999999999,7,302.879176411285,0,0,0.3,0,0,0
414,100.999999999999,1,454.865126854213,-5.53024430287178e-11,0,0.105685667501173,5.02338181637676e-09,0,2.72334540497609e-06
414,100.999999999999,2,469,99.564705882354,0,3.67394039744206e-16,6,0,90
414,100.999999999999,3,465.330963854083,3.91999999999999,0,7.34788079488412e-17,1.2,0,90
414,100.999999999999,4,1175,99.7666666666666,0,7.9602041944578e-16,13,0,90
414,100.999999999999,5,2034,99.3869565217397,0,5.51091059616309e-16,9,0,90
414,100.999999999999,6,1679.68540645944,0,0,14.3635900013965,0,0,0
414,100.999999999999,7,302.879176411285,0,0,0.3,0,0,0
414,101.099999999999,1,454.865126854213,-5.53024430287178e-11,0,0.105685667501173,5.02338181637676e-09,0,2.72334540497609e-06
414,101.099999999999,2,469,99.564705882354,0,3.67394039744206e-16,6,0,90
414,101.099999999999,3,465.330963854083,3.91999999999999,0,7.34788079488412e-17,1.2,0,90
414,101.099999999999,4,1175,99.7666666666666,0,7.9602041944578e-16,13,0,90
414,101.099999999999,5,2034,99.3869565217397,0,5.51091059616309e-16,9,0,90
414,101.099999999999,6,1681.12150545958,0,0,14.3583900013965,0,0,0
414,101.099999999999,7,302.879176411285,0,0,0.3,0,0,0
414,101.199999999999,1,454.865126854213,-5.53024430287178e-11,0,0.105685667501173,5.02338181637676e-09,0,2.72334540497609e-06
414,101.199999999999,2,469,99.564705882354,0,3.67394039744206e-16,6,0,90
414,101.199999999999,3,465.330963854083,3.91999999999999,0,7.34788079488412e-17,1.2,0,90
414,101.199999999999,4,1175,99.7666666666666,0,7.9602041944578e-16,13,0,90
414,101.199999999999,5,2034,99.3869565217397,0,5.51091059616309e-16,9,0,90
414,101.199999999999,6,1682.55708445972,0,0,14.3531900013965,0,0,0
414,101.199999999999,7,302.879176411285,0,0,0.3,0,0,0
414,101.299999999999,1,454.865126854213,-5.53024430287178e-11,0,0.105685667501173,5.02338181637676e-09,0,2.72334540497609e-06
414,101.299999999999,2,469,99.564705882354,0,3.67394039744206e-16,6,0,90
414,101.299999999999,3,465.330963854083,3.91999999999999,0,7.34788079488412e-17,1.2,0,90
414,101.299999999999,4,1175,99.7666666666666,0,7.9602041944578e-16,13,0,90
414,101.299999999999,5,2034,99.3869565217397,0,5.51091059616309e-16,9,0,90
414,101.299999999999,6,1683.99214345986,0,0,14.3479900013965,0,0,0
414,101.299999999999,7,302.879176411285,0,0,0.3,0,0,0
414,101.399999999999,1,454.865126854213,-5.53024430287178e-11,0,0.105685667501173,5.02338181637676e-09,0,2.72334540497609e-06
414,101.399999999999,2,469,99.564705882354,0,3.67394039744206e-16,6,0,90
414,101.399999999999,3,465.330963854083,3.91999999999999,0,7.34788079488412e-17,1.2,0,90
414,101.399999999999,4,1175,99.7666666666666,0,7.9602041944578e-16,13,0,90
414,101.399999999999,5,2034,99.3869565217397,0,5.51091059616309e-16,9,0,90
414,101.399999999999,6,1685.42668246,0,0,14.3427900013965,0,0,0
414,101.399999999999,7,302.879176411285,0,0,0.3,0,0,0
414,101.499999999999,1,454.865126854213,-5.53024430287178e-11,0,0.105685667501173,5.02338181637676e-09,0,2.72334540497609e-06
414,101.499999999999,2,469,99.564705882354,0,3.67394039744206e-16,6,0,90
414,101.499999999999,3,465.330963854083,3.91999999999999,0,7.34788079488412e-17,1.2,0,90
414,101.499999999999,4,1175,99.7666666666666,0,7.9602041944578e-16,13,0,90
414,101.499999999999,5,2034,99.3869565217397,0,5.51091059616309e-16,9,0,90
414,101.499999999999,6,1686.86070146014,0,0,14.3375900013965,0,0,0
414,101.499999999999,7,302.879176411285,0,0,0.3,0,0,0
414,101.599999999999,1,454.865126854213,-5.53024430287178e-11,0,0.105685667501173,5.02338181637676e-09,0,2.72334540497609e-06
414,101.599999999999,2,469,99.564705882354,0,3.67394039744206e-16,6,0,90
414,101.599999999999,3,465.330963854083,3.91999999999999,0,7.34788079488412e-17,1.2,0,90
414,101.599999999999,4,1175,99.7666666666666,0,7.9602041944578e-16,13,0,90
414,101.599999999999,5,2034,99.3869565217397,0,5.51091059616309e-16,9,0,90
414,101.599999999999,6,1688.29420046028,0,0,14.3323900013965,0,0,0
414,101.599999999999,7,302.879176411285,0,0,0.3,0,0,0
414,101.699999999998,1,454.865126854213,-5.53024430287178e-11,0,0.105685667501173,5.02338181637676e-09,0,2.72334540497609e-06
414,101.699999999998,2,469,99.564705882354,0,3.67394039744206e-16,6,0,90
414,101.699999999998,3,465.330963854083,3.91999999999999,0,7.34788079488412e-17,1.2,0,90
414,101.699999999998,4,1175,99.7666666666666,0,7.9602041944578e-16,13,0,90
414,101.699999999998,5,2034,99.3869565217397,0,5.51091059616309e-16,9,0,90
414,101.699999999998,6,1689.72717946042,0,0,14.3271900013965,0,0,0
414,101.699999999998,7,302.879176411285,0,0,0.3,0,0,0
414,101.799999999998,1,454.865126854213,-5.53024430287178e-11,0,0.105685667501173,5.02338181637676e-09,0,2.72334540497609e-06
414,101.799999999998,2,469,99.564705882354,0,3.67394039744206e-16,6,0,90
414,101.799999999998,3,465.330963854083,3.91999999999999,0,7.34788079488412e-17,1.2,0,90
414,101.799999999998,4,1175,99.7666666666666,0,7.9602041944578e-16,13,0,90
414,101.799999999998,5,2034,99.3869565217397,0,5.51091059616309e-16,9,0,90
414,101.799999999998,6,1691.15963846056,0,0,14.3219900013965,0,0,0
414,101.799999999998,7,302.879176411285,0,0,0.3,0,0,0
414,101.899999999998,1,454.865126854213,-5.53024430287178e-11,0,0.105685667501173,5.02338181637676e-09,0,2.72334540497609e-06
414,101.899999999998,2,469,99.564705882354,0,3.67394039744206e-16,6,0,90
414,101.899999999998,3,465.330963854083,3.91999999999999,0,7.34788079488412e-17,1.2,0,90
414,101.899999999998,4,1175,99.7666666666666,0,7.9602041944578e-16,13,0,90
414,101.899999999998,5,2034,99.3869565217397,0,5.51091059616309e-16,9,0,90
414,101.899999999998,6,1692.5915774607,0,0,14.3167900013965,0,0,0
414,101.899999999998,7,302.879176411285,0,0,0.3,0,0,0
414,101.999999999998,1,454.865126854213,-5.53024430287178e-11,0,0.105685667501173,5.02338181637676e-09,0,2.72334540497609e-06
414,101.999999999998,2,469,99.564705882354,0,3.67394039744206e-16,6,0,90
414,101.999999999998,3,465.330963854083,3.91999999999999,0,7.34788079488412e-17,1.2,0,90
414,101.999999999998,4,1175,99.7666666666666,0,7.9602041944578e-16,13,0,90
414,101.999999999998,5,2034,99.3869565217397,0,5.51091059616309e-16,9,0,90
414,101.999999999998,6,1694.02299646083,0,0,14.3115900013965,0,0,0
414,101.999999999998,7,302.879176411285,0,0,0.3,0,0,0
414,102.099999999998,1,454.865126854213,-5.53024430287178e-11,0,0.105685667501173,5.02338181637676e-09,0,2.72334540497609e-06
414,102.099999999998,2,469,99.564705882354,0,3.67394039744206e-16,6,0,90
414,102.099999999998,3,465.330963854083,3.91999999999999,0,7.34788079488412e-17,1.2,0,90
414,102.099999999998,4,1175,99.7666666666666,0,7.9602041944578e-16,13,0,90
414,102.099999999998,5,2034,99.3869565217397,0,5.51091059616309e-16,9,0,90
414,102.099999999998,6,1695.45389546097,0,0,14.3063900013965,0,0,0
414,102.099999999998,7,302.879176411285,0,0,0.3,0,0,0
414,102.199999999998,1,454.865126854213,-5.53024430287178e-11,0,0.105685667501173,5.02338181637676e-09,0,2.72334540497609e-06
414,102.199999999998,2,469,99.564705882354,0,3.67394039744206e-16,6,0,90
414,102.199999999998,3,465.330963854083,3.91999999999999,0,7.34788079488412e-17,1.2,0,90
414,102.199999999998,4,1175,99.7666666666666,0,7.9602041944578e-16,13,0,90
414,102.199999999998,5,2034,99.3869565217397,0,5.51091059616309e-16,9,0,90
414,102.199999999998,6,1696.88427446111,0,0,14.3011900013965,0,0,0
414,102.199999999998,7,302.879176411285,0,0,0.3,0,0,0
414,102.299999999998,1,454.865126854213,-5.53024430287178e-11,0,0.105685667501173,5.02338181637676e-09,0,2.72334540497609e-06
414,102.299999999998,2,469,99.564705882354,0,3.67394039744206e-16,6,0,90
414,102.299999999998,3,465.330963854083,3.91999999999999,0,7.34788079488412e-17,1.2,0,90
414,102.299999999998,4,1175,99.7666666666666,0,7.9602041944578e-16,13,0,90
414,102.299999999998,5,2034,99.3869565217397,0,5.51091059616309e-16,9,0,90
414,102.299999999998,6,1698.31413346125,0,0,14.2959900013965,0,0,0
414,102.299999999998,7,302.879176411285,0,0,0.3,0,0,0
414,102.399999999998,1,454.865126854213,-5.53024430287178e-11,0,0.105685667501173,5.02338181637676e-09,0,2.72334540497609e-06
414,102.399999999998,2,469,99.564705882354,0,3.67394039744206e-16,6,0,90
414,102.399999999998,3,465.330963854083,3.91999999999999,0,7.34788079488412e-17,1.2,0,90
414,102.399999999998,4,1175,99.7666666666666,0,7.9602041944578e-16,13,0,90
414,102.399999999998,5,2034,99.3869565217397,0,5.51091059616309e-16,9,0,90
414,102.399999999998,6,1699.74347246139,0,0,14.2907900013965,0,0,0
414,102.399999999998,7,302.879176411285,0,0,0.3,0,0,0
414,102.499999999998,1,454.865126854213,-5.53024430287178e-11,0,0.105685667501173,5.02338181637676e-09,0,2.72334540497609e-06
414,102.499999999998,2,469,99.564705882354,0,3.67394039744206e-16,6,0,90
414,102.499999999998,3,465.330963854083,3.91999999999999,0,7.34788079488412e-17,1.2,0,90
414,102.499999999998,4,1175,99.7666666666666,0,7.9602041944578e-16,13,0,90
414,102.499999999998,5,2034,99.3869565217397,0,5.51091059616309e-16,9,0,90
414,102.499999999998,6,1701.17229146153,0,0,14.2855900013965,0,0,0
414,102.499999999998,7,302.879176411285,0,0,0.3,0,0,0
414,102.599999999998,1,454.865126854213,-5.53024430287178e-11,0,0.105685667501173,5.02338181637676e-09,0,2.72334540497609e-06
414,102.599999999998,2,469,99.564705882354,0,3.67394039744206e-16,6,0,90
414,102.599999999998,3,465.330963854083,3.91999999999999,0,7.34788079488412e-17,1.2,0,90
414,102.599999999998,4,1175,99.7666666666666,0,7.9602041944578e-16,13,0,90
414,102.599999999998,5,2034,99.3869565217397,0,5.51091059616309e-16,9,0,90
414,102.599999999998,6,1702.60059046167,0,0,14.2803900013965,0,0,0
414,102.599999999998,7,302.879176411285,0,0,0.3,0,0,0
414,102.699999999998,1,454.865126854213,-5.53024430287178e-11,0,0.105685667501173,5.02338181637676e-09,0,2.72334540497609e-06
414,102.699999999998,2,469,99.564705882354,0,3.67394039744206e-16,6,0,90
414,102.699999999998,3,465.330963854083,3.91999999999999,0,7.34788079488412e-17,1.2,0,90
414,102.699999999998,4,1175,99.7666666666666,0,7.9602041944578e-16,13,0,90
414,102.699999999998,5,2034,99.3869565217397,0,5.51091059616309e-16,9,0,90
414,102.699999999998,6,1704.02836946181,0,0,14.2751900013965,0,0,0
414,102.699999999998,7,302.879176411285,0,0,0.3,0,0,0
414,102.799999999998,1,454.865126854213,-5.53024430287178e-11,0,0.105685667501173,5.02338181637676e-09,0,2.72334540497609e-06
414,102.799999999998,2,469,99.564705882354,0,3.67394039744206e-16,6,0,90
414,102.799999999998,3,465.330963854083,3.91999999999999,0,7.34788079488412e-17,1.2,0,90
414,102.799999999998,4,1175,99.7666666666666,0,7.9602041944578e-16,13,0,90
414,102.799999999998,5,2034,99.3869565217397,0,5.51091059616309e-16,9,0,90
414,102.799999999998,6,1705.45562846195,0,0,14.2699900013965,0,0,0
414,102.799999999998,7,302.879176411285,0,0,0.3,0,0,0
414,102.899999999998,1,454.865126854213,-5.53024430287178e-11,0,0.105685667501173,5.02338181637676e-09,0,2.72334540497609e-06
414,102.899999999998,2,469,99.564705882354,0,3.67394039744206e-16,6,0,90
414,102.899999999998,3,465.330963854083,3.91999999999999,0,7.34788079488412e-17,1.2,0,90
414,102.899999999998,4,1175,99.7666666666666,0,7.9602041944578e-16,13,0,90
414,102.899999999998,5,2034,99.3869565217397,0,5.51091059616309e-16,9,0,90
414,102.899999999998,6,1706.88236746209,0,0,14.2647900013965,0,0,0
414,102.899999999998,7,302.879176411285,0,0,0.3,0,0,0
414,102.999999999998,1,454.865126854213,-5.53024430287178e-11,0,0.105685667501173,5.02338181637676e-09,0,2.72334540497609e-06
414,102.999999999998,2,469,99.564705882354,0,3.67394039744206e-16,6,0,90
414,102.999999999998,3,465.330963854083,3.91999999999999,0,7.34788079488412e-17,1.2,0,90
414,102.999999999998,4,1175,99.7666666666666,0,7.9602041944578e-16,13,0,90
414,102.999999999998,5,2034,99.3869565217397,0,5.51091059616309e-16,9,0,90
414,102.999999999998,6,1708.30858646223,0,0,14.2595900013965,0,0,0
414,102.999999999998,7,302.879176411285,0,0,0.3,0,0,0
414,103.099999999998,1,454.865126854213,-5.53024430287178e-11,0,0.105685667501173,5.02338181637676e-09,0,2.72334540497609e-06
414,103.099999999998,2,469,99.564705882354,0,3.67394039744206e-16,6,0,90
414,103.099999999998,3,465.330963854083,3.91999999999999,0,7.34788079488412e-17,1.2,0,90
414,103.099999999998,4,1175,99.7666666666666,0,7.9602041944578e-16,13,0,90
414,103.099999999998,5,2034,99.3869565217397,0,5.51091059616309e-16,9,0,90
414,103.099999999998,6,1709.73428546237,0,0,14.2543900013965,0,0,0
414,103.099999999998,7,302.879176411285,0,0,0.3,0,0,0
414,103.199999999998,1,454.865126854213,-5.53024430287178e-11,0,0.105685667501173,5.02338181637676e-09,0,2.72334540497609e-06
414,103.199999999998,2,469,99.564705882354,0,3.67394039744206e-16,6,0,90
414,103.199999999998,3,465.330963854083,3.91999999999999,0,7.34788079488412e-17,1.2,0,90
414,103.199999999998,4,1175,99.7666666666666,0,7.9602041944578e-16,13,0,90
414,103.199999999998,5,2034,99.3869565217397,0,5.51091059616309e-16,9,0,90
414,103.199999999998,6,1711.15946446251,0,0,14.2491900013965,0,0,0
414,103.199999999998,7,302.879176411285,0,0,0.3,0,0,0
414,103.299999999998,1,454.865126854213,-5.53024430287178e-11,0,0.105685667501173,5.02338181637676e-09,0,2.72334540497609e-06
414,103.299999999998,2,469,99.564705882354,0,3.67394039744206e-16,6,0,90
414,103.299999999998,3,465.330963854083,3.91999999999999,0,7.34788079488412e-17,1.2,0,90
414,103.299999999998,4,1175,99.7666666666666,0,7.9602041944578e-16,13,0,90
414,103.299999999998,5,2034,99.3869565217397,0,5.51091059616309e-16,9,0,90
414,103.299999999998,6,1712.58412346265,0,0,14.2439900013965,0,0,0
414,103.299999999998,7,302.879176411285,0,0,0.3,0,0,0
414,103.399999999998,1,454.865126854213,-5.53024430287178e-11,0,0.105685667501173,5.02338181637676e-09,0,2.72334540497609e-06
414,103.399999999998,2,469,99.564705882354,0,3.67394039744206e-16,6,0,90
414,103.399999999998,3,465.330963854083,3.91999999999999,0,7.34788079488412e-17,1.2,0,90
414,103.399999999998,4,1175,99.7666666666666,0,7.9602041944578e-16,13,0,90
414,103.399999999998,5,2034,99.3869565217397,0,5.51091059616309e-16,9,0,90
414,103.399999999998,6,1714.00826246279,0,0,14.2387900013965,0,0,0
414,103.399999999998,7,302.879176411285,0,0,0.3,0,0,0
414,103.499999999998,1,454.865126854213,-5.53024430287178e-11,0,0.105685667501173,5.02338181637676e-09,0,2.72334540497609e-06
414,103.499999999998,2,469,99.564705882354,0,3.67394039744206e-16,6,0,90
414,103.499999999998,3,465.330963854083,3.91999999999999,0,7.34788079488412e-17,1.2,0,90
414,103.499999999998,4,1175,99.7666666666666,0,7.9602041944578e-16,13,0,90
414,103.499999999998,5,2034,99.3869565217397,0,5.51091059616309e-16,9,0,90
414,103.499999999998,6,1715.43188146293,0,0,14.2335900013965,0,0,0
414,103.499999999998,7,302.879176411285,0,0,0.3,0,0,0
414,103.599999999998,1,454.865126854213,-5.53024430287178e-11,0,0.105685667501173,5.02338181637676e-09,0,2.72334540497609e-06
414,103.599999999998,2,469,99.564705882354,0,3.67394039744206e-16,6,0,90
414,103.599999999998,3,465.330963854083,3.91999999999999,0,7.34788079488412e-17,1.2,0,90
414,103.599999999998,4,1175,99.7666666666666,0,7.9602041944578e-16,13,0,90
414,103.599999999998,5,2034,99.3869565217397,0,5.51091059616309e-16,9,0,90
414,103.599999999998,6,1716.85498046307,0,0,14.2283900013965,0,0,0
414,103.599999999998,7,302.879176411285,0,0,0.3,0,0,0
414,103.699999999998,1,454.865126854213,-5.53024430287178e-11,0,0.105685667501173,5.02338181637676e-09,0,2.72334540497609e-06
414,103.699999999998,2,469,99.564705882354,0,3.67394039744206e-16,6,0,90
414,103.699999999998,3,465.330963854083,3.91999999999999,0,7.34788079488412e-17,1.2,0,90
414,103.699999999998,4,1175,99.7666666666666,0,7.9602041944578e-16,13,0,90
414,103.699999999998,5,2034,99.3869565217397,0,5.51091059616309e-16,9,0,90
414,103.699999999998,6,1718.27755946321,0,0,14.2231900013965,0,0,0
414,103.699999999998,7,302.879176411285,0,0,0.3,0,0,0
414,103.799999999998,1,454.865126854213,-5.53024430287178e-11,0,0.105685667501173,5.02338181637676e-09,0,2.72334540497609e-06
414,103.799999999998,2,469,99.564705882354,0,3.67394039744206e-16,6,0,90
414,103.799999999998,3,465.330963854083,3.91999999999999,0,7.34788079488412e-17,1.2,0,90
414,103.799999999998,4,1175,99.7666666666666,0,7.9602041944578e-16,13,0,90
414,103.799999999998,5,2034,99.3869565217397,0,5.51091059616309e-16,9,0,90
414,103.799999999998,6,1719.69961846335,0,0,14.2179900013965,0,0,0
414,103.799999999998,7,302.879176411285,0,0,0.3,0,0,0
414,103.899999999998,1,454.865126854213,-5.53024430287178e-11,0,0.105685667501173,5.02338181637676e-09,0,2.72334540497609e-06
414,103.899999999998,2,469,99.564705882354,0,3.67394039744206e-16,6,0,90
414,103.899999999998,3,465.330963854083,3.91999999999999,0,7.34788079488412e-17,1.2,0,90
414,103.899999999998,4,1175,99.7666666666666,0,7.9602041944578e-16,13,0,90
414,103.899999999998,5,2034,99.3869565217397,0,5.51091059616309e-16,9,0,90
414,103.899999999998,6,1721.12115746349,0,0,14.2127900013965,0,0,0
414,103.899999999998,7,302.879176411285,0,0,0.3,0,0,0
414,103.999999999998,1,454.865126854213,-5.53024430287178e-11,0,0.105685667501173,5.02338181637676e-09,0,2.72334540497609e-06
414,103.999999999998,2,469,99.564705882354,0,3.67394039744206e-16,6,0,90
414,103.999999999998,3,465.330963854083,3.91999999999999,0,7.34788079488412e-17,1.2,0,90
414,103.999999999998,4,1175,99.7666666666666,0,7.9602041944578e-16,13,0,90
414,103.999999999998,5,2034,99.3869565217397,0,5.51091059616309e-16,9,0,90
414,103.999999999998,6,1722.54217646363,0,0,14.2075900013965,0,0,0
414,103.999999999998,7,302.879176411285,0,0,0.3,0,0,0
414,104.099999999998,1,454.865126854213,-5.53024430287178e-11,0,0.105685667501173,5.02338181637676e-09,0,2.72334540497609e-06
414,104.099999999998,2,469,99.564705882354,0,3.67394039744206e-16,6,0,90
414,104.099999999998,3,465.330963854083,3.91999999999999,0,7.34788079488412e-17,1.2,0,90
414,104.099999999998,4,1175,99.7666666666666,0,7.9602041944578e-16,13,0,90
414,104.099999999998,5,2034,99.3869565217397,0,5.51091059616309e-16,9,0,90
414,104.099999999998,6,1723.96267546377,0,0,14.2023900013965,0,0,0
414,104.099999999998,7,302.879176411285,0,0,0.3,0,0,0
414,104.199999999998,1,454.865126854213,-5.53024430287178e-11,0,0.105685667501173,5.02338181637676e-09,0,2.72334540497609e-06
414,104.199999999998,2,469,99.564705882354,0,3.67394039744206e-16,6,0,90
414,104.199999999998,3,465.330963854083,3.91999999999999,0,7.34788079488412e-17,1.2,0,90
414,104.199999999998,4,1175,99.7666666666666,0,7.9602041944578e-16,13,0,90
414,104.199999999998,5,2034,99.3869565217397,0,5.51091059616309e-16,9,0,90
414,104.199999999998,6,1725.38265446391,0,0,14.1971900013965,0,0,0
414,104.199999999998,7,302.879176411285,0,0,0.3,0,0,0
414,104.299999999998,1,454.865126854213,-5.53024430287178e-11,0,0.105685667501173,5.02338181637676e-09,0,2.72334540497609e-06
414,104.299999999998,2,469,99.564705882354,0,3.67394039744206e-16,6,0,90
414,104.299999999998,3,465.330963854083,3.91999999999999,0,7.34788079488412e-17,1.2,0,90
414,104.299999999998,4,1175,99.7666666666666,0,7.9602041944578e-16,13,0,90
414,104.299999999998,5,2034,99.3869565217397,0,5.51091059616309e-16,9,0,90
414,104.299999999998,6,1726.80211346404,0,0,14.1919900013965,0,0,0
414,104.299999999998,7,302.879176411285,0,0,0.3,0,0,0
414,104.399999999998,1,454.865126854213,-5.53024430287178e-11,0,0.105685667501173,5.02338181637676e-09,0,2.72334540497609e-06
414,104.399999999998,2,469,99.564705882354,0,3.67394039744206e-16,6,0,90
414,104.399999999998,3,465.330963854083,3.91999999999999,0,7.34788079488412e-17,1.2,0,90
414,104.399999999998,4,1175,99.7666666666666,0,7.9602041944578e-16,13,0,90
414,104.399999999998,5,2034,99.3869565217397,0,5.51091059616309e-16,9,0,90
414,104.399999999998,6,1728.22105246418,0,0,14.1867900013965,0,0,0
414,104.399999999998,7,302.879176411285,0,0,0.3,0,0,0
414,104.499999999998,1,454.865126854213,-5.53024430287178e-11,0,0.105685667501173,5.02338181637676e-09,0,2.72334540497609e-06
414,104.499999999998,2,469,99.564705882354,0,3.67394039744206e-16,6,0,90
414,104.499999999998,3,465.330963854083,3.91999999999999,0,7.34788079488412e-17,1.2,0,90
414,104.499999999998,4,1175,99.7666666666666,0,7.9602041944578e-16,13,0,90
414,104.499999999998,5,2034,99.3869565217397,0,5.51091059616309e-16,9,0,90
414,104.499999999998,6,1729.63947146432,0,0,14.1815900013965,0,0,0
414,104.499999999998,7,302.879176411285,0,0,0.3,0,0,0
414,104.599999999998,1,454.865126854213,-5.53024430287178e-11,0,0.105685667501173,5.02338181637676e-09,0,2.72334540497609e-06
414,104.599999999998,2,469,99.564705882354,0,3.67394039744206e-16,6,0,90
414,104.599999999998,3,465.330963854083,3.91999999999999,0,7.34788079488412e-17,1.2,0,90
414,104.599999999998,4,1175,99.7666666666666,0,7.9602041944578e-16,13,0,90
414,104.599999999998,5,2034,99.3869565217397,0,5.51091059616309e-16,9,0,90
414,104.599999999998,6,1731.05737046446,0,0,14.1763900013965,0,0,0
414,104.599999999998,7,302.879176411285,0,0,0.3,0,0,0
414,104.699999999998,1,454.865126854213,-5.53024430287178e-11,0,0.105685667501173,5.02338181637676e-09,0,2.72334540497609e-06
414,104.699999999998,2,469,99.564705882354,0,3.67394039744206e-16,6,0,90
414,104.699999999998,3,465.330963854083,3.91999999999999,0,7.34788079488412e-17,1.2,0,90
414,104.699999999998,4,1175,99.7666666666666,0,7.9602041944578e-16,13,0,90
414,104.699999999998,5,2034,99.3869565217397,0,5.51091059616309e-16,9,0,90
414,104.699999999998,6,1732.4747494646,0,0,14.1711900013965,0,0,0
414,104.699999999998,7,302.879176411285,0,0,0.3,0,0,0
414,104.799999999998,1,454.865126854213,-5.53024430287178e-11,0,0.105685667501173,5.02338181637676e-09,0,2.72334540497609e-06
414,104.799999999998,2,469,99.564705882354,0,3.67394039744206e-16,6,0,90
414,104.799999999998,3,465.330963854083,3.91999999999999,0,7.34788079488412e-17,1.2,0,90
414,104.799999999998,4,1175,99.7666666666666,0,7.9602041944578e-16,13,0,90
414,104.799999999998,5,2034,99.3869565217397,0,5.51091059616309e-16,9,0,90
414,104.799999999998,6,1733.89160846474,0,0,14.1659900013965,0,0,0
414,104.799999999998,7,302.879176411285,0,0,0.3,0,0,0
414,104.899999999998,1,454.865126854213,-5.53024430287178e-11,0,0.105685667501173,5.02338181637676e-09,0,2.72334540497609e-06
414,104.899999999998,2,469,99.564705882354,0,3.67394039744206e-16,6,0,90
414,104.899999999998,3,465.330963854083,3.91999999999999,0,7.34788079488412e-17,1.2,0,90
414,104.899999999998,4,1175,99.7666666666666,0,7.9602041944578e-16,13,0,90
414,104.899999999998,5,2034,99.3869565217397,0,5.51091059616309e-16,9,0,90
414,104.899999999998,6,1735.30794746488,0,0,14.1607900013965,0,0,0
414,104.899999999998,7,302.879176411285,0,0,0.3,0,0,0
414,104.999999999998,1,454.865126854213,-5.53024430287178e-11,0,0.105685667501173,5.02338181637676e-09,0,2.72334540497609e-06
414,104.999999999998,2,469,99.564705882354,0,3.67394039744206e-16,6,0,90
414,104.999999999998,3,465.330963854083,3.91999999999999,0,7.34788079488412e-17,1.2,0,90
414,104.999999999998,4,1175,99.7666666666666,0,7.9602041944578e-16,13,0,90
414,104.999999999998,5,2034,99.3869565217397,0,5.51091059616309e-16,9,0,90
414,104.999999999998,6,1736.72376646502,0,0,14.1555900013965,0,0,0
414,104.999999999998,7,302.879176411285,0,0,0.3,0,0,0
414,105.099999999998,1,454.865126854213,-5.53024430287178e-11,0,0.105685667501173,5.02338181637676e-09,0,2.72334540497609e-06
414,105.099999999998,2,469,99.564705882354,0,3.67394039744206e-16,6,0,90
414,105.099999999998,3,465.330963854083,3.91999999999999,0,7.34788079488412e-17,1.2,0,90
414,105.099999999998,4,1175,99.7666666666666,0,7.9602041944578e-16,13,0,90
414,105.099999999998,5,2034,99.3869565217397,0,5.51091059616309e-16,9,0,90
414,105.099999999998,6,1738.13906546516,0,0,14.1503900013965,0,0,0
414,105.099999999998,7,302.879176411285,0,0,0.3,0,0,0
414,105.199999999998,1,454.865126854213,-5.53024430287178e-11,0,0.105685667501173,5.02338181637676e-09,0,2.72334540497609e-06
414,105.199999999998,2,469,99.564705882354,0,3.67394039744206e-16,6,0,90
414,105.199999999998,3,465.330963854083,3.91999999999999,0,7.34788079488412e-17,1.2,0,90
414,105.199999999998,4,1175,99.7666666666666,0,7.9602041944578e-16,13,0,90
414,105.199999999998,5,2034,99.3869565217397,0,5.51091059616309e-16,9,0,90
414,105.199999999998,6,1739.5538444653,0,0,14.1451900013965,0,0,0
414,105.199999999998,7,302.879176411285,0,0,0.3,0,0,0
414,105.299999999998,1,454.865126854213,-5.53024430287178e-11,0,0.105685667501173,5.02338181637676e-09,0,2.72334540497609e-06
414,105.299999999998,2,469,99.564705882354,0,3.67394039744206e-16,6,0,90
414,105.299999999998,3,465.330963854083,3.91999999999999,0,7.34788079488412e-17,1.2,0,90
414,105.299999999998,4,1175,99.7666666666666,0,7.9602041944578e-16,13,0,90
414,105.299999999998,5,2034,99.3869565217397,0,5.51091059616309e-16,9,0,90
414,105.299999999998,6,1740.96810346544,0,0,14.1399900013965,0,0,0
414,105.299999999998,7,302.879176411285,0,0,0.3,0,0,0
414,105.399999999998,1,454.865126854213,-5.53024430287178e-11,0,0.105685667501173,5.02338181637676e-09,0,2.72334540497609e-06
414,105.399999999998,2,469,99.564705882354,0,3.67394039744206e-16,6,0,90
414,105.399999999998,3,465.330963854083,3.91999999999999,0,7.34788079488412e-17,1.2,0,90
414,105.399999999998,4,1175,99.7666666666666,0,7.9602041944578e-16,13,0,90
414,105.399999999998,5,2034,99.3869565217397,0,5.51091059616309e-16,9,0,90
414,105.399999999998,6,1742.38184246558,0,0,14.1347900013965,0,0,0
414,105.399999999998,7,302.879176411285,0,0,0.3,0,0,0
414,105.499999999998,1,454.865126854213,-5.53024430287178e-11,0,0.105685667501173,5.02338181637676e-09,0,2.72334540497609e-06
414,105.499999999998,2,469,99.564705882354,0,3.67394039744206e-16,6,0,90
414,105.499999999998,3,465.330963854083,3.91999999999999,0,7.34788079488412e-17,1.2,0,90
414,105.499999999998,4,1175,99.7666666666666,0,7.9602041944578e-16,13,0,90
414,105.499999999998,5,2034,99.3869565217397,0,5.51091059616309e-16,9,0,90
414,105.499999999998,6,1743.79506146572,0,0,14.1295900013965,0,0,0
414,105.499999999998,7,302.879176411285,0,0,0.3,0,0,0
414,105.599999999998,1,454.865126854213,-5.53024430287178e-11,0,0.105685667501173,5.02338181637676e-09,0,2.72334540497609e-06
414,105.599999999998,2,469,99.564705882354,0,3.67394039744206e-16,6,0,90
414,105.599999999998,3,465.330963854083,3.91999999999999,0,7.34788079488412e-17,1.2,0,90
414,105.599999999998,4,1175,99.7666666666666,0,7.9602041944578e-16,13,0,90
414,105.599999999998,5,2034,99.3869565217397,0,5.51091059616309e-16,9,0,90
414,105.599999999998,6,1745.20776046586,0,0,14.1243900013965,0,0,0
414,105.599999999998,7,302.879176411285,0,0,0.3,0,0,0
414,105.699999999998,1,454.865126854213,-5.53024430287178e-11,0,0.105685667501173,5.02338181637676e-09,0,2.72334540497609e-06
414,105.699999999998,2,469,99.564705882354,0,3.67394039744206e-16,6,0,90
414,105.699999999998,3,465.330963854083,3.91999999999999,0,7.34788079488412e-17,1.2,0,90
414,105.699999999998,4,1175,99.7666666666666,0,7.9602041944578e-16,13,0,90
414,105.699999999998,5,2034,99.3869565217397,0,5.51091059616309e-16,9,0,90
414,105.699999999998,6,1746.619939466,0,0,14.1191900013965,0,0,0
414,105.699999999998,7,302.879176411285,0,0,0.3,0,0,0
414,105.799999999998,1,454.865126854213,-5.53024430287178e-11,0,0.105685667501173,5.02338181637676e-09,0,2.72334540497609e-06
414,105.799999999998,2,469,99.564705882354,0,3.67394039744206e-16,6,0,90
414,105.799999999998,3,465.330963854083,3.91999999999999,0,7.34788079488412e-17,1.2,0,90
414,105.799999999998,4,1175,99.7666666666666,0,7.9602041944578e-16,13,0,90
414,105.799999999998,5,2034,99.3869565217397,0,5.51091059616309e-16,9,0,90
414,105.799999999998,6,1748.03159846614,0,0,14.1139900013965,0,0,0
414,105.799999999998,7,302.879176411285,0,0,0.3,0,0,0
414,105.899999999998,1,454.865126854213,-5.53024430287178e-11,0,0.105685667501173,5.02338181637676e-09,0,2.72334540497609e-06
414,105.899999999998,2,469,99.564705882354,0,3.67394039744206e-16,6,0,90
414,105.899999999998,3,465.330963854083,3.91999999999999,0,7.34788079488412e-17,1.2,0,90
414,105.899999999998,4,1175,99.7666666666666,0,7.9602041944578e-16,13,0,90
414,105.899999999998,5,2034,99.3869565217397,0,5.51091059616309e-16,9,0,90
414,105.899999999998,6,1749.44273746628,0,0,14.1087900013965,0,0,0
414,105.899999999998,7,302.879176411285,0,0,0.3,0,0,0
414,105.999999999998,1,454.865126854213,-5.53024430287178e-11,0,0.105685667501173,5.02338181637676e-09,0,2.72334540497609e-06
414,105.999999999998,2,469,99.564705882354,0,3.67394039744206e-16,6,0,90
414,105.999999999998,3,465.330963854083,3.91999999999999,0,7.34788079488412e-17,1.2,0,90
414,105.999999999998,4,1175,99.7666666666666,0,7.9602041944578e-16,13,0,90
414,105.999999999998,5,2034,99.3869565217397,0,5.51091059616309e-16,9,0,90
414,105.999999999998,6,1750.85335646642,0,0,14.1035900013965,0,0,0
414,105.999999999998,7,302.879176411285,0,0,0.3,0,0,0
414,106.099999999998,1,454.865126854213,-5.53024430287178e-11,0,0.105685667501173,5.02338181637676e-09,0,2.72334540497609e-06
414,106.099999999998,2,469,99.564705882354,0,3.67394039744206e-16,6,0,90
414,106.099999999998,3,465.330963854083,3.91999999999999,0,7.34788079488412e-17,1.2,0,90
414,106.099999999998,4,1175,99.7666666666666,0,7.9602041944578e-16,13,0,90
414,106.099999999998,5,2034,99.3869565217397,0,5.51091059616309e-16,9,0,90
414,106.099999999998,6,1752.26345546656,0,0,14.0983900013965,0,0,0
414,106.099999999998,7,302.879176411285,0,0,0.3,0,0,0
414,106.199999999998,1,454.865126854213,-5.53024430287178e-11,0,0.105685667501173,5.02338181637676e-09,0,2.72334540497609e-06
414,106.199999999998,2,469,99.564705882354,0,3.67394039744206e-16,6,0,90
414,106.199999999998,3,465.330963854083,3.91999999999999,0,7.34788079488412e-17,1.2,0,90
414,106.199999999998,4,1175,99.7666666666666,0,7.9602041944578e-16,13,0,90
414,106.199999999998,5,2034,99.3869565217397,0,5.51091059616309e-16,9,0,90
414,106.199999999998,6,1753.6730344667,0,0,14.0931900013965,0,0,0
414,106.199999999998,7,302.879176411285,0,0,0.3,0,0,0
414,106.299999999998,1,454.865126854213,-5.53024430287178e-11,0,0.105685667501173,5.02338181637676e-09,0,2.72334540497609e-06
414,106.299999999998,2,469,99.564705882354,0,3.67394039744206e-16,6,0,90
414,106.299999999998,3,465.330963854083,3.91999999999999,0,7.34788079488412e-17,1.2,0,90
414,106.299999999998,4,1175,99.7666666666666,0,7.9602041944578e-16,13,0,90
414,106.299999999998,5,2034,99.3869565217397,0,5.51091059616309e-16,9,0,90
414,106.299999999998,6,1755.08209346684,0,0,14.0879900013965,0,0,0
414,106.299999999998,7,302.879176411285,0,0,0.3,0,0,0
414,106.399999999998,1,454.865126854213,-5.53024430287178e-11,0,0.105685667501173,5.02338181637676e-09,0,2.72334540497609e-06
414,106.399999999998,2,469,99.564705882354,0,3.67394039744206e-16,6,0,90
414,106.399999999998,3,465.330963854083,3.91999999999999,0,7.34788079488412e-17,1.2,0,90
414,106.399999999998,4,1175,99.7666666666666,0,7.9602041944578e-16,13,0,90
414,106.399999999998,5,2034,99.3869565217397,0,5.51091059616309e-16,9,0,90
414,106.399999999998,6,1756.49063246698,0,0,14.0827900013965,0,0,0
414,106.399999999998,7,302.879176411285,0,0,0.3,0,0,0
414,106.499999999998,1,454.865126854213,-5.53024430287178e-11,0,0.105685667501173,5.02338181637676e-09,0,2.72334540497609e-06
414,106.499999999998,2,469,99.564705882354,0,3.67394039744206e-16,6,0,90
414,106.499999999998,3,465.330963854083,3.91999999999999,0,7.34788079488412e-17,1.2,0,90
414,106.499999999998,4,1175,99.7666666666666,0,7.9602041944578e-16,13,0,90
414,106.499999999998,5,2034,99.3869565217397,0,5.51091059616309e-16,9,0,90
414,106.499999999998,6,1757.89865146712,0,0,14.0775900013965,0,0,0
414,106.499999999998,7,302.879176411285,0,0,0.3,0,0,0
414,106.599999999998,1,454.865126854213,-5.53024430287178e-11,0,0.105685667501173,5.02338181637676e-09,0,2.72334540497609e-06
414,106.599999999998,2,469,99.564705882354,0,3.67394039744206e-16,6,0,90
414,106.599999999998,3,465.330963854083,3.91999999999999,0,7.34788079488412e-17,1.2,0,90
414,106.599999999998,4,1175,99.7666666666666,0,7.9602041944578e-16,13,0,90
414,106.599999999998,5,2034,99.3869565217397,0,5.51091059616309e-16,9,0,90
414,106.599999999998,6,1759.30615046726,0,0,14.0723900013965,0,0,0
414,106.599999999998,7,302.879176411285,0,0,0.3,0,0,0
414,106.699999999998,1,454.865126854213,-5.53024430287178e-11,0,0.105685667501173,5.02338181637676e-09,0,2.72334540497609e-06
414,106.699999999998,2,469,99.564705882354,0,3.67394039744206e-16,6,0,90
414,106.699999999998,3,465.330963854083,3.91999999999999,0,7.34788079488412e-17,1.2,0,90
414,106.699999999998,4,1175,99.7666666666666,0,7.9602041944578e-16,13,0,90
414,106.699999999998,5,2034,99.3869565217397,0,5.51091059616309e-16,9,0,90
414,106.699999999998,6,1760.71312946739,0,0,14.0671900013965,0,0,0
414,106.699999999998,7,302.879176411285,0,0,0.3,0,0,0
414,106.799999999998,1,454.865126854213,-5.53024430287178e-11,0,0.105685667501173,5.02338181637676e-09,0,2.72334540497609e-06
414,106.799999999998,2,469,99.564705882354,0,3.67394039744206e-16,6,0,90
414,106.799999999998,3,465.330963854083,3.91999999999999,0,7.34788079488412e-17,1.2,0,90
414,106.799999999998,4,1175,99.7666666666666,0,7.9602041944578e-16,13,0,90
414,106.799999999998,5,2034,99.3869565217397,0,5.51091059616309e-16,9,0,90
414,106.799999999998,6,1762.11958846753,0,0,14.0619900013965,0,0,0
414,106.799999999998,7,302.879176411285,0,0,0.3,0,0,0
414,106.899999999998,1,454.865126854213,-5.53024430287178e-11,0,0.105685667501173,5.02338181637676e-09,0,2.72334540497609e-06
414,106.899999999998,2,469,99.564705882354,0,3.67394039744206e-16,6,0,90
414,106.899999999998,3,465.330963854083,3.91999999999999,0,7.34788079488412e-17,1.2,0,90
414,106.899999999998,4,1175,99.7666666666666,0,7.9602041944578e-16,13,0,90
414,106.899999999998,5,2034,99.3869565217397,0,5.51091059616309e-16,9,0,90
414,106.899999999998,6,1763.52552746767,0,0,14.0567900013965,0,0,0
414,106.899999999998,7,302.879176411285,0,0,0.3,0,0,0
414,106.999999999998,1,454.865126854213,-5.53024430287178e-11,0,0.105685667501173,5.02338181637676e-09,0,2.72334540497609e-06
414,106.999999999998,2,469,99.564705882354,0,3.67394039744206e-16,6,0,90
414,106.999999999998,3,465.330963854083,3.91999999999999,0,7.34788079488412e-17,1.2,0,90
414,106.999999999998,4,1175,99.7666666666666,0,7.9602041944578e-16,13,0,90
414,106.999999999998,5,2034,99.3869565217397,0,5.51091059616309e-16,9,0,90
414,106.999999999998,6,1764.93094646781,0,0,14.0515900013965,0,0,0
414,106.999999999998,7,302.879176411285,0,0,0.3,0,0,0
414,107.099999999998,1,454.865126854213,-5.53024430287178e-11,0,0.105685667501173,5.02338181637676e-09,0,2.72334540497609e-06
414,107.099999999998,2,469,99.564705882354,0,3.67394039744206e-16,6,0,90
414,107.099999999998,3,465.330963854083,3.91999999999999,0,7.34788079488412e-17,1.2,0,90
414,107.099999999998,4,1175,99.7666666666666,0,7.9602041944578e-16,13,0,90
414,107.099999999998,5,2034,99.3869565217397,0,5.51091059616309e-16,9,0,90
414,107.099999999998,6,1766.33584546795,0,0,14.0463900013965,0,0,0
414,107.099999999998,7,302.879176411285,0,0,0.3,0,0,0
414,107.199999999998,1,454.865126854213,-5.53024430287178e-11,0,0.105685667501173,5.02338181637676e-09,0,2.72334540497609e-06
414,107.199999999998,2,469,99.564705882354,0,3.67394039744206e-16,6,0,90
414,107.199999999998,3,465.330963854083,3.91999999999999,0,7.34788079488412e-17,1.2,0,90
414,107.199999999998,4,1175,99.7666666666666,0,7.9602041944578e-16,13,0,90
414,107.199999999998,5,2034,99.3869565217397,0,5.51091059616309e-16,9,0,90
414,107.199999999998,6,1767.74022446809,0,0,14.0411900013965,0,0,0
414,107.199999999998,7,302.879176411285,0,0,0.3,0,0,0
414,107.299999999998,1,454.865126854213,-5.53024430287178e-11,0,0.105685667501173,5.02338181637676e-09,0,2.72334540497609e-06
414,107.299999999998,2,469,99.564705882354,0,3.67394039744206e-16,6,0,90
414,107.299999999998,3,465.330963854083,3.91999999999999,0,7.34788079488412e-17,1.2,0,90
414,107.299999999998,4,1175,99.7666666666666,0,7.9602041944578e-16,13,0,90
414,107.299999999998,5,2034,99.3869565217397,0,5.51091059616309e-16,9,0,90
414,107.299999999998,6,1769.14408346823,0,0,14.0359900013965,0,0,0
414,107.299999999998,7,302.879176411285,0,0,0.3,0,0,0
414,107.399999999998,1,454.865126854213,-5.53024430287178e-11,0,0.105685667501173,5.02338181637676e-09,0,2.72334540497609e-06
414,107.399999999998,2,469,99.564705882354,0,3.67394039744206e-16,6,0,90
414,107.399999999998,3,465.330963854083,3.91999999999999,0,7.34788079488412e-17,1.2,0,90
414,107.399999999998,4,1175,99.7666666666666,0,7.9602041944578e-16,13,0,90
414,107.399999999998,5,2034,99.3869565217397,0,5.51091059616309e-16,9,0,90
414,107.399999999998,6,1770.54742246837,0,0,14.0307900013965,0,0,0
414,107.399999999998,7,302.879176411285,0,0,0.3,0,0,0
414,107.499999999998,1,454.865126854213,-5.53024430287178e-11,0,0.105685667501173,5.02338181637676e-09,0,2.72334540497609e-06
414,107.499999999998,2,469,99.564705882354,0,3.67394039744206e-16,6,0,90
414,107.499999999998,3,465.330963854083,3.91999999999999,0,7.34788079488412e-17,1.2,0,90
414,107.499999999998,4,1175,99.7666666666666,0,7.9602041944578e-16,13,0,90
414,107.499999999998,5,2034,99.3869565217397,0,5.51091059616309e-16,9,0,90
414,107.499999999998,6,1771.95024146851,0,0,14.0255900013965,0,0,0
414,107.499999999998,7,302.879176411285,0,0,0.3,0,0,0
414,107.599999999998,1,454.865126854213,-5.53024430287178e-11,0,0.105685667501173,5.02338181637676e-09,0,2.72334540497609e-06
414,107.599999999998,2,469,99.564705882354,0,3.67394039744206e-16,6,0,90
414,107.599999999998,3,465.330963854083,3.91999999999999,0,7.34788079488412e-17,1.2,0,90
414,107.599999999998,4,1175,99.7666666666666,0,7.9602041944578e-16,13,0,90
414,107.599999999998,5,2034,99.3869565217397,0,5.51091059616309e-16,9,0,90
414,107.599999999998,6,1773.35254046865,0,0,14.0203900013965,0,0,0
414,107.599999999998,7,302.879176411285,0,0,0.3,0,0,0
414,107.699999999998,1,454.865126854213,-5.53024430287178e-11,0,0.105685667501173,5.02338181637676e-09,0,2.72334540497609e-06
414,107.699999999998,2,469,99.564705882354,0,3.67394039744206e-16,6,0,90
414,107.699999999998,3,465.330963854083,3.91999999999999,0,7.34788079488412e-17,1.2,0,90
414,107.699999999998,4,1175,99.7666666666666,0,7.9602041944578e-16,13,0,90
414,107.699999999998,5,2034,99.3869565217397,0,5.51091059616309e-16,9,0,90
414,107.699999999998,6,1774.75431946879,0,0,14.0151900013965,0,0,0
414,107.699999999998,7,302.879176411285,0,0,0.3,0,0,0
414,107.799999999998,1,454.865126854213,-5.53024430287178e-11,0,0.105685667501173,5.02338181637676e-09,0,2.72334540497609e-06
414,107.799999999998,2,469,99.564705882354,0,3.67394039744206e-16,6,0,90
414,107.799999999998,3,465.330963854083,3.91999999999999,0,7.34788079488412e-17,1.2,0,90
414,107.799999999998,4,1175,99.7666666666666,0,7.9602041944578e-16,13,0,90
414,107.799999999998,5,2034,99.3869565217397,0,5.51091059616309e-16,9,0,90
414,107.799999999998,6,1776.15557846893,0,0,14.0099900013965,0,0,0
414,107.799999999998,7,302.879176411285,0,0,0.3,0,0,0
414,107.899999999998,1,454.865126854213,-5.53024430287178e-11,0,0.105685667501173,5.02338181637676e-09,0,2.72334540497609e-06
414,107.899999999998,2,469,99.564705882354,0,3.67394039744206e-16,6,0,90
414,107.899999999998,3,465.330963854083,3.91999999999999,0,7.34788079488412e-17,1.2,0,90
414,107.899999999998,4,1175,99.7666666666666,0,7.9602041944578e-16,13,0,90
414,107.899999999998,5,2034,99.3869565217397,0,5.51091059616309e-16,9,0,90
414,107.899999999998,6,1777.55631746907,0,0,14.0047900013966,0,0,0
414,107.899999999998,7,302.879176411285,0,0,0.3,0,0,0
414,107.999999999998,1,454.865126854213,-5.53024430287178e-11,0,0.105685667501173,5.02338181637676e-09,0,2.72334540497609e-06
414,107.999999999998,2,469,99.564705882354,0,3.67394039744206e-16,6,0,90
414,107.999999999998,3,465.330963854083,3.91999999999999,0,7.34788079488412e-17,1.2,0,90
414,107.999999999998,4,1175,99.7666666666666,0,7.9602041944578e-16,13,0,90
414,107.999999999998,5,2034,99.3869565217397,0,5.51091059616309e-16,9,0,90
414,107.999999999998,6,1778.95653646921,0,0,13.9995900013965,0,0,0
414,107.999999999998,7,302.879176411285,0,0,0.3,0,0,0
414,108.099999999998,1,454.865126854213,-5.53024430287178e-11,0,0.105685667501173,5.02338181637676e-09,0,2.72334540497609e-06
414,108.099999999998,2,469,99.564705882354,0,3.67394039744206e-16,6,0,90
414,108.099999999998,3,465.330963854083,3.91999999999999,0,7.34788079488412e-17,1.2,0,90
414,108.099999999998,4,1175,99.7666666666666,0,7.9602041944578e-16,13,0,90
414,108.099999999998,5,2034,99.3869565217397,0,5.51091059616309e-16,9,0,90
414,108.099999999998,6,1780.35623546935,0,0,13.9943900013965,0,0,0
414,108.099999999998,7,302.879176411285,0,0,0.3,0,0,0
414,108.199999999998,1,454.865126854213,-5.53024430287178e-11,0,0.105685667501173,5.02338181637676e-09,0,2.72334540497609e-06
414,108.199999999998,2,469,99.564705882354,0,3.67394039744206e-16,6,0,90
414,108.199999999998,3,465.330963854083,3.91999999999999,0,7.34788079488412e-17,1.2,0,90
414,108.199999999998,4,1175,99.7666666666666,0,7.9602041944578e-16,13,0,90
414,108.199999999998,5,2034,99.3869565217397,0,5.51091059616309e-16,9,0,90
414,108.199999999998,6,1781.75541446949,0,0,13.9891900013966,0,0,0
414,108.199999999998,7,302.879176411285,0,0,0.3,0,0,0
414,108.299999999998,1,454.865126854213,-5.53024430287178e-11,0,0.105685667501173,5.02338181637676e-09,0,2.72334540497609e-06
414,108.299999999998,2,469,99.564705882354,0,3.67394039744206e-16,6,0,90
414,108.299999999998,3,465.330963854083,3.91999999999999,0,7.34788079488412e-17,1.2,0,90
414,108.299999999998,4,1175,99.7666666666666,0,7.9602041944578e-16,13,0,90
414,108.299999999998,5,2034,99.3869565217397,0,5.51091059616309e-16,9,0,90
414,108.299999999998,6,1783.15407346963,0,0,13.9839900013966,0,0,0
414,108.299999999998,7,302.879176411285,0,0,0.3,0,0,0
414,108.399999999998,1,454.865126854213,-5.53024430287178e-11,0,0.105685667501173,5.02338181637676e-09,0,2.72334540497609e-06
414,108.399999999998,2,469,99.564705882354,0,3.67394039744206e-16,6,0,90
414,108.399999999998,3,465.330963854083,3.91999999999999,0,7.34788079488412e-17,1.2,0,90
414,108.399999999998,4,1175,99.7666666666666,0,7.9602041944578e-16,13,0,90
414,108.399999999998,5,2034,99.3869565217397,0,5.51091059616309e-16,9,0,90
414,108.399999999998,6,1784.55221246977,0,0,13.9787900013966,0,0,0
414,108.399999999998,7,302.879176411285,0,0,0.3,0,0,0
414,108.499999999998,1,454.865126854213,-5.53024430287178e-11,0,0.105685667501173,5.02338181637676e-09,0,2.72334540497609e-06
414,108.499999999998,2,469,99.564705882354,0,3.67394039744206e-16,6,0,90
414,108.499999999998,3,465.330963854083,3.91999999999999,0,7.34788079488412e-17,1.2,0,90
414,108.499999999998,4,1175,99.7666666666666,0,7.9602041944578e-16,13,0,90
414,108.499999999998,5,2034,99.3869565217397,0,5.51091059616309e-16,9,0,90
414,108.499999999998,6,1785.94983146991,0,0,13.9735900013966,0,0,0
414,108.499999999998,7,302.879176411285,0,0,0.3,0,0,0
414,108.599999999998,1,454.865126854213,-5.53024430287178e-11,0,0.105685667501173,5.02338181637676e-09,0,2.72334540497609e-06
414,108.599999999998,2,469,99.564705882354,0,3.67394039744206e-16,6,0,90
414,108.599999999998,3,465.330963854083,3.91999999999999,0,7.34788079488412e-17,1.2,0,90
414,108.599999999998,4,1175,99.7666666666666,0,7.9602041944578e-16,13,0,90
414,108.599999999998,5,2034,99.3869565217397,0,5.51091059616309e-16,9,0,90
414,108.599999999998,6,1787.34693047005,0,0,13.9683900013966,0,0,0
414,108.599999999998,7,302.879176411285,0,0,0.3,0,0,0
414,108.699999999998,1,454.865126854213,-5.53024430287178e-11,0,0.105685667501173,5.02338181637676e-09,0,2.72334540497609e-06
414,108.699999999998,2,469,99.564705882354,0,3.67394039744206e-16,6,0,90
414,108.699999999998,3,465.330963854083,3.91999999999999,0,7.34788079488412e-17,1.2,0,90
414,108.699999999998,4,1175,99.7666666666666,0,7.9602041944578e-16,13,0,90
414,108.699999999998,5,2034,99.3869565217397,0,5.51091059616309e-16,9,0,90
414,108.699999999998,6,1788.74350947019,0,0,13.9631900013966,0,0,0
414,108.699999999998,7,302.879176411285,0,0,0.3,0,0,0
414,108.799999999998,1,454.865126854213,-5.53024430287178e-11,0,0.105685667501173,5.02338181637676e-09,0,2.72334540497609e-06
414,108.799999999998,2,469,99.564705882354,0,3.67394039744206e-16,6,0,90
414,108.799999999998,3,465.330963854083,3.91999999999999,0,7.34788079488412e-17,1.2,0,90
414,108.799999999998,4,1175,99.7666666666666,0,7.9602041944578e-16,13,0,90
414,108.799999999998,5,2034,99.3869565217397,0,5.51091059616309e-16,9,0,90
414,108.799999999998,6,1790.13956847033,0,0,13.9579900013966,0,0,0
414,108.799999999998,7,302.879176411285,0,0,0.3,0,0,0
414,108.899999999998,1,454.865126854213,-5.53024430287178e-11,0,0.105685667501173,5.02338181637676e-09,0,2.72334540497609e-06
414,108.899999999998,2,469,99.564705882354,0,3.67394039744206e-16,6,0,90
414,108.899999999998,3,465.330963854083,3.91999999999999,0,7.34788079488412e-17,1.2,0,90
414,108.899999999998,4,1175,99.7666666666666,0,7.9602041944578e-16,13,0,90
414,108.899999999998,5,2034,99.3869565217397,0,5.51091059616309e-16,9,0,90
414,108.899999999998,6,1791.53510747047,0,0,13.9527900013966,0,0,0
414,108.899999999998,7,302.879176411285,0,0,0.3,0,0,0
414,108.999999999998,1,454.865126854213,-5.53024430287178e-11,0,0.105685667501173,5.02338181637676e-09,0,2.72334540497609e-06
414,108.999999999998,2,469,99.564705882354,0,3.67394039744206e-16,6,0,90
414,108.999999999998,3,465.330963854083,3.91999999999999,0,7.34788079488412e-17,1.2,0,90
414,108.999999999998,4,1175,99.7666666666666,0,7.9602041944578e-16,13,0,90
414,108.999999999998,5,2034,99.3869565217397,0,5.51091059616309e-16,9,0,90
414,108.999999999998,6,1792.9301264706,0,0,13.9475900013966,0,0,0
414,108.999999999998,7,302.879176411285,0,0,0.3,0,0,0
414,109.099999999998,1,454.865126854213,-5.53024430287178e-11,0,0.105685667501173,5.02338181637676e-09,0,2.72334540497609e-06
414,109.099999999998,2,469,99.564705882354,0,3.67394039744206e-16,6,0,90
414,109.099999999998,3,465.330963854083,3.91999999999999,0,7.34788079488412e-17,1.2,0,90
414,109.099999999998,4,1175,99.7666666666666,0,7.9602041944578e-16,13,0,90
414,109.099999999998,5,2034,99.3869565217397,0,5.51091059616309e-16,9,0,90
414,109.099999999998,6,1794.32462547074,0,0,13.9423900013966,0,0,0
414,109.099999999998,7,302.879176411285,0,0,0.3,0,0,0
414,109.199999999998,1,454.865126854213,-5.53024430287178e-11,0,0.105685667501173,5.02338181637676e-09,0,2.72334540497609e-06
414,109.199999999998,2,469,99.564705882354,0,3.67394039744206e-16,6,0,90
414,109.199999999998,3,465.330963854083,3.91999999999999,0,7.34788079488412e-17,1.2,0,90
414,109.199999999998,4,1175,99.7666666666666,0,7.9602041944578e-16,13,0,90
414,109.199999999998,5,2034,99.3869565217397,0,5.51091059616309e-16,9,0,90
414,109.199999999998,6,1795.71860447088,0,0,13.9371900013966,0,0,0
414,109.199999999998,7,302.879176411285,0,0,0.3,0,0,0
414,109.299999999998,1,454.865126854213,-5.53024430287178e-11,0,0.105685667501173,5.02338181637676e-09,0,2.72334540497609e-06
414,109.299999999998,2,469,99.564705882354,0,3.67394039744206e-16,6,0,90
414,109.299999999998,3,465.330963854083,3.91999999999999,0,7.34788079488412e-17,1.2,0,90
414,109.299999999998,4,1175,99.7666666666666,0,7.9602041944578e-16,13,0,90
414,109.299999999998,5,2034,99.3869565217397,0,5.51091059616309e-16,9,0,90
414,109.299999999998,6,1797.11206347102,0,0,13.9319900013966,0,0,0
414,109.299999999998,7,302.879176411285,0,0,0.3,0,0,0
414,109.399999999998,1,454.865126854213,-5.53024430287178e-11,0,0.105685667501173,5.02338181637676e-09,0,2.72334540497609e-06
414,109.399999999998,2,469,99.564705882354,0,3.67394039744206e-16,6,0,90
414,109.399999999998,3,465.330963854083,3.91999999999999,0,7.34788079488412e-17,1.2,0,90
414,109.399999999998,4,1175,99.7666666666666,0,7.9602041944578e-16,13,0,90
414,109.399999999998,5,2034,99.3869565217397,0,5.51091059616309e-16,9,0,90
414,109.399999999998,6,1798.50500247116,0,0,13.9267900013966,0,0,0
414,109.399999999998,7,302.879176411285,0,0,0.3,0,0,0
414,109.499999999998,1,454.865126854213,-5.53024430287178e-11,0,0.105685667501173,5.02338181637676e-09,0,2.72334540497609e-06
414,109.499999999998,2,469,99.564705882354,0,3.67394039744206e-16,6,0,90
414,109.499999999998,3,465.330963854083,3.91999999999999,0,7.34788079488412e-17,1.2,0,90
414,109.499999999998,4,1175,99.7666666666666,0,7.9602041944578e-16,13,0,90
414,109.499999999998,5,2034,99.3869565217397,0,5.51091059616309e-16,9,0,90
414,109.499999999998,6,1799.8974214713,0,0,13.9215900013966,0,0,0
414,109.499999999998,7,302.879176411285,0,0,0.3,0,0,0
414,109.599999999998,1,454.865126854213,-5.53024430287178e-11,0,0.105685667501173,5.02338181637676e-09,0,2.72334540497609e-06
414,109.599999999998,2,469,99.564705882354,0,3.67394039744206e-16,6,0,90
414,109.599999999998,3,465.330963854083,3.91999999999999,0,7.34788079488412e-17,1.2,0,90
414,109.599999999998,4,1175,99.7666666666666,0,7.9602041944578e-16,13,0,90
414,109.599999999998,5,2034,99.3869565217397,0,5.51091059616309e-16,9,0,90
414,109.599999999998,6,1801.28932047144,0,0,13.9163900013966,0,0,0
414,109.599999999998,7,302.879176411285,0,0,0.3,0,0,0
414,109.699999999998,1,454.865126854213,-5.53024430287178e-11,0,0.105685667501173,5.02338181637676e-09,0,2.72334540497609e-06
414,109.699999999998,2,469,99.564705882354,0,3.67394039744206e-16,6,0,90
414,109.699999999998,3,465.330963854083,3.91999999999999,0,7.34788079488412e-17,1.2,0,90
414,109.699999999998,4,1175,99.7666666666666,0,7.9602041944578e-16,13,0,90
414,109.699999999998,5,2034,99.3869565217397,0,5.51091059616309e-16,9,0,90
414,109.699999999998,6,1802.68069947158,0,0,13.9111900013966,0,0,0
414,109.699999999998,7,302.879176411285,0,0,0.3,0,0,0
414,109.799999999998,1,454.865126854213,-5.53024430287178e-11,0,0.105685667501173,5.02338181637676e-09,0,2.72334540497609e-06
414,109.799999999998,2,469,99.564705882354,0,3.67394039744206e-16,6,0,90
414,109.799999999998,3,465.330963854083,3.91999999999999,0,7.34788079488412e-17,1.2,0,90
414,109.799999999998,4,1175,99.7666666666666,0,7.9602041944578e-16,13,0,90
414,109.799999999998,5,2034,99.3869565217397,0,5.51091059616309e-16,9,0,90
414,109.799999999998,6,1804.07155847172,0,0,13.9059900013966,0,0,0
414,109.799999999998,7,302.879176411285,0,0,0.3,0,0,0
414,109.899999999998,1,454.865126854213,-5.53024430287178e-11,0,0.105685667501173,5.02338181637676e-09,0,2.72334540497609e-06
414,109.899999999998,2,469,99.564705882354,0,3.67394039744206e-16,6,0,90
414,109.899999999998,3,465.330963854083,3.91999999999999,0,7.34788079488412e-17,1.2,0,90
414,109.899999999998,4,1175,99.7666666666666,0,7.9602041944578e-16,13,0,90
414,109.899999999998,5,2034,99.3869565217397,0,5.51091059616309e-16,9,0,90
414,109.899999999998,6,1805.46189747186,0,0,13.9007900013966,0,0,0
414,109.899999999998,7,302.879176411285,0,0,0.3,0,0,0
414,109.999999999998,1,454.865126854213,-5.53024430287178e-11,0,0.105685667501173,5.02338181637676e-09,0,2.72334540497609e-06
414,109.999999999998,2,469,99.564705882354,0,3.67394039744206e-16,6,0,90
414,109.999999999998,3,465.330963854083,3.91999999999999,0,7.34788079488412e-17,1.2,0,90
414,109.999999999998,4,1175,99.7666666666666,0,7.9602041944578e-16,13,0,90
414,109.999999999998,5,2034,99.3869565217397,0,5.51091059616309e-16,9,0,90
414,109.999999999998,6,1806.851716472,0,0,13.8955900013966,0,0,0
414,109.999999999998,7,302.879176411285,0,0,0.3,0,0,0
414,110.099999999998,1,454.865126854213,-5.53024430287178e-11,0,0.105685667501173,5.02338181637676e-09,0,2.72334540497609e-06
414,110.099999999998,2,469,99.564705882354,0,3.67394039744206e-16,6,0,90
414,110.099999999998,3,465.330963854083,3.91999999999999,0,7.34788079488412e-17,1.2,0,90
414,110.099999999998,4,1175,99.7666666666666,0,7.9602041944578e-16,13,0,90
414,110.099999999998,5,2034,99.3869565217397,0,5.51091059616309e-16,9,0,90
414,110.099999999998,6,1808.24101547214,0,0,13.8903900013966,0,0,0
414,110.099999999998,7,302.879176411285,0,0,0.3,0,0,0
414,110.199999999998,1,454.865126854213,-5.53024430287178e-11,0,0.105685667501173,5.02338181637676e-09,0,2.72334540497609e-06
414,110.199999999998,2,469,99.564705882354,0,3.67394039744206e-16,6,0,90
414,110.199999999998,3,465.330963854083,3.91999999999999,0,7.34788079488412e-17,1.2,0,90
414,110.199999999998,4,1175,99.7666666666666,0,7.9602041944578e-16,13,0,90
414,110.199999999998,5,2034,99.3869565217397,0,5.51091059616309e-16,9,0,90
414,110.199999999998,6,1809.62979447228,0,0,13.8851900013966,0,0,0
414,110.199999999998,7,302.879176411285,0,0,0.3,0,0,0
414,110.299999999998,1,454.865126854213,-5.53024430287178e-11,0,0.105685667501173,5.02338181637676e-09,0,2.72334540497609e-06
414,110.299999999998,2,469,99.564705882354,0,3.67394039744206e-16,6,0,90
414,110.299999999998,3,465.330963854083,3.91999999999999,0,7.34788079488412e-17,1.2,0,90
414,110.299999999998,4,1175,99.7666666666666,0,7.9602041944578e-16,13,0,90
414,110.299999999998,5,2034,99.3869565217397,0,5.51091059616309e-16,9,0,90
414,110.299999999998,6,1811.01805347242,0,0,13.8799900013966,0,0,0
414,110.299999999998,7,302.879176411285,0,0,0.3,0,0,0
414,110.399999999998,1,454.865126854213,-5.53024430287178e-11,0,0.105685667501173,5.02338181637676e-09,0,2.72334540497609e-06
414,110.399999999998,2,469,99.564705882354,0,3.67394039744206e-16,6,0,90
414,110.399999999998,3,465.330963854083,3.91999999999999,0,7.34788079488412e-17,1.2,0,90
414,110.399999999998,4,1175,99.7666666666666,0,7.9602041944578e-16,13,0,90
414,110.399999999998,5,2034,99.3869565217397,0,5.51091059616309e-16,9,0,90
414,110.399999999998,6,1812.40579247256,0,0,13.8747900013966,0,0,0
414,110.399999999998,7,302.879176411285,0,0,0.3,0,0,0
414,110.499999999998,1,454.865126854213,-5.53024430287178e-11,0,0.105685667501173,5.02338181637676e-09,0,2.72334540497609e-06
414,110.499999999998,2,469,99.564705882354,0,3.67394039744206e-16,6,0,90
414,110.499999999998,3,465.330963854083,3.91999999999999,0,7.34788079488412e-17,1.2,0,90
414,110.499999999998,4,1175,99.7666666666666,0,7.9602041944578e-16,13,0,90
414,110.499999999998,5,2034,99.3869565217397,0,5.51091059616309e-16,9,0,90
414,110.499999999998,6,1813.7930114727,0,0,13.8695900013966,0,0,0
414,110.499999999998,7,302.879176411285,0,0,0.3,0,0,0
414,110.599999999998,1,454.865126854213,-5.53024430287178e-11,0,0.105685667501173,5.02338181637676e-09,0,2.72334540497609e-06
414,110.599999999998,2,469,99.564705882354,0,3.67394039744206e-16,6,0,90
414,110.599999999998,3,465.330963854083,3.91999999999999,0,7.34788079488412e-17,1.2,0,90
414,110.599999999998,4,1175,99.7666666666666,0,7.9602041944578e-16,13,0,90
414,110.599999999998,5,2034,99.3869565217397,0,5.51091059616309e-16,9,0,90
414,110.599999999998,6,1815.17971047284,0,0,13.8643900013966,0,0,0
414,110.599999999998,7,302.879176411285,0,0,0.3,0,0,0
414,110.699999999998,1,454.865126854213,-5.53024430287178e-11,0,0.105685667501173,5.02338181637676e-09,0,2.72334540497609e-06
414,110.699999999998,2,469,99.564705882354,0,3.67394039744206e-16,6,0,90
414,110.699999999998,3,465.330963854083,3.91999999999999,0,7.34788079488412e-17,1.2,0,90
414,110.699999999998,4,1175,99.7666666666666,0,7.9602041944578e-16,13,0,90
414,110.699999999998,5,2034,99.3869565217397,0,5.51091059616309e-16,9,0,90
414,110.699999999998,6,1816.56588947298,0,0,13.8591900013966,0,0,0
414,110.699999999998,7,302.879176411285,0,0,0.3,0,0,0
414,110.799999999998,1,454.865126854213,-5.53024430287178e-11,0,0.105685667501173,5.02338181637676e-09,0,2.72334540497609e-06
414,110.799999999998,2,469,99.564705882354,0,3.67394039744206e-16,6,0,90
414,110.799999999998,3,465.330963854083,3.91999999999999,0,7.34788079488412e-17,1.2,0,90
414,110.799999999998,4,1175,99.7666666666666,0,7.9602041944578e-16,13,0,90
414,110.799999999998,5,2034,99.3869565217397,0,5.51091059616309e-16,9,0,90
414,110.799999999998,6,1817.95154847312,0,0,13.8539900013966,0,0,0
414,110.799999999998,7,302.879176411285,0,0,0.3,0,0,0
414,110.899999999998,1,454.865126854213,-5.53024430287178e-11,0,0.105685667501173,5.02338181637676e-09,0,2.72334540497609e-06
414,110.899999999998,2,469,99.564705882354,0,3.67394039744206e-16,6,0,90
414,110.899999999998,3,465.330963854083,3.91999999999999,0,7.34788079488412e-17,1.2,0,90
414,110.899999999998,4,1175,99.7666666666666,0,7.9602041944578e-16,13,0,90
414,110.899999999998,5,2034,99.3869565217397,0,5.51091059616309e-16,9,0,90
414,110.899999999998,6,1819.33668747326,0,0,13.8487900013966,0,0,0
414,110.899999999998,7,302.879176411285,0,0,0.3,0,0,0
414,110.999999999998,1,454.865126854213,-5.53024430287178e-11,0,0.105685667501173,5.02338181637676e-09,0,2.72334540497609e-06
414,110.999999999998,2,469,99.564705882354,0,3.67394039744206e-16,6,0,90
414,110.999999999998,3,465.330963854083,3.91999999999999,0,7.34788079488412e-17,1.2,0,90
414,110.999999999998,4,1175,99.7666666666666,0,7.9602041944578e-16,13,0,90
414,110.999999999998,5,2034,99.3869565217397,0,5.51091059616309e-16,9,0,90
414,110.999999999998,6,1820.7213064734,0,0,13.8435900013966,0,0,0
414,110.999999999998,7,302.879176411285,0,0,0.3,0,0,0
414,111.099999999998,1,454.865126854213,-5.53024430287178e-11,0,0.105685667501173,5.02338181637676e-09,0,2.72334540497609e-06
414,111.099999999998,2,469,99.564705882354,0,3.67394039744206e-16,6,0,90
414,111.099999999998,3,465.330963854083,3.91999999999999,0,7.34788079488412e-17,1.2,0,90
414,111.099999999998,4,1175,99.7666666666666,0,7.9602041944578e-16,13,0,90
414,111.099999999998,5,2034,99.3869565217397,0,5.51091059616309e-16,9,0,90
414,111.099999999998,6,1822.10540547354,0,0,13.8383900013966,0,0,0
414,111.099999999998,7,302.879176411285,0,0,0.3,0,0,0
414,111.199999999998,1,454.865126854213,-5.53024430287178e-11,0,0.105685667501173,5.02338181637676e-09,0,2.72334540497609e-06
414,111.199999999998,2,469,99.564705882354,0,3.67394039744206e-16,6,0,90
414,111.199999999998,3,465.330963854083,3.91999999999999,0,7.34788079488412e-17,1.2,0,90
414,111.199999999998,4,1175,99.7666666666666,0,7.9602041944578e-16,13,0,90
414,111.199999999998,5,2034,99.3869565217397,0,5.51091059616309e-16,9,0,90
414,111.199999999998,6,1823.48898447368,0,0,13.8331900013966,0,0,0
414,111.199999999998,7,302.879176411285,0,0,0.3,0,0,0
414,111.299999999998,1,454.865126854213,-5.53024430287178e-11,0,0.105685667501173,5.02338181637676e-09,0,2.72334540497609e-06
414,111.299999999998,2,469,99.564705882354,0,3.67394039744206e-16,6,0,90
414,111.299999999998,3,465.330963854083,3.91999999999999,0,7.34788079488412e-17,1.2,0,90
414,111.299999999998,4,1175,99.7666666666666,0,7.9602041944578e-16,13,0,90
414,111.299999999998,5,2034,99.3869565217397,0,5.51091059616309e-16,9,0,90
414,111.299999999998,6,1824.87204347381,0,0,13.8279900013966,0,0,0
414,111.299999999998,7,302.879176411285,0,0,0.3,0,0,0
414,111.399999999998,1,454.865126854213,-5.53024430287178e-11,0,0.105685667501173,5.02338181637676e-09,0,2.72334540497609e-06
414,111.399999999998,2,469,99.564705882354,0,3.67394039744206e-16,6,0,90
414,111.399999999998,3,465.330963854083,3.91999999999999,0,7.34788079488412e-17,1.2,0,90
414,111.399999999998,4,1175,99.7666666666666,0,7.9602041944578e-16,13,0,90
414,111.399999999998,5,2034,99.3869565217397,0,5.51091059616309e-16,9,0,90
414,111.399999999998,6,1826.25458247395,0,0,13.8227900013966,0,0,0
414,111.399999999998,7,302.879176411285,0,0,0.3,0,0,0
414,111.499999999998,1,454.865126854213,-5.53024430287178e-11,0,0.105685667501173,5.02338181637676e-09,0,2.72334540497609e-06
414,111.499999999998,2,469,99.564705882354,0,3.67394039744206e-16,6,0,90
414,111.499999999998,3,465.330963854083,3.91999999999999,0,7.34788079488412e-17,1.2,0,90
414,111.499999999998,4,1175,99.7666666666666,0,7.9602041944578e-16,13,0,90
414,111.499999999998,5,2034,99.3869565217397,0,5.51091059616309e-16,9,0,90
414,111.499999999998,6,1827.63660147409,0,0,13.8175900013966,0,0,0
414,111.499999999998,7,302.879176411285,0,0,0.3,0,0,0
414,111.599999999998,1,454.865126854213,-5.53024430287178e-11,0,0.105685667501173,5.02338181637676e-09,0,2.72334540497609e-06
414,111.599999999998,2,469,99.564705882354,0,3.67394039744206e-16,6,0,90
414,111.599999999998,3,465.330963854083,3.91999999999999,0,7.34788079488412e-17,1.2,0,90
414,111.599999999998,4,1175,99.7666666666666,0,7.9602041944578e-16,13,0,90
414,111.599999999998,5,2034,99.3869565217397,0,5.51091059616309e-16,9,0,90
414,111.599999999998,6,1829.01810047423,0,0,13.8123900013966,0,0,0
414,111.599999999998,7,302.879176411285,0,0,0.3,0,0,0
414,111.699999999998,1,454.865126854213,-5.53024430287178e-11,0,0.105685667501173,5.02338181637676e-09,0,2.72334540497609e-06
414,111.699999999998,2,469,99.564705882354,0,3.67394039744206e-16,6,0,90
414,111.699999999998,3,465.330963854083,3.91999999999999,0,7.34788079488412e-17,1.2,0,90
414,111.699999999998,4,1175,99.7666666666666,0,7.9602041944578e-16,13,0,90
414,111.699999999998,5,2034,99.3869565217397,0,5.51091059616309e-16,9,0,90
414,111.699999999998,6,1830.39907947437,0,0,13.8071900013966,0,0,0
414,111.699999999998,7,302.879176411285,0,0,0.3,0,0,0
414,111.799999999998,1,454.865126854213,-5.53024430287178e-11,0,0.105685667501173,5.02338181637676e-09,0,2.72334540497609e-06
414,111.799999999998,2,469,99.564705882354,0,3.67394039744206e-16,6,0,90
414,111.799999999998,3,465.330963854083,3.91999999999999,0,7.34788079488412e-17,1.2,0,90
414,111.799999999998,4,1175,99.7666666666666,0,7.9602041944578e-16,13,0,90
414,111.799999999998,5,2034,99.3869565217397,0,5.51091059616309e-16,9,0,90
414,111.799999999998,6,1831.77953847451,0,0,13.8019900013966,0,0,0
414,111.799999999998,7,302.879176411285,0,0,0.3,0,0,0
414,111.899999999998,1,454.865126854213,-5.53024430287178e-11,0,0.105685667501173,5.02338181637676e-09,0,2.72334540497609e-06
414,111.899999999998,2,469,99.564705882354,0,3.67394039744206e-16,6,0,90
414,111.899999999998,3,465.330963854083,3.91999999999999,0,7.34788079488412e-17,1.2,0,90
414,111.899999999998,4,1175,99.7666666666666,0,7.9602041944578e-16,13,0,90
414,111.899999999998,5,2034,99.3869565217397,0,5.51091059616309e-16,9,0,90
414,111.899999999998,6,1833.15947747465,0,0,13.7967900013966,0,0,0
414,111.899999999998,7,302.879176411285,0,0,0.3,0,0,0
414,111.999999999998,1,454.865126854213,-5.53024430287178e-11,0,0.105685667501173,5.02338181637676e-09,0,2.72334540497609e-06
414,111.999999999998,2,469,99.564705882354,0,3.67394039744206e-16,6,0,90
414,111.999999999998,3,465.330963854083,3.91999999999999,0,7.34788079488412e-17,1.2,0,90
414,111.999999999998,4,1175,99.7666666666666,0,7.9602041944578e-16,13,0,90
414,111.999999999998,5,2034,99.3869565217397,0,5.51091059616309e-16,9,0,90
414,111.999999999998,6,1834.53889647479,0,0,13.7915900013966,0,0,0
414,111.999999999998,7,302.879176411285,0,0,0.3,0,0,0
414,112.099999999998,1,454.865126854213,-5.53024430287178e-11,0,0.105685667501173,5.02338181637676e-09,0,2.72334540497609e-06
414,112.099999999998,2,469,99.564705882354,0,3.67394039744206e-16,6,0,90
414,112.099999999998,3,465.330963854083,3.91999999999999,0,7.34788079488412e-17,1.2,0,90
414,112.099999999998,4,1175,99.7666666666666,0,7.9602041944578e-16,13,0,90
414,112.099999999998,5,2034,99.3869565217397,0,5.51091059616309e-16,9,0,90
414,112.099999999998,6,1835.91779547493,0,0,13.7863900013966,0,0,0
414,112.099999999998,7,302.879176411285,0,0,0.3,0,0,0
414,112.199999999998,1,454.865126854213,-5.53024430287178e-11,0,0.105685667501173,5.02338181637676e-09,0,2.72334540497609e-06
414,112.199999999998,2,469,99.564705882354,0,3.67394039744206e-16,6,0,90
414,112.199999999998,3,465.330963854083,3.91999999999999,0,7.34788079488412e-17,1.2,0,90
414,112.199999999998,4,1175,99.7666666666666,0,7.9602041944578e-16,13,0,90
414,112.199999999998,5,2034,99.3869565217397,0,5.51091059616309e-16,9,0,90
414,112.199999999998,6,1837.29617447507,0,0,13.7811900013966,0,0,0
414,112.199999999998,7,302.879176411285,0,0,0.3,0,0,0
414,112.299999999998,1,454.865126854213,-5.53024430287178e-11,0,0.105685667501173,5.02338181637676e-09,0,2.72334540497609e-06
414,112.299999999998,2,469,99.564705882354,0,3.67394039744206e-16,6,0,90
414,112.299999999998,3,465.330963854083,3.91999999999999,0,7.34788079488412e-17,1.2,0,90
414,112.299999999998,4,1175,99.7666666666666,0,7.9602041944578e-16,13,0,90
414,112.299999999998,5,2034,99.3869565217397,0,5.51091059616309e-16,9,0,90
414,112.299999999998,6,1838.67403347521,0,0,13.7759900013966,0,0,0
414,112.299999999998,7,302.879176411285,0,0,0.3,0,0,0
414,112.399999999998,1,454.865126854213,-5.53024430287178e-11,0,0.105685667501173,5.02338181637676e-09,0,2.72334540497609e-06
414,112.399999999998,2,469,99.564705882354,0,3.67394039744206e-16,6,0,90
414,112.399999999998,3,465.330963854083,3.91999999999999,0,7.34788079488412e-17,1.2,0,90
414,112.399999999998,4,1175,99.7666666666666,0,7.9602041944578e-16,13,0,90
414,112.399999999998,5,2034,99.3869565217397,0,5.51091059616309e-16,9,0,90
414,112.399999999998,6,1840.05137247535,0,0,13.7707900013966,0,0,0
414,112.399999999998,7,302.879176411285,0,0,0.3,0,0,0
414,112.499999999998,1,454.865126854213,-5.53024430287178e-11,0,0.105685667501173,5.02338181637676e-09,0,2.72334540497609e-06
414,112.499999999998,2,469,99.564705882354,0,3.67394039744206e-16,6,0,90
414,112.499999999998,3,465.330963854083,3.91999999999999,0,7.34788079488412e-17,1.2,0,90
414,112.499999999998,4,1175,99.7666666666666,0,7.9602041944578e-16,13,0,90
414,112.499999999998,5,2034,99.3869565217397,0,5.51091059616309e-16,9,0,90
414,112.499999999998,6,1841.42819147549,0,0,13.7655900013966,0,0,0
414,112.499999999998,7,302.879176411285,0,0,0.3,0,0,0
414,112.599999999998,1,454.865126854213,-5.53024430287178e-11,0,0.105685667501173,5.02338181637676e-09,0,2.72334540497609e-06
414,112.599999999998,2,469,99.564705882354,0,3.67394039744206e-16,6,0,90
414,112.599999999998,3,465.330963854083,3.91999999999999,0,7.34788079488412e-17,1.2,0,90
414,112.599999999998,4,1175,99.7666666666666,0,7.9602041944578e-16,13,0,90
414,112.599999999998,5,2034,99.3869565217397,0,5.51091059616309e-16,9,0,90
414,112.599999999998,6,1842.80449047563,0,0,13.7603900013966,0,0,0
414,112.599999999998,7,302.879176411285,0,0,0.3,0,0,0
414,112.699999999998,1,454.865126854213,-5.53024430287178e-11,0,0.105685667501173,5.02338181637676e-09,0,2.72334540497609e-06
414,112.699999999998,2,469,99.564705882354,0,3.67394039744206e-16,6,0,90
414,112.699999999998,3,465.330963854083,3.91999999999999,0,7.34788079488412e-17,1.2,0,90
414,112.699999999998,4,1175,99.7666666666666,0,7.9602041944578e-16,13,0,90
414,112.699999999998,5,2034,99.3869565217397,0,5.51091059616309e-16,9,0,90
414,112.699999999998,6,1844.18026947577,0,0,13.7551900013966,0,0,0
414,112.699999999998,7,302.879176411285,0,0,0.3,0,0,0
414,112.799999999998,1,454.865126854213,-5.53024430287178e-11,0,0.105685667501173,5.02338181637676e-09,0,2.72334540497609e-06
414,112.799999999998,2,469,99.564705882354,0,3.67394039744206e-16,6,0,90
414,112.799999999998,3,465.330963854083,3.91999999999999,0,7.34788079488412e-17,1.2,0,90
414,112.799999999998,4,1175,99.7666666666666,0,7.9602041944578e-16,13,0,90
414,112.799999999998,5,2034,99.3869565217397,0,5.51091059616309e-16,9,0,90
414,112.799999999998,6,1845.55552847591,0,0,13.7499900013966,0,0,0
414,112.799999999998,7,302.879176411285,0,0,0.3,0,0,0
414,112.899999999998,1,454.865126854213,-5.53024430287178e-11,0,0.105685667501173,5.02338181637676e-09,0,2.72334540497609e-06
414,112.899999999998,2,469,99.564705882354,0,3.67394039744206e-16,6,0,90
414,112.899999999998,3,465.330963854083,3.91999999999999,0,7.34788079488412e-17,1.2,0,90
414,112.899999999998,4,1175,99.7666666666666,0,7.9602041944578e-16,13,0,90
414,112.899999999998,5,2034,99.3869565217397,0,5.51091059616309e-16,9,0,90
414,112.899999999998,6,1846.93026747605,0,0,13.7447900013966,0,0,0
414,112.899999999998,7,302.879176411285,0,0,0.3,0,0,0
414,112.999999999998,1,454.865126854213,-5.53024430287178e-11,0,0.105685667501173,5.02338181637676e-09,0,2.72334540497609e-06
414,112.999999999998,2,469,99.564705882354,0,3.67394039744206e-16,6,0,90
414,112.999999999998,3,465.330963854083,3.91999999999999,0,7.34788079488412e-17,1.2,0,90
414,112.999999999998,4,1175,99.7666666666666,0,7.9602041944578e-16,13,0,90
414,112.999999999998,5,2034,99.3869565217397,0,5.51091059616309e-16,9,0,90
414,112.999999999998,6,1848.30448647619,0,0,13.7395900013966,0,0,0
414,112.999999999998,7,302.879176411285,0,0,0.3,0,0,0
414,113.099999999998,1,454.865126854213,-5.53024430287178e-11,0,0.105685667501173,5.02338181637676e-09,0,2.72334540497609e-06
414,113.099999999998,2,469,99.564705882354,0,3.67394039744206e-16,6,0,90
414,113.099999999998,3,465.330963854083,3.91999999999999,0,7.34788079488412e-17,1.2,0,90
414,113.099999999998,4,1175,99.7666666666666,0,7.9602041944578e-16,13,0,90
414,113.099999999998,5,2034,99.3869565217397,0,5.51091059616309e-16,9,0,90
414,113.099999999998,6,1849.67818547633,0,0,13.7343900013966,0,0,0
414,113.099999999998,7,302.879176411285,0,0,0.3,0,0,0
414,113.199999999998,1,454.865126854213,-5.53024430287178e-11,0,0.105685667501173,5.02338181637676e-09,0,2.72334540497609e-06
414,113.199999999998,2,469,99.564705882354,0,3.67394039744206e-16,6,0,90
414,113.199999999998,3,465.330963854083,3.91999999999999,0,7.34788079488412e-17,1.2,0,90
414,113.199999999998,4,1175,99.7666666666666,0,7.9602041944578e-16,13,0,90
414,113.199999999998,5,2034,99.3869565217397,0,5.51091059616309e-16,9,0,90
414,113.199999999998,6,1851.05136447647,0,0,13.7291900013966,0,0,0
414,113.199999999998,7,302.879176411285,0,0,0.3,0,0,0
414,113.299999999998,1,454.865126854213,-5.53024430287178e-11,0,0.105685667501173,5.02338181637676e-09,0,2.72334540497609e-06
414,113.299999999998,2,469,99.564705882354,0,3.67394039744206e-16,6,0,90
414,113.299999999998,3,465.330963854083,3.91999999999999,0,7.34788079488412e-17,1.2,0,90
414,113.299999999998,4,1175,99.7666666666666,0,7.9602041944578e-16,13,0,90
414,113.299999999998,5,2034,99.3869565217397,0,5.51091059616309e-16,9,0,90
414,113.299999999998,6,1852.42402347661,0,0,13.7239900013966,0,0,0
414,113.299999999998,7,302.879176411285,0,0,0.3,0,0,0
414,113.399999999998,1,454.865126854213,-5.53024430287178e-11,0,0.105685667501173,5.02338181637676e-09,0,2.72334540497609e-06
414,113.399999999998,2,469,99.564705882354,0,3.67394039744206e-16,6,0,90
414,113.399999999998,3,465.330963854083,3.91999999999999,0,7.34788079488412e-17,1.2,0,90
414,113.399999999998,4,1175,99.7666666666666,0,7.9602041944578e-16,13,0,90
414,113.399999999998,5,2034,99.3869565217397,0,5.51091059616309e-16,9,0,90
414,113.399999999998,6,1853.79616247675,0,0,13.7187900013966,0,0,0
414,113.399999999998,7,302.879176411285,0,0,0.3,0,0,0
414,113.499999999998,1,454.865126854213,-5.53024430287178e-11,0,0.105685667501173,5.02338181637676e-09,0,2.72334540497609e-06
414,113.499999999998,2,469,99.564705882354,0,3.67394039744206e-16,6,0,90
414,113.499999999998,3,465.330963854083,3.91999999999999,0,7.34788079488412e-17,1.2,0,90
414,113.499999999998,4,1175,99.7666666666666,0,7.9602041944578e-16,13,0,90
414,113.499999999998,5,2034,99.3869565217397,0,5.51091059616309e-16,9,0,90
414,113.499999999998,6,1855.16778147689,0,0,13.7135900013966,0,0,0
414,113.499999999998,7,302.879176411285,0,0,0.3,0,0,0
414,113.599999999998,1,454.865126854213,-5.53024430287178e-11,0,0.105685667501173,5.02338181637676e-09,0,2.72334540497609e-06
414,113.599999999998,2,469,99.564705882354,0,3.67394039744206e-16,6,0,90
414,113.599999999998,3,465.330963854083,3.91999999999999,0,7.34788079488412e-17,1.2,0,90
414,113.599999999998,4,1175,99.7666666666666,0,7.9602041944578e-16,13,0,90
414,113.599999999998,5,2034,99.3869565217397,0,5.51091059616309e-16,9,0,90
414,113.599999999998,6,1856.53888047703,0,0,13.7083900013966,0,0,0
414,113.599999999998,7,302.879176411285,0,0,0.3,0,0,0
414,113.699999999998,1,454.865126854213,-5.53024430287178e-11,0,0.105685667501173,5.02338181637676e-09,0,2.72334540497609e-06
414,113.699999999998,2,469,99.564705882354,0,3.67394039744206e-16,6,0,90
414,113.699999999998,3,465.330963854083,3.91999999999999,0,7.34788079488412e-17,1.2,0,90
414,113.699999999998,4,1175,99.7666666666666,0,7.9602041944578e-16,13,0,90
414,113.699999999998,5,2034,99.3869565217397,0,5.51091059616309e-16,9,0,90
414,113.699999999998,6,1857.90945947717,0,0,13.7031900013966,0,0,0
414,113.699999999998,7,302.879176411285,0,0,0.3,0,0,0
414,113.799999999998,1,454.865126854213,-5.53024430287178e-11,0,0.105685667501173,5.02338181637676e-09,0,2.72334540497609e-06
414,113.799999999998,2,469,99.564705882354,0,3.67394039744206e-16,6,0,90
414,113.799999999998,3,465.330963854083,3.91999999999999,0,7.34788079488412e-17,1.2,0,90
414,113.799999999998,4,1175,99.7666666666666,0,7.9602041944578e-16,13,0,90
414,113.799999999998,5,2034,99.3869565217397,0,5.51091059616309e-16,9,0,90
414,113.799999999998,6,1859.2795184773,0,0,13.6979900013966,0,0,0
414,113.799999999998,7,302.879176411285,0,0,0.3,0,0,0
414,113.899999999998,1,454.865126854213,-5.53024430287178e-11,0,0.105685667501173,5.02338181637676e-09,0,2.72334540497609e-06
414,113.899999999998,2,469,99.564705882354,0,3.67394039744206e-16,6,0,90
414,113.899999999998,3,465.330963854083,3.91999999999999,0,7.34788079488412e-17,1.2,0,90
414,113.899999999998,4,1175,99.7666666666666,0,7.9602041944578e-16,13,0,90
414,113.899999999998,5,2034,99.3869565217397,0,5.51091059616309e-16,9,0,90
414,113.899999999998,6,1860.64905747744,0,0,13.6927900013966,0,0,0
414,113.899999999998,7,302.879176411285,0,0,0.3,0,0,0
414,113.999999999998,1,454.865126854213,-5.53024430287178e-11,0,0.105685667501173,5.02338181637676e-09,0,2.72334540497609e-06
414,113.999999999998,2,469,99.564705882354,0,3.67394039744206e-16,6,0,90
414,113.999999999998,3,465.330963854083,3.91999999999999,0,7.34788079488412e-17,1.2,0,90
414,113.999999999998,4,1175,99.7666666666666,0,7.9602041944578e-16,13,0,90
414,113.999999999998,5,2034,99.3869565217397,0,5.51091059616309e-16,9,0,90
414,113.999999999998,6,1862.01807647758,0,0,13.6875900013966,0,0,0
414,113.999999999998,7,302.879176411285,0,0,0.3,0,0,0
414,114.099999999998,1,454.865126854213,-5.53024430287178e-11,0,0.105685667501173,5.02338181637676e-09,0,2.72334540497609e-06
414,114.099999999998,2,469,99.564705882354,0,3.67394039744206e-16,6,0,90
414,114.099999999998,3,465.330963854083,3.91999999999999,0,7.34788079488412e-17,1.2,0,90
414,114.099999999998,4,1175,99.7666666666666,0,7.9602041944578e-16,13,0,90
414,114.099999999998,5,2034,99.3869565217397,0,5.51091059616309e-16,9,0,90
414,114.099999999998,6,1863.38657547772,0,0,13.6823900013966,0,0,0
414,114.099999999998,7,302.879176411285,0,0,0.3,0,0,0
414,114.199999999998,1,454.865126854213,-5.53024430287178e-11,0,0.105685667501173,5.02338181637676e-09,0,2.72334540497609e-06
414,114.199999999998,2,469,99.564705882354,0,3.67394039744206e-16,6,0,90
414,114.199999999998,3,465.330963854083,3.91999999999999,0,7.34788079488412e-17,1.2,0,90
414,114.199999999998,4,1175,99.7666666666666,0,7.9602041944578e-16,13,0,90
414,114.199999999998,5,2034,99.3869565217397,0,5.51091059616309e-16,9,0,90
414,114.199999999998,6,1864.75455447786,0,0,13.6771900013966,0,0,0
414,114.199999999998,7,302.879176411285,0,0,0.3,0,0,0
414,114.299999999998,1,454.865126854213,-5.53024430287178e-11,0,0.105685667501173,5.02338181637676e-09,0,2.72334540497609e-06
414,114.299999999998,2,469,99.564705882354,0,3.67394039744206e-16,6,0,90
414,114.299999999998,3,465.330963854083,3.91999999999999,0,7.34788079488412e-17,1.2,0,90
414,114.299999999998,4,1175,99.7666666666666,0,7.9602041944578e-16,13,0,90
414,114.299999999998,5,2034,99.3869565217397,0,5.51091059616309e-16,9,0,90
414,114.299999999998,6,1866.122013478,0,0,13.6719900013966,0,0,0
414,114.299999999998,7,302.879176411285,0,0,0.3,0,0,0
414,114.399999999998,1,454.865126854213,-5.53024430287178e-11,0,0.105685667501173,5.02338181637676e-09,0,2.72334540497609e-06
414,114.399999999998,2,469,99.564705882354,0,3.67394039744206e-16,6,0,90
414,114.399999999998,3,465.330963854083,3.91999999999999,0,7.34788079488412e-17,1.2,0,90
414,114.399999999998,4,1175,99.7666666666666,0,7.9602041944578e-16,13,0,90
414,114.399999999998,5,2034,99.3869565217397,0,5.51091059616309e-16,9,0,90
414,114.399999999998,6,1867.48895247814,0,0,13.6667900013966,0,0,0
414,114.399999999998,7,302.879176411285,0,0,0.3,0,0,0
414,114.499999999998,1,454.865126854213,-5.53024430287178e-11,0,0.105685667501173,5.02338181637676e-09,0,2.72334540497609e-06
414,114.499999999998,2,469,99.564705882354,0,3.67394039744206e-16,6,0,90
414,114.499999999998,3,465.330963854083,3.91999999999999,0,7.34788079488412e-17,1.2,0,90
414,114.499999999998,4,1175,99.7666666666666,0,7.9602041944578e-16,13,0,90
414,114.499999999998,5,2034,99.3869565217397,0,5.51091059616309e-16,9,0,90
414,114.499999999998,6,1868.85537147828,0,0,13.6615900013966,0,0,0
414,114.499999999998,7,302.879176411285,0,0,0.3,0,0,0
414,114.599999999998,1,454.865126854213,-5.53024430287178e-11,0,0.105685667501173,5.02338181637676e-09,0,2.72334540497609e-06
414,114.599999999998,2,469,99.564705882354,0,3.67394039744206e-16,6,0,90
414,114.599999999998,3,465.330963854083,3.91999999999999,0,7.34788079488412e-17,1.2,0,90
414,114.599999999998,4,1175,99.7666666666666,0,7.9602041944578e-16,13,0,90
414,114.599999999998,5,2034,99.3869565217397,0,5.51091059616309e-16,9,0,90
414,114.599999999998,6,1870.22127047842,0,0,13.6563900013966,0,0,0
414,114.599999999998,7,302.879176411285,0,0,0.3,0,0,0
414,114.699999999998,1,454.865126854213,-5.53024430287178e-11,0,0.105685667501173,5.02338181637676e-09,0,2.72334540497609e-06
414,114.699999999998,2,469,99.564705882354,0,3.67394039744206e-16,6,0,90
414,114.699999999998,3,465.330963854083,3.91999999999999,0,7.34788079488412e-17,1.2,0,90
414,114.699999999998,4,1175,99.7666666666666,0,7.9602041944578e-16,13,0,90
414,114.699999999998,5,2034,99.3869565217397,0,5.51091059616309e-16,9,0,90
414,114.699999999998,6,1871.58664947856,0,0,13.6511900013966,0,0,0
414,114.699999999998,7,302.879176411285,0,0,0.3,0,0,0
414,114.799999999998,1,454.865126854213,-5.53024430287178e-11,0,0.105685667501173,5.02338181637676e-09,0,2.72334540497609e-06
414,114.799999999998,2,469,99.564705882354,0,3.67394039744206e-16,6,0,90
414,114.799999999998,3,465.330963854083,3.91999999999999,0,7.34788079488412e-17,1.2,0,90
414,114.799999999998,4,1175,99.7666666666666,0,7.9602041944578e-16,13,0,90
414,114.799999999998,5,2034,99.3869565217397,0,5.51091059616309e-16,9,0,90
414,114.799999999998,6,1872.9515084787,0,0,13.6459900013966,0,0,0
414,114.799999999998,7,302.879176411285,0,0,0.3,0,0,0
414,114.899999999998,1,454.865126854213,-5.53024430287178e-11,0,0.105685667501173,5.02338181637676e-09,0,2.72334540497609e-06
414,114.899999999998,2,469,99.564705882354,0,3.67394039744206e-16,6,0,90
414,114.899999999998,3,465.330963854083,3.91999999999999,0,7.34788079488412e-17,1.2,0,90
414,114.899999999998,4,1175,99.7666666666666,0,7.9602041944578e-16,13,0,90
414,114.899999999998,5,2034,99.3869565217397,0,5.51091059616309e-16,9,0,90
414,114.899999999998,6,1874.31584747884,0,0,13.6407900013966,0,0,0
414,114.899999999998,7,302.879176411285,0,0,0.3,0,0,0
414,114.999999999998,1,454.865126854213,-5.53024430287178e-11,0,0.105685667501173,5.02338181637676e-09,0,2.72334540497609e-06
414,114.999999999998,2,469,99.564705882354,0,3.67394039744206e-16,6,0,90
414,114.999999999998,3,465.330963854083,3.91999999999999,0,7.34788079488412e-17,1.2,0,90
414,114.999999999998,4,1175,99.7666666666666,0,7.9602041944578e-16,13,0,90
414,114.999999999998,5,2034,99.3869565217397,0,5.51091059616309e-16,9,0,90
414,114.999999999998,6,1875.67966647898,0,0,13.6355900013966,0,0,0
414,114.999999999998,7,302.879176411285,0,0,0.3,0,0,0
414,115.099999999998,1,454.865126854213,-5.53024430287178e-11,0,0.105685667501173,5.02338181637676e-09,0,2.72334540497609e-06
414,115.099999999998,2,469,99.564705882354,0,3.67394039744206e-16,6,0,90
414,115.099999999998,3,465.330963854083,3.91999999999999,0,7.34788079488412e-17,1.2,0,90
414,115.099999999998,4,1175,99.7666666666666,0,7.9602041944578e-16,13,0,90
414,115.099999999998,5,2034,99.3869565217397,0,5.51091059616309e-16,9,0,90
414,115.099999999998,6,1877.04296547912,0,0,13.6303900013966,0,0,0
414,115.099999999998,7,302.879176411285,0,0,0.3,0,0,0
414,115.199999999998,1,454.865126854213,-5.53024430287178e-11,0,0.105685667501173,5.02338181637676e-09,0,2.72334540497609e-06
414,115.199999999998,2,469,99.564705882354,0,3.67394039744206e-16,6,0,90
414,115.199999999998,3,465.330963854083,3.91999999999999,0,7.34788079488412e-17,1.2,0,90
414,115.199999999998,4,1175,99.7666666666666,0,7.9602041944578e-16,13,0,90
414,115.199999999998,5,2034,99.3869565217397,0,5.51091059616309e-16,9,0,90
414,115.199999999998,6,1878.40574447926,0,0,13.6251900013966,0,0,0
414,115.199999999998,7,302.879176411285,0,0,0.3,0,0,0
414,115.299999999998,1,454.865126854213,-5.53024430287178e-11,0,0.105685667501173,5.02338181637676e-09,0,2.72334540497609e-06
414,115.299999999998,2,469,99.564705882354,0,3.67394039744206e-16,6,0,90
414,115.299999999998,3,465.330963854083,3.91999999999999,0,7.34788079488412e-17,1.2,0,90
414,115.299999999998,4,1175,99.7666666666666,0,7.9602041944578e-16,13,0,90
414,115.299999999998,5,2034,99.3869565217397,0,5.51091059616309e-16,9,0,90
414,115.299999999998,6,1879.7680034794,0,0,13.6199900013966,0,0,0
414,115.299999999998,7,302.879176411285,0,0,0.3,0,0,0
414,115.399999999998,1,454.865126854213,-5.53024430287178e-11,0,0.105685667501173,5.02338181637676e-09,0,2.72334540497609e-06
414,115.399999999998,2,469,99.564705882354,0,3.67394039744206e-16,6,0,90
414,115.399999999998,3,465.330963854083,3.91999999999999,0,7.34788079488412e-17,1.2,0,90
414,115.399999999998,4,1175,99.7666666666666,0,7.9602041944578e-16,13,0,90
414,115.399999999998,5,2034,99.3869565217397,0,5.51091059616309e-16,9,0,90
414,115.399999999998,6,1881.12974247954,0,0,13.6147900013966,0,0,0
414,115.399999999998,7,302.879176411285,0,0,0.3,0,0,0
414,115.499999999998,1,454.865126854213,-5.53024430287178e-11,0,0.105685667501173,5.02338181637676e-09,0,2.72334540497609e-06
414,115.499999999998,2,469,99.564705882354,0,3.67394039744206e-16,6,0,90
414,115.499999999998,3,465.330963854083,3.91999999999999,0,7.34788079488412e-17,1.2,0,90
414,115.499999999998,4,1175,99.7666666666666,0,7.9602041944578e-16,13,0,90
414,115.499999999998,5,2034,99.3869565217397,0,5.51091059616309e-16,9,0,90
414,115.499999999998,6,1882.49096147968,0,0,13.6095900013966,0,0,0
414,115.499999999998,7,302.879176411285,0,0,0.3,0,0,0
414,115.599999999998,1,454.865126854213,-5.53024430287178e-11,0,0.105685667501173,5.02338181637676e-09,0,2.72334540497609e-06
414,115.599999999998,2,469,99.564705882354,0,3.67394039744206e-16,6,0,90
414,115.599999999998,3,465.330963854083,3.91999999999999,0,7.34788079488412e-17,1.2,0,90
414,115.599999999998,4,1175,99.7666666666666,0,7.9602041944578e-16,13,0,90
414,115.599999999998,5,2034,99.3869565217397,0,5.51091059616309e-16,9,0,90
414,115.599999999998,6,1883.85166047982,0,0,13.6043900013966,0,0,0
414,115.599999999998,7,302.879176411285,0,0,0.3,0,0,0
414,115.699999999998,1,454.865126854213,-5.53024430287178e-11,0,0.105685667501173,5.02338181637676e-09,0,2.72334540497609e-06
414,115.699999999998,2,469,99.564705882354,0,3.67394039744206e-16,6,0,90
414,115.699999999998,3,465.330963854083,3.91999999999999,0,7.34788079488412e-17,1.2,0,90
414,115.699999999998,4,1175,99.7666666666666,0,7.9602041944578e-16,13,0,90
414,115.699999999998,5,2034,99.3869565217397,0,5.51091059616309e-16,9,0,90
414,115.699999999998,6,1885.21183947996,0,0,13.5991900013966,0,0,0
414,115.699999999998,7,302.879176411285,0,0,0.3,0,0,0
414,115.799999999998,1,454.865126854213,-5.53024430287178e-11,0,0.105685667501173,5.02338181637676e-09,0,2.72334540497609e-06
414,115.799999999998,2,469,99.564705882354,0,3.67394039744206e-16,6,0,90
414,115.799999999998,3,465.330963854083,3.91999999999999,0,7.34788079488412e-17,1.2,0,90
414,115.799999999998,4,1175,99.7666666666666,0,7.9602041944578e-16,13,0,90
414,115.799999999998,5,2034,99.3869565217397,0,5.51091059616309e-16,9,0,90
414,115.799999999998,6,1886.5714984801,0,0,13.5939900013966,0,0,0
414,115.799999999998,7,302.879176411285,0,0,0.3,0,0,0
414,115.899999999998,1,454.865126854213,-5.53024430287178e-11,0,0.105685667501173,5.02338181637676e-09,0,2.72334540497609e-06
414,115.899999999998,2,469,99.564705882354,0,3.67394039744206e-16,6,0,90
414,115.899999999998,3,465.330963854083,3.91999999999999,0,7.34788079488412e-17,1.2,0,90
414,115.899999999998,4,1175,99.7666666666666,0,7.9602041944578e-16,13,0,90
414,115.899999999998,5,2034,99.3869565217397,0,5.51091059616309e-16,9,0,90
414,115.899999999998,6,1887.93063748024,0,0,13.5887900013966,0,0,0
414,115.899999999998,7,302.879176411285,0,0,0.3,0,0,0
414,115.999999999998,1,454.865126854213,-5.53024430287178e-11,0,0.105685667501173,5.02338181637676e-09,0,2.72334540497609e-06
414,115.999999999998,2,469,99.564705882354,0,3.67394039744206e-16,6,0,90
414,115.999999999998,3,465.330963854083,3.91999999999999,0,7.34788079488412e-17,1.2,0,90
414,115.999999999998,4,1175,99.7666666666666,0,7.9602041944578e-16,13,0,90
414,115.999999999998,5,2034,99.3869565217397,0,5.51091059616309e-16,9,0,90
414,115.999999999998,6,1889.28925648038,0,0,13.5835900013966,0,0,0
414,115.999999999998,7,302.879176411285,0,0,0.3,0,0,0
414,116.099999999998,1,454.865126854213,-5.53024430287178e-11,0,0.105685667501173,5.02338181637676e-09,0,2.72334540497609e-06
414,116.099999999998,2,469,99.564705882354,0,3.67394039744206e-16,6,0,90
414,116.099999999998,3,465.330963854083,3.91999999999999,0,7.34788079488412e-17,1.2,0,90
414,116.099999999998,4,1175,99.7666666666666,0,7.9602041944578e-16,13,0,90
414,116.099999999998,5,2034,99.3869565217397,0,5.51091059616309e-16,9,0,90
414,116.099999999998,6,1890.64735548051,0,0,13.5783900013966,0,0,0
414,116.099999999998,7,302.879176411285,0,0,0.3,0,0,0
414,116.199999999998,1,454.865126854213,-5.53024430287178e-11,0,0.105685667501173,5.02338181637676e-09,0,2.72334540497609e-06
414,116.199999999998,2,469,99.564705882354,0,3.67394039744206e-16,6,0,90
414,116.199999999998,3,465.330963854083,3.91999999999999,0,7.34788079488412e-17,1.2,0,90
414,116.199999999998,4,1175,99.7666666666666,0,7.9602041944578e-16,13,0,90
414,116.199999999998,5,2034,99.3869565217397,0,5.51091059616309e-16,9,0,90
414,116.199999999998,6,1892.00493448065,0,0,13.5731900013966,0,0,0
414,116.199999999998,7,302.879176411285,0,0,0.3,0,0,0
414,116.299999999998,1,454.865126854213,-5.53024430287178e-11,0,0.105685667501173,5.02338181637676e-09,0,2.72334540497609e-06
414,116.299999999998,2,469,99.564705882354,0,3.67394039744206e-16,6,0,90
414,116.299999999998,3,465.330963854083,3.91999999999999,0,7.34788079488412e-17,1.2,0,90
414,116.299999999998,4,1175,99.7666666666666,0,7.9602041944578e-16,13,0,90
414,116.299999999998,5,2034,99.3869565217397,0,5.51091059616309e-16,9,0,90
414,116.299999999998,6,1893.36199348079,0,0,13.5679900013966,0,0,0
414,116.299999999998,7,302.879176411285,0,0,0.3,0,0,0
414,116.399999999998,1,454.865126854213,-5.53024430287178e-11,0,0.105685667501173,5.02338181637676e-09,0,2.72334540497609e-06
414,116.399999999998,2,469,99.564705882354,0,3.67394039744206e-16,6,0,90
414,116.399999999998,3,465.330963854083,3.91999999999999,0,7.34788079488412e-17,1.2,0,90
414,116.399999999998,4,1175,99.7666666666666,0,7.9602041944578e-16,13,0,90
414,116.399999999998,5,2034,99.3869565217397,0,5.51091059616309e-16,9,0,90
414,116.399999999998,6,1894.71853248093,0,0,13.5627900013966,0,0,0
414,116.399999999998,7,302.879176411285,0,0,0.3,0,0,0
414,116.499999999998,1,454.865126854213,-5.53024430287178e-11,0,0.105685667501173,5.02338181637676e-09,0,2.72334540497609e-06
414,116.499999999998,2,469,99.564705882354,0,3.67394039744206e-16,6,0,90
414,116.499999999998,3,465.330963854083,3.91999999999999,0,7.34788079488412e-17,1.2,0,90
414,116.499999999998,4,1175,99.7666666666666,0,7.9602041944578e-16,13,0,90
414,116.499999999998,5,2034,99.3869565217397,0,5.51091059616309e-16,9,0,90
414,116.499999999998,6,1896.07455148107,0,0,13.5575900013966,0,0,0
414,116.499999999998,7,302.879176411285,0,0,0.3,0,0,0
414,116.599999999998,1,454.865126854213,-5.53024430287178e-11,0,0.105685667501173,5.02338181637676e-09,0,2.72334540497609e-06
414,116.599999999998,2,469,99.564705882354,0,3.67394039744206e-16,6,0,90
414,116.599999999998,3,465.330963854083,3.91999999999999,0,7.34788079488412e-17,1.2,0,90
414,116.599999999998,4,1175,99.7666666666666,0,7.9602041944578e-16,13,0,90
414,116.599999999998,5,2034,99.3869565217397,0,5.51091059616309e-16,9,0,90
414,116.599999999998,6,1897.43005048121,0,0,13.5523900013966,0,0,0
414,116.599999999998,7,302.879176411285,0,0,0.3,0,0,0
414,116.699999999998,1,454.865126854213,-5.53024430287178e-11,0,0.105685667501173,5.02338181637676e-09,0,2.72334540497609e-06
414,116.699999999998,2,469,99.564705882354,0,3.67394039744206e-16,6,0,90
414,116.699999999998,3,465.330963854083,3.91999999999999,0,7.34788079488412e-17,1.2,0,90
414,116.699999999998,4,1175,99.7666666666666,0,7.9602041944578e-16,13,0,90
414,116.699999999998,5,2034,99.3869565217397,0,5.51091059616309e-16,9,0,90
414,116.699999999998,6,1898.78502948135,0,0,13.5471900013966,0,0,0
414,116.699999999998,7,302.879176411285,0,0,0.3,0,0,0
414,116.799999999998,1,454.865126854213,-5.53024430287178e-11,0,0.105685667501173,5.02338181637676e-09,0,2.72334540497609e-06
414,116.799999999998,2,469,99.564705882354,0,3.67394039744206e-16,6,0,90
414,116.799999999998,3,465.330963854083,3.91999999999999,0,7.34788079488412e-17,1.2,0,90
414,116.799999999998,4,1175,99.7666666666666,0,7.9602041944578e-16,13,0,90
414,116.799999999998,5,2034,99.3869565217397,0,5.51091059616309e-16,9,0,90
414,116.799999999998,6,1900.13948848149,0,0,13.5419900013966,0,0,0
414,116.799999999998,7,302.879176411285,0,0,0.3,0,0,0
414,116.899999999998,1,454.865126854213,-5.53024430287178e-11,0,0.105685667501173,5.02338181637676e-09,0,2.72334540497609e-06
414,116.899999999998,2,469,99.564705882354,0,3.67394039744206e-16,6,0,90
414,116.899999999998,3,465.330963854083,3.91999999999999,0,7.34788079488412e-17,1.2,0,90
414,116.899999999998,4,1175,99.7666666666666,0,7.9602041944578e-16,13,0,90
414,116.899999999998,5,2034,99.3869565217397,0,5.51091059616309e-16,9,0,90
414,116.899999999998,6,1901.49342748163,0,0,13.5367900013966,0,0,0
414,116.899999999998,7,302.879176411285,0,0,0.3,0,0,0
414,116.999999999998,1,454.865126854213,-5.53024430287178e-11,0,0.105685667501173,5.02338181637676e-09,0,2.72334540497609e-06
414,116.999999999998,2,469,99.564705882354,0,3.67394039744206e-16,6,0,90
414,116.999999999998,3,465.330963854083,3.91999999999999,0,7.34788079488412e-17,1.2,0,90
414,116.999999999998,4,1175,99.7666666666666,0,7.9602041944578e-16,13,0,90
414,116.999999999998,5,2034,99.3869565217397,0,5.51091059616309e-16,9,0,90
414,116.999999999998,6,1902.84684648177,0,0,13.5315900013966,0,0,0
414,116.999999999998,7,302.879176411285,0,0,0.3,0,0,0
414,117.099999999998,1,454.865126854213,-5.53024430287178e-11,0,0.105685667501173,5.02338181637676e-09,0,2.72334540497609e-06
414,117.099999999998,2,469,99.564705882354,0,3.67394039744206e-16,6,0,90
414,117.099999999998,3,465.330963854083,3.91999999999999,0,7.34788079488412e-17,1.2,0,90
414,117.099999999998,4,1175,99.7666666666666,0,7.9602041944578e-16,13,0,90
414,117.099999999998,5,2034,99.3869565217397,0,5.51091059616309e-16,9,0,90
414,117.099999999998,6,1904.19974548191,0,0,13.5263900013966,0,0,0
414,117.099999999998,7,302.879176411285,0,0,0.3,0,0,0
414,117.199999999998,1,454.865126854213,-5.53024430287178e-11,0,0.105685667501173,5.02338181637676e-09,0,2.72334540497609e-06
414,117.199999999998,2,469,99.564705882354,0,3.67394039744206e-16,6,0,90
414,117.199999999998,3,465.330963854083,3.91999999999999,0,7.34788079488412e-17,1.2,0,90
414,117.199999999998,4,1175,99.7666666666666,0,7.9602041944578e-16,13,0,90
414,117.199999999998,5,2034,99.3869565217397,0,5.51091059616309e-16,9,0,90
414,117.199999999998,6,1905.55212448205,0,0,13.5211900013966,0,0,0
414,117.199999999998,7,302.879176411285,0,0,0.3,0,0,0
414,117.299999999998,1,454.865126854213,-5.53024430287178e-11,0,0.105685667501173,5.02338181637676e-09,0,2.72334540497609e-06
414,117.299999999998,2,469,99.564705882354,0,3.67394039744206e-16,6,0,90
414,117.299999999998,3,465.330963854083,3.91999999999999,0,7.34788079488412e-17,1.2,0,90
414,117.299999999998,4,1175,99.7666666666666,0,7.9602041944578e-16,13,0,90
414,117.299999999998,5,2034,99.3869565217397,0,5.51091059616309e-16,9,0,90
414,117.299999999998,6,1906.90398348219,0,0,13.5159900013966,0,0,0
414,117.299999999998,7,302.879176411285,0,0,0.3,0,0,0
414,117.399999999998,1,454.865126854213,-5.53024430287178e-11,0,0.105685667501173,5.02338181637676e-09,0,2.72334540497609e-06
414,117.399999999998,2,469,99.564705882354,0,3.67394039744206e-16,6,0,90
414,117.399999999998,3,465.330963854083,3.91999999999999,0,7.34788079488412e-17,1.2,0,90
414,117.399999999998,4,1175,99.7666666666666,0,7.9602041944578e-16,13,0,90
414,117.399999999998,5,2034,99.3869565217397,0,5.51091059616309e-16,9,0,90
414,117.399999999998,6,1908.25532248233,0,0,13.5107900013966,0,0,0
414,117.399999999998,7,302.879176411285,0,0,0.3,0,0,0
414,117.499999999998,1,454.865126854213,-5.53024430287178e-11,0,0.105685667501173,5.02338181637676e-09,0,2.72334540497609e-06
414,117.499999999998,2,469,99.564705882354,0,3.67394039744206e-16,6,0,90
414,117.499999999998,3,465.330963854083,3.91999999999999,0,7.34788079488412e-17,1.2,0,90
414,117.499999999998,4,1175,99.7666666666666,0,7.9602041944578e-16,13,0,90
414,117.499999999998,5,2034,99.3869565217397,0,5.51091059616309e-16,9,0,90
414,117.499999999998,6,1909.60614148247,0,0,13.5055900013966,0,0,0
414,117.499999999998,7,302.879176411285,0,0,0.3,0,0,0
414,117.599999999998,1,454.865126854213,-5.53024430287178e-11,0,0.105685667501173,5.02338181637676e-09,0,2.72334540497609e-06
414,117.599999999998,2,469,99.564705882354,0,3.67394039744206e-16,6,0,90
414,117.599999999998,3,465.330963854083,3.91999999999999,0,7.34788079488412e-17,1.2,0,90
414,117.599999999998,4,1175,99.7666666666666,0,7.9602041944578e-16,13,0,90
414,117.599999999998,5,2034,99.3869565217397,0,5.51091059616309e-16,9,0,90
414,117.599999999998,6,1910.95644048261,0,0,13.5003900013966,0,0,0
414,117.599999999998,7,302.879176411285,0,0,0.3,0,0,0
414,117.699999999998,1,454.865126854213,-5.53024430287178e-11,0,0.105685667501173,5.02338181637676e-09,0,2.72334540497609e-06
414,117.699999999998,2,469,99.564705882354,0,3.67394039744206e-16,6,0,90
414,117.699999999998,3,465.330963854083,3.91999999999999,0,7.34788079488412e-17,1.2,0,90
414,117.699999999998,4,1175,99.7666666666666,0,7.9602041944578e-16,13,0,90
414,117.699999999998,5,2034,99.3869565217397,0,5.51091059616309e-16,9,0,90
414,117.699999999998,6,1912.30621948275,0,0,13.4951900013966,0,0,0
414,117.699999999998,7,302.879176411285,0,0,0.3,0,0,0
414,117.799999999998,1,454.865126854213,-5.53024430287178e-11,0,0.105685667501173,5.02338181637676e-09,0,2.72334540497609e-06
414,117.799999999998,2,469,99.564705882354,0,3.67394039744206e-16,6,0,90
414,117.799999999998,3,465.330963854083,3.91999999999999,0,7.34788079488412e-17,1.2,0,90
414,117.799999999998,4,1175,99.7666666666666,0,7.9602041944578e-16,13,0,90
414,117.799999999998,5,2034,99.3869565217397,0,5.51091059616309e-16,9,0,90
414,117.799999999998,6,1913.65547848289,0,0,13.4899900013966,0,0,0
414,117.799999999998,7,302.879176411285,0,0,0.3,0,0,0
414,117.899999999998,1,454.865126854213,-5.53024430287178e-11,0,0.105685667501173,5.02338181637676e-09,0,2.72334540497609e-06
414,117.899999999998,2,469,99.564705882354,0,3.67394039744206e-16,6,0,90
414,117.899999999998,3,465.330963854083,3.91999999999999,0,7.34788079488412e-17,1.2,0,90
414,117.899999999998,4,1175,99.7666666666666,0,7.9602041944578e-16,13,0,90
414,117.899999999998,5,2034,99.3869565217397,0,5.51091059616309e-16,9,0,90
414,117.899999999998,6,1915.00421748303,0,0,13.4847900013966,0,0,0
414,117.899999999998,7,302.879176411285,0,0,0.3,0,0,0
414,117.999999999998,1,454.865126854213,-5.53024430287178e-11,0,0.105685667501173,5.02338181637676e-09,0,2.72334540497609e-06
414,117.999999999998,2,469,99.564705882354,0,3.67394039744206e-16,6,0,90
414,117.999999999998,3,465.330963854083,3.91999999999999,0,7.34788079488412e-17,1.2,0,90
414,117.999999999998,4,1175,99.7666666666666,0,7.9602041944578e-16,13,0,90
414,117.999999999998,5,2034,99.3869565217397,0,5.51091059616309e-16,9,0,90
414,117.999999999998,6,1916.35243648317,0,0,13.4795900013966,0,0,0
414,117.999999999998,7,302.879176411285,0,0,0.3,0,0,0
414,118.099999999998,1,454.865126854213,-5.53024430287178e-11,0,0.105685667501173,5.02338181637676e-09,0,2.72334540497609e-06
414,118.099999999998,2,469,99.564705882354,0,3.67394039744206e-16,6,0,90
414,118.099999999998,3,465.330963854083,3.91999999999999,0,7.34788079488412e-17,1.2,0,90
414,118.099999999998,4,1175,99.7666666666666,0,7.9602041944578e-16,13,0,90
414,118.099999999998,5,2034,99.3869565217397,0,5.51091059616309e-16,9,0,90
414,118.099999999998,6,1917.70013548331,0,0,13.4743900013966,0,0,0
414,118.099999999998,7,302.879176411285,0,0,0.3,0,0,0
414,118.199999999998,1,454.865126854213,-5.53024430287178e-11,0,0.105685667501173,5.02338181637676e-09,0,2.72334540497609e-06
414,118.199999999998,2,469,99.564705882354,0,3.67394039744206e-16,6,0,90
414,118.199999999998,3,465.330963854083,3.91999999999999,0,7.34788079488412e-17,1.2,0,90
414,118.199999999998,4,1175,99.7666666666666,0,7.9602041944578e-16,13,0,90
414,118.199999999998,5,2034,99.3869565217397,0,5.51091059616309e-16,9,0,90
414,118.199999999998,6,1919.04731448345,0,0,13.4691900013966,0,0,0
414,118.199999999998,7,302.879176411285,0,0,0.3,0,0,0
414,118.299999999998,1,454.865126854213,-5.53024430287178e-11,0,0.105685667501173,5.02338181637676e-09,0,2.72334540497609e-06
414,118.299999999998,2,469,99.564705882354,0,3.67394039744206e-16,6,0,90
414,118.299999999998,3,465.330963854083,3.91999999999999,0,7.34788079488412e-17,1.2,0,90
414,118.299999999998,4,1175,99.7666666666666,0,7.9602041944578e-16,13,0,90
414,118.299999999998,5,2034,99.3869565217397,0,5.51091059616309e-16,9,0,90
414,118.299999999998,6,1920.39397348359,0,0,13.4639900013966,0,0,0
414,118.299999999998,7,302.879176411285,0,0,0.3,0,0,0
414,118.399999999998,1,454.865126854213,-5.53024430287178e-11,0,0.105685667501173,5.02338181637676e-09,0,2.72334540497609e-06
414,118.399999999998,2,469,99.564705882354,0,3.67394039744206e-16,6,0,90
414,118.399999999998,3,465.330963854083,3.91999999999999,0,7.34788079488412e-17,1.2,0,90
414,118.399999999998,4,1175,99.7666666666666,0,7.9602041944578e-16,13,0,90
414,118.399999999998,5,2034,99.3869565217397,0,5.51091059616309e-16,9,0,90
414,118.399999999998,6,1921.74011248373,0,0,13.4587900013966,0,0,0
414,118.399999999998,7,302.879176411285,0,0,0.3,0,0,0
414,118.499999999998,1,454.865126854213,-5.53024430287178e-11,0,0.105685667501173,5.02338181637676e-09,0,2.72334540497609e-06
414,118.499999999998,2,469,99.564705882354,0,3.67394039744206e-16,6,0,90
414,118.499999999998,3,465.330963854083,3.91999999999999,0,7.34788079488412e-17,1.2,0,90
414,118.499999999998,4,1175,99.7666666666666,0,7.9602041944578e-16,13,0,90
414,118.499999999998,5,2034,99.3869565217397,0,5.51091059616309e-16,9,0,90
414,118.499999999998,6,1923.08573148386,0,0,13.4535900013966,0,0,0
414,118.499999999998,7,302.879176411285,0,0,0.3,0,0,0
414,118.599999999998,1,454.865126854213,-5.53024430287178e-11,0,0.105685667501173,5.02338181637676e-09,0,2.72334540497609e-06
414,118.599999999998,2,469,99.564705882354,0,3.67394039744206e-16,6,0,90
414,118.599999999998,3,465.330963854083,3.91999999999999,0,7.34788079488412e-17,1.2,0,90
414,118.599999999998,4,1175,99.7666666666666,0,7.9602041944578e-16,13,0,90
414,118.599999999998,5,2034,99.3869565217397,0,5.51091059616309e-16,9,0,90
414,118.599999999998,6,1924.430830484,0,0,13.4483900013966,0,0,0
414,118.599999999998,7,302.879176411285,0,0,0.3,0,0,0
414,118.699999999998,1,454.865126854213,-5.53024430287178e-11,0,0.105685667501173,5.02338181637676e-09,0,2.72334540497609e-06
414,118.699999999998,2,469,99.564705882354,0,3.67394039744206e-16,6,0,90
414,118.699999999998,3,465.330963854083,3.91999999999999,0,7.34788079488412e-17,1.2,0,90
414,118.699999999998,4,1175,99.7666666666666,0,7.9602041944578e-16,13,0,90
414,118.699999999998,5,2034,99.3869565217397,0,5.51091059616309e-16,9,0,90
414,118.699999999998,6,1925.77540948414,0,0,13.4431900013966,0,0,0
414,118.699999999998,7,302.879176411285,0,0,0.3,0,0,0
414,118.799999999998,1,454.865126854213,-5.53024430287178e-11,0,0.105685667501173,5.02338181637676e-09,0,2.72334540497609e-06
414,118.799999999998,2,469,99.564705882354,0,3.67394039744206e-16,6,0,90
414,118.799999999998,3,465.330963854083,3.91999999999999,0,7.34788079488412e-17,1.2,0,90
414,118.799999999998,4,1175,99.7666666666666,0,7.9602041944578e-16,13,0,90
414,118.799999999998,5,2034,99.3869565217397,0,5.51091059616309e-16,9,0,90
414,118.799999999998,6,1927.11946848428,0,0,13.4379900013966,0,0,0
414,118.799999999998,7,302.879176411285,0,0,0.3,0,0,0
414,118.899999999998,1,454.865126854213,-5.53024430287178e-11,0,0.105685667501173,5.02338181637676e-09,0,2.72334540497609e-06
414,118.899999999998,2,469,99.564705882354,0,3.67394039744206e-16,6,0,90
414,118.899999999998,3,465.330963854083,3.91999999999999,0,7.34788079488412e-17,1.2,0,90
414,118.899999999998,4,1175,99.7666666666666,0,7.9602041944578e-16,13,0,90
414,118.899999999998,5,2034,99.3869565217397,0,5.51091059616309e-16,9,0,90
414,118.899999999998,6,1928.46300748442,0,0,13.4327900013966,0,0,0
414,118.899999999998,7,302.879176411285,0,0,0.3,0,0,0
414,118.999999999998,1,454.865126854213,-5.53024430287178e-11,0,0.105685667501173,5.02338181637676e-09,0,2.72334540497609e-06
414,118.999999999998,2,469,99.564705882354,0,3.67394039744206e-16,6,0,90
414,118.999999999998,3,465.330963854083,3.91999999999999,0,7.34788079488412e-17,1.2,0,90
414,118.999999999998,4,1175,99.7666666666666,0,7.9602041944578e-16,13,0,90
414,118.999999999998,5,2034,99.3869565217397,0,5.51091059616309e-16,9,0,90
414,118.999999999998,6,1929.80602648456,0,0,13.4275900013966,0,0,0
414,118.999999999998,7,302.879176411285,0,0,0.3,0,0,0
414,119.099999999998,1,454.865126854213,-5.53024430287178e-11,0,0.105685667501173,5.02338181637676e-09,0,2.72334540497609e-06
414,119.099999999998,2,469,99.564705882354,0,3.67394039744206e-16,6,0,90
414,119.099999999998,3,465.330963854083,3.91999999999999,0,7.34788079488412e-17,1.2,0,90
414,119.099999999998,4,1175,99.7666666666666,0,7.9602041944578e-16,13,0,90
414,119.099999999998,5,2034,99.3869565217397,0,5.51091059616309e-16,9,0,90
414,119.099999999998,6,1931.1485254847,0,0,13.4223900013966,0,0,0
414,119.099999999998,7,302.879176411285,0,0,0.3,0,0,0
414,119.199999999998,1,454.865126854213,-5.53024430287178e-11,0,0.105685667501173,5.02338181637676e-09,0,2.72334540497609e-06
414,119.199999999998,2,469,99.564705882354,0,3.67394039744206e-16,6,0,90
414,119.199999999998,3,465.330963854083,3.91999999999999,0,7.34788079488412e-17,1.2,0,90
414,119.199999999998,4,1175,99.7666666666666,0,7.9602041944578e-16,13,0,90
414,119.199999999998,5,2034,99.3869565217397,0,5.51091059616309e-16,9,0,90
414,119.199999999998,6,1932.49050448484,0,0,13.4171900013966,0,0,0
414,119.199999999998,7,302.879176411285,0,0,0.3,0,0,0
414,119.299999999997,1,454.865126854213,-5.53024430287178e-11,0,0.105685667501173,5.02338181637676e-09,0,2.72334540497609e-06
414,119.299999999997,2,469,99.564705882354,0,3.67394039744206e-16,6,0,90
414,119.299999999997,3,465.330963854083,3.91999999999999,0,7.34788079488412e-17,1.2,0,90
414,119.299999999997,4,1175,99.7666666666666,0,7.9602041944578e-16,13,0,90
414,119.299999999997,5,2034,99.3869565217397,0,5.51091059616309e-16,9,0,90
414,119.299999999997,6,1933.83196348498,0,0,13.4119900013966,0,0,0
414,119.299999999997,7,302.879176411285,0,0,0.3,0,0,0
414,119.399999999997,1,454.865126854213,-5.53024430287178e-11,0,0.105685667501173,5.02338181637676e-09,0,2.72334540497609e-06
414,119.399999999997,2,469,99.564705882354,0,3.67394039744206e-16,6,0,90
414,119.399999999997,3,465.330963854083,3.91999999999999,0,7.34788079488412e-17,1.2,0,90
414,119.399999999997,4,1175,99.7666666666666,0,7.9602041944578e-16,13,0,90
414,119.399999999997,5,2034,99.3869565217397,0,5.51091059616309e-16,9,0,90
414,119.399999999997,6,1935.17290248512,0,0,13.4067900013966,0,0,0
414,119.399999999997,7,302.879176411285,0,0,0.3,0,0,0
414,119.499999999997,1,454.865126854213,-5.53024430287178e-11,0,0.105685667501173,5.02338181637676e-09,0,2.72334540497609e-06
414,119.499999999997,2,469,99.564705882354,0,3.67394039744206e-16,6,0,90
414,119.499999999997,3,465.330963854083,3.91999999999999,0,7.34788079488412e-17,1.2,0,90
414,119.499999999997,4,1175,99.7666666666666,0,7.9602041944578e-16,13,0,90
414,119.499999999997,5,2034,99.3869565217397,0,5.51091059616309e-16,9,0,90
414,119.499999999997,6,1936.51332148526,0,0,13.4015900013966,0,0,0
414,119.499999999997,7,302.879176411285,0,0,0.3,0,0,0
414,119.599999999997,1,454.865126854213,-5.53024430287178e-11,0,0.105685667501173,5.02338181637676e-09,0,2.72334540497609e-06
414,119.599999999997,2,469,99.564705882354,0,3.67394039744206e-16,6,0,90
414,119.599999999997,3,465.330963854083,3.91999999999999,0,7.34788079488412e-17,1.2,0,90
414,119.599999999997,4,1175,99.7666666666666,0,7.9602041944578e-16,13,0,90
414,119.599999999997,5,2034,99.3869565217397,0,5.51091059616309e-16,9,0,90
414,119.599999999997,6,1937.8532204854,0,0,13.3963900013966,0,0,0
414,119.599999999997,7,302.879176411285,0,0,0.3,0,0,0
414,119.699999999997,1,454.865126854213,-5.53024430287178e-11,0,0.105685667501173,5.02338181637676e-09,0,2.72334540497609e-06
414,119.699999999997,2,469,99.564705882354,0,3.67394039744206e-16,6,0,90
414,119.699999999997,3,465.330963854083,3.91999999999999,0,7.34788079488412e-17,1.2,0,90
414,119.699999999997,4,1175,99.7666666666666,0,7.9602041944578e-16,13,0,90
414,119.699999999997,5,2034,99.3869565217397,0,5.51091059616309e-16,9,0,90
414,119.699999999997,6,1939.19259948554,0,0,13.3911900013966,0,0,0
414,119.699999999997,7,302.879176411285,0,0,0.3,0,0,0
414,119.799999999997,1,454.865126854213,-5.53024430287178e-11,0,0.105685667501173,5.02338181637676e-09,0,2.72334540497609e-06
414,119.799999999997,2,469,99.564705882354,0,3.67394039744206e-16,6,0,90
414,119.799999999997,3,465.330963854083,3.91999999999999,0,7.34788079488412e-17,1.2,0,90
414,119.799999999997,4,1175,99.7666666666666,0,7.9602041944578e-16,13,0,90
414,119.799999999997,5,2034,99.3869565217397,0,5.51091059616309e-16,9,0,90
414,119.799999999997,6,1940.53145848568,0,0,13.3859900013966,0,0,0
414,119.799999999997,7,302.879176411285,0,0,0.3,0,0,0
414,119.899999999997,1,454.865126854213,-5.53024430287178e-11,0,0.105685667501173,5.02338181637676e-09,0,2.72334540497609e-06
414,119.899999999997,2,469,99.564705882354,0,3.67394039744206e-16,6,0,90
414,119.899999999997,3,465.330963854083,3.91999999999999,0,7.34788079488412e-17,1.2,0,90
414,119.899999999997,4,1175,99.7666666666666,0,7.9602041944578e-16,13,0,90
414,119.899999999997,5,2034,99.3869565217397,0,5.51091059616309e-16,9,0,90
414,119.899999999997,6,1941.86979748582,0,0,13.3807900013966,0,0,0
414,119.899999999997,7,302.879176411285,0,0,0.3,0,0,0
414,119.999999999997,1,454.865126854213,-5.53024430287178e-11,0,0.105685667501173,5.02338181637676e-09,0,2.72334540497609e-06
414,119.999999999997,2,469,99.564705882354,0,3.67394039744206e-16,6,0,90
414,119.999999999997,3,465.330963854083,3.91999999999999,0,7.34788079488412e-17,1.2,0,90
414,119.999999999997,4,1175,99.7666666666666,0,7.9602041944578e-16,13,0,90
414,119.999999999997,5,2034,99.3869565217397,0,5.51091059616309e-16,9,0,90
414,119.999999999997,6,1943.20761648596,0,0,13.3755900013966,0,0,0
414,119.999999999997,7,302.879176411285,0,0,0.3,0,0,0
414,120.099999999997,1,454.865126854213,-5.53024430287178e-11,0,0.105685667501173,5.02338181637676e-09,0,2.72334540497609e-06
414,120.099999999997,2,469,99.564705882354,0,3.67394039744206e-16,6,0,90
414,120.099999999997,3,465.330963854083,3.91999999999999,0,7.34788079488412e-17,1.2,0,90
414,120.099999999997,4,1175,99.7666666666666,0,7.9602041944578e-16,13,0,90
414,120.099999999997,5,2034,99.3869565217397,0,5.51091059616309e-16,9,0,90
414,120.099999999997,6,1944.5449154861,0,0,13.3703900013966,0,0,0
414,120.099999999997,7,302.879176411285,0,0,0.3,0,0,0
414,120.199999999997,1,454.865126854213,-5.53024430287178e-11,0,0.105685667501173,5.02338181637676e-09,0,2.72334540497609e-06
414,120.199999999997,2,469,99.564705882354,0,3.67394039744206e-16,6,0,90
414,120.199999999997,3,465.330963854083,3.91999999999999,0,7.34788079488412e-17,1.2,0,90
414,120.199999999997,4,1175,99.7666666666666,0,7.9602041944578e-16,13,0,90
414,120.199999999997,5,2034,99.3869565217397,0,5.51091059616309e-16,9,0,90
414,120.199999999997,6,1945.88169448624,0,0,13.3651900013966,0,0,0
414,120.199999999997,7,302.879176411285,0,0,0.3,0,0,0
414,120.299999999997,1,454.865126854213,-5.53024430287178e-11,0,0.105685667501173,5.02338181637676e-09,0,2.72334540497609e-06
414,120.299999999997,2,469,99.564705882354,0,3.67394039744206e-16,6,0,90
414,120.299999999997,3,465.330963854083,3.91999999999999,0,7.34788079488412e-17,1.2,0,90
414,120.299999999997,4,1175,99.7666666666666,0,7.9602041944578e-16,13,0,90
414,120.299999999997,5,2034,99.3869565217397,0,5.51091059616309e-16,9,0,90
414,120.299999999997,6,1947.21795348638,0,0,13.3599900013966,0,0,0
414,120.299999999997,7,302.879176411285,0,0,0.3,0,0,0
414,120.399999999997,1,454.865126854213,-5.53024430287178e-11,0,0.105685667501173,5.02338181637676e-09,0,2.72334540497609e-06
414,120.399999999997,2,469,99.564705882354,0,3.67394039744206e-16,6,0,90
414,120.399999999997,3,465.330963854083,3.91999999999999,0,7.34788079488412e-17,1.2,0,90
414,120.399999999997,4,1175,99.7666666666666,0,7.9602041944578e-16,13,0,90
414,120.399999999997,5,2034,99.3869565217397,0,5.51091059616309e-16,9,0,90
414,120.399999999997,6,1948.55369248652,0,0,13.3547900013966,0,0,0
414,120.399999999997,7,302.879176411285,0,0,0.3,0,0,0
414,120.499999999997,1,454.865126854213,-5.53024430287178e-11,0,0.105685667501173,5.02338181637676e-09,0,2.72334540497609e-06
414,120.499999999997,2,469,99.564705882354,0,3.67394039744206e-16,6,0,90
414,120.499999999997,3,465.330963854083,3.91999999999999,0,7.34788079488412e-17,1.2,0,90
414,120.499999999997,4,1175,99.7666666666666,0,7.9602041944578e-16,13,0,90
414,120.499999999997,5,2034,99.3869565217397,0,5.51091059616309e-16,9,0,90
414,120.499999999997,6,1949.88891148666,0,0,13.3495900013966,0,0,0
414,120.499999999997,7,302.879176411285,0,0,0.3,0,0,0
414,120.599999999997,1,454.865126854213,-5.53024430287178e-11,0,0.105685667501173,5.02338181637676e-09,0,2.72334540497609e-06
414,120.599999999997,2,469,99.564705882354,0,3.67394039744206e-16,6,0,90
414,120.599999999997,3,465.330963854083,3.91999999999999,0,7.34788079488412e-17,1.2,0,90
414,120.599999999997,4,1175,99.7666666666666,0,7.9602041944578e-16,13,0,90
414,120.599999999997,5,2034,99.3869565217397,0,5.51091059616309e-16,9,0,90
414,120.599999999997,6,1951.2236104868,0,0,13.3443900013966,0,0,0
414,120.599999999997,7,302.879176411285,0,0,0.3,0,0,0
414,120.699999999997,1,454.865126854213,-5.53024430287178e-11,0,0.105685667501173,5.02338181637676e-09,0,2.72334540497609e-06
414,120.699999999997,2,469,99.564705882354,0,3.67394039744206e-16,6,0,90
414,120.699999999997,3,465.330963854083,3.91999999999999,0,7.34788079488412e-17,1.2,0,90
414,120.699999999997,4,1175,99.7666666666666,0,7.9602041944578e-16,13,0,90
414,120.699999999997,5,2034,99.3869565217397,0,5.51091059616309e-16,9,0,90
414,120.699999999997,6,1952.55778948694,0,0,13.3391900013966,0,0,0
414,120.699999999997,7,302.879176411285,0,0,0.3,0,0,0
414,120.799999999997,1,454.865126854213,-5.53024430287178e-11,0,0.105685667501173,5.02338181637676e-09,0,2.72334540497609e-06
414,120.799999999997,2,469,99.564705882354,0,3.67394039744206e-16,6,0,90
414,120.799999999997,3,465.330963854083,3.91999999999999,0,7.34788079488412e-17,1.2,0,90
414,120.799999999997,4,1175,99.7666666666666,0,7.9602041944578e-16,13,0,90
414,120.799999999997,5,2034,99.3869565217397,0,5.51091059616309e-16,9,0,90
414,120.799999999997,6,1953.89144848708,0,0,13.3339900013966,0,0,0
414,120.799999999997,7,302.879176411285,0,0,0.3,0,0,0
414,120.899999999997,1,454.865126854213,-5.53024430287178e-11,0,0.105685667501173,5.02338181637676e-09,0,2.72334540497609e-06
414,120.899999999997,2,469,99.564705882354,0,3.67394039744206e-16,6,0,90
414,120.899999999997,3,465.330963854083,3.91999999999999,0,7.34788079488412e-17,1.2,0,90
414,120.899999999997,4,1175,99.7666666666666,0,7.9602041944578e-16,13,0,90
414,120.899999999997,5,2034,99.3869565217397,0,5.51091059616309e-16,9,0,90
414,120.899999999997,6,1955.22458748721,0,0,13.3287900013966,0,0,0
414,120.899999999997,7,302.879176411285,0,0,0.3,0,0,0
414,120.999999999997,1,454.865126854213,-5.53024430287178e-11,0,0.105685667501173,5.02338181637676e-09,0,2.72334540497609e-06
414,120.999999999997,2,469,99.564705882354,0,3.67394039744206e-16,6,0,90
414,120.999999999997,3,465.330963854083,3.91999999999999,0,7.34788079488412e-17,1.2,0,90
414,120.999999999997,4,1175,99.7666666666666,0,7.9602041944578e-16,13,0,90
414,120.999999999997,5,2034,99.3869565217397,0,5.51091059616309e-16,9,0,90
414,120.999999999997,6,1956.55720648735,0,0,13.3235900013966,0,0,0
414,120.999999999997,7,302.879176411285,0,0,0.3,0,0,0
414,121.099999999997,1,454.865126854213,-5.53024430287178e-11,0,0.105685667501173,5.02338181637676e-09,0,2.72334540497609e-06
414,121.099999999997,2,469,99.564705882354,0,3.67394039744206e-16,6,0,90
414,121.099999999997,3,465.330963854083,3.91999999999999,0,7.34788079488412e-17,1.2,0,90
414,121.099999999997,4,1175,99.7666666666666,0,7.9602041944578e-16,13,0,90
414,121.099999999997,5,2034,99.3869565217397,0,5.51091059616309e-16,9,0,90
414,121.099999999997,6,1957.88930548749,0,0,13.3183900013966,0,0,0
414,121.099999999997,7,302.879176411285,0,0,0.3,0,0,0
414,121.199999999997,1,454.865126854213,-5.53024430287178e-11,0,0.105685667501173,5.02338181637676e-09,0,2.72334540497609e-06
414,121.199999999997,2,469,99.564705882354,0,3.67394039744206e-16,6,0,90
414,121.199999999997,3,465.330963854083,3.91999999999999,0,7.34788079488412e-17,1.2,0,90
414,121.199999999997,4,1175,99.7666666666666,0,7.9602041944578e-16,13,0,90
414,121.199999999997,5,2034,99.3869565217397,0,5.51091059616309e-16,9,0,90
414,121.199999999997,6,1959.22088448763,0,0,13.3131900013966,0,0,0
414,121.199999999997,7,302.879176411285,0,0,0.3,0,0,0
414,121.299999999997,1,454.865126854213,-5.53024430287178e-11,0,0.105685667501173,5.02338181637676e-09,0,2.72334540497609e-06
414,121.299999999997,2,469,99.564705882354,0,3.67394039744206e-16,6,0,90
414,121.299999999997,3,465.330963854083,3.91999999999999,0,7.34788079488412e-17,1.2,0,90
414,121.299999999997,4,1175,99.7666666666666,0,7.9602041944578e-16,13,0,90
414,121.299999999997,5,2034,99.3869565217397,0,5.51091059616309e-16,9,0,90
414,121.299999999997,6,1960.55194348777,0,0,13.3079900013966,0,0,0
414,121.299999999997,7,302.879176411285,0,0,0.3,0,0,0
414,121.399999999997,1,454.865126854213,-5.53024430287178e-11,0,0.105685667501173,5.02338181637676e-09,0,2.72334540497609e-06
414,121.399999999997,2,469,99.564705882354,0,3.67394039744206e-16,6,0,90
414,121.399999999997,3,465.330963854083,3.91999999999999,0,7.34788079488412e-17,1.2,0,90
414,121.399999999997,4,1175,99.7666666666666,0,7.9602041944578e-16,13,0,90
414,121.399999999997,5,2034,99.3869565217397,0,5.51091059616309e-16,9,0,90
414,121.399999999997,6,1961.88248248791,0,0,13.3027900013966,0,0,0
414,121.399999999997,7,302.879176411285,0,0,0.3,0,0,0
414,121.499999999997,1,454.865126854213,-5.53024430287178e-11,0,0.105685667501173,5.02338181637676e-09,0,2.72334540497609e-06
414,121.499999999997,2,469,99.564705882354,0,3.67394039744206e-16,6,0,90
414,121.499999999997,3,465.330963854083,3.91999999999999,0,7.34788079488412e-17,1.2,0,90
414,121.499999999997,4,1175,99.7666666666666,0,7.9602041944578e-16,13,0,90
414,121.499999999997,5,2034,99.3869565217397,0,5.51091059616309e-16,9,0,90
414,121.499999999997,6,1963.21250148805,0,0,13.2975900013966,0,0,0
414,121.499999999997,7,302.879176411285,0,0,0.3,0,0,0
414,121.599999999997,1,454.865126854213,-5.53024430287178e-11,0,0.105685667501173,5.02338181637676e-09,0,2.72334540497609e-06
414,121.599999999997,2,469,99.564705882354,0,3.67394039744206e-16,6,0,90
414,121.599999999997,3,465.330963854083,3.91999999999999,0,7.34788079488412e-17,1.2,0,90
414,121.599999999997,4,1175,99.7666666666666,0,7.9602041944578e-16,13,0,90
414,121.599999999997,5,2034,99.3869565217397,0,5.51091059616309e-16,9,0,90
414,121.599999999997,6,1964.54200048819,0,0,13.2923900013966,0,0,0
414,121.599999999997,7,302.879176411285,0,0,0.3,0,0,0
414,121.699999999997,1,454.865126854213,-5.53024430287178e-11,0,0.105685667501173,5.02338181637676e-09,0,2.72334540497609e-06
414,121.699999999997,2,469,99.564705882354,0,3.67394039744206e-16,6,0,90
414,121.699999999997,3,465.330963854083,3.91999999999999,0,7.34788079488412e-17,1.2,0,90
414,121.699999999997,4,1175,99.7666666666666,0,7.9602041944578e-16,13,0,90
414,121.699999999997,5,2034,99.3869565217397,0,5.51091059616309e-16,9,0,90
414,121.699999999997,6,1965.87097948833,0,0,13.2871900013966,0,0,0
414,121.699999999997,7,302.879176411285,0,0,0.3,0,0,0
414,121.799999999997,1,454.865126854213,-5.53024430287178e-11,0,0.105685667501173,5.02338181637676e-09,0,2.72334540497609e-06
414,121.799999999997,2,469,99.564705882354,0,3.67394039744206e-16,6,0,90
414,121.799999999997,3,465.330963854083,3.91999999999999,0,7.34788079488412e-17,1.2,0,90
414,121.799999999997,4,1175,99.7666666666666,0,7.9602041944578e-16,13,0,90
414,121.799999999997,5,2034,99.3869565217397,0,5.51091059616309e-16,9,0,90
414,121.799999999997,6,1967.19943848847,0,0,13.2819900013966,0,0,0
414,121.799999999997,7,302.879176411285,0,0,0.3,0,0,0
414,121.899999999997,1,454.865126854213,-5.53024430287178e-11,0,0.105685667501173,5.02338181637676e-09,0,2.72334540497609e-06
414,121.899999999997,2,469,99.564705882354,0,3.67394039744206e-16,6,0,90
414,121.899999999997,3,465.330963854083,3.91999999999999,0,7.34788079488412e-17,1.2,0,90
414,121.899999999997,4,1175,99.7666666666666,0,7.9602041944578e-16,13,0,90
414,121.899999999997,5,2034,99.3869565217397,0,5.51091059616309e-16,9,0,90
414,121.899999999997,6,1968.52737748861,0,0,13.2767900013966,0,0,0
414,121.899999999997,7,302.879176411285,0,0,0.3,0,0,0
414,121.999999999997,1,454.865126854213,-5.53024430287178e-11,0,0.105685667501173,5.02338181637676e-09,0,2.72334540497609e-06
414,121.999999999997,2,469,99.564705882354,0,3.67394039744206e-16,6,0,90
414,121.999999999997,3,465.330963854083,3.91999999999999,0,7.34788079488412e-17,1.2,0,90
414,121.999999999997,4,1175,99.7666666666666,0,7.9602041944578e-16,13,0,90
414,121.999999999997,5,2034,99.3869565217397,0,5.51091059616309e-16,9,0,90
414,121.999999999997,6,1969.85479648875,0,0,13.2715900013966,0,0,0
414,121.999999999997,7,302.879176411285,0,0,0.3,0,0,0
414,122.099999999997,1,454.865126854213,-5.53024430287178e-11,0,0.105685667501173,5.02338181637676e-09,0,2.72334540497609e-06
414,122.099999999997,2,469,99.564705882354,0,3.67394039744206e-16,6,0,90
414,122.099999999997,3,465.330963854083,3.91999999999999,0,7.34788079488412e-17,1.2,0,90
414,122.099999999997,4,1175,99.7666666666666,0,7.9602041944578e-16,13,0,90
414,122.099999999997,5,2034,99.3869565217397,0,5.51091059616309e-16,9,0,90
414,122.099999999997,6,1971.18169548889,0,0,13.2663900013966,0,0,0
414,122.099999999997,7,302.879176411285,0,0,0.3,0,0,0
414,122.199999999997,1,454.865126854213,-5.53024430287178e-11,0,0.105685667501173,5.02338181637676e-09,0,2.72334540497609e-06
414,122.199999999997,2,469,99.564705882354,0,3.67394039744206e-16,6,0,90
414,122.199999999997,3,465.330963854083,3.91999999999999,0,7.34788079488412e-17,1.2,0,90
414,122.199999999997,4,1175,99.7666666666666,0,7.9602041944578e-16,13,0,90
414,122.199999999997,5,2034,99.3869565217397,0,5.51091059616309e-16,9,0,90
414,122.199999999997,6,1972.50807448903,0,0,13.2611900013966,0,0,0
414,122.199999999997,7,302.879176411285,0,0,0.3,0,0,0
414,122.299999999997,1,454.865126854213,-5.53024430287178e-11,0,0.105685667501173,5.02338181637676e-09,0,2.72334540497609e-06
414,122.299999999997,2,469,99.564705882354,0,3.67394039744206e-16,6,0,90
414,122.299999999997,3,465.330963854083,3.91999999999999,0,7.34788079488412e-17,1.2,0,90
414,122.299999999997,4,1175,99.7666666666666,0,7.9602041944578e-16,13,0,90
414,122.299999999997,5,2034,99.3869565217397,0,5.51091059616309e-16,9,0,90
414,122.299999999997,6,1973.83393348917,0,0,13.2559900013966,0,0,0
414,122.299999999997,7,302.879176411285,0,0,0.3,0,0,0
414,122.399999999997,1,454.865126854213,-5.53024430287178e-11,0,0.105685667501173,5.02338181637676e-09,0,2.72334540497609e-06
414,122.399999999997,2,469,99.564705882354,0,3.67394039744206e-16,6,0,90
414,122.399999999997,3,465.330963854083,3.91999999999999,0,7.34788079488412e-17,1.2,0,90
414,122.399999999997,4,1175,99.7666666666666,0,7.9602041944578e-16,13,0,90
414,122.399999999997,5,2034,99.3869565217397,0,5.51091059616309e-16,9,0,90
414,122.399999999997,6,1975.15927248931,0,0,13.2507900013966,0,0,0
414,122.399999999997,7,302.879176411285,0,0,0.3,0,0,0
414,122.499999999997,1,454.865126854213,-5.53024430287178e-11,0,0.105685667501173,5.02338181637676e-09,0,2.72334540497609e-06
414,122.499999999997,2,469,99.564705882354,0,3.67394039744206e-16,6,0,90
414,122.499999999997,3,465.330963854083,3.91999999999999,0,7.34788079488412e-17,1.2,0,90
414,122.499999999997,4,1175,99.7666666666666,0,7.9602041944578e-16,13,0,90
414,122.499999999997,5,2034,99.3869565217397,0,5.51091059616309e-16,9,0,90
414,122.499999999997,6,1976.48409148945,0,0,13.2455900013966,0,0,0
414,122.499999999997,7,302.879176411285,0,0,0.3,0,0,0
414,122.599999999997,1,454.865126854213,-5.53024430287178e-11,0,0.105685667501173,5.02338181637676e-09,0,2.72334540497609e-06
414,122.599999999997,2,469,99.564705882354,0,3.67394039744206e-16,6,0,90
414,122.599999999997,3,465.330963854083,3.91999999999999,0,7.34788079488412e-17,1.2,0,90
414,122.599999999997,4,1175,99.7666666666666,0,7.9602041944578e-16,13,0,90
414,122.599999999997,5,2034,99.3869565217397,0,5.51091059616309e-16,9,0,90
414,122.599999999997,6,1977.80839048959,0,0,13.2403900013966,0,0,0
414,122.599999999997,7,302.879176411285,0,0,0.3,0,0,0
414,122.699999999997,1,454.865126854213,-5.53024430287178e-11,0,0.105685667501173,5.02338181637676e-09,0,2.72334540497609e-06
414,122.699999999997,2,469,99.564705882354,0,3.67394039744206e-16,6,0,90
414,122.699999999997,3,465.330963854083,3.91999999999999,0,7.34788079488412e-17,1.2,0,90
414,122.699999999997,4,1175,99.7666666666666,0,7.9602041944578e-16,13,0,90
414,122.699999999997,5,2034,99.3869565217397,0,5.51091059616309e-16,9,0,90
414,122.699999999997,6,1979.13216948973,0,0,13.2351900013966,0,0,0
414,122.699999999997,7,302.879176411285,0,0,0.3,0,0,0
414,122.799999999997,1,454.865126854213,-5.53024430287178e-11,0,0.105685667501173,5.02338181637676e-09,0,2.72334540497609e-06
414,122.799999999997,2,469,99.564705882354,0,3.67394039744206e-16,6,0,90
414,122.799999999997,3,465.330963854083,3.91999999999999,0,7.34788079488412e-17,1.2,0,90
414,122.799999999997,4,1175,99.7666666666666,0,7.9602041944578e-16,13,0,90
414,122.799999999997,5,2034,99.3869565217397,0,5.51091059616309e-16,9,0,90
414,122.799999999997,6,1980.45542848987,0,0,13.2299900013966,0,0,0
414,122.799999999997,7,302.879176411285,0,0,0.3,0,0,0
414,122.899999999997,1,454.865126854213,-5.53024430287178e-11,0,0.105685667501173,5.02338181637676e-09,0,2.72334540497609e-06
414,122.899999999997,2,469,99.564705882354,0,3.67394039744206e-16,6,0,90
414,122.899999999997,3,465.330963854083,3.91999999999999,0,7.34788079488412e-17,1.2,0,90
414,122.899999999997,4,1175,99.7666666666666,0,7.9602041944578e-16,13,0,90
414,122.899999999997,5,2034,99.3869565217397,0,5.51091059616309e-16,9,0,90
414,122.899999999997,6,1981.77816749001,0,0,13.2247900013966,0,0,0
414,122.899999999997,7,302.879176411285,0,0,0.3,0,0,0
414,122.999999999997,1,454.865126854213,-5.53024430287178e-11,0,0.105685667501173,5.02338181637676e-09,0,2.72334540497609e-06
414,122.999999999997,2,469,99.564705882354,0,3.67394039744206e-16,6,0,90
414,122.999999999997,3,465.330963854083,3.91999999999999,0,7.34788079488412e-17,1.2,0,90
414,122.999999999997,4,1175,99.7666666666666,0,7.9602041944578e-16,13,0,90
414,122.999999999997,5,2034,99.3869565217397,0,5.51091059616309e-16,9,0,90
414,122.999999999997,6,1983.10038649015,0,0,13.2195900013966,0,0,0
414,122.999999999997,7,302.879176411285,0,0,0.3,0,0,0
414,123.099999999997,1,454.865126854213,-5.53024430287178e-11,0,0.105685667501173,5.02338181637676e-09,0,2.72334540497609e-06
414,123.099999999997,2,469,99.564705882354,0,3.67394039744206e-16,6,0,90
414,123.099999999997,3,465.330963854083,3.91999999999999,0,7.34788079488412e-17,1.2,0,90
414,123.099999999997,4,1175,99.7666666666666,0,7.9602041944578e-16,13,0,90
414,123.099999999997,5,2034,99.3869565217397,0,5.51091059616309e-16,9,0,90
414,123.099999999997,6,1984.42208549029,0,0,13.2143900013966,0,0,0
414,123.099999999997,7,302.879176411285,0,0,0.3,0,0,0
414,123.199999999997,1,454.865126854213,-5.53024430287178e-11,0,0.105685667501173,5.02338181637676e-09,0,2.72334540497609e-06
414,123.199999999997,2,469,99.564705882354,0,3.67394039744206e-16,6,0,90
414,123.199999999997,3,465.330963854083,3.91999999999999,0,7.34788079488412e-17,1.2,0,90
414,123.199999999997,4,1175,99.7666666666666,0,7.9602041944578e-16,13,0,90
414,123.199999999997,5,2034,99.3869565217397,0,5.51091059616309e-16,9,0,90
414,123.199999999997,6,1985.74326449043,0,0,13.2091900013966,0,0,0
414,123.199999999997,7,302.879176411285,0,0,0.3,0,0,0
414,123.299999999997,1,454.865126854213,-5.53024430287178e-11,0,0.105685667501173,5.02338181637676e-09,0,2.72334540497609e-06
414,123.299999999997,2,469,99.564705882354,0,3.67394039744206e-16,6,0,90
414,123.299999999997,3,465.330963854083,3.91999999999999,0,7.34788079488412e-17,1.2,0,90
414,123.299999999997,4,1175,99.7666666666666,0,7.9602041944578e-16,13,0,90
414,123.299999999997,5,2034,99.3869565217397,0,5.51091059616309e-16,9,0,90
414,123.299999999997,6,1987.06392349056,0,0,13.2039900013966,0,0,0
414,123.299999999997,7,302.879176411285,0,0,0.3,0,0,0
414,123.399999999997,1,454.865126854213,-5.53024430287178e-11,0,0.105685667501173,5.02338181637676e-09,0,2.72334540497609e-06
414,123.399999999997,2,469,99.564705882354,0,3.67394039744206e-16,6,0,90
414,123.399999999997,3,465.330963854083,3.91999999999999,0,7.34788079488412e-17,1.2,0,90
414,123.399999999997,4,1175,99.7666666666666,0,7.9602041944578e-16,13,0,90
414,123.399999999997,5,2034,99.3869565217397,0,5.51091059616309e-16,9,0,90
414,123.399999999997,6,1988.3840624907,0,0,13.1987900013966,0,0,0
414,123.399999999997,7,302.879176411285,0,0,0.3,0,0,0
414,123.499999999997,1,454.865126854213,-5.53024430287178e-11,0,0.105685667501173,5.02338181637676e-09,0,2.72334540497609e-06
414,123.499999999997,2,469,99.564705882354,0,3.67394039744206e-16,6,0,90
414,123.499999999997,3,465.330963854083,3.91999999999999,0,7.34788079488412e-17,1.2,0,90
414,123.499999999997,4,1175,99.7666666666666,0,7.9602041944578e-16,13,0,90
414,123.499999999997,5,2034,99.3869565217397,0,5.51091059616309e-16,9,0,90
414,123.499999999997,6,1989.70368149084,0,0,13.1935900013966,0,0,0
414,123.499999999997,7,302.879176411285,0,0,0.3,0,0,0
414,123.599999999997,1,454.865126854213,-5.53024430287178e-11,0,0.105685667501173,5.02338181637676e-09,0,2.72334540497609e-06
414,123.599999999997,2,469,99.564705882354,0,3.67394039744206e-16,6,0,90
414,123.599999999997,3,465.330963854083,3.91999999999999,0,7.34788079488412e-17,1.2,0,90
414,123.599999999997,4,1175,99.7666666666666,0,7.9602041944578e-16,13,0,90
414,123.599999999997,5,2034,99.3869565217397,0,5.51091059616309e-16,9,0,90
414,123.599999999997,6,1991.02278049098,0,0,13.1883900013966,0,0,0
414,123.599999999997,7,302.879176411285,0,0,0.3,0,0,0
414,123.699999999997,1,454.865126854213,-5.53024430287178e-11,0,0.105685667501173,5.02338181637676e-09,0,2.72334540497609e-06
414,123.699999999997,2,469,99.564705882354,0,3.67394039744206e-16,6,0,90
414,123.699999999997,3,465.330963854083,3.91999999999999,0,7.34788079488412e-17,1.2,0,90
414,123.699999999997,4,1175,99.7666666666666,0,7.9602041944578e-16,13,0,90
414,123.699999999997,5,2034,99.3869565217397,0,5.51091059616309e-16,9,0,90
414,123.699999999997,6,1992.34135949112,0,0,13.1831900013966,0,0,0
414,123.699999999997,7,302.879176411285,0,0,0.3,0,0,0
414,123.799999999997,1,454.865126854213,-5.53024430287178e-11,0,0.105685667501173,5.02338181637676e-09,0,2.72334540497609e-06
414,123.799999999997,2,469,99.564705882354,0,3.67394039744206e-16,6,0,90
414,123.799999999997,3,465.330963854083,3.91999999999999,0,7.34788079488412e-17,1.2,0,90
414,123.799999999997,4,1175,99.7666666666666,0,7.9602041944578e-16,13,0,90
414,123.799999999997,5,2034,99.3869565217397,0,5.51091059616309e-16,9,0,90
414,123.799999999997,6,1993.65941849126,0,0,13.1779900013966,0,0,0
414,123.799999999997,7,302.879176411285,0,0,0.3,0,0,0
414,123.899999999997,1,454.865126854213,-5.53024430287178e-11,0,0.105685667501173,5.02338181637676e-09,0,2.72334540497609e-06
414,123.899999999997,2,469,99.564705882354,0,3.67394039744206e-16,6,0,90
414,123.899999999997,3,465.330963854083,3.91999999999999,0,7.34788079488412e-17,1.2,0,90
414,123.899999999997,4,1175,99.7666666666666,0,7.9602041944578e-16,13,0,90
414,123.899999999997,5,2034,99.3869565217397,0,5.51091059616309e-16,9,0,90
414,123.899999999997,6,1994.9769574914,0,0,13.1727900013966,0,0,0
414,123.899999999997,7,302.879176411285,0,0,0.3,0,0,0
414,123.999999999997,1,454.865126854213,-5.53024430287178e-11,0,0.105685667501173,5.02338181637676e-09,0,2.72334540497609e-06
414,123.999999999997,2,469,99.564705882354,0,3.67394039744206e-16,6,0,90
414,123.999999999997,3,465.330963854083,3.91999999999999,0,7.34788079488412e-17,1.2,0,90
414,123.999999999997,4,1175,99.7666666666666,0,7.9602041944578e-16,13,0,90
414,123.999999999997,5,2034,99.3869565217397,0,5.51091059616309e-16,9,0,90
414,123.999999999997,6,1996.29397649154,0,0,13.1675900013966,0,0,0
414,123.999999999997,7,302.879176411285,0,0,0.3,0,0,0
414,124.099999999997,1,454.865126854213,-5.53024430287178e-11,0,0.105685667501173,5.02338181637676e-09,0,2.72334540497609e-06
414,124.099999999997,2,469,99.564705882354,0,3.67394039744206e-16,6,0,90
414,124.099999999997,3,465.330963854083,3.91999999999999,0,7.34788079488412e-17,1.2,0,90
414,124.099999999997,4,1175,99.7666666666666,0,7.9602041944578e-16,13,0,90
414,124.099999999997,5,2034,99.3869565217397,0,5.51091059616309e-16,9,0,90
414,124.099999999997,6,1997.61047549168,0,0,13.1623900013966,0,0,0
414,124.099999999997,7,302.879176411285,0,0,0.3,0,0,0
414,124.199999999997,1,454.865126854213,-5.53024430287178e-11,0,0.105685667501173,5.02338181637676e-09,0,2.72334540497609e-06
414,124.199999999997,2,469,99.564705882354,0,3.67394039744206e-16,6,0,90
414,124.199999999997,3,465.330963854083,3.91999999999999,0,7.34788079488412e-17,1.2,0,90
414,124.199999999997,4,1175,99.7666666666666,0,7.9602041944578e-16,13,0,90
414,124.199999999997,5,2034,99.3869565217397,0,5.51091059616309e-16,9,0,90
414,124.199999999997,6,1998.92645449182,0,0,13.1571900013966,0,0,0
414,124.199999999997,7,302.879176411285,0,0,0.3,0,0,0
414,124.299999999997,1,454.865126854213,-5.53024430287178e-11,0,0.105685667501173,5.02338181637676e-09,0,2.72334540497609e-06
414,124.299999999997,2,469,99.564705882354,0,3.67394039744206e-16,6,0,90
414,124.299999999997,3,465.330963854083,3.91999999999999,0,7.34788079488412e-17,1.2,0,90
414,124.299999999997,4,1175,99.7666666666666,0,7.9602041944578e-16,13,0,90
414,124.299999999997,5,2034,99.3869565217397,0,5.51091059616309e-16,9,0,90
414,124.299999999997,6,2000.24191349196,0,0,13.1519900013966,0,0,0
414,124.299999999997,7,302.879176411285,0,0,0.3,0,0,0
414,124.399999999997,1,454.865126854213,-5.53024430287178e-11,0,0.105685667501173,5.02338181637676e-09,0,2.72334540497609e-06
414,124.399999999997,2,469,99.564705882354,0,3.67394039744206e-16,6,0,90
414,124.399999999997,3,465.330963854083,3.91999999999999,0,7.34788079488412e-17,1.2,0,90
414,124.399999999997,4,1175,99.7666666666666,0,7.9602041944578e-16,13,0,90
414,124.399999999997,5,2034,99.3869565217397,0,5.51091059616309e-16,9,0,90
414,124.399999999997,6,2001.5568524921,0,0,13.1467900013966,0,0,0
414,124.399999999997,7,302.879176411285,0,0,0.3,0,0,0
414,124.499999999997,1,454.865126854213,-5.53024430287178e-11,0,0.105685667501173,5.02338181637676e-09,0,2.72334540497609e-06
414,124.499999999997,2,469,99.564705882354,0,3.67394039744206e-16,6,0,90
414,124.499999999997,3,465.330963854083,3.91999999999999,0,7.34788079488412e-17,1.2,0,90
414,124.499999999997,4,1175,99.7666666666666,0,7.9602041944578e-16,13,0,90
414,124.499999999997,5,2034,99.3869565217397,0,5.51091059616309e-16,9,0,90
414,124.499999999997,6,2002.87127149224,0,0,13.1415900013966,0,0,0
414,124.499999999997,7,302.879176411285,0,0,0.3,0,0,0
414,124.599999999997,1,454.865126854213,-5.53024430287178e-11,0,0.105685667501173,5.02338181637676e-09,0,2.72334540497609e-06
414,124.599999999997,2,469,99.564705882354,0,3.67394039744206e-16,6,0,90
414,124.599999999997,3,465.330963854083,3.91999999999999,0,7.34788079488412e-17,1.2,0,90
414,124.599999999997,4,1175,99.7666666666666,0,7.9602041944578e-16,13,0,90
414,124.599999999997,5,2034,99.3869565217397,0,5.51091059616309e-16,9,0,90
414,124.599999999997,6,2004.18517049238,0,0,13.1363900013966,0,0,0
414,124.599999999997,7,302.879176411285,0,0,0.3,0,0,0
414,124.699999999997,1,454.865126854213,-5.53024430287178e-11,0,0.105685667501173,5.02338181637676e-09,0,2.72334540497609e-06
414,124.699999999997,2,469,99.564705882354,0,3.67394039744206e-16,6,0,90
414,124.699999999997,3,465.330963854083,3.91999999999999,0,7.34788079488412e-17,1.2,0,90
414,124.699999999997,4,1175,99.7666666666666,0,7.9602041944578e-16,13,0,90
414,124.699999999997,5,2034,99.3869565217397,0,5.51091059616309e-16,9,0,90
414,124.699999999997,6,2005.49854949252,0,0,13.1311900013966,0,0,0
414,124.699999999997,7,302.879176411285,0,0,0.3,0,0,0
414,124.799999999997,1,454.865126854213,-5.53024430287178e-11,0,0.105685667501173,5.02338181637676e-09,0,2.72334540497609e-06
414,124.799999999997,2,469,99.564705882354,0,3.67394039744206e-16,6,0,90
414,124.799999999997,3,465.330963854083,3.91999999999999,0,7.34788079488412e-17,1.2,0,90
414,124.799999999997,4,1175,99.7666666666666,0,7.9602041944578e-16,13,0,90
414,124.799999999997,5,2034,99.3869565217397,0,5.51091059616309e-16,9,0,90
414,124.799999999997,6,2006.81140849266,0,0,13.1259900013966,0,0,0
414,124.799999999997,7,302.879176411285,0,0,0.3,0,0,0
414,124.899999999997,1,454.865126854213,-5.53024430287178e-11,0,0.105685667501173,5.02338181637676e-09,0,2.72334540497609e-06
414,124.899999999997,2,469,99.564705882354,0,3.67394039744206e-16,6,0,90
414,124.899999999997,3,465.330963854083,3.91999999999999,0,7.34788079488412e-17,1.2,0,90
414,124.899999999997,4,1175,99.7666666666666,0,7.9602041944578e-16,13,0,90
414,124.899999999997,5,2034,99.3869565217397,0,5.51091059616309e-16,9,0,90
414,124.899999999997,6,2008.1237474928,0,0,13.1207900013966,0,0,0
414,124.899999999997,7,302.879176411285,0,0,0.3,0,0,0
414,124.999999999997,1,454.865126854213,-5.53024430287178e-11,0,0.105685667501173,5.02338181637676e-09,0,2.72334540497609e-06
414,124.999999999997,2,469,99.564705882354,0,3.67394039744206e-16,6,0,90
414,124.999999999997,3,465.330963854083,3.91999999999999,0,7.34788079488412e-17,1.2,0,90
414,124.999999999997,4,1175,99.7666666666666,0,7.9602041944578e-16,13,0,90
414,124.999999999997,5,2034,99.3869565217397,0,5.51091059616309e-16,9,0,90
414,124.999999999997,6,2009.43556649294,0,0,13.1155900013966,0,0,0
414,124.999999999997,7,302.879176411285,0,0,0.3,0,0,0
414,125.099999999997,1,454.865126854213,-5.53024430287178e-11,0,0.105685667501173,5.02338181637676e-09,0,2.72334540497609e-06
414,125.099999999997,2,469,99.564705882354,0,3.67394039744206e-16,6,0,90
414,125.099999999997,3,465.330963854083,3.91999999999999,0,7.34788079488412e-17,1.2,0,90
414,125.099999999997,4,1175,99.7666666666666,0,7.9602041944578e-16,13,0,90
414,125.099999999997,5,2034,99.3869565217397,0,5.51091059616309e-16,9,0,90
414,125.099999999997,6,2010.74686549308,0,0,13.1103900013966,0,0,0
414,125.099999999997,7,302.879176411285,0,0,0.3,0,0,0
414,125.199999999997,1,454.865126854213,-5.53024430287178e-11,0,0.105685667501173,5.02338181637676e-09,0,2.72334540497609e-06
414,125.199999999997,2,469,99.564705882354,0,3.67394039744206e-16,6,0,90
414,125.199999999997,3,465.330963854083,3.91999999999999,0,7.34788079488412e-17,1.2,0,90
414,125.199999999997,4,1175,99.7666666666666,0,7.9602041944578e-16,13,0,90
414,125.199999999997,5,2034,99.3869565217397,0,5.51091059616309e-16,9,0,90
414,125.199999999997,6,2012.05764449322,0,0,13.1051900013966,0,0,0
414,125.199999999997,7,302.879176411285,0,0,0.3,0,0,0
414,125.299999999997,1,454.865126854213,-5.53024430287178e-11,0,0.105685667501173,5.02338181637676e-09,0,2.72334540497609e-06
414,125.299999999997,2,469,99.564705882354,0,3.67394039744206e-16,6,0,90
414,125.299999999997,3,465.330963854083,3.91999999999999,0,7.34788079488412e-17,1.2,0,90
414,125.299999999997,4,1175,99.7666666666666,0,7.9602041944578e-16,13,0,90
414,125.299999999997,5,2034,99.3869565217397,0,5.51091059616309e-16,9,0,90
414,125.299999999997,6,2013.36790349336,0,0,13.0999900013966,0,0,0
414,125.299999999997,7,302.879176411285,0,0,0.3,0,0,0
414,125.399999999997,1,454.865126854213,-5.53024430287178e-11,0,0.105685667501173,5.02338181637676e-09,0,2.72334540497609e-06
414,125.399999999997,2,469,99.564705882354,0,3.67394039744206e-16,6,0,90
414,125.399999999997,3,465.330963854083,3.91999999999999,0,7.34788079488412e-17,1.2,0,90
414,125.399999999997,4,1175,99.7666666666666,0,7.9602041944578e-16,13,0,90
414,125.399999999997,5,2034,99.3869565217397,0,5.51091059616309e-16,9,0,90
414,125.399999999997,6,2014.6776424935,0,0,13.0947900013966,0,0,0
414,125.399999999997,7,302.879176411285,0,0,0.3,0,0,0
414,125.499999999997,1,454.865126854213,-5.53024430287178e-11,0,0.105685667501173,5.02338181637676e-09,0,2.72334540497609e-06
414,125.499999999997,2,469,99.564705882354,0,3.67394039744206e-16,6,0,90
414,125.499999999997,3,465.330963854083,3.91999999999999,0,7.34788079488412e-17,1.2,0,90
414,125.499999999997,4,1175,99.7666666666666,0,7.9602041944578e-16,13,0,90
414,125.499999999997,5,2034,99.3869565217397,0,5.51091059616309e-16,9,0,90
414,125.499999999997,6,2015.98686149364,0,0,13.0895900013966,0,0,0
414,125.499999999997,7,302.879176411285,0,0,0.3,0,0,0
414,125.599999999997,1,454.865126854213,-5.53024430287178e-11,0,0.105685667501173,5.02338181637676e-09,0,2.72334540497609e-06
414,125.599999999997,2,469,99.564705882354,0,3.67394039744206e-16,6,0,90
414,125.599999999997,3,465.330963854083,3.91999999999999,0,7.34788079488412e-17,1.2,0,90
414,125.599999999997,4,1175,99.7666666666666,0,7.9602041944578e-16,13,0,90
414,125.599999999997,5,2034,99.3869565217397,0,5.51091059616309e-16,9,0,90
414,125.599999999997,6,2017.29556049378,0,0,13.0843900013966,0,0,0
414,125.599999999997,7,302.879176411285,0,0,0.3,0,0,0
414,125.699999999997,1,454.865126854213,-5.53024430287178e-11,0,0.105685667501173,5.02338181637676e-09,0,2.72334540497609e-06
414,125.699999999997,2,469,99.564705882354,0,3.67394039744206e-16,6,0,90
414,125.699999999997,3,465.330963854083,3.91999999999999,0,7.34788079488412e-17,1.2,0,90
414,125.699999999997,4,1175,99.7666666666666,0,7.9602041944578e-16,13,0,90
414,125.699999999997,5,2034,99.3869565217397,0,5.51091059616309e-16,9,0,90
414,125.699999999997,6,2018.60373949391,0,0,13.0791900013966,0,0,0
414,125.699999999997,7,302.879176411285,0,0,0.3,0,0,0
414,125.799999999997,1,454.865126854213,-5.53024430287178e-11,0,0.105685667501173,5.02338181637676e-09,0,2.72334540497609e-06
414,125.799999999997,2,469,99.564705882354,0,3.67394039744206e-16,6,0,90
414,125.799999999997,3,465.330963854083,3.91999999999999,0,7.34788079488412e-17,1.2,0,90
414,125.799999999997,4,1175,99.7666666666666,0,7.9602041944578e-16,13,0,90
414,125.799999999997,5,2034,99.3869565217397,0,5.51091059616309e-16,9,0,90
414,125.799999999997,6,2019.91139849405,0,0,13.0739900013966,0,0,0
414,125.799999999997,7,302.879176411285,0,0,0.3,0,0,0
414,125.899999999997,1,454.865126854213,-5.53024430287178e-11,0,0.105685667501173,5.02338181637676e-09,0,2.72334540497609e-06
414,125.899999999997,2,469,99.564705882354,0,3.67394039744206e-16,6,0,90
414,125.899999999997,3,465.330963854083,3.91999999999999,0,7.34788079488412e-17,1.2,0,90
414,125.899999999997,4,1175,99.7666666666666,0,7.9602041944578e-16,13,0,90
414,125.899999999997,5,2034,99.3869565217397,0,5.51091059616309e-16,9,0,90
414,125.899999999997,6,2021.21853749419,0,0,13.0687900013966,0,0,0
414,125.899999999997,7,302.879176411285,0,0,0.3,0,0,0
414,125.999999999997,1,454.865126854213,-5.53024430287178e-11,0,0.105685667501173,5.02338181637676e-09,0,2.72334540497609e-06
414,125.999999999997,2,469,99.564705882354,0,3.67394039744206e-16,6,0,90
414,125.999999999997,3,465.330963854083,3.91999999999999,0,7.34788079488412e-17,1.2,0,90
414,125.999999999997,4,1175,99.7666666666666,0,7.9602041944578e-16,13,0,90
414,125.999999999997,5,2034,99.3869565217397,0,5.51091059616309e-16,9,0,90
414,125.999999999997,6,2022.52515649433,0,0,13.0635900013966,0,0,0
414,125.999999999997,7,302.879176411285,0,0,0.3,0,0,0
414,126.099999999997,1,454.865126854213,-5.53024430287178e-11,0,0.105685667501173,5.02338181637676e-09,0,2.72334540497609e-06
414,126.099999999997,2,469,99.564705882354,0,3.67394039744206e-16,6,0,90
414,126.099999999997,3,465.330963854083,3.91999999999999,0,7.34788079488412e-17,1.2,0,90
414,126.099999999997,4,1175,99.7666666666666,0,7.9602041944578e-16,13,0,90
414,126.099999999997,5,2034,99.3869565217397,0,5.51091059616309e-16,9,0,90
414,126.099999999997,6,2023.83125549447,0,0,13.0583900013966,0,0,0
414,126.099999999997,7,302.879176411285,0,0,0.3,0,0,0
414,126.199999999997,1,454.865126854213,-5.53024430287178e-11,0,0.105685667501173,5.02338181637676e-09,0,2.72334540497609e-06
414,126.199999999997,2,469,99.564705882354,0,3.67394039744206e-16,6,0,90
414,126.199999999997,3,465.330963854083,3.91999999999999,0,7.34788079488412e-17,1.2,0,90
414,126.199999999997,4,1175,99.7666666666666,0,7.9602041944578e-16,13,0,90
414,126.199999999997,5,2034,99.3869565217397,0,5.51091059616309e-16,9,0,90
414,126.199999999997,6,2025.13683449461,0,0,13.0531900013966,0,0,0
414,126.199999999997,7,302.879176411285,0,0,0.3,0,0,0
414,126.299999999997,1,454.865126854213,-5.53024430287178e-11,0,0.105685667501173,5.02338181637676e-09,0,2.72334540497609e-06
414,126.299999999997,2,469,99.564705882354,0,3.67394039744206e-16,6,0,90
414,126.299999999997,3,465.330963854083,3.91999999999999,0,7.34788079488412e-17,1.2,0,90
414,126.299999999997,4,1175,99.7666666666666,0,7.9602041944578e-16,13,0,90
414,126.299999999997,5,2034,99.3869565217397,0,5.51091059616309e-16,9,0,90
414,126.299999999997,6,2026.44189349475,0,0,13.0479900013966,0,0,0
414,126.299999999997,7,302.879176411285,0,0,0.3,0,0,0
414,126.399999999997,1,454.865126854213,-5.53024430287178e-11,0,0.105685667501173,5.02338181637676e-09,0,2.72334540497609e-06
414,126.399999999997,2,469,99.564705882354,0,3.67394039744206e-16,6,0,90
414,126.399999999997,3,465.330963854083,3.91999999999999,0,7.34788079488412e-17,1.2,0,90
414,126.399999999997,4,1175,99.7666666666666,0,7.9602041944578e-16,13,0,90
414,126.399999999997,5,2034,99.3869565217397,0,5.51091059616309e-16,9,0,90
414,126.399999999997,6,2027.74643249489,0,0,13.0427900013966,0,0,0
414,126.399999999997,7,302.879176411285,0,0,0.3,0,0,0
414,126.499999999997,1,454.865126854213,-5.53024430287178e-11,0,0.105685667501173,5.02338181637676e-09,0,2.72334540497609e-06
414,126.499999999997,2,469,99.564705882354,0,3.67394039744206e-16,6,0,90
414,126.499999999997,3,465.330963854083,3.91999999999999,0,7.34788079488412e-17,1.2,0,90
414,126.499999999997,4,1175,99.7666666666666,0,7.9602041944578e-16,13,0,90
414,126.499999999997,5,2034,99.3869565217397,0,5.51091059616309e-16,9,0,90
414,126.499999999997,6,2029.05045149503,0,0,13.0375900013966,0,0,0
414,126.499999999997,7,302.879176411285,0,0,0.3,0,0,0
414,126.599999999997,1,454.865126854213,-5.53024430287178e-11,0,0.105685667501173,5.02338181637676e-09,0,2.72334540497609e-06
414,126.599999999997,2,469,99.564705882354,0,3.67394039744206e-16,6,0,90
414,126.599999999997,3,465.330963854083,3.91999999999999,0,7.34788079488412e-17,1.2,0,90
414,126.599999999997,4,1175,99.7666666666666,0,7.9602041944578e-16,13,0,90
414,126.599999999997,5,2034,99.3869565217397,0,5.51091059616309e-16,9,0,90
414,126.599999999997,6,2030.35395049517,0,0,13.0323900013966,0,0,0
414,126.599999999997,7,302.879176411285,0,0,0.3,0,0,0
414,126.699999999997,1,454.865126854213,-5.53024430287178e-11,0,0.105685667501173,5.02338181637676e-09,0,2.72334540497609e-06
414,126.699999999997,2,469,99.564705882354,0,3.67394039744206e-16,6,0,90
414,126.699999999997,3,465.330963854083,3.91999999999999,0,7.34788079488412e-17,1.2,0,90
414,126.699999999997,4,1175,99.7666666666666,0,7.9602041944578e-16,13,0,90
414,126.699999999997,5,2034,99.3869565217397,0,5.51091059616309e-16,9,0,90
414,126.699999999997,6,2031.65692949531,0,0,13.0271900013966,0,0,0
414,126.699999999997,7,302.879176411285,0,0,0.3,0,0,0
414,126.799999999997,1,454.865126854213,-5.53024430287178e-11,0,0.105685667501173,5.02338181637676e-09,0,2.72334540497609e-06
414,126.799999999997,2,469,99.564705882354,0,3.67394039744206e-16,6,0,90
414,126.799999999997,3,465.330963854083,3.91999999999999,0,7.34788079488412e-17,1.2,0,90
414,126.799999999997,4,1175,99.7666666666666,0,7.9602041944578e-16,13,0,90
414,126.799999999997,5,2034,99.3869565217397,0,5.51091059616309e-16,9,0,90
414,126.799999999997,6,2032.95938849545,0,0,13.0219900013966,0,0,0
414,126.799999999997,7,302.879176411285,0,0,0.3,0,0,0
414,126.899999999997,1,454.865126854213,-5.53024430287178e-11,0,0.105685667501173,5.02338181637676e-09,0,2.72334540497609e-06
414,126.899999999997,2,469,99.564705882354,0,3.67394039744206e-16,6,0,90
414,126.899999999997,3,465.330963854083,3.91999999999999,0,7.34788079488412e-17,1.2,0,90
414,126.899999999997,4,1175,99.7666666666666,0,7.9602041944578e-16,13,0,90
414,126.899999999997,5,2034,99.3869565217397,0,5.51091059616309e-16,9,0,90
414,126.899999999997,6,2034.26132749559,0,0,13.0167900013966,0,0,0
414,126.899999999997,7,302.879176411285,0,0,0.3,0,0,0
414,126.999999999997,1,454.865126854213,-5.53024430287178e-11,0,0.105685667501173,5.02338181637676e-09,0,2.72334540497609e-06
414,126.999999999997,2,469,99.564705882354,0,3.67394039744206e-16,6,0,90
414,126.999999999997,3,465.330963854083,3.91999999999999,0,7.34788079488412e-17,1.2,0,90
414,126.999999999997,4,1175,99.7666666666666,0,7.9602041944578e-16,13,0,90
414,126.999999999997,5,2034,99.3869565217397,0,5.51091059616309e-16,9,0,90
414,126.999999999997,6,2035.56274649573,0,0,13.0115900013966,0,0,0
414,126.999999999997,7,302.879176411285,0,0,0.3,0,0,0
414,127.099999999997,1,454.865126854213,-5.53024430287178e-11,0,0.105685667501173,5.02338181637676e-09,0,2.72334540497609e-06
414,127.099999999997,2,469,99.564705882354,0,3.67394039744206e-16,6,0,90
414,127.099999999997,3,465.330963854083,3.91999999999999,0,7.34788079488412e-17,1.2,0,90
414,127.099999999997,4,1175,99.7666666666666,0,7.9602041944578e-16,13,0,90
414,127.099999999997,5,2034,99.3869565217397,0,5.51091059616309e-16,9,0,90
414,127.099999999997,6,2036.86364549587,0,0,13.0063900013966,0,0,0
414,127.099999999997,7,302.879176411285,0,0,0.3,0,0,0
414,127.199999999997,1,454.865126854213,-5.53024430287178e-11,0,0.105685667501173,5.02338181637676e-09,0,2.72334540497609e-06
414,127.199999999997,2,469,99.564705882354,0,3.67394039744206e-16,6,0,90
414,127.199999999997,3,465.330963854083,3.91999999999999,0,7.34788079488412e-17,1.2,0,90
414,127.199999999997,4,1175,99.7666666666666,0,7.9602041944578e-16,13,0,90
414,127.199999999997,5,2034,99.3869565217397,0,5.51091059616309e-16,9,0,90
414,127.199999999997,6,2038.16402449601,0,0,13.0011900013966,0,0,0
414,127.199999999997,7,302.879176411285,0,0,0.3,0,0,0
414,127.299999999997,1,454.865126854213,-5.53024430287178e-11,0,0.105685667501173,5.02338181637676e-09,0,2.72334540497609e-06
414,127.299999999997,2,469,99.564705882354,0,3.67394039744206e-16,6,0,90
414,127.299999999997,3,465.330963854083,3.91999999999999,0,7.34788079488412e-17,1.2,0,90
414,127.299999999997,4,1175,99.7666666666666,0,7.9602041944578e-16,13,0,90
414,127.299999999997,5,2034,99.3869565217397,0,5.51091059616309e-16,9,0,90
414,127.299999999997,6,2039.46388349615,0,0,12.9959900013966,0,0,0
414,127.299999999997,7,302.879176411285,0,0,0.3,0,0,0
414,127.399999999997,1,454.865126854213,-5.53024430287178e-11,0,0.105685667501173,5.02338181637676e-09,0,2.72334540497609e-06
414,127.399999999997,2,469,99.564705882354,0,3.67394039744206e-16,6,0,90
414,127.399999999997,3,465.330963854083,3.91999999999999,0,7.34788079488412e-17,1.2,0,90
414,127.399999999997,4,1175,99.7666666666666,0,7.9602041944578e-16,13,0,90
414,127.399999999997,5,2034,99.3869565217397,0,5.51091059616309e-16,9,0,90
414,127.399999999997,6,2040.76322249629,0,0,12.9907900013966,0,0,0
414,127.399999999997,7,302.879176411285,0,0,0.3,0,0,0
414,127.499999999997,1,454.865126854213,-5.53024430287178e-11,0,0.105685667501173,5.02338181637676e-09,0,2.72334540497609e-06
414,127.499999999997,2,469,99.564705882354,0,3.67394039744206e-16,6,0,90
414,127.499999999997,3,465.330963854083,3.91999999999999,0,7.34788079488412e-17,1.2,0,90
414,127.499999999997,4,1175,99.7666666666666,0,7.9602041944578e-16,13,0,90
414,127.499999999997,5,2034,99.3869565217397,0,5.51091059616309e-16,9,0,90
414,127.499999999997,6,2042.06204149643,0,0,12.9855900013966,0,0,0
414,127.499999999997,7,302.879176411285,0,0,0.3,0,0,0
414,127.599999999997,1,454.865126854213,-5.53024430287178e-11,0,0.105685667501173,5.02338181637676e-09,0,2.72334540497609e-06
414,127.599999999997,2,469,99.564705882354,0,3.67394039744206e-16,6,0,90
414,127.599999999997,3,465.330963854083,3.91999999999999,0,7.34788079488412e-17,1.2,0,90
414,127.599999999997,4,1175,99.7666666666666,0,7.9602041944578e-16,13,0,90
414,127.599999999997,5,2034,99.3869565217397,0,5.51091059616309e-16,9,0,90
414,127.599999999997,6,2043.36034049657,0,0,12.9803900013966,0,0,0
414,127.599999999997,7,302.879176411285,0,0,0.3,0,0,0
414,127.699999999997,1,454.865126854213,-5.53024430287178e-11,0,0.105685667501173,5.02338181637676e-09,0,2.72334540497609e-06
414,127.699999999997,2,469,99.564705882354,0,3.67394039744206e-16,6,0,90
414,127.699999999997,3,465.330963854083,3.91999999999999,0,7.34788079488412e-17,1.2,0,90
414,127.699999999997,4,1175,99.7666666666666,0,7.9602041944578e-16,13,0,90
414,127.699999999997,5,2034,99.3869565217397,0,5.51091059616309e-16,9,0,90
414,127.699999999997,6,2044.65811949671,0,0,12.9751900013966,0,0,0
414,127.699999999997,7,302.879176411285,0,0,0.3,0,0,0
414,127.799999999997,1,454.865126854213,-5.53024430287178e-11,0,0.105685667501173,5.02338181637676e-09,0,2.72334540497609e-06
414,127.799999999997,2,469,99.564705882354,0,3.67394039744206e-16,6,0,90
414,127.799999999997,3,465.330963854083,3.91999999999999,0,7.34788079488412e-17,1.2,0,90
414,127.799999999997,4,1175,99.7666666666666,0,7.9602041944578e-16,13,0,90
414,127.799999999997,5,2034,99.3869565217397,0,5.51091059616309e-16,9,0,90
414,127.799999999997,6,2045.95537849685,0,0,12.9699900013966,0,0,0
414,127.799999999997,7,302.879176411285,0,0,0.3,0,0,0
414,127.899999999997,1,454.865126854213,-5.53024430287178e-11,0,0.105685667501173,5.02338181637676e-09,0,2.72334540497609e-06
414,127.899999999997,2,469,99.564705882354,0,3.67394039744206e-16,6,0,90
414,127.899999999997,3,465.330963854083,3.91999999999999,0,7.34788079488412e-17,1.2,0,90
414,127.899999999997,4,1175,99.7666666666666,0,7.9602041944578e-16,13,0,90
414,127.899999999997,5,2034,99.3869565217397,0,5.51091059616309e-16,9,0,90
414,127.899999999997,6,2047.25211749699,0,0,12.9647900013966,0,0,0
414,127.899999999997,7,302.879176411285,0,0,0.3,0,0,0
414,127.999999999997,1,454.865126854213,-5.53024430287178e-11,0,0.105685667501173,5.02338181637676e-09,0,2.72334540497609e-06
414,127.999999999997,2,469,99.564705882354,0,3.67394039744206e-16,6,0,90
414,127.999999999997,3,465.330963854083,3.91999999999999,0,7.34788079488412e-17,1.2,0,90
414,127.999999999997,4,1175,99.7666666666666,0,7.9602041944578e-16,13,0,90
414,127.999999999997,5,2034,99.3869565217397,0,5.51091059616309e-16,9,0,90
414,127.999999999997,6,2048.54833649713,0,0,12.9595900013966,0,0,0
414,127.999999999997,7,302.879176411285,0,0,0.3,0,0,0
414,128.099999999997,1,454.865126854213,-5.53024430287178e-11,0,0.105685667501173,5.02338181637676e-09,0,2.72334540497609e-06
414,128.099999999997,2,469,99.564705882354,0,3.67394039744206e-16,6,0,90
414,128.099999999997,3,465.330963854083,3.91999999999999,0,7.34788079488412e-17,1.2,0,90
414,128.099999999997,4,1175,99.7666666666666,0,7.9602041944578e-16,13,0,90
414,128.099999999997,5,2034,99.3869565217397,0,5.51091059616309e-16,9,0,90
414,128.099999999997,6,2049.84403549726,0,0,12.9543900013966,0,0,0
414,128.099999999997,7,302.879176411285,0,0,0.3,0,0,0
414,128.199999999997,1,454.865126854213,-5.53024430287178e-11,0,0.105685667501173,5.02338181637676e-09,0,2.72334540497609e-06
414,128.199999999997,2,469,99.564705882354,0,3.67394039744206e-16,6,0,90
414,128.199999999997,3,465.330963854083,3.91999999999999,0,7.34788079488412e-17,1.2,0,90
414,128.199999999997,4,1175,99.7666666666666,0,7.9602041944578e-16,13,0,90
414,128.199999999997,5,2034,99.3869565217397,0,5.51091059616309e-16,9,0,90
414,128.199999999997,6,2051.1392144974,0,0,12.9491900013966,0,0,0
414,128.199999999997,7,302.879176411285,0,0,0.3,0,0,0
414,128.299999999997,1,454.865126854213,-5.53024430287178e-11,0,0.105685667501173,5.02338181637676e-09,0,2.72334540497609e-06
414,128.299999999997,2,469,99.564705882354,0,3.67394039744206e-16,6,0,90
414,128.299999999997,3,465.330963854083,3.91999999999999,0,7.34788079488412e-17,1.2,0,90
414,128.299999999997,4,1175,99.7666666666666,0,7.9602041944578e-16,13,0,90
414,128.299999999997,5,2034,99.3869565217397,0,5.51091059616309e-16,9,0,90
414,128.299999999997,6,2052.43387349754,0,0,12.9439900013966,0,0,0
414,128.299999999997,7,302.879176411285,0,0,0.3,0,0,0
414,128.399999999997,1,454.865126854213,-5.53024430287178e-11,0,0.105685667501173,5.02338181637676e-09,0,2.72334540497609e-06
414,128.399999999997,2,469,99.564705882354,0,3.67394039744206e-16,6,0,90
414,128.399999999997,3,465.330963854083,3.91999999999999,0,7.34788079488412e-17,1.2,0,90
414,128.399999999997,4,1175,99.7666666666666,0,7.9602041944578e-16,13,0,90
414,128.399999999997,5,2034,99.3869565217397,0,5.51091059616309e-16,9,0,90
414,128.399999999997,6,2053.72801249768,0,0,12.9387900013966,0,0,0
414,128.399999999997,7,302.879176411285,0,0,0.3,0,0,0
414,128.499999999997,1,454.865126854213,-5.53024430287178e-11,0,0.105685667501173,5.02338181637676e-09,0,2.72334540497609e-06
414,128.499999999997,2,469,99.564705882354,0,3.67394039744206e-16,6,0,90
414,128.499999999997,3,465.330963854083,3.91999999999999,0,7.34788079488412e-17,1.2,0,90
414,128.499999999997,4,1175,99.7666666666666,0,7.9602041944578e-16,13,0,90
414,128.499999999997,5,2034,99.3869565217397,0,5.51091059616309e-16,9,0,90
414,128.499999999997,6,2055.02163149782,0,0,12.9335900013966,0,0,0
414,128.499999999997,7,302.879176411285,0,0,0.3,0,0,0
414,128.599999999997,1,454.865126854213,-5.53024430287178e-11,0,0.105685667501173,5.02338181637676e-09,0,2.72334540497609e-06
414,128.599999999997,2,469,99.564705882354,0,3.67394039744206e-16,6,0,90
414,128.599999999997,3,465.330963854083,3.91999999999999,0,7.34788079488412e-17,1.2,0,90
414,128.599999999997,4,1175,99.7666666666666,0,7.9602041944578e-16,13,0,90
414,128.599999999997,5,2034,99.3869565217397,0,5.51091059616309e-16,9,0,90
414,128.599999999997,6,2056.31473049796,0,0,12.9283900013966,0,0,0
414,128.599999999997,7,302.879176411285,0,0,0.3,0,0,0
414,128.699999999997,1,454.865126854213,-5.53024430287178e-11,0,0.105685667501173,5.02338181637676e-09,0,2.72334540497609e-06
414,128.699999999997,2,469,99.564705882354,0,3.67394039744206e-16,6,0,90
414,128.699999999997,3,465.330963854083,3.91999999999999,0,7.34788079488412e-17,1.2,0,90
414,128.699999999997,4,1175,99.7666666666666,0,7.9602041944578e-16,13,0,90
414,128.699999999997,5,2034,99.3869565217397,0,5.51091059616309e-16,9,0,90
414,128.699999999997,6,2057.6073094981,0,0,12.9231900013966,0,0,0
414,128.699999999997,7,302.879176411285,0,0,0.3,0,0,0
414,128.799999999997,1,454.865126854213,-5.53024430287178e-11,0,0.105685667501173,5.02338181637676e-09,0,2.72334540497609e-06
414,128.799999999997,2,469,99.564705882354,0,3.67394039744206e-16,6,0,90
414,128.799999999997,3,465.330963854083,3.91999999999999,0,7.34788079488412e-17,1.2,0,90
414,128.799999999997,4,1175,99.7666666666666,0,7.9602041944578e-16,13,0,90
414,128.799999999997,5,2034,99.3869565217397,0,5.51091059616309e-16,9,0,90
414,128.799999999997,6,2058.89936849824,0,0,12.9179900013966,0,0,0
414,128.799999999997,7,302.879176411285,0,0,0.3,0,0,0
414,128.899999999997,1,454.865126854213,-5.53024430287178e-11,0,0.105685667501173,5.02338181637676e-09,0,2.72334540497609e-06
414,128.899999999997,2,469,99.564705882354,0,3.67394039744206e-16,6,0,90
414,128.899999999997,3,465.330963854083,3.91999999999999,0,7.34788079488412e-17,1.2,0,90
414,128.899999999997,4,1175,99.7666666666666,0,7.9602041944578e-16,13,0,90
414,128.899999999997,5,2034,99.3869565217397,0,5.51091059616309e-16,9,0,90
414,128.899999999997,6,2060.19090749838,0,0,12.9127900013966,0,0,0
414,128.899999999997,7,302.879176411285,0,0,0.3,0,0,0
414,128.999999999997,1,454.865126854213,-5.53024430287178e-11,0,0.105685667501173,5.02338181637676e-09,0,2.72334540497609e-06
414,128.999999999997,2,469,99.564705882354,0,3.67394039744206e-16,6,0,90
414,128.999999999997,3,465.330963854083,3.91999999999999,0,7.34788079488412e-17,1.2,0,90
414,128.999999999997,4,1175,99.7666666666666,0,7.9602041944578e-16,13,0,90
414,128.999999999997,5,2034,99.3869565217397,0,5.51091059616309e-16,9,0,90
414,128.999999999997,6,2061.48192649852,0,0,12.9075900013966,0,0,0
414,128.999999999997,7,302.879176411285,0,0,0.3,0,0,0
414,129.099999999997,1,454.865126854213,-5.53024430287178e-11,0,0.105685667501173,5.02338181637676e-09,0,2.72334540497609e-06
414,129.099999999997,2,469,99.564705882354,0,3.67394039744206e-16,6,0,90
414,129.099999999997,3,465.330963854083,3.91999999999999,0,7.34788079488412e-17,1.2,0,90
414,129.099999999997,4,1175,99.7666666666666,0,7.9602041944578e-16,13,0,90
414,129.099999999997,5,2034,99.3869565217397,0,5.51091059616309e-16,9,0,90
414,129.099999999997,6,2062.77242549866,0,0,12.9023900013966,0,0,0
414,129.099999999997,7,302.879176411285,0,0,0.3,0,0,0
414,129.199999999997,1,454.865126854213,-5.53024430287178e-11,0,0.105685667501173,5.02338181637676e-09,0,2.72334540497609e-06
414,129.199999999997,2,469,99.564705882354,0,3.67394039744206e-16,6,0,90
414,129.199999999997,3,465.330963854083,3.91999999999999,0,7.34788079488412e-17,1.2,0,90
414,129.199999999997,4,1175,99.7666666666666,0,7.9602041944578e-16,13,0,90
414,129.199999999997,5,2034,99.3869565217397,0,5.51091059616309e-16,9,0,90
414,129.199999999997,6,2064.0624044988,0,0,12.8971900013966,0,0,0
414,129.199999999997,7,302.879176411285,0,0,0.3,0,0,0
414,129.299999999997,1,454.865126854213,-5.53024430287178e-11,0,0.105685667501173,5.02338181637676e-09,0,2.72334540497609e-06
414,129.299999999997,2,469,99.564705882354,0,3.67394039744206e-16,6,0,90
414,129.299999999997,3,465.330963854083,3.91999999999999,0,7.34788079488412e-17,1.2,0,90
414,129.299999999997,4,1175,99.7666666666666,0,7.9602041944578e-16,13,0,90
414,129.299999999997,5,2034,99.3869565217397,0,5.51091059616309e-16,9,0,90
414,129.299999999997,6,2065.35186349894,0,0,12.8919900013966,0,0,0
414,129.299999999997,7,302.879176411285,0,0,0.3,0,0,0
414,129.399999999997,1,454.865126854213,-5.53024430287178e-11,0,0.105685667501173,5.02338181637676e-09,0,2.72334540497609e-06
414,129.399999999997,2,469,99.564705882354,0,3.67394039744206e-16,6,0,90
414,129.399999999997,3,465.330963854083,3.91999999999999,0,7.34788079488412e-17,1.2,0,90
414,129.399999999997,4,1175,99.7666666666666,0,7.9602041944578e-16,13,0,90
414,129.399999999997,5,2034,99.3869565217397,0,5.51091059616309e-16,9,0,90
414,129.399999999997,6,2066.64080249908,0,0,12.8867900013966,0,0,0
414,129.399999999997,7,302.879176411285,0,0,0.3,0,0,0
414,129.499999999997,1,454.865126854213,-5.53024430287178e-11,0,0.105685667501173,5.02338181637676e-09,0,2.72334540497609e-06
414,129.499999999997,2,469,99.564705882354,0,3.67394039744206e-16,6,0,90
414,129.499999999997,3,465.330963854083,3.91999999999999,0,7.34788079488412e-17,1.2,0,90
414,129.499999999997,4,1175,99.7666666666666,0,7.9602041944578e-16,13,0,90
414,129.499999999997,5,2034,99.3869565217397,0,5.51091059616309e-16,9,0,90
414,129.499999999997,6,2067.92922149922,0,0,12.8815900013966,0,0,0
414,129.499999999997,7,302.879176411285,0,0,0.3,0,0,0
414,129.599999999997,1,454.865126854213,-5.53024430287178e-11,0,0.105685667501173,5.02338181637676e-09,0,2.72334540497609e-06
414,129.599999999997,2,469,99.564705882354,0,3.67394039744206e-16,6,0,90
414,129.599999999997,3,465.330963854083,3.91999999999999,0,7.34788079488412e-17,1.2,0,90
414,129.599999999997,4,1175,99.7666666666666,0,7.9602041944578e-16,13,0,90
414,129.599999999997,5,2034,99.3869565217397,0,5.51091059616309e-16,9,0,90
414,129.599999999997,6,2069.21712049936,0,0,12.8763900013966,0,0,0
414,129.599999999997,7,302.879176411285,0,0,0.3,0,0,0
414,129.699999999997,1,454.865126854213,-5.53024430287178e-11,0,0.105685667501173,5.02338181637676e-09,0,2.72334540497609e-06
414,129.699999999997,2,469,99.564705882354,0,3.67394039744206e-16,6,0,90
414,129.699999999997,3,465.330963854083,3.91999999999999,0,7.34788079488412e-17,1.2,0,90
414,129.699999999997,4,1175,99.7666666666666,0,7.9602041944578e-16,13,0,90
414,129.699999999997,5,2034,99.3869565217397,0,5.51091059616309e-16,9,0,90
414,129.699999999997,6,2070.5044994995,0,0,12.8711900013966,0,0,0
414,129.699999999997,7,302.879176411285,0,0,0.3,0,0,0
414,129.799999999997,1,454.865126854213,-5.53024430287178e-11,0,0.105685667501173,5.02338181637676e-09,0,2.72334540497609e-06
414,129.799999999997,2,469,99.564705882354,0,3.67394039744206e-16,6,0,90
414,129.799999999997,3,465.330963854083,3.91999999999999,0,7.34788079488412e-17,1.2,0,90
414,129.799999999997,4,1175,99.7666666666666,0,7.9602041944578e-16,13,0,90
414,129.799999999997,5,2034,99.3869565217397,0,5.51091059616309e-16,9,0,90
414,129.799999999997,6,2071.79135849964,0,0,12.8659900013966,0,0,0
414,129.799999999997,7,302.879176411285,0,0,0.3,0,0,0
414,129.899999999997,1,454.865126854213,-5.53024430287178e-11,0,0.105685667501173,5.02338181637676e-09,0,2.72334540497609e-06
414,129.899999999997,2,469,99.564705882354,0,3.67394039744206e-16,6,0,90
414,129.899999999997,3,465.330963854083,3.91999999999999,0,7.34788079488412e-17,1.2,0,90
414,129.899999999997,4,1175,99.7666666666666,0,7.9602041944578e-16,13,0,90
414,129.899999999997,5,2034,99.3869565217397,0,5.51091059616309e-16,9,0,90
414,129.899999999997,6,2073.07769749978,0,0,12.8607900013966,0,0,0
414,129.899999999997,7,302.879176411285,0,0,0.3,0,0,0
414,129.999999999997,1,454.865126854213,-5.53024430287178e-11,0,0.105685667501173,5.02338181637676e-09,0,2.72334540497609e-06
414,129.999999999997,2,469,99.564705882354,0,3.67394039744206e-16,6,0,90
414,129.999999999997,3,465.330963854083,3.91999999999999,0,7.34788079488412e-17,1.2,0,90
414,129.999999999997,4,1175,99.7666666666666,0,7.9602041944578e-16,13,0,90
414,129.999999999997,5,2034,99.3869565217397,0,5.51091059616309e-16,9,0,90
414,129.999999999997,6,2074.36351649992,0,0,12.8555900013966,0,0,0
414,129.999999999997,7,302.879176411285,0,0,0.3,0,0,0
414,130.099999999997,1,454.865126854213,-5.53024430287178e-11,0,0.105685667501173,5.02338181637676e-09,0,2.72334540497609e-06
414,130.099999999997,2,469,99.564705882354,0,3.67394039744206e-16,6,0,90
414,130.099999999997,3,465.330963854083,3.91999999999999,0,7.34788079488412e-17,1.2,0,90
414,130.099999999997,4,1175,99.7666666666666,0,7.9602041944578e-16,13,0,90
414,130.099999999997,5,2034,99.3869565217397,0,5.51091059616309e-16,9,0,90
414,130.099999999997,6,2075.64881550006,0,0,12.8503900013966,0,0,0
414,130.099999999997,7,302.879176411285,0,0,0.3,0,0,0
414,130.199999999997,1,454.865126854213,-5.53024430287178e-11,0,0.105685667501173,5.02338181637676e-09,0,2.72334540497609e-06
414,130.199999999997,2,469,99.564705882354,0,3.67394039744206e-16,6,0,90
414,130.199999999997,3,465.330963854083,3.91999999999999,0,7.34788079488412e-17,1.2,0,90
414,130.199999999997,4,1175,99.7666666666666,0,7.9602041944578e-16,13,0,90
414,130.199999999997,5,2034,99.3869565217397,0,5.51091059616309e-16,9,0,90
414,130.199999999997,6,2076.9335945002,0,0,12.8451900013966,0,0,0
414,130.199999999997,7,302.879176411285,0,0,0.3,0,0,0
414,130.299999999997,1,454.865126854213,-5.53024430287178e-11,0,0.105685667501173,5.02338181637676e-09,0,2.72334540497609e-06
414,130.299999999997,2,469,99.564705882354,0,3.67394039744206e-16,6,0,90
414,130.299999999997,3,465.330963854083,3.91999999999999,0,7.34788079488412e-17,1.2,0,90
414,130.299999999997,4,1175,99.7666666666666,0,7.9602041944578e-16,13,0,90
414,130.299999999997,5,2034,99.3869565217397,0,5.51091059616309e-16,9,0,90
414,130.299999999997,6,2078.21785350034,0,0,12.8399900013966,0,0,0
414,130.299999999997,7,302.879176411285,0,0,0.3,0,0,0
414,130.399999999997,1,454.865126854213,-5.53024430287178e-11,0,0.105685667501173,5.02338181637676e-09,0,2.72334540497609e-06
414,130.399999999997,2,469,99.564705882354,0,3.67394039744206e-16,6,0,90
414,130.399999999997,3,465.330963854083,3.91999999999999,0,7.34788079488412e-17,1.2,0,90
414,130.399999999997,4,1175,99.7666666666666,0,7.9602041944578e-16,13,0,90
414,130.399999999997,5,2034,99.3869565217397,0,5.51091059616309e-16,9,0,90
414,130.399999999997,6,2079.50159250048,0,0,12.8347900013966,0,0,0
414,130.399999999997,7,302.879176411285,0,0,0.3,0,0,0
414,130.499999999997,1,454.865126854213,-5.53024430287178e-11,0,0.105685667501173,5.02338181637676e-09,0,2.72334540497609e-06
414,130.499999999997,2,469,99.564705882354,0,3.67394039744206e-16,6,0,90
414,130.499999999997,3,465.330963854083,3.91999999999999,0,7.34788079488412e-17,1.2,0,90
414,130.499999999997,4,1175,99.7666666666666,0,7.9602041944578e-16,13,0,90
414,130.499999999997,5,2034,99.3869565217397,0,5.51091059616309e-16,9,0,90
414,130.499999999997,6,2080.78481150062,0,0,12.8295900013966,0,0,0
414,130.499999999997,7,302.879176411285,0,0,0.3,0,0,0
414,130.599999999997,1,454.865126854213,-5.53024430287178e-11,0,0.105685667501173,5.02338181637676e-09,0,2.72334540497609e-06
414,130.599999999997,2,469,99.564705882354,0,3.67394039744206e-16,6,0,90
414,130.599999999997,3,465.330963854083,3.91999999999999,0,7.34788079488412e-17,1.2,0,90
414,130.599999999997,4,1175,99.7666666666666,0,7.9602041944578e-16,13,0,90
414,130.599999999997,5,2034,99.3869565217397,0,5.51091059616309e-16,9,0,90
414,130.599999999997,6,2082.06751050075,0,0,12.8243900013966,0,0,0
414,130.599999999997,7,302.879176411285,0,0,0.3,0,0,0
414,130.699999999997,1,454.865126854213,-5.53024430287178e-11,0,0.105685667501173,5.02338181637676e-09,0,2.72334540497609e-06
414,130.699999999997,2,469,99.564705882354,0,3.67394039744206e-16,6,0,90
414,130.699999999997,3,465.330963854083,3.91999999999999,0,7.34788079488412e-17,1.2,0,90
414,130.699999999997,4,1175,99.7666666666666,0,7.9602041944578e-16,13,0,90
414,130.699999999997,5,2034,99.3869565217397,0,5.51091059616309e-16,9,0,90
414,130.699999999997,6,2083.34968950089,0,0,12.8191900013966,0,0,0
414,130.699999999997,7,302.879176411285,0,0,0.3,0,0,0
414,130.799999999997,1,454.865126854213,-5.53024430287178e-11,0,0.105685667501173,5.02338181637676e-09,0,2.72334540497609e-06
414,130.799999999997,2,469,99.564705882354,0,3.67394039744206e-16,6,0,90
414,130.799999999997,3,465.330963854083,3.91999999999999,0,7.34788079488412e-17,1.2,0,90
414,130.799999999997,4,1175,99.7666666666666,0,7.9602041944578e-16,13,0,90
414,130.799999999997,5,2034,99.3869565217397,0,5.51091059616309e-16,9,0,90
414,130.799999999997,6,2084.63134850103,0,0,12.8139900013966,0,0,0
414,130.799999999997,7,302.879176411285,0,0,0.3,0,0,0
414,130.899999999997,1,454.865126854213,-5.53024430287178e-11,0,0.105685667501173,5.02338181637676e-09,0,2.72334540497609e-06
414,130.899999999997,2,469,99.564705882354,0,3.67394039744206e-16,6,0,90
414,130.899999999997,3,465.330963854083,3.91999999999999,0,7.34788079488412e-17,1.2,0,90
414,130.899999999997,4,1175,99.7666666666666,0,7.9602041944578e-16,13,0,90
414,130.899999999997,5,2034,99.3869565217397,0,5.51091059616309e-16,9,0,90
414,130.899999999997,6,2085.91248750117,0,0,12.8087900013966,0,0,0
414,130.899999999997,7,302.879176411285,0,0,0.3,0,0,0
414,130.999999999997,1,454.865126854213,-5.53024430287178e-11,0,0.105685667501173,5.02338181637676e-09,0,2.72334540497609e-06
414,130.999999999997,2,469,99.564705882354,0,3.67394039744206e-16,6,0,90
414,130.999999999997,3,465.330963854083,3.91999999999999,0,7.34788079488412e-17,1.2,0,90
414,130.999999999997,4,1175,99.7666666666666,0,7.9602041944578e-16,13,0,90
414,130.999999999997,5,2034,99.3869565217397,0,5.51091059616309e-16,9,0,90
414,130.999999999997,6,2087.19310650131,0,0,12.8035900013966,0,0,0
414,130.999999999997,7,302.879176411285,0,0,0.3,0,0,0
414,131.099999999997,1,454.865126854213,-5.53024430287178e-11,0,0.105685667501173,5.02338181637676e-09,0,2.72334540497609e-06
414,131.099999999997,2,469,99.564705882354,0,3.67394039744206e-16,6,0,90
414,131.099999999997,3,465.330963854083,3.91999999999999,0,7.34788079488412e-17,1.2,0,90
414,131.099999999997,4,1175,99.7666666666666,0,7.9602041944578e-16,13,0,90
414,131.099999999997,5,2034,99.3869565217397,0,5.51091059616309e-16,9,0,90
414,131.099999999997,6,2088.47320550145,0,0,12.7983900013966,0,0,0
414,131.099999999997,7,302.879176411285,0,0,0.3,0,0,0
414,131.199999999997,1,454.865126854213,-5.53024430287178e-11,0,0.105685667501173,5.02338181637676e-09,0,2.72334540497609e-06
414,131.199999999997,2,469,99.564705882354,0,3.67394039744206e-16,6,0,90
414,131.199999999997,3,465.330963854083,3.91999999999999,0,7.34788079488412e-17,1.2,0,90
414,131.199999999997,4,1175,99.7666666666666,0,7.9602041944578e-16,13,0,90
414,131.199999999997,5,2034,99.3869565217397,0,5.51091059616309e-16,9,0,90
414,131.199999999997,6,2089.75278450159,0,0,12.7931900013966,0,0,0
414,131.199999999997,7,302.879176411285,0,0,0.3,0,0,0
414,131.299999999997,1,454.865126854213,-5.53024430287178e-11,0,0.105685667501173,5.02338181637676e-09,0,2.72334540497609e-06
414,131.299999999997,2,469,99.564705882354,0,3.67394039744206e-16,6,0,90
414,131.299999999997,3,465.330963854083,3.91999999999999,0,7.34788079488412e-17,1.2,0,90
414,131.299999999997,4,1175,99.7666666666666,0,7.9602041944578e-16,13,0,90
414,131.299999999997,5,2034,99.3869565217397,0,5.51091059616309e-16,9,0,90
414,131.299999999997,6,2091.03184350173,0,0,12.7879900013966,0,0,0
414,131.299999999997,7,302.879176411285,0,0,0.3,0,0,0
414,131.399999999997,1,454.865126854213,-5.53024430287178e-11,0,0.105685667501173,5.02338181637676e-09,0,2.72334540497609e-06
414,131.399999999997,2,469,99.564705882354,0,3.67394039744206e-16,6,0,90
414,131.399999999997,3,465.330963854083,3.91999999999999,0,7.34788079488412e-17,1.2,0,90
414,131.399999999997,4,1175,99.7666666666666,0,7.9602041944578e-16,13,0,90
414,131.399999999997,5,2034,99.3869565217397,0,5.51091059616309e-16,9,0,90
414,131.399999999997,6,2092.31038250187,0,0,12.7827900013966,0,0,0
414,131.399999999997,7,302.879176411285,0,0,0.3,0,0,0
414,131.499999999997,1,454.865126854213,-5.53024430287178e-11,0,0.105685667501173,5.02338181637676e-09,0,2.72334540497609e-06
414,131.499999999997,2,469,99.564705882354,0,3.67394039744206e-16,6,0,90
414,131.499999999997,3,465.330963854083,3.91999999999999,0,7.34788079488412e-17,1.2,0,90
414,131.499999999997,4,1175,99.7666666666666,0,7.9602041944578e-16,13,0,90
414,131.499999999997,5,2034,99.3869565217397,0,5.51091059616309e-16,9,0,90
414,131.499999999997,6,2093.58840150201,0,0,12.7775900013966,0,0,0
414,131.499999999997,7,302.879176411285,0,0,0.3,0,0,0
414,131.599999999997,1,454.865126854213,-5.53024430287178e-11,0,0.105685667501173,5.02338181637676e-09,0,2.72334540497609e-06
414,131.599999999997,2,469,99.564705882354,0,3.67394039744206e-16,6,0,90
414,131.599999999997,3,465.330963854083,3.91999999999999,0,7.34788079488412e-17,1.2,0,90
414,131.599999999997,4,1175,99.7666666666666,0,7.9602041944578e-16,13,0,90
414,131.599999999997,5,2034,99.3869565217397,0,5.51091059616309e-16,9,0,90
414,131.599999999997,6,2094.86590050215,0,0,12.7723900013966,0,0,0
414,131.599999999997,7,302.879176411285,0,0,0.3,0,0,0
414,131.699999999997,1,454.865126854213,-5.53024430287178e-11,0,0.105685667501173,5.02338181637676e-09,0,2.72334540497609e-06
414,131.699999999997,2,469,99.564705882354,0,3.67394039744206e-16,6,0,90
414,131.699999999997,3,465.330963854083,3.91999999999999,0,7.34788079488412e-17,1.2,0,90
414,131.699999999997,4,1175,99.7666666666666,0,7.9602041944578e-16,13,0,90
414,131.699999999997,5,2034,99.3869565217397,0,5.51091059616309e-16,9,0,90
414,131.699999999997,6,2096.14287950229,0,0,12.7671900013966,0,0,0
414,131.699999999997,7,302.879176411285,0,0,0.3,0,0,0
414,131.799999999997,1,454.865126854213,-5.53024430287178e-11,0,0.105685667501173,5.02338181637676e-09,0,2.72334540497609e-06
414,131.799999999997,2,469,99.564705882354,0,3.67394039744206e-16,6,0,90
414,131.799999999997,3,465.330963854083,3.91999999999999,0,7.34788079488412e-17,1.2,0,90
414,131.799999999997,4,1175,99.7666666666666,0,7.9602041944578e-16,13,0,90
414,131.799999999997,5,2034,99.3869565217397,0,5.51091059616309e-16,9,0,90
414,131.799999999997,6,2097.41933850243,0,0,12.7619900013966,0,0,0
414,131.799999999997,7,302.879176411285,0,0,0.3,0,0,0
414,131.899999999997,1,454.865126854213,-5.53024430287178e-11,0,0.105685667501173,5.02338181637676e-09,0,2.72334540497609e-06
414,131.899999999997,2,469,99.564705882354,0,3.67394039744206e-16,6,0,90
414,131.899999999997,3,465.330963854083,3.91999999999999,0,7.34788079488412e-17,1.2,0,90
414,131.899999999997,4,1175,99.7666666666666,0,7.9602041944578e-16,13,0,90
414,131.899999999997,5,2034,99.3869565217397,0,5.51091059616309e-16,9,0,90
414,131.899999999997,6,2098.69527750257,0,0,12.7567900013966,0,0,0
414,131.899999999997,7,302.879176411285,0,0,0.3,0,0,0
414,131.999999999997,1,454.865126854213,-5.53024430287178e-11,0,0.105685667501173,5.02338181637676e-09,0,2.72334540497609e-06
414,131.999999999997,2,469,99.564705882354,0,3.67394039744206e-16,6,0,90
414,131.999999999997,3,465.330963854083,3.91999999999999,0,7.34788079488412e-17,1.2,0,90
414,131.999999999997,4,1175,99.7666666666666,0,7.9602041944578e-16,13,0,90
414,131.999999999997,5,2034,99.3869565217397,0,5.51091059616309e-16,9,0,90
414,131.999999999997,6,2099.97069650271,0,0,12.7515900013966,0,0,0
414,131.999999999997,7,302.879176411285,0,0,0.3,0,0,0
414,132.099999999997,1,454.865126854213,-5.53024430287178e-11,0,0.105685667501173,5.02338181637676e-09,0,2.72334540497609e-06
414,132.099999999997,2,469,99.564705882354,0,3.67394039744206e-16,6,0,90
414,132.099999999997,3,465.330963854083,3.91999999999999,0,7.34788079488412e-17,1.2,0,90
414,132.099999999997,4,1175,99.7666666666666,0,7.9602041944578e-16,13,0,90
414,132.099999999997,5,2034,99.3869565217397,0,5.51091059616309e-16,9,0,90
414,132.099999999997,6,2101.24559550285,0,0,12.7463900013966,0,0,0
414,132.099999999997,7,302.879176411285,0,0,0.3,0,0,0
414,132.199999999997,1,454.865126854213,-5.53024430287178e-11,0,0.105685667501173,5.02338181637676e-09,0,2.72334540497609e-06
414,132.199999999997,2,469,99.564705882354,0,3.67394039744206e-16,6,0,90
414,132.199999999997,3,465.330963854083,3.91999999999999,0,7.34788079488412e-17,1.2,0,90
414,132.199999999997,4,1175,99.7666666666666,0,7.9602041944578e-16,13,0,90
414,132.199999999997,5,2034,99.3869565217397,0,5.51091059616309e-16,9,0,90
414,132.199999999997,6,2102.51997450299,0,0,12.7411900013966,0,0,0
414,132.199999999997,7,302.879176411285,0,0,0.3,0,0,0
414,132.299999999997,1,454.865126854213,-5.53024430287178e-11,0,0.105685667501173,5.02338181637676e-09,0,2.72334540497609e-06
414,132.299999999997,2,469,99.564705882354,0,3.67394039744206e-16,6,0,90
414,132.299999999997,3,465.330963854083,3.91999999999999,0,7.34788079488412e-17,1.2,0,90
414,132.299999999997,4,1175,99.7666666666666,0,7.9602041944578e-16,13,0,90
414,132.299999999997,5,2034,99.3869565217397,0,5.51091059616309e-16,9,0,90
414,132.299999999997,6,2103.79383350313,0,0,12.7359900013966,0,0,0
414,132.299999999997,7,302.879176411285,0,0,0.3,0,0,0
414,132.399999999997,1,454.865126854213,-5.53024430287178e-11,0,0.105685667501173,5.02338181637676e-09,0,2.72334540497609e-06
414,132.399999999997,2,469,99.564705882354,0,3.67394039744206e-16,6,0,90
414,132.399999999997,3,465.330963854083,3.91999999999999,0,7.34788079488412e-17,1.2,0,90
414,132.399999999997,4,1175,99.7666666666666,0,7.9602041944578e-16,13,0,90
414,132.399999999997,5,2034,99.3869565217397,0,5.51091059616309e-16,9,0,90
414,132.399999999997,6,2105.06717250327,0,0,12.7307900013966,0,0,0
414,132.399999999997,7,302.879176411285,0,0,0.3,0,0,0
414,132.499999999997,1,454.865126854213,-5.53024430287178e-11,0,0.105685667501173,5.02338181637676e-09,0,2.72334540497609e-06
414,132.499999999997,2,469,99.564705882354,0,3.67394039744206e-16,6,0,90
414,132.499999999997,3,465.330963854083,3.91999999999999,0,7.34788079488412e-17,1.2,0,90
414,132.499999999997,4,1175,99.7666666666666,0,7.9602041944578e-16,13,0,90
414,132.499999999997,5,2034,99.3869565217397,0,5.51091059616309e-16,9,0,90
414,132.499999999997,6,2106.33999150341,0,0,12.7255900013966,0,0,0
414,132.499999999997,7,302.879176411285,0,0,0.3,0,0,0
414,132.599999999997,1,454.865126854213,-5.53024430287178e-11,0,0.105685667501173,5.02338181637676e-09,0,2.72334540497609e-06
414,132.599999999997,2,469,99.564705882354,0,3.67394039744206e-16,6,0,90
414,132.599999999997,3,465.330963854083,3.91999999999999,0,7.34788079488412e-17,1.2,0,90
414,132.599999999997,4,1175,99.7666666666666,0,7.9602041944578e-16,13,0,90
414,132.599999999997,5,2034,99.3869565217397,0,5.51091059616309e-16,9,0,90
414,132.599999999997,6,2107.61229050355,0,0,12.7203900013966,0,0,0
414,132.599999999997,7,302.879176411285,0,0,0.3,0,0,0
414,132.699999999997,1,454.865126854213,-5.53024430287178e-11,0,0.105685667501173,5.02338181637676e-09,0,2.72334540497609e-06
414,132.699999999997,2,469,99.564705882354,0,3.67394039744206e-16,6,0,90
414,132.699999999997,3,465.330963854083,3.91999999999999,0,7.34788079488412e-17,1.2,0,90
414,132.699999999997,4,1175,99.7666666666666,0,7.9602041944578e-16,13,0,90
414,132.699999999997,5,2034,99.3869565217397,0,5.51091059616309e-16,9,0,90
414,132.699999999997,6,2108.88406950369,0,0,12.7151900013966,0,0,0
414,132.699999999997,7,302.879176411285,0,0,0.3,0,0,0
414,132.799999999997,1,454.865126854213,-5.53024430287178e-11,0,0.105685667501173,5.02338181637676e-09,0,2.72334540497609e-06
414,132.799999999997,2,469,99.564705882354,0,3.67394039744206e-16,6,0,90
414,132.799999999997,3,465.330963854083,3.91999999999999,0,7.34788079488412e-17,1.2,0,90
414,132.799999999997,4,1175,99.7666666666666,0,7.9602041944578e-16,13,0,90
414,132.799999999997,5,2034,99.3869565217397,0,5.51091059616309e-16,9,0,90
414,132.799999999997,6,2110.15532850383,0,0,12.7099900013966,0,0,0
414,132.799999999997,7,302.879176411285,0,0,0.3,0,0,0
414,132.899999999997,1,454.865126854213,-5.53024430287178e-11,0,0.105685667501173,5.02338181637676e-09,0,2.72334540497609e-06
414,132.899999999997,2,469,99.564705882354,0,3.67394039744206e-16,6,0,90
414,132.899999999997,3,465.330963854083,3.91999999999999,0,7.34788079488412e-17,1.2,0,90
414,132.899999999997,4,1175,99.7666666666666,0,7.9602041944578e-16,13,0,90
414,132.899999999997,5,2034,99.3869565217397,0,5.51091059616309e-16,9,0,90
414,132.899999999997,6,2111.42606750397,0,0,12.7047900013966,0,0,0
414,132.899999999997,7,302.879176411285,0,0,0.3,0,0,0
414,132.999999999997,1,454.865126854213,-5.53024430287178e-11,0,0.105685667501173,5.02338181637676e-09,0,2.72334540497609e-06
414,132.999999999997,2,469,99.564705882354,0,3.67394039744206e-16,6,0,90
414,132.999999999997,3,465.330963854083,3.91999999999999,0,7.34788079488412e-17,1.2,0,90
414,132.999999999997,4,1175,99.7666666666666,0,7.9602041944578e-16,13,0,90
414,132.999999999997,5,2034,99.3869565217397,0,5.51091059616309e-16,9,0,90
414,132.999999999997,6,2112.69628650411,0,0,12.6995900013966,0,0,0
414,132.999999999997,7,302.879176411285,0,0,0.3,0,0,0
414,133.099999999997,1,454.865126854213,-5.53024430287178e-11,0,0.105685667501173,5.02338181637676e-09,0,2.72334540497609e-06
414,133.099999999997,2,469,99.564705882354,0,3.67394039744206e-16,6,0,90
414,133.099999999997,3,465.330963854083,3.91999999999999,0,7.34788079488412e-17,1.2,0,90
414,133.099999999997,4,1175,99.7666666666666,0,7.9602041944578e-16,13,0,90
414,133.099999999997,5,2034,99.3869565217397,0,5.51091059616309e-16,9,0,90
414,133.099999999997,6,2113.96598550424,0,0,12.6943900013966,0,0,0
414,133.099999999997,7,302.879176411285,0,0,0.3,0,0,0
414,133.199999999997,1,454.865126854213,-5.53024430287178e-11,0,0.105685667501173,5.02338181637676e-09,0,2.72334540497609e-06
414,133.199999999997,2,469,99.564705882354,0,3.67394039744206e-16,6,0,90
414,133.199999999997,3,465.330963854083,3.91999999999999,0,7.34788079488412e-17,1.2,0,90
414,133.199999999997,4,1175,99.7666666666666,0,7.9602041944578e-16,13,0,90
414,133.199999999997,5,2034,99.3869565217397,0,5.51091059616309e-16,9,0,90
414,133.199999999997,6,2115.23516450438,0,0,12.6891900013966,0,0,0
414,133.199999999997,7,302.879176411285,0,0,0.3,0,0,0
414,133.299999999997,1,454.865126854213,-5.53024430287178e-11,0,0.105685667501173,5.02338181637676e-09,0,2.72334540497609e-06
414,133.299999999997,2,469,99.564705882354,0,3.67394039744206e-16,6,0,90
414,133.299999999997,3,465.330963854083,3.91999999999999,0,7.34788079488412e-17,1.2,0,90
414,133.299999999997,4,1175,99.7666666666666,0,7.9602041944578e-16,13,0,90
414,133.299999999997,5,2034,99.3869565217397,0,5.51091059616309e-16,9,0,90
414,133.299999999997,6,2116.50382350452,0,0,12.6839900013966,0,0,0
414,133.299999999997,7,302.879176411285,0,0,0.3,0,0,0
414,133.399999999997,1,454.865126854213,-5.53024430287178e-11,0,0.105685667501173,5.02338181637676e-09,0,2.72334540497609e-06
414,133.399999999997,2,469,99.564705882354,0,3.67394039744206e-16,6,0,90
414,133.399999999997,3,465.330963854083,3.91999999999999,0,7.34788079488412e-17,1.2,0,90
414,133.399999999997,4,1175,99.7666666666666,0,7.9602041944578e-16,13,0,90
414,133.399999999997,5,2034,99.3869565217397,0,5.51091059616309e-16,9,0,90
414,133.399999999997,6,2117.77196250466,0,0,12.6787900013966,0,0,0
414,133.399999999997,7,302.879176411285,0,0,0.3,0,0,0
414,133.499999999997,1,454.865126854213,-5.53024430287178e-11,0,0.105685667501173,5.02338181637676e-09,0,2.72334540497609e-06
414,133.499999999997,2,469,99.564705882354,0,3.67394039744206e-16,6,0,90
414,133.499999999997,3,465.330963854083,3.91999999999999,0,7.34788079488412e-17,1.2,0,90
414,133.499999999997,4,1175,99.7666666666666,0,7.9602041944578e-16,13,0,90
414,133.499999999997,5,2034,99.3869565217397,0,5.51091059616309e-16,9,0,90
414,133.499999999997,6,2119.0395815048,0,0,12.6735900013966,0,0,0
414,133.499999999997,7,302.879176411285,0,0,0.3,0,0,0
414,133.599999999997,1,454.865126854213,-5.53024430287178e-11,0,0.105685667501173,5.02338181637676e-09,0,2.72334540497609e-06
414,133.599999999997,2,469,99.564705882354,0,3.67394039744206e-16,6,0,90
414,133.599999999997,3,465.330963854083,3.91999999999999,0,7.34788079488412e-17,1.2,0,90
414,133.599999999997,4,1175,99.7666666666666,0,7.9602041944578e-16,13,0,90
414,133.599999999997,5,2034,99.3869565217397,0,5.51091059616309e-16,9,0,90
414,133.599999999997,6,2120.30668050494,0,0,12.6683900013966,0,0,0
414,133.599999999997,7,302.879176411285,0,0,0.3,0,0,0
414,133.699999999997,1,454.865126854213,-5.53024430287178e-11,0,0.105685667501173,5.02338181637676e-09,0,2.72334540497609e-06
414,133.699999999997,2,469,99.564705882354,0,3.67394039744206e-16,6,0,90
414,133.699999999997,3,465.330963854083,3.91999999999999,0,7.34788079488412e-17,1.2,0,90
414,133.699999999997,4,1175,99.7666666666666,0,7.9602041944578e-16,13,0,90
414,133.699999999997,5,2034,99.3869565217397,0,5.51091059616309e-16,9,0,90
414,133.699999999997,6,2121.57325950508,0,0,12.6631900013966,0,0,0
414,133.699999999997,7,302.879176411285,0,0,0.3,0,0,0
414,133.799999999997,1,454.865126854213,-5.53024430287178e-11,0,0.105685667501173,5.02338181637676e-09,0,2.72334540497609e-06
414,133.799999999997,2,469,99.564705882354,0,3.67394039744206e-16,6,0,90
414,133.799999999997,3,465.330963854083,3.91999999999999,0,7.34788079488412e-17,1.2,0,90
414,133.799999999997,4,1175,99.7666666666666,0,7.9602041944578e-16,13,0,90
414,133.799999999997,5,2034,99.3869565217397,0,5.51091059616309e-16,9,0,90
414,133.799999999997,6,2122.83931850522,0,0,12.6579900013966,0,0,0
414,133.799999999997,7,302.879176411285,0,0,0.3,0,0,0
414,133.899999999997,1,454.865126854213,-5.53024430287178e-11,0,0.105685667501173,5.02338181637676e-09,0,2.72334540497609e-06
414,133.899999999997,2,469,99.564705882354,0,3.67394039744206e-16,6,0,90
414,133.899999999997,3,465.330963854083,3.91999999999999,0,7.34788079488412e-17,1.2,0,90
414,133.899999999997,4,1175,99.7666666666666,0,7.9602041944578e-16,13,0,90
414,133.899999999997,5,2034,99.3869565217397,0,5.51091059616309e-16,9,0,90
414,133.899999999997,6,2124.10485750536,0,0,12.6527900013966,0,0,0
414,133.899999999997,7,302.879176411285,0,0,0.3,0,0,0
414,133.999999999997,1,454.865126854213,-5.53024430287178e-11,0,0.105685667501173,5.02338181637676e-09,0,2.72334540497609e-06
414,133.999999999997,2,469,99.564705882354,0,3.67394039744206e-16,6,0,90
414,133.999999999997,3,465.330963854083,3.91999999999999,0,7.34788079488412e-17,1.2,0,90
414,133.999999999997,4,1175,99.7666666666666,0,7.9602041944578e-16,13,0,90
414,133.999999999997,5,2034,99.3869565217397,0,5.51091059616309e-16,9,0,90
414,133.999999999997,6,2125.3698765055,0,0,12.6475900013966,0,0,0
414,133.999999999997,7,302.879176411285,0,0,0.3,0,0,0
414,134.099999999997,1,454.865126854213,-5.53024430287178e-11,0,0.105685667501173,5.02338181637676e-09,0,2.72334540497609e-06
414,134.099999999997,2,469,99.564705882354,0,3.67394039744206e-16,6,0,90
414,134.099999999997,3,465.330963854083,3.91999999999999,0,7.34788079488412e-17,1.2,0,90
414,134.099999999997,4,1175,99.7666666666666,0,7.9602041944578e-16,13,0,90
414,134.099999999997,5,2034,99.3869565217397,0,5.51091059616309e-16,9,0,90
414,134.099999999997,6,2126.63437550564,0,0,12.6423900013966,0,0,0
414,134.099999999997,7,302.879176411285,0,0,0.3,0,0,0
414,134.199999999997,1,454.865126854213,-5.53024430287178e-11,0,0.105685667501173,5.02338181637676e-09,0,2.72334540497609e-06
414,134.199999999997,2,469,99.564705882354,0,3.67394039744206e-16,6,0,90
414,134.199999999997,3,465.330963854083,3.91999999999999,0,7.34788079488412e-17,1.2,0,90
414,134.199999999997,4,1175,99.7666666666666,0,7.9602041944578e-16,13,0,90
414,134.199999999997,5,2034,99.3869565217397,0,5.51091059616309e-16,9,0,90
414,134.199999999997,6,2127.89835450578,0,0,12.6371900013966,0,0,0
414,134.199999999997,7,302.879176411285,0,0,0.3,0,0,0
414,134.299999999997,1,454.865126854213,-5.53024430287178e-11,0,0.105685667501173,5.02338181637676e-09,0,2.72334540497609e-06
414,134.299999999997,2,469,99.564705882354,0,3.67394039744206e-16,6,0,90
414,134.299999999997,3,465.330963854083,3.91999999999999,0,7.34788079488412e-17,1.2,0,90
414,134.299999999997,4,1175,99.7666666666666,0,7.9602041944578e-16,13,0,90
414,134.299999999997,5,2034,99.3869565217397,0,5.51091059616309e-16,9,0,90
414,134.299999999997,6,2129.16181350592,0,0,12.6319900013966,0,0,0
414,134.299999999997,7,302.879176411285,0,0,0.3,0,0,0
414,134.399999999997,1,454.865126854213,-5.53024430287178e-11,0,0.105685667501173,5.02338181637676e-09,0,2.72334540497609e-06
414,134.399999999997,2,469,99.564705882354,0,3.67394039744206e-16,6,0,90
414,134.399999999997,3,465.330963854083,3.91999999999999,0,7.34788079488412e-17,1.2,0,90
414,134.399999999997,4,1175,99.7666666666666,0,7.9602041944578e-16,13,0,90
414,134.399999999997,5,2034,99.3869565217397,0,5.51091059616309e-16,9,0,90
414,134.399999999997,6,2130.42475250606,0,0,12.6267900013966,0,0,0
414,134.399999999997,7,302.879176411285,0,0,0.3,0,0,0
414,134.499999999997,1,454.865126854213,-5.53024430287178e-11,0,0.105685667501173,5.02338181637676e-09,0,2.72334540497609e-06
414,134.499999999997,2,469,99.564705882354,0,3.67394039744206e-16,6,0,90
414,134.499999999997,3,465.330963854083,3.91999999999999,0,7.34788079488412e-17,1.2,0,90
414,134.499999999997,4,1175,99.7666666666666,0,7.9602041944578e-16,13,0,90
414,134.499999999997,5,2034,99.3869565217397,0,5.51091059616309e-16,9,0,90
414,134.499999999997,6,2131.6871715062,0,0,12.6215900013966,0,0,0
414,134.499999999997,7,302.879176411285,0,0,0.3,0,0,0
414,134.599999999997,1,454.865126854213,-5.53024430287178e-11,0,0.105685667501173,5.02338181637676e-09,0,2.72334540497609e-06
414,134.599999999997,2,469,99.564705882354,0,3.67394039744206e-16,6,0,90
414,134.599999999997,3,465.330963854083,3.91999999999999,0,7.34788079488412e-17,1.2,0,90
414,134.599999999997,4,1175,99.7666666666666,0,7.9602041944578e-16,13,0,90
414,134.599999999997,5,2034,99.3869565217397,0,5.51091059616309e-16,9,0,90
414,134.599999999997,6,2132.94907050634,0,0,12.6163900013966,0,0,0
414,134.599999999997,7,302.879176411285,0,0,0.3,0,0,0
414,134.699999999997,1,454.865126854213,-5.53024430287178e-11,0,0.105685667501173,5.02338181637676e-09,0,2.72334540497609e-06
414,134.699999999997,2,469,99.564705882354,0,3.67394039744206e-16,6,0,90
414,134.699999999997,3,465.330963854083,3.91999999999999,0,7.34788079488412e-17,1.2,0,90
414,134.699999999997,4,1175,99.7666666666666,0,7.9602041944578e-16,13,0,90
414,134.699999999997,5,2034,99.3869565217397,0,5.51091059616309e-16,9,0,90
414,134.699999999997,6,2134.21044950648,0,0,12.6111900013966,0,0,0
414,134.699999999997,7,302.879176411285,0,0,0.3,0,0,0
414,134.799999999997,1,454.865126854213,-5.53024430287178e-11,0,0.105685667501173,5.02338181637676e-09,0,2.72334540497609e-06
414,134.799999999997,2,469,99.564705882354,0,3.67394039744206e-16,6,0,90
414,134.799999999997,3,465.330963854083,3.91999999999999,0,7.34788079488412e-17,1.2,0,90
414,134.799999999997,4,1175,99.7666666666666,0,7.9602041944578e-16,13,0,90
414,134.799999999997,5,2034,99.3869565217397,0,5.51091059616309e-16,9,0,90
414,134.799999999997,6,2135.47130850662,0,0,12.6059900013966,0,0,0
414,134.799999999997,7,302.879176411285,0,0,0.3,0,0,0
414,134.899999999997,1,454.865126854213,-5.53024430287178e-11,0,0.105685667501173,5.02338181637676e-09,0,2.72334540497609e-06
414,134.899999999997,2,469,99.564705882354,0,3.67394039744206e-16,6,0,90
414,134.899999999997,3,465.330963854083,3.91999999999999,0,7.34788079488412e-17,1.2,0,90
414,134.899999999997,4,1175,99.7666666666666,0,7.9602041944578e-16,13,0,90
414,134.899999999997,5,2034,99.3869565217397,0,5.51091059616309e-16,9,0,90
414,134.899999999997,6,2136.73164750676,0,0,12.6007900013966,0,0,0
414,134.899999999997,7,302.879176411285,0,0,0.3,0,0,0
414,134.999999999997,1,454.865126854213,-5.53024430287178e-11,0,0.105685667501173,5.02338181637676e-09,0,2.72334540497609e-06
414,134.999999999997,2,469,99.564705882354,0,3.67394039744206e-16,6,0,90
414,134.999999999997,3,465.330963854083,3.91999999999999,0,7.34788079488412e-17,1.2,0,90
414,134.999999999997,4,1175,99.7666666666666,0,7.9602041944578e-16,13,0,90
414,134.999999999997,5,2034,99.3869565217397,0,5.51091059616309e-16,9,0,90
414,134.999999999997,6,2137.9914665069,0,0,12.5955900013966,0,0,0
414,134.999999999997,7,302.879176411285,0,0,0.3,0,0,0
414,135.099999999997,1,454.865126854213,-5.53024430287178e-11,0,0.105685667501173,5.02338181637676e-09,0,2.72334540497609e-06
414,135.099999999997,2,469,99.564705882354,0,3.67394039744206e-16,6,0,90
414,135.099999999997,3,465.330963854083,3.91999999999999,0,7.34788079488412e-17,1.2,0,90
414,135.099999999997,4,1175,99.7666666666666,0,7.9602041944578e-16,13,0,90
414,135.099999999997,5,2034,99.3869565217397,0,5.51091059616309e-16,9,0,90
414,135.099999999997,6,2139.25076550704,0,0,12.5903900013966,0,0,0
414,135.099999999997,7,302.879176411285,0,0,0.3,0,0,0
414,135.199999999997,1,454.865126854213,-5.53024430287178e-11,0,0.105685667501173,5.02338181637676e-09,0,2.72334540497609e-06
414,135.199999999997,2,469,99.564705882354,0,3.67394039744206e-16,6,0,90
414,135.199999999997,3,465.330963854083,3.91999999999999,0,7.34788079488412e-17,1.2,0,90
414,135.199999999997,4,1175,99.7666666666666,0,7.9602041944578e-16,13,0,90
414,135.199999999997,5,2034,99.3869565217397,0,5.51091059616309e-16,9,0,90
414,135.199999999997,6,2140.50954450718,0,0,12.5851900013966,0,0,0
414,135.199999999997,7,302.879176411285,0,0,0.3,0,0,0
414,135.299999999997,1,454.865126854213,-5.53024430287178e-11,0,0.105685667501173,5.02338181637676e-09,0,2.72334540497609e-06
414,135.299999999997,2,469,99.564705882354,0,3.67394039744206e-16,6,0,90
414,135.299999999997,3,465.330963854083,3.91999999999999,0,7.34788079488412e-17,1.2,0,90
414,135.299999999997,4,1175,99.7666666666666,0,7.9602041944578e-16,13,0,90
414,135.299999999997,5,2034,99.3869565217397,0,5.51091059616309e-16,9,0,90
414,135.299999999997,6,2141.76780350732,0,0,12.5799900013966,0,0,0
414,135.299999999997,7,302.879176411285,0,0,0.3,0,0,0
414,135.399999999997,1,454.865126854213,-5.53024430287178e-11,0,0.105685667501173,5.02338181637676e-09,0,2.72334540497609e-06
414,135.399999999997,2,469,99.564705882354,0,3.67394039744206e-16,6,0,90
414,135.399999999997,3,465.330963854083,3.91999999999999,0,7.34788079488412e-17,1.2,0,90
414,135.399999999997,4,1175,99.7666666666666,0,7.9602041944578e-16,13,0,90
414,135.399999999997,5,2034,99.3869565217397,0,5.51091059616309e-16,9,0,90
414,135.399999999997,6,2143.02554250746,0,0,12.5747900013966,0,0,0
414,135.399999999997,7,302.879176411285,0,0,0.3,0,0,0
414,135.499999999997,1,454.865126854213,-5.53024430287178e-11,0,0.105685667501173,5.02338181637676e-09,0,2.72334540497609e-06
414,135.499999999997,2,469,99.564705882354,0,3.67394039744206e-16,6,0,90
414,135.499999999997,3,465.330963854083,3.91999999999999,0,7.34788079488412e-17,1.2,0,90
414,135.499999999997,4,1175,99.7666666666666,0,7.9602041944578e-16,13,0,90
414,135.499999999997,5,2034,99.3869565217397,0,5.51091059616309e-16,9,0,90
414,135.499999999997,6,2144.28276150759,0,0,12.5695900013966,0,0,0
414,135.499999999997,7,302.879176411285,0,0,0.3,0,0,0
414,135.599999999997,1,454.865126854213,-5.53024430287178e-11,0,0.105685667501173,5.02338181637676e-09,0,2.72334540497609e-06
414,135.599999999997,2,469,99.564705882354,0,3.67394039744206e-16,6,0,90
414,135.599999999997,3,465.330963854083,3.91999999999999,0,7.34788079488412e-17,1.2,0,90
414,135.599999999997,4,1175,99.7666666666666,0,7.9602041944578e-16,13,0,90
414,135.599999999997,5,2034,99.3869565217397,0,5.51091059616309e-16,9,0,90
414,135.599999999997,6,2145.53946050773,0,0,12.5643900013966,0,0,0
414,135.599999999997,7,302.879176411285,0,0,0.3,0,0,0
414,135.699999999997,1,454.865126854213,-5.53024430287178e-11,0,0.105685667501173,5.02338181637676e-09,0,2.72334540497609e-06
414,135.699999999997,2,469,99.564705882354,0,3.67394039744206e-16,6,0,90
414,135.699999999997,3,465.330963854083,3.91999999999999,0,7.34788079488412e-17,1.2,0,90
414,135.699999999997,4,1175,99.7666666666666,0,7.9602041944578e-16,13,0,90
414,135.699999999997,5,2034,99.3869565217397,0,5.51091059616309e-16,9,0,90
414,135.699999999997,6,2146.79563950787,0,0,12.5591900013966,0,0,0
414,135.699999999997,7,302.879176411285,0,0,0.3,0,0,0
414,135.799999999997,1,454.865126854213,-5.53024430287178e-11,0,0.105685667501173,5.02338181637676e-09,0,2.72334540497609e-06
414,135.799999999997,2,469,99.564705882354,0,3.67394039744206e-16,6,0,90
414,135.799999999997,3,465.330963854083,3.91999999999999,0,7.34788079488412e-17,1.2,0,90
414,135.799999999997,4,1175,99.7666666666666,0,7.9602041944578e-16,13,0,90
414,135.799999999997,5,2034,99.3869565217397,0,5.51091059616309e-16,9,0,90
414,135.799999999997,6,2148.05129850801,0,0,12.5539900013966,0,0,0
414,135.799999999997,7,302.879176411285,0,0,0.3,0,0,0
414,135.899999999997,1,454.865126854213,-5.53024430287178e-11,0,0.105685667501173,5.02338181637676e-09,0,2.72334540497609e-06
414,135.899999999997,2,469,99.564705882354,0,3.67394039744206e-16,6,0,90
414,135.899999999997,3,465.330963854083,3.91999999999999,0,7.34788079488412e-17,1.2,0,90
414,135.899999999997,4,1175,99.7666666666666,0,7.9602041944578e-16,13,0,90
414,135.899999999997,5,2034,99.3869565217397,0,5.51091059616309e-16,9,0,90
414,135.899999999997,6,2149.30643750815,0,0,12.5487900013966,0,0,0
414,135.899999999997,7,302.879176411285,0,0,0.3,0,0,0
414,135.999999999997,1,454.865126854213,-5.53024430287178e-11,0,0.105685667501173,5.02338181637676e-09,0,2.72334540497609e-06
414,135.999999999997,2,469,99.564705882354,0,3.67394039744206e-16,6,0,90
414,135.999999999997,3,465.330963854083,3.91999999999999,0,7.34788079488412e-17,1.2,0,90
414,135.999999999997,4,1175,99.7666666666666,0,7.9602041944578e-16,13,0,90
414,135.999999999997,5,2034,99.3869565217397,0,5.51091059616309e-16,9,0,90
414,135.999999999997,6,2150.56105650829,0,0,12.5435900013966,0,0,0
414,135.999999999997,7,302.879176411285,0,0,0.3,0,0,0
414,136.099999999997,1,454.865126854213,-5.53024430287178e-11,0,0.105685667501173,5.02338181637676e-09,0,2.72334540497609e-06
414,136.099999999997,2,469,99.564705882354,0,3.67394039744206e-16,6,0,90
414,136.099999999997,3,465.330963854083,3.91999999999999,0,7.34788079488412e-17,1.2,0,90
414,136.099999999997,4,1175,99.7666666666666,0,7.9602041944578e-16,13,0,90
414,136.099999999997,5,2034,99.3869565217397,0,5.51091059616309e-16,9,0,90
414,136.099999999997,6,2151.81515550843,0,0,12.5383900013966,0,0,0
414,136.099999999997,7,302.879176411285,0,0,0.3,0,0,0
414,136.199999999997,1,454.865126854213,-5.53024430287178e-11,0,0.105685667501173,5.02338181637676e-09,0,2.72334540497609e-06
414,136.199999999997,2,469,99.564705882354,0,3.67394039744206e-16,6,0,90
414,136.199999999997,3,465.330963854083,3.91999999999999,0,7.34788079488412e-17,1.2,0,90
414,136.199999999997,4,1175,99.7666666666666,0,7.9602041944578e-16,13,0,90
414,136.199999999997,5,2034,99.3869565217397,0,5.51091059616309e-16,9,0,90
414,136.199999999997,6,2153.06873450857,0,0,12.5331900013966,0,0,0
414,136.199999999997,7,302.879176411285,0,0,0.3,0,0,0
414,136.299999999997,1,454.865126854213,-5.53024430287178e-11,0,0.105685667501173,5.02338181637676e-09,0,2.72334540497609e-06
414,136.299999999997,2,469,99.564705882354,0,3.67394039744206e-16,6,0,90
414,136.299999999997,3,465.330963854083,3.91999999999999,0,7.34788079488412e-17,1.2,0,90
414,136.299999999997,4,1175,99.7666666666666,0,7.9602041944578e-16,13,0,90
414,136.299999999997,5,2034,99.3869565217397,0,5.51091059616309e-16,9,0,90
414,136.299999999997,6,2154.32179350871,0,0,12.5279900013966,0,0,0
414,136.299999999997,7,302.879176411285,0,0,0.3,0,0,0
414,136.399999999997,1,454.865126854213,-5.53024430287178e-11,0,0.105685667501173,5.02338181637676e-09,0,2.72334540497609e-06
414,136.399999999997,2,469,99.564705882354,0,3.67394039744206e-16,6,0,90
414,136.399999999997,3,465.330963854083,3.91999999999999,0,7.34788079488412e-17,1.2,0,90
414,136.399999999997,4,1175,99.7666666666666,0,7.9602041944578e-16,13,0,90
414,136.399999999997,5,2034,99.3869565217397,0,5.51091059616309e-16,9,0,90
414,136.399999999997,6,2155.57433250885,0,0,12.5227900013966,0,0,0
414,136.399999999997,7,302.879176411285,0,0,0.3,0,0,0
414,136.499999999997,1,454.865126854213,-5.53024430287178e-11,0,0.105685667501173,5.02338181637676e-09,0,2.72334540497609e-06
414,136.499999999997,2,469,99.564705882354,0,3.67394039744206e-16,6,0,90
414,136.499999999997,3,465.330963854083,3.91999999999999,0,7.34788079488412e-17,1.2,0,90
414,136.499999999997,4,1175,99.7666666666666,0,7.9602041944578e-16,13,0,90
414,136.499999999997,5,2034,99.3869565217397,0,5.51091059616309e-16,9,0,90
414,136.499999999997,6,2156.82635150899,0,0,12.5175900013966,0,0,0
414,136.499999999997,7,302.879176411285,0,0,0.3,0,0,0
414,136.599999999997,1,454.865126854213,-5.53024430287178e-11,0,0.105685667501173,5.02338181637676e-09,0,2.72334540497609e-06
414,136.599999999997,2,469,99.564705882354,0,3.67394039744206e-16,6,0,90
414,136.599999999997,3,465.330963854083,3.91999999999999,0,7.34788079488412e-17,1.2,0,90
414,136.599999999997,4,1175,99.7666666666666,0,7.9602041944578e-16,13,0,90
414,136.599999999997,5,2034,99.3869565217397,0,5.51091059616309e-16,9,0,90
414,136.599999999997,6,2158.07785050913,0,0,12.5123900013966,0,0,0
414,136.599999999997,7,302.879176411285,0,0,0.3,0,0,0
414,136.699999999997,1,454.865126854213,-5.53024430287178e-11,0,0.105685667501173,5.02338181637676e-09,0,2.72334540497609e-06
414,136.699999999997,2,469,99.564705882354,0,3.67394039744206e-16,6,0,90
414,136.699999999997,3,465.330963854083,3.91999999999999,0,7.34788079488412e-17,1.2,0,90
414,136.699999999997,4,1175,99.7666666666666,0,7.9602041944578e-16,13,0,90
414,136.699999999997,5,2034,99.3869565217397,0,5.51091059616309e-16,9,0,90
414,136.699999999997,6,2159.32882950927,0,0,12.5071900013966,0,0,0
414,136.699999999997,7,302.879176411285,0,0,0.3,0,0,0
414,136.799999999997,1,454.865126854213,-5.53024430287178e-11,0,0.105685667501173,5.02338181637676e-09,0,2.72334540497609e-06
414,136.799999999997,2,469,99.564705882354,0,3.67394039744206e-16,6,0,90
414,136.799999999997,3,465.330963854083,3.91999999999999,0,7.34788079488412e-17,1.2,0,90
414,136.799999999997,4,1175,99.7666666666666,0,7.9602041944578e-16,13,0,90
414,136.799999999997,5,2034,99.3869565217397,0,5.51091059616309e-16,9,0,90
414,136.799999999997,6,2160.57928850941,0,0,12.5019900013966,0,0,0
414,136.799999999997,7,302.879176411285,0,0,0.3,0,0,0
414,136.899999999997,1,454.865126854213,-5.53024430287178e-11,0,0.105685667501173,5.02338181637676e-09,0,2.72334540497609e-06
414,136.899999999997,2,469,99.564705882354,0,3.67394039744206e-16,6,0,90
414,136.899999999997,3,465.330963854083,3.91999999999999,0,7.34788079488412e-17,1.2,0,90
414,136.899999999997,4,1175,99.7666666666666,0,7.9602041944578e-16,13,0,90
414,136.899999999997,5,2034,99.3869565217397,0,5.51091059616309e-16,9,0,90
414,136.899999999997,6,2161.82922750955,0,0,12.4967900013966,0,0,0
414,136.899999999997,7,302.879176411285,0,0,0.3,0,0,0
414,136.999999999997,1,454.865126854213,-5.53024430287178e-11,0,0.105685667501173,5.02338181637676e-09,0,2.72334540497609e-06
414,136.999999999997,2,469,99.564705882354,0,3.67394039744206e-16,6,0,90
414,136.999999999997,3,465.330963854083,3.91999999999999,0,7.34788079488412e-17,1.2,0,90
414,136.999999999997,4,1175,99.7666666666666,0,7.9602041944578e-16,13,0,90
414,136.999999999997,5,2034,99.3869565217397,0,5.51091059616309e-16,9,0,90
414,136.999999999997,6,2163.07864650969,0,0,12.4915900013966,0,0,0
414,136.999999999997,7,302.879176411285,0,0,0.3,0,0,0
414,137.099999999996,1,454.865126854213,-5.53024430287178e-11,0,0.105685667501173,5.02338181637676e-09,0,2.72334540497609e-06
414,137.099999999996,2,469,99.564705882354,0,3.67394039744206e-16,6,0,90
414,137.099999999996,3,465.330963854083,3.91999999999999,0,7.34788079488412e-17,1.2,0,90
414,137.099999999996,4,1175,99.7666666666666,0,7.9602041944578e-16,13,0,90
414,137.099999999996,5,2034,99.3869565217397,0,5.51091059616309e-16,9,0,90
414,137.099999999996,6,2164.32754550983,0,0,12.4863900013966,0,0,0
414,137.099999999996,7,302.879176411285,0,0,0.3,0,0,0
414,137.199999999996,1,454.865126854213,-5.53024430287178e-11,0,0.105685667501173,5.02338181637676e-09,0,2.72334540497609e-06
414,137.199999999996,2,469,99.564705882354,0,3.67394039744206e-16,6,0,90
414,137.199999999996,3,465.330963854083,3.91999999999999,0,7.34788079488412e-17,1.2,0,90
414,137.199999999996,4,1175,99.7666666666666,0,7.9602041944578e-16,13,0,90
414,137.199999999996,5,2034,99.3869565217397,0,5.51091059616309e-16,9,0,90
414,137.199999999996,6,2165.57592450997,0,0,12.4811900013966,0,0,0
414,137.199999999996,7,302.879176411285,0,0,0.3,0,0,0
414,137.299999999996,1,454.865126854213,-5.53024430287178e-11,0,0.105685667501173,5.02338181637676e-09,0,2.72334540497609e-06
414,137.299999999996,2,469,99.564705882354,0,3.67394039744206e-16,6,0,90
414,137.299999999996,3,465.330963854083,3.91999999999999,0,7.34788079488412e-17,1.2,0,90
414,137.299999999996,4,1175,99.7666666666666,0,7.9602041944578e-16,13,0,90
414,137.299999999996,5,2034,99.3869565217397,0,5.51091059616309e-16,9,0,90
414,137.299999999996,6,2166.82378351011,0,0,12.4759900013966,0,0,0
414,137.299999999996,7,302.879176411285,0,0,0.3,0,0,0
414,137.399999999996,1,454.865126854213,-5.53024430287178e-11,0,0.105685667501173,5.02338181637676e-09,0,2.72334540497609e-06
414,137.399999999996,2,469,99.564705882354,0,3.67394039744206e-16,6,0,90
414,137.399999999996,3,465.330963854083,3.91999999999999,0,7.34788079488412e-17,1.2,0,90
414,137.399999999996,4,1175,99.7666666666666,0,7.9602041944578e-16,13,0,90
414,137.399999999996,5,2034,99.3869565217397,0,5.51091059616309e-16,9,0,90
414,137.399999999996,6,2168.07112251025,0,0,12.4707900013966,0,0,0
414,137.399999999996,7,302.879176411285,0,0,0.3,0,0,0
414,137.499999999996,1,454.865126854213,-5.53024430287178e-11,0,0.105685667501173,5.02338181637676e-09,0,2.72334540497609e-06
414,137.499999999996,2,469,99.564705882354,0,3.67394039744206e-16,6,0,90
414,137.499999999996,3,465.330963854083,3.91999999999999,0,7.34788079488412e-17,1.2,0,90
414,137.499999999996,4,1175,99.7666666666666,0,7.9602041944578e-16,13,0,90
414,137.499999999996,5,2034,99.3869565217397,0,5.51091059616309e-16,9,0,90
414,137.499999999996,6,2169.31794151039,0,0,12.4655900013966,0,0,0
414,137.499999999996,7,302.879176411285,0,0,0.3,0,0,0
414,137.599999999996,1,454.865126854213,-5.53024430287178e-11,0,0.105685667501173,5.02338181637676e-09,0,2.72334540497609e-06
414,137.599999999996,2,469,99.564705882354,0,3.67394039744206e-16,6,0,90
414,137.599999999996,3,465.330963854083,3.91999999999999,0,7.34788079488412e-17,1.2,0,90
414,137.599999999996,4,1175,99.7666666666666,0,7.9602041944578e-16,13,0,90
414,137.599999999996,5,2034,99.3869565217397,0,5.51091059616309e-16,9,0,90
414,137.599999999996,6,2170.56424051053,0,0,12.4603900013966,0,0,0
414,137.599999999996,7,302.879176411285,0,0,0.3,0,0,0
414,137.699999999996,1,454.865126854213,-5.53024430287178e-11,0,0.105685667501173,5.02338181637676e-09,0,2.72334540497609e-06
414,137.699999999996,2,469,99.564705882354,0,3.67394039744206e-16,6,0,90
414,137.699999999996,3,465.330963854083,3.91999999999999,0,7.34788079488412e-17,1.2,0,90
414,137.699999999996,4,1175,99.7666666666666,0,7.9602041944578e-16,13,0,90
414,137.699999999996,5,2034,99.3869565217397,0,5.51091059616309e-16,9,0,90
414,137.699999999996,6,2171.81001951067,0,0,12.4551900013966,0,0,0
414,137.699999999996,7,302.879176411285,0,0,0.3,0,0,0
414,137.799999999996,1,454.865126854213,-5.53024430287178e-11,0,0.105685667501173,5.02338181637676e-09,0,2.72334540497609e-06
414,137.799999999996,2,469,99.564705882354,0,3.67394039744206e-16,6,0,90
414,137.799999999996,3,465.330963854083,3.91999999999999,0,7.34788079488412e-17,1.2,0,90
414,137.799999999996,4,1175,99.7666666666666,0,7.9602041944578e-16,13,0,90
414,137.799999999996,5,2034,99.3869565217397,0,5.51091059616309e-16,9,0,90
414,137.799999999996,6,2173.05527851081,0,0,12.4499900013966,0,0,0
414,137.799999999996,7,302.879176411285,0,0,0.3,0,0,0
414,137.899999999996,1,454.865126854213,-5.53024430287178e-11,0,0.105685667501173,5.02338181637676e-09,0,2.72334540497609e-06
414,137.899999999996,2,469,99.564705882354,0,3.67394039744206e-16,6,0,90
414,137.899999999996,3,465.330963854083,3.91999999999999,0,7.34788079488412e-17,1.2,0,90
414,137.899999999996,4,1175,99.7666666666666,0,7.9602041944578e-16,13,0,90
414,137.899999999996,5,2034,99.3869565217397,0,5.51091059616309e-16,9,0,90
414,137.899999999996,6,2174.30001751095,0,0,12.4447900013966,0,0,0
414,137.899999999996,7,302.879176411285,0,0,0.3,0,0,0
414,137.999999999996,1,454.865126854213,-5.53024430287178e-11,0,0.105685667501173,5.02338181637676e-09,0,2.72334540497609e-06
414,137.999999999996,2,469,99.564705882354,0,3.67394039744206e-16,6,0,90
414,137.999999999996,3,465.330963854083,3.91999999999999,0,7.34788079488412e-17,1.2,0,90
414,137.999999999996,4,1175,99.7666666666666,0,7.9602041944578e-16,13,0,90
414,137.999999999996,5,2034,99.3869565217397,0,5.51091059616309e-16,9,0,90
414,137.999999999996,6,2175.54423651108,0,0,12.4395900013966,0,0,0
414,137.999999999996,7,302.879176411285,0,0,0.3,0,0,0
414,138.099999999996,1,454.865126854213,-5.53024430287178e-11,0,0.105685667501173,5.02338181637676e-09,0,2.72334540497609e-06
414,138.099999999996,2,469,99.564705882354,0,3.67394039744206e-16,6,0,90
414,138.099999999996,3,465.330963854083,3.91999999999999,0,7.34788079488412e-17,1.2,0,90
414,138.099999999996,4,1175,99.7666666666666,0,7.9602041944578e-16,13,0,90
414,138.099999999996,5,2034,99.3869565217397,0,5.51091059616309e-16,9,0,90
414,138.099999999996,6,2176.78793551122,0,0,12.4343900013966,0,0,0
414,138.099999999996,7,302.879176411285,0,0,0.3,0,0,0
414,138.199999999996,1,454.865126854213,-5.53024430287178e-11,0,0.105685667501173,5.02338181637676e-09,0,2.72334540497609e-06
414,138.199999999996,2,469,99.564705882354,0,3.67394039744206e-16,6,0,90
414,138.199999999996,3,465.330963854083,3.91999999999999,0,7.34788079488412e-17,1.2,0,90
414,138.199999999996,4,1175,99.7666666666666,0,7.9602041944578e-16,13,0,90
414,138.199999999996,5,2034,99.3869565217397,0,5.51091059616309e-16,9,0,90
414,138.199999999996,6,2178.03111451136,0,0,12.4291900013966,0,0,0
414,138.199999999996,7,302.879176411285,0,0,0.3,0,0,0
414,138.299999999996,1,454.865126854213,-5.53024430287178e-11,0,0.105685667501173,5.02338181637676e-09,0,2.72334540497609e-06
414,138.299999999996,2,469,99.564705882354,0,3.67394039744206e-16,6,0,90
414,138.299999999996,3,465.330963854083,3.91999999999999,0,7.34788079488412e-17,1.2,0,90
414,138.299999999996,4,1175,99.7666666666666,0,7.9602041944578e-16,13,0,90
414,138.299999999996,5,2034,99.3869565217397,0,5.51091059616309e-16,9,0,90
414,138.299999999996,6,2179.2737735115,0,0,12.4239900013966,0,0,0
414,138.299999999996,7,302.879176411285,0,0,0.3,0,0,0
414,138.399999999996,1,454.865126854213,-5.53024430287178e-11,0,0.105685667501173,5.02338181637676e-09,0,2.72334540497609e-06
414,138.399999999996,2,469,99.564705882354,0,3.67394039744206e-16,6,0,90
414,138.399999999996,3,465.330963854083,3.91999999999999,0,7.34788079488412e-17,1.2,0,90
414,138.399999999996,4,1175,99.7666666666666,0,7.9602041944578e-16,13,0,90
414,138.399999999996,5,2034,99.3869565217397,0,5.51091059616309e-16,9,0,90
414,138.399999999996,6,2180.51591251164,0,0,12.4187900013966,0,0,0
414,138.399999999996,7,302.879176411285,0,0,0.3,0,0,0
414,138.499999999996,1,454.865126854213,-5.53024430287178e-11,0,0.105685667501173,5.02338181637676e-09,0,2.72334540497609e-06
414,138.499999999996,2,469,99.564705882354,0,3.67394039744206e-16,6,0,90
414,138.499999999996,3,465.330963854083,3.91999999999999,0,7.34788079488412e-17,1.2,0,90
414,138.499999999996,4,1175,99.7666666666666,0,7.9602041944578e-16,13,0,90
414,138.499999999996,5,2034,99.3869565217397,0,5.51091059616309e-16,9,0,90
414,138.499999999996,6,2181.75753151178,0,0,12.4135900013966,0,0,0
414,138.499999999996,7,302.879176411285,0,0,0.3,0,0,0
414,138.599999999996,1,454.865126854213,-5.53024430287178e-11,0,0.105685667501173,5.02338181637676e-09,0,2.72334540497609e-06
414,138.599999999996,2,469,99.564705882354,0,3.67394039744206e-16,6,0,90
414,138.599999999996,3,465.330963854083,3.91999999999999,0,7.34788079488412e-17,1.2,0,90
414,138.599999999996,4,1175,99.7666666666666,0,7.9602041944578e-16,13,0,90
414,138.599999999996,5,2034,99.3869565217397,0,5.51091059616309e-16,9,0,90
414,138.599999999996,6,2182.99863051192,0,0,12.4083900013966,0,0,0
414,138.599999999996,7,302.879176411285,0,0,0.3,0,0,0
414,138.699999999996,1,454.865126854213,-5.53024430287178e-11,0,0.105685667501173,5.02338181637676e-09,0,2.72334540497609e-06
414,138.699999999996,2,469,99.564705882354,0,3.67394039744206e-16,6,0,90
414,138.699999999996,3,465.330963854083,3.91999999999999,0,7.34788079488412e-17,1.2,0,90
414,138.699999999996,4,1175,99.7666666666666,0,7.9602041944578e-16,13,0,90
414,138.699999999996,5,2034,99.3869565217397,0,5.51091059616309e-16,9,0,90
414,138.699999999996,6,2184.23920951206,0,0,12.4031900013966,0,0,0
414,138.699999999996,7,302.879176411285,0,0,0.3,0,0,0
414,138.799999999996,1,454.865126854213,-5.53024430287178e-11,0,0.105685667501173,5.02338181637676e-09,0,2.72334540497609e-06
414,138.799999999996,2,469,99.564705882354,0,3.67394039744206e-16,6,0,90
414,138.799999999996,3,465.330963854083,3.91999999999999,0,7.34788079488412e-17,1.2,0,90
414,138.799999999996,4,1175,99.7666666666666,0,7.9602041944578e-16,13,0,90
414,138.799999999996,5,2034,99.3869565217397,0,5.51091059616309e-16,9,0,90
414,138.799999999996,6,2185.4792685122,0,0,12.3979900013966,0,0,0
414,138.799999999996,7,302.879176411285,0,0,0.3,0,0,0
414,138.899999999996,1,454.865126854213,-5.53024430287178e-11,0,0.105685667501173,5.02338181637676e-09,0,2.72334540497609e-06
414,138.899999999996,2,469,99.564705882354,0,3.67394039744206e-16,6,0,90
414,138.899999999996,3,465.330963854083,3.91999999999999,0,7.34788079488412e-17,1.2,0,90
414,138.899999999996,4,1175,99.7666666666666,0,7.9602041944578e-16,13,0,90
414,138.899999999996,5,2034,99.3869565217397,0,5.51091059616309e-16,9,0,90
414,138.899999999996,6,2186.71880751234,0,0,12.3927900013966,0,0,0
414,138.899999999996,7,302.879176411285,0,0,0.3,0,0,0
414,138.999999999996,1,454.865126854213,-5.53024430287178e-11,0,0.105685667501173,5.02338181637676e-09,0,2.72334540497609e-06
414,138.999999999996,2,469,99.564705882354,0,3.67394039744206e-16,6,0,90
414,138.999999999996,3,465.330963854083,3.91999999999999,0,7.34788079488412e-17,1.2,0,90
414,138.999999999996,4,1175,99.7666666666666,0,7.9602041944578e-16,13,0,90
414,138.999999999996,5,2034,99.3869565217397,0,5.51091059616309e-16,9,0,90
414,138.999999999996,6,2187.95782651248,0,0,12.3875900013966,0,0,0
414,138.999999999996,7,302.879176411285,0,0,0.3,0,0,0
414,139.099999999996,1,454.865126854213,-5.53024430287178e-11,0,0.105685667501173,5.02338181637676e-09,0,2.72334540497609e-06
414,139.099999999996,2,469,99.564705882354,0,3.67394039744206e-16,6,0,90
414,139.099999999996,3,465.330963854083,3.91999999999999,0,7.34788079488412e-17,1.2,0,90
414,139.099999999996,4,1175,99.7666666666666,0,7.9602041944578e-16,13,0,90
414,139.099999999996,5,2034,99.3869565217397,0,5.51091059616309e-16,9,0,90
414,139.099999999996,6,2189.19632551262,0,0,12.3823900013966,0,0,0
414,139.099999999996,7,302.879176411285,0,0,0.3,0,0,0
414,139.199999999996,1,454.865126854213,-5.53024430287178e-11,0,0.105685667501173,5.02338181637676e-09,0,2.72334540497609e-06
414,139.199999999996,2,469,99.564705882354,0,3.67394039744206e-16,6,0,90
414,139.199999999996,3,465.330963854083,3.91999999999999,0,7.34788079488412e-17,1.2,0,90
414,139.199999999996,4,1175,99.7666666666666,0,7.9602041944578e-16,13,0,90
414,139.199999999996,5,2034,99.3869565217397,0,5.51091059616309e-16,9,0,90
414,139.199999999996,6,2190.43430451276,0,0,12.3771900013966,0,0,0
414,139.199999999996,7,302.879176411285,0,0,0.3,0,0,0
414,139.299999999996,1,454.865126854213,-5.53024430287178e-11,0,0.105685667501173,5.02338181637676e-09,0,2.72334540497609e-06
414,139.299999999996,2,469,99.564705882354,0,3.67394039744206e-16,6,0,90
414,139.299999999996,3,465.330963854083,3.91999999999999,0,7.34788079488412e-17,1.2,0,90
414,139.299999999996,4,1175,99.7666666666666,0,7.9602041944578e-16,13,0,90
414,139.299999999996,5,2034,99.3869565217397,0,5.51091059616309e-16,9,0,90
414,139.299999999996,6,2191.6717635129,0,0,12.3719900013966,0,0,0
414,139.299999999996,7,302.879176411285,0,0,0.3,0,0,0
414,139.399999999996,1,454.865126854213,-5.53024430287178e-11,0,0.105685667501173,5.02338181637676e-09,0,2.72334540497609e-06
414,139.399999999996,2,469,99.564705882354,0,3.67394039744206e-16,6,0,90
414,139.399999999996,3,465.330963854083,3.91999999999999,0,7.34788079488412e-17,1.2,0,90
414,139.399999999996,4,1175,99.7666666666666,0,7.9602041944578e-16,13,0,90
414,139.399999999996,5,2034,99.3869565217397,0,5.51091059616309e-16,9,0,90
414,139.399999999996,6,2192.90870251304,0,0,12.3667900013966,0,0,0
414,139.399999999996,7,302.879176411285,0,0,0.3,0,0,0
414,139.499999999996,1,454.865126854213,-5.53024430287178e-11,0,0.105685667501173,5.02338181637676e-09,0,2.72334540497609e-06
414,139.499999999996,2,469,99.564705882354,0,3.67394039744206e-16,6,0,90
414,139.499999999996,3,465.330963854083,3.91999999999999,0,7.34788079488412e-17,1.2,0,90
414,139.499999999996,4,1175,99.7666666666666,0,7.9602041944578e-16,13,0,90
414,139.499999999996,5,2034,99.3869565217397,0,5.51091059616309e-16,9,0,90
414,139.499999999996,6,2194.14512151318,0,0,12.3615900013966,0,0,0
414,139.499999999996,7,302.879176411285,0,0,0.3,0,0,0
414,139.599999999996,1,454.865126854213,-5.53024430287178e-11,0,0.105685667501173,5.02338181637676e-09,0,2.72334540497609e-06
414,139.599999999996,2,469,99.564705882354,0,3.67394039744206e-16,6,0,90
414,139.599999999996,3,465.330963854083,3.91999999999999,0,7.34788079488412e-17,1.2,0,90
414,139.599999999996,4,1175,99.7666666666666,0,7.9602041944578e-16,13,0,90
414,139.599999999996,5,2034,99.3869565217397,0,5.51091059616309e-16,9,0,90
414,139.599999999996,6,2195.38102051332,0,0,12.3563900013966,0,0,0
414,139.599999999996,7,302.879176411285,0,0,0.3,0,0,0
414,139.699999999996,1,454.865126854213,-5.53024430287178e-11,0,0.105685667501173,5.02338181637676e-09,0,2.72334540497609e-06
414,139.699999999996,2,469,99.564705882354,0,3.67394039744206e-16,6,0,90
414,139.699999999996,3,465.330963854083,3.91999999999999,0,7.34788079488412e-17,1.2,0,90
414,139.699999999996,4,1175,99.7666666666666,0,7.9602041944578e-16,13,0,90
414,139.699999999996,5,2034,99.3869565217397,0,5.51091059616309e-16,9,0,90
414,139.699999999996,6,2196.61639951346,0,0,12.3511900013966,0,0,0
414,139.699999999996,7,302.879176411285,0,0,0.3,0,0,0
414,139.799999999996,1,454.865126854213,-5.53024430287178e-11,0,0.105685667501173,5.02338181637676e-09,0,2.72334540497609e-06
414,139.799999999996,2,469,99.564705882354,0,3.67394039744206e-16,6,0,90
414,139.799999999996,3,465.330963854083,3.91999999999999,0,7.34788079488412e-17,1.2,0,90
414,139.799999999996,4,1175,99.7666666666666,0,7.9602041944578e-16,13,0,90
414,139.799999999996,5,2034,99.3869565217397,0,5.51091059616309e-16,9,0,90
414,139.799999999996,6,2197.8512585136,0,0,12.3459900013966,0,0,0
414,139.799999999996,7,302.879176411285,0,0,0.3,0,0,0
414,139.899999999996,1,454.865126854213,-5.53024430287178e-11,0,0.105685667501173,5.02338181637676e-09,0,2.72334540497609e-06
414,139.899999999996,2,469,99.564705882354,0,3.67394039744206e-16,6,0,90
414,139.899999999996,3,465.330963854083,3.91999999999999,0,7.34788079488412e-17,1.2,0,90
414,139.899999999996,4,1175,99.7666666666666,0,7.9602041944578e-16,13,0,90
414,139.899999999996,5,2034,99.3869565217397,0,5.51091059616309e-16,9,0,90
414,139.899999999996,6,2199.08559751374,0,0,12.3407900013966,0,0,0
414,139.899999999996,7,302.879176411285,0,0,0.3,0,0,0
414,139.999999999996,1,454.865126854213,-5.53024430287178e-11,0,0.105685667501173,5.02338181637676e-09,0,2.72334540497609e-06
414,139.999999999996,2,469,99.564705882354,0,3.67394039744206e-16,6,0,90
414,139.999999999996,3,465.330963854083,3.91999999999999,0,7.34788079488412e-17,1.2,0,90
414,139.999999999996,4,1175,99.7666666666666,0,7.9602041944578e-16,13,0,90
414,139.999999999996,5,2034,99.3869565217397,0,5.51091059616309e-16,9,0,90
414,139.999999999996,6,2200.31941651388,0,0,12.3355900013966,0,0,0
414,139.999999999996,7,302.879176411285,0,0,0.3,0,0,0
414,140.099999999996,1,454.865126854213,-5.53024430287178e-11,0,0.105685667501173,5.02338181637676e-09,0,2.72334540497609e-06
414,140.099999999996,2,469,99.564705882354,0,3.67394039744206e-16,6,0,90
414,140.099999999996,3,465.330963854083,3.91999999999999,0,7.34788079488412e-17,1.2,0,90
414,140.099999999996,4,1175,99.7666666666666,0,7.9602041944578e-16,13,0,90
414,140.099999999996,5,2034,99.3869565217397,0,5.51091059616309e-16,9,0,90
414,140.099999999996,6,2201.55271551402,0,0,12.3303900013966,0,0,0
414,140.099999999996,7,302.879176411285,0,0,0.3,0,0,0
414,140.199999999996,1,454.865126854213,-5.53024430287178e-11,0,0.105685667501173,5.02338181637676e-09,0,2.72334540497609e-06
414,140.199999999996,2,469,99.564705882354,0,3.67394039744206e-16,6,0,90
414,140.199999999996,3,465.330963854083,3.91999999999999,0,7.34788079488412e-17,1.2,0,90
414,140.199999999996,4,1175,99.7666666666666,0,7.9602041944578e-16,13,0,90
414,140.199999999996,5,2034,99.3869565217397,0,5.51091059616309e-16,9,0,90
414,140.199999999996,6,2202.78549451416,0,0,12.3251900013966,0,0,0
414,140.199999999996,7,302.879176411285,0,0,0.3,0,0,0
414,140.299999999996,1,454.865126854213,-5.53024430287178e-11,0,0.105685667501173,5.02338181637676e-09,0,2.72334540497609e-06
414,140.299999999996,2,469,99.564705882354,0,3.67394039744206e-16,6,0,90
414,140.299999999996,3,465.330963854083,3.91999999999999,0,7.34788079488412e-17,1.2,0,90
414,140.299999999996,4,1175,99.7666666666666,0,7.9602041944578e-16,13,0,90
414,140.299999999996,5,2034,99.3869565217397,0,5.51091059616309e-16,9,0,90
414,140.299999999996,6,2204.0177535143,0,0,12.3199900013966,0,0,0
414,140.299999999996,7,302.879176411285,0,0,0.3,0,0,0
414,140.399999999996,1,454.865126854213,-5.53024430287178e-11,0,0.105685667501173,5.02338181637676e-09,0,2.72334540497609e-06
414,140.399999999996,2,469,99.564705882354,0,3.67394039744206e-16,6,0,90
414,140.399999999996,3,465.330963854083,3.91999999999999,0,7.34788079488412e-17,1.2,0,90
414,140.399999999996,4,1175,99.7666666666666,0,7.9602041944578e-16,13,0,90
414,140.399999999996,5,2034,99.3869565217397,0,5.51091059616309e-16,9,0,90
414,140.399999999996,6,2205.24949251443,0,0,12.3147900013966,0,0,0
414,140.399999999996,7,302.879176411285,0,0,0.3,0,0,0
414,140.499999999996,1,454.865126854213,-5.53024430287178e-11,0,0.105685667501173,5.02338181637676e-09,0,2.72334540497609e-06
414,140.499999999996,2,469,99.564705882354,0,3.67394039744206e-16,6,0,90
414,140.499999999996,3,465.330963854083,3.91999999999999,0,7.34788079488412e-17,1.2,0,90
414,140.499999999996,4,1175,99.7666666666666,0,7.9602041944578e-16,13,0,90
414,140.499999999996,5,2034,99.3869565217397,0,5.51091059616309e-16,9,0,90
414,140.499999999996,6,2206.48071151457,0,0,12.3095900013966,0,0,0
414,140.499999999996,7,302.879176411285,0,0,0.3,0,0,0
414,140.599999999996,1,454.865126854213,-5.53024430287178e-11,0,0.105685667501173,5.02338181637676e-09,0,2.72334540497609e-06
414,140.599999999996,2,469,99.564705882354,0,3.67394039744206e-16,6,0,90
414,140.599999999996,3,465.330963854083,3.91999999999999,0,7.34788079488412e-17,1.2,0,90
414,140.599999999996,4,1175,99.7666666666666,0,7.9602041944578e-16,13,0,90
414,140.599999999996,5,2034,99.3869565217397,0,5.51091059616309e-16,9,0,90
414,140.599999999996,6,2207.71141051471,0,0,12.3043900013966,0,0,0
414,140.599999999996,7,302.879176411285,0,0,0.3,0,0,0
414,140.699999999996,1,454.865126854213,-5.53024430287178e-11,0,0.105685667501173,5.02338181637676e-09,0,2.72334540497609e-06
414,140.699999999996,2,469,99.564705882354,0,3.67394039744206e-16,6,0,90
414,140.699999999996,3,465.330963854083,3.91999999999999,0,7.34788079488412e-17,1.2,0,90
414,140.699999999996,4,1175,99.7666666666666,0,7.9602041944578e-16,13,0,90
414,140.699999999996,5,2034,99.3869565217397,0,5.51091059616309e-16,9,0,90
414,140.699999999996,6,2208.94158951485,0,0,12.2991900013966,0,0,0
414,140.699999999996,7,302.879176411285,0,0,0.3,0,0,0
414,140.799999999996,1,454.865126854213,-5.53024430287178e-11,0,0.105685667501173,5.02338181637676e-09,0,2.72334540497609e-06
414,140.799999999996,2,469,99.564705882354,0,3.67394039744206e-16,6,0,90
414,140.799999999996,3,465.330963854083,3.91999999999999,0,7.34788079488412e-17,1.2,0,90
414,140.799999999996,4,1175,99.7666666666666,0,7.9602041944578e-16,13,0,90
414,140.799999999996,5,2034,99.3869565217397,0,5.51091059616309e-16,9,0,90
414,140.799999999996,6,2210.17124851499,0,0,12.2939900013966,0,0,0
414,140.799999999996,7,302.879176411285,0,0,0.3,0,0,0
414,140.899999999996,1,454.865126854213,-5.53024430287178e-11,0,0.105685667501173,5.02338181637676e-09,0,2.72334540497609e-06
414,140.899999999996,2,469,99.564705882354,0,3.67394039744206e-16,6,0,90
414,140.899999999996,3,465.330963854083,3.91999999999999,0,7.34788079488412e-17,1.2,0,90
414,140.899999999996,4,1175,99.7666666666666,0,7.9602041944578e-16,13,0,90
414,140.899999999996,5,2034,99.3869565217397,0,5.51091059616309e-16,9,0,90
414,140.899999999996,6,2211.40038751513,0,0,12.2887900013966,0,0,0
414,140.899999999996,7,302.879176411285,0,0,0.3,0,0,0
414,140.999999999996,1,454.865126854213,-5.53024430287178e-11,0,0.105685667501173,5.02338181637676e-09,0,2.72334540497609e-06
414,140.999999999996,2,469,99.564705882354,0,3.67394039744206e-16,6,0,90
414,140.999999999996,3,465.330963854083,3.91999999999999,0,7.34788079488412e-17,1.2,0,90
414,140.999999999996,4,1175,99.7666666666666,0,7.9602041944578e-16,13,0,90
414,140.999999999996,5,2034,99.3869565217397,0,5.51091059616309e-16,9,0,90
414,140.999999999996,6,2212.62900651527,0,0,12.2835900013966,0,0,0
414,140.999999999996,7,302.879176411285,0,0,0.3,0,0,0
414,141.099999999996,1,454.865126854213,-5.53024430287178e-11,0,0.105685667501173,5.02338181637676e-09,0,2.72334540497609e-06
414,141.099999999996,2,469,99.564705882354,0,3.67394039744206e-16,6,0,90
414,141.099999999996,3,465.330963854083,3.91999999999999,0,7.34788079488412e-17,1.2,0,90
414,141.099999999996,4,1175,99.7666666666666,0,7.9602041944578e-16,13,0,90
414,141.099999999996,5,2034,99.3869565217397,0,5.51091059616309e-16,9,0,90
414,141.099999999996,6,2213.85710551541,0,0,12.2783900013966,0,0,0
414,141.099999999996,7,302.879176411285,0,0,0.3,0,0,0
414,141.199999999996,1,454.865126854213,-5.53024430287178e-11,0,0.105685667501173,5.02338181637676e-09,0,2.72334540497609e-06
414,141.199999999996,2,469,99.564705882354,0,3.67394039744206e-16,6,0,90
414,141.199999999996,3,465.330963854083,3.91999999999999,0,7.34788079488412e-17,1.2,0,90
414,141.199999999996,4,1175,99.7666666666666,0,7.9602041944578e-16,13,0,90
414,141.199999999996,5,2034,99.3869565217397,0,5.51091059616309e-16,9,0,90
414,141.199999999996,6,2215.08468451555,0,0,12.2731900013966,0,0,0
414,141.199999999996,7,302.879176411285,0,0,0.3,0,0,0
414,141.299999999996,1,454.865126854213,-5.53024430287178e-11,0,0.105685667501173,5.02338181637676e-09,0,2.72334540497609e-06
414,141.299999999996,2,469,99.564705882354,0,3.67394039744206e-16,6,0,90
414,141.299999999996,3,465.330963854083,3.91999999999999,0,7.34788079488412e-17,1.2,0,90
414,141.299999999996,4,1175,99.7666666666666,0,7.9602041944578e-16,13,0,90
414,141.299999999996,5,2034,99.3869565217397,0,5.51091059616309e-16,9,0,90
414,141.299999999996,6,2216.31174351569,0,0,12.2679900013966,0,0,0
414,141.299999999996,7,302.879176411285,0,0,0.3,0,0,0
414,141.399999999996,1,454.865126854213,-5.53024430287178e-11,0,0.105685667501173,5.02338181637676e-09,0,2.72334540497609e-06
414,141.399999999996,2,469,99.564705882354,0,3.67394039744206e-16,6,0,90
414,141.399999999996,3,465.330963854083,3.91999999999999,0,7.34788079488412e-17,1.2,0,90
414,141.399999999996,4,1175,99.7666666666666,0,7.9602041944578e-16,13,0,90
414,141.399999999996,5,2034,99.3869565217397,0,5.51091059616309e-16,9,0,90
414,141.399999999996,6,2217.53828251583,0,0,12.2627900013966,0,0,0
414,141.399999999996,7,302.879176411285,0,0,0.3,0,0,0
414,141.499999999996,1,454.865126854213,-5.53024430287178e-11,0,0.105685667501173,5.02338181637676e-09,0,2.72334540497609e-06
414,141.499999999996,2,469,99.564705882354,0,3.67394039744206e-16,6,0,90
414,141.499999999996,3,465.330963854083,3.91999999999999,0,7.34788079488412e-17,1.2,0,90
414,141.499999999996,4,1175,99.7666666666666,0,7.9602041944578e-16,13,0,90
414,141.499999999996,5,2034,99.3869565217397,0,5.51091059616309e-16,9,0,90
414,141.499999999996,6,2218.76430151597,0,0,12.2575900013966,0,0,0
414,141.499999999996,7,302.879176411285,0,0,0.3,0,0,0
414,141.599999999996,1,454.865126854213,-5.53024430287178e-11,0,0.105685667501173,5.02338181637676e-09,0,2.72334540497609e-06
414,141.599999999996,2,469,99.564705882354,0,3.67394039744206e-16,6,0,90
414,141.599999999996,3,465.330963854083,3.91999999999999,0,7.34788079488412e-17,1.2,0,90
414,141.599999999996,4,1175,99.7666666666666,0,7.9602041944578e-16,13,0,90
414,141.599999999996,5,2034,99.3869565217397,0,5.51091059616309e-16,9,0,90
414,141.599999999996,6,2219.98980051611,0,0,12.2523900013966,0,0,0
414,141.599999999996,7,302.879176411285,0,0,0.3,0,0,0
414,141.699999999996,1,454.865126854213,-5.53024430287178e-11,0,0.105685667501173,5.02338181637676e-09,0,2.72334540497609e-06
414,141.699999999996,2,469,99.564705882354,0,3.67394039744206e-16,6,0,90
414,141.699999999996,3,465.330963854083,3.91999999999999,0,7.34788079488412e-17,1.2,0,90
414,141.699999999996,4,1175,99.7666666666666,0,7.9602041944578e-16,13,0,90
414,141.699999999996,5,2034,99.3869565217397,0,5.51091059616309e-16,9,0,90
414,141.699999999996,6,2221.21477951625,0,0,12.2471900013966,0,0,0
414,141.699999999996,7,302.879176411285,0,0,0.3,0,0,0
414,141.799999999996,1,454.865126854213,-5.53024430287178e-11,0,0.105685667501173,5.02338181637676e-09,0,2.72334540497609e-06
414,141.799999999996,2,469,99.564705882354,0,3.67394039744206e-16,6,0,90
414,141.799999999996,3,465.330963854083,3.91999999999999,0,7.34788079488412e-17,1.2,0,90
414,141.799999999996,4,1175,99.7666666666666,0,7.9602041944578e-16,13,0,90
414,141.799999999996,5,2034,99.3869565217397,0,5.51091059616309e-16,9,0,90
414,141.799999999996,6,2222.43923851639,0,0,12.2419900013966,0,0,0
414,141.799999999996,7,302.879176411285,0,0,0.3,0,0,0
414,141.899999999996,1,454.865126854213,-5.53024430287178e-11,0,0.105685667501173,5.02338181637676e-09,0,2.72334540497609e-06
414,141.899999999996,2,469,99.564705882354,0,3.67394039744206e-16,6,0,90
414,141.899999999996,3,465.330963854083,3.91999999999999,0,7.34788079488412e-17,1.2,0,90
414,141.899999999996,4,1175,99.7666666666666,0,7.9602041944578e-16,13,0,90
414,141.899999999996,5,2034,99.3869565217397,0,5.51091059616309e-16,9,0,90
414,141.899999999996,6,2223.66317751653,0,0,12.2367900013966,0,0,0
414,141.899999999996,7,302.879176411285,0,0,0.3,0,0,0
414,141.999999999996,1,454.865126854213,-5.53024430287178e-11,0,0.105685667501173,5.02338181637676e-09,0,2.72334540497609e-06
414,141.999999999996,2,469,99.564705882354,0,3.67394039744206e-16,6,0,90
414,141.999999999996,3,465.330963854083,3.91999999999999,0,7.34788079488412e-17,1.2,0,90
414,141.999999999996,4,1175,99.7666666666666,0,7.9602041944578e-16,13,0,90
414,141.999999999996,5,2034,99.3869565217397,0,5.51091059616309e-16,9,0,90
414,141.999999999996,6,2224.88659651667,0,0,12.2315900013967,0,0,0
414,141.999999999996,7,302.879176411285,0,0,0.3,0,0,0
414,142.099999999996,1,454.865126854213,-5.53024430287178e-11,0,0.105685667501173,5.02338181637676e-09,0,2.72334540497609e-06
414,142.099999999996,2,469,99.564705882354,0,3.67394039744206e-16,6,0,90
414,142.099999999996,3,465.330963854083,3.91999999999999,0,7.34788079488412e-17,1.2,0,90
414,142.099999999996,4,1175,99.7666666666666,0,7.9602041944578e-16,13,0,90
414,142.099999999996,5,2034,99.3869565217397,0,5.51091059616309e-16,9,0,90
414,142.099999999996,6,2226.10949551681,0,0,12.2263900013967,0,0,0
414,142.099999999996,7,302.879176411285,0,0,0.3,0,0,0
414,142.199999999996,1,454.865126854213,-5.53024430287178e-11,0,0.105685667501173,5.02338181637676e-09,0,2.72334540497609e-06
414,142.199999999996,2,469,99.564705882354,0,3.67394039744206e-16,6,0,90
414,142.199999999996,3,465.330963854083,3.91999999999999,0,7.34788079488412e-17,1.2,0,90
414,142.199999999996,4,1175,99.7666666666666,0,7.9602041944578e-16,13,0,90
414,142.199999999996,5,2034,99.3869565217397,0,5.51091059616309e-16,9,0,90
414,142.199999999996,6,2227.33187451695,0,0,12.2211900013966,0,0,0
414,142.199999999996,7,302.879176411285,0,0,0.3,0,0,0
414,142.299999999996,1,454.865126854213,-5.53024430287178e-11,0,0.105685667501173,5.02338181637676e-09,0,2.72334540497609e-06
414,142.299999999996,2,469,99.564705882354,0,3.67394039744206e-16,6,0,90
414,142.299999999996,3,465.330963854083,3.91999999999999,0,7.34788079488412e-17,1.2,0,90
414,142.299999999996,4,1175,99.7666666666666,0,7.9602041944578e-16,13,0,90
414,142.299999999996,5,2034,99.3869565217397,0,5.51091059616309e-16,9,0,90
414,142.299999999996,6,2228.55373351709,0,0,12.2159900013967,0,0,0
414,142.299999999996,7,302.879176411285,0,0,0.3,0,0,0
414,142.399999999996,1,454.865126854213,-5.53024430287178e-11,0,0.105685667501173,5.02338181637676e-09,0,2.72334540497609e-06
414,142.399999999996,2,469,99.564705882354,0,3.67394039744206e-16,6,0,90
414,142.399999999996,3,465.330963854083,3.91999999999999,0,7.34788079488412e-17,1.2,0,90
414,142.399999999996,4,1175,99.7666666666666,0,7.9602041944578e-16,13,0,90
414,142.399999999996,5,2034,99.3869565217397,0,5.51091059616309e-16,9,0,90
414,142.399999999996,6,2229.77507251723,0,0,12.2107900013967,0,0,0
414,142.399999999996,7,302.879176411285,0,0,0.3,0,0,0
414,142.499999999996,1,454.865126854213,-5.53024430287178e-11,0,0.105685667501173,5.02338181637676e-09,0,2.72334540497609e-06
414,142.499999999996,2,469,99.564705882354,0,3.67394039744206e-16,6,0,90
414,142.499999999996,3,465.330963854083,3.91999999999999,0,7.34788079488412e-17,1.2,0,90
414,142.499999999996,4,1175,99.7666666666666,0,7.9602041944578e-16,13,0,90
414,142.499999999996,5,2034,99.3869565217397,0,5.51091059616309e-16,9,0,90
414,142.499999999996,6,2230.99589151737,0,0,12.2055900013967,0,0,0
414,142.499999999996,7,302.879176411285,0,0,0.3,0,0,0
414,142.599999999996,1,454.865126854213,-5.53024430287178e-11,0,0.105685667501173,5.02338181637676e-09,0,2.72334540497609e-06
414,142.599999999996,2,469,99.564705882354,0,3.67394039744206e-16,6,0,90
414,142.599999999996,3,465.330963854083,3.91999999999999,0,7.34788079488412e-17,1.2,0,90
414,142.599999999996,4,1175,99.7666666666666,0,7.9602041944578e-16,13,0,90
414,142.599999999996,5,2034,99.3869565217397,0,5.51091059616309e-16,9,0,90
414,142.599999999996,6,2232.21619051751,0,0,12.2003900013967,0,0,0
414,142.599999999996,7,302.879176411285,0,0,0.3,0,0,0
414,142.699999999996,1,454.865126854213,-5.53024430287178e-11,0,0.105685667501173,5.02338181637676e-09,0,2.72334540497609e-06
414,142.699999999996,2,469,99.564705882354,0,3.67394039744206e-16,6,0,90
414,142.699999999996,3,465.330963854083,3.91999999999999,0,7.34788079488412e-17,1.2,0,90
414,142.699999999996,4,1175,99.7666666666666,0,7.9602041944578e-16,13,0,90
414,142.699999999996,5,2034,99.3869565217397,0,5.51091059616309e-16,9,0,90
414,142.699999999996,6,2233.43596951765,0,0,12.1951900013967,0,0,0
414,142.699999999996,7,302.879176411285,0,0,0.3,0,0,0
414,142.799999999996,1,454.865126854213,-5.53024430287178e-11,0,0.105685667501173,5.02338181637676e-09,0,2.72334540497609e-06
414,142.799999999996,2,469,99.564705882354,0,3.67394039744206e-16,6,0,90
414,142.799999999996,3,465.330963854083,3.91999999999999,0,7.34788079488412e-17,1.2,0,90
414,142.799999999996,4,1175,99.7666666666666,0,7.9602041944578e-16,13,0,90
414,142.799999999996,5,2034,99.3869565217397,0,5.51091059616309e-16,9,0,90
414,142.799999999996,6,2234.65522851778,0,0,12.1899900013967,0,0,0
414,142.799999999996,7,302.879176411285,0,0,0.3,0,0,0
414,142.899999999996,1,454.865126854213,-5.53024430287178e-11,0,0.105685667501173,5.02338181637676e-09,0,2.72334540497609e-06
414,142.899999999996,2,469,99.564705882354,0,3.67394039744206e-16,6,0,90
414,142.899999999996,3,465.330963854083,3.91999999999999,0,7.34788079488412e-17,1.2,0,90
414,142.899999999996,4,1175,99.7666666666666,0,7.9602041944578e-16,13,0,90
414,142.899999999996,5,2034,99.3869565217397,0,5.51091059616309e-16,9,0,90
414,142.899999999996,6,2235.87396751792,0,0,12.1847900013967,0,0,0
414,142.899999999996,7,302.879176411285,0,0,0.3,0,0,0
414,142.999999999996,1,454.865126854213,-5.53024430287178e-11,0,0.105685667501173,5.02338181637676e-09,0,2.72334540497609e-06
414,142.999999999996,2,469,99.564705882354,0,3.67394039744206e-16,6,0,90
414,142.999999999996,3,465.330963854083,3.91999999999999,0,7.34788079488412e-17,1.2,0,90
414,142.999999999996,4,1175,99.7666666666666,0,7.9602041944578e-16,13,0,90
414,142.999999999996,5,2034,99.3869565217397,0,5.51091059616309e-16,9,0,90
414,142.999999999996,6,2237.09218651806,0,0,12.1795900013967,0,0,0
414,142.999999999996,7,302.879176411285,0,0,0.3,0,0,0
414,143.099999999996,1,454.865126854213,-5.53024430287178e-11,0,0.105685667501173,5.02338181637676e-09,0,2.72334540497609e-06
414,143.099999999996,2,469,99.564705882354,0,3.67394039744206e-16,6,0,90
414,143.099999999996,3,465.330963854083,3.91999999999999,0,7.34788079488412e-17,1.2,0,90
414,143.099999999996,4,1175,99.7666666666666,0,7.9602041944578e-16,13,0,90
414,143.099999999996,5,2034,99.3869565217397,0,5.51091059616309e-16,9,0,90
414,143.099999999996,6,2238.3098855182,0,0,12.1743900013967,0,0,0
414,143.099999999996,7,302.879176411285,0,0,0.3,0,0,0
414,143.199999999996,1,454.865126854213,-5.53024430287178e-11,0,0.105685667501173,5.02338181637676e-09,0,2.72334540497609e-06
414,143.199999999996,2,469,99.564705882354,0,3.67394039744206e-16,6,0,90
414,143.199999999996,3,465.330963854083,3.91999999999999,0,7.34788079488412e-17,1.2,0,90
414,143.199999999996,4,1175,99.7666666666666,0,7.9602041944578e-16,13,0,90
414,143.199999999996,5,2034,99.3869565217397,0,5.51091059616309e-16,9,0,90
414,143.199999999996,6,2239.52706451834,0,0,12.1691900013967,0,0,0
414,143.199999999996,7,302.879176411285,0,0,0.3,0,0,0
414,143.299999999996,1,454.865126854213,-5.53024430287178e-11,0,0.105685667501173,5.02338181637676e-09,0,2.72334540497609e-06
414,143.299999999996,2,469,99.564705882354,0,3.67394039744206e-16,6,0,90
414,143.299999999996,3,465.330963854083,3.91999999999999,0,7.34788079488412e-17,1.2,0,90
414,143.299999999996,4,1175,99.7666666666666,0,7.9602041944578e-16,13,0,90
414,143.299999999996,5,2034,99.3869565217397,0,5.51091059616309e-16,9,0,90
414,143.299999999996,6,2240.74372351848,0,0,12.1639900013967,0,0,0
414,143.299999999996,7,302.879176411285,0,0,0.3,0,0,0
414,143.399999999996,1,454.865126854213,-5.53024430287178e-11,0,0.105685667501173,5.02338181637676e-09,0,2.72334540497609e-06
414,143.399999999996,2,469,99.564705882354,0,3.67394039744206e-16,6,0,90
414,143.399999999996,3,465.330963854083,3.91999999999999,0,7.34788079488412e-17,1.2,0,90
414,143.399999999996,4,1175,99.7666666666666,0,7.9602041944578e-16,13,0,90
414,143.399999999996,5,2034,99.3869565217397,0,5.51091059616309e-16,9,0,90
414,143.399999999996,6,2241.95986251862,0,0,12.1587900013967,0,0,0
414,143.399999999996,7,302.879176411285,0,0,0.3,0,0,0
414,143.499999999996,1,454.865126854213,-5.53024430287178e-11,0,0.105685667501173,5.02338181637676e-09,0,2.72334540497609e-06
414,143.499999999996,2,469,99.564705882354,0,3.67394039744206e-16,6,0,90
414,143.499999999996,3,465.330963854083,3.91999999999999,0,7.34788079488412e-17,1.2,0,90
414,143.499999999996,4,1175,99.7666666666666,0,7.9602041944578e-16,13,0,90
414,143.499999999996,5,2034,99.3869565217397,0,5.51091059616309e-16,9,0,90
414,143.499999999996,6,2243.17548151876,0,0,12.1535900013967,0,0,0
414,143.499999999996,7,302.879176411285,0,0,0.3,0,0,0
414,143.599999999996,1,454.865126854213,-5.53024430287178e-11,0,0.105685667501173,5.02338181637676e-09,0,2.72334540497609e-06
414,143.599999999996,2,469,99.564705882354,0,3.67394039744206e-16,6,0,90
414,143.599999999996,3,465.330963854083,3.91999999999999,0,7.34788079488412e-17,1.2,0,90
414,143.599999999996,4,1175,99.7666666666666,0,7.9602041944578e-16,13,0,90
414,143.599999999996,5,2034,99.3869565217397,0,5.51091059616309e-16,9,0,90
414,143.599999999996,6,2244.3905805189,0,0,12.1483900013967,0,0,0
414,143.599999999996,7,302.879176411285,0,0,0.3,0,0,0
414,143.699999999996,1,454.865126854213,-5.53024430287178e-11,0,0.105685667501173,5.02338181637676e-09,0,2.72334540497609e-06
414,143.699999999996,2,469,99.564705882354,0,3.67394039744206e-16,6,0,90
414,143.699999999996,3,465.330963854083,3.91999999999999,0,7.34788079488412e-17,1.2,0,90
414,143.699999999996,4,1175,99.7666666666666,0,7.9602041944578e-16,13,0,90
414,143.699999999996,5,2034,99.3869565217397,0,5.51091059616309e-16,9,0,90
414,143.699999999996,6,2245.60515951904,0,0,12.1431900013967,0,0,0
414,143.699999999996,7,302.879176411285,0,0,0.3,0,0,0
414,143.799999999996,1,454.865126854213,-5.53024430287178e-11,0,0.105685667501173,5.02338181637676e-09,0,2.72334540497609e-06
414,143.799999999996,2,469,99.564705882354,0,3.67394039744206e-16,6,0,90
414,143.799999999996,3,465.330963854083,3.91999999999999,0,7.34788079488412e-17,1.2,0,90
414,143.799999999996,4,1175,99.7666666666666,0,7.9602041944578e-16,13,0,90
414,143.799999999996,5,2034,99.3869565217397,0,5.51091059616309e-16,9,0,90
414,143.799999999996,6,2246.81921851918,0,0,12.1379900013967,0,0,0
414,143.799999999996,7,302.879176411285,0,0,0.3,0,0,0
414,143.899999999996,1,454.865126854213,-5.53024430287178e-11,0,0.105685667501173,5.02338181637676e-09,0,2.72334540497609e-06
414,143.899999999996,2,469,99.564705882354,0,3.67394039744206e-16,6,0,90
414,143.899999999996,3,465.330963854083,3.91999999999999,0,7.34788079488412e-17,1.2,0,90
414,143.899999999996,4,1175,99.7666666666666,0,7.9602041944578e-16,13,0,90
414,143.899999999996,5,2034,99.3869565217397,0,5.51091059616309e-16,9,0,90
414,143.899999999996,6,2248.03275751932,0,0,12.1327900013967,0,0,0
414,143.899999999996,7,302.879176411285,0,0,0.3,0,0,0
414,143.999999999996,1,454.865126854213,-5.53024430287178e-11,0,0.105685667501173,5.02338181637676e-09,0,2.72334540497609e-06
414,143.999999999996,2,469,99.564705882354,0,3.67394039744206e-16,6,0,90
414,143.999999999996,3,465.330963854083,3.91999999999999,0,7.34788079488412e-17,1.2,0,90
414,143.999999999996,4,1175,99.7666666666666,0,7.9602041944578e-16,13,0,90
414,143.999999999996,5,2034,99.3869565217397,0,5.51091059616309e-16,9,0,90
414,143.999999999996,6,2249.24577651946,0,0,12.1275900013967,0,0,0
414,143.999999999996,7,302.879176411285,0,0,0.3,0,0,0
414,144.099999999996,1,454.865126854213,-5.53024430287178e-11,0,0.105685667501173,5.02338181637676e-09,0,2.72334540497609e-06
414,144.099999999996,2,469,99.564705882354,0,3.67394039744206e-16,6,0,90
414,144.099999999996,3,465.330963854083,3.91999999999999,0,7.34788079488412e-17,1.2,0,90
414,144.099999999996,4,1175,99.7666666666666,0,7.9602041944578e-16,13,0,90
414,144.099999999996,5,2034,99.3869565217397,0,5.51091059616309e-16,9,0,90
414,144.099999999996,6,2250.4582755196,0,0,12.1223900013967,0,0,0
414,144.099999999996,7,302.879176411285,0,0,0.3,0,0,0
414,144.199999999996,1,454.865126854213,-5.53024430287178e-11,0,0.105685667501173,5.02338181637676e-09,0,2.72334540497609e-06
414,144.199999999996,2,469,99.564705882354,0,3.67394039744206e-16,6,0,90
414,144.199999999996,3,465.330963854083,3.91999999999999,0,7.34788079488412e-17,1.2,0,90
414,144.199999999996,4,1175,99.7666666666666,0,7.9602041944578e-16,13,0,90
414,144.199999999996,5,2034,99.3869565217397,0,5.51091059616309e-16,9,0,90
414,144.199999999996,6,2251.67025451974,0,0,12.1171900013967,0,0,0
414,144.199999999996,7,302.879176411285,0,0,0.3,0,0,0
414,144.299999999996,1,454.865126854213,-5.53024430287178e-11,0,0.105685667501173,5.02338181637676e-09,0,2.72334540497609e-06
414,144.299999999996,2,469,99.564705882354,0,3.67394039744206e-16,6,0,90
414,144.299999999996,3,465.330963854083,3.91999999999999,0,7.34788079488412e-17,1.2,0,90
414,144.299999999996,4,1175,99.7666666666666,0,7.9602041944578e-16,13,0,90
414,144.299999999996,5,2034,99.3869565217397,0,5.51091059616309e-16,9,0,90
414,144.299999999996,6,2252.88171351988,0,0,12.1119900013967,0,0,0
414,144.299999999996,7,302.879176411285,0,0,0.3,0,0,0
414,144.399999999996,1,454.865126854213,-5.53024430287178e-11,0,0.105685667501173,5.02338181637676e-09,0,2.72334540497609e-06
414,144.399999999996,2,469,99.564705882354,0,3.67394039744206e-16,6,0,90
414,144.399999999996,3,465.330963854083,3.91999999999999,0,7.34788079488412e-17,1.2,0,90
414,144.399999999996,4,1175,99.7666666666666,0,7.9602041944578e-16,13,0,90
414,144.399999999996,5,2034,99.3869565217397,0,5.51091059616309e-16,9,0,90
414,144.399999999996,6,2254.09265252002,0,0,12.1067900013967,0,0,0
414,144.399999999996,7,302.879176411285,0,0,0.3,0,0,0
414,144.499999999996,1,454.865126854213,-5.53024430287178e-11,0,0.105685667501173,5.02338181637676e-09,0,2.72334540497609e-06
414,144.499999999996,2,469,99.564705882354,0,3.67394039744206e-16,6,0,90
414,144.499999999996,3,465.330963854083,3.91999999999999,0,7.34788079488412e-17,1.2,0,90
414,144.499999999996,4,1175,99.7666666666666,0,7.9602041944578e-16,13,0,90
414,144.499999999996,5,2034,99.3869565217397,0,5.51091059616309e-16,9,0,90
414,144.499999999996,6,2255.30307152016,0,0,12.1015900013967,0,0,0
414,144.499999999996,7,302.879176411285,0,0,0.3,0,0,0
414,144.599999999996,1,454.865126854213,-5.53024430287178e-11,0,0.105685667501173,5.02338181637676e-09,0,2.72334540497609e-06
414,144.599999999996,2,469,99.564705882354,0,3.67394039744206e-16,6,0,90
414,144.599999999996,3,465.330963854083,3.91999999999999,0,7.34788079488412e-17,1.2,0,90
414,144.599999999996,4,1175,99.7666666666666,0,7.9602041944578e-16,13,0,90
414,144.599999999996,5,2034,99.3869565217397,0,5.51091059616309e-16,9,0,90
414,144.599999999996,6,2256.5129705203,0,0,12.0963900013967,0,0,0
414,144.599999999996,7,302.879176411285,0,0,0.3,0,0,0
414,144.699999999996,1,454.865126854213,-5.53024430287178e-11,0,0.105685667501173,5.02338181637676e-09,0,2.72334540497609e-06
414,144.699999999996,2,469,99.564705882354,0,3.67394039744206e-16,6,0,90
414,144.699999999996,3,465.330963854083,3.91999999999999,0,7.34788079488412e-17,1.2,0,90
414,144.699999999996,4,1175,99.7666666666666,0,7.9602041944578e-16,13,0,90
414,144.699999999996,5,2034,99.3869565217397,0,5.51091059616309e-16,9,0,90
414,144.699999999996,6,2257.72234952044,0,0,12.0911900013967,0,0,0
414,144.699999999996,7,302.879176411285,0,0,0.3,0,0,0
414,144.799999999996,1,454.865126854213,-5.53024430287178e-11,0,0.105685667501173,5.02338181637676e-09,0,2.72334540497609e-06
414,144.799999999996,2,469,99.564705882354,0,3.67394039744206e-16,6,0,90
414,144.799999999996,3,465.330963854083,3.91999999999999,0,7.34788079488412e-17,1.2,0,90
414,144.799999999996,4,1175,99.7666666666666,0,7.9602041944578e-16,13,0,90
414,144.799999999996,5,2034,99.3869565217397,0,5.51091059616309e-16,9,0,90
414,144.799999999996,6,2258.93120852058,0,0,12.0859900013967,0,0,0
414,144.799999999996,7,302.879176411285,0,0,0.3,0,0,0
414,144.899999999996,1,454.865126854213,-5.53024430287178e-11,0,0.105685667501173,5.02338181637676e-09,0,2.72334540497609e-06
414,144.899999999996,2,469,99.564705882354,0,3.67394039744206e-16,6,0,90
414,144.899999999996,3,465.330963854083,3.91999999999999,0,7.34788079488412e-17,1.2,0,90
414,144.899999999996,4,1175,99.7666666666666,0,7.9602041944578e-16,13,0,90
414,144.899999999996,5,2034,99.3869565217397,0,5.51091059616309e-16,9,0,90
414,144.899999999996,6,2260.13954752072,0,0,12.0807900013967,0,0,0
414,144.899999999996,7,302.879176411285,0,0,0.3,0,0,0
414,144.999999999996,1,454.865126854213,-5.53024430287178e-11,0,0.105685667501173,5.02338181637676e-09,0,2.72334540497609e-06
414,144.999999999996,2,469,99.564705882354,0,3.67394039744206e-16,6,0,90
414,144.999999999996,3,465.330963854083,3.91999999999999,0,7.34788079488412e-17,1.2,0,90
414,144.999999999996,4,1175,99.7666666666666,0,7.9602041944578e-16,13,0,90
414,144.999999999996,5,2034,99.3869565217397,0,5.51091059616309e-16,9,0,90
414,144.999999999996,6,2261.34736652086,0,0,12.0755900013967,0,0,0
414,144.999999999996,7,302.879176411285,0,0,0.3,0,0,0
414,145.099999999996,1,454.865126854213,-5.53024430287178e-11,0,0.105685667501173,5.02338181637676e-09,0,2.72334540497609e-06
414,145.099999999996,2,469,99.564705882354,0,3.67394039744206e-16,6,0,90
414,145.099999999996,3,465.330963854083,3.91999999999999,0,7.34788079488412e-17,1.2,0,90
414,145.099999999996,4,1175,99.7666666666666,0,7.9602041944578e-16,13,0,90
414,145.099999999996,5,2034,99.3869565217397,0,5.51091059616309e-16,9,0,90
414,145.099999999996,6,2262.554665521,0,0,12.0703900013967,0,0,0
414,145.099999999996,7,302.879176411285,0,0,0.3,0,0,0
414,145.199999999996,1,454.865126854213,-5.53024430287178e-11,0,0.105685667501173,5.02338181637676e-09,0,2.72334540497609e-06
414,145.199999999996,2,469,99.564705882354,0,3.67394039744206e-16,6,0,90
414,145.199999999996,3,465.330963854083,3.91999999999999,0,7.34788079488412e-17,1.2,0,90
414,145.199999999996,4,1175,99.7666666666666,0,7.9602041944578e-16,13,0,90
414,145.199999999996,5,2034,99.3869565217397,0,5.51091059616309e-16,9,0,90
414,145.199999999996,6,2263.76144452114,0,0,12.0651900013967,0,0,0
414,145.199999999996,7,302.879176411285,0,0,0.3,0,0,0
414,145.299999999996,1,454.865126854213,-5.53024430287178e-11,0,0.105685667501173,5.02338181637676e-09,0,2.72334540497609e-06
414,145.299999999996,2,469,99.564705882354,0,3.67394039744206e-16,6,0,90
414,145.299999999996,3,465.330963854083,3.91999999999999,0,7.34788079488412e-17,1.2,0,90
414,145.299999999996,4,1175,99.7666666666666,0,7.9602041944578e-16,13,0,90
414,145.299999999996,5,2034,99.3869565217397,0,5.51091059616309e-16,9,0,90
414,145.299999999996,6,2264.96770352127,0,0,12.0599900013967,0,0,0
414,145.299999999996,7,302.879176411285,0,0,0.3,0,0,0
414,145.399999999996,1,454.865126854213,-5.53024430287178e-11,0,0.105685667501173,5.02338181637676e-09,0,2.72334540497609e-06
414,145.399999999996,2,469,99.564705882354,0,3.67394039744206e-16,6,0,90
414,145.399999999996,3,465.330963854083,3.91999999999999,0,7.34788079488412e-17,1.2,0,90
414,145.399999999996,4,1175,99.7666666666666,0,7.9602041944578e-16,13,0,90
414,145.399999999996,5,2034,99.3869565217397,0,5.51091059616309e-16,9,0,90
414,145.399999999996,6,2266.17344252141,0,0,12.0547900013967,0,0,0
414,145.399999999996,7,302.879176411285,0,0,0.3,0,0,0
414,145.499999999996,1,454.865126854213,-5.53024430287178e-11,0,0.105685667501173,5.02338181637676e-09,0,2.72334540497609e-06
414,145.499999999996,2,469,99.564705882354,0,3.67394039744206e-16,6,0,90
414,145.499999999996,3,465.330963854083,3.91999999999999,0,7.34788079488412e-17,1.2,0,90
414,145.499999999996,4,1175,99.7666666666666,0,7.9602041944578e-16,13,0,90
414,145.499999999996,5,2034,99.3869565217397,0,5.51091059616309e-16,9,0,90
414,145.499999999996,6,2267.37866152155,0,0,12.0495900013967,0,0,0
414,145.499999999996,7,302.879176411285,0,0,0.3,0,0,0
414,145.599999999996,1,454.865126854213,-5.53024430287178e-11,0,0.105685667501173,5.02338181637676e-09,0,2.72334540497609e-06
414,145.599999999996,2,469,99.564705882354,0,3.67394039744206e-16,6,0,90
414,145.599999999996,3,465.330963854083,3.91999999999999,0,7.34788079488412e-17,1.2,0,90
414,145.599999999996,4,1175,99.7666666666666,0,7.9602041944578e-16,13,0,90
414,145.599999999996,5,2034,99.3869565217397,0,5.51091059616309e-16,9,0,90
414,145.599999999996,6,2268.58336052169,0,0,12.0443900013967,0,0,0
414,145.599999999996,7,302.879176411285,0,0,0.3,0,0,0
414,145.699999999996,1,454.865126854213,-5.53024430287178e-11,0,0.105685667501173,5.02338181637676e-09,0,2.72334540497609e-06
414,145.699999999996,2,469,99.564705882354,0,3.67394039744206e-16,6,0,90
414,145.699999999996,3,465.330963854083,3.91999999999999,0,7.34788079488412e-17,1.2,0,90
414,145.699999999996,4,1175,99.7666666666666,0,7.9602041944578e-16,13,0,90
414,145.699999999996,5,2034,99.3869565217397,0,5.51091059616309e-16,9,0,90
414,145.699999999996,6,2269.78753952183,0,0,12.0391900013967,0,0,0
414,145.699999999996,7,302.879176411285,0,0,0.3,0,0,0
414,145.799999999996,1,454.865126854213,-5.53024430287178e-11,0,0.105685667501173,5.02338181637676e-09,0,2.72334540497609e-06
414,145.799999999996,2,469,99.564705882354,0,3.67394039744206e-16,6,0,90
414,145.799999999996,3,465.330963854083,3.91999999999999,0,7.34788079488412e-17,1.2,0,90
414,145.799999999996,4,1175,99.7666666666666,0,7.9602041944578e-16,13,0,90
414,145.799999999996,5,2034,99.3869565217397,0,5.51091059616309e-16,9,0,90
414,145.799999999996,6,2270.99119852197,0,0,12.0339900013967,0,0,0
414,145.799999999996,7,302.879176411285,0,0,0.3,0,0,0
414,145.899999999996,1,454.865126854213,-5.53024430287178e-11,0,0.105685667501173,5.02338181637676e-09,0,2.72334540497609e-06
414,145.899999999996,2,469,99.564705882354,0,3.67394039744206e-16,6,0,90
414,145.899999999996,3,465.330963854083,3.91999999999999,0,7.34788079488412e-17,1.2,0,90
414,145.899999999996,4,1175,99.7666666666666,0,7.9602041944578e-16,13,0,90
414,145.899999999996,5,2034,99.3869565217397,0,5.51091059616309e-16,9,0,90
414,145.899999999996,6,2272.19433752211,0,0,12.0287900013967,0,0,0
414,145.899999999996,7,302.879176411285,0,0,0.3,0,0,0
414,145.999999999996,1,454.865126854213,-5.53024430287178e-11,0,0.105685667501173,5.02338181637676e-09,0,2.72334540497609e-06
414,145.999999999996,2,469,99.564705882354,0,3.67394039744206e-16,6,0,90
414,145.999999999996,3,465.330963854083,3.91999999999999,0,7.34788079488412e-17,1.2,0,90
414,145.999999999996,4,1175,99.7666666666666,0,7.9602041944578e-16,13,0,90
414,145.999999999996,5,2034,99.3869565217397,0,5.51091059616309e-16,9,0,90
414,145.999999999996,6,2273.39695652225,0,0,12.0235900013967,0,0,0
414,145.999999999996,7,302.879176411285,0,0,0.3,0,0,0
414,146.099999999996,1,454.865126854213,-5.53024430287178e-11,0,0.105685667501173,5.02338181637676e-09,0,2.72334540497609e-06
414,146.099999999996,2,469,99.564705882354,0,3.67394039744206e-16,6,0,90
414,146.099999999996,3,465.330963854083,3.91999999999999,0,7.34788079488412e-17,1.2,0,90
414,146.099999999996,4,1175,99.7666666666666,0,7.9602041944578e-16,13,0,90
414,146.099999999996,5,2034,99.3869565217397,0,5.51091059616309e-16,9,0,90
414,146.099999999996,6,2274.59905552239,0,0,12.0183900013967,0,0,0
414,146.099999999996,7,302.879176411285,0,0,0.3,0,0,0
414,146.199999999996,1,454.865126854213,-5.53024430287178e-11,0,0.105685667501173,5.02338181637676e-09,0,2.72334540497609e-06
414,146.199999999996,2,469,99.564705882354,0,3.67394039744206e-16,6,0,90
414,146.199999999996,3,465.330963854083,3.91999999999999,0,7.34788079488412e-17,1.2,0,90
414,146.199999999996,4,1175,99.7666666666666,0,7.9602041944578e-16,13,0,90
414,146.199999999996,5,2034,99.3869565217397,0,5.51091059616309e-16,9,0,90
414,146.199999999996,6,2275.80063452253,0,0,12.0131900013967,0,0,0
414,146.199999999996,7,302.879176411285,0,0,0.3,0,0,0
414,146.299999999996,1,454.865126854213,-5.53024430287178e-11,0,0.105685667501173,5.02338181637676e-09,0,2.72334540497609e-06
414,146.299999999996,2,469,99.564705882354,0,3.67394039744206e-16,6,0,90
414,146.299999999996,3,465.330963854083,3.91999999999999,0,7.34788079488412e-17,1.2,0,90
414,146.299999999996,4,1175,99.7666666666666,0,7.9602041944578e-16,13,0,90
414,146.299999999996,5,2034,99.3869565217397,0,5.51091059616309e-16,9,0,90
414,146.299999999996,6,2277.00169352267,0,0,12.0079900013967,0,0,0
414,146.299999999996,7,302.879176411285,0,0,0.3,0,0,0
414,146.399999999996,1,454.865126854213,-5.53024430287178e-11,0,0.105685667501173,5.02338181637676e-09,0,2.72334540497609e-06
414,146.399999999996,2,469,99.564705882354,0,3.67394039744206e-16,6,0,90
414,146.399999999996,3,465.330963854083,3.91999999999999,0,7.34788079488412e-17,1.2,0,90
414,146.399999999996,4,1175,99.7666666666666,0,7.9602041944578e-16,13,0,90
414,146.399999999996,5,2034,99.3869565217397,0,5.51091059616309e-16,9,0,90
414,146.399999999996,6,2278.20223252281,0,0,12.0027900013967,0,0,0
414,146.399999999996,7,302.879176411285,0,0,0.3,0,0,0
414,146.499999999996,1,454.865126854213,-5.53024430287178e-11,0,0.105685667501173,5.02338181637676e-09,0,2.72334540497609e-06
414,146.499999999996,2,469,99.564705882354,0,3.67394039744206e-16,6,0,90
414,146.499999999996,3,465.330963854083,3.91999999999999,0,7.34788079488412e-17,1.2,0,90
414,146.499999999996,4,1175,99.7666666666666,0,7.9602041944578e-16,13,0,90
414,146.499999999996,5,2034,99.3869565217397,0,5.51091059616309e-16,9,0,90
414,146.499999999996,6,2279.40225152295,0,0,11.9975900013967,0,0,0
414,146.499999999996,7,302.879176411285,0,0,0.3,0,0,0
414,146.599999999996,1,454.865126854213,-5.53024430287178e-11,0,0.105685667501173,5.02338181637676e-09,0,2.72334540497609e-06
414,146.599999999996,2,469,99.564705882354,0,3.67394039744206e-16,6,0,90
414,146.599999999996,3,465.330963854083,3.91999999999999,0,7.34788079488412e-17,1.2,0,90
414,146.599999999996,4,1175,99.7666666666666,0,7.9602041944578e-16,13,0,90
414,146.599999999996,5,2034,99.3869565217397,0,5.51091059616309e-16,9,0,90
414,146.599999999996,6,2280.60175052309,0,0,11.9923900013967,0,0,0
414,146.599999999996,7,302.879176411285,0,0,0.3,0,0,0
414,146.699999999996,1,454.865126854213,-5.53024430287178e-11,0,0.105685667501173,5.02338181637676e-09,0,2.72334540497609e-06
414,146.699999999996,2,469,99.564705882354,0,3.67394039744206e-16,6,0,90
414,146.699999999996,3,465.330963854083,3.91999999999999,0,7.34788079488412e-17,1.2,0,90
414,146.699999999996,4,1175,99.7666666666666,0,7.9602041944578e-16,13,0,90
414,146.699999999996,5,2034,99.3869565217397,0,5.51091059616309e-16,9,0,90
414,146.699999999996,6,2281.80072952323,0,0,11.9871900013967,0,0,0
414,146.699999999996,7,302.879176411285,0,0,0.3,0,0,0
414,146.799999999996,1,454.865126854213,-5.53024430287178e-11,0,0.105685667501173,5.02338181637676e-09,0,2.72334540497609e-06
414,146.799999999996,2,469,99.564705882354,0,3.67394039744206e-16,6,0,90
414,146.799999999996,3,465.330963854083,3.91999999999999,0,7.34788079488412e-17,1.2,0,90
414,146.799999999996,4,1175,99.7666666666666,0,7.9602041944578e-16,13,0,90
414,146.799999999996,5,2034,99.3869565217397,0,5.51091059616309e-16,9,0,90
414,146.799999999996,6,2282.99918852337,0,0,11.9819900013967,0,0,0
414,146.799999999996,7,302.879176411285,0,0,0.3,0,0,0
414,146.899999999996,1,454.865126854213,-5.53024430287178e-11,0,0.105685667501173,5.02338181637676e-09,0,2.72334540497609e-06
414,146.899999999996,2,469,99.564705882354,0,3.67394039744206e-16,6,0,90
414,146.899999999996,3,465.330963854083,3.91999999999999,0,7.34788079488412e-17,1.2,0,90
414,146.899999999996,4,1175,99.7666666666666,0,7.9602041944578e-16,13,0,90
414,146.899999999996,5,2034,99.3869565217397,0,5.51091059616309e-16,9,0,90
414,146.899999999996,6,2284.19712752351,0,0,11.9767900013967,0,0,0
414,146.899999999996,7,302.879176411285,0,0,0.3,0,0,0
414,146.999999999996,1,454.865126854213,-5.53024430287178e-11,0,0.105685667501173,5.02338181637676e-09,0,2.72334540497609e-06
414,146.999999999996,2,469,99.564705882354,0,3.67394039744206e-16,6,0,90
414,146.999999999996,3,465.330963854083,3.91999999999999,0,7.34788079488412e-17,1.2,0,90
414,146.999999999996,4,1175,99.7666666666666,0,7.9602041944578e-16,13,0,90
414,146.999999999996,5,2034,99.3869565217397,0,5.51091059616309e-16,9,0,90
414,146.999999999996,6,2285.39454652365,0,0,11.9715900013967,0,0,0
414,146.999999999996,7,302.879176411285,0,0,0.3,0,0,0
414,147.099999999996,1,454.865126854213,-5.53024430287178e-11,0,0.105685667501173,5.02338181637676e-09,0,2.72334540497609e-06
414,147.099999999996,2,469,99.564705882354,0,3.67394039744206e-16,6,0,90
414,147.099999999996,3,465.330963854083,3.91999999999999,0,7.34788079488412e-17,1.2,0,90
414,147.099999999996,4,1175,99.7666666666666,0,7.9602041944578e-16,13,0,90
414,147.099999999996,5,2034,99.3869565217397,0,5.51091059616309e-16,9,0,90
414,147.099999999996,6,2286.59144552379,0,0,11.9663900013967,0,0,0
414,147.099999999996,7,302.879176411285,0,0,0.3,0,0,0
414,147.199999999996,1,454.865126854213,-5.53024430287178e-11,0,0.105685667501173,5.02338181637676e-09,0,2.72334540497609e-06
414,147.199999999996,2,469,99.564705882354,0,3.67394039744206e-16,6,0,90
414,147.199999999996,3,465.330963854083,3.91999999999999,0,7.34788079488412e-17,1.2,0,90
414,147.199999999996,4,1175,99.7666666666666,0,7.9602041944578e-16,13,0,90
414,147.199999999996,5,2034,99.3869565217397,0,5.51091059616309e-16,9,0,90
414,147.199999999996,6,2287.78782452393,0,0,11.9611900013967,0,0,0
414,147.199999999996,7,302.879176411285,0,0,0.3,0,0,0
414,147.299999999996,1,454.865126854213,-5.53024430287178e-11,0,0.105685667501173,5.02338181637676e-09,0,2.72334540497609e-06
414,147.299999999996,2,469,99.564705882354,0,3.67394039744206e-16,6,0,90
414,147.299999999996,3,465.330963854083,3.91999999999999,0,7.34788079488412e-17,1.2,0,90
414,147.299999999996,4,1175,99.7666666666666,0,7.9602041944578e-16,13,0,90
414,147.299999999996,5,2034,99.3869565217397,0,5.51091059616309e-16,9,0,90
414,147.299999999996,6,2288.98368352407,0,0,11.9559900013967,0,0,0
414,147.299999999996,7,302.879176411285,0,0,0.3,0,0,0
414,147.399999999996,1,454.865126854213,-5.53024430287178e-11,0,0.105685667501173,5.02338181637676e-09,0,2.72334540497609e-06
414,147.399999999996,2,469,99.564705882354,0,3.67394039744206e-16,6,0,90
414,147.399999999996,3,465.330963854083,3.91999999999999,0,7.34788079488412e-17,1.2,0,90
414,147.399999999996,4,1175,99.7666666666666,0,7.9602041944578e-16,13,0,90
414,147.399999999996,5,2034,99.3869565217397,0,5.51091059616309e-16,9,0,90
414,147.399999999996,6,2290.17902252421,0,0,11.9507900013967,0,0,0
414,147.399999999996,7,302.879176411285,0,0,0.3,0,0,0
414,147.499999999996,1,454.865126854213,-5.53024430287178e-11,0,0.105685667501173,5.02338181637676e-09,0,2.72334540497609e-06
414,147.499999999996,2,469,99.564705882354,0,3.67394039744206e-16,6,0,90
414,147.499999999996,3,465.330963854083,3.91999999999999,0,7.34788079488412e-17,1.2,0,90
414,147.499999999996,4,1175,99.7666666666666,0,7.9602041944578e-16,13,0,90
414,147.499999999996,5,2034,99.3869565217397,0,5.51091059616309e-16,9,0,90
414,147.499999999996,6,2291.37384152435,0,0,11.9455900013967,0,0,0
414,147.499999999996,7,302.879176411285,0,0,0.3,0,0,0
414,147.599999999996,1,454.865126854213,-5.53024430287178e-11,0,0.105685667501173,5.02338181637676e-09,0,2.72334540497609e-06
414,147.599999999996,2,469,99.564705882354,0,3.67394039744206e-16,6,0,90
414,147.599999999996,3,465.330963854083,3.91999999999999,0,7.34788079488412e-17,1.2,0,90
414,147.599999999996,4,1175,99.7666666666666,0,7.9602041944578e-16,13,0,90
414,147.599999999996,5,2034,99.3869565217397,0,5.51091059616309e-16,9,0,90
414,147.599999999996,6,2292.56814052449,0,0,11.9403900013967,0,0,0
414,147.599999999996,7,302.879176411285,0,0,0.3,0,0,0
414,147.699999999996,1,454.865126854213,-5.53024430287178e-11,0,0.105685667501173,5.02338181637676e-09,0,2.72334540497609e-06
414,147.699999999996,2,469,99.564705882354,0,3.67394039744206e-16,6,0,90
414,147.699999999996,3,465.330963854083,3.91999999999999,0,7.34788079488412e-17,1.2,0,90
414,147.699999999996,4,1175,99.7666666666666,0,7.9602041944578e-16,13,0,90
414,147.699999999996,5,2034,99.3869565217397,0,5.51091059616309e-16,9,0,90
414,147.699999999996,6,2293.76191952463,0,0,11.9351900013967,0,0,0
414,147.699999999996,7,302.879176411285,0,0,0.3,0,0,0
414,147.799999999996,1,454.865126854213,-5.53024430287178e-11,0,0.105685667501173,5.02338181637676e-09,0,2.72334540497609e-06
414,147.799999999996,2,469,99.564705882354,0,3.67394039744206e-16,6,0,90
414,147.799999999996,3,465.330963854083,3.91999999999999,0,7.34788079488412e-17,1.2,0,90
414,147.799999999996,4,1175,99.7666666666666,0,7.9602041944578e-16,13,0,90
414,147.799999999996,5,2034,99.3869565217397,0,5.51091059616309e-16,9,0,90
414,147.799999999996,6,2294.95517852476,0,0,11.9299900013967,0,0,0
414,147.799999999996,7,302.879176411285,0,0,0.3,0,0,0
414,147.899999999996,1,454.865126854213,-5.53024430287178e-11,0,0.105685667501173,5.02338181637676e-09,0,2.72334540497609e-06
414,147.899999999996,2,469,99.564705882354,0,3.67394039744206e-16,6,0,90
414,147.899999999996,3,465.330963854083,3.91999999999999,0,7.34788079488412e-17,1.2,0,90
414,147.899999999996,4,1175,99.7666666666666,0,7.9602041944578e-16,13,0,90
414,147.899999999996,5,2034,99.3869565217397,0,5.51091059616309e-16,9,0,90
414,147.899999999996,6,2296.1479175249,0,0,11.9247900013967,0,0,0
414,147.899999999996,7,302.879176411285,0,0,0.3,0,0,0
414,147.999999999996,1,454.865126854213,-5.53024430287178e-11,0,0.105685667501173,5.02338181637676e-09,0,2.72334540497609e-06
414,147.999999999996,2,469,99.564705882354,0,3.67394039744206e-16,6,0,90
414,147.999999999996,3,465.330963854083,3.91999999999999,0,7.34788079488412e-17,1.2,0,90
414,147.999999999996,4,1175,99.7666666666666,0,7.9602041944578e-16,13,0,90
414,147.999999999996,5,2034,99.3869565217397,0,5.51091059616309e-16,9,0,90
414,147.999999999996,6,2297.34013652504,0,0,11.9195900013967,0,0,0
414,147.999999999996,7,302.879176411285,0,0,0.3,0,0,0
414,148.099999999996,1,454.865126854213,-5.53024430287178e-11,0,0.105685667501173,5.02338181637676e-09,0,2.72334540497609e-06
414,148.099999999996,2,469,99.564705882354,0,3.67394039744206e-16,6,0,90
414,148.099999999996,3,465.330963854083,3.91999999999999,0,7.34788079488412e-17,1.2,0,90
414,148.099999999996,4,1175,99.7666666666666,0,7.9602041944578e-16,13,0,90
414,148.099999999996,5,2034,99.3869565217397,0,5.51091059616309e-16,9,0,90
414,148.099999999996,6,2298.53183552518,0,0,11.9143900013967,0,0,0
414,148.099999999996,7,302.879176411285,0,0,0.3,0,0,0
414,148.199999999996,1,454.865126854213,-5.53024430287178e-11,0,0.105685667501173,5.02338181637676e-09,0,2.72334540497609e-06
414,148.199999999996,2,469,99.564705882354,0,3.67394039744206e-16,6,0,90
414,148.199999999996,3,465.330963854083,3.91999999999999,0,7.34788079488412e-17,1.2,0,90
414,148.199999999996,4,1175,99.7666666666666,0,7.9602041944578e-16,13,0,90
414,148.199999999996,5,2034,99.3869565217397,0,5.51091059616309e-16,9,0,90
414,148.199999999996,6,2299.72301452532,0,0,11.9091900013967,0,0,0
414,148.199999999996,7,302.879176411285,0,0,0.3,0,0,0
414,148.299999999996,1,454.865126854213,-5.53024430287178e-11,0,0.105685667501173,5.02338181637676e-09,0,2.72334540497609e-06
414,148.299999999996,2,469,99.564705882354,0,3.67394039744206e-16,6,0,90
414,148.299999999996,3,465.330963854083,3.91999999999999,0,7.34788079488412e-17,1.2,0,90
414,148.299999999996,4,1175,99.7666666666666,0,7.9602041944578e-16,13,0,90
414,148.299999999996,5,2034,99.3869565217397,0,5.51091059616309e-16,9,0,90
414,148.299999999996,6,2300.91367352546,0,0,11.9039900013967,0,0,0
414,148.299999999996,7,302.879176411285,0,0,0.3,0,0,0
414,148.399999999996,1,454.865126854213,-5.53024430287178e-11,0,0.105685667501173,5.02338181637676e-09,0,2.72334540497609e-06
414,148.399999999996,2,469,99.564705882354,0,3.67394039744206e-16,6,0,90
414,148.399999999996,3,465.330963854083,3.91999999999999,0,7.34788079488412e-17,1.2,0,90
414,148.399999999996,4,1175,99.7666666666666,0,7.9602041944578e-16,13,0,90
414,148.399999999996,5,2034,99.3869565217397,0,5.51091059616309e-16,9,0,90
414,148.399999999996,6,2302.1038125256,0,0,11.8987900013967,0,0,0
414,148.399999999996,7,302.879176411285,0,0,0.3,0,0,0
414,148.499999999996,1,454.865126854213,-5.53024430287178e-11,0,0.105685667501173,5.02338181637676e-09,0,2.72334540497609e-06
414,148.499999999996,2,469,99.564705882354,0,3.67394039744206e-16,6,0,90
414,148.499999999996,3,465.330963854083,3.91999999999999,0,7.34788079488412e-17,1.2,0,90
414,148.499999999996,4,1175,99.7666666666666,0,7.9602041944578e-16,13,0,90
414,148.499999999996,5,2034,99.3869565217397,0,5.51091059616309e-16,9,0,90
414,148.499999999996,6,2303.29343152574,0,0,11.8935900013967,0,0,0
414,148.499999999996,7,302.879176411285,0,0,0.3,0,0,0
414,148.599999999996,1,454.865126854213,-5.53024430287178e-11,0,0.105685667501173,5.02338181637676e-09,0,2.72334540497609e-06
414,148.599999999996,2,469,99.564705882354,0,3.67394039744206e-16,6,0,90
414,148.599999999996,3,465.330963854083,3.91999999999999,0,7.34788079488412e-17,1.2,0,90
414,148.599999999996,4,1175,99.7666666666666,0,7.9602041944578e-16,13,0,90
414,148.599999999996,5,2034,99.3869565217397,0,5.51091059616309e-16,9,0,90
414,148.599999999996,6,2304.48253052588,0,0,11.8883900013967,0,0,0
414,148.599999999996,7,302.879176411285,0,0,0.3,0,0,0
414,148.699999999996,1,454.865126854213,-5.53024430287178e-11,0,0.105685667501173,5.02338181637676e-09,0,2.72334540497609e-06
414,148.699999999996,2,469,99.564705882354,0,3.67394039744206e-16,6,0,90
414,148.699999999996,3,465.330963854083,3.91999999999999,0,7.34788079488412e-17,1.2,0,90
414,148.699999999996,4,1175,99.7666666666666,0,7.9602041944578e-16,13,0,90
414,148.699999999996,5,2034,99.3869565217397,0,5.51091059616309e-16,9,0,90
414,148.699999999996,6,2305.67110952602,0,0,11.8831900013967,0,0,0
414,148.699999999996,7,302.879176411285,0,0,0.3,0,0,0
414,148.799999999996,1,454.865126854213,-5.53024430287178e-11,0,0.105685667501173,5.02338181637676e-09,0,2.72334540497609e-06
414,148.799999999996,2,469,99.564705882354,0,3.67394039744206e-16,6,0,90
414,148.799999999996,3,465.330963854083,3.91999999999999,0,7.34788079488412e-17,1.2,0,90
414,148.799999999996,4,1175,99.7666666666666,0,7.9602041944578e-16,13,0,90
414,148.799999999996,5,2034,99.3869565217397,0,5.51091059616309e-16,9,0,90
414,148.799999999996,6,2306.85916852616,0,0,11.8779900013967,0,0,0
414,148.799999999996,7,302.879176411285,0,0,0.3,0,0,0
414,148.899999999996,1,454.865126854213,-5.53024430287178e-11,0,0.105685667501173,5.02338181637676e-09,0,2.72334540497609e-06
414,148.899999999996,2,469,99.564705882354,0,3.67394039744206e-16,6,0,90
414,148.899999999996,3,465.330963854083,3.91999999999999,0,7.34788079488412e-17,1.2,0,90
414,148.899999999996,4,1175,99.7666666666666,0,7.9602041944578e-16,13,0,90
414,148.899999999996,5,2034,99.3869565217397,0,5.51091059616309e-16,9,0,90
414,148.899999999996,6,2308.0467075263,0,0,11.8727900013967,0,0,0
414,148.899999999996,7,302.879176411285,0,0,0.3,0,0,0
414,148.999999999996,1,454.865126854213,-5.53024430287178e-11,0,0.105685667501173,5.02338181637676e-09,0,2.72334540497609e-06
414,148.999999999996,2,469,99.564705882354,0,3.67394039744206e-16,6,0,90
414,148.999999999996,3,465.330963854083,3.91999999999999,0,7.34788079488412e-17,1.2,0,90
414,148.999999999996,4,1175,99.7666666666666,0,7.9602041944578e-16,13,0,90
414,148.999999999996,5,2034,99.3869565217397,0,5.51091059616309e-16,9,0,90
414,148.999999999996,6,2309.23372652644,0,0,11.8675900013967,0,0,0
414,148.999999999996,7,302.879176411285,0,0,0.3,0,0,0
414,149.099999999996,1,454.865126854213,-5.53024430287178e-11,0,0.105685667501173,5.02338181637676e-09,0,2.72334540497609e-06
414,149.099999999996,2,469,99.564705882354,0,3.67394039744206e-16,6,0,90
414,149.099999999996,3,465.330963854083,3.91999999999999,0,7.34788079488412e-17,1.2,0,90
414,149.099999999996,4,1175,99.7666666666666,0,7.9602041944578e-16,13,0,90
414,149.099999999996,5,2034,99.3869565217397,0,5.51091059616309e-16,9,0,90
414,149.099999999996,6,2310.42022552658,0,0,11.8623900013967,0,0,0
414,149.099999999996,7,302.879176411285,0,0,0.3,0,0,0
414,149.199999999996,1,454.865126854213,-5.53024430287178e-11,0,0.105685667501173,5.02338181637676e-09,0,2.72334540497609e-06
414,149.199999999996,2,469,99.564705882354,0,3.67394039744206e-16,6,0,90
414,149.199999999996,3,465.330963854083,3.91999999999999,0,7.34788079488412e-17,1.2,0,90
414,149.199999999996,4,1175,99.7666666666666,0,7.9602041944578e-16,13,0,90
414,149.199999999996,5,2034,99.3869565217397,0,5.51091059616309e-16,9,0,90
414,149.199999999996,6,2311.60620452672,0,0,11.8571900013967,0,0,0
414,149.199999999996,7,302.879176411285,0,0,0.3,0,0,0
414,149.299999999996,1,454.865126854213,-5.53024430287178e-11,0,0.105685667501173,5.02338181637676e-09,0,2.72334540497609e-06
414,149.299999999996,2,469,99.564705882354,0,3.67394039744206e-16,6,0,90
414,149.299999999996,3,465.330963854083,3.91999999999999,0,7.34788079488412e-17,1.2,0,90
414,149.299999999996,4,1175,99.7666666666666,0,7.9602041944578e-16,13,0,90
414,149.299999999996,5,2034,99.3869565217397,0,5.51091059616309e-16,9,0,90
414,149.299999999996,6,2312.79166352686,0,0,11.8519900013967,0,0,0
414,149.299999999996,7,302.879176411285,0,0,0.3,0,0,0
414,149.399999999996,1,454.865126854213,-5.53024430287178e-11,0,0.105685667501173,5.02338181637676e-09,0,2.72334540497609e-06
414,149.399999999996,2,469,99.564705882354,0,3.67394039744206e-16,6,0,90
414,149.399999999996,3,465.330963854083,3.91999999999999,0,7.34788079488412e-17,1.2,0,90
414,149.399999999996,4,1175,99.7666666666666,0,7.9602041944578e-16,13,0,90
414,149.399999999996,5,2034,99.3869565217397,0,5.51091059616309e-16,9,0,90
414,149.399999999996,6,2313.976602527,0,0,11.8467900013967,0,0,0
414,149.399999999996,7,302.879176411285,0,0,0.3,0,0,0
414,149.499999999996,1,454.865126854213,-5.53024430287178e-11,0,0.105685667501173,5.02338181637676e-09,0,2.72334540497609e-06
414,149.499999999996,2,469,99.564705882354,0,3.67394039744206e-16,6,0,90
414,149.499999999996,3,465.330963854083,3.91999999999999,0,7.34788079488412e-17,1.2,0,90
414,149.499999999996,4,1175,99.7666666666666,0,7.9602041944578e-16,13,0,90
414,149.499999999996,5,2034,99.3869565217397,0,5.51091059616309e-16,9,0,90
414,149.499999999996,6,2315.16102152714,0,0,11.8415900013967,0,0,0
414,149.499999999996,7,302.879176411285,0,0,0.3,0,0,0
414,149.599999999996,1,454.865126854213,-5.53024430287178e-11,0,0.105685667501173,5.02338181637676e-09,0,2.72334540497609e-06
414,149.599999999996,2,469,99.564705882354,0,3.67394039744206e-16,6,0,90
414,149.599999999996,3,465.330963854083,3.91999999999999,0,7.34788079488412e-17,1.2,0,90
414,149.599999999996,4,1175,99.7666666666666,0,7.9602041944578e-16,13,0,90
414,149.599999999996,5,2034,99.3869565217397,0,5.51091059616309e-16,9,0,90
414,149.599999999996,6,2316.34492052728,0,0,11.8363900013967,0,0,0
414,149.599999999996,7,302.879176411285,0,0,0.3,0,0,0
414,149.699999999996,1,454.865126854213,-5.53024430287178e-11,0,0.105685667501173,5.02338181637676e-09,0,2.72334540497609e-06
414,149.699999999996,2,469,99.564705882354,0,3.67394039744206e-16,6,0,90
414,149.699999999996,3,465.330963854083,3.91999999999999,0,7.34788079488412e-17,1.2,0,90
414,149.699999999996,4,1175,99.7666666666666,0,7.9602041944578e-16,13,0,90
414,149.699999999996,5,2034,99.3869565217397,0,5.51091059616309e-16,9,0,90
414,149.699999999996,6,2317.52829952742,0,0,11.8311900013967,0,0,0
414,149.699999999996,7,302.879176411285,0,0,0.3,0,0,0
414,149.799999999996,1,454.865126854213,-5.53024430287178e-11,0,0.105685667501173,5.02338181637676e-09,0,2.72334540497609e-06
414,149.799999999996,2,469,99.564705882354,0,3.67394039744206e-16,6,0,90
414,149.799999999996,3,465.330963854083,3.91999999999999,0,7.34788079488412e-17,1.2,0,90
414,149.799999999996,4,1175,99.7666666666666,0,7.9602041944578e-16,13,0,90
414,149.799999999996,5,2034,99.3869565217397,0,5.51091059616309e-16,9,0,90
414,149.799999999996,6,2318.71115852756,0,0,11.8259900013967,0,0,0
414,149.799999999996,7,302.879176411285,0,0,0.3,0,0,0
414,149.899999999996,1,454.865126854213,-5.53024430287178e-11,0,0.105685667501173,5.02338181637676e-09,0,2.72334540497609e-06
414,149.899999999996,2,469,99.564705882354,0,3.67394039744206e-16,6,0,90
414,149.899999999996,3,465.330963854083,3.91999999999999,0,7.34788079488412e-17,1.2,0,90
414,149.899999999996,4,1175,99.7666666666666,0,7.9602041944578e-16,13,0,90
414,149.899999999996,5,2034,99.3869565217397,0,5.51091059616309e-16,9,0,90
414,149.899999999996,6,2319.8934975277,0,0,11.8207900013967,0,0,0
414,149.899999999996,7,302.879176411285,0,0,0.3,0,0,0
