ScenarioID,Time,DistanceTraveled,EgoX,EgoY,EgoSpeed,LateralOffset,GapToLead,LeadSpeed,SignalState,TargetSpeed
397,0.1,1.22,1.22,0,12.2,0,30.9008148148148,9.0162962962963,red,15
397,0.2,2.46,2.46,0,12.4,0,30.5832592592593,9.03259259259259,red,15
397,0.3,3.72,3.72,0,12.6,0,30.2473333333333,9.04888888888889,red,15
397,0.4,4.94,4.94,0,12.2,0,29.893037037037,9.06518518518519,red,8.91170370370371
397,0.5,6.18,6.18,0,12.4,0,29.5803703703704,9.08148148148148,red,15
397,0.6,7.38,7.38,0,12,0,29.2493333333333,9.09777777777778,red,8.82244444444445
397,0.7,8.54,8.54,0,11.6,0,28.9599259259259,9.11407407407407,red,9.09403703703704
397,0.8,9.72,9.72,0,11.8,0,28.7121481481481,9.13037037037037,red,15
397,0.9,10.86,10.86,0,11.4,0,28.446,9.14666666666667,red,9.06966666666667
397,1,12.02,12.02,0,11.6,0,28.2214814814815,9.16296296296296,red,15
397,1.1,13.14,13.14,0,11.2,0,27.9785925925926,9.17925925925926,red,9.06855555555556
397,1.2,14.28,14.28,0,11.4,0,27.7773333333333,9.19555555555556,red,15
397,1.3,15.38,15.38,0,11,0,27.5577037037037,9.21185185185185,red,9.09070370370371
397,1.4,16.5,16.5,0,11.2,0,27.3797037037037,9.22814814814815,red,15
397,1.5,17.58,17.58,0,10.8,0,27.1833333333333,9.24444444444445,red,9.13611111111113
397,1.6,18.68,18.68,0,11,0,27.0285925925926,9.26074074074074,red,15
397,1.7,19.74,19.74,0,10.6,0,26.8554814814815,9.27703703703704,red,9.20477777777779
397,1.8,20.82,20.82,0,10.8,0,26.724,9.29333333333333,red,15
397,1.9,21.86,21.86,0,10.4,0,26.5741481481482,9.30962962962963,red,9.29670370370372
397,2,22.92,22.92,0,10.6,0,26.4659259259259,9.32592592592593,red,15
397,2.1,24,24,0,10.8,0,26.3393333333334,9.34222222222222,red,15
397,2.2,25.04,25.04,0,10.4,0,26.1943703703704,9.35851851851852,red,9.15570370370373
397,2.3,26.1,26.1,0,10.6,0,26.0910370370371,9.37481481481482,red,15
397,2.4,27.12,27.12,0,10.2,0,25.9693333333334,9.39111111111111,red,9.27577777777781
397,2.5,28.16,28.16,0,10.4,0,25.8892592592593,9.40740740740741,red,15
397,2.6,29.16,29.16,0,9.99999999999999,0,25.7908148148148,9.4237037037037,red,9.41911111111114
397,2.7,30.18,30.18,0,10.2,0,25.734,9.44,red,15
397,2.8,31.22,31.22,0,10.4,0,25.6588148148148,9.4562962962963,red,15
397,2.9,32.22,32.22,0,9.99999999999998,0,25.5652592592593,9.47259259259259,red,9.35522222222226
397,3,33.24,33.24,0,10.2,0,25.5133333333334,9.48888888888889,red,15
397,3.1,34.28,34.28,0,10.4,0,25.4430370370371,9.50518518518519,red,15
397,3.2,35.28,35.28,0,9.99999999999998,0,25.3543703703704,9.52148148148148,red,9.29866666666671
397,3.3,36.3,36.3,0,10.2,0,25.3073333333334,9.53777777777778,red,15
397,3.4,37.28,37.28,0,9.79999999999998,0,25.241925925926,9.55407407407407,red,9.47503703703708
397,3.5,38.28,38.28,0,9.99999999999998,0,25.2181481481482,9.57037037037037,red,15
397,3.6,39.3,39.3,0,10.2,0,25.1760000000001,9.58666666666667,red,15
397,3.7,40.28,40.28,0,9.79999999999998,0,25.1154814814815,9.60296296296296,red,9.46070370370375
397,3.8,41.28,41.28,0,9.99999999999998,0,25.0965925925926,9.61925925925926,red,15
397,3.9,42.3,42.3,0,10.2,0,25.0593333333334,9.63555555555556,red,15
397,4,43.28,43.28,0,9.79999999999998,0,25.0037037037038,9.65185185185185,red,9.45370370370376
397,4.1,44.28,44.28,0,9.99999999999998,0,24.9897037037038,9.66814814814815,red,15
397,4.2,45.2463111111111,45.2463111111111,0,9.66311111111116,0,24.9573333333334,9.68444444444444,red,9.66311111111116
397,4.3,46.2326222222222,46.2326222222222,0,9.86311111111116,0,24.9602814814815,9.70074074074074,red,15
397,4.4,47.2389333333333,47.2389333333333,0,10.0631111111112,0,24.9448592592593,9.71703703703704,red,15
397,4.5,48.2052444444444,48.2052444444444,0,9.66311111111116,0,24.9110666666667,9.73333333333333,red,9.62575555555553
397,4.6,49.1915555555555,49.1915555555555,0,9.86311111111116,0,24.9189037037037,9.74962962962963,red,15
397,4.7,50.1978666666666,50.1978666666666,0,10.0631111111112,0,24.9083703703704,9.76592592592593,red,15
397,4.8,51.1641777777778,51.1641777777778,0,9.66311111111116,0,24.8794666666667,9.78222222222222,red,9.6588444444444
397,4.9,52.1504888888889,52.1504888888889,0,9.86311111111116,0,24.8921925925926,9.79851851851852,red,15
397,5,53.1568,53.1568,0,10.0631111111112,0,24.8865481481481,9.81481481481481,red,15
397,5.1,54.1267266666667,54.1267266666667,0,9.69926666666661,0,24.8625333333333,9.83111111111111,red,9.69926666666661
397,5.2,55.1166533333333,55.1166533333333,0,9.89926666666661,0,24.8765325925926,9.84740740740741,red,15
397,5.3,56.12658,56.12658,0,10.0992666666666,0,24.8721614814815,9.8637037037037,red,15
397,5.4,57.0971243333333,57.0971243333333,0,9.70544333333339,0,24.84942,9.88,red,9.70544333333339
397,5.5,58.0876686666667,58.0876686666666,0,9.90544333333339,0,24.8676904814815,9.8962962962963,red,15
397,5.6,59.098213,59.098213,0,10.1054433333334,0,24.8675905925926,9.91259259259259,red,15
397,5.7,60.0730135722222,60.0730135722222,0,9.74800572222215,0,24.8491203333333,9.92888888888889,red,9.74800572222215
397,5.8,61.0678141444444,61.0678141444444,0,9.94800572222215,0,24.8680234648148,9.94518518518518,red,15
397,5.9,62.0625895316666,62.0625895316666,0,9.94775387222229,0,24.8685562259259,9.96148148148148,red,9.94775387222229
397,5.99999999999999,63.0591291123055,63.0591291123055,0,9.96539580638881,0,24.8707438016666,9.97777777777778,red,9.96539580638881
397,6.09999999999999,64.0556367797551,64.0556367797551,0,9.96507667449543,0,24.8727968136203,9.99407407407407,red,9.96507667449543
397,6.19999999999999,65.0539917177622,65.0539917177622,0,9.98354938007144,0,24.876511368393,10.0103703703704,red,9.98354938007144
397,6.29999999999999,66.0523038605336,66.0523038605336,0,9.98312142771408,0,24.8800082822377,10.0266666666667,red,9.98312142771408
397,6.39999999999999,67.0525468951059,67.0525468951059,0,10.0024303457228,0,24.8851776209478,10.042962962963,red,10.0024303457228
397,6.49999999999999,68.0527320713339,68.0527320713339,0,10.0018517622798,0,24.8900456974866,10.0592592592593,red,10.0018517622798
397,6.59999999999999,69.0549325137614,69.0549325137614,0,10.0220044242755,0,24.8966012619994,10.0755555555556,red,10.0220044242755
397,6.69999999999999,70.0570558160162,70.0570558160162,0,10.0212330225475,0,24.9027711899422,10.0918518518519,red,10.0212330225475
397,6.79999999999999,71.0612797229606,71.0612797229606,0,10.0422390694444,0,24.9106478876874,10.1081481481481,red,10.0422390694444
397,6.89999999999999,72.0654029409792,72.0654029409792,0,10.0412321801864,0,24.9180536103726,10.1244444444444,red,10.0412321801864
397,6.99999999999999,73.0717132796153,73.0717132796153,0,10.063103386361,0,24.9271896516133,10.1407407407407,red,10.063103386361
397,7.09999999999999,74.0778950547762,74.0778950547762,0,10.0618177516091,0,24.9357682018661,10.157037037037,green,10.0618177516091
397,7.19999999999999,75.0863518602099,75.0863518602099,0,10.0845680543361,0,24.9461049452237,10.1733333333333,green,10.0845680543361
397,7.29999999999999,76.0946478321361,76.0946478321361,0,10.0829597192626,0,24.9557962879382,10.1896296296296,green,10.0829597192626
397,7.39999999999999,77.1053083574919,77.1053083574919,0,10.1066052535581,0,24.9672780937897,10.2059259259259,green,10.1066052535581
397,7.49999999999999,78.1157713031504,78.1157713031504,0,10.1046294565847,0,24.9780249758413,10.2222222222222,green,10.1046294565847
397,7.59999999999999,79.1286901627048,79.1286901627048,0,10.1291885955437,0,24.9905990672198,10.2385185185185,green,10.1291885955437
397,7.69999999999999,80.1413701283485,80.1413701283485,0,10.1267996564372,0,25.0023468743321,10.2548148148148,green,10.1267996564372
397,7.79999999999999,81.1565994340651,81.1565994340651,0,10.1522930571663,0,25.0159632049847,10.2711111111111,green,10.1522930571663
397,7.89999999999999,82.1715438603489,82.1715438603489,0,10.1494442628381,0,25.028659825194,10.2874074074074,green,10.1494442628381
397,7.99999999999999,83.1891333521588,83.1891333521588,0,10.1758949180985,0,25.0432709544657,10.3037037037037,green,10.1758949180985
397,8.09999999999999,84.206387192741,84.206387192741,0,10.1725384058221,0,25.0568666478411,10.32,green,10.1725384058221
397,8.19999999999999,85.2263843628921,85.2263843628921,0,10.199971701511,0,25.0724276220737,10.3362962962963,green,10.199971701511
397,8.29999999999999,86.2459901968186,86.2459901968186,0,10.1960583392651,0,25.086874896367,10.3525925925926,green,10.1960583392651
397,8.39999999999999,87.2684404086067,87.2684404086067,0,10.2245021178811,0,25.1033431365146,10.3688888888889,green,10.2245021178811
397,8.49999999999999,88.2904385467586,88.2904385467586,0,10.2199813815191,0,25.1185966284302,10.3851851851852,green,10.2199813815191
397,8.59999999999999,89.3153851479354,89.3153851479354,0,10.2494660117681,0,25.1359318236116,10.4014814814815,green,10.2494660117681
397,8.69999999999999,90.3398137338063,90.3398137338063,0,10.2442858587085,0,25.1519481853977,10.4177777777778,green,10.2442858587085
397,8.79999999999998,91.3672981649488,91.3672981649488,0,10.2748443114253,0,25.1701121921195,10.4340740740741,green,10.2748443114253
397,8.89999999999998,92.3941932700033,92.3941932700033,0,10.2689510505447,0,25.1868499831992,10.4503703703704,green,10.2689510505447
397,8.99999999999998,93.4242551681153,93.4242551681153,0,10.3006189811203,0,25.2058067299966,10.4666666666667,green,10.3006189811203
397,9.09999999999998,94.4536508819679,94.4536508819679,0,10.2939571385257,0,25.223226313366,10.482962962963,green,10.2939571385257
397,9.19999999999998,95.4863281795725,95.4863281795725,0,10.3267729760459,0,25.2429417106245,10.4992592592593,green,10.3267729760459
397,9.29999999999998,96.5182566952115,96.5182566952115,0,10.31928515639,0,25.2610051537607,10.5155555555556,green,10.31928515639
397,9.39999999999998,97.5535857151823,97.5535857151823,0,10.3532901997078,0,25.2814470084921,10.5318518518518,green,10.3532901997078
397,9.49999999999998,98.5880774094524,98.5880774094523,0,10.3449169427009,0,25.3001179885212,10.5481481481481,green,10.3449169427009
397,9.59999999999998,99.6260929558207,99.6260929558207,0,10.3801554636839,0,25.3212559238808,10.5644444444444,green,10.3801554636839
397,9.69999999999998,100.663176465365,100.663176465365,0,10.3708350954427,0,25.3404996367717,10.5807407407407,green,10.3708350954427
397,9.79999999999998,101.70391191033,101.70391191033,0,10.4073544496525,0,25.3623050161163,10.597037037037,green,10.4073544496525
397,9.89999999999998,102.743614203182,102.743614203182,0,10.3970229285156,0,25.3820880896696,10.6133333333333,green,10.3970229285156
397,9.99999999999998,103.787101570542,103.787101570542,0,10.4348736735971,0,25.4045339449661,10.6296296296296,green,10.4348736735971
397,10.1,104.829448013544,104.829448013544,0,10.4234644300209,0,25.4248243553842,10.6459259259259,green,10.4234644300209
397,10.2,105.875718058753,105.875718058753,0,10.4627004520961,0,25.4478853197895,10.6622222222222,green,10.4627004520961
397,10.3,106.920732480976,106.920732480976,0,10.4501442222309,0,25.4686523116169,10.6785185185185,green,10.4501442222309
397,10.4,107.969814768038,107.969814768038,0,10.4908228706142,0,25.4923045560605,10.6948148148148,green,10.4908228706142
397,10.5,109.017519520352,109.017519520352,0,10.4770475231446,0,25.5135185652954,10.7111111111111,green,10.4770475231446
397,10.6,110.069442495724,110.069442495724,0,10.5192297537162,0,25.5377397389069,10.7274074074074,green,10.5192297537162
397,10.7,111.119858506677,111.119858506677,0,10.5041601095329,0,25.5593723190908,10.7437037037037,green,10.5041601095329
397,10.8,112.17464957039,112.17464957039,0,10.5479106371285,0,25.5841414933227,10.76,green,10.5479106371285
397,10.9,113.227796398528,113.227796398528,0,10.5314682813801,0,25.6061652444246,10.7762962962963,green,10.5314682813801
397,11,114.285481972686,114.285481972686,0,10.576855741578,0,25.631462860731,10.7925925925926,green,10.576855741578
397,11.1,115.341377855449,115.341377855449,0,10.5589588276346,0,25.6538513606473,10.8088888888889,green,10.5589588276346
397,11.2,116.401983450284,116.401983450284,0,10.6060559483444,0,25.6796591815876,10.8251851851852,green,10.6060559483444
397,11.3,117.460645349602,117.460645349602,0,10.5866189931803,0,25.7023869200865,10.8414814814815,green,10.5866189931803
397,11.4,118.524195627248,118.524195627248,0,10.6355027764631,0,25.7286879837314,10.8577777777778,green,10.6355027764631
397,11.5,119.585639271943,119.585639271943,0,10.6144364469498,0,25.7517302986777,10.8740740740741,green,10.6144364469498
397,11.6,120.652158108095,120.652158108095,0,10.6651883615231,0,25.7785088762049,10.8903703703704,green,10.6651883615231
397,11.7,121.716398033205,121.716398033205,0,10.6423992510958,0,25.8018418919044,10.9066666666667,green,10.6423992510958
397,11.8,122.785908576805,122.785908576805,0,10.6951054360053,0,25.8290834482763,10.922962962963,green,10.6951054360053
397,11.9,123.85295815992,123.85295815992,0,10.6704958311474,0,25.8526840157869,10.9392592592593,green,10.6704958311474
397,12,124.925482891032,124.925482891032,0,10.7252473111146,0,25.8803751734129,10.9555555555556,green,10.7252473111146
397,12.1,125.995354385739,125.995354385739,0,10.6987149470732,0,25.9042208126718,10.9718518518518,green,10.6987149470732
397,12.2,127.070915171745,127.070915171745,0,10.7556078600572,0,25.9323493179645,10.9881481481481,green,10.7556078600572
397,12.3,128.143619738263,128.143619738263,0,10.7270456651814,0,25.9564181615884,11.0044444444444,green,10.7270456651814
397,12.4,129.222237888535,129.222237888535,0,10.7861815027241,0,25.9849728543295,11.0207407407407,green,10.7861815027241
397,12.5,130.297785621614,130.297785621614,0,10.755477330786,0,26.009243592946,11.037037037037,green,10.755477330786
397,12.6,131.379481940788,131.379481940788,0,10.8169631917403,0,26.0382143783859,11.0533333333333,green,10.8169631917403
397,12.7,132.457881894945,132.457881894945,0,10.7839995415693,0,26.0626662073601,11.0696296296296,green,10.7839995415693
397,12.8,133.542676734929,133.542676734929,0,10.847948399847,0,26.0920440309809,11.0859259259259,green,10.847948399847
397,12.9,134.623936947087,134.623936947087,0,10.812602121577,0,26.1166565984036,11.1022222222222,green,10.812602121577
397,13,135.711850257945,135.711850257945,0,10.879133108583,0,26.1464334232829,11.1185185185185,green,10.879133108583
397,13.1,136.795977767523,136.795977767523,0,10.8412750957774,0,26.1711867790912,11.1348148148148,green,10.8412750957774
397,13.2,137.887029147347,137.887029147347,0,10.9105137982386,0,26.2013555658098,11.1511111111111,green,10.9105137982386
397,13.3,138.97403001386,138.97403001386,0,10.8700086651248,0,26.2262301119119,11.1674074074074,green,10.8700086651248
397,13.4,140.068238757765,140.068238757765,0,10.9420874390564,0,26.2567848009549,11.1837037037037,green,10.9420874390564
397,13.5,141.158118075971,141.158118075971,0,10.8987931820608,0,26.2817612422345,11.2,green,10.8987931820608
397,13.6,142.255503224337,142.255503224337,0,10.9738514836571,0,26.3126967388432,11.2162962962963,green,10.9738514836571
397,13.7,143.348265136977,143.348265136977,0,10.9276191263965,0,26.3377560349219,11.2325925925926,green,10.9276191263965
397,13.8,144.448845523044,144.448845523044,0,11.0058038606706,0,26.3690681963564,11.2488888888889,green,11.0058038606706
397,13.9,145.544493231195,145.544493231195,0,10.9564770815111,0,26.394191513993,11.2651851851852,green,10.9564770815111
397,14,146.648287528151,146.648287528151,0,11.037942969558,0,26.4258771391752,11.2814814814815,green,11.037942969558
397,14.1,147.746823299232,147.746823299232,0,10.985357710811,0,26.4510458051824,11.2977777777778,green,10.985357710811
397,14.2,148.853850066893,148.853850066893,0,11.07026767661,0,26.4831026266939,11.3140740740741,green,11.07026767661
397,14.3,149.955275240331,149.955275240331,0,11.0142517343879,0,26.5082980812551,11.3303703703704,green,11.0142517343879
397,14.4,151.065552971543,151.065552971543,0,11.1027773121128,0,26.5407247596681,11.3466666666667,green,11.1027773121128
397,14.5,152.169867962125,152.169867962125,0,11.0431499058193,0,26.5659285099383,11.362962962963,green,11.0431499058193
397,14.6,153.283415128992,153.283415128992,0,11.1354716686737,0,26.5987246304675,11.3792592592593,green,11.1354716686737
397,14.7,154.390619427897,154.390619427897,0,11.0720429890523,0,26.6239182043409,11.3955555555555,green,11.0720429890523
397,14.8,155.507454527968,155.507454527968,0,11.1683510007026,0,26.657084275806,11.4118518518518,green,11.1683510007026
397,14.9,156.617546701499,156.617546701499,0,11.1009217353134,0,26.6822491757357,11.4281481481481,green,11.1009217353134
397,15,157.737688304004,157.737688304004,0,11.201416025048,0,26.715786631834,11.4444444444444,green,11.201416025048
397,15.1,158.850665990002,158.850665990002,0,11.129776859987,0,26.7409042885885,11.4607407407407,green,11.129776859987
397,15.2,159.974132782281,159.974132782281,0,11.2346679227894,0,26.7748154914787,11.477037037037,green,11.2346679227894
397,15.3,161.089992684222,161.089992684222,0,11.158599019403,0,26.7998672177182,11.4933333333333,green,11.158599019403
397,15.4,162.216803518441,162.216803518441,0,11.2681083421896,0,26.8341554639261,11.5096296296296,green,11.2681083421896
397,15.5,163.335541397188,163.335541397188,0,11.1873787874788,0,26.8591224074849,11.5259259259259,green,11.1873787874788
397,15.6,164.46571533747,164.46571533747,0,11.3017394028157,0,26.8937919361444,11.5422222222222,green,11.3017394028157
397,15.7,165.587326000685,165.587326000685,0,11.2161066321528,0,26.9186550328999,11.5585185185185,green,11.2161066321528
397,15.8,166.720882370769,166.720882370769,0,11.3355637008377,0,26.9537110363513,11.5748148148148,green,11.3355637008377
397,15.9,167.845359659925,167.845359659925,0,11.2447728915553,0,26.9784509625638,11.5911111111111,green,11.2447728915553
397,16,168.982318091476,168.982318091476,0,11.3695843155192,0,27.0138995993342,11.6074074074074,green,11.3695843155192
397,16.1,170.109654866462,170.109654866462,0,11.2733677498535,0,27.0384967233379,11.6237037037037,green,11.2733677498535
397,16.2,171.250035348153,171.250035348153,0,11.4038048169154,0,27.0743451335377,11.64,green,11.4038048169154
397,16.3,172.380223469425,172.380223469425,0,11.3018812127114,0,27.098779466661,11.6562962962963,green,11.3018812127114
397,16.4,173.524046396904,173.524046396904,0,11.4382292747983,0,27.1350357898343,11.6725925925926,green,11.4382292747983
397,16.5,174.657076705135,174.657076705135,0,11.3303030823048,0,27.1592869364286,11.6888888888889,green,11.3303030823048
397,16.6,175.804362932018,175.804362932018,0,11.4728622688313,0,27.1959603319018,11.7051851851852,green,11.4728622688313
397,16.7,176.940225225201,176.940225225201,0,11.3586229318262,0,27.220007438352,11.7214814814815,green,11.3586229318262
397,16.8,178.090996115202,178.090996115202,0,11.5077089000177,0,27.2571081081324,11.7377777777778,green,11.5077089000177
397,16.9,179.229679123144,179.229679123144,0,11.386830079418,0,27.2809298107232,11.7540740740741,green,11.386830079418
397,17,180.38395660349,180.38395660349,0,11.5427748034542,0,27.3184690250037,11.7703703703704,green,11.5427748034542
397,17.1,181.525447959636,181.525447959636,0,11.4149135614675,0,27.3420433965101,11.7866666666667,green,11.4149135614675
397,17.2,182.683254575878,182.683254575878,0,11.5780661624179,0,27.3800335218448,11.802962962963,green,11.5780661624179
397,17.3,183.827540786398,183.827540786398,0,11.4428621051984,0,27.4033380167142,11.8192592592593,green,11.4428621051984
397,17.4,184.98889975878,184.98889975878,0,11.6135897238246,0,27.4417925469351,11.8355555555556,green,11.6135897238246
397,17.5,186.135966168829,186.135966168829,0,11.4706641004887,0,27.464803944923,11.8518518518518,green,11.4706641004887
397,17.6,187.300901450339,187.300901450339,0,11.6493528150965,0,27.5037375348741,11.8681481481481,green,11.6493528150965
397,17.7,188.450732207423,188.450732207423,0,11.498307570845,0,27.5264318829941,11.8844444444444,green,11.498307570845
397,17.8,189.619268543671,189.619268543671,0,11.6853633624802,0,27.5658603851689,11.9007407407407,green,11.6853633624802
397,17.9,190.771846558018,190.771846558018,0,11.5257801434617,0,27.5882129378098,11.917037037037,green,11.5257801434617
397,18,191.944009549104,191.944009549104,0,11.7216299108627,0,27.6281534419822,11.9333333333333,green,11.7216299108627
397,18.1,193.099316450933,193.099316450933,0,11.553069018289,0,27.650138599044,11.9496296296296,green,11.553069018289
397,18.2,194.274623352762,194.274623352762,0,11.753069018289,0,27.6906094749929,11.9659259259259,green,11.7581616451334
397,18.3,195.433174172184,195.433174172184,0,11.585508194219,0,27.7127099805715,11.9822222222222,green,11.585508194219
397,18.4,196.611724991606,196.611724991606,0,11.785508194219,0,27.7531961981866,11.9985185185185,green,11.7896084233928
397,18.5,197.773421255937,197.773421255937,0,11.6169626433115,0,27.7753120454314,12.0148148148148,green,11.6169626433115
397,18.6,198.955117520268,198.955117520268,0,11.8169626433115,0,27.8159120773966,12.0311111111111,green,11.8221045064979
397,18.7,200.120069083627,200.120069083627,0,11.6495156335916,0,27.8381417389914,12.0474074074074,green,11.6495156335916
397,18.8,201.305020646986,201.305020646986,0,11.8495156335916,0,27.8787457311878,12.0637037037037,green,11.853560935706
397,18.9,202.473118051278,202.473118051278,0,11.6809740429154,0,27.9009793530139,12.08,green,11.6809740429154
397,19,203.661215455569,203.661215455569,0,11.8809740429154,0,27.9416967635371,12.0962962962963,green,11.8861706351495
397,19.1,204.832579500721,204.832579500721,0,11.7136404515223,0,27.9640438036901,12.1125925925926,green,11.7136404515223
397,19.2,206.023943545874,206.023943545874,0,11.9136404515223,0,28.0047538326119,12.1288888888889,green,11.9176253536726
397,19.3,207.198452693798,207.198452693798,0,11.7450914792446,0,28.0270934911634,12.1451851851852,green,11.7450914792446
397,19.4,208.392961841723,208.392961841723,0,11.9450914792446,0,28.0679176765723,12.1614814814815,green,11.950348840523
397,19.5,209.570749046156,209.570749046156,0,11.7778720443385,0,28.0903714916108,12.1777777777778,green,11.7778720443385
397,19.6,210.76853625059,210.76853625059,0,11.9778720443385,0,28.1311768797696,12.1940740740741,green,11.9817904696203
397,19.7,211.949466678071,211.949466678071,0,11.8093042748108,0,28.153611897558,12.2103703703704,green,11.8093042748108
397,19.8,213.150397105552,213.150397105552,0,12.0093042748108,0,28.1945333219288,12.2266666666667,green,12.0146290528202
397,19.9,214.334617193164,214.334617193164,0,11.8422008761167,0,28.2170843759292,12.242962962963,green,11.8422008761167
397,20,215.538837280776,215.538837280776,0,12.0422008761167,0,28.2579753994286,12.2592592592593,green,12.0460460828568
397,20.1,216.726197551348,216.726197551348,0,11.8736027057177,0,28.2804960525578,12.2755555555556,green,11.8736027057177
397,20.2,217.933557821919,217.933557821919,0,12.0736027057177,0,28.3215061523563,12.2918518518519,green,12.0790022223123
397,20.3,219.124219660252,219.124219660252,0,11.9066183833227,0,28.3441458817846,12.3081481481482,green,11.9066183833227
397,20.4,220.334881498584,220.334881498584,0,12.1066183833227,0,28.385113673082,12.3244444444444,green,12.1103828976627
397,20.5,221.528679289026,221.528679289026,0,11.9379779044225,0,28.407711094009,12.3407407407407,green,11.9379779044225
397,20.6,222.742477079468,222.742477079468,0,12.1379779044225,0,28.4488021924556,12.357037037037,green,12.1434602288423
397,20.7,223.939588768386,223.939588768386,0,11.9711168891768,0,28.471522920532,12.3733333333333,green,11.9711168891768
397,20.8,225.156700457304,225.156700457304,0,12.1711168891768,0,28.5125593797625,12.3896296296296,green,12.1747924303341
397,20.9,226.35694263441,226.35694263441,0,12.0024217710604,0,28.5352254686226,12.4059259259259,green,12.0024217710604
397,21,227.577184811516,227.577184811516,0,12.2024217710604,0,28.5763906989239,12.4222222222222,green,12.2079958006238
397,21.1,228.780753764204,228.780753764204,0,12.0356895268856,0,28.5991855588549,12.4385185185185,green,12.0356895268856
397,21.2,230.004322716893,230.004322716893,0,12.2356895268856,0,28.6402832728331,12.4548148148148,green,12.2392669243458
397,21.3,231.211015406138,231.211015406138,0,12.066926892446,0,28.6630106164409,12.4711111111111,green,12.066926892446
397,21.4,232.437708095382,232.437708095382,0,12.266926892446,0,28.7042438531222,12.4874074074074,green,12.2726024415225
397,21.5,233.64774111248,233.64774111248,0,12.1003301709743,0,28.7271067194332,12.5037037037037,green,12.1003301709743
397,21.6,234.877774129577,234.877774129577,0,12.3003301709743,0,28.7682588875209,12.52,green,12.3037992727862
397,21.7,236.090922776371,236.090922776371,0,12.1314864679412,0,28.7910406852383,12.5362962962963,green,12.1314864679412
397,21.8,237.324071423165,237.324071423165,0,12.3314864679412,0,28.8323364828887,12.5525925925926,green,12.3372743660958
397,21.9,238.540574760768,238.540574760768,0,12.165033376032,0,28.8552619101686,12.5688888888889,green,12.165033376032
397,22,239.777078098372,239.777078098372,0,12.365033376032,0,28.8964622762692,12.5851851851852,green,12.3683829472878
397,22.1,240.996687522517,240.996687522517,0,12.1960942414491,0,28.9192922719993,12.6014814814815,green,12.1960942414491
397,22.2,242.236296946661,242.236296946661,0,12.3960942414491,0,28.9606458108174,12.6177777777778,green,12.4020064417374
397,22.3,243.459276378887,243.459276378887,0,12.2297943222575,0,28.9836289792651,12.6340740740741,green,12.2297943222575
397,22.4,244.702255811113,244.702255811113,0,12.4297943222575,0,29.0248717692615,12.6503703703704,green,12.4330119327436
397,22.5,245.928330254998,245.928330254998,0,12.260744438853,0,29.0477441888877,12.6666666666667,green,12.260744438853
397,22.6000000000001,247.174404698884,247.174404698884,0,12.460744438853,0,29.0891512264839,12.682962962963,green,12.4667941373519
397,22.7000000000001,248.40386557561,248.40386557561,0,12.2946087672612,0,29.1121878937097,12.6992592592593,green,12.2946087672612
397,22.8000000000001,249.653326452336,249.653326452336,0,12.4946087672612,0,29.1534677577244,12.7155555555556,green,12.4976806671566
397,22.9000000000001,250.885869623363,250.885869623363,0,12.325431710275,0,29.1763772513686,12.7318518518519,green,12.325431710275
397,23.0000000000001,252.138412794391,252.138412794391,0,12.525431710275,0,29.2178340803412,12.7481481481482,green,12.5316334780437
397,23.1000000000001,253.374360094755,253.374360094755,0,12.3594730036411,0,29.2409205389433,12.7644444444445,green,12.3594730036411
397,23.2000000000001,254.630307395119,254.630307395119,0,12.5594730036411,0,29.2822324978385,12.7807407407408,green,12.5623839860189
397,23.3000000000001,255.869322502777,255.869322502777,0,12.3901510765776,0,29.3051740863633,12.797037037037,green,12.3901510765776
397,23.4000000000001,257.128337610435,257.128337610435,0,12.5901510765776,0,29.3466774972241,12.8133333333333,green,12.5965210053678
397,23.5000000000001,258.370775992625,258.370775992625,0,12.4243838219093,0,29.3698105377144,12.8296296296296,green,12.4243838219093
397,23.6000000000001,259.633214374816,259.633214374816,0,12.6243838219093,0,29.4111499333013,12.8459259259259,green,12.6271170706673
397,23.7000000000001,260.878704162774,260.878704162774,0,12.4548978795719,0,29.4341189585178,12.8622222222222,green,12.4548978795719
397,23.8000000000001,262.144193950731,262.144193950731,0,12.6548978795719,0,29.4756662075977,12.8785185185185,green,12.6614537427455
397,23.9000000000001,263.39312779857,263.39312779857,0,12.4893384783965,0,29.4988430863072,12.8948148148148,green,12.4893384783965
397,24.0000000000001,264.66206164641,264.66206164641,0,12.6893384783965,0,29.5402055347639,12.9111111111111,green,12.6918754000965
397,24.1000000000001,265.914028419954,265.914028419954,0,12.519667735436,0,29.5631976128502,12.9274074074074,green,12.519667735436
397,24.2000000000001,267.185995193497,267.185995193497,0,12.719667735436,0,29.6047863948621,12.9437037037037,green,12.7264291656988
397,24.3000000000001,268.441428660279,268.441428660279,0,12.5543346678159,0,29.6280048065037,12.96,green,12.5543346678159
397,24.4000000000001,269.71686212706,269.71686212706,0,12.7543346678159,0,29.669386154537,12.9762962962963,green,12.7566547057489
397,24.5000000000001,270.975307776148,270.975307776148,0,12.5844564908766,0,29.6923971321999,12.9925925925926,green,12.5844564908766
397,24.6000000000001,272.252556077096,272.252556077096,0,12.7724830094796,0,29.7335153643488,12.9901818181818,green,12.7724830094796
397,24.7000000000001,273.510245220227,273.510245220227,0,12.5768914313117,0,29.754385245219,12.9721818181818,green,12.5768914313117
397,24.8000000000001,274.78762497311,274.78762497311,0,12.7737975288231,0,29.793014283906,12.9541818181818,green,12.7737975288231
397,24.9000000000001,276.044371037688,276.044371037688,0,12.5674606457797,0,29.8101527128419,12.9361818181818,green,12.5674606457797
397,25.0000000000001,277.321117102266,277.321117102266,0,12.7674606457797,0,29.8461248300821,12.9181818181818,green,12.7737835874432
397,25.1000000000001,278.577404066872,278.577404066872,0,12.5628696460633,0,29.8602969473224,12.9001818181818,green,12.5628696460633
397,25.2000000000001,279.853691031478,279.853691031478,0,12.7628696460633,0,29.8931281645342,12.8821818181818,green,12.7658762543856
397,25.3000000000001,281.109030217777,281.109030217777,0,12.5533918629915,0,29.9041593817461,12.8641818181818,green,12.5533918629915
397,25.4000000000001,282.384369404077,282.384369404077,0,12.7533918629915,0,29.9343383772651,12.8461818181818,green,12.7599591438228
397,25.5000000000001,283.638984268235,283.638984268235,0,12.5461486415823,0,29.9427173727841,12.8281818181818,green,12.5461486415823
397,25.6000000000001,284.913599132393,284.913599132393,0,12.7461486415823,0,29.9700206904441,12.8101818181818,green,12.7490435218216
397,25.7000000000001,286.166978650458,286.166978650458,0,12.5337951806515,0,29.9755240081041,12.7921818181818,green,12.5337951806515
397,25.8000000000001,287.440358168523,287.440358168523,0,12.7337951806515,0,30.0004626718571,12.7741818181818,green,12.7406179734588
397,25.9000000000001,288.692776899057,288.692776899057,0,12.5241873053354,0,30.0036013356101,12.7561818181818,green,12.5241873053354
397,26.0000000000001,289.96519562959,289.96519562959,0,12.7241873053354,0,30.0259007868948,12.7381818181818,green,12.7269449062938
397,26.1000000000001,291.216115092784,291.216115092784,0,12.5091946319362,0,30.0264002381795,12.7201818181818,green,12.5091946319362
397,26.2000000000001,292.487034555978,292.487034555978,0,12.7091946319362,0,30.046598956804,12.7021818181818,green,15
397,26.3000000000001,293.736783158374,293.736783158374,0,12.4974860239599,0,30.0449976754286,12.6841818181818,green,12.4974860239599
397,26.4000000000001,295.00653176077,295.00653176077,0,12.6974860239599,0,30.0627672548508,12.6661818181818,green,15
397,26.5000000000001,296.254538181905,296.254538181905,0,12.4800642113584,0,30.058736834273,12.6481818181818,green,12.4800642113584
397,26.6000000000001,297.522544603041,297.522544603041,0,12.6800642113584,0,30.0746485949554,12.6301818181818,green,15
397,26.7000000000001,298.769194381506,298.769194381506,0,12.4664977846423,0,30.0687603556378,12.6121818181818,green,12.4664977846423
397,26.8000000000001,300.03584415997,300.03584415997,0,12.6664977846423,0,30.0824287589917,12.5941818181818,green,15
397,26.9000000000001,301.280527421441,301.280527421441,0,12.4468326147123,0,30.0742971623457,12.5761818181818,green,12.4468326147123
397,27.0000000000001,302.545210682912,302.545210682912,0,12.6468326147123,0,30.0863320826926,12.5581818181818,green,15
397,27.1000000000001,303.788373953411,303.788373953411,0,12.4316327049893,0,30.0765670030396,12.5401818181818,green,12.4316327049893
397,27.2000000000001,305.05153722391,305.05153722391,0,12.6316327049893,0,30.0865219143589,12.5221818181818,green,15
397,27.3000000000001,306.292525976513,306.292525976513,0,12.4098875260316,0,30.0746768256781,12.5041818181818,green,12.4098875260316
397,27.4000000000001,307.553514729116,307.553514729116,0,12.6098875260316,0,30.0832062548932,12.4861818181818,green,15
397,27.5000000000001,308.792840942537,308.792840942537,0,12.3932621342044,0,30.0699356841083,12.4681818181818,green,12.3932621342044
397,27.6000000000001,310.052167155957,310.052167155957,0,12.5932621342044,0,30.076527652506,12.4501818181818,green,15
397,27.7000000000001,311.2891251054,311.2891251054,0,12.3695794944293,0,30.0613196209038,12.4321818181818,green,12.3695794944293
397,27.8000000000001,312.546083054843,312.546083054843,0,12.5695794944293,0,30.0666798532791,12.4141818181818,green,15
397,27.9000000000001,313.781255291501,313.781255291501,0,12.3517223665796,0,30.0502400856543,12.3961818181818,green,12.3517223665796
397,28.0000000000001,315.036427528159,315.036427528159,0,12.5517223665796,0,30.0537860308146,12.3781818181818,green,15
397,28.1000000000001,316.269050072118,316.269050072118,0,12.3262254395895,0,30.0355319759748,12.3601818181818,green,12.3262254395895
397,28.2000000000001,317.521672616077,317.521672616077,0,12.5262254395895,0,30.038027613834,12.3421818181818,green,15
397,28.3000000000001,318.752404416521,318.752404416521,0,12.3073180044389,0,30.0187232516932,12.3241818181818,green,12.3073180044389
397,28.4000000000001,320.003136216965,320.003136216965,0,12.5073180044389,0,30.0195096330676,12.3061818181818,green,15
397,28.5000000000001,321.231147399061,321.231147399061,0,12.2801118209638,0,29.9984960144419,12.2881818181818,green,12.2801118209638
397,28.6000000000001,322.479158581157,322.479158581157,0,12.4801118209638,0,29.9984030141637,12.2701818181818,green,15
397,28.7000000000001,323.747169763254,323.747169763254,0,12.6801118209638,0,29.9765100138855,12.2521818181818,green,15
397,28.8000000000001,324.97518094535,324.97518094535,0,12.2801118209638,0,29.9328170136073,12.2341818181818,green,12.0204785040216
397,28.9000000000001,326.223192127447,326.223192127447,0,12.4801118209638,0,29.9273240133292,12.2161818181818,green,15
397,29.0000000000001,327.440000677821,327.440000677821,0,12.1680855037434,0,29.900031013051,12.1981818181818,green,12.1680855037434
397,29.1000000000001,328.676809228195,328.676809228195,0,12.3680855037434,0,29.9021406444948,12.1801818181818,green,15
397,29.2000000000001,329.93361777857,329.93361777857,0,12.5680855037434,0,29.8824502759387,12.1621818181818,green,15
397,29.3000000000001,331.150426328944,331.150426328944,0,12.1680855037434,0,29.8409599073825,12.1441818181818,green,11.9965762681296
397,29.4000000000001,332.387234879318,332.387234879318,0,12.3680855037434,0,29.8376695388263,12.1261818181818,green,15
397,29.5000000000001,333.644043429693,333.644043429693,0,12.5680855037434,0,29.8125791702702,12.1081818181818,green,15
397,29.6000000000002,334.860851980067,334.860851980067,0,12.1680855037434,0,29.7656888017141,12.0901818181818,green,11.9049407152954
397,29.7000000000002,336.097660530441,336.097660530441,0,12.3680855037434,0,29.7569984331579,12.0721818181818,green,15
397,29.8000000000002,337.302595565115,337.302595565115,0,12.0493503467392,0,29.7265080646017,12.0541818181818,green,12.0493503467392
397,29.9000000000002,338.527530599789,338.527530599789,0,12.2493503467392,0,29.7260912117461,12.0361818181818,green,15
397,30.0000000000002,339.772465634463,339.772465634463,0,12.4493503467392,0,29.7038743588903,12.0181818181818,green,15
397,30.1000000000002,340.977400669137,340.977400669137,0,12.0493503467392,0,29.6598575060345,12.0001818181818,green,11.8807602244598
397,30.2000000000002,342.202335703811,342.202335703811,0,12.2493503467392,0,29.6540406531789,11.9821818181818,green,15
397,30.3000000000002,343.447270738485,343.447270738485,0,12.4493503467392,0,29.6264238003232,11.9641818181818,green,15
397,30.4000000000002,344.652205773159,344.652205773159,0,12.0493503467392,0,29.5770069474674,11.9461818181818,green,11.7853349451763
397,30.5000000000002,345.877140807833,345.877140807833,0,12.2493503467392,0,29.5657900946117,11.9281818181818,green,15
397,30.6000000000002,347.122075842507,347.122075842507,0,12.4493503467392,0,29.532773241756,11.9101818181818,green,15
397,30.7000000000002,348.327010877181,348.327010877181,0,12.0493503467392,0,29.4779563889003,11.8921818181818,green,11.6818096658927
397,30.8000000000002,349.551945911854,349.551945911854,0,12.2493503467392,0,29.4613395360445,11.8741818181818,green,15
397,30.9000000000002,350.736880946528,350.736880946528,0,11.8493503467392,0,29.4229226831888,11.8561818181818,green,11.818292813037
397,31.0000000000002,351.941815981202,351.941815981202,0,12.0493503467392,0,29.4227058303331,11.8381818181818,green,15
397,31.1000000000002,353.166751015876,353.166751015876,0,12.2493503467392,0,29.4006889774774,11.8201818181818,green,15
397,31.2000000000002,354.35168605055,354.35168605055,0,11.8493503467392,0,29.3568721246216,11.8021818181818,green,11.7312675337534
397,31.3000000000002,355.556621085224,355.556621085224,0,12.0493503467392,0,29.3512552717659,11.7841818181818,green,15
397,31.4000000000002,356.781556119898,356.781556119898,0,12.2493503467392,0,29.3238384189103,11.7661818181818,green,15
397,31.5000000000002,357.966491154572,357.966491154572,0,11.8493503467392,0,29.2746215660545,11.7481818181818,green,11.6361422544698
397,31.6000000000002,359.171426189246,359.171426189246,0,12.0493503467392,0,29.2636047131988,11.7301818181818,green,15
397,31.7000000000002,360.39636122392,360.39636122392,0,12.2493503467392,0,29.2307878603431,11.7121818181818,green,15
397,31.8000000000002,361.581296258594,361.581296258594,0,11.8493503467392,0,29.1761710074874,11.6941818181818,green,11.5329169751863
397,31.9000000000002,362.786231293268,362.786231293268,0,12.0493503467392,0,29.1597541546316,11.6761818181818,green,15
397,32.0000000000002,364.011166327941,364.011166327941,0,12.2493503467392,0,29.121537301776,11.6581818181818,green,15
397,32.1000000000002,365.196101362615,365.196101362615,0,11.8493503467392,0,29.0615204489202,11.6401818181818,green,11.4215916959027
397,32.2000000000002,366.401036397289,366.401036397289,0,12.0493503467392,0,29.0397035960645,11.6221818181818,green,15
397,32.3000000000002,367.565971431963,367.565971431963,0,11.6493503467392,0,28.9960867432088,11.6041818181818,green,11.552874843047
397,32.4000000000002,368.750906466637,368.750906466637,0,11.8493503467392,0,28.990669890353,11.5861818181818,green,15
397,32.5000000000002,369.955841501311,369.955841501311,0,12.0493503467392,0,28.9634530374973,11.5681818181818,green,15
397,32.6000000000002,371.120776535985,371.120776535985,0,11.6493503467392,0,28.9144361846416,11.5501818181818,green,11.4580495637634
397,32.7000000000002,372.305711570659,372.305711570659,0,11.8493503467392,0,28.9036193317859,11.5321818181818,green,15
397,32.8000000000002,373.510646605333,373.510646605333,0,12.0493503467392,0,28.8710024789302,11.5141818181818,green,15
397,32.9000000000002,374.675581640007,374.675581640007,0,11.6493503467392,0,28.8165856260745,11.4961818181818,green,11.3551242844798
397,33.0000000000002,375.860516674681,375.860516674681,0,11.8493503467392,0,28.8003687732187,11.4781818181818,green,15
397,33.1000000000002,377.065451709354,377.065451709354,0,12.0493503467392,0,28.762351920363,11.4601818181818,green,15
397,33.2000000000002,378.230386744028,378.230386744028,0,11.6493503467392,0,28.7025350675073,11.4421818181818,green,11.2440990051962
397,33.3000000000002,379.415321778702,379.415321778702,0,11.8493503467392,0,28.6809182146516,11.4241818181818,green,15
397,33.4000000000002,380.560256813376,380.560256813376,0,11.4493503467392,0,28.6375013617958,11.4061818181818,green,11.3755821523405
397,33.5000000000002,381.72519184805,381.72519184805,0,11.6493503467392,0,28.6322845089402,11.3881818181818,green,15
397,33.6000000000002,382.910126882724,382.910126882724,0,11.8493503467392,0,28.6052676560844,11.3701818181818,green,15
397,33.7000000000002,384.055061917398,384.055061917398,0,11.4493503467392,0,28.5564508032288,11.3521818181818,green,11.281056873057
397,33.8000000000002,385.219996952072,385.219996952072,0,11.6493503467392,0,28.5458339503731,11.3341818181818,green,15
397,33.9000000000002,386.404931986746,386.404931986746,0,11.8493503467392,0,28.5134170975173,11.3161818181818,green,15
397,34.0000000000002,387.54986702142,387.54986702142,0,11.4493503467392,0,28.4592002446615,11.2981818181818,green,11.1784315937733
397,34.1000000000002,388.714802056094,388.714802056094,0,11.6493503467392,0,28.4431833918058,11.2801818181818,green,15
397,34.2000000000002,389.899737090768,389.899737090768,0,11.8493503467392,0,28.4053665389501,11.2621818181818,green,15
397,34.3000000000002,391.044672125441,391.044672125441,0,11.4493503467392,0,28.3457496860944,11.2441818181818,green,11.0677063144898
397,34.4000000000002,392.209607160115,392.209607160115,0,11.6493503467392,0,28.3243328332387,11.2261818181818,green,15
397,34.5000000000002,393.334542194789,393.334542194789,0,11.2493503467392,0,28.2811159803829,11.2081818181818,green,11.1993894616341
397,34.6000000000002,394.479477229463,394.479477229463,0,11.4493503467392,0,28.2760991275272,11.1901818181818,green,15
397,34.7000000000002,395.644412264137,395.644412264137,0,11.6493503467392,0,28.2492822746715,11.1721818181818,green,15
397,34.8000000000002,396.769347298811,396.769347298811,0,11.2493503467392,0,28.2006654218158,11.1541818181818,green,11.1051641823505
397,34.9000000000002,397.914282333485,397.914282333485,0,11.4493503467392,0,28.1902485689601,11.1361818181818,green,15
397,35.0000000000002,399.079217368159,399.079217368159,0,11.6493503467392,0,28.1580317161045,11.1181818181818,red,15
397,35.1000000000002,400.204152402833,400.204152402833,0,11.2493503467392,0,28.1040148632487,11.1001818181818,red,11.0028389030669
397,35.2000000000002,401.349087437507,401.349087437507,0,11.4493503467392,0,28.0881980103929,11.0821818181818,red,15
397,35.3000000000002,402.514022472181,402.514022472181,0,11.6493503467392,0,28.0505811575372,11.0641818181818,red,15
397,35.4000000000002,403.638957506854,403.638957506854,0,11.2493503467392,0,27.9911643046815,11.0461818181818,red,10.8924136237833
397,35.5000000000002,404.783892541528,404.783892541528,0,11.4493503467392,0,27.9699474518258,11.0281818181818,red,15
397,35.6000000000002,405.948827576202,405.948827576202,0,11.6493503467392,0,27.9269305989701,11.0101818181818,red,15
397,35.7000000000002,407.073762610876,407.073762610876,0,11.2493503467392,0,27.8621137461143,10.9921818181818,red,10.7738883444998
397,35.8000000000002,408.21869764555,408.21869764555,0,11.4493503467392,0,27.8354968932586,10.9741818181818,red,15
397,35.9000000000002,409.323632680224,409.323632680224,0,11.0493503467392,0,27.7870800404029,10.9561818181818,red,10.9003714916441
397,36.0000000000002,410.448567714898,410.448567714898,0,11.2493503467392,0,27.7768631875471,10.9381818181818,red,15
397,36.1000000000002,411.593502749572,411.593502749572,0,11.4493503467392,0,27.7448463346915,10.9201818181818,red,15
397,36.2000000000002,412.698437784246,412.698437784246,0,11.0493503467392,0,27.6910294818359,10.9021818181818,red,10.7983462123605
397,36.3000000000002,413.82337281892,413.82337281892,0,11.2493503467392,0,27.67541262898,10.8841818181818,red,15
397,36.4000000000002,414.968307853594,414.968307853594,0,11.4493503467392,0,27.6379957761243,10.8661818181818,red,15
397,36.5000000000002,416.073242888267,416.073242888268,0,11.0493503467392,0,27.5787789232687,10.8481818181818,red,10.6882209330769
397,36.6000000000003,417.198177922941,417.198177922941,0,11.2493503467392,0,27.5577620704128,10.8301818181818,red,15
397,36.7000000000003,418.343112957615,418.343112957615,0,11.4493503467392,0,27.5149452175572,10.8121818181818,red,15
397,36.8000000000003,419.448047992289,419.448047992289,0,11.0493503467392,0,27.4503283647015,10.7941818181818,red,10.5699956537934
397,36.9000000000003,420.572983026963,420.572983026963,0,11.2493503467392,0,27.4239115118457,10.7761818181818,red,15
397,37.0000000000003,421.657918061637,421.657918061637,0,10.8493503467392,0,27.37569465899,10.7581818181818,red,10.6966788009376
397,37.1000000000003,422.762853096311,422.762853096311,0,11.0493503467392,0,27.3656778061343,10.7401818181818,red,15
397,37.2000000000003,423.887788130985,423.887788130985,0,11.2493503467392,0,27.3338609532786,10.7221818181818,red,15
397,37.3000000000003,424.972723165659,424.972723165659,0,10.8493503467392,0,27.2802441004229,10.7041818181818,red,10.594953521654
397,37.4000000000003,426.077658200333,426.077658200333,0,11.0493503467392,0,27.2648272475672,10.6861818181818,red,15
397,37.5000000000003,427.202593235007,427.202593235007,0,11.2493503467392,0,27.2276103947115,10.6681818181818,red,15
397,37.6000000000003,428.28752826968,428.28752826968,0,10.8493503467392,0,27.1685935418557,10.6501818181818,red,10.4851282423705
397,37.7000000000003,429.392463304354,429.392463304354,0,11.0493503467392,0,27.147776689,10.6321818181818,red,15
397,37.8000000000003,430.517398339028,430.517398339028,0,11.2493503467392,0,27.1051598361443,10.6141818181818,red,15
397,37.9000000000003,431.602333373702,431.602333373702,0,10.8493503467392,0,27.0407429832885,10.5961818181818,red,10.3672029630869
397,38.0000000000003,432.707268408376,432.707268408376,0,11.0493503467392,0,27.0145261304328,10.5781818181818,red,15
397,38.1000000000003,433.77220344305,433.77220344305,0,10.6493503467392,0,26.9665092775771,10.5601818181818,red,10.4940861102312
397,38.2000000000003,434.857138477724,434.857138477724,0,10.8493503467392,0,26.9566924247214,10.5421818181818,red,15
397,38.3000000000003,435.962073512398,435.962073512398,0,11.0493503467392,0,26.9250755718658,10.5241818181818,red,15
397,38.4000000000003,437.027008547072,437.027008547072,0,10.6493503467392,0,26.87165871901,10.5061818181818,red,10.3926608309476
397,38.5000000000003,438.111943581746,438.111943581746,0,10.8493503467392,0,26.8564418661543,10.4881818181818,red,15
397,38.6000000000003,439.21687861642,439.21687861642,0,11.0493503467392,0,26.8194250132985,10.4701818181818,red,15
397,38.7000000000003,440.281813651094,440.281813651094,0,10.6493503467392,0,26.7606081604428,10.4521818181818,red,10.283135551664
397,38.8000000000003,441.366748685767,441.366748685767,0,10.8493503467392,0,26.7399913075871,10.4341818181818,red,15
397,38.9000000000003,442.411683720441,442.411683720441,0,10.4493503467392,0,26.6975744547314,10.4161818181818,red,10.4156186988083
397,39.0000000000003,443.476618755115,443.476618755115,0,10.6493503467392,0,26.6933576018757,10.3981818181818,red,15
397,39.1000000000003,444.561553789789,444.561553789789,0,10.8493503467392,0,26.66734074902,10.3801818181818,red,15
397,39.2000000000003,445.606488824463,445.606488824463,0,10.4493503467392,0,26.6195238961642,10.3621818181818,red,10.3225934195247
397,39.3000000000003,446.671423859137,446.671423859137,0,10.6493503467392,0,26.6099070433085,10.3441818181818,red,15
397,39.4000000000003,447.756358893811,447.756358893811,0,10.8493503467392,0,26.5784901904528,10.3261818181818,red,15
397,39.5000000000003,448.801293928485,448.801293928485,0,10.4493503467392,0,26.5252733375971,10.3081818181818,red,10.2214681402412
397,39.6000000000003,449.866228963159,449.866228963159,0,10.6493503467392,0,26.5102564847413,10.2901818181818,red,15
397,39.7000000000003,450.951163997833,450.951163997833,0,10.8493503467392,0,26.4734396318856,10.2721818181818,red,15
397,39.8000000000003,451.996099032506,451.996099032506,0,10.4493503467392,0,26.41482277903,10.2541818181818,red,10.1122428609576
397,39.9000000000003,453.06103406718,453.06103406718,0,10.6493503467392,0,26.3944059261742,10.2361818181818,red,15
397,40.0000000000003,454.145969101854,454.145969101854,0,10.8493503467392,0,26.3521890733185,10.2181818181818,red,15
397,40.1000000000003,455.190904136528,455.190904136528,0,10.4493503467392,0,26.2881722204629,10.2001818181818,red,9.99491758167404
397,40.2000000000003,456.255839171202,456.255839171202,0,10.6493503467392,0,26.2623553676071,10.1821818181818,red,15
397,40.3000000000003,457.280774205876,457.280774205876,0,10.2493503467392,0,26.2147385147513,10.1641818181818,red,10.1222007288183
397,40.4000000000003,458.32570924055,458.32570924055,0,10.4493503467392,0,26.2053216618957,10.1461818181818,red,15
397,40.5000000000003,459.390644275224,459.390644275224,0,10.6493503467392,0,26.1741048090399,10.1281818181818,red,15
397,40.6000000000003,460.415579309898,460.415579309898,0,10.2493503467392,0,26.1210879561841,10.1101818181818,red,10.0213754495347
397,40.7000000000003,461.460514344572,461.460514344572,0,10.4493503467392,0,26.1062711033285,10.0921818181818,red,15
397,40.8000000000003,462.525449379246,462.525449379246,0,10.6493503467392,0,26.0696542504728,10.0741818181818,red,15
397,40.9000000000003,463.550384413919,463.550384413919,0,10.2493503467392,0,26.011237397617,10.0561818181818,red,9.91245017025113
397,41.0000000000003,464.595319448593,464.595319448593,0,10.4493503467392,0,25.9910205447613,10.0381818181818,red,15
397,41.1000000000003,465.660254483267,465.660254483267,0,10.6493503467391,0,25.9490036919056,10.0201818181818,red,15
397,41.2000000000003,466.685189517941,466.685189517941,0,10.2493503467391,0,25.8851868390499,10.0021818181818,red,9.79542489096755
397,41.3000000000003,467.730124552615,467.730124552615,0,10.4493503467391,0,25.8595699861942,9.98418181818176,red,15
397,41.4000000000003,468.735059587289,468.735059587289,0,10.0493503467391,0,25.8121531333384,9.96618181818176,red,9.92290803811183
397,41.5000000000003,469.759994621963,469.759994621963,0,10.2493503467391,0,25.8029362804828,9.94818181818176,red,15
397,41.6000000000003,470.804929656637,470.804929656637,0,10.4493503467391,0,25.771919427627,9.93018181818176,red,15
397,41.7000000000003,471.809864691311,471.809864691311,0,10.0493503467391,0,25.7191025747713,9.91218181818176,red,9.82238275882826
397,41.8000000000003,472.834799725985,472.834799725985,0,10.2493503467391,0,25.7044857219156,9.89418181818176,red,15
397,41.9000000000003,473.879734760659,473.879734760659,0,10.4493503467391,0,25.6680688690599,9.87618181818176,red,15
397,42.0000000000003,474.884669795332,474.884669795332,0,10.0493503467391,0,25.6098520162042,9.85818181818176,red,9.7137574795447
397,42.1000000000003,475.909604830006,475.909604830006,0,10.2493503467391,0,25.5898351633484,9.84018181818176,red,15
397,42.2000000000003,476.95453986468,476.95453986468,0,10.4493503467391,0,25.5480183104927,9.82218181818176,red,15
397,42.3000000000003,477.959474899354,477.959474899354,0,10.0493503467391,0,25.484401457637,9.80418181818176,red,9.59703220026113
397,42.4000000000003,478.984409934028,478.984409934028,0,10.2493503467391,0,25.4589846047813,9.78618181818176,red,15
397,42.5000000000003,479.969344968702,479.969344968702,0,9.84935034673914,0,25.4117677519255,9.76818181818176,red,9.72471534740539
397,42.6000000000003,480.974280003376,480.974280003376,0,10.0493503467391,0,25.4027508990698,9.75018181818176,red,15
397,42.7000000000003,481.93921503805,481.93921503805,0,9.64935034673914,0,25.3719340462142,9.73218181818176,red,8.84935034673914
397,42.8000000000003,482.864150072724,482.864150072724,0,9.24935034673914,0,25.3793171933583,9.71418181818176,red,8.44935034673914
397,42.9000000000003,483.749085107398,483.749085107398,0,8.84935034673914,0,25.4249003405026,9.69618181818176,red,8.04935034673914
397,43.0000000000003,484.594020142072,484.594020142072,0,8.44935034673914,0,25.5086834876469,9.67818181818176,red,7.64935034673914
397,43.1000000000003,485.398955176746,485.398955176746,0,8.04935034673914,0,25.6306666347912,9.66018181818176,red,7.24935034673914
397,43.2000000000003,486.163890211419,486.163890211419,0,7.64935034673914,0,25.7908497819354,9.64218181818176,red,6.84935034673914
397,43.3000000000003,486.888825246093,486.888825246093,0,7.24935034673914,0,25.9892329290797,9.62418181818176,red,6.44935034673914
397,43.4000000000003,487.573760280767,487.573760280767,0,6.84935034673914,0,26.225816076224,9.60618181818176,red,6.04935034673914
397,43.5000000000003,488.218695315441,488.218695315441,0,6.44935034673914,0,26.5005992233683,9.58818181818176,red,5.64935034673914
397,43.6000000000003,488.823630350115,488.823630350115,0,6.04935034673914,0,26.8135823705126,9.57018181818176,red,5.24935034673914
397,43.7000000000004,489.388565384789,489.388565384789,0,5.64935034673914,0,27.1647655176568,9.55218181818175,red,4.84935034673914
397,43.8000000000004,489.913500419463,489.913500419463,0,5.24935034673914,0,27.5541486648012,9.53418181818176,red,4.44935034673914
397,43.9000000000004,490.398435454137,490.398435454137,0,4.84935034673914,0,27.9817318119454,9.51618181818175,red,4.04935034673914
397,44.0000000000004,490.843370488811,490.843370488811,0,4.44935034673914,0,28.4475149590897,9.49818181818175,red,3.64935034673914
397,44.1000000000004,491.248305523485,491.248305523485,0,4.04935034673914,0,28.951498106234,9.48018181818176,red,3.24935034673914
397,44.2000000000004,491.613240558159,491.613240558159,0,3.64935034673914,0,29.4936812533782,9.46218181818175,red,2.84935034673914
397,44.3000000000004,491.938175592832,491.938175592832,0,3.24935034673914,0,30.0740644005226,9.44418181818175,red,2.44935034673914
397,44.4000000000004,492.223110627506,492.223110627506,0,2.84935034673914,0,30.6926475476668,9.42618181818175,red,2.04935034673914
397,44.5000000000004,492.46804566218,492.46804566218,0,2.44935034673914,0,31.3494306948111,9.40818181818175,red,0
397,44.6000000000004,492.672980696854,492.672980696854,0,2.04935034673914,0,32.0444138419554,9.39018181818175,red,0
397,44.7000000000004,492.837915731528,492.837915731528,0,1.64935034673914,0,32.7775969890995,9.37218181818175,red,0
397,44.8000000000004,492.962850766202,492.962850766202,0,1.24935034673914,0,33.5489801362438,9.35418181818175,red,0
397,44.9000000000004,493.047785800876,493.047785800876,0,0.849350346739136,0,34.3585632833881,9.33618181818175,red,0
397,45.0000000000004,493.09272083555,493.09272083555,0,0.449350346739136,0,35.2063464305325,9.31818181818175,red,0
397,45.1000000000004,493.097655870224,493.097655870224,0,0.0493503467391362,0,36.0923295776767,9.30018181818175,red,0
397,45.2000000000004,493.097655870224,493.097655870224,0,0,0,37.0165127248209,9.28218181818175,red,0
397,45.3000000000004,493.097655870224,493.097655870224,0,0,0,37.9438309066392,9.26418181818175,red,0
397,45.4000000000004,493.097655870224,493.097655870224,0,0,0,38.8693490884574,9.24618181818175,red,0
397,45.5000000000004,493.097655870224,493.097655870224,0,0,0,39.7930672702755,9.22818181818175,red,0
397,45.6000000000004,493.097655870224,493.097655870224,0,0,0,40.7149854520937,9.21018181818175,red,0
397,45.7000000000004,493.097655870224,493.097655870224,0,0,0,41.635103633912,9.19218181818175,red,0
397,45.8000000000004,493.097655870224,493.097655870224,0,0,0,42.5534218157301,9.17418181818175,red,0
397,45.9000000000004,493.097655870224,493.097655870224,0,0,0,43.4699399975483,9.15618181818175,red,0
397,46.0000000000004,493.097655870224,493.097655870224,0,0,0,44.3846581793665,9.13818181818175,red,0
397,46.1000000000004,493.097655870224,493.097655870224,0,0,0,45.2975763611847,9.12018181818175,red,0
397,46.2000000000004,493.097655870224,493.097655870224,0,0,0,46.2086945430028,9.10218181818175,red,0
397,46.3000000000004,493.097655870224,493.097655870224,0,0,0,47.118012724821,9.08418181818175,red,0
397,46.4000000000004,493.097655870224,493.097655870224,0,0,0,48.0255309066392,9.06618181818175,red,0
397,46.5000000000004,493.097655870224,493.097655870224,0,0,0,48.9312490884574,9.04818181818175,red,0
397,46.6000000000004,493.097655870224,493.097655870224,0,0,0,49.8351672702756,9.03018181818175,red,0
397,46.7000000000004,493.097655870224,493.097655870224,0,0,0,50.7372854520938,9.01218181818175,red,0
397,46.8000000000004,493.097655870224,493.097655870224,0,0,0,51.637603633912,8.99418181818175,red,0
397,46.9000000000004,493.097655870224,493.097655870224,0,0,0,52.5361218157302,8.97618181818175,red,0
397,47.0000000000004,493.097655870224,493.097655870224,0,0,0,53.4328399975484,8.95818181818175,red,0
397,47.1000000000004,493.097655870224,493.097655870224,0,0,0,54.3277581793665,8.94018181818175,red,0
397,47.2000000000004,493.097655870224,493.097655870224,0,0,0,55.2208763611848,8.92218181818175,red,0
397,47.3000000000004,493.097655870224,493.097655870224,0,0,0,56.1121945430029,8.90418181818175,red,0
397,47.4000000000004,493.097655870224,493.097655870224,0,0,0,57.0017127248211,8.88618181818175,red,0
397,47.5000000000004,493.097655870224,493.097655870224,0,0,0,57.8894309066393,8.86818181818175,red,0
397,47.6000000000004,493.097655870224,493.097655870224,0,0,0,58.7753490884576,8.85018181818175,red,0
397,47.7000000000004,493.097655870224,493.097655870224,0,0,0,59.6594672702757,8.83218181818174,red,0
397,47.8000000000004,493.097655870224,493.097655870224,0,0,0,60.5417854520939,8.81418181818174,red,0
397,47.9000000000004,493.097655870224,493.097655870224,0,0,0,61.4223036339121,8.79618181818174,red,0
397,48.0000000000004,493.097655870224,493.097655870224,0,0,0,62.3010218157302,8.77818181818174,red,0
397,48.1000000000004,493.097655870224,493.097655870224,0,0,0,63.1779399975484,8.76018181818174,red,0
397,48.2000000000004,493.097655870224,493.097655870224,0,0,0,64.0530581793666,8.74218181818175,red,0
397,48.3000000000004,493.097655870224,493.097655870224,0,0,0,64.9263763611848,8.72418181818174,red,0
397,48.4000000000004,493.097655870224,493.097655870224,0,0,0,65.7978945430031,8.70618181818174,red,0
397,48.5000000000004,493.097655870224,493.097655870224,0,0,0,66.6676127248212,8.68818181818174,red,0
397,48.6000000000004,493.097655870224,493.097655870224,0,0,0,67.5355309066393,8.67018181818174,red,0
397,48.7000000000004,493.097655870224,493.097655870224,0,0,0,68.4016490884575,8.65218181818174,red,0
397,48.8000000000004,493.097655870224,493.097655870224,0,0,0,69.2659672702758,8.63418181818174,red,0
397,48.9000000000004,493.097655870224,493.097655870224,0,0,0,70.128485452094,8.61618181818174,red,0
397,49.0000000000004,493.097655870224,493.097655870224,0,0,0,70.9892036339121,8.59818181818174,red,0
397,49.1000000000004,493.097655870224,493.097655870224,0,0,0,71.8481218157302,8.58018181818174,red,0
397,49.2000000000004,493.097655870224,493.097655870224,0,0,0,72.7052399975485,8.56218181818174,red,0
397,49.3000000000004,493.097655870224,493.097655870224,0,0,0,73.5605581793667,8.54418181818174,red,0
397,49.4000000000004,493.097655870224,493.097655870224,0,0,0,74.4140763611848,8.52618181818174,red,0
397,49.5000000000004,493.097655870224,493.097655870224,0,0,0,75.265794543003,8.50818181818174,red,0
397,49.6000000000004,493.097655870224,493.097655870224,0,0,0,76.1157127248213,8.49018181818174,red,0
397,49.7000000000004,493.097655870224,493.097655870224,0,0,0,76.9638309066394,8.47218181818174,red,0
397,49.8000000000004,493.097655870224,493.097655870224,0,0,0,77.8101490884576,8.45418181818174,red,0
397,49.9000000000004,493.097655870224,493.097655870224,0,0,0,78.6546672702758,8.43618181818174,red,0
397,50.0000000000004,493.097655870224,493.097655870224,0,0,0,79.4973854520939,8.41818181818174,red,0
397,50.1000000000004,493.097655870224,493.097655870224,0,0,0,80.3383036339122,8.40018181818174,red,0
397,50.2000000000004,493.097655870224,493.097655870224,0,0,0,81.1774218157303,8.38218181818174,red,0
397,50.3000000000004,493.097655870224,493.097655870224,0,0,0,82.0147399975485,8.36418181818174,red,0
397,50.4000000000004,493.097655870224,493.097655870224,0,0,0,82.8502581793667,8.34618181818174,red,0
397,50.5000000000004,493.097655870224,493.097655870224,0,0,0,83.6839763611849,8.32818181818174,red,0
397,50.6000000000004,493.097655870224,493.097655870224,0,0,0,84.5158945430031,8.31018181818174,red,0
397,50.7000000000005,493.097655870224,493.097655870224,0,0,0,85.3460127248212,8.29218181818174,red,0
397,50.8000000000005,493.097655870224,493.097655870224,0,0,0,86.1743309066395,8.27418181818174,red,0
397,50.9000000000005,493.097655870224,493.097655870224,0,0,0,87.0008490884576,8.25618181818174,red,0
397,51.0000000000005,493.097655870224,493.097655870224,0,0,0,87.8255672702759,8.23818181818174,red,0
397,51.1000000000005,493.097655870224,493.097655870224,0,0,0,88.648485452094,8.22018181818174,red,0
397,51.2000000000005,493.097655870224,493.097655870224,0,0,0,89.4696036339122,8.20218181818174,red,0
397,51.3000000000005,493.097655870224,493.097655870224,0,0,0,90.2889218157304,8.18418181818174,red,0
397,51.4000000000005,493.097655870224,493.097655870224,0,0,0,91.1064399975486,8.16618181818174,red,0
397,51.5000000000005,493.097655870224,493.097655870224,0,0,0,91.9221581793668,8.14818181818174,red,0
397,51.6000000000005,493.097655870224,493.097655870224,0,0,0,92.7360763611849,8.13018181818174,red,0
397,51.7000000000005,493.097655870224,493.097655870224,0,0,0,93.5481945430031,8.11218181818174,red,0
397,51.8000000000005,493.097655870224,493.097655870224,0,0,0,94.3585127248213,8.09418181818173,red,0
397,51.9000000000005,493.097655870224,493.097655870224,0,0,0,95.1670309066395,8.07618181818173,red,0
397,52.0000000000005,493.097655870224,493.097655870224,0,0,0,95.9737490884577,8.05818181818173,red,0
397,52.1000000000005,493.097655870224,493.097655870224,0,0,0,96.7786672702758,8.04018181818173,red,0
397,52.2000000000005,493.097655870224,493.097655870224,0,0,0,97.5817854520941,8.02218181818173,red,0
397,52.3000000000005,493.097655870224,493.097655870224,0,0,0,98.3831036339122,8.00418181818173,red,0
397,52.4000000000005,493.097655870224,493.097655870224,0,0,0,99.1826218157304,7.98618181818173,red,0
397,52.5000000000005,493.097655870224,493.097655870224,0,0,0,99.9803399975486,7.96818181818173,red,0
397,52.6000000000005,493.097655870224,493.097655870224,0,0,0,100.776258179367,7.95018181818173,red,0
397,52.7000000000005,493.097655870224,493.097655870224,0,0,0,101.570376361185,7.93218181818173,red,0
397,52.8000000000005,493.097655870224,493.097655870224,0,0,0,102.362694543003,7.91418181818173,red,0
397,52.9000000000005,493.097655870224,493.097655870224,0,0,0,103.153212724821,7.89618181818173,red,0
397,53.0000000000005,493.097655870224,493.097655870224,0,0,0,103.94193090664,7.87818181818173,red,0
397,53.1000000000005,493.097655870224,493.097655870224,0,0,0,104.728849088458,7.86018181818173,red,0
397,53.2000000000005,493.097655870224,493.097655870224,0,0,0,105.513967270276,7.84218181818173,red,0
397,53.3000000000005,493.097655870224,493.097655870224,0,0,0,106.297285452094,7.82418181818173,red,0
397,53.4000000000005,493.097655870224,493.097655870224,0,0,0,107.078803633912,7.80618181818173,red,0
397,53.5000000000005,493.097655870224,493.097655870224,0,0,0,107.85852181573,7.78818181818173,red,0
397,53.6000000000005,493.097655870224,493.097655870224,0,0,0,108.636439997549,7.77018181818173,red,0
397,53.7000000000005,493.097655870224,493.097655870224,0,0,0,109.412558179367,7.75218181818173,red,0
397,53.8000000000005,493.097655870224,493.097655870224,0,0,0,110.186876361185,7.73418181818173,red,0
397,53.9000000000005,493.097655870224,493.097655870224,0,0,0,110.959394543003,7.71618181818173,red,0
397,54.0000000000005,493.097655870224,493.097655870224,0,0,0,111.730112724821,7.69818181818173,red,0
397,54.1000000000005,493.097655870224,493.097655870224,0,0,0,112.49903090664,7.68018181818173,red,0
397,54.2000000000005,493.097655870224,493.097655870224,0,0,0,113.266149088458,7.66218181818173,red,0
397,54.3000000000005,493.097655870224,493.097655870224,0,0,0,114.031467270276,7.64418181818173,red,0
397,54.4000000000005,493.097655870224,493.097655870224,0,0,0,114.794985452094,7.62618181818173,red,0
397,54.5000000000005,493.097655870224,493.097655870224,0,0,0,115.556703633912,7.60818181818173,red,0
397,54.6000000000005,493.097655870224,493.097655870224,0,0,0,116.316621815731,7.59018181818173,red,0
397,54.7000000000005,493.097655870224,493.097655870224,0,0,0,117.074739997549,7.57218181818173,red,0
397,54.8000000000005,493.097655870224,493.097655870224,0,0,0,117.831058179367,7.55418181818173,red,0
397,54.9000000000005,493.097655870224,493.097655870224,0,0,0,118.585576361185,7.53618181818173,red,0
397,55.0000000000005,493.097655870224,493.097655870224,0,0,0,119.338294543003,7.51818181818173,red,0
397,55.1000000000005,493.097655870224,493.097655870224,0,0,0,120.089212724821,7.50018181818173,red,0
397,55.2000000000005,493.097655870224,493.097655870224,0,0,0,120.83833090664,7.48218181818173,red,0
397,55.3000000000005,493.097655870224,493.097655870224,0,0,0,121.585649088458,7.46418181818173,red,0
397,55.4000000000005,493.097655870224,493.097655870224,0,0,0,122.331167270276,7.44618181818173,red,0
397,55.5000000000005,493.097655870224,493.097655870224,0,0,0,123.074885452094,7.42818181818173,red,0
397,55.6000000000005,493.097655870224,493.097655870224,0,0,0,123.816803633912,7.41018181818172,red,0
397,55.7000000000005,493.097655870224,493.097655870224,0,0,0,124.55692181573,7.39218181818172,red,0
397,55.8000000000005,493.097655870224,493.097655870224,0,0,0,125.295239997549,7.37418181818172,red,0
397,55.9000000000005,493.097655870224,493.097655870224,0,0,0,126.031758179367,7.35618181818172,red,0
397,56.0000000000005,493.097655870224,493.097655870224,0,0,0,126.766476361185,7.33818181818172,red,0
397,56.1000000000005,493.097655870224,493.097655870224,0,0,0,127.499394543003,7.32018181818172,red,0
397,56.2000000000005,493.097655870224,493.097655870224,0,0,0,128.230512724821,7.30218181818172,red,0
397,56.3000000000005,493.097655870224,493.097655870224,0,0,0,128.95983090664,7.28418181818172,red,0
397,56.4000000000005,493.097655870224,493.097655870224,0,0,0,129.687349088458,7.26618181818172,red,0
397,56.5000000000005,493.097655870224,493.097655870224,0,0,0,130.413067270276,7.24818181818172,red,0
397,56.6000000000005,493.097655870224,493.097655870224,0,0,0,131.136985452094,7.23018181818172,red,0
397,56.7000000000005,493.097655870224,493.097655870224,0,0,0,131.859103633912,7.21218181818172,red,0
397,56.8000000000005,493.097655870224,493.097655870224,0,0,0,132.579421815731,7.19418181818172,red,0
397,56.9000000000005,493.097655870224,493.097655870224,0,0,0,133.297939997549,7.17618181818172,red,0
397,57.0000000000005,493.117655870224,493.117655870224,0,0.2,0,134.014658179367,7.15818181818172,green,15
397,57.1000000000005,493.157655870224,493.157655870224,0,0.4,0,134.709576361185,7.14018181818172,green,15
397,57.2000000000005,493.217655870224,493.217655870224,0,0.6,0,135.382694543003,7.12218181818172,green,15
397,57.3000000000005,493.297655870224,493.297655870224,0,0.8,0,136.034012724821,7.10418181818172,green,15
397,57.4000000000005,493.397655870224,493.397655870224,0,1,0,136.66353090664,7.08618181818172,green,15
397,57.5000000000005,493.517655870224,493.517655870224,0,1.2,0,137.271249088458,7.06818181818172,green,15
397,57.6000000000005,493.657655870224,493.657655870224,0,1.4,0,137.857167270276,7.05018181818172,green,15
397,57.7000000000005,493.817655870224,493.817655870224,0,1.6,0,138.421285452094,7.03218181818172,green,15
397,57.8000000000006,493.997655870224,493.997655870224,0,1.8,0,138.963603633912,7.01418181818172,green,15
397,57.9000000000006,494.197655870224,494.197655870224,0,2,0,139.48412181573,6.99618181818172,green,15
397,58.0000000000006,494.417655870224,494.417655870224,0,2.2,0,139.982839997549,6.97818181818172,green,15
397,58.1000000000006,494.657655870224,494.657655870224,0,2.4,0,140.459758179367,6.96018181818172,green,15
397,58.2000000000006,494.917655870224,494.917655870224,0,2.6,0,140.914876361185,6.94218181818172,green,15
397,58.3000000000006,495.197655870224,495.197655870224,0,2.8,0,141.348194543003,6.92418181818172,green,15
397,58.4000000000006,495.497655870224,495.497655870224,0,3,0,141.759712724821,6.90618181818172,red,15
397,58.5000000000006,495.817655870224,495.817655870224,0,3.2,0,142.14943090664,6.88818181818172,red,15
397,58.6000000000006,496.157655870224,496.157655870224,0,3.4,0,142.517349088458,6.87018181818172,red,15
397,58.7000000000006,496.517655870224,496.517655870224,0,3.6,0,142.863467270276,6.85218181818172,red,15
397,58.8000000000006,496.897655870224,496.897655870224,0,3.8,0,143.187785452094,6.83418181818172,red,15
397,58.9000000000006,497.297655870224,497.297655870224,0,4,0,143.490303633912,6.81618181818172,red,15
397,59.0000000000006,497.657655870224,497.657655870224,0,3.6,0,143.771021815731,6.79818181818172,red,0
397,59.1000000000006,497.977655870224,497.977655870224,0,3.2,0,144.089939997549,6.78018181818172,red,0
397,59.2000000000006,498.257655870224,498.257655870224,0,2.8,0,144.447058179367,6.76218181818172,red,0
397,59.3000000000006,498.497655870224,498.497655870224,0,2.4,0,144.842376361185,6.74418181818172,red,0
397,59.4000000000006,498.697655870224,498.697655870224,0,2,0,145.275894543003,6.72618181818172,red,0
397,59.5000000000006,498.857655870224,498.857655870224,0,1.6,0,145.747612724821,6.70818181818171,red,0
397,59.6000000000006,498.977655870224,498.977655870224,0,1.2,0,146.25753090664,6.69018181818172,red,0
397,59.7000000000006,499.057655870224,499.057655870224,0,0.800000000000001,0,146.805649088458,6.67218181818171,red,0
397,59.8000000000006,499.097655870224,499.097655870224,0,0.400000000000001,0,147.391967270276,6.65418181818171,red,0
397,59.9000000000006,499.097655870224,499.097655870224,0,1.4432899320127e-15,0,148.016485452094,6.63618181818171,red,0
397,60.0000000000006,499.097655870224,499.097655870224,0,0,0,148.679203633912,6.61818181818171,red,0
397,60.1000000000006,499.097655870224,499.097655870224,0,0,0,149.340121815731,6.60018181818171,red,0
397,60.2000000000006,499.097655870224,499.097655870224,0,0,0,149.999239997549,6.58218181818171,red,0
397,60.3000000000006,499.097655870224,499.097655870224,0,0,0,150.656558179367,6.56418181818171,red,0
397,60.4000000000006,499.097655870224,499.097655870224,0,0,0,151.312076361185,6.54618181818171,red,0
397,60.5000000000006,499.097655870224,499.097655870224,0,0,0,151.965794543003,6.52818181818171,red,0
397,60.6000000000006,499.097655870224,499.097655870224,0,0,0,152.617712724821,6.51018181818171,red,0
397,60.7000000000006,499.097655870224,499.097655870224,0,0,0,153.26783090664,6.49218181818171,red,0
397,60.8000000000006,499.097655870224,499.097655870224,0,0,0,153.916149088458,6.47418181818171,red,0
397,60.9000000000006,499.097655870224,499.097655870224,0,0,0,154.562667270276,6.45618181818171,red,0
397,61.0000000000006,499.097655870224,499.097655870224,0,0,0,155.207385452094,6.43818181818171,red,0
397,61.1000000000006,499.097655870224,499.097655870224,0,0,0,155.850303633912,6.42018181818171,red,0
397,61.2000000000006,499.097655870224,499.097655870224,0,0,0,156.49142181573,6.40218181818171,red,0
397,61.3000000000006,499.097655870224,499.097655870224,0,0,0,157.130739997549,6.38418181818171,red,0
397,61.4000000000006,499.097655870224,499.097655870224,0,0,0,157.768258179367,6.36618181818171,red,0
397,61.5000000000006,499.097655870224,499.097655870224,0,0,0,158.403976361185,6.34818181818171,red,0
397,61.6000000000006,499.097655870224,499.097655870224,0,0,0,159.037894543003,6.33018181818171,red,0
397,61.7000000000006,499.097655870224,499.097655870224,0,0,0,159.670012724821,6.31218181818171,red,0
397,61.8000000000006,499.097655870224,499.097655870224,0,0,0,160.300330906639,6.29418181818171,red,0
397,61.9000000000006,499.097655870224,499.097655870224,0,0,0,160.928849088458,6.27618181818171,red,0
397,62.0000000000006,499.097655870224,499.097655870224,0,0,0,161.555567270276,6.25818181818171,red,0
397,62.1000000000006,499.097655870224,499.097655870224,0,0,0,162.180485452094,6.24018181818171,red,0
397,62.2000000000006,499.097655870224,499.097655870224,0,0,0,162.803603633912,6.22218181818171,red,0
397,62.3000000000006,499.097655870224,499.097655870224,0,0,0,163.42492181573,6.20418181818171,red,0
397,62.4000000000006,499.097655870224,499.097655870224,0,0,0,164.044439997549,6.18618181818171,red,0
397,62.5000000000006,499.097655870224,499.097655870224,0,0,0,164.662158179367,6.16818181818171,red,0
397,62.6000000000006,499.097655870224,499.097655870224,0,0,0,165.278076361185,6.15018181818171,red,0
397,62.7000000000006,499.097655870224,499.097655870224,0,0,0,165.892194543003,6.13218181818171,red,0
397,62.8000000000006,499.097655870224,499.097655870224,0,0,0,166.504512724821,6.11418181818171,red,0
397,62.9000000000006,499.097655870224,499.097655870224,0,0,0,167.11503090664,6.09618181818171,red,0
397,63.0000000000006,499.097655870224,499.097655870224,0,0,0,167.723749088458,6.07818181818171,red,0
397,63.1000000000006,499.097655870224,499.097655870224,0,0,0,168.330667270276,6.06018181818171,red,0
397,63.2000000000006,499.097655870224,499.097655870224,0,0,0,168.935785452094,6.04218181818171,red,0
397,63.3000000000006,499.097655870224,499.097655870224,0,0,0,169.539103633912,6.02418181818171,red,0
397,63.4000000000006,499.097655870224,499.097655870224,0,0,0,170.14062181573,6.00618181818171,red,0
397,63.5000000000006,499.097655870224,499.097655870224,0,0,0,170.740339997549,5.9881818181817,red,0
397,63.6000000000006,499.097655870224,499.097655870224,0,0,0,171.338258179367,5.9701818181817,red,0
397,63.7000000000006,499.097655870224,499.097655870224,0,0,0,171.934376361185,5.9521818181817,red,0
397,63.8000000000006,499.097655870224,499.097655870224,0,0,0,172.528694543003,5.9341818181817,red,0
397,63.9000000000006,499.097655870224,499.097655870224,0,0,0,173.121212724821,5.9161818181817,red,0
397,64.0000000000006,499.097655870224,499.097655870224,0,0,0,173.71193090664,5.8981818181817,red,0
397,64.1000000000006,499.097655870224,499.097655870224,0,0,0,174.300849088458,5.8801818181817,red,0
397,64.2000000000006,499.097655870224,499.097655870224,0,0,0,174.887967270276,5.86218181818171,red,0
397,64.3000000000006,499.097655870224,499.097655870224,0,0,0,175.473285452094,5.84418181818171,red,0
397,64.4000000000006,499.097655870224,499.097655870224,0,0,0,176.056803633912,5.82618181818171,red,0
397,64.5000000000006,499.097655870224,499.097655870224,0,0,0,176.63852181573,5.80818181818171,red,0
397,64.6000000000006,499.097655870224,499.097655870224,0,0,0,177.218439997548,5.79018181818171,red,0
397,64.7000000000006,499.097655870224,499.097655870224,0,0,0,177.796558179366,5.77218181818171,red,0
397,64.8000000000006,499.097655870224,499.097655870224,0,0,0,178.372876361185,5.75418181818171,red,0
397,64.9000000000006,499.097655870224,499.097655870224,0,0,0,178.947394543003,5.73618181818171,red,0
397,65.0000000000006,499.097655870224,499.097655870224,0,0,0,179.520112724821,5.71818181818171,red,0
397,65.1000000000006,499.097655870224,499.097655870224,0,0,0,180.091030906639,5.70018181818171,red,0
397,65.2000000000006,499.097655870224,499.097655870224,0,0,0,180.660149088457,5.68218181818172,red,0
397,65.3000000000006,499.097655870224,499.097655870224,0,0,0,181.227467270275,5.66418181818172,red,0
397,65.4000000000006,499.097655870224,499.097655870224,0,0,0,181.792985452093,5.64618181818172,red,0
397,65.5000000000006,499.097655870224,499.097655870224,0,0,0,182.356703633911,5.62818181818172,red,0
397,65.6000000000005,499.097655870224,499.097655870224,0,0,0,182.91862181573,5.61018181818172,red,0
397,65.7000000000005,499.097655870224,499.097655870224,0,0,0,183.478739997548,5.59218181818172,red,0
397,65.8000000000005,499.097655870224,499.097655870224,0,0,0,184.037058179366,5.57418181818172,red,0
397,65.9000000000005,499.097655870224,499.097655870224,0,0,0,184.593576361184,5.55618181818172,red,0
397,66.0000000000005,499.097655870224,499.097655870224,0,0,0,185.148294543002,5.53818181818172,red,0
397,66.1000000000005,499.097655870224,499.097655870224,0,0,0,185.70121272482,5.52018181818173,red,0
397,66.2000000000005,499.097655870224,499.097655870224,0,0,0,186.252330906639,5.50218181818173,red,0
397,66.3000000000005,499.097655870224,499.097655870224,0,0,0,186.801649088457,5.48418181818173,red,0
397,66.4000000000005,499.097655870224,499.097655870224,0,0,0,187.349167270275,5.46618181818173,red,0
397,66.5000000000005,499.097655870224,499.097655870224,0,0,0,187.894885452093,5.44818181818173,red,0
397,66.6000000000005,499.097655870224,499.097655870224,0,0,0,188.438803633911,5.43018181818173,red,0
397,66.7000000000005,499.097655870224,499.097655870224,0,0,0,188.980921815729,5.41218181818173,red,0
397,66.8000000000005,499.097655870224,499.097655870224,0,0,0,189.521239997547,5.39418181818173,red,0
397,66.9000000000005,499.097655870224,499.097655870224,0,0,0,190.059758179366,5.37618181818173,red,0
397,67.0000000000005,499.097655870224,499.097655870224,0,0,0,190.596476361184,5.35818181818173,red,0
397,67.1000000000005,499.097655870224,499.097655870224,0,0,0,191.131394543002,5.34018181818174,red,0
397,67.2000000000005,499.097655870224,499.097655870224,0,0,0,191.66451272482,5.32218181818174,red,0
397,67.3000000000005,499.097655870224,499.097655870224,0,0,0,192.195830906638,5.30418181818174,red,0
397,67.4000000000004,499.097655870224,499.097655870224,0,0,0,192.725349088456,5.28618181818174,red,0
397,67.5000000000004,499.097655870224,499.097655870224,0,0,0,193.253067270275,5.26818181818174,red,0
397,67.6000000000004,499.097655870224,499.097655870224,0,0,0,193.778985452093,5.25018181818174,red,0
397,67.7000000000004,499.097655870224,499.097655870224,0,0,0,194.303103633911,5.23218181818174,red,0
397,67.8000000000004,499.097655870224,499.097655870224,0,0,0,194.825421815729,5.21418181818174,red,0
397,67.9000000000004,499.097655870224,499.097655870224,0,0,0,195.345939997547,5.19618181818174,red,0
397,68.0000000000004,499.097655870224,499.097655870224,0,0,0,195.864658179365,5.17818181818174,red,0
397,68.1000000000004,499.097655870224,499.097655870224,0,0,0,196.381576361183,5.16018181818175,red,0
397,68.2000000000004,499.097655870224,499.097655870224,0,0,0,196.896694543001,5.14218181818175,red,0
397,68.3000000000004,499.097655870224,499.097655870224,0,0,0,197.41001272482,5.12418181818175,red,0
397,68.4000000000004,499.097655870224,499.097655870224,0,0,0,197.921530906638,5.10618181818175,red,0
397,68.5000000000004,499.097655870224,499.097655870224,0,0,0,198.431249088456,5.08818181818175,red,0
397,68.6000000000004,499.097655870224,499.097655870224,0,0,0,198.939167270274,5.07018181818175,red,0
397,68.7000000000004,499.097655870224,499.097655870224,0,0,0,199.445285452092,5.05218181818175,red,0
397,68.8000000000004,499.097655870224,499.097655870224,0,0,0,199.94960363391,5.03418181818175,red,0
397,68.9000000000004,499.097655870224,499.097655870224,0,0,0,200.452121815728,5.01618181818175,red,0
397,69.0000000000004,499.097655870224,499.097655870224,0,0,0,200.952852241195,5.00060606060608,green,0
397,69.1000000000003,499.097655870224,499.097655870224,0,0,0,201.453212847256,5.00660606060608,green,0
397,69.2000000000003,499.097655870224,499.097655870224,0,0,0,201.954173453316,5.01260606060608,green,0
397,69.3000000000003,499.097655870224,499.097655870224,0,0,0,202.455734059377,5.01860606060608,green,0
397,69.4000000000003,499.097655870224,499.097655870224,0,0,0,202.957894665437,5.02460606060608,green,0
397,69.5000000000003,499.097655870224,499.097655870224,0,0,0,203.460655271498,5.03060606060608,green,0
397,69.6000000000003,499.097655870224,499.097655870224,0,0,0,203.964015877559,5.03660606060608,green,0
397,69.7000000000003,499.097655870224,499.097655870224,0,0,0,204.467976483619,5.04260606060608,green,0
397,69.8000000000003,499.097655870224,499.097655870224,0,0,0,204.97253708968,5.04860606060608,green,0
397,69.9000000000003,499.097655870224,499.097655870224,0,0,0,205.47769769574,5.05460606060608,green,0
397,70.0000000000003,499.097655870224,499.097655870224,0,0,0,205.983458301801,5.06060606060608,green,0
397,70.1000000000003,499.097655870224,499.097655870224,0,0,0,206.489818907862,5.06660606060608,green,0
397,70.2000000000003,499.097655870224,499.097655870224,0,0,0,206.996779513922,5.07260606060608,green,0
397,70.3000000000003,499.097655870224,499.097655870224,0,0,0,207.504340119983,5.07860606060608,green,0
397,70.4000000000003,499.097655870224,499.097655870224,0,0,0,208.012500726043,5.08460606060608,green,0
397,70.5000000000003,499.097655870224,499.097655870224,0,0,0,208.521261332104,5.09060606060608,green,0
397,70.6000000000003,499.097655870224,499.097655870224,0,0,0,209.030621938164,5.09660606060608,green,0
397,70.7000000000003,499.097655870224,499.097655870224,0,0,0,209.540582544225,5.10260606060608,green,0
397,70.8000000000003,499.097655870224,499.097655870224,0,0,0,210.051143150286,5.10860606060608,green,0
397,70.9000000000002,499.097655870224,499.097655870224,0,0,0,210.562303756346,5.11460606060608,green,0
397,71.0000000000002,499.097655870224,499.097655870224,0,0,0,211.074064362407,5.12060606060608,green,0
397,71.1000000000002,499.097655870224,499.097655870224,0,0,0,211.586424968467,5.12660606060607,green,0
397,71.2000000000002,499.097655870224,499.097655870224,0,0,0,212.099385574528,5.13260606060607,green,0
397,71.3000000000002,499.097655870224,499.097655870224,0,0,0,212.612946180589,5.13860606060607,green,0
397,71.4000000000002,499.097655870224,499.097655870224,0,0,0,213.127106786649,5.14460606060607,green,0
397,71.5000000000002,499.097655870224,499.097655870224,0,0,0,213.64186739271,5.15060606060607,green,0
397,71.6000000000002,499.097655870224,499.097655870224,0,0,0,214.15722799877,5.15660606060607,green,0
397,71.7000000000002,499.097655870224,499.097655870224,0,0,0,214.673188604831,5.16260606060607,green,0
397,71.8000000000002,499.097655870224,499.097655870224,0,0,0,215.189749210891,5.16860606060607,green,0
397,71.9000000000002,499.097655870224,499.097655870224,0,0,0,215.706909816952,5.17460606060607,green,0
397,72.0000000000002,499.097655870224,499.097655870224,0,0,0,216.224670423013,5.18060606060607,green,0
397,72.1000000000002,499.097655870224,499.097655870224,0,0,0,216.743031029073,5.18660606060607,green,0
397,72.2000000000002,499.097655870224,499.097655870224,0,0,0,217.261991635134,5.19260606060607,green,0
397,72.3000000000002,499.097655870224,499.097655870224,0,0,0,217.781552241194,5.19860606060607,green,0
397,72.4000000000002,499.097655870224,499.097655870224,0,0,0,218.301712847255,5.20460606060607,green,0
397,72.5000000000002,499.097655870224,499.097655870224,0,0,0,218.822473453315,5.21060606060607,green,0
397,72.6000000000002,499.097655870224,499.097655870224,0,0,0,219.343834059376,5.21660606060607,green,0
397,72.7000000000001,499.097655870224,499.097655870224,0,0,0,219.865794665437,5.22260606060607,green,0
397,72.8000000000001,499.097655870224,499.097655870224,0,0,0,220.388355271497,5.22860606060607,green,0
397,72.9000000000001,499.097655870224,499.097655870224,0,0,0,220.911515877558,5.23460606060607,green,0
397,73.0000000000001,499.097655870224,499.097655870224,0,0,0,221.435276483618,5.24060606060607,green,0
397,73.1000000000001,499.097655870224,499.097655870224,0,0,0,221.959637089679,5.24660606060607,green,0
397,73.2000000000001,499.097655870224,499.097655870224,0,0,0,222.484597695739,5.25260606060607,green,0
397,73.3000000000001,499.097655870224,499.097655870224,0,0,0,223.0101583018,5.25860606060607,green,0
397,73.4000000000001,499.097655870224,499.097655870224,0,0,0,223.536318907861,5.26460606060607,green,0
397,73.5000000000001,499.097655870224,499.097655870224,0,0,0,224.063079513921,5.27060606060607,green,0
397,73.6000000000001,499.097655870224,499.097655870224,0,0,0,224.590440119982,5.27660606060607,green,0
397,73.7000000000001,499.097655870224,499.097655870224,0,0,0,225.118400726042,5.28260606060607,green,0
397,73.8000000000001,499.097655870224,499.097655870224,0,0,0,225.646961332103,5.28860606060607,green,0
397,73.9000000000001,499.097655870224,499.097655870224,0,0,0,226.176121938164,5.29460606060606,green,0
397,74.0000000000001,499.097655870224,499.097655870224,0,0,0,226.705882544224,5.30060606060607,green,0
397,74.1000000000001,499.097655870224,499.097655870224,0,0,0,227.236243150285,5.30660606060606,green,0
397,74.2000000000001,499.097655870224,499.097655870224,0,0,0,227.767203756345,5.31260606060606,green,0
397,74.3000000000001,499.097655870224,499.097655870224,0,0,0,228.298764362406,5.31860606060606,green,0
397,74.4,499.097655870224,499.097655870224,0,0,0,228.830924968466,5.32460606060606,green,0
397,74.5,499.097655870224,499.097655870224,0,0,0,229.363685574527,5.33060606060606,green,0
397,74.6,499.097655870224,499.097655870224,0,0,0,229.897046180588,5.33660606060606,green,0
397,74.7,499.097655870224,499.097655870224,0,0,0,230.431006786648,5.34260606060606,green,0
397,74.8,499.097655870224,499.097655870224,0,0,0,230.965567392709,5.34860606060606,green,0
397,74.9,499.097655870224,499.097655870224,0,0,0,231.500727998769,5.35460606060606,green,0
397,75,499.097655870224,499.097655870224,0,0,0,232.03648860483,5.36060606060606,green,0
397,75.1,499.097655870224,499.097655870224,0,0,0,232.57284921089,5.36660606060606,green,0
397,75.2,499.097655870224,499.097655870224,0,0,0,233.109809816951,5.37260606060606,green,0
397,75.3,499.097655870224,499.097655870224,0,0,0,233.647370423012,5.37860606060606,green,0
397,75.4,499.097655870224,499.097655870224,0,0,0,234.185531029072,5.38460606060606,green,0
397,75.5,499.097655870224,499.097655870224,0,0,0,234.724291635133,5.39060606060606,green,0
397,75.6,499.097655870224,499.097655870224,0,0,0,235.263652241193,5.39660606060606,green,0
397,75.7,499.097655870224,499.097655870224,0,0,0,235.803612847254,5.40260606060606,green,0
397,75.8,499.097655870224,499.097655870224,0,0,0,236.344173453315,5.40860606060606,green,0
397,75.9,499.097655870224,499.097655870224,0,0,0,236.885334059375,5.41460606060606,green,0
397,76,499.097655870224,499.097655870224,0,0,0,237.427094665436,5.42060606060606,green,0
397,76.1,499.097655870224,499.097655870224,0,0,0,237.969455271496,5.42660606060606,green,0
397,76.1999999999999,499.097655870224,499.097655870224,0,0,0,238.512415877557,5.43260606060606,green,0
397,76.2999999999999,499.097655870224,499.097655870224,0,0,0,239.055976483617,5.43860606060606,green,0
397,76.3999999999999,499.097655870224,499.097655870224,0,0,0,239.600137089678,5.44460606060606,green,0
397,76.4999999999999,499.097655870224,499.097655870224,0,0,0,240.144897695738,5.45060606060606,green,0
397,76.5999999999999,499.097655870224,499.097655870224,0,0,0,240.690258301799,5.45660606060606,green,0
397,76.6999999999999,499.097655870224,499.097655870224,0,0,0,241.23621890786,5.46260606060606,green,0
397,76.7999999999999,499.097655870224,499.097655870224,0,0,0,241.78277951392,5.46860606060606,green,0
397,76.8999999999999,499.097655870224,499.097655870224,0,0,0,242.329940119981,5.47460606060605,green,0
397,76.9999999999999,499.097655870224,499.097655870224,0,0,0,242.877700726041,5.48060606060605,green,0
397,77.0999999999999,499.097655870224,499.097655870224,0,0,0,243.426061332102,5.48660606060605,green,0
397,77.1999999999999,499.097655870224,499.097655870224,0,0,0,243.975021938163,5.49260606060605,green,0
397,77.2999999999999,499.097655870224,499.097655870224,0,0,0,244.524582544223,5.49860606060605,green,0
397,77.3999999999999,499.097655870224,499.097655870224,0,0,0,245.074743150284,5.50460606060605,green,0
397,77.4999999999999,499.097655870224,499.097655870224,0,0,0,245.625503756344,5.51060606060605,green,0
397,77.5999999999999,499.097655870224,499.097655870224,0,0,0,246.176864362405,5.51660606060605,green,0
397,77.6999999999999,499.097655870224,499.097655870224,0,0,0,246.728824968465,5.52260606060605,green,0
397,77.7999999999999,499.097655870224,499.097655870224,0,0,0,247.281385574526,5.52860606060605,green,0
397,77.8999999999998,499.097655870224,499.097655870224,0,0,0,247.834546180587,5.53460606060605,green,0
397,77.9999999999998,499.097655870224,499.097655870224,0,0,0,248.388306786647,5.54060606060605,green,0
397,78.0999999999998,499.097655870224,499.097655870224,0,0,0,248.942667392708,5.54660606060605,green,0
397,78.1999999999998,499.097655870224,499.097655870224,0,0,0,249.497627998768,5.55260606060605,green,0
397,78.2999999999998,499.097655870224,499.097655870224,0,0,0,250.053188604829,5.55860606060605,green,0
397,78.3999999999998,499.097655870224,499.097655870224,0,0,0,250.609349210889,5.56460606060605,green,0
397,78.4999999999998,499.097655870224,499.097655870224,0,0,0,251.16610981695,5.57060606060605,green,0
397,78.5999999999998,499.097655870224,499.097655870224,0,0,0,251.723470423011,5.57660606060605,green,0
397,78.6999999999998,499.097655870224,499.097655870224,0,0,0,252.281431029071,5.58260606060605,green,0
397,78.7999999999998,499.097655870224,499.097655870224,0,0,0,252.839991635132,5.58860606060605,green,0
397,78.8999999999998,499.097655870224,499.097655870224,0,0,0,253.399152241192,5.59460606060605,green,0
397,78.9999999999998,499.097655870224,499.097655870224,0,0,0,253.958912847253,5.60060606060605,green,0
397,79.0999999999998,499.097655870224,499.097655870224,0,0,0,254.519273453313,5.60660606060605,green,0
397,79.1999999999998,499.097655870224,499.097655870224,0,0,0,255.080234059374,5.61260606060605,green,0
397,79.2999999999998,499.097655870224,499.097655870224,0,0,0,255.641794665435,5.61860606060605,green,0
397,79.3999999999998,499.097655870224,499.097655870224,0,0,0,256.203955271495,5.62460606060605,green,0
397,79.4999999999998,499.097655870224,499.097655870224,0,0,0,256.766715877556,5.63060606060605,green,0
397,79.5999999999998,499.097655870224,499.097655870224,0,0,0,257.330076483616,5.63660606060605,green,0
397,79.6999999999997,499.097655870224,499.097655870224,0,0,0,257.894037089677,5.64260606060605,green,0
397,79.7999999999997,499.097655870224,499.097655870224,0,0,0,258.458597695737,5.64860606060605,green,0
397,79.8999999999997,499.097655870224,499.097655870224,0,0,0,259.023758301798,5.65460606060604,green,0
397,79.9999999999997,499.097655870224,499.097655870224,0,0,0,259.589518907859,5.66060606060604,green,0
397,80.0999999999997,499.097655870224,499.097655870224,0,0,0,260.155879513919,5.66660606060604,green,0
397,80.1999999999997,499.097655870224,499.097655870224,0,0,0,260.72284011998,5.67260606060604,green,0
397,80.2999999999997,499.097655870224,499.097655870224,0,0,0,261.29040072604,5.67860606060604,green,0
397,80.3999999999997,499.097655870224,499.097655870224,0,0,0,261.858561332101,5.68460606060604,green,0
397,80.4999999999997,499.097655870224,499.097655870224,0,0,0,262.427321938161,5.69060606060604,green,0
397,80.5999999999997,499.097655870224,499.097655870224,0,0,0,262.996682544222,5.69660606060604,green,0
397,80.6999999999997,499.097655870224,499.097655870224,0,0,0,263.566643150283,5.70260606060604,green,0
397,80.7999999999997,499.097655870224,499.097655870224,0,0,0,264.137203756343,5.70860606060604,green,0
397,80.8999999999997,499.097655870224,499.097655870224,0,0,0,264.708364362404,5.71460606060604,green,0
397,80.9999999999997,499.097655870224,499.097655870224,0,0,0,265.280124968464,5.72060606060604,green,0
397,81.0999999999997,499.097655870224,499.097655870224,0,0,0,265.852485574525,5.72660606060604,green,0
397,81.1999999999997,499.097655870224,499.097655870224,0,0,0,266.425446180585,5.73260606060604,green,0
397,81.2999999999997,499.097655870224,499.097655870224,0,0,0,266.999006786646,5.73860606060604,green,0
397,81.3999999999997,499.097655870224,499.097655870224,0,0,0,267.573167392707,5.74460606060604,green,0
397,81.4999999999996,499.097655870224,499.097655870224,0,0,0,268.147927998767,5.75060606060604,green,0
397,81.5999999999996,499.097655870224,499.097655870224,0,0,0,268.723288604828,5.75660606060604,green,0
397,81.6999999999996,499.097655870224,499.097655870224,0,0,0,269.299249210888,5.76260606060604,green,0
397,81.7999999999996,499.097655870224,499.097655870224,0,0,0,269.875809816949,5.76860606060604,green,0
397,81.8999999999996,499.097655870224,499.097655870224,0,0,0,270.452970423009,5.77460606060604,green,0
397,81.9999999999996,499.097655870224,499.097655870224,0,0,0,271.03073102907,5.78060606060604,green,0
397,82.0999999999996,499.097655870224,499.097655870224,0,0,0,271.609091635131,5.78660606060604,green,0
397,82.1999999999996,499.097655870224,499.097655870224,0,0,0,272.188052241191,5.79260606060604,green,0
397,82.2999999999996,499.097655870224,499.097655870224,0,0,0,272.767612847252,5.79860606060604,green,0
397,82.3999999999996,499.097655870224,499.097655870224,0,0,0,273.347773453312,5.80460606060604,green,0
397,82.4999999999996,499.097655870224,499.097655870224,0,0,0,273.928534059373,5.81060606060604,green,0
397,82.5999999999996,499.097655870224,499.097655870224,0,0,0,274.509894665433,5.81660606060604,green,0
397,82.6999999999996,499.097655870224,499.097655870224,0,0,0,275.091855271494,5.82260606060604,green,0
397,82.7999999999996,499.097655870224,499.097655870224,0,0,0,275.674415877555,5.82860606060603,green,0
397,82.8999999999996,499.097655870224,499.097655870224,0,0,0,276.257576483615,5.83460606060603,green,0
397,82.9999999999996,499.097655870224,499.097655870224,0,0,0,276.841337089676,5.84060606060603,green,0
397,83.0999999999996,499.097655870224,499.097655870224,0,0,0,277.425697695736,5.84660606060603,green,0
397,83.1999999999995,499.097655870224,499.097655870224,0,0,0,278.010658301797,5.85260606060603,green,0
397,83.2999999999995,499.097655870224,499.097655870224,0,0,0,278.596218907857,5.85860606060603,green,0
397,83.3999999999995,499.097655870224,499.097655870224,0,0,0,279.182379513918,5.86460606060603,green,0
397,83.4999999999995,499.097655870224,499.097655870224,0,0,0,279.769140119979,5.87060606060603,green,0
397,83.5999999999995,499.097655870224,499.097655870224,0,0,0,280.356500726039,5.87660606060603,green,0
397,83.6999999999995,499.097655870224,499.097655870224,0,0,0,280.9444613321,5.88260606060603,green,0
397,83.7999999999995,499.097655870224,499.097655870224,0,0,0,281.53302193816,5.88860606060603,green,0
397,83.8999999999995,499.097655870224,499.097655870224,0,0,0,282.122182544221,5.89460606060603,green,0
397,83.9999999999995,499.097655870224,499.097655870224,0,0,0,282.711943150281,5.90060606060603,green,0
397,84.0999999999995,499.097655870224,499.097655870224,0,0,0,283.302303756342,5.90660606060603,green,0
397,84.1999999999995,499.097655870224,499.097655870224,0,0,0,283.893264362403,5.91260606060603,green,0
397,84.2999999999995,499.097655870224,499.097655870224,0,0,0,284.484824968463,5.91860606060603,green,0
397,84.3999999999995,499.097655870224,499.097655870224,0,0,0,285.076985574524,5.92460606060603,green,0
397,84.4999999999995,499.097655870224,499.097655870224,0,0,0,285.669746180584,5.93060606060603,green,0
397,84.5999999999995,499.097655870224,499.097655870224,0,0,0,286.263106786645,5.93660606060603,green,0
397,84.6999999999995,499.097655870224,499.097655870224,0,0,0,286.857067392705,5.94260606060603,green,0
397,84.7999999999995,499.097655870224,499.097655870224,0,0,0,287.451627998766,5.94860606060603,green,0
397,84.8999999999995,499.097655870224,499.097655870224,0,0,0,288.046788604826,5.95460606060603,green,0
397,84.9999999999994,499.097655870224,499.097655870224,0,0,0,288.642549210887,5.96060606060603,green,0
397,85.0999999999994,499.097655870224,499.097655870224,0,0,0,289.238909816948,5.96660606060603,green,0
397,85.1999999999994,499.097655870224,499.097655870224,0,0,0,289.835870423008,5.97260606060603,green,0
397,85.2999999999994,499.097655870224,499.097655870224,0,0,0,290.433431029069,5.97860606060603,green,0
397,85.3999999999994,499.097655870224,499.097655870224,0,0,0,291.031591635129,5.98460606060603,green,0
397,85.4999999999994,499.097655870224,499.097655870224,0,0,0,291.63035224119,5.99060606060603,green,0
397,85.5999999999994,499.097655870224,499.097655870224,0,0,0,292.229712847251,5.99660606060602,green,0
397,85.6999999999994,499.097655870224,499.097655870224,0,0,0,292.829673453311,6.00260606060603,green,0
397,85.7999999999994,499.097655870224,499.097655870224,0,0,0,293.430234059372,6.00860606060602,green,0
397,85.8999999999994,499.097655870224,499.097655870224,0,0,0,294.031394665432,6.01460606060602,green,0
397,85.9999999999994,499.097655870224,499.097655870224,0,0,0,294.633155271493,6.02060606060602,green,0
397,86.0999999999994,499.097655870224,499.097655870224,0,0,0,295.235515877553,6.02660606060602,red,0
397,86.1999999999994,499.097655870224,499.097655870224,0,0,0,295.838476483614,6.03260606060602,red,0
397,86.2999999999994,499.097655870224,499.097655870224,0,0,0,296.442037089674,6.03860606060602,red,0
397,86.3999999999994,499.097655870224,499.097655870224,0,0,0,297.046197695735,6.04460606060602,red,0
397,86.4999999999994,499.097655870224,499.097655870224,0,0,0,297.650958301796,6.05060606060602,red,0
397,86.5999999999994,499.097655870224,499.097655870224,0,0,0,298.256318907856,6.05660606060602,red,0
397,86.6999999999993,499.097655870224,499.097655870224,0,0,0,298.862279513917,6.06260606060602,red,0
397,86.7999999999993,499.097655870224,499.097655870224,0,0,0,299.468840119977,6.06860606060602,red,0
397,86.8999999999993,499.097655870224,499.097655870224,0,0,0,300.076000726038,6.07460606060602,red,0
397,86.9999999999993,499.097655870224,499.097655870224,0,0,0,300.683761332098,6.08060606060602,red,0
397,87.0999999999993,499.097655870224,499.097655870224,0,0,0,301.292121938159,6.08660606060602,red,0
397,87.1999999999993,499.097655870224,499.097655870224,0,0,0,301.90108254422,6.09260606060602,red,0
397,87.2999999999993,499.097655870224,499.097655870224,0,0,0,302.51064315028,6.09860606060602,red,0
397,87.3999999999993,499.097655870224,499.097655870224,0,0,0,303.120803756341,6.10460606060602,red,0
397,87.4999999999993,499.097655870224,499.097655870224,0,0,0,303.731564362401,6.11060606060602,red,0
397,87.5999999999993,499.097655870224,499.097655870224,0,0,0,304.342924968462,6.11660606060602,red,0
397,87.6999999999993,499.097655870224,499.097655870224,0,0,0,304.954885574522,6.12260606060602,red,0
397,87.7999999999993,499.097655870224,499.097655870224,0,0,0,305.567446180583,6.12860606060602,red,0
397,87.8999999999993,499.097655870224,499.097655870224,0,0,0,306.180606786644,6.13460606060602,red,0
397,87.9999999999993,499.097655870224,499.097655870224,0,0,0,306.794367392704,6.14060606060602,red,0
397,88.0999999999993,499.097655870224,499.097655870224,0,0,0,307.408727998765,6.14660606060602,red,0
397,88.1999999999993,499.097655870224,499.097655870224,0,0,0,308.023688604825,6.15260606060602,red,0
397,88.2999999999993,499.097655870224,499.097655870224,0,0,0,308.639249210886,6.15860606060602,red,0
397,88.3999999999993,499.097655870224,499.097655870224,0,0,0,309.255409816946,6.16460606060602,red,0
397,88.4999999999992,499.097655870224,499.097655870224,0,0,0,309.872170423007,6.17060606060602,red,0
397,88.5999999999992,499.097655870224,499.097655870224,0,0,0,310.489531029068,6.17660606060601,red,0
397,88.6999999999992,499.097655870224,499.097655870224,0,0,0,311.107491635128,6.18260606060601,red,0
397,88.7999999999992,499.097655870224,499.097655870224,0,0,0,311.726052241189,6.18860606060601,red,0
397,88.8999999999992,499.097655870224,499.097655870224,0,0,0,312.345212847249,6.19460606060601,red,0
397,88.9999999999992,499.097655870224,499.097655870224,0,0,0,312.96497345331,6.20060606060601,red,0
397,89.0999999999992,499.097655870224,499.097655870224,0,0,0,313.58533405937,6.20660606060601,red,0
397,89.1999999999992,499.097655870224,499.097655870224,0,0,0,314.206294665431,6.21260606060601,red,0
397,89.2999999999992,499.097655870224,499.097655870224,0,0,0,314.827855271492,6.21860606060601,red,0
397,89.3999999999992,499.097655870224,499.097655870224,0,0,0,315.450015877552,6.22460606060601,red,0
397,89.4999999999992,499.097655870224,499.097655870224,0,0,0,316.072776483613,6.23060606060601,red,0
397,89.5999999999992,499.097655870224,499.097655870224,0,0,0,316.696137089673,6.23660606060601,red,0
397,89.6999999999992,499.097655870224,499.097655870224,0,0,0,317.320097695734,6.24260606060601,red,0
397,89.7999999999992,499.097655870224,499.097655870224,0,0,0,317.944658301794,6.24860606060601,red,0
397,89.8999999999992,499.097655870224,499.097655870224,0,0,0,318.569818907855,6.25460606060601,red,0
397,89.9999999999992,499.097655870224,499.097655870224,0,0,0,319.195579513916,6.26060606060601,red,0
397,90.0999999999992,499.097655870224,499.097655870224,0,0,0,319.821940119976,6.26660606060601,red,0
397,90.1999999999992,499.097655870224,499.097655870224,0,0,0,320.448900726037,6.27260606060601,red,0
397,90.2999999999991,499.097655870224,499.097655870224,0,0,0,321.076461332097,6.27860606060601,red,0
397,90.3999999999991,499.097655870224,499.097655870224,0,0,0,321.704621938158,6.28460606060601,red,0
397,90.4999999999991,499.097655870224,499.097655870224,0,0,0,322.333382544218,6.29060606060601,red,0
397,90.5999999999991,499.097655870224,499.097655870224,0,0,0,322.962743150279,6.29660606060601,red,0
397,90.6999999999991,499.097655870224,499.097655870224,0,0,0,323.592703756339,6.30260606060601,red,0
397,90.7999999999991,499.097655870224,499.097655870224,0,0,0,324.2232643624,6.30860606060601,red,0
397,90.8999999999991,499.097655870224,499.097655870224,0,0,0,324.854424968461,6.31460606060601,red,0
397,90.9999999999991,499.097655870224,499.097655870224,0,0,0,325.486185574521,6.32060606060601,red,0
397,91.0999999999991,499.097655870224,499.097655870224,0,0,0,326.118546180582,6.32660606060601,red,0
397,91.1999999999991,499.097655870224,499.097655870224,0,0,0,326.751506786642,6.33260606060601,red,0
397,91.2999999999991,499.097655870224,499.097655870224,0,0,0,327.385067392703,6.33860606060601,red,0
397,91.3999999999991,499.097655870224,499.097655870224,0,0,0,328.019227998763,6.34460606060601,red,0
397,91.4999999999991,499.097655870224,499.097655870224,0,0,0,328.653988604824,6.350606060606,red,0
397,91.5999999999991,499.097655870224,499.097655870224,0,0,0,329.289349210885,6.356606060606,red,0
397,91.6999999999991,499.097655870224,499.097655870224,0,0,0,329.925309816945,6.362606060606,red,0
397,91.7999999999991,499.097655870224,499.097655870224,0,0,0,330.561870423006,6.368606060606,red,0
397,91.8999999999991,499.097655870224,499.097655870224,0,0,0,331.199031029066,6.374606060606,red,0
397,91.999999999999,499.097655870224,499.097655870224,0,0,0,331.836791635127,6.380606060606,red,0
397,92.099999999999,499.097655870224,499.097655870224,0,0,0,332.475152241187,6.386606060606,red,0
397,92.199999999999,499.097655870224,499.097655870224,0,0,0,333.114112847248,6.392606060606,red,0
397,92.299999999999,499.097655870224,499.097655870224,0,0,0,333.753673453308,6.398606060606,red,0
397,92.399999999999,499.097655870224,499.097655870224,0,0,0,334.393834059369,6.404606060606,red,0
397,92.499999999999,499.097655870224,499.097655870224,0,0,0,335.03459466543,6.410606060606,red,0
397,92.599999999999,499.097655870224,499.097655870224,0,0,0,335.67595527149,6.416606060606,red,0
397,92.699999999999,499.097655870224,499.097655870224,0,0,0,336.317915877551,6.422606060606,red,0
397,92.799999999999,499.097655870224,499.097655870224,0,0,0,336.960476483611,6.428606060606,red,0
397,92.899999999999,499.097655870224,499.097655870224,0,0,0,337.603637089672,6.434606060606,red,0
397,92.999999999999,499.097655870224,499.097655870224,0,0,0,338.247397695732,6.440606060606,red,0
397,93.099999999999,499.097655870224,499.097655870224,0,0,0,338.891758301793,6.446606060606,red,0
397,93.199999999999,499.097655870224,499.097655870224,0,0,0,339.536718907853,6.452606060606,red,0
397,93.299999999999,499.097655870224,499.097655870224,0,0,0,340.182279513914,6.458606060606,red,0
397,93.399999999999,499.097655870224,499.097655870224,0,0,0,340.828440119975,6.464606060606,red,0
397,93.499999999999,499.097655870224,499.097655870224,0,0,0,341.475200726035,6.470606060606,red,0
397,93.599999999999,499.097655870224,499.097655870224,0,0,0,342.122561332096,6.476606060606,red,0
397,93.699999999999,499.097655870224,499.097655870224,0,0,0,342.770521938156,6.482606060606,red,0
397,93.7999999999989,499.097655870224,499.097655870224,0,0,0,343.419082544217,6.488606060606,red,0
397,93.8999999999989,499.097655870224,499.097655870224,0,0,0,344.068243150277,6.494606060606,red,0
397,93.9999999999989,499.097655870224,499.097655870224,0,0,0,344.718003756338,6.500606060606,red,0
397,94.0999999999989,499.097655870224,499.097655870224,0,0,0,345.368364362399,6.506606060606,red,0
397,94.1999999999989,499.097655870224,499.097655870224,0,0,0,346.019324968459,6.512606060606,red,0
397,94.2999999999989,499.097655870224,499.097655870224,0,0,0,346.67088557452,6.518606060606,red,0
397,94.3999999999989,499.097655870224,499.097655870224,0,0,0,347.32304618058,6.524606060606,red,0
397,94.4999999999989,499.097655870224,499.097655870224,0,0,0,347.975806786641,6.530606060606,red,0
397,94.5999999999989,499.097655870224,499.097655870224,0,0,0,348.629167392701,6.53660606060599,red,0
397,94.6999999999989,499.097655870224,499.097655870224,0,0,0,349.283127998762,6.54260606060599,red,0
397,94.7999999999989,499.097655870224,499.097655870224,0,0,0,349.937688604822,6.54860606060599,red,0
397,94.8999999999989,499.097655870224,499.097655870224,0,0,0,350.592849210883,6.55460606060599,red,0
397,94.9999999999989,499.097655870224,499.097655870224,0,0,0,351.248609816944,6.56060606060599,red,0
397,95.0999999999989,499.097655870224,499.097655870224,0,0,0,351.904970423004,6.56660606060599,red,0
397,95.1999999999989,499.097655870224,499.097655870224,0,0,0,352.561931029065,6.57260606060599,red,0
397,95.2999999999989,499.097655870224,499.097655870224,0,0,0,353.219491635125,6.57860606060599,red,0
397,95.3999999999989,499.097655870224,499.097655870224,0,0,0,353.877652241186,6.58460606060599,red,0
397,95.4999999999988,499.097655870224,499.097655870224,0,0,0,354.536412847246,6.59060606060599,red,0
397,95.5999999999988,499.097655870224,499.097655870224,0,0,0,355.195773453307,6.59660606060599,red,0
397,95.6999999999988,499.097655870224,499.097655870224,0,0,0,355.855734059368,6.60260606060599,red,0
397,95.7999999999988,499.097655870224,499.097655870224,0,0,0,356.516294665428,6.60860606060599,red,0
397,95.8999999999988,499.097655870224,499.097655870224,0,0,0,357.177455271489,6.61460606060599,red,0
397,95.9999999999988,499.097655870224,499.097655870224,0,0,0,357.839215877549,6.62060606060599,red,0
397,96.0999999999988,499.097655870224,499.097655870224,0,0,0,358.50157648361,6.62660606060599,red,0
397,96.1999999999988,499.097655870224,499.097655870224,0,0,0,359.16453708967,6.63260606060599,red,0
397,96.2999999999988,499.097655870224,499.097655870224,0,0,0,359.828097695731,6.63860606060599,red,0
397,96.3999999999988,499.097655870224,499.097655870224,0,0,0,360.492258301791,6.64460606060599,red,0
397,96.4999999999988,499.097655870224,499.097655870224,0,0,0,361.157018907852,6.65060606060599,red,0
397,96.5999999999988,499.097655870224,499.097655870224,0,0,0,361.822379513913,6.65660606060599,red,0
397,96.6999999999988,499.097655870224,499.097655870224,0,0,0,362.488340119973,6.66260606060599,red,0
397,96.7999999999988,499.097655870224,499.097655870224,0,0,0,363.154900726034,6.66860606060599,red,0
397,96.8999999999988,499.097655870224,499.097655870224,0,0,0,363.822061332094,6.67460606060599,red,0
397,96.9999999999988,499.097655870224,499.097655870224,0,0,0,364.489821938155,6.68060606060599,red,0
397,97.0999999999988,499.097655870224,499.097655870224,0,0,0,365.158182544215,6.68660606060599,red,0
397,97.1999999999988,499.097655870224,499.097655870224,0,0,0,365.827143150276,6.69260606060599,red,0
397,97.2999999999987,499.097655870224,499.097655870224,0,0,0,366.496703756337,6.69860606060599,red,0
397,97.3999999999987,499.097655870224,499.097655870224,0,0,0,367.166864362397,6.70460606060599,red,0
397,97.4999999999987,499.097655870224,499.097655870224,0,0,0,367.837624968458,6.71060606060598,red,0
397,97.5999999999987,499.097655870224,499.097655870224,0,0,0,368.508985574518,6.71660606060598,red,0
397,97.6999999999987,499.097655870224,499.097655870224,0,0,0,369.180946180579,6.72260606060598,red,0
397,97.7999999999987,499.097655870224,499.097655870224,0,0,0,369.853506786639,6.72860606060598,red,0
397,97.8999999999987,499.097655870224,499.097655870224,0,0,0,370.5266673927,6.73460606060598,red,0
397,97.9999999999987,499.097655870224,499.097655870224,0,0,0,371.20042799876,6.74060606060598,red,0
397,98.0999999999987,499.097655870224,499.097655870224,0,0,0,371.874788604821,6.74660606060598,red,0
397,98.1999999999987,499.097655870224,499.097655870224,0,0,0,372.549749210882,6.75260606060598,red,0
397,98.2999999999987,499.097655870224,499.097655870224,0,0,0,373.225309816942,6.75860606060598,red,0
397,98.3999999999987,499.097655870224,499.097655870224,0,0,0,373.901470423003,6.76460606060598,red,0
397,98.4999999999987,499.097655870224,499.097655870224,0,0,0,374.578231029063,6.77060606060598,red,0
397,98.5999999999987,499.097655870224,499.097655870224,0,0,0,375.255591635124,6.77660606060598,red,0
397,98.6999999999987,499.097655870224,499.097655870224,0,0,0,375.933552241184,6.78260606060598,red,0
397,98.7999999999987,499.097655870224,499.097655870224,0,0,0,376.612112847245,6.78860606060598,red,0
397,98.8999999999987,499.097655870224,499.097655870224,0,0,0,377.291273453306,6.79460606060598,red,0
397,98.9999999999986,499.097655870224,499.097655870224,0,0,0,377.971034059366,6.80060606060598,red,0
397,99.0999999999986,499.097655870224,499.097655870224,0,0,0,378.651394665427,6.80660606060598,red,0
397,99.1999999999986,499.097655870224,499.097655870224,0,0,0,379.332355271487,6.81260606060598,red,0
397,99.2999999999986,499.097655870224,499.097655870224,0,0,0,380.013915877548,6.81860606060598,red,0
397,99.3999999999986,499.097655870224,499.097655870224,0,0,0,380.696076483608,6.82460606060598,red,0
397,99.4999999999986,499.097655870224,499.097655870224,0,0,0,381.072187285292,0.3,red,0
397,99.5999999999986,499.097655870224,499.097655870224,0,0,0,381.072187285292,0.3,red,0
397,99.6999999999986,499.097655870224,499.097655870224,0,0,0,381.072187285292,0.3,red,0
397,99.7999999999986,499.097655870224,499.097655870224,0,0,0,381.072187285292,0.3,red,0
397,99.8999999999986,499.097655870224,499.097655870224,0,0,0,381.072187285292,0.3,red,0
397,99.9999999999986,499.097655870224,499.097655870224,0,0,0,381.072187285292,0.3,red,0
397,100.099999999999,499.097655870224,499.097655870224,0,0,0,381.072187285292,0.3,red,0
397,100.199999999999,499.097655870224,499.097655870224,0,0,0,381.072187285292,0.3,red,0
397,100.299999999999,499.097655870224,499.097655870224,0,0,0,381.072187285292,0.3,red,0
397,100.399999999999,499.097655870224,499.097655870224,0,0,0,381.072187285292,0.3,red,0
397,100.499999999999,499.097655870224,499.097655870224,0,0,0,381.072187285292,0.3,red,0
397,100.599999999999,499.097655870224,499.097655870224,0,0,0,381.072187285292,0.3,red,0
397,100.699999999999,499.097655870224,499.097655870224,0,0,0,381.072187285292,0.3,red,0
397,100.799999999999,499.097655870224,499.097655870224,0,0,0,381.072187285292,0.3,red,0
397,100.899999999999,499.097655870224,499.097655870224,0,0,0,381.072187285292,0.3,red,0
397,100.999999999999,499.097655870224,499.097655870224,0,0,0,381.072187285292,0.3,red,0
397,101.099999999999,499.097655870224,499.097655870224,0,0,0,381.072187285292,0.3,red,0
397,101.199999999999,499.097655870224,499.097655870224,0,0,0,381.072187285292,0.3,red,0
397,101.299999999999,499.097655870224,499.097655870224,0,0,0,381.072187285292,0.3,red,0
397,101.399999999999,499.097655870224,499.097655870224,0,0,0,381.072187285292,0.3,red,0
397,101.499999999999,499.097655870224,499.097655870224,0,0,0,381.072187285292,0.3,red,0
397,101.599999999999,499.097655870224,499.097655870224,0,0,0,381.072187285292,0.3,red,0
397,101.699999999998,499.097655870224,499.097655870224,0,0,0,381.072187285292,0.3,red,0
397,101.799999999998,499.097655870224,499.097655870224,0,0,0,381.072187285292,0.3,red,0
397,101.899999999998,499.097655870224,499.097655870224,0,0,0,381.072187285292,0.3,red,0
397,101.999999999998,499.097655870224,499.097655870224,0,0,0,381.072187285292,0.3,red,0
397,102.099999999998,499.097655870224,499.097655870224,0,0,0,381.072187285292,0.3,red,0
397,102.199999999998,499.097655870224,499.097655870224,0,0,0,381.072187285292,0.3,red,0
397,102.299999999998,499.097655870224,499.097655870224,0,0,0,381.072187285292,0.3,red,0
397,102.399999999998,499.097655870224,499.097655870224,0,0,0,381.072187285292,0.3,red,0
397,102.499999999998,499.097655870224,499.097655870224,0,0,0,381.072187285292,0.3,red,0
397,102.599999999998,499.097655870224,499.097655870224,0,0,0,381.072187285292,0.3,red,0
397,102.699999999998,499.097655870224,499.097655870224,0,0,0,381.072187285292,0.3,red,0
397,102.799999999998,499.097655870224,499.097655870224,0,0,0,381.072187285292,0.3,red,0
397,102.899999999998,499.097655870224,499.097655870224,0,0,0,381.072187285292,0.3,red,0
397,102.999999999998,499.097655870224,499.097655870224,0,0,0,381.072187285292,0.3,red,0
397,103.099999999998,499.097655870224,499.097655870224,0,0,0,381.072187285292,0.3,red,0
397,103.199999999998,499.097655870224,499.097655870224,0,0,0,381.072187285292,0.3,red,0
397,103.299999999998,499.097655870224,499.097655870224,0,0,0,381.072187285292,0.3,red,0
397,103.399999999998,499.097655870224,499.097655870224,0,0,0,381.072187285292,0.3,red,0
397,103.499999999998,499.097655870224,499.097655870224,0,0,0,381.072187285292,0.3,red,0
397,103.599999999998,499.097655870224,499.097655870224,0,0,0,381.072187285292,0.3,red,0
397,103.699999999998,499.097655870224,499.097655870224,0,0,0,381.072187285292,0.3,red,0
397,103.799999999998,499.097655870224,499.097655870224,0,0,0,381.072187285292,0.3,red,0
397,103.899999999998,499.097655870224,499.097655870224,0,0,0,381.072187285292,0.3,red,0
397,103.999999999998,499.097655870224,499.097655870224,0,0,0,381.072187285292,0.3,red,0
397,104.099999999998,499.097655870224,499.097655870224,0,0,0,381.072187285292,0.3,red,0
397,104.199999999998,499.097655870224,499.097655870224,0,0,0,381.072187285292,0.3,red,0
397,104.299999999998,499.097655870224,499.097655870224,0,0,0,381.072187285292,0.3,red,0
397,104.399999999998,499.097655870224,499.097655870224,0,0,0,381.072187285292,0.3,red,0
397,104.499999999998,499.097655870224,499.097655870224,0,0,0,381.072187285292,0.3,red,0
397,104.599999999998,499.097655870224,499.097655870224,0,0,0,381.072187285292,0.3,red,0
397,104.699999999998,499.097655870224,499.097655870224,0,0,0,381.072187285292,0.3,red,0
397,104.799999999998,499.097655870224,499.097655870224,0,0,0,381.072187285292,0.3,red,0
397,104.899999999998,499.097655870224,499.097655870224,0,0,0,381.072187285292,0.3,red,0
397,104.999999999998,499.097655870224,499.097655870224,0,0,0,381.072187285292,0.3,red,0
397,105.099999999998,499.097655870224,499.097655870224,0,0,0,381.072187285292,0.3,red,0
397,105.199999999998,499.097655870224,499.097655870224,0,0,0,381.072187285292,0.3,red,0
397,105.299999999998,499.097655870224,499.097655870224,0,0,0,381.072187285292,0.3,red,0
397,105.399999999998,499.097655870224,499.097655870224,0,0,0,381.072187285292,0.3,red,0
397,105.499999999998,499.097655870224,499.097655870224,0,0,0,381.072187285292,0.3,red,0
397,105.599999999998,499.097655870224,499.097655870224,0,0,0,381.072187285292,0.3,red,0
397,105.699999999998,499.097655870224,499.097655870224,0,0,0,381.072187285292,0.3,red,0
397,105.799999999998,499.097655870224,499.097655870224,0,0,0,381.072187285292,0.3,red,0
397,105.899999999998,499.097655870224,499.097655870224,0,0,0,381.072187285292,0.3,red,0
397,105.999999999998,499.097655870224,499.097655870224,0,0,0,381.072187285292,0.3,red,0
397,106.099999999998,499.097655870224,499.097655870224,0,0,0,381.072187285292,0.3,green,0
397,106.199999999998,499.097655870224,499.097655870224,0,0,0,381.072187285292,0.3,green,0
397,106.299999999998,499.097655870224,499.097655870224,0,0,0,381.072187285292,0.3,green,0
397,106.399999999998,499.097655870224,499.097655870224,0,0,0,381.072187285292,0.3,green,0
397,106.499999999998,499.097655870224,499.097655870224,0,0,0,381.072187285292,0.3,green,0
397,106.599999999998,499.097655870224,499.097655870224,0,0,0,381.072187285292,0.3,green,0
397,106.699999999998,499.097655870224,499.097655870224,0,0,0,381.072187285292,0.3,green,0
397,106.799999999998,499.097655870224,499.097655870224,0,0,0,381.072187285292,0.3,green,0
397,106.899999999998,499.097655870224,499.097655870224,0,0,0,381.072187285292,0.3,green,0
397,106.999999999998,499.097655870224,499.097655870224,0,0,0,381.072187285292,0.3,green,0
397,107.099999999998,499.097655870224,499.097655870224,0,0,0,381.072187285292,0.3,green,0
397,107.199999999998,499.097655870224,499.097655870224,0,0,0,381.072187285292,0.3,green,0
397,107.299999999998,499.097655870224,499.097655870224,0,0,0,381.072187285292,0.3,green,0
397,107.399999999998,499.097655870224,499.097655870224,0,0,0,381.072187285292,0.3,green,0
397,107.499999999998,499.097655870224,499.097655870224,0,0,0,381.072187285292,0.3,green,0
397,107.599999999998,499.097655870224,499.097655870224,0,0,0,381.072187285292,0.3,green,0
397,107.699999999998,499.097655870224,499.097655870224,0,0,0,381.072187285292,0.3,green,0
397,107.799999999998,499.097655870224,499.097655870224,0,0,0,381.072187285292,0.3,green,0
397,107.899999999998,499.097655870224,499.097655870224,0,0,0,381.072187285292,0.3,green,0
397,107.999999999998,499.097655870224,499.097655870224,0,0,0,381.072187285292,0.3,green,0
397,108.099999999998,499.097655870224,499.097655870224,0,0,0,381.072187285292,0.3,green,0
397,108.199999999998,499.097655870224,499.097655870224,0,0,0,381.072187285292,0.3,green,0
397,108.299999999998,499.097655870224,499.097655870224,0,0,0,381.072187285292,0.3,green,0
397,108.399999999998,499.097655870224,499.097655870224,0,0,0,381.072187285292,0.3,green,0
397,108.499999999998,499.097655870224,499.097655870224,0,0,0,381.072187285292,0.3,green,0
397,108.599999999998,499.097655870224,499.097655870224,0,0,0,381.072187285292,0.3,green,0
397,108.699999999998,499.097655870224,499.097655870224,0,0,0,381.072187285292,0.3,green,0
397,108.799999999998,499.097655870224,499.097655870224,0,0,0,381.072187285292,0.3,green,0
397,108.899999999998,499.097655870224,499.097655870224,0,0,0,381.072187285292,0.3,green,0
397,108.999999999998,499.097655870224,499.097655870224,0,0,0,381.072187285292,0.3,green,0
397,109.099999999998,499.097655870224,499.097655870224,0,0,0,381.072187285292,0.3,green,0
397,109.199999999998,499.097655870224,499.097655870224,0,0,0,381.072187285292,0.3,green,0
397,109.299999999998,499.097655870224,499.097655870224,0,0,0,381.072187285292,0.3,green,0
397,109.399999999998,499.097655870224,499.097655870224,0,0,0,381.072187285292,0.3,green,0
397,109.499999999998,499.097655870224,499.097655870224,0,0,0,381.072187285292,0.3,green,0
397,109.599999999998,499.097655870224,499.097655870224,0,0,0,381.072187285292,0.3,green,0
397,109.699999999998,499.097655870224,499.097655870224,0,0,0,381.072187285292,0.3,green,0
397,109.799999999998,499.097655870224,499.097655870224,0,0,0,381.072187285292,0.3,green,0
397,109.899999999998,499.097655870224,499.097655870224,0,0,0,381.072187285292,0.3,green,0
397,109.999999999998,499.097655870224,499.097655870224,0,0,0,381.072187285292,0.3,green,0
397,110.099999999998,499.097655870224,499.097655870224,0,0,0,381.072187285292,0.3,green,0
397,110.199999999998,499.097655870224,499.097655870224,0,0,0,381.072187285292,0.3,green,0
397,110.299999999998,499.097655870224,499.097655870224,0,0,0,381.072187285292,0.3,green,0
397,110.399999999998,499.097655870224,499.097655870224,0,0,0,381.072187285292,0.3,green,0
397,110.499999999998,499.097655870224,499.097655870224,0,0,0,381.072187285292,0.3,green,0
397,110.599999999998,499.097655870224,499.097655870224,0,0,0,381.072187285292,0.3,green,0
397,110.699999999998,499.097655870224,499.097655870224,0,0,0,381.072187285292,0.3,green,0
397,110.799999999998,499.097655870224,499.097655870224,0,0,0,381.072187285292,0.3,green,0
397,110.899999999998,499.097655870224,499.097655870224,0,0,0,381.072187285292,0.3,green,0
397,110.999999999998,499.097655870224,499.097655870224,0,0,0,381.072187285292,0.3,green,0
397,111.099999999998,499.097655870224,499.097655870224,0,0,0,381.072187285292,0.3,green,0
397,111.199999999998,499.097655870224,499.097655870224,0,0,0,381.072187285292,0.3,green,0
397,111.299999999998,499.097655870224,499.097655870224,0,0,0,381.072187285292,0.3,green,0
397,111.399999999998,499.097655870224,499.097655870224,0,0,0,381.072187285292,0.3,green,0
397,111.499999999998,499.097655870224,499.097655870224,0,0,0,381.072187285292,0.3,green,0
397,111.599999999998,499.097655870224,499.097655870224,0,0,0,381.072187285292,0.3,green,0
397,111.699999999998,499.097655870224,499.097655870224,0,0,0,381.072187285292,0.3,green,0
397,111.799999999998,499.097655870224,499.097655870224,0,0,0,381.072187285292,0.3,green,0
397,111.899999999998,499.097655870224,499.097655870224,0,0,0,381.072187285292,0.3,green,0
397,111.999999999998,499.097655870224,499.097655870224,0,0,0,381.072187285292,0.3,green,0
397,112.099999999998,499.097655870224,499.097655870224,0,0,0,381.072187285292,0.3,green,0
397,112.199999999998,499.097655870224,499.097655870224,0,0,0,381.072187285292,0.3,green,0
397,112.299999999998,499.097655870224,499.097655870224,0,0,0,381.072187285292,0.3,green,0
397,112.399999999998,499.097655870224,499.097655870224,0,0,0,381.072187285292,0.3,green,0
397,112.499999999998,499.097655870224,499.097655870224,0,0,0,381.072187285292,0.3,green,0
397,112.599999999998,499.097655870224,499.097655870224,0,0,0,381.072187285292,0.3,green,0
397,112.699999999998,499.097655870224,499.097655870224,0,0,0,381.072187285292,0.3,green,0
397,112.799999999998,499.097655870224,499.097655870224,0,0,0,381.072187285292,0.3,green,0
397,112.899999999998,499.097655870224,499.097655870224,0,0,0,381.072187285292,0.3,green,0
397,112.999999999998,499.097655870224,499.097655870224,0,0,0,381.072187285292,0.3,green,0
397,113.099999999998,499.097655870224,499.097655870224,0,0,0,381.072187285292,0.3,green,0
397,113.199999999998,499.097655870224,499.097655870224,0,0,0,381.072187285292,0.3,green,0
397,113.299999999998,499.097655870224,499.097655870224,0,0,0,381.072187285292,0.3,green,0
397,113.399999999998,499.097655870224,499.097655870224,0,0,0,381.072187285292,0.3,green,0
397,113.499999999998,499.097655870224,499.097655870224,0,0,0,381.072187285292,0.3,green,0
397,113.599999999998,499.097655870224,499.097655870224,0,0,0,381.072187285292,0.3,green,0
397,113.699999999998,499.097655870224,499.097655870224,0,0,0,381.072187285292,0.3,green,0
397,113.799999999998,499.097655870224,499.097655870224,0,0,0,381.072187285292,0.3,green,0
397,113.899999999998,499.097655870224,499.097655870224,0,0,0,381.072187285292,0.3,green,0
397,113.999999999998,499.097655870224,499.097655870224,0,0,0,381.072187285292,0.3,green,0
397,114.099999999998,499.097655870224,499.097655870224,0,0,0,381.072187285292,0.3,green,0
397,114.199999999998,499.097655870224,499.097655870224,0,0,0,381.072187285292,0.3,green,0
397,114.299999999998,499.097655870224,499.097655870224,0,0,0,381.072187285292,0.3,green,0
397,114.399999999998,499.097655870224,499.097655870224,0,0,0,381.072187285292,0.3,green,0
397,114.499999999998,499.097655870224,499.097655870224,0,0,0,381.072187285292,0.3,green,0
397,114.599999999998,499.097655870224,499.097655870224,0,0,0,381.072187285292,0.3,green,0
397,114.699999999998,499.097655870224,499.097655870224,0,0,0,381.072187285292,0.3,green,0
397,114.799999999998,499.097655870224,499.097655870224,0,0,0,381.072187285292,0.3,green,0
397,114.899999999998,499.097655870224,499.097655870224,0,0,0,381.072187285292,0.3,green,0
397,114.999999999998,499.097655870224,499.097655870224,0,0,0,381.072187285292,0.3,green,0
397,115.099999999998,499.097655870224,499.097655870224,0,0,0,381.072187285292,0.3,green,0
397,115.199999999998,499.097655870224,499.097655870224,0,0,0,381.072187285292,0.3,green,0
397,115.299999999998,499.097655870224,499.097655870224,0,0,0,381.072187285292,0.3,green,0
397,115.399999999998,499.097655870224,499.097655870224,0,0,0,381.072187285292,0.3,green,0
397,115.499999999998,499.097655870224,499.097655870224,0,0,0,381.072187285292,0.3,green,0
397,115.599999999998,499.097655870224,499.097655870224,0,0,0,381.072187285292,0.3,green,0
397,115.699999999998,499.097655870224,499.097655870224,0,0,0,381.072187285292,0.3,green,0
397,115.799999999998,499.097655870224,499.097655870224,0,0,0,381.072187285292,0.3,green,0
397,115.899999999998,499.097655870224,499.097655870224,0,0,0,381.072187285292,0.3,green,0
397,115.999999999998,499.097655870224,499.097655870224,0,0,0,381.072187285292,0.3,green,0
397,116.099999999998,499.097655870224,499.097655870224,0,0,0,381.072187285292,0.3,green,0
397,116.199999999998,499.097655870224,499.097655870224,0,0,0,381.072187285292,0.3,green,0
397,116.299999999998,499.097655870224,499.097655870224,0,0,0,381.072187285292,0.3,green,0
397,116.399999999998,499.097655870224,499.097655870224,0,0,0,381.072187285292,0.3,green,0
397,116.499999999998,499.097655870224,499.097655870224,0,0,0,381.072187285292,0.3,green,0
397,116.599999999998,499.097655870224,499.097655870224,0,0,0,381.072187285292,0.3,green,0
397,116.699999999998,499.097655870224,499.097655870224,0,0,0,381.072187285292,0.3,green,0
397,116.799999999998,499.097655870224,499.097655870224,0,0,0,381.072187285292,0.3,green,0
397,116.899999999998,499.097655870224,499.097655870224,0,0,0,381.072187285292,0.3,green,0
397,116.999999999998,499.097655870224,499.097655870224,0,0,0,381.072187285292,0.3,green,0
397,117.099999999998,499.097655870224,499.097655870224,0,0,0,381.072187285292,0.3,green,0
397,117.199999999998,499.097655870224,499.097655870224,0,0,0,381.072187285292,0.3,green,0
397,117.299999999998,499.097655870224,499.097655870224,0,0,0,381.072187285292,0.3,green,0
397,117.399999999998,499.097655870224,499.097655870224,0,0,0,381.072187285292,0.3,green,0
397,117.499999999998,499.097655870224,499.097655870224,0,0,0,381.072187285292,0.3,green,0
397,117.599999999998,499.097655870224,499.097655870224,0,0,0,381.072187285292,0.3,green,0
397,117.699999999998,499.097655870224,499.097655870224,0,0,0,381.072187285292,0.3,green,0
397,117.799999999998,499.097655870224,499.097655870224,0,0,0,381.072187285292,0.3,green,0
397,117.899999999998,499.097655870224,499.097655870224,0,0,0,381.072187285292,0.3,green,0
397,117.999999999998,499.097655870224,499.097655870224,0,0,0,381.072187285292,0.3,green,0
397,118.099999999998,499.097655870224,499.097655870224,0,0,0,381.072187285292,0.3,green,0
397,118.199999999998,499.097655870224,499.097655870224,0,0,0,381.072187285292,0.3,green,0
397,118.299999999998,499.097655870224,499.097655870224,0,0,0,381.072187285292,0.3,green,0
397,118.399999999998,499.097655870224,499.097655870224,0,0,0,381.072187285292,0.3,green,0
397,118.499999999998,499.097655870224,499.097655870224,0,0,0,381.072187285292,0.3,green,0
397,118.599999999998,499.097655870224,499.097655870224,0,0,0,381.072187285292,0.3,green,0
397,118.699999999998,499.097655870224,499.097655870224,0,0,0,381.072187285292,0.3,green,0
397,118.799999999998,499.097655870224,499.097655870224,0,0,0,381.072187285292,0.3,green,0
397,118.899999999998,499.097655870224,499.097655870224,0,0,0,381.072187285292,0.3,green,0
397,118.999999999998,499.097655870224,499.097655870224,0,0,0,381.072187285292,0.3,green,0
397,119.099999999998,499.097655870224,499.097655870224,0,0,0,381.072187285292,0.3,green,0
397,119.199999999998,499.097655870224,499.097655870224,0,0,0,381.072187285292,0.3,green,0
397,119.299999999997,499.097655870224,499.097655870224,0,0,0,381.072187285292,0.3,green,0
397,119.399999999997,499.097655870224,499.097655870224,0,0,0,381.072187285292,0.3,green,0
397,119.499999999997,499.097655870224,499.097655870224,0,0,0,381.072187285292,0.3,green,0
397,119.599999999997,499.097655870224,499.097655870224,0,0,0,381.072187285292,0.3,green,0
397,119.699999999997,499.097655870224,499.097655870224,0,0,0,381.072187285292,0.3,green,0
397,119.799999999997,499.097655870224,499.097655870224,0,0,0,381.072187285292,0.3,green,0
397,119.899999999997,499.097655870224,499.097655870224,0,0,0,381.072187285292,0.3,green,0
397,119.999999999997,499.097655870224,499.097655870224,0,0,0,381.072187285292,0.3,green,0
397,120.099999999997,499.097655870224,499.097655870224,0,0,0,381.072187285292,0.3,green,0
397,120.199999999997,499.097655870224,499.097655870224,0,0,0,381.072187285292,0.3,green,0
397,120.299999999997,499.097655870224,499.097655870224,0,0,0,381.072187285292,0.3,green,0
397,120.399999999997,499.097655870224,499.097655870224,0,0,0,381.072187285292,0.3,green,0
397,120.499999999997,499.097655870224,499.097655870224,0,0,0,381.072187285292,0.3,green,0
397,120.599999999997,499.097655870224,499.097655870224,0,0,0,381.072187285292,0.3,green,0
397,120.699999999997,499.097655870224,499.097655870224,0,0,0,381.072187285292,0.3,green,0
397,120.799999999997,499.097655870224,499.097655870224,0,0,0,381.072187285292,0.3,green,0
397,120.899999999997,499.097655870224,499.097655870224,0,0,0,381.072187285292,0.3,green,0
397,120.999999999997,499.097655870224,499.097655870224,0,0,0,381.072187285292,0.3,green,0
397,121.099999999997,499.097655870224,499.097655870224,0,0,0,381.072187285292,0.3,green,0
397,121.199999999997,499.097655870224,499.097655870224,0,0,0,381.072187285292,0.3,green,0
397,121.299999999997,499.097655870224,499.097655870224,0,0,0,381.072187285292,0.3,green,0
397,121.399999999997,499.097655870224,499.097655870224,0,0,0,381.072187285292,0.3,green,0
397,121.499999999997,499.097655870224,499.097655870224,0,0,0,381.072187285292,0.3,green,0
397,121.599999999997,499.097655870224,499.097655870224,0,0,0,381.072187285292,0.3,green,0
397,121.699999999997,499.097655870224,499.097655870224,0,0,0,381.072187285292,0.3,green,0
397,121.799999999997,499.097655870224,499.097655870224,0,0,0,381.072187285292,0.3,green,0
397,121.899999999997,499.097655870224,499.097655870224,0,0,0,381.072187285292,0.3,green,0
397,121.999999999997,499.097655870224,499.097655870224,0,0,0,381.072187285292,0.3,green,0
397,122.099999999997,499.097655870224,499.097655870224,0,0,0,381.072187285292,0.3,green,0
397,122.199999999997,499.097655870224,499.097655870224,0,0,0,381.072187285292,0.3,green,0
397,122.299999999997,499.097655870224,499.097655870224,0,0,0,381.072187285292,0.3,green,0
397,122.399999999997,499.097655870224,499.097655870224,0,0,0,381.072187285292,0.3,green,0
397,122.499999999997,499.097655870224,499.097655870224,0,0,0,381.072187285292,0.3,green,0
397,122.599999999997,499.097655870224,499.097655870224,0,0,0,381.072187285292,0.3,green,0
397,122.699999999997,499.097655870224,499.097655870224,0,0,0,381.072187285292,0.3,green,0
397,122.799999999997,499.097655870224,499.097655870224,0,0,0,381.072187285292,0.3,green,0
397,122.899999999997,499.097655870224,499.097655870224,0,0,0,381.072187285292,0.3,green,0
397,122.999999999997,499.097655870224,499.097655870224,0,0,0,381.072187285292,0.3,green,0
397,123.099999999997,499.097655870224,499.097655870224,0,0,0,381.072187285292,0.3,red,0
397,123.199999999997,499.097655870224,499.097655870224,0,0,0,381.072187285292,0.3,red,0
397,123.299999999997,499.097655870224,499.097655870224,0,0,0,381.072187285292,0.3,red,0
397,123.399999999997,499.097655870224,499.097655870224,0,0,0,381.072187285292,0.3,red,0
397,123.499999999997,499.097655870224,499.097655870224,0,0,0,381.072187285292,0.3,red,0
397,123.599999999997,499.097655870224,499.097655870224,0,0,0,381.072187285292,0.3,red,0
397,123.699999999997,499.097655870224,499.097655870224,0,0,0,381.072187285292,0.3,red,0
397,123.799999999997,499.097655870224,499.097655870224,0,0,0,381.072187285292,0.3,red,0
397,123.899999999997,499.097655870224,499.097655870224,0,0,0,381.072187285292,0.3,red,0
397,123.999999999997,499.097655870224,499.097655870224,0,0,0,381.072187285292,0.3,red,0
397,124.099999999997,499.097655870224,499.097655870224,0,0,0,381.072187285292,0.3,red,0
397,124.199999999997,499.097655870224,499.097655870224,0,0,0,381.072187285292,0.3,red,0
397,124.299999999997,499.097655870224,499.097655870224,0,0,0,381.072187285292,0.3,red,0
397,124.399999999997,499.097655870224,499.097655870224,0,0,0,381.072187285292,0.3,red,0
397,124.499999999997,499.097655870224,499.097655870224,0,0,0,381.072187285292,0.3,red,0
397,124.599999999997,499.097655870224,499.097655870224,0,0,0,381.072187285292,0.3,red,0
397,124.699999999997,499.097655870224,499.097655870224,0,0,0,381.072187285292,0.3,red,0
397,124.799999999997,499.097655870224,499.097655870224,0,0,0,381.072187285292,0.3,red,0
397,124.899999999997,499.097655870224,499.097655870224,0,0,0,381.072187285292,0.3,red,0
397,124.999999999997,499.097655870224,499.097655870224,0,0,0,381.072187285292,0.3,red,0
397,125.099999999997,499.097655870224,499.097655870224,0,0,0,381.072187285292,0.3,red,0
397,125.199999999997,499.097655870224,499.097655870224,0,0,0,381.072187285292,0.3,red,0
397,125.299999999997,499.097655870224,499.097655870224,0,0,0,381.072187285292,0.3,red,0
397,125.399999999997,499.097655870224,499.097655870224,0,0,0,381.072187285292,0.3,red,0
397,125.499999999997,499.097655870224,499.097655870224,0,0,0,381.072187285292,0.3,red,0
397,125.599999999997,499.097655870224,499.097655870224,0,0,0,381.072187285292,0.3,red,0
397,125.699999999997,499.097655870224,499.097655870224,0,0,0,381.072187285292,0.3,red,0
397,125.799999999997,499.097655870224,499.097655870224,0,0,0,381.072187285292,0.3,red,0
397,125.899999999997,499.097655870224,499.097655870224,0,0,0,381.072187285292,0.3,red,0
397,125.999999999997,499.097655870224,499.097655870224,0,0,0,381.072187285292,0.3,red,0
397,126.099999999997,499.097655870224,499.097655870224,0,0,0,381.072187285292,0.3,red,0
397,126.199999999997,499.097655870224,499.097655870224,0,0,0,381.072187285292,0.3,red,0
397,126.299999999997,499.097655870224,499.097655870224,0,0,0,381.072187285292,0.3,red,0
397,126.399999999997,499.097655870224,499.097655870224,0,0,0,381.072187285292,0.3,red,0
397,126.499999999997,499.097655870224,499.097655870224,0,0,0,381.072187285292,0.3,red,0
397,126.599999999997,499.097655870224,499.097655870224,0,0,0,381.072187285292,0.3,red,0
397,126.699999999997,499.097655870224,499.097655870224,0,0,0,381.072187285292,0.3,red,0
397,126.799999999997,499.097655870224,499.097655870224,0,0,0,381.072187285292,0.3,red,0
397,126.899999999997,499.097655870224,499.097655870224,0,0,0,381.072187285292,0.3,red,0
397,126.999999999997,499.097655870224,499.097655870224,0,0,0,381.072187285292,0.3,red,0
397,127.099999999997,499.097655870224,499.097655870224,0,0,0,381.072187285292,0.3,red,0
397,127.199999999997,499.097655870224,499.097655870224,0,0,0,381.072187285292,0.3,red,0
397,127.299999999997,499.097655870224,499.097655870224,0,0,0,381.072187285292,0.3,red,0
397,127.399999999997,499.097655870224,499.097655870224,0,0,0,381.072187285292,0.3,red,0
397,127.499999999997,499.097655870224,499.097655870224,0,0,0,381.072187285292,0.3,red,0
397,127.599999999997,499.097655870224,499.097655870224,0,0,0,381.072187285292,0.3,red,0
397,127.699999999997,499.097655870224,499.097655870224,0,0,0,381.072187285292,0.3,red,0
397,127.799999999997,499.097655870224,499.097655870224,0,0,0,381.072187285292,0.3,red,0
397,127.899999999997,499.097655870224,499.097655870224,0,0,0,381.072187285292,0.3,red,0
397,127.999999999997,499.097655870224,499.097655870224,0,0,0,381.072187285292,0.3,red,0
397,128.099999999997,499.097655870224,499.097655870224,0,0,0,381.072187285292,0.3,red,0
397,128.199999999997,499.097655870224,499.097655870224,0,0,0,381.072187285292,0.3,red,0
397,128.299999999997,499.097655870224,499.097655870224,0,0,0,381.072187285292,0.3,red,0
397,128.399999999997,499.097655870224,499.097655870224,0,0,0,381.072187285292,0.3,red,0
397,128.499999999997,499.097655870224,499.097655870224,0,0,0,381.072187285292,0.3,red,0
397,128.599999999997,499.097655870224,499.097655870224,0,0,0,381.072187285292,0.3,red,0
397,128.699999999997,499.097655870224,499.097655870224,0,0,0,381.072187285292,0.3,red,0
397,128.799999999997,499.097655870224,499.097655870224,0,0,0,381.072187285292,0.3,red,0
397,128.899999999997,499.097655870224,499.097655870224,0,0,0,381.072187285292,0.3,red,0
397,128.999999999997,499.097655870224,499.097655870224,0,0,0,381.072187285292,0.3,red,0
397,129.099999999997,499.097655870224,499.097655870224,0,0,0,381.072187285292,0.3,red,0
397,129.199999999997,499.097655870224,499.097655870224,0,0,0,381.072187285292,0.3,red,0
397,129.299999999997,499.097655870224,499.097655870224,0,0,0,381.072187285292,0.3,red,0
397,129.399999999997,499.097655870224,499.097655870224,0,0,0,381.072187285292,0.3,red,0
397,129.499999999997,499.097655870224,499.097655870224,0,0,0,381.072187285292,0.3,red,0
397,129.599999999997,499.097655870224,499.097655870224,0,0,0,381.072187285292,0.3,red,0
397,129.699999999997,499.097655870224,499.097655870224,0,0,0,381.072187285292,0.3,red,0
397,129.799999999997,499.097655870224,499.097655870224,0,0,0,381.072187285292,0.3,red,0
397,129.899999999997,499.097655870224,499.097655870224,0,0,0,381.072187285292,0.3,red,0
397,129.999999999997,499.097655870224,499.097655870224,0,0,0,381.072187285292,0.3,red,0
397,130.099999999997,499.097655870224,499.097655870224,0,0,0,381.072187285292,0.3,red,0
397,130.199999999997,499.097655870224,499.097655870224,0,0,0,381.072187285292,0.3,red,0
397,130.299999999997,499.097655870224,499.097655870224,0,0,0,381.072187285292,0.3,red,0
397,130.399999999997,499.097655870224,499.097655870224,0,0,0,381.072187285292,0.3,red,0
397,130.499999999997,499.097655870224,499.097655870224,0,0,0,381.072187285292,0.3,red,0
397,130.599999999997,499.097655870224,499.097655870224,0,0,0,381.072187285292,0.3,red,0
397,130.699999999997,499.097655870224,499.097655870224,0,0,0,381.072187285292,0.3,red,0
397,130.799999999997,499.097655870224,499.097655870224,0,0,0,381.072187285292,0.3,red,0
397,130.899999999997,499.097655870224,499.097655870224,0,0,0,381.072187285292,0.3,red,0
397,130.999999999997,499.097655870224,499.097655870224,0,0,0,381.072187285292,0.3,red,0
397,131.099999999997,499.097655870224,499.097655870224,0,0,0,381.072187285292,0.3,red,0
397,131.199999999997,499.097655870224,499.097655870224,0,0,0,381.072187285292,0.3,red,0
397,131.299999999997,499.097655870224,499.097655870224,0,0,0,381.072187285292,0.3,red,0
397,131.399999999997,499.097655870224,499.097655870224,0,0,0,381.072187285292,0.3,red,0
397,131.499999999997,499.097655870224,499.097655870224,0,0,0,381.072187285292,0.3,red,0
397,131.599999999997,499.097655870224,499.097655870224,0,0,0,381.072187285292,0.3,red,0
397,131.699999999997,499.097655870224,499.097655870224,0,0,0,381.072187285292,0.3,red,0
397,131.799999999997,499.097655870224,499.097655870224,0,0,0,381.072187285292,0.3,red,0
397,131.899999999997,499.097655870224,499.097655870224,0,0,0,381.072187285292,0.3,red,0
397,131.999999999997,499.097655870224,499.097655870224,0,0,0,381.072187285292,0.3,red,0
397,132.099999999997,499.097655870224,499.097655870224,0,0,0,381.072187285292,0.3,red,0
397,132.199999999997,499.097655870224,499.097655870224,0,0,0,381.072187285292,0.3,red,0
397,132.299999999997,499.097655870224,499.097655870224,0,0,0,381.072187285292,0.3,red,0
397,132.399999999997,499.097655870224,499.097655870224,0,0,0,381.072187285292,0.3,red,0
397,132.499999999997,499.097655870224,499.097655870224,0,0,0,381.072187285292,0.3,red,0
397,132.599999999997,499.097655870224,499.097655870224,0,0,0,381.072187285292,0.3,red,0
397,132.699999999997,499.097655870224,499.097655870224,0,0,0,381.072187285292,0.3,red,0
397,132.799999999997,499.097655870224,499.097655870224,0,0,0,381.072187285292,0.3,red,0
397,132.899999999997,499.097655870224,499.097655870224,0,0,0,381.072187285292,0.3,red,0
397,132.999999999997,499.097655870224,499.097655870224,0,0,0,381.072187285292,0.3,red,0
397,133.099999999997,499.097655870224,499.097655870224,0,0,0,381.072187285292,0.3,red,0
397,133.199999999997,499.097655870224,499.097655870224,0,0,0,381.072187285292,0.3,red,0
397,133.299999999997,499.097655870224,499.097655870224,0,0,0,381.072187285292,0.3,red,0
397,133.399999999997,499.097655870224,499.097655870224,0,0,0,381.072187285292,0.3,red,0
397,133.499999999997,499.097655870224,499.097655870224,0,0,0,381.072187285292,0.3,red,0
397,133.599999999997,499.097655870224,499.097655870224,0,0,0,381.072187285292,0.3,red,0
397,133.699999999997,499.097655870224,499.097655870224,0,0,0,381.072187285292,0.3,red,0
397,133.799999999997,499.097655870224,499.097655870224,0,0,0,381.072187285292,0.3,red,0
397,133.899999999997,499.097655870224,499.097655870224,0,0,0,381.072187285292,0.3,red,0
397,133.999999999997,499.097655870224,499.097655870224,0,0,0,381.072187285292,0.3,red,0
397,134.099999999997,499.097655870224,499.097655870224,0,0,0,381.072187285292,0.3,red,0
397,134.199999999997,499.097655870224,499.097655870224,0,0,0,381.072187285292,0.3,red,0
397,134.299999999997,499.097655870224,499.097655870224,0,0,0,381.072187285292,0.3,red,0
397,134.399999999997,499.097655870224,499.097655870224,0,0,0,381.072187285292,0.3,red,0
397,134.499999999997,499.097655870224,499.097655870224,0,0,0,381.072187285292,0.3,red,0
397,134.599999999997,499.097655870224,499.097655870224,0,0,0,381.072187285292,0.3,red,0
397,134.699999999997,499.097655870224,499.097655870224,0,0,0,381.072187285292,0.3,red,0
397,134.799999999997,499.097655870224,499.097655870224,0,0,0,381.072187285292,0.3,red,0
397,134.899999999997,499.097655870224,499.097655870224,0,0,0,381.072187285292,0.3,red,0
397,134.999999999997,499.097655870224,499.097655870224,0,0,0,381.072187285292,0.3,red,0
397,135.099999999997,499.097655870224,499.097655870224,0,0,0,381.072187285292,0.3,red,0
397,135.199999999997,499.097655870224,499.097655870224,0,0,0,381.072187285292,0.3,red,0
397,135.299999999997,499.097655870224,499.097655870224,0,0,0,381.072187285292,0.3,red,0
397,135.399999999997,499.097655870224,499.097655870224,0,0,0,381.072187285292,0.3,red,0
397,135.499999999997,499.097655870224,499.097655870224,0,0,0,381.072187285292,0.3,red,0
397,135.599999999997,499.097655870224,499.097655870224,0,0,0,381.072187285292,0.3,red,0
397,135.699999999997,499.097655870224,499.097655870224,0,0,0,381.072187285292,0.3,red,0
397,135.799999999997,499.097655870224,499.097655870224,0,0,0,381.072187285292,0.3,red,0
397,135.899999999997,499.097655870224,499.097655870224,0,0,0,381.072187285292,0.3,red,0
397,135.999999999997,499.097655870224,499.097655870224,0,0,0,381.072187285292,0.3,red,0
397,136.099999999997,499.097655870224,499.097655870224,0,0,0,381.072187285292,0.3,red,0
397,136.199999999997,499.097655870224,499.097655870224,0,0,0,381.072187285292,0.3,red,0
397,136.299999999997,499.097655870224,499.097655870224,0,0,0,381.072187285292,0.3,red,0
397,136.399999999997,499.097655870224,499.097655870224,0,0,0,381.072187285292,0.3,red,0
397,136.499999999997,499.097655870224,499.097655870224,0,0,0,381.072187285292,0.3,red,0
397,136.599999999997,499.097655870224,499.097655870224,0,0,0,381.072187285292,0.3,red,0
397,136.699999999997,499.097655870224,499.097655870224,0,0,0,381.072187285292,0.3,red,0
397,136.799999999997,499.097655870224,499.097655870224,0,0,0,381.072187285292,0.3,red,0
397,136.899999999997,499.097655870224,499.097655870224,0,0,0,381.072187285292,0.3,red,0
397,136.999999999997,499.097655870224,499.097655870224,0,0,0,381.072187285292,0.3,red,0
397,137.099999999996,499.097655870224,499.097655870224,0,0,0,381.072187285292,0.3,red,0
397,137.199999999996,499.097655870224,499.097655870224,0,0,0,381.072187285292,0.3,red,0
397,137.299999999996,499.097655870224,499.097655870224,0,0,0,381.072187285292,0.3,red,0
397,137.399999999996,499.097655870224,499.097655870224,0,0,0,381.072187285292,0.3,red,0
397,137.499999999996,499.097655870224,499.097655870224,0,0,0,381.072187285292,0.3,red,0
397,137.599999999996,499.097655870224,499.097655870224,0,0,0,381.072187285292,0.3,red,0
397,137.699999999996,499.097655870224,499.097655870224,0,0,0,381.072187285292,0.3,red,0
397,137.799999999996,499.097655870224,499.097655870224,0,0,0,381.072187285292,0.3,red,0
397,137.899999999996,499.097655870224,499.097655870224,0,0,0,381.072187285292,0.3,red,0
397,137.999999999996,499.097655870224,499.097655870224,0,0,0,381.072187285292,0.3,red,0
397,138.099999999996,499.097655870224,499.097655870224,0,0,0,381.072187285292,0.3,red,0
397,138.199999999996,499.097655870224,499.097655870224,0,0,0,381.072187285292,0.3,red,0
397,138.299999999996,499.097655870224,499.097655870224,0,0,0,381.072187285292,0.3,red,0
397,138.399999999996,499.097655870224,499.097655870224,0,0,0,381.072187285292,0.3,red,0
397,138.499999999996,499.097655870224,499.097655870224,0,0,0,381.072187285292,0.3,red,0
397,138.599999999996,499.097655870224,499.097655870224,0,0,0,381.072187285292,0.3,red,0
397,138.699999999996,499.097655870224,499.097655870224,0,0,0,381.072187285292,0.3,red,0
397,138.799999999996,499.097655870224,499.097655870224,0,0,0,381.072187285292,0.3,red,0
397,138.899999999996,499.097655870224,499.097655870224,0,0,0,381.072187285292,0.3,red,0
397,138.999999999996,499.097655870224,499.097655870224,0,0,0,381.072187285292,0.3,red,0
397,139.099999999996,499.097655870224,499.097655870224,0,0,0,381.072187285292,0.3,red,0
397,139.199999999996,499.097655870224,499.097655870224,0,0,0,381.072187285292,0.3,red,0
397,139.299999999996,499.097655870224,499.097655870224,0,0,0,381.072187285292,0.3,red,0
397,139.399999999996,499.097655870224,499.097655870224,0,0,0,381.072187285292,0.3,red,0
397,139.499999999996,499.097655870224,499.097655870224,0,0,0,381.072187285292,0.3,red,0
397,139.599999999996,499.097655870224,499.097655870224,0,0,0,381.072187285292,0.3,red,0
397,139.699999999996,499.097655870224,499.097655870224,0,0,0,381.072187285292,0.3,red,0
397,139.799999999996,499.097655870224,499.097655870224,0,0,0,381.072187285292,0.3,red,0
397,139.899999999996,499.097655870224,499.097655870224,0,0,0,381.072187285292,0.3,red,0
397,139.999999999996,499.097655870224,499.097655870224,0,0,0,381.072187285292,0.3,red,0
397,140.099999999996,499.097655870224,499.097655870224,0,0,0,381.072187285292,0.3,red,0
397,140.199999999996,499.097655870224,499.097655870224,0,0,0,381.072187285292,0.3,red,0
397,140.299999999996,499.097655870224,499.097655870224,0,0,0,381.072187285292,0.3,red,0
397,140.399999999996,499.097655870224,499.097655870224,0,0,0,381.072187285292,0.3,red,0
397,140.499999999996,499.097655870224,499.097655870224,0,0,0,381.072187285292,0.3,red,0
397,140.599999999996,499.097655870224,499.097655870224,0,0,0,381.072187285292,0.3,red,0
397,140.699999999996,499.097655870224,499.097655870224,0,0,0,381.072187285292,0.3,red,0
397,140.799999999996,499.097655870224,499.097655870224,0,0,0,381.072187285292,0.3,red,0
397,140.899999999996,499.097655870224,499.097655870224,0,0,0,381.072187285292,0.3,red,0
397,140.999999999996,499.097655870224,499.097655870224,0,0,0,381.072187285292,0.3,red,0
397,141.099999999996,499.097655870224,499.097655870224,0,0,0,381.072187285292,0.3,red,0
397,141.199999999996,499.097655870224,499.097655870224,0,0,0,381.072187285292,0.3,red,0
397,141.299999999996,499.097655870224,499.097655870224,0,0,0,381.072187285292,0.3,red,0
397,141.399999999996,499.097655870224,499.097655870224,0,0,0,381.072187285292,0.3,red,0
397,141.499999999996,499.097655870224,499.097655870224,0,0,0,381.072187285292,0.3,red,0
397,141.599999999996,499.097655870224,499.097655870224,0,0,0,381.072187285292,0.3,red,0
397,141.699999999996,499.097655870224,499.097655870224,0,0,0,381.072187285292,0.3,red,0
397,141.799999999996,499.097655870224,499.097655870224,0,0,0,381.072187285292,0.3,red,0
397,141.899999999996,499.097655870224,499.097655870224,0,0,0,381.072187285292,0.3,red,0
397,141.999999999996,499.097655870224,499.097655870224,0,0,0,381.072187285292,0.3,red,0
397,142.099999999996,499.097655870224,499.097655870224,0,0,0,381.072187285292,0.3,red,0
397,142.199999999996,499.097655870224,499.097655870224,0,0,0,381.072187285292,0.3,red,0
397,142.299999999996,499.097655870224,499.097655870224,0,0,0,381.072187285292,0.3,red,0
397,142.399999999996,499.097655870224,499.097655870224,0,0,0,381.072187285292,0.3,red,0
397,142.499999999996,499.097655870224,499.097655870224,0,0,0,381.072187285292,0.3,red,0
397,142.599999999996,499.097655870224,499.097655870224,0,0,0,381.072187285292,0.3,red,0
397,142.699999999996,499.097655870224,499.097655870224,0,0,0,381.072187285292,0.3,red,0
397,142.799999999996,499.097655870224,499.097655870224,0,0,0,381.072187285292,0.3,red,0
397,142.899999999996,499.097655870224,499.097655870224,0,0,0,381.072187285292,0.3,red,0
397,142.999999999996,499.097655870224,499.097655870224,0,0,0,381.072187285292,0.3,red,0
397,143.099999999996,499.097655870224,499.097655870224,0,0,0,381.072187285292,0.3,green,0
397,143.199999999996,499.097655870224,499.097655870224,0,0,0,381.072187285292,0.3,green,0
397,143.299999999996,499.097655870224,499.097655870224,0,0,0,381.072187285292,0.3,green,0
397,143.399999999996,499.097655870224,499.097655870224,0,0,0,381.072187285292,0.3,green,0
397,143.499999999996,499.097655870224,499.097655870224,0,0,0,381.072187285292,0.3,green,0
397,143.599999999996,499.097655870224,499.097655870224,0,0,0,381.072187285292,0.3,green,0
397,143.699999999996,499.097655870224,499.097655870224,0,0,0,381.072187285292,0.3,green,0
397,143.799999999996,499.097655870224,499.097655870224,0,0,0,381.072187285292,0.3,green,0
397,143.899999999996,499.097655870224,499.097655870224,0,0,0,381.072187285292,0.3,green,0
397,143.999999999996,499.097655870224,499.097655870224,0,0,0,381.072187285292,0.3,green,0
397,144.099999999996,499.097655870224,499.097655870224,0,0,0,381.072187285292,0.3,green,0
397,144.199999999996,499.097655870224,499.097655870224,0,0,0,381.072187285292,0.3,green,0
397,144.299999999996,499.097655870224,499.097655870224,0,0,0,381.072187285292,0.3,green,0
397,144.399999999996,499.097655870224,499.097655870224,0,0,0,381.072187285292,0.3,green,0
397,144.499999999996,499.097655870224,499.097655870224,0,0,0,381.072187285292,0.3,green,0
397,144.599999999996,499.097655870224,499.097655870224,0,0,0,381.072187285292,0.3,green,0
397,144.699999999996,499.097655870224,499.097655870224,0,0,0,381.072187285292,0.3,green,0
397,144.799999999996,499.097655870224,499.097655870224,0,0,0,381.072187285292,0.3,green,0
397,144.899999999996,499.097655870224,499.097655870224,0,0,0,381.072187285292,0.3,green,0
397,144.999999999996,499.097655870224,499.097655870224,0,0,0,381.072187285292,0.3,green,0
397,145.099999999996,499.097655870224,499.097655870224,0,0,0,381.072187285292,0.3,green,0
397,145.199999999996,499.097655870224,499.097655870224,0,0,0,381.072187285292,0.3,green,0
397,145.299999999996,499.097655870224,499.097655870224,0,0,0,381.072187285292,0.3,green,0
397,145.399999999996,499.097655870224,499.097655870224,0,0,0,381.072187285292,0.3,green,0
397,145.499999999996,499.097655870224,499.097655870224,0,0,0,381.072187285292,0.3,green,0
397,145.599999999996,499.097655870224,499.097655870224,0,0,0,381.072187285292,0.3,green,0
397,145.699999999996,499.097655870224,499.097655870224,0,0,0,381.072187285292,0.3,green,0
397,145.799999999996,499.097655870224,499.097655870224,0,0,0,381.072187285292,0.3,green,0
397,145.899999999996,499.097655870224,499.097655870224,0,0,0,381.072187285292,0.3,green,0
397,145.999999999996,499.097655870224,499.097655870224,0,0,0,381.072187285292,0.3,green,0
397,146.099999999996,499.097655870224,499.097655870224,0,0,0,381.072187285292,0.3,green,0
397,146.199999999996,499.097655870224,499.097655870224,0,0,0,381.072187285292,0.3,green,0
397,146.299999999996,499.097655870224,499.097655870224,0,0,0,381.072187285292,0.3,green,0
397,146.399999999996,499.097655870224,499.097655870224,0,0,0,381.072187285292,0.3,green,0
397,146.499999999996,499.097655870224,499.097655870224,0,0,0,381.072187285292,0.3,green,0
397,146.599999999996,499.097655870224,499.097655870224,0,0,0,381.072187285292,0.3,green,0
397,146.699999999996,499.097655870224,499.097655870224,0,0,0,381.072187285292,0.3,green,0
397,146.799999999996,499.097655870224,499.097655870224,0,0,0,381.072187285292,0.3,green,0
397,146.899999999996,499.097655870224,499.097655870224,0,0,0,381.072187285292,0.3,green,0
397,146.999999999996,499.097655870224,499.097655870224,0,0,0,381.072187285292,0.3,green,0
397,147.099999999996,499.097655870224,499.097655870224,0,0,0,381.072187285292,0.3,green,0
397,147.199999999996,499.097655870224,499.097655870224,0,0,0,381.072187285292,0.3,green,0
397,147.299999999996,499.097655870224,499.097655870224,0,0,0,381.072187285292,0.3,green,0
397,147.399999999996,499.097655870224,499.097655870224,0,0,0,381.072187285292,0.3,green,0
397,147.499999999996,499.097655870224,499.097655870224,0,0,0,381.072187285292,0.3,green,0
397,147.599999999996,499.097655870224,499.097655870224,0,0,0,381.072187285292,0.3,green,0
397,147.699999999996,499.097655870224,499.097655870224,0,0,0,381.072187285292,0.3,green,0
397,147.799999999996,499.097655870224,499.097655870224,0,0,0,381.072187285292,0.3,green,0
397,147.899999999996,499.097655870224,499.097655870224,0,0,0,381.072187285292,0.3,green,0
397,147.999999999996,499.097655870224,499.097655870224,0,0,0,381.072187285292,0.3,green,0
397,148.099999999996,499.097655870224,499.097655870224,0,0,0,381.072187285292,0.3,green,0
397,148.199999999996,499.097655870224,499.097655870224,0,0,0,381.072187285292,0.3,green,0
397,148.299999999996,499.097655870224,499.097655870224,0,0,0,381.072187285292,0.3,green,0
397,148.399999999996,499.097655870224,499.097655870224,0,0,0,381.072187285292,0.3,green,0
397,148.499999999996,499.097655870224,499.097655870224,0,0,0,381.072187285292,0.3,green,0
397,148.599999999996,499.097655870224,499.097655870224,0,0,0,381.072187285292,0.3,green,0
397,148.699999999996,499.097655870224,499.097655870224,0,0,0,381.072187285292,0.3,green,0
397,148.799999999996,499.097655870224,499.097655870224,0,0,0,381.072187285292,0.3,green,0
397,148.899999999996,499.097655870224,499.097655870224,0,0,0,381.072187285292,0.3,green,0
397,148.999999999996,499.097655870224,499.097655870224,0,0,0,381.072187285292,0.3,green,0
397,149.099999999996,499.097655870224,499.097655870224,0,0,0,381.072187285292,0.3,green,0
397,149.199999999996,499.097655870224,499.097655870224,0,0,0,381.072187285292,0.3,green,0
397,149.299999999996,499.097655870224,499.097655870224,0,0,0,381.072187285292,0.3,green,0
397,149.399999999996,499.097655870224,499.097655870224,0,0,0,381.072187285292,0.3,green,0
397,149.499999999996,499.097655870224,499.097655870224,0,0,0,381.072187285292,0.3,green,0
397,149.599999999996,499.097655870224,499.097655870224,0,0,0,381.072187285292,0.3,green,0
397,149.699999999996,499.097655870224,499.097655870224,0,0,0,381.072187285292,0.3,green,0
397,149.799999999996,499.097655870224,499.097655870224,0,0,0,381.072187285292,0.3,green,0
397,149.899999999996,499.097655870224,499.097655870224,0,0,0,381.072187285292,0.3,green,0
