ScenarioID,Time,ActorID,X,Y,Z,Vx,Vy,Vz,Yaw
186,0.1,1,1.5,0,0,15,0,0,0
186,0.1,2,142.239744752718,0,0,9.16,0,0,0
186,0.1,3,300.318327260351,-2.74770833333333,0,1.55887332141465e-16,2.54583333333333,0,90
186,0.1,4,251.472160496998,0.0114052391401119,0,14.9995837367568,0.111748485539814,0,0.426851721072016
186,0.1,5,307.293720491301,0,0,15,0,0,0
186,0.1,6,84.1037951668167,-2.74770833333333,0,1.55887332141465e-16,2.54583333333333,0,90
186,0.2,1,3,0,0,15,0,0,0
186,0.2,2,143.113744752718,0,0,8.32,0,0,0
186,0.2,3,300.318327260351,-2.49083333333333,0,1.58693814389511e-16,2.59166666666667,0,90
186,0.2,4,252.972122202725,0.0221193005601193,0,14.999657394182,0.101380753411424,0,0.387248901264933
186,0.2,5,308.793720491301,0,0,15,0,0,0
186,0.2,6,84.1037951668167,-2.49083333333333,0,1.58693814389511e-16,2.59166666666667,0,90
186,0.3,1,4.5,0,0,15,0,0,0
186,0.3,2,143.903744752718,0,0,7.48,0,0,0
186,0.3,3,300.318327260351,-2.229375,0,1.61500296637557e-16,2.6375,0,90
186,0.3,4,254.472093092466,0.0314509901188806,0,14.9997642320432,0.0841010292339021,0,0.321243951611918
186,0.3,5,310.293720491301,0,0,15,0,0,0
186,0.3,6,84.1037951668167,-2.229375,0,1.61500296637557e-16,2.6375,0,90
186,0.4,1,6,0,0,15,0,0,0
186,0.4,2,144.609744752718,0,0,6.64,0,0,0
186,0.4,3,300.318327260351,-1.96333333333333,0,1.64306778885603e-16,2.68333333333333,0,90
186,0.4,4,255.972075369503,0.0387091026669634,0,14.999880362473,0.0599091937492562,0,0.228836872112972
186,0.4,5,311.793720491301,0,0,15,0,0,0
186,0.4,6,84.1037951668167,-1.96333333333333,0,1.64306778885603e-16,2.68333333333333,0,90
186,0.5,1,7.5,0,0,15,0,0,0
186,0.5,2,145.231744752718,0,0,5.8,0,0,0
186,0.5,3,300.318327260351,-1.69270833333333,0,1.67113261133649e-16,2.72916666666667,0,90
186,0.5,4,257.472068370551,0.043202422046243,0,14.9999723420721,0.0288051570494019,0,0.110027662768095
186,0.5,5,313.293720491301,0,0,15,0,0,0
186,0.5,6,84.1037951668167,-1.69270833333333,0,1.67113261133649e-16,2.72916666666667,0,90
186,0.6,1,9,0,0,15,0,0,0
186,0.6,2,145.769744752718,0,0,4.96,0,0,0
186,0.6,3,300.318327260351,-1.4175,0,1.69919743381695e-16,2.775,0,90
186,0.6,4,258.972067610208,0.0442397276941617,0,14.9999971718762,-0.00921106436910034,0,-0.0351836764227142
186,0.6,5,314.793720491301,0,0,15,0,0,0
186,0.6,6,84.1037951668167,-1.4175,0,1.69919743381695e-16,2.775,0,90
186,0.7,1,10.5,0,0,15,0,0,0
186,0.7,2,146.223744752718,0,0,4.12,0,0,0
186,0.7,3,300.318327260351,-1.13770833333333,0,1.72726225629741e-16,2.82083333333333,0,90
186,0.7,4,260.47206382541,0.0411298100542593,0,14.9999022977407,-0.0541392485345485,0,-0.206797145459455
186,0.7,5,316.293720491301,0,0,15,0,0,0
186,0.7,6,84.1037951668167,-1.13770833333333,0,1.72726225629741e-16,2.82083333333333,0,90
186,0.8,1,12,0,0,15,0,0,0
186,0.8,2,146.565826385371,0,0,2.62857142857143,0,0,0
186,0.8,3,300.318327260351,-0.853333333333333,0,1.75532707877787e-16,2.86666666666667,0,90
186,0.8,4,261.972042019964,0.033181496994453,0,14.9996256114613,-0.105978846916245,0,-0.404812744342126
186,0.8,5,317.793720491301,0,0,15,0,0,0
186,0.8,6,84.1037951668167,-0.853333333333333,0,1.75532707877787e-16,2.86666666666667,0,90
186,0.9,1,13.5,0,0,15,0,0,0
186,0.9,2,146.748683528228,0,0,1.02857142857143,0,0,0
186,0.9,3,300.318327260351,-0.564375,0,1.78339190125833e-16,2.9125,0,90
186,0.9,4,263.47198050924,0.0197036934341523,0,14.9990954530209,-0.164728841332929,0,-0.629230473070729
186,0.9,5,319.293720491301,0,0,15,0,0,0
186,0.9,6,84.1037951668167,-0.564375,0,1.78339190125833e-16,2.9125,0,90
186,1,1,15,0,0,15,0,0,0
186,1,2,146.748683528228,0,0,1.02857142857143,0,0,0
186,1,3,300.318327260351,-0.270833333333334,0,1.81145672373879e-16,2.95833333333333,0,90
186,1,4,264.971849965166,5.43638050569395e-06,0,14.998230614426,-0.230387578863978,0,-0.880050331645264
186,1,5,320.793720491301,0,0,15,0,0,0
186,1,6,84.1037951668167,-0.270833333333334,0,1.81145672373879e-16,2.95833333333333,0,90
186,1.1,1,16.5,0,0,15,0,0,0
186,1.1,2,146.748683528228,0,0,1.02857142857143,0,0,0
186,1.1,3,300.318327260351,0.0272537878787877,0,1.83441885122281e-16,2.99583333333333,0,90
186,1.1,4,266.471618683282,-0.0262723472343312,0,14.9971380987763,-0.292999737597026,0,-1.11924774012161
186,1.1,5,322.293720491301,0,0,15,0,0,0
186,1.1,6,84.1037951668167,0.0272537878787877,0,1.83441885122281e-16,2.99583333333333,0,90
186,1.2,1,18,0,0,15,0,0,0
186,1.2,2,146.748683528228,0,0,1.02857142857143,0,0,0
186,1.2,3,300.318327260351,0.324545454545455,0,1.80635402874235e-16,2.95,0,90
186,1.2,4,267.971279000929,-0.0581608721223063,0,14.9960869349912,-0.34260274106577,0,-1.30875988199148
186,1.2,5,323.793720491301,0,0,15,0,0,0
186,1.2,6,84.1037951668167,0.324545454545455,0,1.80635402874235e-16,2.95,0,90
186,1.3,1,19.5,0,0,15,0,0,0
186,1.3,2,146.748683528228,0,0,1.02857142857143,0,0,0
186,1.3,3,300.318327260351,0.617253787878788,0,1.77828920626189e-16,2.90416666666667,0,90
186,1.3,4,269.470841788118,-0.0943593282522036,0,14.9952061782171,-0.379198724629502,0,-1.44858675486104
186,1.3,5,325.293720491301,0,0,15,0,0,0
186,1.3,6,84.1037951668167,0.617253787878788,0,1.77828920626189e-16,2.90416666666667,0,90
186,1.4,1,21,0,0,15,0,0,0
186,1.4,2,146.748683528228,0,0,1.02857142857143,0,0,0
186,1.4,3,300.318327260351,0.905378787878788,0,1.75022438378143e-16,2.85833333333333,0,90
186,1.4,4,270.970329128103,-0.13356711804701,0,14.9945910394776,-0.402789720349349,0,-1.53872835873029
186,1.4,5,326.793720491301,0,0,15,0,0,0
186,1.4,6,84.1037951668167,0.905378787878788,0,1.75022438378143e-16,2.85833333333333,0,90
186,1.5,1,22.5,0,0,15,0,0,0
186,1.5,2,146.748683528228,0,0,1.02857142857143,0,0,0
186,1.5,3,300.318327260351,1.18892045454546,0,1.72215956130097e-16,2.8125,0,90
186,1.5,4,272.469770933353,-0.174483824126196,0,14.9943028932506,-0.413377243514314,0,-1.57918469359923
186,1.5,5,328.293720491301,0,0,15,0,0,0
186,1.5,6,84.1037951668167,1.18892045454546,0,1.72215956130097e-16,2.8125,0,90
186,1.6,1,24,0,0,15,0,0,0
186,1.6,2,146.748683528228,0,0,1.02857142857143,0,0,0
186,1.6,3,300.318327260351,1.46787878787879,0,1.69409473882051e-16,2.76666666666667,0,90
186,1.6,4,273.969201562224,-0.215809143099868,0,14.9943692835931,-0.410962026519645,0,-1.56995575946787
186,1.6,5,329.793720491301,0,0,15,0,0,0
186,1.6,6,84.1037951668167,1.46787878787879,0,1.69409473882051e-16,2.76666666666667,0,90
186,1.7,1,25.5,0,0,15,0,0,0
186,1.7,2,146.748683528228,0,0,1.02857142857143,0,0,0
186,1.7,3,300.318327260351,1.74225378787879,0,1.66602991634005e-16,2.72083333333333,0,90
186,1.7,4,275.468656436101,-0.256242800085568,0,14.9947839272068,-0.395543899436899,0,-1.51104155633619
186,1.7,5,331.293720491301,0,0,15,0,0,0
186,1.7,6,84.1037951668167,1.74225378787879,0,1.66602991634005e-16,2.72083333333333,0,90
186,1.8,1,27,0,0,15,0,0,0
186,1.8,2,146.748683528228,0,0,1.02857142857143,0,0,0
186,1.8,3,300.318327260351,2.01204545454546,0,1.63796509385958e-16,2.675,0,90
186,1.8,4,276.968168656654,-0.294484458615843,0,14.9955067127221,-0.367121817257957,0,-1.40244208420421
186,1.8,5,332.793720491301,0,0,15,0,0,0
186,1.8,6,84.1037951668167,2.01204545454546,0,1.63796509385958e-16,2.675,0,90
186,1.9,1,28.5,0,0,15,0,0,0
186,1.9,2,146.748683528228,0,0,1.02857142857143,0,0,0
186,1.9,3,300.318327260351,2.27725378787879,0,1.60990027137912e-16,2.62916666666667,0,90
186,1.9,4,278.467765622848,-0.329233640603989,0,14.9964636963631,-0.325694033817172,0,-1.24415734307192
186,1.9,5,334.293720491301,0,0,15,0,0,0
186,1.9,6,84.1037951668167,2.27725378787879,0,1.60990027137912e-16,2.62916666666667,0,90
186,2,1,30,0,0,15,0,0,0
186,2,2,146.748683528228,0,0,1.02857142857143,0,0,0
186,2,3,300.318327260351,2.53787878787879,0,1.58183544889866e-16,2.58333333333333,0,90
186,2,4,279.967465647369,-0.359189671036881,0,14.9975470950508,-0.271258422416472,0,-1.03618733293932
186,2,5,335.793720491301,0,0,15,0,0,0
186,2,6,84.1037951668167,2.53787878787879,0,1.58183544889866e-16,2.58333333333333,0,90
186,2.1,1,31.5,0,0,15,0,0,0
186,2.1,2,146.748683528228,0,0,1.02857142857143,0,0,0
186,2.1,3,300.318327260351,2.79392045454546,0,1.5537706264182e-16,2.5375,0,90
186,2.1,4,281.467270233328,-0.383341905807957,0,14.9984940383612,-0.21254783283978,0,-0.811900088837484
186,2.1,5,337.293720491301,0,0,15,0,0,0
186,2.1,6,84.1037951668167,2.79392045454546,0,1.5537706264182e-16,2.5375,0,90
186,2.2,1,33,0,0,15,0,0,0
186,2.2,2,146.748683528228,0,0,1.02857142857143,0,0,0
186,2.2,3,300.318327260351,2.79392045454546,0,1.5537706264182e-16,2.5375,0,90
186,2.2,4,282.967155211639,-0.401851593956824,0,14.9991635419655,-0.158407832424907,0,-0.605084596645384
186,2.2,5,338.793720491301,0,0,15,0,0,0
186,2.2,6,84.1037951668167,2.79392045454546,0,1.5537706264182e-16,2.5375,0,90
186,2.3,1,34.5,0,0,15,0,0,0
186,2.3,2,146.748683528228,0,0,1.02857142857143,0,0,0
186,2.3,3,300.318327260351,2.79392045454546,0,1.5537706264182e-16,2.5375,0,90
186,2.3,4,284.467095348995,-0.415175872751486,0,14.9996051244916,-0.108839833350737,0,-0.415741187733653
186,2.3,5,340.293720491301,0,0,15,0,0,0
186,2.3,6,84.1037951668167,2.79392045454546,0,1.5537706264182e-16,2.5375,0,90
186,2.4,1,36,0,0,15,0,0,0
186,2.4,2,146.748683528228,0,0,1.02857142857143,0,0,0
186,2.4,3,300.318327260351,2.79392045454546,0,1.5537706264182e-16,2.5375,0,90
186,2.4,4,285.967070155198,-0.42377199274908,0,14.9998641274869,-0.0638447878280823,0,-0.243869862102289
186,2.4,5,341.793720491301,0,0,15,0,0,0
186,2.4,6,84.1037951668167,2.79392045454546,0,1.5537706264182e-16,2.5375,0,90
186,2.5,1,37.5,0,0,15,0,0,0
186,2.5,2,146.748683528228,0,0,1.02857142857143,0,0,0
186,2.5,3,300.318327260351,2.79392045454546,0,1.5537706264182e-16,2.5375,0,90
186,2.5,4,287.467063465175,-0.428097283972836,0,14.9999817115541,-0.0234233439574154,0,-0.0894706197512936
186,2.5,5,343.293720491301,0,0,15,0,0,0
186,2.5,6,84.1037951668167,2.79392045454546,0,1.5537706264182e-16,2.5375,0,90
186,2.6,1,39,0,0,15,0,0,0
186,2.6,2,146.748683528228,0,0,1.02857142857143,0,0,0
186,2.6,3,300.318327260351,2.79392045454546,0,1.5537706264182e-16,2.5375,0,90
186,2.6,4,288.967063020795,-0.428609128691686,0,14.9999948547308,0.0124240915203057,0,0.0474565393193345
186,2.6,5,344.793720491301,0,0,15,0,0,0
186,2.6,6,84.1037951668167,2.79392045454546,0,1.5537706264182e-16,2.5375,0,90
186,2.7,1,40.5,0,0,15,0,0,0
186,2.7,2,146.748683528228,0,0,1.02857142857143,0,0,0
186,2.7,3,300.318327260351,2.79392045454546,0,1.5537706264182e-16,2.5375,0,90
186,2.7,4,290.467060052554,-0.425764940156307,0,14.9999363514066,0.0436972968461214,0,0.166911615109595
186,2.7,5,346.293720491301,0,0,15,0,0,0
186,2.7,6,84.1037951668167,2.79392045454546,0,1.5537706264182e-16,2.5375,0,90
186,2.8,1,42,0,0,15,0,0,0
186,2.8,2,146.748683528228,0,0,1.02857142857143,0,0,0
186,2.8,3,300.318327260351,2.79392045454546,0,1.5537706264182e-16,2.5375,0,90
186,2.8,4,291.967048861178,-0.420022146654121,0,14.9998348116605,0.0703961852421593,0,0.268894607619487
186,2.8,5,347.793720491301,0,0,15,0,0,0
186,2.8,6,84.1037951668167,2.79392045454546,0,1.5537706264182e-16,2.5375,0,90
186,2.9,1,43.5,0,0,15,0,0,0
186,2.9,2,146.748683528228,0,0,1.02857142857143,0,0,0
186,2.9,3,300.318327260351,2.79392045454546,0,1.5537706264182e-16,2.5375,0,90
186,2.9,4,293.467026399169,-0.411838180245453,0,14.9997146609104,0.0925207612894538,0,0.353405516849012
186,2.9,5,349.293720491301,0,0,15,0,0,0
186,2.9,6,84.1037951668167,2.79392045454546,0,1.5537706264182e-16,2.5375,0,90
186,3,1,45,0,0,15,0,0,0
186,3,2,146.748683528228,0,0,1.02857142857143,0,0,0
186,3,3,300.318327260351,2.79392045454546,0,1.5537706264182e-16,2.5375,0,90
186,3,4,294.966991852331,-0.401670469542926,0,14.9995961397811,0.110071083685716,0,0.420444342798169
186,3,5,350.793720491301,0,0,15,0,0,0
186,3,6,84.1037951668167,2.79392045454546,0,1.5537706264182e-16,2.5375,0,90
186,3.1,1,46.5,0,0,15,0,0,0
186,3.1,2,146.748683528228,0,0,1.02857142857143,0,0,0
186,3.1,3,300.318327260351,2.79392045454546,0,1.5537706264182e-16,2.5375,0,90
186,3.1,4,296.46694622129,-0.389976435896048,0,14.9994953041131,0.123047234383643,0,0.470011085466958
186,3.1,5,352.293720491301,0,0,15,0,0,0
186,3.1,6,84.1037951668167,2.79392045454546,0,1.5537706264182e-16,2.5375,0,90
186,3.2,1,48,0,0,15,0,0,0
186,3.2,2,146.748683528228,0,0,1.02857142857143,0,0,0
186,3.2,3,300.318327260351,2.79392045454546,0,1.5537706264182e-16,2.5375,0,90
186,3.2,4,297.966891903023,-0.377213492342934,0,14.9994240250444,0.131449294109924,0,0.502105744855379
186,3.2,5,353.793720491301,0,0,15,0,0,0
186,3.2,6,84.1037951668167,2.79392045454546,0,1.5537706264182e-16,2.5375,0,90
186,3.3,1,49.5,0,0,15,0,0,0
186,3.3,2,146.748683528228,0,0,1.02857142857143,0,0,0
186,3.3,3,300.318327260351,2.79392045454546,0,1.5537706264182e-16,2.5375,0,90
186,3.3,4,299.466832272387,-0.363839044691101,0,14.9993899891142,0.135277324264869,0,0.516728320963432
186,3.3,5,355.293720491301,0,0,15,0,0,0
186,3.3,6,84.1037951668167,2.79392045454546,0,1.5537706264182e-16,2.5375,0,90
186,3.4,1,51,0,0,15,0,0,0
186,3.4,2,146.748683528228,0,0,1.02857142857143,0,0,0
186,3.4,3,300.318327260351,2.79392045454546,0,1.5537706264182e-16,2.5375,0,90
186,3.4,4,299.466832272387,-0.363839044691101,0,14.9993899891142,0.135277324264869,0,0.516728320963432
186,3.4,5,356.793720491301,0,0,15,0,0,0
186,3.4,6,84.1037951668167,2.79392045454546,0,1.5537706264182e-16,2.5375,0,90
186,3.5,1,52.5,0,0,15,0,0,0
186,3.5,2,146.748683528228,0,0,1.02857142857143,0,0,0
186,3.5,3,300.318327260351,2.79392045454546,0,1.5537706264182e-16,2.5375,0,90
186,3.5,4,299.466832272387,-0.363839044691101,0,14.9993899891142,0.135277324264869,0,0.516728320963432
186,3.5,5,358.293720491301,0,0,15,0,0,0
186,3.5,6,84.1037951668167,2.79392045454546,0,1.5537706264182e-16,2.5375,0,90
186,3.6,1,54,0,0,15,0,0,0
186,3.6,2,146.748683528228,0,0,1.02857142857143,0,0,0
186,3.6,3,300.318327260351,2.79392045454546,0,1.5537706264182e-16,2.5375,0,90
186,3.6,4,299.466832272387,-0.363839044691101,0,14.9993899891142,0.135277324264869,0,0.516728320963432
186,3.6,5,359.793720491301,0,0,15,0,0,0
186,3.6,6,84.1037951668167,2.79392045454546,0,1.5537706264182e-16,2.5375,0,90
186,3.7,1,55.5,0,0,15,0,0,0
186,3.7,2,146.748683528228,0,0,1.02857142857143,0,0,0
186,3.7,3,300.318327260351,2.79392045454546,0,1.5537706264182e-16,2.5375,0,90
186,3.7,4,299.466832272387,-0.363839044691101,0,14.9993899891142,0.135277324264869,0,0.516728320963432
186,3.7,5,361.293720491301,0,0,15,0,0,0
186,3.7,6,84.1037951668167,2.79392045454546,0,1.5537706264182e-16,2.5375,0,90
186,3.8,1,57,0,0,15,0,0,0
186,3.8,2,146.748683528228,0,0,1.02857142857143,0,0,0
186,3.8,3,300.318327260351,2.79392045454546,0,1.5537706264182e-16,2.5375,0,90
186,3.8,4,299.466832272387,-0.363839044691101,0,14.9993899891142,0.135277324264869,0,0.516728320963432
186,3.8,5,362.793720491301,0,0,15,0,0,0
186,3.8,6,84.1037951668167,2.79392045454546,0,1.5537706264182e-16,2.5375,0,90
186,3.9,1,58.5,0,0,15,0,0,0
186,3.9,2,146.748683528228,0,0,1.02857142857143,0,0,0
186,3.9,3,300.318327260351,2.79392045454546,0,1.5537706264182e-16,2.5375,0,90
186,3.9,4,299.466832272387,-0.363839044691101,0,14.9993899891142,0.135277324264869,0,0.516728320963432
186,3.9,5,364.293720491301,0,0,15,0,0,0
186,3.9,6,84.1037951668167,2.79392045454546,0,1.5537706264182e-16,2.5375,0,90
186,4,1,60,0,0,15,0,0,0
186,4,2,146.748683528228,0,0,1.02857142857143,0,0,0
186,4,3,300.318327260351,2.79392045454546,0,1.5537706264182e-16,2.5375,0,90
186,4,4,299.466832272387,-0.363839044691101,0,14.9993899891142,0.135277324264869,0,0.516728320963432
186,4,5,364.293720491301,0,0,15,0,0,0
186,4,6,84.1037951668167,2.79392045454546,0,1.5537706264182e-16,2.5375,0,90
186,4.1,1,61.5,0,0,15,0,0,0
186,4.1,2,146.748683528228,0,0,1.02857142857143,0,0,0
186,4.1,3,300.318327260351,2.79392045454546,0,1.5537706264182e-16,2.5375,0,90
186,4.1,4,299.466832272387,-0.363839044691101,0,14.9993899891142,0.135277324264869,0,0.516728320963432
186,4.1,5,364.293720491301,0,0,15,0,0,0
186,4.1,6,84.1037951668167,2.79392045454546,0,1.5537706264182e-16,2.5375,0,90
186,4.2,1,63,0,0,15,0,0,0
186,4.2,2,146.748683528228,0,0,1.02857142857143,0,0,0
186,4.2,3,300.318327260351,2.79392045454546,0,1.5537706264182e-16,2.5375,0,90
186,4.2,4,299.466832272387,-0.363839044691101,0,14.9993899891142,0.135277324264869,0,0.516728320963432
186,4.2,5,364.293720491301,0,0,15,0,0,0
186,4.2,6,84.1037951668167,2.79392045454546,0,1.5537706264182e-16,2.5375,0,90
186,4.3,1,64.5,0,0,15,0,0,0
186,4.3,2,146.748683528228,0,0,1.02857142857143,0,0,0
186,4.3,3,300.318327260351,2.79392045454546,0,1.5537706264182e-16,2.5375,0,90
186,4.3,4,299.466832272387,-0.363839044691101,0,14.9993899891142,0.135277324264869,0,0.516728320963432
186,4.3,5,364.293720491301,0,0,15,0,0,0
186,4.3,6,84.1037951668167,2.79392045454546,0,1.5537706264182e-16,2.5375,0,90
186,4.4,1,66,0,0,15,0,0,0
186,4.4,2,146.748683528228,0,0,1.02857142857143,0,0,0
186,4.4,3,300.318327260351,2.79392045454546,0,1.5537706264182e-16,2.5375,0,90
186,4.4,4,299.466832272387,-0.363839044691101,0,14.9993899891142,0.135277324264869,0,0.516728320963432
186,4.4,5,364.293720491301,0,0,15,0,0,0
186,4.4,6,84.1037951668167,2.79392045454546,0,1.5537706264182e-16,2.5375,0,90
186,4.5,1,67.5,0,0,15,0,0,0
186,4.5,2,146.748683528228,0,0,1.02857142857143,0,0,0
186,4.5,3,300.318327260351,2.79392045454546,0,1.5537706264182e-16,2.5375,0,90
186,4.5,4,299.466832272387,-0.363839044691101,0,14.9993899891142,0.135277324264869,0,0.516728320963432
186,4.5,5,364.293720491301,0,0,15,0,0,0
186,4.5,6,84.1037951668167,2.79392045454546,0,1.5537706264182e-16,2.5375,0,90
186,4.6,1,69,0,0,15,0,0,0
186,4.6,2,146.748683528228,0,0,1.02857142857143,0,0,0
186,4.6,3,300.318327260351,2.79392045454546,0,1.5537706264182e-16,2.5375,0,90
186,4.6,4,299.466832272387,-0.363839044691101,0,14.9993899891142,0.135277324264869,0,0.516728320963432
186,4.6,5,364.293720491301,0,0,15,0,0,0
186,4.6,6,84.1037951668167,2.79392045454546,0,1.5537706264182e-16,2.5375,0,90
186,4.7,1,70.5,0,0,15,0,0,0
186,4.7,2,146.748683528228,0,0,1.02857142857143,0,0,0
186,4.7,3,300.318327260351,2.79392045454546,0,1.5537706264182e-16,2.5375,0,90
186,4.7,4,299.466832272387,-0.363839044691101,0,14.9993899891142,0.135277324264869,0,0.516728320963432
186,4.7,5,364.293720491301,0,0,15,0,0,0
186,4.7,6,84.1037951668167,2.79392045454546,0,1.5537706264182e-16,2.5375,0,90
186,4.8,1,72,0,0,15,0,0,0
186,4.8,2,146.748683528228,0,0,1.02857142857143,0,0,0
186,4.8,3,300.318327260351,2.79392045454546,0,1.5537706264182e-16,2.5375,0,90
186,4.8,4,299.466832272387,-0.363839044691101,0,14.9993899891142,0.135277324264869,0,0.516728320963432
186,4.8,5,364.293720491301,0,0,15,0,0,0
186,4.8,6,84.1037951668167,2.79392045454546,0,1.5537706264182e-16,2.5375,0,90
186,4.9,1,73.5,0,0,15,0,0,0
186,4.9,2,146.748683528228,0,0,1.02857142857143,0,0,0
186,4.9,3,300.318327260351,2.79392045454546,0,1.5537706264182e-16,2.5375,0,90
186,4.9,4,299.466832272387,-0.363839044691101,0,14.9993899891142,0.135277324264869,0,0.516728320963432
186,4.9,5,364.293720491301,0,0,15,0,0,0
186,4.9,6,84.1037951668167,2.79392045454546,0,1.5537706264182e-16,2.5375,0,90
186,5,1,75,0,0,15,0,0,0
186,5,2,146.748683528228,0,0,1.02857142857143,0,0,0
186,5,3,300.318327260351,2.79392045454546,0,1.5537706264182e-16,2.5375,0,90
186,5,4,299.466832272387,-0.363839044691101,0,14.9993899891142,0.135277324264869,0,0.516728320963432
186,5,5,364.293720491301,0,0,15,0,0,0
186,5,6,84.1037951668167,2.79392045454546,0,1.5537706264182e-16,2.5375,0,90
186,5.1,1,76.5,0,0,15,0,0,0
186,5.1,2,146.748683528228,0,0,1.02857142857143,0,0,0
186,5.1,3,300.318327260351,2.79392045454546,0,1.5537706264182e-16,2.5375,0,90
186,5.1,4,299.466832272387,-0.363839044691101,0,14.9993899891142,0.135277324264869,0,0.516728320963432
186,5.1,5,364.293720491301,0,0,15,0,0,0
186,5.1,6,84.1037951668167,2.79392045454546,0,1.5537706264182e-16,2.5375,0,90
186,5.2,1,78,0,0,15,0,0,0
186,5.2,2,146.748683528228,0,0,1.02857142857143,0,0,0
186,5.2,3,300.318327260351,2.79392045454546,0,1.5537706264182e-16,2.5375,0,90
186,5.2,4,299.466832272387,-0.363839044691101,0,14.9993899891142,0.135277324264869,0,0.516728320963432
186,5.2,5,364.293720491301,0,0,15,0,0,0
186,5.2,6,84.1037951668167,2.79392045454546,0,1.5537706264182e-16,2.5375,0,90
186,5.3,1,79.5,0,0,15,0,0,0
186,5.3,2,146.748683528228,0,0,1.02857142857143,0,0,0
186,5.3,3,300.318327260351,2.79392045454546,0,1.5537706264182e-16,2.5375,0,90
186,5.3,4,299.466832272387,-0.363839044691101,0,14.9993899891142,0.135277324264869,0,0.516728320963432
186,5.3,5,364.293720491301,0,0,15,0,0,0
186,5.3,6,84.1037951668167,2.79392045454546,0,1.5537706264182e-16,2.5375,0,90
186,5.4,1,81,0,0,15,0,0,0
186,5.4,2,146.748683528228,0,0,1.02857142857143,0,0,0
186,5.4,3,300.318327260351,2.79392045454546,0,1.5537706264182e-16,2.5375,0,90
186,5.4,4,299.466832272387,-0.363839044691101,0,14.9993899891142,0.135277324264869,0,0.516728320963432
186,5.4,5,364.293720491301,0,0,15,0,0,0
186,5.4,6,84.1037951668167,2.79392045454546,0,1.5537706264182e-16,2.5375,0,90
186,5.5,1,82.4999999999999,0,0,15,0,0,0
186,5.5,2,146.748683528228,0,0,1.02857142857143,0,0,0
186,5.5,3,300.318327260351,2.79392045454546,0,1.5537706264182e-16,2.5375,0,90
186,5.5,4,299.466832272387,-0.363839044691101,0,14.9993899891142,0.135277324264869,0,0.516728320963432
186,5.5,5,364.293720491301,0,0,15,0,0,0
186,5.5,6,84.1037951668167,2.79392045454546,0,1.5537706264182e-16,2.5375,0,90
186,5.6,1,83.9999999999999,0,0,15,0,0,0
186,5.6,2,146.748683528228,0,0,1.02857142857143,0,0,0
186,5.6,3,300.318327260351,2.79392045454546,0,1.5537706264182e-16,2.5375,0,90
186,5.6,4,299.466832272387,-0.363839044691101,0,14.9993899891142,0.135277324264869,0,0.516728320963432
186,5.6,5,364.293720491301,0,0,15,0,0,0
186,5.6,6,84.1037951668167,2.79392045454546,0,1.5537706264182e-16,2.5375,0,90
186,5.7,1,85.4999999999999,0,0,15,0,0,0
186,5.7,2,146.748683528228,0,0,1.02857142857143,0,0,0
186,5.7,3,300.318327260351,2.79392045454546,0,1.5537706264182e-16,2.5375,0,90
186,5.7,4,299.466832272387,-0.363839044691101,0,14.9993899891142,0.135277324264869,0,0.516728320963432
186,5.7,5,364.293720491301,0,0,15,0,0,0
186,5.7,6,84.1037951668167,2.79392045454546,0,1.5537706264182e-16,2.5375,0,90
186,5.8,1,86.9999999999999,0,0,15,0,0,0
186,5.8,2,146.748683528228,0,0,1.02857142857143,0,0,0
186,5.8,3,300.318327260351,2.79392045454546,0,1.5537706264182e-16,2.5375,0,90
186,5.8,4,299.466832272387,-0.363839044691101,0,14.9993899891142,0.135277324264869,0,0.516728320963432
186,5.8,5,364.293720491301,0,0,15,0,0,0
186,5.8,6,84.1037951668167,2.79392045454546,0,1.5537706264182e-16,2.5375,0,90
186,5.9,1,88.4999999999999,0,0,15,0,0,0
186,5.9,2,146.748683528228,0,0,1.02857142857143,0,0,0
186,5.9,3,300.318327260351,2.79392045454546,0,1.5537706264182e-16,2.5375,0,90
186,5.9,4,299.466832272387,-0.363839044691101,0,14.9993899891142,0.135277324264869,0,0.516728320963432
186,5.9,5,364.293720491301,0,0,15,0,0,0
186,5.9,6,84.1037951668167,2.79392045454546,0,1.5537706264182e-16,2.5375,0,90
186,5.99999999999999,1,89.9999999999999,0,0,15,0,0,0
186,5.99999999999999,2,146.748683528228,0,0,1.02857142857143,0,0,0
186,5.99999999999999,3,300.318327260351,2.79392045454546,0,1.5537706264182e-16,2.5375,0,90
186,5.99999999999999,4,299.466832272387,-0.363839044691101,0,14.9993899891142,0.135277324264869,0,0.516728320963432
186,5.99999999999999,5,364.293720491301,0,0,15,0,0,0
186,5.99999999999999,6,84.1037951668167,2.79392045454546,0,1.5537706264182e-16,2.5375,0,90
186,6.09999999999999,1,91.4999999999999,0,0,15,0,0,0
186,6.09999999999999,2,146.748683528228,0,0,1.02857142857143,0,0,0
186,6.09999999999999,3,300.318327260351,2.79392045454546,0,1.5537706264182e-16,2.5375,0,90
186,6.09999999999999,4,299.466832272387,-0.363839044691101,0,14.9993899891142,0.135277324264869,0,0.516728320963432
186,6.09999999999999,5,364.293720491301,0,0,15,0,0,0
186,6.09999999999999,6,84.1037951668167,2.79392045454546,0,1.5537706264182e-16,2.5375,0,90
186,6.19999999999999,1,92.9999999999999,0,0,15,0,0,0
186,6.19999999999999,2,146.748683528228,0,0,1.02857142857143,0,0,0
186,6.19999999999999,3,300.318327260351,2.79392045454546,0,1.5537706264182e-16,2.5375,0,90
186,6.19999999999999,4,299.466832272387,-0.363839044691101,0,14.9993899891142,0.135277324264869,0,0.516728320963432
186,6.19999999999999,5,364.293720491301,0,0,15,0,0,0
186,6.19999999999999,6,84.1037951668167,2.79392045454546,0,1.5537706264182e-16,2.5375,0,90
186,6.29999999999999,1,94.4999999999999,0,0,15,0,0,0
186,6.29999999999999,2,146.748683528228,0,0,1.02857142857143,0,0,0
186,6.29999999999999,3,300.318327260351,2.79392045454546,0,1.5537706264182e-16,2.5375,0,90
186,6.29999999999999,4,299.466832272387,-0.363839044691101,0,14.9993899891142,0.135277324264869,0,0.516728320963432
186,6.29999999999999,5,364.293720491301,0,0,15,0,0,0
186,6.29999999999999,6,84.1037951668167,2.79392045454546,0,1.5537706264182e-16,2.5375,0,90
186,6.39999999999999,1,95.9999999999999,0,0,15,0,0,0
186,6.39999999999999,2,146.748683528228,0,0,1.02857142857143,0,0,0
186,6.39999999999999,3,300.318327260351,2.79392045454546,0,1.5537706264182e-16,2.5375,0,90
186,6.39999999999999,4,299.466832272387,-0.363839044691101,0,14.9993899891142,0.135277324264869,0,0.516728320963432
186,6.39999999999999,5,364.293720491301,0,0,15,0,0,0
186,6.39999999999999,6,84.1037951668167,2.79392045454546,0,1.5537706264182e-16,2.5375,0,90
186,6.49999999999999,1,97.4999999999999,0,0,15,0,0,0
186,6.49999999999999,2,146.748683528228,0,0,1.02857142857143,0,0,0
186,6.49999999999999,3,300.318327260351,2.79392045454546,0,1.5537706264182e-16,2.5375,0,90
186,6.49999999999999,4,299.466832272387,-0.363839044691101,0,14.9993899891142,0.135277324264869,0,0.516728320963432
186,6.49999999999999,5,364.293720491301,0,0,15,0,0,0
186,6.49999999999999,6,84.1037951668167,2.79392045454546,0,1.5537706264182e-16,2.5375,0,90
186,6.59999999999999,1,98.9999999999999,0,0,15,0,0,0
186,6.59999999999999,2,146.748683528228,0,0,1.02857142857143,0,0,0
186,6.59999999999999,3,300.318327260351,2.79392045454546,0,1.5537706264182e-16,2.5375,0,90
186,6.59999999999999,4,299.466832272387,-0.363839044691101,0,14.9993899891142,0.135277324264869,0,0.516728320963432
186,6.59999999999999,5,364.293720491301,0,0,15,0,0,0
186,6.59999999999999,6,84.1037951668167,2.79392045454546,0,1.5537706264182e-16,2.5375,0,90
186,6.69999999999999,1,100.5,0,0,15,0,0,0
186,6.69999999999999,2,146.748683528228,0,0,1.02857142857143,0,0,0
186,6.69999999999999,3,300.318327260351,2.79392045454546,0,1.5537706264182e-16,2.5375,0,90
186,6.69999999999999,4,299.466832272387,-0.363839044691101,0,14.9993899891142,0.135277324264869,0,0.516728320963432
186,6.69999999999999,5,364.293720491301,0,0,15,0,0,0
186,6.69999999999999,6,84.1037951668167,2.79392045454546,0,1.5537706264182e-16,2.5375,0,90
186,6.79999999999999,1,102,0,0,15,0,0,0
186,6.79999999999999,2,146.748683528228,0,0,1.02857142857143,0,0,0
186,6.79999999999999,3,300.318327260351,2.79392045454546,0,1.5537706264182e-16,2.5375,0,90
186,6.79999999999999,4,299.466832272387,-0.363839044691101,0,14.9993899891142,0.135277324264869,0,0.516728320963432
186,6.79999999999999,5,364.293720491301,0,0,15,0,0,0
186,6.79999999999999,6,84.1037951668167,2.79392045454546,0,1.5537706264182e-16,2.5375,0,90
186,6.89999999999999,1,103.5,0,0,15,0,0,0
186,6.89999999999999,2,146.748683528228,0,0,1.02857142857143,0,0,0
186,6.89999999999999,3,300.318327260351,2.79392045454546,0,1.5537706264182e-16,2.5375,0,90
186,6.89999999999999,4,299.466832272387,-0.363839044691101,0,14.9993899891142,0.135277324264869,0,0.516728320963432
186,6.89999999999999,5,364.293720491301,0,0,15,0,0,0
186,6.89999999999999,6,84.1037951668167,2.79392045454546,0,1.5537706264182e-16,2.5375,0,90
186,6.99999999999999,1,105,0,0,15,0,0,0
186,6.99999999999999,2,146.748683528228,0,0,1.02857142857143,0,0,0
186,6.99999999999999,3,300.318327260351,2.79392045454546,0,1.5537706264182e-16,2.5375,0,90
186,6.99999999999999,4,299.466832272387,-0.363839044691101,0,14.9993899891142,0.135277324264869,0,0.516728320963432
186,6.99999999999999,5,364.293720491301,0,0,15,0,0,0
186,6.99999999999999,6,84.1037951668167,2.79392045454546,0,1.5537706264182e-16,2.5375,0,90
186,7.09999999999999,1,106.5,0,0,15,0,0,0
186,7.09999999999999,2,146.748683528228,0,0,1.02857142857143,0,0,0
186,7.09999999999999,3,300.318327260351,2.79392045454546,0,1.5537706264182e-16,2.5375,0,90
186,7.09999999999999,4,299.466832272387,-0.363839044691101,0,14.9993899891142,0.135277324264869,0,0.516728320963432
186,7.09999999999999,5,364.293720491301,0,0,15,0,0,0
186,7.09999999999999,6,84.1037951668167,2.79392045454546,0,1.5537706264182e-16,2.5375,0,90
186,7.19999999999999,1,108,0,0,15,0,0,0
186,7.19999999999999,2,146.748683528228,0,0,1.02857142857143,0,0,0
186,7.19999999999999,3,300.318327260351,2.79392045454546,0,1.5537706264182e-16,2.5375,0,90
186,7.19999999999999,4,299.466832272387,-0.363839044691101,0,14.9993899891142,0.135277324264869,0,0.516728320963432
186,7.19999999999999,5,364.293720491301,0,0,15,0,0,0
186,7.19999999999999,6,84.1037951668167,2.79392045454546,0,1.5537706264182e-16,2.5375,0,90
186,7.29999999999999,1,109.5,0,0,15,0,0,0
186,7.29999999999999,2,146.748683528228,0,0,1.02857142857143,0,0,0
186,7.29999999999999,3,300.318327260351,2.79392045454546,0,1.5537706264182e-16,2.5375,0,90
186,7.29999999999999,4,299.466832272387,-0.363839044691101,0,14.9993899891142,0.135277324264869,0,0.516728320963432
186,7.29999999999999,5,364.293720491301,0,0,15,0,0,0
186,7.29999999999999,6,84.1037951668167,2.79392045454546,0,1.5537706264182e-16,2.5375,0,90
186,7.39999999999999,1,111,0,0,15,0,0,0
186,7.39999999999999,2,146.748683528228,0,0,1.02857142857143,0,0,0
186,7.39999999999999,3,300.318327260351,2.79392045454546,0,1.5537706264182e-16,2.5375,0,90
186,7.39999999999999,4,299.466832272387,-0.363839044691101,0,14.9993899891142,0.135277324264869,0,0.516728320963432
186,7.39999999999999,5,364.293720491301,0,0,15,0,0,0
186,7.39999999999999,6,84.1037951668167,2.79392045454546,0,1.5537706264182e-16,2.5375,0,90
186,7.49999999999999,1,112.5,0,0,15,0,0,0
186,7.49999999999999,2,146.748683528228,0,0,1.02857142857143,0,0,0
186,7.49999999999999,3,300.318327260351,2.79392045454546,0,1.5537706264182e-16,2.5375,0,90
186,7.49999999999999,4,299.466832272387,-0.363839044691101,0,14.9993899891142,0.135277324264869,0,0.516728320963432
186,7.49999999999999,5,364.293720491301,0,0,15,0,0,0
186,7.49999999999999,6,84.1037951668167,2.79392045454546,0,1.5537706264182e-16,2.5375,0,90
186,7.59999999999999,1,114,0,0,15,0,0,0
186,7.59999999999999,2,146.748683528228,0,0,1.02857142857143,0,0,0
186,7.59999999999999,3,300.318327260351,2.79392045454546,0,1.5537706264182e-16,2.5375,0,90
186,7.59999999999999,4,299.466832272387,-0.363839044691101,0,14.9993899891142,0.135277324264869,0,0.516728320963432
186,7.59999999999999,5,364.293720491301,0,0,15,0,0,0
186,7.59999999999999,6,84.1037951668167,2.79392045454546,0,1.5537706264182e-16,2.5375,0,90
186,7.69999999999999,1,115.5,0,0,15,0,0,0
186,7.69999999999999,2,146.748683528228,0,0,1.02857142857143,0,0,0
186,7.69999999999999,3,300.318327260351,2.79392045454546,0,1.5537706264182e-16,2.5375,0,90
186,7.69999999999999,4,299.466832272387,-0.363839044691101,0,14.9993899891142,0.135277324264869,0,0.516728320963432
186,7.69999999999999,5,364.293720491301,0,0,15,0,0,0
186,7.69999999999999,6,84.1037951668167,2.79392045454546,0,1.5537706264182e-16,2.5375,0,90
186,7.79999999999999,1,117,0,0,15,0,0,0
186,7.79999999999999,2,146.748683528228,0,0,1.02857142857143,0,0,0
186,7.79999999999999,3,300.318327260351,2.79392045454546,0,1.5537706264182e-16,2.5375,0,90
186,7.79999999999999,4,299.466832272387,-0.363839044691101,0,14.9993899891142,0.135277324264869,0,0.516728320963432
186,7.79999999999999,5,364.293720491301,0,0,15,0,0,0
186,7.79999999999999,6,84.1037951668167,2.79392045454546,0,1.5537706264182e-16,2.5375,0,90
186,7.89999999999999,1,118.5,0,0,15,0,0,0
186,7.89999999999999,2,146.748683528228,0,0,1.02857142857143,0,0,0
186,7.89999999999999,3,300.318327260351,2.79392045454546,0,1.5537706264182e-16,2.5375,0,90
186,7.89999999999999,4,299.466832272387,-0.363839044691101,0,14.9993899891142,0.135277324264869,0,0.516728320963432
186,7.89999999999999,5,364.293720491301,0,0,15,0,0,0
186,7.89999999999999,6,84.1037951668167,2.79392045454546,0,1.5537706264182e-16,2.5375,0,90
186,7.99999999999999,1,120,0,0,15,0,0,0
186,7.99999999999999,2,146.748683528228,0,0,1.02857142857143,0,0,0
186,7.99999999999999,3,300.318327260351,2.79392045454546,0,1.5537706264182e-16,2.5375,0,90
186,7.99999999999999,4,299.466832272387,-0.363839044691101,0,14.9993899891142,0.135277324264869,0,0.516728320963432
186,7.99999999999999,5,364.293720491301,0,0,15,0,0,0
186,7.99999999999999,6,84.1037951668167,2.79392045454546,0,1.5537706264182e-16,2.5375,0,90
186,8.09999999999999,1,121.5,0,0,15,0,0,0
186,8.09999999999999,2,146.748683528228,0,0,1.02857142857143,0,0,0
186,8.09999999999999,3,300.318327260351,2.79392045454546,0,1.5537706264182e-16,2.5375,0,90
186,8.09999999999999,4,299.466832272387,-0.363839044691101,0,14.9993899891142,0.135277324264869,0,0.516728320963432
186,8.09999999999999,5,364.293720491301,0,0,15,0,0,0
186,8.09999999999999,6,84.1037951668167,2.79392045454546,0,1.5537706264182e-16,2.5375,0,90
186,8.19999999999999,1,123,0,0,15,0,0,0
186,8.19999999999999,2,146.748683528228,0,0,1.02857142857143,0,0,0
186,8.19999999999999,3,300.318327260351,2.79392045454546,0,1.5537706264182e-16,2.5375,0,90
186,8.19999999999999,4,299.466832272387,-0.363839044691101,0,14.9993899891142,0.135277324264869,0,0.516728320963432
186,8.19999999999999,5,364.293720491301,0,0,15,0,0,0
186,8.19999999999999,6,84.1037951668167,2.79392045454546,0,1.5537706264182e-16,2.5375,0,90
186,8.29999999999999,1,124.5,0,0,15,0,0,0
186,8.29999999999999,2,146.748683528228,0,0,1.02857142857143,0,0,0
186,8.29999999999999,3,300.318327260351,2.79392045454546,0,1.5537706264182e-16,2.5375,0,90
186,8.29999999999999,4,299.466832272387,-0.363839044691101,0,14.9993899891142,0.135277324264869,0,0.516728320963432
186,8.29999999999999,5,364.293720491301,0,0,15,0,0,0
186,8.29999999999999,6,84.1037951668167,2.79392045454546,0,1.5537706264182e-16,2.5375,0,90
186,8.39999999999999,1,126,0,0,15,0,0,0
186,8.39999999999999,2,146.748683528228,0,0,1.02857142857143,0,0,0
186,8.39999999999999,3,300.318327260351,2.79392045454546,0,1.5537706264182e-16,2.5375,0,90
186,8.39999999999999,4,299.466832272387,-0.363839044691101,0,14.9993899891142,0.135277324264869,0,0.516728320963432
186,8.39999999999999,5,364.293720491301,0,0,15,0,0,0
186,8.39999999999999,6,84.1037951668167,2.79392045454546,0,1.5537706264182e-16,2.5375,0,90
186,8.49999999999999,1,127.5,0,0,15,0,0,0
186,8.49999999999999,2,146.748683528228,0,0,1.02857142857143,0,0,0
186,8.49999999999999,3,300.318327260351,2.79392045454546,0,1.5537706264182e-16,2.5375,0,90
186,8.49999999999999,4,299.466832272387,-0.363839044691101,0,14.9993899891142,0.135277324264869,0,0.516728320963432
186,8.49999999999999,5,364.293720491301,0,0,15,0,0,0
186,8.49999999999999,6,84.1037951668167,2.79392045454546,0,1.5537706264182e-16,2.5375,0,90
186,8.59999999999999,1,129,0,0,15,0,0,0
186,8.59999999999999,2,146.748683528228,0,0,1.02857142857143,0,0,0
186,8.59999999999999,3,300.318327260351,2.79392045454546,0,1.5537706264182e-16,2.5375,0,90
186,8.59999999999999,4,299.466832272387,-0.363839044691101,0,14.9993899891142,0.135277324264869,0,0.516728320963432
186,8.59999999999999,5,364.293720491301,0,0,15,0,0,0
186,8.59999999999999,6,84.1037951668167,2.79392045454546,0,1.5537706264182e-16,2.5375,0,90
186,8.69999999999999,1,130.5,0,0,15,0,0,0
186,8.69999999999999,2,146.748683528228,0,0,1.02857142857143,0,0,0
186,8.69999999999999,3,300.318327260351,2.79392045454546,0,1.5537706264182e-16,2.5375,0,90
186,8.69999999999999,4,299.466832272387,-0.363839044691101,0,14.9993899891142,0.135277324264869,0,0.516728320963432
186,8.69999999999999,5,364.293720491301,0,0,15,0,0,0
186,8.69999999999999,6,84.1037951668167,2.79392045454546,0,1.5537706264182e-16,2.5375,0,90
186,8.79999999999998,1,132,0,0,15,0,0,0
186,8.79999999999998,2,146.748683528228,0,0,1.02857142857143,0,0,0
186,8.79999999999998,3,300.318327260351,2.79392045454546,0,1.5537706264182e-16,2.5375,0,90
186,8.79999999999998,4,299.466832272387,-0.363839044691101,0,14.9993899891142,0.135277324264869,0,0.516728320963432
186,8.79999999999998,5,364.293720491301,0,0,15,0,0,0
186,8.79999999999998,6,84.1037951668167,2.79392045454546,0,1.5537706264182e-16,2.5375,0,90
186,8.89999999999998,1,133.5,0,0,15,0,0,0
186,8.89999999999998,2,146.748683528228,0,0,1.02857142857143,0,0,0
186,8.89999999999998,3,300.318327260351,2.79392045454546,0,1.5537706264182e-16,2.5375,0,90
186,8.89999999999998,4,299.466832272387,-0.363839044691101,0,14.9993899891142,0.135277324264869,0,0.516728320963432
186,8.89999999999998,5,364.293720491301,0,0,15,0,0,0
186,8.89999999999998,6,84.1037951668167,2.79392045454546,0,1.5537706264182e-16,2.5375,0,90
186,8.99999999999998,1,135,0,0,15,0,0,0
186,8.99999999999998,2,146.748683528228,0,0,1.02857142857143,0,0,0
186,8.99999999999998,3,300.318327260351,2.79392045454546,0,1.5537706264182e-16,2.5375,0,90
186,8.99999999999998,4,299.466832272387,-0.363839044691101,0,14.9993899891142,0.135277324264869,0,0.516728320963432
186,8.99999999999998,5,364.293720491301,0,0,15,0,0,0
186,8.99999999999998,6,84.1037951668167,2.79392045454546,0,1.5537706264182e-16,2.5375,0,90
186,9.09999999999998,1,136.5,0,0,15,0,0,0
186,9.09999999999998,2,146.748683528228,0,0,1.02857142857143,0,0,0
186,9.09999999999998,3,300.318327260351,2.79392045454546,0,1.5537706264182e-16,2.5375,0,90
186,9.09999999999998,4,299.466832272387,-0.363839044691101,0,14.9993899891142,0.135277324264869,0,0.516728320963432
186,9.09999999999998,5,364.293720491301,0,0,15,0,0,0
186,9.09999999999998,6,84.1037951668167,2.79392045454546,0,1.5537706264182e-16,2.5375,0,90
186,9.19999999999998,1,138,0,0,15,0,0,0
186,9.19999999999998,2,146.748683528228,0,0,1.02857142857143,0,0,0
186,9.19999999999998,3,300.318327260351,2.79392045454546,0,1.5537706264182e-16,2.5375,0,90
186,9.19999999999998,4,299.466832272387,-0.363839044691101,0,14.9993899891142,0.135277324264869,0,0.516728320963432
186,9.19999999999998,5,364.293720491301,0,0,15,0,0,0
186,9.19999999999998,6,84.1037951668167,2.79392045454546,0,1.5537706264182e-16,2.5375,0,90
186,9.29999999999998,1,139.5,0,0,15,0,0,0
186,9.29999999999998,2,146.748683528228,0,0,1.02857142857143,0,0,0
186,9.29999999999998,3,300.318327260351,2.79392045454546,0,1.5537706264182e-16,2.5375,0,90
186,9.29999999999998,4,299.466832272387,-0.363839044691101,0,14.9993899891142,0.135277324264869,0,0.516728320963432
186,9.29999999999998,5,364.293720491301,0,0,15,0,0,0
186,9.29999999999998,6,84.1037951668167,2.79392045454546,0,1.5537706264182e-16,2.5375,0,90
186,9.39999999999998,1,141,0,0,15,0,0,0
186,9.39999999999998,2,146.748683528228,0,0,1.02857142857143,0,0,0
186,9.39999999999998,3,300.318327260351,2.79392045454546,0,1.5537706264182e-16,2.5375,0,90
186,9.39999999999998,4,299.466832272387,-0.363839044691101,0,14.9993899891142,0.135277324264869,0,0.516728320963432
186,9.39999999999998,5,364.293720491301,0,0,15,0,0,0
186,9.39999999999998,6,84.1037951668167,2.79392045454546,0,1.5537706264182e-16,2.5375,0,90
186,9.49999999999998,1,142.5,0,0,15,0,0,0
186,9.49999999999998,2,146.748683528228,0,0,1.02857142857143,0,0,0
186,9.49999999999998,3,300.318327260351,2.79392045454546,0,1.5537706264182e-16,2.5375,0,90
186,9.49999999999998,4,299.466832272387,-0.363839044691101,0,14.9993899891142,0.135277324264869,0,0.516728320963432
186,9.49999999999998,5,364.293720491301,0,0,15,0,0,0
186,9.49999999999998,6,84.1037951668167,2.79392045454546,0,1.5537706264182e-16,2.5375,0,90
186,9.59999999999998,1,144,0,0,15,0,0,0
186,9.59999999999998,2,146.748683528228,0,0,1.02857142857143,0,0,0
186,9.59999999999998,3,300.318327260351,2.79392045454546,0,1.5537706264182e-16,2.5375,0,90
186,9.59999999999998,4,299.466832272387,-0.363839044691101,0,14.9993899891142,0.135277324264869,0,0.516728320963432
186,9.59999999999998,5,364.293720491301,0,0,15,0,0,0
186,9.59999999999998,6,84.1037951668167,2.79392045454546,0,1.5537706264182e-16,2.5375,0,90
186,9.69999999999998,1,145.5,0,0,15,0,0,0
186,9.69999999999998,2,146.748683528228,0,0,1.02857142857143,0,0,0
186,9.69999999999998,3,300.318327260351,2.79392045454546,0,1.5537706264182e-16,2.5375,0,90
186,9.69999999999998,4,299.466832272387,-0.363839044691101,0,14.9993899891142,0.135277324264869,0,0.516728320963432
186,9.69999999999998,5,364.293720491301,0,0,15,0,0,0
186,9.69999999999998,6,84.1037951668167,2.79392045454546,0,1.5537706264182e-16,2.5375,0,90
186,9.79999999999998,1,147,0,0,15,0,0,0
186,9.79999999999998,2,146.748683528228,0,0,1.02857142857143,0,0,0
186,9.79999999999998,3,300.318327260351,2.79392045454546,0,1.5537706264182e-16,2.5375,0,90
186,9.79999999999998,4,299.466832272387,-0.363839044691101,0,14.9993899891142,0.135277324264869,0,0.516728320963432
186,9.79999999999998,5,364.293720491301,0,0,15,0,0,0
186,9.79999999999998,6,84.1037951668167,2.79392045454546,0,1.5537706264182e-16,2.5375,0,90
186,9.89999999999998,1,148.5,0,0,15,0,0,0
186,9.89999999999998,2,146.748683528228,0,0,1.02857142857143,0,0,0
186,9.89999999999998,3,300.318327260351,2.79392045454546,0,1.5537706264182e-16,2.5375,0,90
186,9.89999999999998,4,299.466832272387,-0.363839044691101,0,14.9993899891142,0.135277324264869,0,0.516728320963432
186,9.89999999999998,5,364.293720491301,0,0,15,0,0,0
186,9.89999999999998,6,84.1037951668167,2.79392045454546,0,1.5537706264182e-16,2.5375,0,90
186,9.99999999999998,1,150,0,0,15,0,0,0
186,9.99999999999998,2,146.748683528228,0,0,1.02857142857143,0,0,0
186,9.99999999999998,3,300.318327260351,2.79392045454546,0,1.5537706264182e-16,2.5375,0,90
186,9.99999999999998,4,299.466832272387,-0.363839044691101,0,14.9993899891142,0.135277324264869,0,0.516728320963432
186,9.99999999999998,5,364.293720491301,0,0,15,0,0,0
186,9.99999999999998,6,84.1037951668167,2.79392045454546,0,1.5537706264182e-16,2.5375,0,90
186,10.1,1,151.5,0,0,15,0,0,0
186,10.1,2,146.748683528228,0,0,1.02857142857143,0,0,0
186,10.1,3,300.318327260351,2.79392045454546,0,1.5537706264182e-16,2.5375,0,90
186,10.1,4,299.466832272387,-0.363839044691101,0,14.9993899891142,0.135277324264869,0,0.516728320963432
186,10.1,5,364.293720491301,0,0,15,0,0,0
186,10.1,6,84.1037951668167,2.79392045454546,0,1.5537706264182e-16,2.5375,0,90
186,10.2,1,153,0,0,15,0,0,0
186,10.2,2,146.748683528228,0,0,1.02857142857143,0,0,0
186,10.2,3,300.318327260351,2.79392045454546,0,1.5537706264182e-16,2.5375,0,90
186,10.2,4,299.466832272387,-0.363839044691101,0,14.9993899891142,0.135277324264869,0,0.516728320963432
186,10.2,5,364.293720491301,0,0,15,0,0,0
186,10.2,6,84.1037951668167,2.79392045454546,0,1.5537706264182e-16,2.5375,0,90
186,10.3,1,154.5,0,0,15,0,0,0
186,10.3,2,146.748683528228,0,0,1.02857142857143,0,0,0
186,10.3,3,300.318327260351,2.79392045454546,0,1.5537706264182e-16,2.5375,0,90
186,10.3,4,299.466832272387,-0.363839044691101,0,14.9993899891142,0.135277324264869,0,0.516728320963432
186,10.3,5,364.293720491301,0,0,15,0,0,0
186,10.3,6,84.1037951668167,2.79392045454546,0,1.5537706264182e-16,2.5375,0,90
186,10.4,1,156,0,0,15,0,0,0
186,10.4,2,146.748683528228,0,0,1.02857142857143,0,0,0
186,10.4,3,300.318327260351,2.79392045454546,0,1.5537706264182e-16,2.5375,0,90
186,10.4,4,299.466832272387,-0.363839044691101,0,14.9993899891142,0.135277324264869,0,0.516728320963432
186,10.4,5,364.293720491301,0,0,15,0,0,0
186,10.4,6,84.1037951668167,2.79392045454546,0,1.5537706264182e-16,2.5375,0,90
186,10.5,1,157.5,0,0,15,0,0,0
186,10.5,2,146.748683528228,0,0,1.02857142857143,0,0,0
186,10.5,3,300.318327260351,2.79392045454546,0,1.5537706264182e-16,2.5375,0,90
186,10.5,4,299.466832272387,-0.363839044691101,0,14.9993899891142,0.135277324264869,0,0.516728320963432
186,10.5,5,364.293720491301,0,0,15,0,0,0
186,10.5,6,84.1037951668167,2.79392045454546,0,1.5537706264182e-16,2.5375,0,90
186,10.6,1,159,0,0,15,0,0,0
186,10.6,2,146.748683528228,0,0,1.02857142857143,0,0,0
186,10.6,3,300.318327260351,2.79392045454546,0,1.5537706264182e-16,2.5375,0,90
186,10.6,4,299.466832272387,-0.363839044691101,0,14.9993899891142,0.135277324264869,0,0.516728320963432
186,10.6,5,364.293720491301,0,0,15,0,0,0
186,10.6,6,84.1037951668167,2.79392045454546,0,1.5537706264182e-16,2.5375,0,90
186,10.7,1,160.5,0,0,15,0,0,0
186,10.7,2,146.748683528228,0,0,1.02857142857143,0,0,0
186,10.7,3,300.318327260351,2.79392045454546,0,1.5537706264182e-16,2.5375,0,90
186,10.7,4,299.466832272387,-0.363839044691101,0,14.9993899891142,0.135277324264869,0,0.516728320963432
186,10.7,5,364.293720491301,0,0,15,0,0,0
186,10.7,6,84.1037951668167,2.79392045454546,0,1.5537706264182e-16,2.5375,0,90
186,10.8,1,162,0,0,15,0,0,0
186,10.8,2,146.748683528228,0,0,1.02857142857143,0,0,0
186,10.8,3,300.318327260351,2.79392045454546,0,1.5537706264182e-16,2.5375,0,90
186,10.8,4,299.466832272387,-0.363839044691101,0,14.9993899891142,0.135277324264869,0,0.516728320963432
186,10.8,5,364.293720491301,0,0,15,0,0,0
186,10.8,6,84.1037951668167,2.79392045454546,0,1.5537706264182e-16,2.5375,0,90
186,10.9,1,163.5,0,0,15,0,0,0
186,10.9,2,146.748683528228,0,0,1.02857142857143,0,0,0
186,10.9,3,300.318327260351,2.79392045454546,0,1.5537706264182e-16,2.5375,0,90
186,10.9,4,299.466832272387,-0.363839044691101,0,14.9993899891142,0.135277324264869,0,0.516728320963432
186,10.9,5,364.293720491301,0,0,15,0,0,0
186,10.9,6,84.1037951668167,2.79392045454546,0,1.5537706264182e-16,2.5375,0,90
186,11,1,165,0,0,15,0,0,0
186,11,2,146.748683528228,0,0,1.02857142857143,0,0,0
186,11,3,300.318327260351,2.79392045454546,0,1.5537706264182e-16,2.5375,0,90
186,11,4,299.466832272387,-0.363839044691101,0,14.9993899891142,0.135277324264869,0,0.516728320963432
186,11,5,364.293720491301,0,0,15,0,0,0
186,11,6,84.1037951668167,2.79392045454546,0,1.5537706264182e-16,2.5375,0,90
186,11.1,1,166.5,0,0,15,0,0,0
186,11.1,2,146.748683528228,0,0,1.02857142857143,0,0,0
186,11.1,3,300.318327260351,2.79392045454546,0,1.5537706264182e-16,2.5375,0,90
186,11.1,4,299.466832272387,-0.363839044691101,0,14.9993899891142,0.135277324264869,0,0.516728320963432
186,11.1,5,364.293720491301,0,0,15,0,0,0
186,11.1,6,84.1037951668167,2.79392045454546,0,1.5537706264182e-16,2.5375,0,90
186,11.2,1,168,0,0,15,0,0,0
186,11.2,2,146.748683528228,0,0,1.02857142857143,0,0,0
186,11.2,3,300.318327260351,2.79392045454546,0,1.5537706264182e-16,2.5375,0,90
186,11.2,4,299.466832272387,-0.363839044691101,0,14.9993899891142,0.135277324264869,0,0.516728320963432
186,11.2,5,364.293720491301,0,0,15,0,0,0
186,11.2,6,84.1037951668167,2.79392045454546,0,1.5537706264182e-16,2.5375,0,90
186,11.3,1,169.5,0,0,15,0,0,0
186,11.3,2,146.748683528228,0,0,1.02857142857143,0,0,0
186,11.3,3,300.318327260351,2.79392045454546,0,1.5537706264182e-16,2.5375,0,90
186,11.3,4,299.466832272387,-0.363839044691101,0,14.9993899891142,0.135277324264869,0,0.516728320963432
186,11.3,5,364.293720491301,0,0,15,0,0,0
186,11.3,6,84.1037951668167,2.79392045454546,0,1.5537706264182e-16,2.5375,0,90
186,11.4,1,171,0,0,15,0,0,0
186,11.4,2,146.748683528228,0,0,1.02857142857143,0,0,0
186,11.4,3,300.318327260351,2.79392045454546,0,1.5537706264182e-16,2.5375,0,90
186,11.4,4,299.466832272387,-0.363839044691101,0,14.9993899891142,0.135277324264869,0,0.516728320963432
186,11.4,5,364.293720491301,0,0,15,0,0,0
186,11.4,6,84.1037951668167,2.79392045454546,0,1.5537706264182e-16,2.5375,0,90
186,11.5,1,172.5,0,0,15,0,0,0
186,11.5,2,146.748683528228,0,0,1.02857142857143,0,0,0
186,11.5,3,300.318327260351,2.79392045454546,0,1.5537706264182e-16,2.5375,0,90
186,11.5,4,299.466832272387,-0.363839044691101,0,14.9993899891142,0.135277324264869,0,0.516728320963432
186,11.5,5,364.293720491301,0,0,15,0,0,0
186,11.5,6,84.1037951668167,2.79392045454546,0,1.5537706264182e-16,2.5375,0,90
186,11.6,1,174,0,0,15,0,0,0
186,11.6,2,146.748683528228,0,0,1.02857142857143,0,0,0
186,11.6,3,300.318327260351,2.79392045454546,0,1.5537706264182e-16,2.5375,0,90
186,11.6,4,299.466832272387,-0.363839044691101,0,14.9993899891142,0.135277324264869,0,0.516728320963432
186,11.6,5,364.293720491301,0,0,15,0,0,0
186,11.6,6,84.1037951668167,2.79392045454546,0,1.5537706264182e-16,2.5375,0,90
186,11.7,1,175.5,0,0,15,0,0,0
186,11.7,2,146.748683528228,0,0,1.02857142857143,0,0,0
186,11.7,3,300.318327260351,2.79392045454546,0,1.5537706264182e-16,2.5375,0,90
186,11.7,4,299.466832272387,-0.363839044691101,0,14.9993899891142,0.135277324264869,0,0.516728320963432
186,11.7,5,364.293720491301,0,0,15,0,0,0
186,11.7,6,84.1037951668167,2.79392045454546,0,1.5537706264182e-16,2.5375,0,90
186,11.8,1,177,0,0,15,0,0,0
186,11.8,2,146.748683528228,0,0,1.02857142857143,0,0,0
186,11.8,3,300.318327260351,2.79392045454546,0,1.5537706264182e-16,2.5375,0,90
186,11.8,4,299.466832272387,-0.363839044691101,0,14.9993899891142,0.135277324264869,0,0.516728320963432
186,11.8,5,364.293720491301,0,0,15,0,0,0
186,11.8,6,84.1037951668167,2.79392045454546,0,1.5537706264182e-16,2.5375,0,90
186,11.9,1,178.5,0,0,15,0,0,0
186,11.9,2,146.748683528228,0,0,1.02857142857143,0,0,0
186,11.9,3,300.318327260351,2.79392045454546,0,1.5537706264182e-16,2.5375,0,90
186,11.9,4,299.466832272387,-0.363839044691101,0,14.9993899891142,0.135277324264869,0,0.516728320963432
186,11.9,5,364.293720491301,0,0,15,0,0,0
186,11.9,6,84.1037951668167,2.79392045454546,0,1.5537706264182e-16,2.5375,0,90
186,12,1,180,0,0,15,0,0,0
186,12,2,146.748683528228,0,0,1.02857142857143,0,0,0
186,12,3,300.318327260351,2.79392045454546,0,1.5537706264182e-16,2.5375,0,90
186,12,4,299.466832272387,-0.363839044691101,0,14.9993899891142,0.135277324264869,0,0.516728320963432
186,12,5,364.293720491301,0,0,15,0,0,0
186,12,6,84.1037951668167,2.79392045454546,0,1.5537706264182e-16,2.5375,0,90
186,12.1,1,181.5,0,0,15,0,0,0
186,12.1,2,146.748683528228,0,0,1.02857142857143,0,0,0
186,12.1,3,300.318327260351,2.79392045454546,0,1.5537706264182e-16,2.5375,0,90
186,12.1,4,299.466832272387,-0.363839044691101,0,14.9993899891142,0.135277324264869,0,0.516728320963432
186,12.1,5,364.293720491301,0,0,15,0,0,0
186,12.1,6,84.1037951668167,2.79392045454546,0,1.5537706264182e-16,2.5375,0,90
186,12.2,1,183,0,0,15,0,0,0
186,12.2,2,146.748683528228,0,0,1.02857142857143,0,0,0
186,12.2,3,300.318327260351,2.79392045454546,0,1.5537706264182e-16,2.5375,0,90
186,12.2,4,299.466832272387,-0.363839044691101,0,14.9993899891142,0.135277324264869,0,0.516728320963432
186,12.2,5,364.293720491301,0,0,15,0,0,0
186,12.2,6,84.1037951668167,2.79392045454546,0,1.5537706264182e-16,2.5375,0,90
186,12.3,1,184.5,0,0,15,0,0,0
186,12.3,2,146.748683528228,0,0,1.02857142857143,0,0,0
186,12.3,3,300.318327260351,2.79392045454546,0,1.5537706264182e-16,2.5375,0,90
186,12.3,4,299.466832272387,-0.363839044691101,0,14.9993899891142,0.135277324264869,0,0.516728320963432
186,12.3,5,364.293720491301,0,0,15,0,0,0
186,12.3,6,84.1037951668167,2.79392045454546,0,1.5537706264182e-16,2.5375,0,90
186,12.4,1,186,0,0,15,0,0,0
186,12.4,2,146.748683528228,0,0,1.02857142857143,0,0,0
186,12.4,3,300.318327260351,2.79392045454546,0,1.5537706264182e-16,2.5375,0,90
186,12.4,4,299.466832272387,-0.363839044691101,0,14.9993899891142,0.135277324264869,0,0.516728320963432
186,12.4,5,364.293720491301,0,0,15,0,0,0
186,12.4,6,84.1037951668167,2.79392045454546,0,1.5537706264182e-16,2.5375,0,90
186,12.5,1,187.5,0,0,15,0,0,0
186,12.5,2,146.748683528228,0,0,1.02857142857143,0,0,0
186,12.5,3,300.318327260351,2.79392045454546,0,1.5537706264182e-16,2.5375,0,90
186,12.5,4,299.466832272387,-0.363839044691101,0,14.9993899891142,0.135277324264869,0,0.516728320963432
186,12.5,5,364.293720491301,0,0,15,0,0,0
186,12.5,6,84.1037951668167,2.79392045454546,0,1.5537706264182e-16,2.5375,0,90
186,12.6,1,189,0,0,15,0,0,0
186,12.6,2,146.748683528228,0,0,1.02857142857143,0,0,0
186,12.6,3,300.318327260351,2.79392045454546,0,1.5537706264182e-16,2.5375,0,90
186,12.6,4,299.466832272387,-0.363839044691101,0,14.9993899891142,0.135277324264869,0,0.516728320963432
186,12.6,5,364.293720491301,0,0,15,0,0,0
186,12.6,6,84.1037951668167,2.79392045454546,0,1.5537706264182e-16,2.5375,0,90
186,12.7,1,190.5,0,0,15,0,0,0
186,12.7,2,146.748683528228,0,0,1.02857142857143,0,0,0
186,12.7,3,300.318327260351,2.79392045454546,0,1.5537706264182e-16,2.5375,0,90
186,12.7,4,299.466832272387,-0.363839044691101,0,14.9993899891142,0.135277324264869,0,0.516728320963432
186,12.7,5,364.293720491301,0,0,15,0,0,0
186,12.7,6,84.1037951668167,2.79392045454546,0,1.5537706264182e-16,2.5375,0,90
186,12.8,1,192,0,0,15,0,0,0
186,12.8,2,146.748683528228,0,0,1.02857142857143,0,0,0
186,12.8,3,300.318327260351,2.79392045454546,0,1.5537706264182e-16,2.5375,0,90
186,12.8,4,299.466832272387,-0.363839044691101,0,14.9993899891142,0.135277324264869,0,0.516728320963432
186,12.8,5,364.293720491301,0,0,15,0,0,0
186,12.8,6,84.1037951668167,2.79392045454546,0,1.5537706264182e-16,2.5375,0,90
186,12.9,1,193.5,0,0,15,0,0,0
186,12.9,2,146.748683528228,0,0,1.02857142857143,0,0,0
186,12.9,3,300.318327260351,2.79392045454546,0,1.5537706264182e-16,2.5375,0,90
186,12.9,4,299.466832272387,-0.363839044691101,0,14.9993899891142,0.135277324264869,0,0.516728320963432
186,12.9,5,364.293720491301,0,0,15,0,0,0
186,12.9,6,84.1037951668167,2.79392045454546,0,1.5537706264182e-16,2.5375,0,90
186,13,1,195,0,0,15,0,0,0
186,13,2,146.748683528228,0,0,1.02857142857143,0,0,0
186,13,3,300.318327260351,2.79392045454546,0,1.5537706264182e-16,2.5375,0,90
186,13,4,299.466832272387,-0.363839044691101,0,14.9993899891142,0.135277324264869,0,0.516728320963432
186,13,5,364.293720491301,0,0,15,0,0,0
186,13,6,84.1037951668167,2.79392045454546,0,1.5537706264182e-16,2.5375,0,90
186,13.1,1,196.5,0,0,15,0,0,0
186,13.1,2,146.748683528228,0,0,1.02857142857143,0,0,0
186,13.1,3,300.318327260351,2.79392045454546,0,1.5537706264182e-16,2.5375,0,90
186,13.1,4,299.466832272387,-0.363839044691101,0,14.9993899891142,0.135277324264869,0,0.516728320963432
186,13.1,5,364.293720491301,0,0,15,0,0,0
186,13.1,6,84.1037951668167,2.79392045454546,0,1.5537706264182e-16,2.5375,0,90
186,13.2,1,198,0,0,15,0,0,0
186,13.2,2,146.748683528228,0,0,1.02857142857143,0,0,0
186,13.2,3,300.318327260351,2.79392045454546,0,1.5537706264182e-16,2.5375,0,90
186,13.2,4,299.466832272387,-0.363839044691101,0,14.9993899891142,0.135277324264869,0,0.516728320963432
186,13.2,5,364.293720491301,0,0,15,0,0,0
186,13.2,6,84.1037951668167,2.79392045454546,0,1.5537706264182e-16,2.5375,0,90
186,13.3,1,199.5,0,0,15,0,0,0
186,13.3,2,146.748683528228,0,0,1.02857142857143,0,0,0
186,13.3,3,300.318327260351,2.79392045454546,0,1.5537706264182e-16,2.5375,0,90
186,13.3,4,299.466832272387,-0.363839044691101,0,14.9993899891142,0.135277324264869,0,0.516728320963432
186,13.3,5,364.293720491301,0,0,15,0,0,0
186,13.3,6,84.1037951668167,2.79392045454546,0,1.5537706264182e-16,2.5375,0,90
186,13.4,1,201,0,0,15,0,0,0
186,13.4,2,146.748683528228,0,0,1.02857142857143,0,0,0
186,13.4,3,300.318327260351,2.79392045454546,0,1.5537706264182e-16,2.5375,0,90
186,13.4,4,299.466832272387,-0.363839044691101,0,14.9993899891142,0.135277324264869,0,0.516728320963432
186,13.4,5,364.293720491301,0,0,15,0,0,0
186,13.4,6,84.1037951668167,2.79392045454546,0,1.5537706264182e-16,2.5375,0,90
186,13.5,1,202.5,0,0,15,0,0,0
186,13.5,2,146.748683528228,0,0,1.02857142857143,0,0,0
186,13.5,3,300.318327260351,2.79392045454546,0,1.5537706264182e-16,2.5375,0,90
186,13.5,4,299.466832272387,-0.363839044691101,0,14.9993899891142,0.135277324264869,0,0.516728320963432
186,13.5,5,364.293720491301,0,0,15,0,0,0
186,13.5,6,84.1037951668167,2.79392045454546,0,1.5537706264182e-16,2.5375,0,90
186,13.6,1,204,0,0,15,0,0,0
186,13.6,2,146.748683528228,0,0,1.02857142857143,0,0,0
186,13.6,3,300.318327260351,2.79392045454546,0,1.5537706264182e-16,2.5375,0,90
186,13.6,4,299.466832272387,-0.363839044691101,0,14.9993899891142,0.135277324264869,0,0.516728320963432
186,13.6,5,364.293720491301,0,0,15,0,0,0
186,13.6,6,84.1037951668167,2.79392045454546,0,1.5537706264182e-16,2.5375,0,90
186,13.7,1,205.499999999999,0,0,15,0,0,0
186,13.7,2,146.748683528228,0,0,1.02857142857143,0,0,0
186,13.7,3,300.318327260351,2.79392045454546,0,1.5537706264182e-16,2.5375,0,90
186,13.7,4,299.466832272387,-0.363839044691101,0,14.9993899891142,0.135277324264869,0,0.516728320963432
186,13.7,5,364.293720491301,0,0,15,0,0,0
186,13.7,6,84.1037951668167,2.79392045454546,0,1.5537706264182e-16,2.5375,0,90
186,13.8,1,206.999999999999,0,0,15,0,0,0
186,13.8,2,146.748683528228,0,0,1.02857142857143,0,0,0
186,13.8,3,300.318327260351,2.79392045454546,0,1.5537706264182e-16,2.5375,0,90
186,13.8,4,299.466832272387,-0.363839044691101,0,14.9993899891142,0.135277324264869,0,0.516728320963432
186,13.8,5,364.293720491301,0,0,15,0,0,0
186,13.8,6,84.1037951668167,2.79392045454546,0,1.5537706264182e-16,2.5375,0,90
186,13.9,1,208.499999999999,0,0,15,0,0,0
186,13.9,2,146.748683528228,0,0,1.02857142857143,0,0,0
186,13.9,3,300.318327260351,2.79392045454546,0,1.5537706264182e-16,2.5375,0,90
186,13.9,4,299.466832272387,-0.363839044691101,0,14.9993899891142,0.135277324264869,0,0.516728320963432
186,13.9,5,364.293720491301,0,0,15,0,0,0
186,13.9,6,84.1037951668167,2.79392045454546,0,1.5537706264182e-16,2.5375,0,90
186,14,1,209.999999999999,0,0,15,0,0,0
186,14,2,146.748683528228,0,0,1.02857142857143,0,0,0
186,14,3,300.318327260351,2.79392045454546,0,1.5537706264182e-16,2.5375,0,90
186,14,4,299.466832272387,-0.363839044691101,0,14.9993899891142,0.135277324264869,0,0.516728320963432
186,14,5,364.293720491301,0,0,15,0,0,0
186,14,6,84.1037951668167,2.79392045454546,0,1.5537706264182e-16,2.5375,0,90
186,14.1,1,211.499999999999,0,0,15,0,0,0
186,14.1,2,146.748683528228,0,0,1.02857142857143,0,0,0
186,14.1,3,300.318327260351,2.79392045454546,0,1.5537706264182e-16,2.5375,0,90
186,14.1,4,299.466832272387,-0.363839044691101,0,14.9993899891142,0.135277324264869,0,0.516728320963432
186,14.1,5,364.293720491301,0,0,15,0,0,0
186,14.1,6,84.1037951668167,2.79392045454546,0,1.5537706264182e-16,2.5375,0,90
186,14.2,1,212.999999999999,0,0,15,0,0,0
186,14.2,2,146.748683528228,0,0,1.02857142857143,0,0,0
186,14.2,3,300.318327260351,2.79392045454546,0,1.5537706264182e-16,2.5375,0,90
186,14.2,4,299.466832272387,-0.363839044691101,0,14.9993899891142,0.135277324264869,0,0.516728320963432
186,14.2,5,364.293720491301,0,0,15,0,0,0
186,14.2,6,84.1037951668167,2.79392045454546,0,1.5537706264182e-16,2.5375,0,90
186,14.3,1,214.499999999999,0,0,15,0,0,0
186,14.3,2,146.748683528228,0,0,1.02857142857143,0,0,0
186,14.3,3,300.318327260351,2.79392045454546,0,1.5537706264182e-16,2.5375,0,90
186,14.3,4,299.466832272387,-0.363839044691101,0,14.9993899891142,0.135277324264869,0,0.516728320963432
186,14.3,5,364.293720491301,0,0,15,0,0,0
186,14.3,6,84.1037951668167,2.79392045454546,0,1.5537706264182e-16,2.5375,0,90
186,14.4,1,215.999999999999,0,0,15,0,0,0
186,14.4,2,146.748683528228,0,0,1.02857142857143,0,0,0
186,14.4,3,300.318327260351,2.79392045454546,0,1.5537706264182e-16,2.5375,0,90
186,14.4,4,299.466832272387,-0.363839044691101,0,14.9993899891142,0.135277324264869,0,0.516728320963432
186,14.4,5,364.293720491301,0,0,15,0,0,0
186,14.4,6,84.1037951668167,2.79392045454546,0,1.5537706264182e-16,2.5375,0,90
186,14.5,1,217.499999999999,0,0,15,0,0,0
186,14.5,2,146.748683528228,0,0,1.02857142857143,0,0,0
186,14.5,3,300.318327260351,2.79392045454546,0,1.5537706264182e-16,2.5375,0,90
186,14.5,4,299.466832272387,-0.363839044691101,0,14.9993899891142,0.135277324264869,0,0.516728320963432
186,14.5,5,364.293720491301,0,0,15,0,0,0
186,14.5,6,84.1037951668167,2.79392045454546,0,1.5537706264182e-16,2.5375,0,90
186,14.6,1,218.999999999999,0,0,15,0,0,0
186,14.6,2,146.748683528228,0,0,1.02857142857143,0,0,0
186,14.6,3,300.318327260351,2.79392045454546,0,1.5537706264182e-16,2.5375,0,90
186,14.6,4,299.466832272387,-0.363839044691101,0,14.9993899891142,0.135277324264869,0,0.516728320963432
186,14.6,5,364.293720491301,0,0,15,0,0,0
186,14.6,6,84.1037951668167,2.79392045454546,0,1.5537706264182e-16,2.5375,0,90
186,14.7,1,220.499999999999,0,0,15,0,0,0
186,14.7,2,146.748683528228,0,0,1.02857142857143,0,0,0
186,14.7,3,300.318327260351,2.79392045454546,0,1.5537706264182e-16,2.5375,0,90
186,14.7,4,299.466832272387,-0.363839044691101,0,14.9993899891142,0.135277324264869,0,0.516728320963432
186,14.7,5,364.293720491301,0,0,15,0,0,0
186,14.7,6,84.1037951668167,2.79392045454546,0,1.5537706264182e-16,2.5375,0,90
186,14.8,1,221.999999999999,0,0,15,0,0,0
186,14.8,2,146.748683528228,0,0,1.02857142857143,0,0,0
186,14.8,3,300.318327260351,2.79392045454546,0,1.5537706264182e-16,2.5375,0,90
186,14.8,4,299.466832272387,-0.363839044691101,0,14.9993899891142,0.135277324264869,0,0.516728320963432
186,14.8,5,364.293720491301,0,0,15,0,0,0
186,14.8,6,84.1037951668167,2.79392045454546,0,1.5537706264182e-16,2.5375,0,90
186,14.9,1,223.499999999999,0,0,15,0,0,0
186,14.9,2,146.748683528228,0,0,1.02857142857143,0,0,0
186,14.9,3,300.318327260351,2.79392045454546,0,1.5537706264182e-16,2.5375,0,90
186,14.9,4,299.466832272387,-0.363839044691101,0,14.9993899891142,0.135277324264869,0,0.516728320963432
186,14.9,5,364.293720491301,0,0,15,0,0,0
186,14.9,6,84.1037951668167,2.79392045454546,0,1.5537706264182e-16,2.5375,0,90
186,15,1,224.999999999999,0,0,15,0,0,0
186,15,2,146.748683528228,0,0,1.02857142857143,0,0,0
186,15,3,300.318327260351,2.79392045454546,0,1.5537706264182e-16,2.5375,0,90
186,15,4,299.466832272387,-0.363839044691101,0,14.9993899891142,0.135277324264869,0,0.516728320963432
186,15,5,364.293720491301,0,0,15,0,0,0
186,15,6,84.1037951668167,2.79392045454546,0,1.5537706264182e-16,2.5375,0,90
186,15.1,1,226.499999999999,0,0,15,0,0,0
186,15.1,2,146.748683528228,0,0,1.02857142857143,0,0,0
186,15.1,3,300.318327260351,2.79392045454546,0,1.5537706264182e-16,2.5375,0,90
186,15.1,4,299.466832272387,-0.363839044691101,0,14.9993899891142,0.135277324264869,0,0.516728320963432
186,15.1,5,364.293720491301,0,0,15,0,0,0
186,15.1,6,84.1037951668167,2.79392045454546,0,1.5537706264182e-16,2.5375,0,90
186,15.2,1,227.999999999999,0,0,15,0,0,0
186,15.2,2,146.748683528228,0,0,1.02857142857143,0,0,0
186,15.2,3,300.318327260351,2.79392045454546,0,1.5537706264182e-16,2.5375,0,90
186,15.2,4,299.466832272387,-0.363839044691101,0,14.9993899891142,0.135277324264869,0,0.516728320963432
186,15.2,5,364.293720491301,0,0,15,0,0,0
186,15.2,6,84.1037951668167,2.79392045454546,0,1.5537706264182e-16,2.5375,0,90
186,15.3,1,229.499999999999,0,0,15,0,0,0
186,15.3,2,146.748683528228,0,0,1.02857142857143,0,0,0
186,15.3,3,300.318327260351,2.79392045454546,0,1.5537706264182e-16,2.5375,0,90
186,15.3,4,299.466832272387,-0.363839044691101,0,14.9993899891142,0.135277324264869,0,0.516728320963432
186,15.3,5,364.293720491301,0,0,15,0,0,0
186,15.3,6,84.1037951668167,2.79392045454546,0,1.5537706264182e-16,2.5375,0,90
186,15.4,1,230.999999999999,0,0,15,0,0,0
186,15.4,2,146.748683528228,0,0,1.02857142857143,0,0,0
186,15.4,3,300.318327260351,2.79392045454546,0,1.5537706264182e-16,2.5375,0,90
186,15.4,4,299.466832272387,-0.363839044691101,0,14.9993899891142,0.135277324264869,0,0.516728320963432
186,15.4,5,364.293720491301,0,0,15,0,0,0
186,15.4,6,84.1037951668167,2.79392045454546,0,1.5537706264182e-16,2.5375,0,90
186,15.5,1,232.499999999999,0,0,15,0,0,0
186,15.5,2,146.748683528228,0,0,1.02857142857143,0,0,0
186,15.5,3,300.318327260351,2.79392045454546,0,1.5537706264182e-16,2.5375,0,90
186,15.5,4,299.466832272387,-0.363839044691101,0,14.9993899891142,0.135277324264869,0,0.516728320963432
186,15.5,5,364.293720491301,0,0,15,0,0,0
186,15.5,6,84.1037951668167,2.79392045454546,0,1.5537706264182e-16,2.5375,0,90
186,15.6,1,233.999999999999,0,0,15,0,0,0
186,15.6,2,146.748683528228,0,0,1.02857142857143,0,0,0
186,15.6,3,300.318327260351,2.79392045454546,0,1.5537706264182e-16,2.5375,0,90
186,15.6,4,299.466832272387,-0.363839044691101,0,14.9993899891142,0.135277324264869,0,0.516728320963432
186,15.6,5,364.293720491301,0,0,15,0,0,0
186,15.6,6,84.1037951668167,2.79392045454546,0,1.5537706264182e-16,2.5375,0,90
186,15.7,1,235.499999999999,0,0,15,0,0,0
186,15.7,2,146.748683528228,0,0,1.02857142857143,0,0,0
186,15.7,3,300.318327260351,2.79392045454546,0,1.5537706264182e-16,2.5375,0,90
186,15.7,4,299.466832272387,-0.363839044691101,0,14.9993899891142,0.135277324264869,0,0.516728320963432
186,15.7,5,364.293720491301,0,0,15,0,0,0
186,15.7,6,84.1037951668167,2.79392045454546,0,1.5537706264182e-16,2.5375,0,90
186,15.8,1,236.999999999999,0,0,15,0,0,0
186,15.8,2,146.748683528228,0,0,1.02857142857143,0,0,0
186,15.8,3,300.318327260351,2.79392045454546,0,1.5537706264182e-16,2.5375,0,90
186,15.8,4,299.466832272387,-0.363839044691101,0,14.9993899891142,0.135277324264869,0,0.516728320963432
186,15.8,5,364.293720491301,0,0,15,0,0,0
186,15.8,6,84.1037951668167,2.79392045454546,0,1.5537706264182e-16,2.5375,0,90
186,15.9,1,238.499999999999,0,0,15,0,0,0
186,15.9,2,146.748683528228,0,0,1.02857142857143,0,0,0
186,15.9,3,300.318327260351,2.79392045454546,0,1.5537706264182e-16,2.5375,0,90
186,15.9,4,299.466832272387,-0.363839044691101,0,14.9993899891142,0.135277324264869,0,0.516728320963432
186,15.9,5,364.293720491301,0,0,15,0,0,0
186,15.9,6,84.1037951668167,2.79392045454546,0,1.5537706264182e-16,2.5375,0,90
186,16,1,239.999999999999,0,0,15,0,0,0
186,16,2,146.748683528228,0,0,1.02857142857143,0,0,0
186,16,3,300.318327260351,2.79392045454546,0,1.5537706264182e-16,2.5375,0,90
186,16,4,299.466832272387,-0.363839044691101,0,14.9993899891142,0.135277324264869,0,0.516728320963432
186,16,5,364.293720491301,0,0,15,0,0,0
186,16,6,84.1037951668167,2.79392045454546,0,1.5537706264182e-16,2.5375,0,90
186,16.1,1,241.499999999999,0,0,15,0,0,0
186,16.1,2,146.748683528228,0,0,1.02857142857143,0,0,0
186,16.1,3,300.318327260351,2.79392045454546,0,1.5537706264182e-16,2.5375,0,90
186,16.1,4,299.466832272387,-0.363839044691101,0,14.9993899891142,0.135277324264869,0,0.516728320963432
186,16.1,5,364.293720491301,0,0,15,0,0,0
186,16.1,6,84.1037951668167,2.79392045454546,0,1.5537706264182e-16,2.5375,0,90
186,16.2,1,242.999999999999,0,0,15,0,0,0
186,16.2,2,146.748683528228,0,0,1.02857142857143,0,0,0
186,16.2,3,300.318327260351,2.79392045454546,0,1.5537706264182e-16,2.5375,0,90
186,16.2,4,299.466832272387,-0.363839044691101,0,14.9993899891142,0.135277324264869,0,0.516728320963432
186,16.2,5,364.293720491301,0,0,15,0,0,0
186,16.2,6,84.1037951668167,2.79392045454546,0,1.5537706264182e-16,2.5375,0,90
186,16.3,1,244.499999999999,0,0,15,0,0,0
186,16.3,2,146.748683528228,0,0,1.02857142857143,0,0,0
186,16.3,3,300.318327260351,2.79392045454546,0,1.5537706264182e-16,2.5375,0,90
186,16.3,4,299.466832272387,-0.363839044691101,0,14.9993899891142,0.135277324264869,0,0.516728320963432
186,16.3,5,364.293720491301,0,0,15,0,0,0
186,16.3,6,84.1037951668167,2.79392045454546,0,1.5537706264182e-16,2.5375,0,90
186,16.4,1,245.999999999999,0,0,15,0,0,0
186,16.4,2,146.748683528228,0,0,1.02857142857143,0,0,0
186,16.4,3,300.318327260351,2.79392045454546,0,1.5537706264182e-16,2.5375,0,90
186,16.4,4,299.466832272387,-0.363839044691101,0,14.9993899891142,0.135277324264869,0,0.516728320963432
186,16.4,5,364.293720491301,0,0,15,0,0,0
186,16.4,6,84.1037951668167,2.79392045454546,0,1.5537706264182e-16,2.5375,0,90
186,16.5,1,247.499999999999,0,0,15,0,0,0
186,16.5,2,146.748683528228,0,0,1.02857142857143,0,0,0
186,16.5,3,300.318327260351,2.79392045454546,0,1.5537706264182e-16,2.5375,0,90
186,16.5,4,299.466832272387,-0.363839044691101,0,14.9993899891142,0.135277324264869,0,0.516728320963432
186,16.5,5,364.293720491301,0,0,15,0,0,0
186,16.5,6,84.1037951668167,2.79392045454546,0,1.5537706264182e-16,2.5375,0,90
186,16.6,1,248.999999999999,0,0,15,0,0,0
186,16.6,2,146.748683528228,0,0,1.02857142857143,0,0,0
186,16.6,3,300.318327260351,2.79392045454546,0,1.5537706264182e-16,2.5375,0,90
186,16.6,4,299.466832272387,-0.363839044691101,0,14.9993899891142,0.135277324264869,0,0.516728320963432
186,16.6,5,364.293720491301,0,0,15,0,0,0
186,16.6,6,84.1037951668167,2.79392045454546,0,1.5537706264182e-16,2.5375,0,90
186,16.7,1,250.499999999999,0,0,15,0,0,0
186,16.7,2,146.748683528228,0,0,1.02857142857143,0,0,0
186,16.7,3,300.318327260351,2.79392045454546,0,1.5537706264182e-16,2.5375,0,90
186,16.7,4,299.466832272387,-0.363839044691101,0,14.9993899891142,0.135277324264869,0,0.516728320963432
186,16.7,5,364.293720491301,0,0,15,0,0,0
186,16.7,6,84.1037951668167,2.79392045454546,0,1.5537706264182e-16,2.5375,0,90
186,16.8,1,252,0,0,15,0,0,0
186,16.8,2,146.748683528228,0,0,1.02857142857143,0,0,0
186,16.8,3,300.318327260351,2.79392045454546,0,1.5537706264182e-16,2.5375,0,90
186,16.8,4,299.466832272387,-0.363839044691101,0,14.9993899891142,0.135277324264869,0,0.516728320963432
186,16.8,5,364.293720491301,0,0,15,0,0,0
186,16.8,6,84.1037951668167,2.79392045454546,0,1.5537706264182e-16,2.5375,0,90
186,16.9,1,253.5,0,0,15,0,0,0
186,16.9,2,146.748683528228,0,0,1.02857142857143,0,0,0
186,16.9,3,300.318327260351,2.79392045454546,0,1.5537706264182e-16,2.5375,0,90
186,16.9,4,299.466832272387,-0.363839044691101,0,14.9993899891142,0.135277324264869,0,0.516728320963432
186,16.9,5,364.293720491301,0,0,15,0,0,0
186,16.9,6,84.1037951668167,2.79392045454546,0,1.5537706264182e-16,2.5375,0,90
186,17,1,255,0,0,15,0,0,0
186,17,2,146.748683528228,0,0,1.02857142857143,0,0,0
186,17,3,300.318327260351,2.79392045454546,0,1.5537706264182e-16,2.5375,0,90
186,17,4,299.466832272387,-0.363839044691101,0,14.9993899891142,0.135277324264869,0,0.516728320963432
186,17,5,364.293720491301,0,0,15,0,0,0
186,17,6,84.1037951668167,2.79392045454546,0,1.5537706264182e-16,2.5375,0,90
186,17.1,1,256.5,0,0,15,0,0,0
186,17.1,2,146.748683528228,0,0,1.02857142857143,0,0,0
186,17.1,3,300.318327260351,2.79392045454546,0,1.5537706264182e-16,2.5375,0,90
186,17.1,4,299.466832272387,-0.363839044691101,0,14.9993899891142,0.135277324264869,0,0.516728320963432
186,17.1,5,364.293720491301,0,0,15,0,0,0
186,17.1,6,84.1037951668167,2.79392045454546,0,1.5537706264182e-16,2.5375,0,90
186,17.2,1,258,0,0,15,0,0,0
186,17.2,2,146.748683528228,0,0,1.02857142857143,0,0,0
186,17.2,3,300.318327260351,2.79392045454546,0,1.5537706264182e-16,2.5375,0,90
186,17.2,4,299.466832272387,-0.363839044691101,0,14.9993899891142,0.135277324264869,0,0.516728320963432
186,17.2,5,364.293720491301,0,0,15,0,0,0
186,17.2,6,84.1037951668167,2.79392045454546,0,1.5537706264182e-16,2.5375,0,90
186,17.3,1,259.5,0,0,15,0,0,0
186,17.3,2,146.748683528228,0,0,1.02857142857143,0,0,0
186,17.3,3,300.318327260351,2.79392045454546,0,1.5537706264182e-16,2.5375,0,90
186,17.3,4,299.466832272387,-0.363839044691101,0,14.9993899891142,0.135277324264869,0,0.516728320963432
186,17.3,5,364.293720491301,0,0,15,0,0,0
186,17.3,6,84.1037951668167,2.79392045454546,0,1.5537706264182e-16,2.5375,0,90
186,17.4,1,261,0,0,15,0,0,0
186,17.4,2,146.748683528228,0,0,1.02857142857143,0,0,0
186,17.4,3,300.318327260351,2.79392045454546,0,1.5537706264182e-16,2.5375,0,90
186,17.4,4,299.466832272387,-0.363839044691101,0,14.9993899891142,0.135277324264869,0,0.516728320963432
186,17.4,5,364.293720491301,0,0,15,0,0,0
186,17.4,6,84.1037951668167,2.79392045454546,0,1.5537706264182e-16,2.5375,0,90
186,17.5,1,262.5,0,0,15,0,0,0
186,17.5,2,146.748683528228,0,0,1.02857142857143,0,0,0
186,17.5,3,300.318327260351,2.79392045454546,0,1.5537706264182e-16,2.5375,0,90
186,17.5,4,299.466832272387,-0.363839044691101,0,14.9993899891142,0.135277324264869,0,0.516728320963432
186,17.5,5,364.293720491301,0,0,15,0,0,0
186,17.5,6,84.1037951668167,2.79392045454546,0,1.5537706264182e-16,2.5375,0,90
186,17.6,1,264,0,0,15,0,0,0
186,17.6,2,146.748683528228,0,0,1.02857142857143,0,0,0
186,17.6,3,300.318327260351,2.79392045454546,0,1.5537706264182e-16,2.5375,0,90
186,17.6,4,299.466832272387,-0.363839044691101,0,14.9993899891142,0.135277324264869,0,0.516728320963432
186,17.6,5,364.293720491301,0,0,15,0,0,0
186,17.6,6,84.1037951668167,2.79392045454546,0,1.5537706264182e-16,2.5375,0,90
186,17.7,1,265.5,0,0,15,0,0,0
186,17.7,2,146.748683528228,0,0,1.02857142857143,0,0,0
186,17.7,3,300.318327260351,2.79392045454546,0,1.5537706264182e-16,2.5375,0,90
186,17.7,4,299.466832272387,-0.363839044691101,0,14.9993899891142,0.135277324264869,0,0.516728320963432
186,17.7,5,364.293720491301,0,0,15,0,0,0
186,17.7,6,84.1037951668167,2.79392045454546,0,1.5537706264182e-16,2.5375,0,90
186,17.8,1,267,0,0,15,0,0,0
186,17.8,2,146.748683528228,0,0,1.02857142857143,0,0,0
186,17.8,3,300.318327260351,2.79392045454546,0,1.5537706264182e-16,2.5375,0,90
186,17.8,4,299.466832272387,-0.363839044691101,0,14.9993899891142,0.135277324264869,0,0.516728320963432
186,17.8,5,364.293720491301,0,0,15,0,0,0
186,17.8,6,84.1037951668167,2.79392045454546,0,1.5537706264182e-16,2.5375,0,90
186,17.9,1,268.5,0,0,15,0,0,0
186,17.9,2,146.748683528228,0,0,1.02857142857143,0,0,0
186,17.9,3,300.318327260351,2.79392045454546,0,1.5537706264182e-16,2.5375,0,90
186,17.9,4,299.466832272387,-0.363839044691101,0,14.9993899891142,0.135277324264869,0,0.516728320963432
186,17.9,5,364.293720491301,0,0,15,0,0,0
186,17.9,6,84.1037951668167,2.79392045454546,0,1.5537706264182e-16,2.5375,0,90
186,18,1,270,0,0,15,0,0,0
186,18,2,146.748683528228,0,0,1.02857142857143,0,0,0
186,18,3,300.318327260351,2.79392045454546,0,1.5537706264182e-16,2.5375,0,90
186,18,4,299.466832272387,-0.363839044691101,0,14.9993899891142,0.135277324264869,0,0.516728320963432
186,18,5,364.293720491301,0,0,15,0,0,0
186,18,6,84.1037951668167,2.79392045454546,0,1.5537706264182e-16,2.5375,0,90
186,18.1,1,271.5,0,0,15,0,0,0
186,18.1,2,146.748683528228,0,0,1.02857142857143,0,0,0
186,18.1,3,300.318327260351,2.79392045454546,0,1.5537706264182e-16,2.5375,0,90
186,18.1,4,299.466832272387,-0.363839044691101,0,14.9993899891142,0.135277324264869,0,0.516728320963432
186,18.1,5,364.293720491301,0,0,15,0,0,0
186,18.1,6,84.1037951668167,2.79392045454546,0,1.5537706264182e-16,2.5375,0,90
186,18.2,1,273,0,0,15,0,0,0
186,18.2,2,146.748683528228,0,0,1.02857142857143,0,0,0
186,18.2,3,300.318327260351,2.79392045454546,0,1.5537706264182e-16,2.5375,0,90
186,18.2,4,299.466832272387,-0.363839044691101,0,14.9993899891142,0.135277324264869,0,0.516728320963432
186,18.2,5,364.293720491301,0,0,15,0,0,0
186,18.2,6,84.1037951668167,2.79392045454546,0,1.5537706264182e-16,2.5375,0,90
186,18.3,1,274.5,0,0,15,0,0,0
186,18.3,2,146.748683528228,0,0,1.02857142857143,0,0,0
186,18.3,3,300.318327260351,2.79392045454546,0,1.5537706264182e-16,2.5375,0,90
186,18.3,4,299.466832272387,-0.363839044691101,0,14.9993899891142,0.135277324264869,0,0.516728320963432
186,18.3,5,364.293720491301,0,0,15,0,0,0
186,18.3,6,84.1037951668167,2.79392045454546,0,1.5537706264182e-16,2.5375,0,90
186,18.4,1,276,0,0,15,0,0,0
186,18.4,2,146.748683528228,0,0,1.02857142857143,0,0,0
186,18.4,3,300.318327260351,2.79392045454546,0,1.5537706264182e-16,2.5375,0,90
186,18.4,4,299.466832272387,-0.363839044691101,0,14.9993899891142,0.135277324264869,0,0.516728320963432
186,18.4,5,364.293720491301,0,0,15,0,0,0
186,18.4,6,84.1037951668167,2.79392045454546,0,1.5537706264182e-16,2.5375,0,90
186,18.5,1,277.5,0,0,15,0,0,0
186,18.5,2,146.748683528228,0,0,1.02857142857143,0,0,0
186,18.5,3,300.318327260351,2.79392045454546,0,1.5537706264182e-16,2.5375,0,90
186,18.5,4,299.466832272387,-0.363839044691101,0,14.9993899891142,0.135277324264869,0,0.516728320963432
186,18.5,5,364.293720491301,0,0,15,0,0,0
186,18.5,6,84.1037951668167,2.79392045454546,0,1.5537706264182e-16,2.5375,0,90
186,18.6,1,279,0,0,15,0,0,0
186,18.6,2,146.748683528228,0,0,1.02857142857143,0,0,0
186,18.6,3,300.318327260351,2.79392045454546,0,1.5537706264182e-16,2.5375,0,90
186,18.6,4,299.466832272387,-0.363839044691101,0,14.9993899891142,0.135277324264869,0,0.516728320963432
186,18.6,5,364.293720491301,0,0,15,0,0,0
186,18.6,6,84.1037951668167,2.79392045454546,0,1.5537706264182e-16,2.5375,0,90
186,18.7,1,280.5,0,0,15,0,0,0
186,18.7,2,146.748683528228,0,0,1.02857142857143,0,0,0
186,18.7,3,300.318327260351,2.79392045454546,0,1.5537706264182e-16,2.5375,0,90
186,18.7,4,299.466832272387,-0.363839044691101,0,14.9993899891142,0.135277324264869,0,0.516728320963432
186,18.7,5,364.293720491301,0,0,15,0,0,0
186,18.7,6,84.1037951668167,2.79392045454546,0,1.5537706264182e-16,2.5375,0,90
186,18.8,1,282,0,0,15,0,0,0
186,18.8,2,146.748683528228,0,0,1.02857142857143,0,0,0
186,18.8,3,300.318327260351,2.79392045454546,0,1.5537706264182e-16,2.5375,0,90
186,18.8,4,299.466832272387,-0.363839044691101,0,14.9993899891142,0.135277324264869,0,0.516728320963432
186,18.8,5,364.293720491301,0,0,15,0,0,0
186,18.8,6,84.1037951668167,2.79392045454546,0,1.5537706264182e-16,2.5375,0,90
186,18.9,1,283.5,0,0,15,0,0,0
186,18.9,2,146.748683528228,0,0,1.02857142857143,0,0,0
186,18.9,3,300.318327260351,2.79392045454546,0,1.5537706264182e-16,2.5375,0,90
186,18.9,4,299.466832272387,-0.363839044691101,0,14.9993899891142,0.135277324264869,0,0.516728320963432
186,18.9,5,364.293720491301,0,0,15,0,0,0
186,18.9,6,84.1037951668167,2.79392045454546,0,1.5537706264182e-16,2.5375,0,90
186,19,1,285,0,0,15,0,0,0
186,19,2,146.748683528228,0,0,1.02857142857143,0,0,0
186,19,3,300.318327260351,2.79392045454546,0,1.5537706264182e-16,2.5375,0,90
186,19,4,299.466832272387,-0.363839044691101,0,14.9993899891142,0.135277324264869,0,0.516728320963432
186,19,5,364.293720491301,0,0,15,0,0,0
186,19,6,84.1037951668167,2.79392045454546,0,1.5537706264182e-16,2.5375,0,90
186,19.1,1,286.5,0,0,15,0,0,0
186,19.1,2,146.748683528228,0,0,1.02857142857143,0,0,0
186,19.1,3,300.318327260351,2.79392045454546,0,1.5537706264182e-16,2.5375,0,90
186,19.1,4,299.466832272387,-0.363839044691101,0,14.9993899891142,0.135277324264869,0,0.516728320963432
186,19.1,5,364.293720491301,0,0,15,0,0,0
186,19.1,6,84.1037951668167,2.79392045454546,0,1.5537706264182e-16,2.5375,0,90
186,19.2,1,288,0,0,15,0,0,0
186,19.2,2,146.748683528228,0,0,1.02857142857143,0,0,0
186,19.2,3,300.318327260351,2.79392045454546,0,1.5537706264182e-16,2.5375,0,90
186,19.2,4,299.466832272387,-0.363839044691101,0,14.9993899891142,0.135277324264869,0,0.516728320963432
186,19.2,5,364.293720491301,0,0,15,0,0,0
186,19.2,6,84.1037951668167,2.79392045454546,0,1.5537706264182e-16,2.5375,0,90
186,19.3,1,289.5,0,0,15,0,0,0
186,19.3,2,146.748683528228,0,0,1.02857142857143,0,0,0
186,19.3,3,300.318327260351,2.79392045454546,0,1.5537706264182e-16,2.5375,0,90
186,19.3,4,299.466832272387,-0.363839044691101,0,14.9993899891142,0.135277324264869,0,0.516728320963432
186,19.3,5,364.293720491301,0,0,15,0,0,0
186,19.3,6,84.1037951668167,2.79392045454546,0,1.5537706264182e-16,2.5375,0,90
186,19.4,1,291,0,0,15,0,0,0
186,19.4,2,146.748683528228,0,0,1.02857142857143,0,0,0
186,19.4,3,300.318327260351,2.79392045454546,0,1.5537706264182e-16,2.5375,0,90
186,19.4,4,299.466832272387,-0.363839044691101,0,14.9993899891142,0.135277324264869,0,0.516728320963432
186,19.4,5,364.293720491301,0,0,15,0,0,0
186,19.4,6,84.1037951668167,2.79392045454546,0,1.5537706264182e-16,2.5375,0,90
186,19.5,1,292.5,0,0,15,0,0,0
186,19.5,2,146.748683528228,0,0,1.02857142857143,0,0,0
186,19.5,3,300.318327260351,2.79392045454546,0,1.5537706264182e-16,2.5375,0,90
186,19.5,4,299.466832272387,-0.363839044691101,0,14.9993899891142,0.135277324264869,0,0.516728320963432
186,19.5,5,364.293720491301,0,0,15,0,0,0
186,19.5,6,84.1037951668167,2.79392045454546,0,1.5537706264182e-16,2.5375,0,90
186,19.6,1,294,0,0,15,0,0,0
186,19.6,2,146.748683528228,0,0,1.02857142857143,0,0,0
186,19.6,3,300.318327260351,2.79392045454546,0,1.5537706264182e-16,2.5375,0,90
186,19.6,4,299.466832272387,-0.363839044691101,0,14.9993899891142,0.135277324264869,0,0.516728320963432
186,19.6,5,364.293720491301,0,0,15,0,0,0
186,19.6,6,84.1037951668167,2.79392045454546,0,1.5537706264182e-16,2.5375,0,90
186,19.7,1,295.5,0,0,15,0,0,0
186,19.7,2,146.748683528228,0,0,1.02857142857143,0,0,0
186,19.7,3,300.318327260351,2.79392045454546,0,1.5537706264182e-16,2.5375,0,90
186,19.7,4,299.466832272387,-0.363839044691101,0,14.9993899891142,0.135277324264869,0,0.516728320963432
186,19.7,5,364.293720491301,0,0,15,0,0,0
186,19.7,6,84.1037951668167,2.79392045454546,0,1.5537706264182e-16,2.5375,0,90
186,19.8,1,297,0,0,15,0,0,0
186,19.8,2,146.748683528228,0,0,1.02857142857143,0,0,0
186,19.8,3,300.318327260351,2.79392045454546,0,1.5537706264182e-16,2.5375,0,90
186,19.8,4,299.466832272387,-0.363839044691101,0,14.9993899891142,0.135277324264869,0,0.516728320963432
186,19.8,5,364.293720491301,0,0,15,0,0,0
186,19.8,6,84.1037951668167,2.79392045454546,0,1.5537706264182e-16,2.5375,0,90
186,19.9,1,298.5,0,0,15,0,0,0
186,19.9,2,146.748683528228,0,0,1.02857142857143,0,0,0
186,19.9,3,300.318327260351,2.79392045454546,0,1.5537706264182e-16,2.5375,0,90
186,19.9,4,299.466832272387,-0.363839044691101,0,14.9993899891142,0.135277324264869,0,0.516728320963432
186,19.9,5,364.293720491301,0,0,15,0,0,0
186,19.9,6,84.1037951668167,2.79392045454546,0,1.5537706264182e-16,2.5375,0,90
186,20,1,300,0,0,15,0,0,0
186,20,2,146.748683528228,0,0,1.02857142857143,0,0,0
186,20,3,300.318327260351,2.79392045454546,0,1.5537706264182e-16,2.5375,0,90
186,20,4,299.466832272387,-0.363839044691101,0,14.9993899891142,0.135277324264869,0,0.516728320963432
186,20,5,364.293720491301,0,0,15,0,0,0
186,20,6,84.1037951668167,2.79392045454546,0,1.5537706264182e-16,2.5375,0,90
186,20.1,1,301.5,0,0,15,0,0,0
186,20.1,2,146.748683528228,0,0,1.02857142857143,0,0,0
186,20.1,3,300.318327260351,2.79392045454546,0,1.5537706264182e-16,2.5375,0,90
186,20.1,4,299.466832272387,-0.363839044691101,0,14.9993899891142,0.135277324264869,0,0.516728320963432
186,20.1,5,364.293720491301,0,0,15,0,0,0
186,20.1,6,84.1037951668167,2.79392045454546,0,1.5537706264182e-16,2.5375,0,90
186,20.2,1,303,0,0,15,0,0,0
186,20.2,2,146.748683528228,0,0,1.02857142857143,0,0,0
186,20.2,3,300.318327260351,2.79392045454546,0,1.5537706264182e-16,2.5375,0,90
186,20.2,4,299.466832272387,-0.363839044691101,0,14.9993899891142,0.135277324264869,0,0.516728320963432
186,20.2,5,364.293720491301,0,0,15,0,0,0
186,20.2,6,84.1037951668167,2.79392045454546,0,1.5537706264182e-16,2.5375,0,90
186,20.3,1,304.5,0,0,15,0,0,0
186,20.3,2,146.748683528228,0,0,1.02857142857143,0,0,0
186,20.3,3,300.318327260351,2.79392045454546,0,1.5537706264182e-16,2.5375,0,90
186,20.3,4,299.466832272387,-0.363839044691101,0,14.9993899891142,0.135277324264869,0,0.516728320963432
186,20.3,5,364.293720491301,0,0,15,0,0,0
186,20.3,6,84.1037951668167,2.79392045454546,0,1.5537706264182e-16,2.5375,0,90
186,20.4,1,306,0,0,15,0,0,0
186,20.4,2,146.748683528228,0,0,1.02857142857143,0,0,0
186,20.4,3,300.318327260351,2.79392045454546,0,1.5537706264182e-16,2.5375,0,90
186,20.4,4,299.466832272387,-0.363839044691101,0,14.9993899891142,0.135277324264869,0,0.516728320963432
186,20.4,5,364.293720491301,0,0,15,0,0,0
186,20.4,6,84.1037951668167,2.79392045454546,0,1.5537706264182e-16,2.5375,0,90
186,20.5,1,307.5,0,0,15,0,0,0
186,20.5,2,146.748683528228,0,0,1.02857142857143,0,0,0
186,20.5,3,300.318327260351,2.79392045454546,0,1.5537706264182e-16,2.5375,0,90
186,20.5,4,299.466832272387,-0.363839044691101,0,14.9993899891142,0.135277324264869,0,0.516728320963432
186,20.5,5,364.293720491301,0,0,15,0,0,0
186,20.5,6,84.1037951668167,2.79392045454546,0,1.5537706264182e-16,2.5375,0,90
186,20.6,1,309,0,0,15,0,0,0
186,20.6,2,146.748683528228,0,0,1.02857142857143,0,0,0
186,20.6,3,300.318327260351,2.79392045454546,0,1.5537706264182e-16,2.5375,0,90
186,20.6,4,299.466832272387,-0.363839044691101,0,14.9993899891142,0.135277324264869,0,0.516728320963432
186,20.6,5,364.293720491301,0,0,15,0,0,0
186,20.6,6,84.1037951668167,2.79392045454546,0,1.5537706264182e-16,2.5375,0,90
186,20.7,1,310.5,0,0,15,0,0,0
186,20.7,2,146.748683528228,0,0,1.02857142857143,0,0,0
186,20.7,3,300.318327260351,2.79392045454546,0,1.5537706264182e-16,2.5375,0,90
186,20.7,4,299.466832272387,-0.363839044691101,0,14.9993899891142,0.135277324264869,0,0.516728320963432
186,20.7,5,364.293720491301,0,0,15,0,0,0
186,20.7,6,84.1037951668167,2.79392045454546,0,1.5537706264182e-16,2.5375,0,90
186,20.8,1,312,0,0,15,0,0,0
186,20.8,2,146.748683528228,0,0,1.02857142857143,0,0,0
186,20.8,3,300.318327260351,2.79392045454546,0,1.5537706264182e-16,2.5375,0,90
186,20.8,4,299.466832272387,-0.363839044691101,0,14.9993899891142,0.135277324264869,0,0.516728320963432
186,20.8,5,364.293720491301,0,0,15,0,0,0
186,20.8,6,84.1037951668167,2.79392045454546,0,1.5537706264182e-16,2.5375,0,90
186,20.9,1,313.5,0,0,15,0,0,0
186,20.9,2,146.748683528228,0,0,1.02857142857143,0,0,0
186,20.9,3,300.318327260351,2.79392045454546,0,1.5537706264182e-16,2.5375,0,90
186,20.9,4,299.466832272387,-0.363839044691101,0,14.9993899891142,0.135277324264869,0,0.516728320963432
186,20.9,5,364.293720491301,0,0,15,0,0,0
186,20.9,6,84.1037951668167,2.79392045454546,0,1.5537706264182e-16,2.5375,0,90
186,21,1,315,0,0,15,0,0,0
186,21,2,146.748683528228,0,0,1.02857142857143,0,0,0
186,21,3,300.318327260351,2.79392045454546,0,1.5537706264182e-16,2.5375,0,90
186,21,4,299.466832272387,-0.363839044691101,0,14.9993899891142,0.135277324264869,0,0.516728320963432
186,21,5,364.293720491301,0,0,15,0,0,0
186,21,6,84.1037951668167,2.79392045454546,0,1.5537706264182e-16,2.5375,0,90
186,21.1,1,316.5,0,0,15,0,0,0
186,21.1,2,146.748683528228,0,0,1.02857142857143,0,0,0
186,21.1,3,300.318327260351,2.79392045454546,0,1.5537706264182e-16,2.5375,0,90
186,21.1,4,299.466832272387,-0.363839044691101,0,14.9993899891142,0.135277324264869,0,0.516728320963432
186,21.1,5,364.293720491301,0,0,15,0,0,0
186,21.1,6,84.1037951668167,2.79392045454546,0,1.5537706264182e-16,2.5375,0,90
186,21.2,1,318,0,0,15,0,0,0
186,21.2,2,146.748683528228,0,0,1.02857142857143,0,0,0
186,21.2,3,300.318327260351,2.79392045454546,0,1.5537706264182e-16,2.5375,0,90
186,21.2,4,299.466832272387,-0.363839044691101,0,14.9993899891142,0.135277324264869,0,0.516728320963432
186,21.2,5,364.293720491301,0,0,15,0,0,0
186,21.2,6,84.1037951668167,2.79392045454546,0,1.5537706264182e-16,2.5375,0,90
186,21.3,1,319.5,0,0,15,0,0,0
186,21.3,2,146.748683528228,0,0,1.02857142857143,0,0,0
186,21.3,3,300.318327260351,2.79392045454546,0,1.5537706264182e-16,2.5375,0,90
186,21.3,4,299.466832272387,-0.363839044691101,0,14.9993899891142,0.135277324264869,0,0.516728320963432
186,21.3,5,364.293720491301,0,0,15,0,0,0
186,21.3,6,84.1037951668167,2.79392045454546,0,1.5537706264182e-16,2.5375,0,90
186,21.4,1,321.000000000001,0,0,15,0,0,0
186,21.4,2,146.748683528228,0,0,1.02857142857143,0,0,0
186,21.4,3,300.318327260351,2.79392045454546,0,1.5537706264182e-16,2.5375,0,90
186,21.4,4,299.466832272387,-0.363839044691101,0,14.9993899891142,0.135277324264869,0,0.516728320963432
186,21.4,5,364.293720491301,0,0,15,0,0,0
186,21.4,6,84.1037951668167,2.79392045454546,0,1.5537706264182e-16,2.5375,0,90
186,21.5,1,322.500000000001,0,0,15,0,0,0
186,21.5,2,146.748683528228,0,0,1.02857142857143,0,0,0
186,21.5,3,300.318327260351,2.79392045454546,0,1.5537706264182e-16,2.5375,0,90
186,21.5,4,299.466832272387,-0.363839044691101,0,14.9993899891142,0.135277324264869,0,0.516728320963432
186,21.5,5,364.293720491301,0,0,15,0,0,0
186,21.5,6,84.1037951668167,2.79392045454546,0,1.5537706264182e-16,2.5375,0,90
186,21.6,1,324.000000000001,0,0,15,0,0,0
186,21.6,2,146.748683528228,0,0,1.02857142857143,0,0,0
186,21.6,3,300.318327260351,2.79392045454546,0,1.5537706264182e-16,2.5375,0,90
186,21.6,4,299.466832272387,-0.363839044691101,0,14.9993899891142,0.135277324264869,0,0.516728320963432
186,21.6,5,364.293720491301,0,0,15,0,0,0
186,21.6,6,84.1037951668167,2.79392045454546,0,1.5537706264182e-16,2.5375,0,90
186,21.7,1,325.500000000001,0,0,15,0,0,0
186,21.7,2,146.748683528228,0,0,1.02857142857143,0,0,0
186,21.7,3,300.318327260351,2.79392045454546,0,1.5537706264182e-16,2.5375,0,90
186,21.7,4,299.466832272387,-0.363839044691101,0,14.9993899891142,0.135277324264869,0,0.516728320963432
186,21.7,5,364.293720491301,0,0,15,0,0,0
186,21.7,6,84.1037951668167,2.79392045454546,0,1.5537706264182e-16,2.5375,0,90
186,21.8,1,327.000000000001,0,0,15,0,0,0
186,21.8,2,146.748683528228,0,0,1.02857142857143,0,0,0
186,21.8,3,300.318327260351,2.79392045454546,0,1.5537706264182e-16,2.5375,0,90
186,21.8,4,299.466832272387,-0.363839044691101,0,14.9993899891142,0.135277324264869,0,0.516728320963432
186,21.8,5,364.293720491301,0,0,15,0,0,0
186,21.8,6,84.1037951668167,2.79392045454546,0,1.5537706264182e-16,2.5375,0,90
186,21.9,1,328.500000000001,0,0,15,0,0,0
186,21.9,2,146.748683528228,0,0,1.02857142857143,0,0,0
186,21.9,3,300.318327260351,2.79392045454546,0,1.5537706264182e-16,2.5375,0,90
186,21.9,4,299.466832272387,-0.363839044691101,0,14.9993899891142,0.135277324264869,0,0.516728320963432
186,21.9,5,364.293720491301,0,0,15,0,0,0
186,21.9,6,84.1037951668167,2.79392045454546,0,1.5537706264182e-16,2.5375,0,90
186,22,1,330.000000000001,0,0,15,0,0,0
186,22,2,146.748683528228,0,0,1.02857142857143,0,0,0
186,22,3,300.318327260351,2.79392045454546,0,1.5537706264182e-16,2.5375,0,90
186,22,4,299.466832272387,-0.363839044691101,0,14.9993899891142,0.135277324264869,0,0.516728320963432
186,22,5,364.293720491301,0,0,15,0,0,0
186,22,6,84.1037951668167,2.79392045454546,0,1.5537706264182e-16,2.5375,0,90
186,22.1,1,331.500000000001,0,0,15,0,0,0
186,22.1,2,146.748683528228,0,0,1.02857142857143,0,0,0
186,22.1,3,300.318327260351,2.79392045454546,0,1.5537706264182e-16,2.5375,0,90
186,22.1,4,299.466832272387,-0.363839044691101,0,14.9993899891142,0.135277324264869,0,0.516728320963432
186,22.1,5,364.293720491301,0,0,15,0,0,0
186,22.1,6,84.1037951668167,2.79392045454546,0,1.5537706264182e-16,2.5375,0,90
186,22.2,1,333.000000000001,0,0,15,0,0,0
186,22.2,2,146.748683528228,0,0,1.02857142857143,0,0,0
186,22.2,3,300.318327260351,2.79392045454546,0,1.5537706264182e-16,2.5375,0,90
186,22.2,4,299.466832272387,-0.363839044691101,0,14.9993899891142,0.135277324264869,0,0.516728320963432
186,22.2,5,364.293720491301,0,0,15,0,0,0
186,22.2,6,84.1037951668167,2.79392045454546,0,1.5537706264182e-16,2.5375,0,90
186,22.3,1,334.500000000001,0,0,15,0,0,0
186,22.3,2,146.748683528228,0,0,1.02857142857143,0,0,0
186,22.3,3,300.318327260351,2.79392045454546,0,1.5537706264182e-16,2.5375,0,90
186,22.3,4,299.466832272387,-0.363839044691101,0,14.9993899891142,0.135277324264869,0,0.516728320963432
186,22.3,5,364.293720491301,0,0,15,0,0,0
186,22.3,6,84.1037951668167,2.79392045454546,0,1.5537706264182e-16,2.5375,0,90
186,22.4,1,336.000000000001,0,0,15,0,0,0
186,22.4,2,146.748683528228,0,0,1.02857142857143,0,0,0
186,22.4,3,300.318327260351,2.79392045454546,0,1.5537706264182e-16,2.5375,0,90
186,22.4,4,299.466832272387,-0.363839044691101,0,14.9993899891142,0.135277324264869,0,0.516728320963432
186,22.4,5,364.293720491301,0,0,15,0,0,0
186,22.4,6,84.1037951668167,2.79392045454546,0,1.5537706264182e-16,2.5375,0,90
186,22.5,1,337.500000000001,0,0,15,0,0,0
186,22.5,2,146.748683528228,0,0,1.02857142857143,0,0,0
186,22.5,3,300.318327260351,2.79392045454546,0,1.5537706264182e-16,2.5375,0,90
186,22.5,4,299.466832272387,-0.363839044691101,0,14.9993899891142,0.135277324264869,0,0.516728320963432
186,22.5,5,364.293720491301,0,0,15,0,0,0
186,22.5,6,84.1037951668167,2.79392045454546,0,1.5537706264182e-16,2.5375,0,90
186,22.6000000000001,1,339.000000000001,0,0,15,0,0,0
186,22.6000000000001,2,146.748683528228,0,0,1.02857142857143,0,0,0
186,22.6000000000001,3,300.318327260351,2.79392045454546,0,1.5537706264182e-16,2.5375,0,90
186,22.6000000000001,4,299.466832272387,-0.363839044691101,0,14.9993899891142,0.135277324264869,0,0.516728320963432
186,22.6000000000001,5,364.293720491301,0,0,15,0,0,0
186,22.6000000000001,6,84.1037951668167,2.79392045454546,0,1.5537706264182e-16,2.5375,0,90
186,22.7000000000001,1,340.500000000001,0,0,15,0,0,0
186,22.7000000000001,2,146.748683528228,0,0,1.02857142857143,0,0,0
186,22.7000000000001,3,300.318327260351,2.79392045454546,0,1.5537706264182e-16,2.5375,0,90
186,22.7000000000001,4,299.466832272387,-0.363839044691101,0,14.9993899891142,0.135277324264869,0,0.516728320963432
186,22.7000000000001,5,364.293720491301,0,0,15,0,0,0
186,22.7000000000001,6,84.1037951668167,2.79392045454546,0,1.5537706264182e-16,2.5375,0,90
186,22.8000000000001,1,342.000000000001,0,0,15,0,0,0
186,22.8000000000001,2,146.748683528228,0,0,1.02857142857143,0,0,0
186,22.8000000000001,3,300.318327260351,2.79392045454546,0,1.5537706264182e-16,2.5375,0,90
186,22.8000000000001,4,299.466832272387,-0.363839044691101,0,14.9993899891142,0.135277324264869,0,0.516728320963432
186,22.8000000000001,5,364.293720491301,0,0,15,0,0,0
186,22.8000000000001,6,84.1037951668167,2.79392045454546,0,1.5537706264182e-16,2.5375,0,90
186,22.9000000000001,1,343.500000000001,0,0,15,0,0,0
186,22.9000000000001,2,146.748683528228,0,0,1.02857142857143,0,0,0
186,22.9000000000001,3,300.318327260351,2.79392045454546,0,1.5537706264182e-16,2.5375,0,90
186,22.9000000000001,4,299.466832272387,-0.363839044691101,0,14.9993899891142,0.135277324264869,0,0.516728320963432
186,22.9000000000001,5,364.293720491301,0,0,15,0,0,0
186,22.9000000000001,6,84.1037951668167,2.79392045454546,0,1.5537706264182e-16,2.5375,0,90
186,23.0000000000001,1,345.000000000001,0,0,15,0,0,0
186,23.0000000000001,2,146.748683528228,0,0,1.02857142857143,0,0,0
186,23.0000000000001,3,300.318327260351,2.79392045454546,0,1.5537706264182e-16,2.5375,0,90
186,23.0000000000001,4,299.466832272387,-0.363839044691101,0,14.9993899891142,0.135277324264869,0,0.516728320963432
186,23.0000000000001,5,364.293720491301,0,0,15,0,0,0
186,23.0000000000001,6,84.1037951668167,2.79392045454546,0,1.5537706264182e-16,2.5375,0,90
186,23.1000000000001,1,346.500000000001,0,0,15,0,0,0
186,23.1000000000001,2,146.748683528228,0,0,1.02857142857143,0,0,0
186,23.1000000000001,3,300.318327260351,2.79392045454546,0,1.5537706264182e-16,2.5375,0,90
186,23.1000000000001,4,299.466832272387,-0.363839044691101,0,14.9993899891142,0.135277324264869,0,0.516728320963432
186,23.1000000000001,5,364.293720491301,0,0,15,0,0,0
186,23.1000000000001,6,84.1037951668167,2.79392045454546,0,1.5537706264182e-16,2.5375,0,90
186,23.2000000000001,1,348.000000000001,0,0,15,0,0,0
186,23.2000000000001,2,146.748683528228,0,0,1.02857142857143,0,0,0
186,23.2000000000001,3,300.318327260351,2.79392045454546,0,1.5537706264182e-16,2.5375,0,90
186,23.2000000000001,4,299.466832272387,-0.363839044691101,0,14.9993899891142,0.135277324264869,0,0.516728320963432
186,23.2000000000001,5,364.293720491301,0,0,15,0,0,0
186,23.2000000000001,6,84.1037951668167,2.79392045454546,0,1.5537706264182e-16,2.5375,0,90
186,23.3000000000001,1,349.500000000001,0,0,15,0,0,0
186,23.3000000000001,2,146.748683528228,0,0,1.02857142857143,0,0,0
186,23.3000000000001,3,300.318327260351,2.79392045454546,0,1.5537706264182e-16,2.5375,0,90
186,23.3000000000001,4,299.466832272387,-0.363839044691101,0,14.9993899891142,0.135277324264869,0,0.516728320963432
186,23.3000000000001,5,364.293720491301,0,0,15,0,0,0
186,23.3000000000001,6,84.1037951668167,2.79392045454546,0,1.5537706264182e-16,2.5375,0,90
186,23.4000000000001,1,351.000000000001,0,0,15,0,0,0
186,23.4000000000001,2,146.748683528228,0,0,1.02857142857143,0,0,0
186,23.4000000000001,3,300.318327260351,2.79392045454546,0,1.5537706264182e-16,2.5375,0,90
186,23.4000000000001,4,299.466832272387,-0.363839044691101,0,14.9993899891142,0.135277324264869,0,0.516728320963432
186,23.4000000000001,5,364.293720491301,0,0,15,0,0,0
186,23.4000000000001,6,84.1037951668167,2.79392045454546,0,1.5537706264182e-16,2.5375,0,90
186,23.5000000000001,1,352.500000000001,0,0,15,0,0,0
186,23.5000000000001,2,146.748683528228,0,0,1.02857142857143,0,0,0
186,23.5000000000001,3,300.318327260351,2.79392045454546,0,1.5537706264182e-16,2.5375,0,90
186,23.5000000000001,4,299.466832272387,-0.363839044691101,0,14.9993899891142,0.135277324264869,0,0.516728320963432
186,23.5000000000001,5,364.293720491301,0,0,15,0,0,0
186,23.5000000000001,6,84.1037951668167,2.79392045454546,0,1.5537706264182e-16,2.5375,0,90
186,23.6000000000001,1,354.000000000001,0,0,15,0,0,0
186,23.6000000000001,2,146.748683528228,0,0,1.02857142857143,0,0,0
186,23.6000000000001,3,300.318327260351,2.79392045454546,0,1.5537706264182e-16,2.5375,0,90
186,23.6000000000001,4,299.466832272387,-0.363839044691101,0,14.9993899891142,0.135277324264869,0,0.516728320963432
186,23.6000000000001,5,364.293720491301,0,0,15,0,0,0
186,23.6000000000001,6,84.1037951668167,2.79392045454546,0,1.5537706264182e-16,2.5375,0,90
186,23.7000000000001,1,355.500000000001,0,0,15,0,0,0
186,23.7000000000001,2,146.748683528228,0,0,1.02857142857143,0,0,0
186,23.7000000000001,3,300.318327260351,2.79392045454546,0,1.5537706264182e-16,2.5375,0,90
186,23.7000000000001,4,299.466832272387,-0.363839044691101,0,14.9993899891142,0.135277324264869,0,0.516728320963432
186,23.7000000000001,5,364.293720491301,0,0,15,0,0,0
186,23.7000000000001,6,84.1037951668167,2.79392045454546,0,1.5537706264182e-16,2.5375,0,90
186,23.8000000000001,1,357.000000000001,0,0,15,0,0,0
186,23.8000000000001,2,146.748683528228,0,0,1.02857142857143,0,0,0
186,23.8000000000001,3,300.318327260351,2.79392045454546,0,1.5537706264182e-16,2.5375,0,90
186,23.8000000000001,4,299.466832272387,-0.363839044691101,0,14.9993899891142,0.135277324264869,0,0.516728320963432
186,23.8000000000001,5,364.293720491301,0,0,15,0,0,0
186,23.8000000000001,6,84.1037951668167,2.79392045454546,0,1.5537706264182e-16,2.5375,0,90
186,23.9000000000001,1,358.500000000001,0,0,15,0,0,0
186,23.9000000000001,2,146.748683528228,0,0,1.02857142857143,0,0,0
186,23.9000000000001,3,300.318327260351,2.79392045454546,0,1.5537706264182e-16,2.5375,0,90
186,23.9000000000001,4,299.466832272387,-0.363839044691101,0,14.9993899891142,0.135277324264869,0,0.516728320963432
186,23.9000000000001,5,364.293720491301,0,0,15,0,0,0
186,23.9000000000001,6,84.1037951668167,2.79392045454546,0,1.5537706264182e-16,2.5375,0,90
186,24.0000000000001,1,360.000000000001,0,0,15,0,0,0
186,24.0000000000001,2,146.748683528228,0,0,1.02857142857143,0,0,0
186,24.0000000000001,3,300.318327260351,2.79392045454546,0,1.5537706264182e-16,2.5375,0,90
186,24.0000000000001,4,299.466832272387,-0.363839044691101,0,14.9993899891142,0.135277324264869,0,0.516728320963432
186,24.0000000000001,5,364.293720491301,0,0,15,0,0,0
186,24.0000000000001,6,84.1037951668167,2.79392045454546,0,1.5537706264182e-16,2.5375,0,90
186,24.1000000000001,1,361.500000000001,0,0,15,0,0,0
186,24.1000000000001,2,146.748683528228,0,0,1.02857142857143,0,0,0
186,24.1000000000001,3,300.318327260351,2.79392045454546,0,1.5537706264182e-16,2.5375,0,90
186,24.1000000000001,4,299.466832272387,-0.363839044691101,0,14.9993899891142,0.135277324264869,0,0.516728320963432
186,24.1000000000001,5,364.293720491301,0,0,15,0,0,0
186,24.1000000000001,6,84.1037951668167,2.79392045454546,0,1.5537706264182e-16,2.5375,0,90
186,24.2000000000001,1,363.000000000001,0,0,15,0,0,0
186,24.2000000000001,2,146.748683528228,0,0,1.02857142857143,0,0,0
186,24.2000000000001,3,300.318327260351,2.79392045454546,0,1.5537706264182e-16,2.5375,0,90
186,24.2000000000001,4,299.466832272387,-0.363839044691101,0,14.9993899891142,0.135277324264869,0,0.516728320963432
186,24.2000000000001,5,364.293720491301,0,0,15,0,0,0
186,24.2000000000001,6,84.1037951668167,2.79392045454546,0,1.5537706264182e-16,2.5375,0,90
186,24.3000000000001,1,364.500000000001,0,0,15,0,0,0
186,24.3000000000001,2,146.748683528228,0,0,1.02857142857143,0,0,0
186,24.3000000000001,3,300.318327260351,2.79392045454546,0,1.5537706264182e-16,2.5375,0,90
186,24.3000000000001,4,299.466832272387,-0.363839044691101,0,14.9993899891142,0.135277324264869,0,0.516728320963432
186,24.3000000000001,5,364.293720491301,0,0,15,0,0,0
186,24.3000000000001,6,84.1037951668167,2.79392045454546,0,1.5537706264182e-16,2.5375,0,90
186,24.4000000000001,1,366.000000000001,0,0,15,0,0,0
186,24.4000000000001,2,146.748683528228,0,0,1.02857142857143,0,0,0
186,24.4000000000001,3,300.318327260351,2.79392045454546,0,1.5537706264182e-16,2.5375,0,90
186,24.4000000000001,4,299.466832272387,-0.363839044691101,0,14.9993899891142,0.135277324264869,0,0.516728320963432
186,24.4000000000001,5,364.293720491301,0,0,15,0,0,0
186,24.4000000000001,6,84.1037951668167,2.79392045454546,0,1.5537706264182e-16,2.5375,0,90
186,24.5000000000001,1,367.500000000001,0,0,15,0,0,0
186,24.5000000000001,2,146.748683528228,0,0,1.02857142857143,0,0,0
186,24.5000000000001,3,300.318327260351,2.79392045454546,0,1.5537706264182e-16,2.5375,0,90
186,24.5000000000001,4,299.466832272387,-0.363839044691101,0,14.9993899891142,0.135277324264869,0,0.516728320963432
186,24.5000000000001,5,364.293720491301,0,0,15,0,0,0
186,24.5000000000001,6,84.1037951668167,2.79392045454546,0,1.5537706264182e-16,2.5375,0,90
186,24.6000000000001,1,369.000000000001,0,0,15,0,0,0
186,24.6000000000001,2,146.748683528228,0,0,1.02857142857143,0,0,0
186,24.6000000000001,3,300.318327260351,2.79392045454546,0,1.5537706264182e-16,2.5375,0,90
186,24.6000000000001,4,299.466832272387,-0.363839044691101,0,14.9993899891142,0.135277324264869,0,0.516728320963432
186,24.6000000000001,5,364.293720491301,0,0,15,0,0,0
186,24.6000000000001,6,84.1037951668167,2.79392045454546,0,1.5537706264182e-16,2.5375,0,90
186,24.7000000000001,1,370.500000000001,0,0,15,0,0,0
186,24.7000000000001,2,146.748683528228,0,0,1.02857142857143,0,0,0
186,24.7000000000001,3,300.318327260351,2.79392045454546,0,1.5537706264182e-16,2.5375,0,90
186,24.7000000000001,4,299.466832272387,-0.363839044691101,0,14.9993899891142,0.135277324264869,0,0.516728320963432
186,24.7000000000001,5,364.293720491301,0,0,15,0,0,0
186,24.7000000000001,6,84.1037951668167,2.79392045454546,0,1.5537706264182e-16,2.5375,0,90
186,24.8000000000001,1,372.000000000001,0,0,15,0,0,0
186,24.8000000000001,2,146.748683528228,0,0,1.02857142857143,0,0,0
186,24.8000000000001,3,300.318327260351,2.79392045454546,0,1.5537706264182e-16,2.5375,0,90
186,24.8000000000001,4,299.466832272387,-0.363839044691101,0,14.9993899891142,0.135277324264869,0,0.516728320963432
186,24.8000000000001,5,364.293720491301,0,0,15,0,0,0
186,24.8000000000001,6,84.1037951668167,2.79392045454546,0,1.5537706264182e-16,2.5375,0,90
186,24.9000000000001,1,373.500000000001,0,0,15,0,0,0
186,24.9000000000001,2,146.748683528228,0,0,1.02857142857143,0,0,0
186,24.9000000000001,3,300.318327260351,2.79392045454546,0,1.5537706264182e-16,2.5375,0,90
186,24.9000000000001,4,299.466832272387,-0.363839044691101,0,14.9993899891142,0.135277324264869,0,0.516728320963432
186,24.9000000000001,5,364.293720491301,0,0,15,0,0,0
186,24.9000000000001,6,84.1037951668167,2.79392045454546,0,1.5537706264182e-16,2.5375,0,90
186,25.0000000000001,1,375.000000000001,0,0,15,0,0,0
186,25.0000000000001,2,146.748683528228,0,0,1.02857142857143,0,0,0
186,25.0000000000001,3,300.318327260351,2.79392045454546,0,1.5537706264182e-16,2.5375,0,90
186,25.0000000000001,4,299.466832272387,-0.363839044691101,0,14.9993899891142,0.135277324264869,0,0.516728320963432
186,25.0000000000001,5,364.293720491301,0,0,15,0,0,0
186,25.0000000000001,6,84.1037951668167,2.79392045454546,0,1.5537706264182e-16,2.5375,0,90
186,25.1000000000001,1,376.500000000001,0,0,15,0,0,0
186,25.1000000000001,2,146.748683528228,0,0,1.02857142857143,0,0,0
186,25.1000000000001,3,300.318327260351,2.79392045454546,0,1.5537706264182e-16,2.5375,0,90
186,25.1000000000001,4,299.466832272387,-0.363839044691101,0,14.9993899891142,0.135277324264869,0,0.516728320963432
186,25.1000000000001,5,364.293720491301,0,0,15,0,0,0
186,25.1000000000001,6,84.1037951668167,2.79392045454546,0,1.5537706264182e-16,2.5375,0,90
186,25.2000000000001,1,378.000000000001,0,0,15,0,0,0
186,25.2000000000001,2,146.748683528228,0,0,1.02857142857143,0,0,0
186,25.2000000000001,3,300.318327260351,2.79392045454546,0,1.5537706264182e-16,2.5375,0,90
186,25.2000000000001,4,299.466832272387,-0.363839044691101,0,14.9993899891142,0.135277324264869,0,0.516728320963432
186,25.2000000000001,5,364.293720491301,0,0,15,0,0,0
186,25.2000000000001,6,84.1037951668167,2.79392045454546,0,1.5537706264182e-16,2.5375,0,90
186,25.3000000000001,1,379.500000000001,0,0,15,0,0,0
186,25.3000000000001,2,146.748683528228,0,0,1.02857142857143,0,0,0
186,25.3000000000001,3,300.318327260351,2.79392045454546,0,1.5537706264182e-16,2.5375,0,90
186,25.3000000000001,4,299.466832272387,-0.363839044691101,0,14.9993899891142,0.135277324264869,0,0.516728320963432
186,25.3000000000001,5,364.293720491301,0,0,15,0,0,0
186,25.3000000000001,6,84.1037951668167,2.79392045454546,0,1.5537706264182e-16,2.5375,0,90
186,25.4000000000001,1,381.000000000001,0,0,15,0,0,0
186,25.4000000000001,2,146.748683528228,0,0,1.02857142857143,0,0,0
186,25.4000000000001,3,300.318327260351,2.79392045454546,0,1.5537706264182e-16,2.5375,0,90
186,25.4000000000001,4,299.466832272387,-0.363839044691101,0,14.9993899891142,0.135277324264869,0,0.516728320963432
186,25.4000000000001,5,364.293720491301,0,0,15,0,0,0
186,25.4000000000001,6,84.1037951668167,2.79392045454546,0,1.5537706264182e-16,2.5375,0,90
186,25.5000000000001,1,382.500000000001,0,0,15,0,0,0
186,25.5000000000001,2,146.748683528228,0,0,1.02857142857143,0,0,0
186,25.5000000000001,3,300.318327260351,2.79392045454546,0,1.5537706264182e-16,2.5375,0,90
186,25.5000000000001,4,299.466832272387,-0.363839044691101,0,14.9993899891142,0.135277324264869,0,0.516728320963432
186,25.5000000000001,5,364.293720491301,0,0,15,0,0,0
186,25.5000000000001,6,84.1037951668167,2.79392045454546,0,1.5537706264182e-16,2.5375,0,90
186,25.6000000000001,1,384.000000000001,0,0,15,0,0,0
186,25.6000000000001,2,146.748683528228,0,0,1.02857142857143,0,0,0
186,25.6000000000001,3,300.318327260351,2.79392045454546,0,1.5537706264182e-16,2.5375,0,90
186,25.6000000000001,4,299.466832272387,-0.363839044691101,0,14.9993899891142,0.135277324264869,0,0.516728320963432
186,25.6000000000001,5,364.293720491301,0,0,15,0,0,0
186,25.6000000000001,6,84.1037951668167,2.79392045454546,0,1.5537706264182e-16,2.5375,0,90
186,25.7000000000001,1,385.500000000001,0,0,15,0,0,0
186,25.7000000000001,2,146.748683528228,0,0,1.02857142857143,0,0,0
186,25.7000000000001,3,300.318327260351,2.79392045454546,0,1.5537706264182e-16,2.5375,0,90
186,25.7000000000001,4,299.466832272387,-0.363839044691101,0,14.9993899891142,0.135277324264869,0,0.516728320963432
186,25.7000000000001,5,364.293720491301,0,0,15,0,0,0
186,25.7000000000001,6,84.1037951668167,2.79392045454546,0,1.5537706264182e-16,2.5375,0,90
186,25.8000000000001,1,387.000000000001,0,0,15,0,0,0
186,25.8000000000001,2,146.748683528228,0,0,1.02857142857143,0,0,0
186,25.8000000000001,3,300.318327260351,2.79392045454546,0,1.5537706264182e-16,2.5375,0,90
186,25.8000000000001,4,299.466832272387,-0.363839044691101,0,14.9993899891142,0.135277324264869,0,0.516728320963432
186,25.8000000000001,5,364.293720491301,0,0,15,0,0,0
186,25.8000000000001,6,84.1037951668167,2.79392045454546,0,1.5537706264182e-16,2.5375,0,90
186,25.9000000000001,1,388.500000000001,0,0,15,0,0,0
186,25.9000000000001,2,146.748683528228,0,0,1.02857142857143,0,0,0
186,25.9000000000001,3,300.318327260351,2.79392045454546,0,1.5537706264182e-16,2.5375,0,90
186,25.9000000000001,4,299.466832272387,-0.363839044691101,0,14.9993899891142,0.135277324264869,0,0.516728320963432
186,25.9000000000001,5,364.293720491301,0,0,15,0,0,0
186,25.9000000000001,6,84.1037951668167,2.79392045454546,0,1.5537706264182e-16,2.5375,0,90
186,26.0000000000001,1,390.000000000001,0,0,15,0,0,0
186,26.0000000000001,2,146.748683528228,0,0,1.02857142857143,0,0,0
186,26.0000000000001,3,300.318327260351,2.79392045454546,0,1.5537706264182e-16,2.5375,0,90
186,26.0000000000001,4,299.466832272387,-0.363839044691101,0,14.9993899891142,0.135277324264869,0,0.516728320963432
186,26.0000000000001,5,364.293720491301,0,0,15,0,0,0
186,26.0000000000001,6,84.1037951668167,2.79392045454546,0,1.5537706264182e-16,2.5375,0,90
186,26.1000000000001,1,391.500000000001,0,0,15,0,0,0
186,26.1000000000001,2,146.748683528228,0,0,1.02857142857143,0,0,0
186,26.1000000000001,3,300.318327260351,2.79392045454546,0,1.5537706264182e-16,2.5375,0,90
186,26.1000000000001,4,299.466832272387,-0.363839044691101,0,14.9993899891142,0.135277324264869,0,0.516728320963432
186,26.1000000000001,5,364.293720491301,0,0,15,0,0,0
186,26.1000000000001,6,84.1037951668167,2.79392045454546,0,1.5537706264182e-16,2.5375,0,90
186,26.2000000000001,1,393.000000000002,0,0,15,0,0,0
186,26.2000000000001,2,146.748683528228,0,0,1.02857142857143,0,0,0
186,26.2000000000001,3,300.318327260351,2.79392045454546,0,1.5537706264182e-16,2.5375,0,90
186,26.2000000000001,4,299.466832272387,-0.363839044691101,0,14.9993899891142,0.135277324264869,0,0.516728320963432
186,26.2000000000001,5,364.293720491301,0,0,15,0,0,0
186,26.2000000000001,6,84.1037951668167,2.79392045454546,0,1.5537706264182e-16,2.5375,0,90
186,26.3000000000001,1,394.500000000002,0,0,15,0,0,0
186,26.3000000000001,2,146.748683528228,0,0,1.02857142857143,0,0,0
186,26.3000000000001,3,300.318327260351,2.79392045454546,0,1.5537706264182e-16,2.5375,0,90
186,26.3000000000001,4,299.466832272387,-0.363839044691101,0,14.9993899891142,0.135277324264869,0,0.516728320963432
186,26.3000000000001,5,364.293720491301,0,0,15,0,0,0
186,26.3000000000001,6,84.1037951668167,2.79392045454546,0,1.5537706264182e-16,2.5375,0,90
186,26.4000000000001,1,396.000000000002,0,0,15,0,0,0
186,26.4000000000001,2,146.748683528228,0,0,1.02857142857143,0,0,0
186,26.4000000000001,3,300.318327260351,2.79392045454546,0,1.5537706264182e-16,2.5375,0,90
186,26.4000000000001,4,299.466832272387,-0.363839044691101,0,14.9993899891142,0.135277324264869,0,0.516728320963432
186,26.4000000000001,5,364.293720491301,0,0,15,0,0,0
186,26.4000000000001,6,84.1037951668167,2.79392045454546,0,1.5537706264182e-16,2.5375,0,90
186,26.5000000000001,1,397.500000000002,0,0,15,0,0,0
186,26.5000000000001,2,146.748683528228,0,0,1.02857142857143,0,0,0
186,26.5000000000001,3,300.318327260351,2.79392045454546,0,1.5537706264182e-16,2.5375,0,90
186,26.5000000000001,4,299.466832272387,-0.363839044691101,0,14.9993899891142,0.135277324264869,0,0.516728320963432
186,26.5000000000001,5,364.293720491301,0,0,15,0,0,0
186,26.5000000000001,6,84.1037951668167,2.79392045454546,0,1.5537706264182e-16,2.5375,0,90
186,26.6000000000001,1,399.000000000002,0,0,15,0,0,0
186,26.6000000000001,2,146.748683528228,0,0,1.02857142857143,0,0,0
186,26.6000000000001,3,300.318327260351,2.79392045454546,0,1.5537706264182e-16,2.5375,0,90
186,26.6000000000001,4,299.466832272387,-0.363839044691101,0,14.9993899891142,0.135277324264869,0,0.516728320963432
186,26.6000000000001,5,364.293720491301,0,0,15,0,0,0
186,26.6000000000001,6,84.1037951668167,2.79392045454546,0,1.5537706264182e-16,2.5375,0,90
186,26.7000000000001,1,399.000000000002,0,0,15,0,0,0
186,26.7000000000001,2,146.748683528228,0,0,1.02857142857143,0,0,0
186,26.7000000000001,3,300.318327260351,2.79392045454546,0,1.5537706264182e-16,2.5375,0,90
186,26.7000000000001,4,299.466832272387,-0.363839044691101,0,14.9993899891142,0.135277324264869,0,0.516728320963432
186,26.7000000000001,5,364.293720491301,0,0,15,0,0,0
186,26.7000000000001,6,84.1037951668167,2.79392045454546,0,1.5537706264182e-16,2.5375,0,90
186,26.8000000000001,1,399.000000000002,0,0,15,0,0,0
186,26.8000000000001,2,146.748683528228,0,0,1.02857142857143,0,0,0
186,26.8000000000001,3,300.318327260351,2.79392045454546,0,1.5537706264182e-16,2.5375,0,90
186,26.8000000000001,4,299.466832272387,-0.363839044691101,0,14.9993899891142,0.135277324264869,0,0.516728320963432
186,26.8000000000001,5,364.293720491301,0,0,15,0,0,0
186,26.8000000000001,6,84.1037951668167,2.79392045454546,0,1.5537706264182e-16,2.5375,0,90
186,26.9000000000001,1,399.000000000002,0,0,15,0,0,0
186,26.9000000000001,2,146.748683528228,0,0,1.02857142857143,0,0,0
186,26.9000000000001,3,300.318327260351,2.79392045454546,0,1.5537706264182e-16,2.5375,0,90
186,26.9000000000001,4,299.466832272387,-0.363839044691101,0,14.9993899891142,0.135277324264869,0,0.516728320963432
186,26.9000000000001,5,364.293720491301,0,0,15,0,0,0
186,26.9000000000001,6,84.1037951668167,2.79392045454546,0,1.5537706264182e-16,2.5375,0,90
186,27.0000000000001,1,399.000000000002,0,0,15,0,0,0
186,27.0000000000001,2,146.748683528228,0,0,1.02857142857143,0,0,0
186,27.0000000000001,3,300.318327260351,2.79392045454546,0,1.5537706264182e-16,2.5375,0,90
186,27.0000000000001,4,299.466832272387,-0.363839044691101,0,14.9993899891142,0.135277324264869,0,0.516728320963432
186,27.0000000000001,5,364.293720491301,0,0,15,0,0,0
186,27.0000000000001,6,84.1037951668167,2.79392045454546,0,1.5537706264182e-16,2.5375,0,90
186,27.1000000000001,1,399.000000000002,0,0,15,0,0,0
186,27.1000000000001,2,146.748683528228,0,0,1.02857142857143,0,0,0
186,27.1000000000001,3,300.318327260351,2.79392045454546,0,1.5537706264182e-16,2.5375,0,90
186,27.1000000000001,4,299.466832272387,-0.363839044691101,0,14.9993899891142,0.135277324264869,0,0.516728320963432
186,27.1000000000001,5,364.293720491301,0,0,15,0,0,0
186,27.1000000000001,6,84.1037951668167,2.79392045454546,0,1.5537706264182e-16,2.5375,0,90
186,27.2000000000001,1,399.000000000002,0,0,15,0,0,0
186,27.2000000000001,2,146.748683528228,0,0,1.02857142857143,0,0,0
186,27.2000000000001,3,300.318327260351,2.79392045454546,0,1.5537706264182e-16,2.5375,0,90
186,27.2000000000001,4,299.466832272387,-0.363839044691101,0,14.9993899891142,0.135277324264869,0,0.516728320963432
186,27.2000000000001,5,364.293720491301,0,0,15,0,0,0
186,27.2000000000001,6,84.1037951668167,2.79392045454546,0,1.5537706264182e-16,2.5375,0,90
186,27.3000000000001,1,399.000000000002,0,0,15,0,0,0
186,27.3000000000001,2,146.748683528228,0,0,1.02857142857143,0,0,0
186,27.3000000000001,3,300.318327260351,2.79392045454546,0,1.5537706264182e-16,2.5375,0,90
186,27.3000000000001,4,299.466832272387,-0.363839044691101,0,14.9993899891142,0.135277324264869,0,0.516728320963432
186,27.3000000000001,5,364.293720491301,0,0,15,0,0,0
186,27.3000000000001,6,84.1037951668167,2.79392045454546,0,1.5537706264182e-16,2.5375,0,90
186,27.4000000000001,1,399.000000000002,0,0,15,0,0,0
186,27.4000000000001,2,146.748683528228,0,0,1.02857142857143,0,0,0
186,27.4000000000001,3,300.318327260351,2.79392045454546,0,1.5537706264182e-16,2.5375,0,90
186,27.4000000000001,4,299.466832272387,-0.363839044691101,0,14.9993899891142,0.135277324264869,0,0.516728320963432
186,27.4000000000001,5,364.293720491301,0,0,15,0,0,0
186,27.4000000000001,6,84.1037951668167,2.79392045454546,0,1.5537706264182e-16,2.5375,0,90
186,27.5000000000001,1,399.000000000002,0,0,15,0,0,0
186,27.5000000000001,2,146.748683528228,0,0,1.02857142857143,0,0,0
186,27.5000000000001,3,300.318327260351,2.79392045454546,0,1.5537706264182e-16,2.5375,0,90
186,27.5000000000001,4,299.466832272387,-0.363839044691101,0,14.9993899891142,0.135277324264869,0,0.516728320963432
186,27.5000000000001,5,364.293720491301,0,0,15,0,0,0
186,27.5000000000001,6,84.1037951668167,2.79392045454546,0,1.5537706264182e-16,2.5375,0,90
186,27.6000000000001,1,399.000000000002,0,0,15,0,0,0
186,27.6000000000001,2,146.748683528228,0,0,1.02857142857143,0,0,0
186,27.6000000000001,3,300.318327260351,2.79392045454546,0,1.5537706264182e-16,2.5375,0,90
186,27.6000000000001,4,299.466832272387,-0.363839044691101,0,14.9993899891142,0.135277324264869,0,0.516728320963432
186,27.6000000000001,5,364.293720491301,0,0,15,0,0,0
186,27.6000000000001,6,84.1037951668167,2.79392045454546,0,1.5537706264182e-16,2.5375,0,90
186,27.7000000000001,1,399.000000000002,0,0,15,0,0,0
186,27.7000000000001,2,146.748683528228,0,0,1.02857142857143,0,0,0
186,27.7000000000001,3,300.318327260351,2.79392045454546,0,1.5537706264182e-16,2.5375,0,90
186,27.7000000000001,4,299.466832272387,-0.363839044691101,0,14.9993899891142,0.135277324264869,0,0.516728320963432
186,27.7000000000001,5,364.293720491301,0,0,15,0,0,0
186,27.7000000000001,6,84.1037951668167,2.79392045454546,0,1.5537706264182e-16,2.5375,0,90
186,27.8000000000001,1,399.000000000002,0,0,15,0,0,0
186,27.8000000000001,2,146.748683528228,0,0,1.02857142857143,0,0,0
186,27.8000000000001,3,300.318327260351,2.79392045454546,0,1.5537706264182e-16,2.5375,0,90
186,27.8000000000001,4,299.466832272387,-0.363839044691101,0,14.9993899891142,0.135277324264869,0,0.516728320963432
186,27.8000000000001,5,364.293720491301,0,0,15,0,0,0
186,27.8000000000001,6,84.1037951668167,2.79392045454546,0,1.5537706264182e-16,2.5375,0,90
186,27.9000000000001,1,399.000000000002,0,0,15,0,0,0
186,27.9000000000001,2,146.748683528228,0,0,1.02857142857143,0,0,0
186,27.9000000000001,3,300.318327260351,2.79392045454546,0,1.5537706264182e-16,2.5375,0,90
186,27.9000000000001,4,299.466832272387,-0.363839044691101,0,14.9993899891142,0.135277324264869,0,0.516728320963432
186,27.9000000000001,5,364.293720491301,0,0,15,0,0,0
186,27.9000000000001,6,84.1037951668167,2.79392045454546,0,1.5537706264182e-16,2.5375,0,90
186,28.0000000000001,1,399.000000000002,0,0,15,0,0,0
186,28.0000000000001,2,146.748683528228,0,0,1.02857142857143,0,0,0
186,28.0000000000001,3,300.318327260351,2.79392045454546,0,1.5537706264182e-16,2.5375,0,90
186,28.0000000000001,4,299.466832272387,-0.363839044691101,0,14.9993899891142,0.135277324264869,0,0.516728320963432
186,28.0000000000001,5,364.293720491301,0,0,15,0,0,0
186,28.0000000000001,6,84.1037951668167,2.79392045454546,0,1.5537706264182e-16,2.5375,0,90
186,28.1000000000001,1,399.000000000002,0,0,15,0,0,0
186,28.1000000000001,2,146.748683528228,0,0,1.02857142857143,0,0,0
186,28.1000000000001,3,300.318327260351,2.79392045454546,0,1.5537706264182e-16,2.5375,0,90
186,28.1000000000001,4,299.466832272387,-0.363839044691101,0,14.9993899891142,0.135277324264869,0,0.516728320963432
186,28.1000000000001,5,364.293720491301,0,0,15,0,0,0
186,28.1000000000001,6,84.1037951668167,2.79392045454546,0,1.5537706264182e-16,2.5375,0,90
186,28.2000000000001,1,399.000000000002,0,0,15,0,0,0
186,28.2000000000001,2,146.748683528228,0,0,1.02857142857143,0,0,0
186,28.2000000000001,3,300.318327260351,2.79392045454546,0,1.5537706264182e-16,2.5375,0,90
186,28.2000000000001,4,299.466832272387,-0.363839044691101,0,14.9993899891142,0.135277324264869,0,0.516728320963432
186,28.2000000000001,5,364.293720491301,0,0,15,0,0,0
186,28.2000000000001,6,84.1037951668167,2.79392045454546,0,1.5537706264182e-16,2.5375,0,90
186,28.3000000000001,1,399.000000000002,0,0,15,0,0,0
186,28.3000000000001,2,146.748683528228,0,0,1.02857142857143,0,0,0
186,28.3000000000001,3,300.318327260351,2.79392045454546,0,1.5537706264182e-16,2.5375,0,90
186,28.3000000000001,4,299.466832272387,-0.363839044691101,0,14.9993899891142,0.135277324264869,0,0.516728320963432
186,28.3000000000001,5,364.293720491301,0,0,15,0,0,0
186,28.3000000000001,6,84.1037951668167,2.79392045454546,0,1.5537706264182e-16,2.5375,0,90
186,28.4000000000001,1,399.000000000002,0,0,15,0,0,0
186,28.4000000000001,2,146.748683528228,0,0,1.02857142857143,0,0,0
186,28.4000000000001,3,300.318327260351,2.79392045454546,0,1.5537706264182e-16,2.5375,0,90
186,28.4000000000001,4,299.466832272387,-0.363839044691101,0,14.9993899891142,0.135277324264869,0,0.516728320963432
186,28.4000000000001,5,364.293720491301,0,0,15,0,0,0
186,28.4000000000001,6,84.1037951668167,2.79392045454546,0,1.5537706264182e-16,2.5375,0,90
186,28.5000000000001,1,399.000000000002,0,0,15,0,0,0
186,28.5000000000001,2,146.748683528228,0,0,1.02857142857143,0,0,0
186,28.5000000000001,3,300.318327260351,2.79392045454546,0,1.5537706264182e-16,2.5375,0,90
186,28.5000000000001,4,299.466832272387,-0.363839044691101,0,14.9993899891142,0.135277324264869,0,0.516728320963432
186,28.5000000000001,5,364.293720491301,0,0,15,0,0,0
186,28.5000000000001,6,84.1037951668167,2.79392045454546,0,1.5537706264182e-16,2.5375,0,90
186,28.6000000000001,1,399.000000000002,0,0,15,0,0,0
186,28.6000000000001,2,146.748683528228,0,0,1.02857142857143,0,0,0
186,28.6000000000001,3,300.318327260351,2.79392045454546,0,1.5537706264182e-16,2.5375,0,90
186,28.6000000000001,4,299.466832272387,-0.363839044691101,0,14.9993899891142,0.135277324264869,0,0.516728320963432
186,28.6000000000001,5,364.293720491301,0,0,15,0,0,0
186,28.6000000000001,6,84.1037951668167,2.79392045454546,0,1.5537706264182e-16,2.5375,0,90
186,28.7000000000001,1,399.000000000002,0,0,15,0,0,0
186,28.7000000000001,2,146.748683528228,0,0,1.02857142857143,0,0,0
186,28.7000000000001,3,300.318327260351,2.79392045454546,0,1.5537706264182e-16,2.5375,0,90
186,28.7000000000001,4,299.466832272387,-0.363839044691101,0,14.9993899891142,0.135277324264869,0,0.516728320963432
186,28.7000000000001,5,364.293720491301,0,0,15,0,0,0
186,28.7000000000001,6,84.1037951668167,2.79392045454546,0,1.5537706264182e-16,2.5375,0,90
186,28.8000000000001,1,399.000000000002,0,0,15,0,0,0
186,28.8000000000001,2,146.748683528228,0,0,1.02857142857143,0,0,0
186,28.8000000000001,3,300.318327260351,2.79392045454546,0,1.5537706264182e-16,2.5375,0,90
186,28.8000000000001,4,299.466832272387,-0.363839044691101,0,14.9993899891142,0.135277324264869,0,0.516728320963432
186,28.8000000000001,5,364.293720491301,0,0,15,0,0,0
186,28.8000000000001,6,84.1037951668167,2.79392045454546,0,1.5537706264182e-16,2.5375,0,90
186,28.9000000000001,1,399.000000000002,0,0,15,0,0,0
186,28.9000000000001,2,146.748683528228,0,0,1.02857142857143,0,0,0
186,28.9000000000001,3,300.318327260351,2.79392045454546,0,1.5537706264182e-16,2.5375,0,90
186,28.9000000000001,4,299.466832272387,-0.363839044691101,0,14.9993899891142,0.135277324264869,0,0.516728320963432
186,28.9000000000001,5,364.293720491301,0,0,15,0,0,0
186,28.9000000000001,6,84.1037951668167,2.79392045454546,0,1.5537706264182e-16,2.5375,0,90
186,29.0000000000001,1,399.000000000002,0,0,15,0,0,0
186,29.0000000000001,2,146.748683528228,0,0,1.02857142857143,0,0,0
186,29.0000000000001,3,300.318327260351,2.79392045454546,0,1.5537706264182e-16,2.5375,0,90
186,29.0000000000001,4,299.466832272387,-0.363839044691101,0,14.9993899891142,0.135277324264869,0,0.516728320963432
186,29.0000000000001,5,364.293720491301,0,0,15,0,0,0
186,29.0000000000001,6,84.1037951668167,2.79392045454546,0,1.5537706264182e-16,2.5375,0,90
186,29.1000000000001,1,399.000000000002,0,0,15,0,0,0
186,29.1000000000001,2,146.748683528228,0,0,1.02857142857143,0,0,0
186,29.1000000000001,3,300.318327260351,2.79392045454546,0,1.5537706264182e-16,2.5375,0,90
186,29.1000000000001,4,299.466832272387,-0.363839044691101,0,14.9993899891142,0.135277324264869,0,0.516728320963432
186,29.1000000000001,5,364.293720491301,0,0,15,0,0,0
186,29.1000000000001,6,84.1037951668167,2.79392045454546,0,1.5537706264182e-16,2.5375,0,90
186,29.2000000000001,1,399.000000000002,0,0,15,0,0,0
186,29.2000000000001,2,146.748683528228,0,0,1.02857142857143,0,0,0
186,29.2000000000001,3,300.318327260351,2.79392045454546,0,1.5537706264182e-16,2.5375,0,90
186,29.2000000000001,4,299.466832272387,-0.363839044691101,0,14.9993899891142,0.135277324264869,0,0.516728320963432
186,29.2000000000001,5,364.293720491301,0,0,15,0,0,0
186,29.2000000000001,6,84.1037951668167,2.79392045454546,0,1.5537706264182e-16,2.5375,0,90
186,29.3000000000001,1,399.000000000002,0,0,15,0,0,0
186,29.3000000000001,2,146.748683528228,0,0,1.02857142857143,0,0,0
186,29.3000000000001,3,300.318327260351,2.79392045454546,0,1.5537706264182e-16,2.5375,0,90
186,29.3000000000001,4,299.466832272387,-0.363839044691101,0,14.9993899891142,0.135277324264869,0,0.516728320963432
186,29.3000000000001,5,364.293720491301,0,0,15,0,0,0
186,29.3000000000001,6,84.1037951668167,2.79392045454546,0,1.5537706264182e-16,2.5375,0,90
186,29.4000000000001,1,399.000000000002,0,0,15,0,0,0
186,29.4000000000001,2,146.748683528228,0,0,1.02857142857143,0,0,0
186,29.4000000000001,3,300.318327260351,2.79392045454546,0,1.5537706264182e-16,2.5375,0,90
186,29.4000000000001,4,299.466832272387,-0.363839044691101,0,14.9993899891142,0.135277324264869,0,0.516728320963432
186,29.4000000000001,5,364.293720491301,0,0,15,0,0,0
186,29.4000000000001,6,84.1037951668167,2.79392045454546,0,1.5537706264182e-16,2.5375,0,90
186,29.5000000000001,1,399.000000000002,0,0,15,0,0,0
186,29.5000000000001,2,146.748683528228,0,0,1.02857142857143,0,0,0
186,29.5000000000001,3,300.318327260351,2.79392045454546,0,1.5537706264182e-16,2.5375,0,90
186,29.5000000000001,4,299.466832272387,-0.363839044691101,0,14.9993899891142,0.135277324264869,0,0.516728320963432
186,29.5000000000001,5,364.293720491301,0,0,15,0,0,0
186,29.5000000000001,6,84.1037951668167,2.79392045454546,0,1.5537706264182e-16,2.5375,0,90
186,29.6000000000002,1,399.000000000002,0,0,15,0,0,0
186,29.6000000000002,2,146.748683528228,0,0,1.02857142857143,0,0,0
186,29.6000000000002,3,300.318327260351,2.79392045454546,0,1.5537706264182e-16,2.5375,0,90
186,29.6000000000002,4,299.466832272387,-0.363839044691101,0,14.9993899891142,0.135277324264869,0,0.516728320963432
186,29.6000000000002,5,364.293720491301,0,0,15,0,0,0
186,29.6000000000002,6,84.1037951668167,2.79392045454546,0,1.5537706264182e-16,2.5375,0,90
186,29.7000000000002,1,399.000000000002,0,0,15,0,0,0
186,29.7000000000002,2,146.748683528228,0,0,1.02857142857143,0,0,0
186,29.7000000000002,3,300.318327260351,2.79392045454546,0,1.5537706264182e-16,2.5375,0,90
186,29.7000000000002,4,299.466832272387,-0.363839044691101,0,14.9993899891142,0.135277324264869,0,0.516728320963432
186,29.7000000000002,5,364.293720491301,0,0,15,0,0,0
186,29.7000000000002,6,84.1037951668167,2.79392045454546,0,1.5537706264182e-16,2.5375,0,90
186,29.8000000000002,1,399.000000000002,0,0,15,0,0,0
186,29.8000000000002,2,146.748683528228,0,0,1.02857142857143,0,0,0
186,29.8000000000002,3,300.318327260351,2.79392045454546,0,1.5537706264182e-16,2.5375,0,90
186,29.8000000000002,4,299.466832272387,-0.363839044691101,0,14.9993899891142,0.135277324264869,0,0.516728320963432
186,29.8000000000002,5,364.293720491301,0,0,15,0,0,0
186,29.8000000000002,6,84.1037951668167,2.79392045454546,0,1.5537706264182e-16,2.5375,0,90
186,29.9000000000002,1,399.000000000002,0,0,15,0,0,0
186,29.9000000000002,2,146.748683528228,0,0,1.02857142857143,0,0,0
186,29.9000000000002,3,300.318327260351,2.79392045454546,0,1.5537706264182e-16,2.5375,0,90
186,29.9000000000002,4,299.466832272387,-0.363839044691101,0,14.9993899891142,0.135277324264869,0,0.516728320963432
186,29.9000000000002,5,364.293720491301,0,0,15,0,0,0
186,29.9000000000002,6,84.1037951668167,2.79392045454546,0,1.5537706264182e-16,2.5375,0,90
186,30.0000000000002,1,399.000000000002,0,0,15,0,0,0
186,30.0000000000002,2,146.748683528228,0,0,1.02857142857143,0,0,0
186,30.0000000000002,3,300.318327260351,2.79392045454546,0,1.5537706264182e-16,2.5375,0,90
186,30.0000000000002,4,299.466832272387,-0.363839044691101,0,14.9993899891142,0.135277324264869,0,0.516728320963432
186,30.0000000000002,5,364.293720491301,0,0,15,0,0,0
186,30.0000000000002,6,84.1037951668167,2.79392045454546,0,1.5537706264182e-16,2.5375,0,90
186,30.1000000000002,1,399.000000000002,0,0,15,0,0,0
186,30.1000000000002,2,146.748683528228,0,0,1.02857142857143,0,0,0
186,30.1000000000002,3,300.318327260351,2.79392045454546,0,1.5537706264182e-16,2.5375,0,90
186,30.1000000000002,4,299.466832272387,-0.363839044691101,0,14.9993899891142,0.135277324264869,0,0.516728320963432
186,30.1000000000002,5,364.293720491301,0,0,15,0,0,0
186,30.1000000000002,6,84.1037951668167,2.79392045454546,0,1.5537706264182e-16,2.5375,0,90
186,30.2000000000002,1,399.000000000002,0,0,15,0,0,0
186,30.2000000000002,2,146.748683528228,0,0,1.02857142857143,0,0,0
186,30.2000000000002,3,300.318327260351,2.79392045454546,0,1.5537706264182e-16,2.5375,0,90
186,30.2000000000002,4,299.466832272387,-0.363839044691101,0,14.9993899891142,0.135277324264869,0,0.516728320963432
186,30.2000000000002,5,364.293720491301,0,0,15,0,0,0
186,30.2000000000002,6,84.1037951668167,2.79392045454546,0,1.5537706264182e-16,2.5375,0,90
186,30.3000000000002,1,399.000000000002,0,0,15,0,0,0
186,30.3000000000002,2,146.748683528228,0,0,1.02857142857143,0,0,0
186,30.3000000000002,3,300.318327260351,2.79392045454546,0,1.5537706264182e-16,2.5375,0,90
186,30.3000000000002,4,299.466832272387,-0.363839044691101,0,14.9993899891142,0.135277324264869,0,0.516728320963432
186,30.3000000000002,5,364.293720491301,0,0,15,0,0,0
186,30.3000000000002,6,84.1037951668167,2.79392045454546,0,1.5537706264182e-16,2.5375,0,90
186,30.4000000000002,1,399.000000000002,0,0,15,0,0,0
186,30.4000000000002,2,146.748683528228,0,0,1.02857142857143,0,0,0
186,30.4000000000002,3,300.318327260351,2.79392045454546,0,1.5537706264182e-16,2.5375,0,90
186,30.4000000000002,4,299.466832272387,-0.363839044691101,0,14.9993899891142,0.135277324264869,0,0.516728320963432
186,30.4000000000002,5,364.293720491301,0,0,15,0,0,0
186,30.4000000000002,6,84.1037951668167,2.79392045454546,0,1.5537706264182e-16,2.5375,0,90
186,30.5000000000002,1,399.000000000002,0,0,15,0,0,0
186,30.5000000000002,2,146.748683528228,0,0,1.02857142857143,0,0,0
186,30.5000000000002,3,300.318327260351,2.79392045454546,0,1.5537706264182e-16,2.5375,0,90
186,30.5000000000002,4,299.466832272387,-0.363839044691101,0,14.9993899891142,0.135277324264869,0,0.516728320963432
186,30.5000000000002,5,364.293720491301,0,0,15,0,0,0
186,30.5000000000002,6,84.1037951668167,2.79392045454546,0,1.5537706264182e-16,2.5375,0,90
186,30.6000000000002,1,399.000000000002,0,0,15,0,0,0
186,30.6000000000002,2,146.748683528228,0,0,1.02857142857143,0,0,0
186,30.6000000000002,3,300.318327260351,2.79392045454546,0,1.5537706264182e-16,2.5375,0,90
186,30.6000000000002,4,299.466832272387,-0.363839044691101,0,14.9993899891142,0.135277324264869,0,0.516728320963432
186,30.6000000000002,5,364.293720491301,0,0,15,0,0,0
186,30.6000000000002,6,84.1037951668167,2.79392045454546,0,1.5537706264182e-16,2.5375,0,90
186,30.7000000000002,1,399.000000000002,0,0,15,0,0,0
186,30.7000000000002,2,146.748683528228,0,0,1.02857142857143,0,0,0
186,30.7000000000002,3,300.318327260351,2.79392045454546,0,1.5537706264182e-16,2.5375,0,90
186,30.7000000000002,4,299.466832272387,-0.363839044691101,0,14.9993899891142,0.135277324264869,0,0.516728320963432
186,30.7000000000002,5,364.293720491301,0,0,15,0,0,0
186,30.7000000000002,6,84.1037951668167,2.79392045454546,0,1.5537706264182e-16,2.5375,0,90
186,30.8000000000002,1,399.000000000002,0,0,15,0,0,0
186,30.8000000000002,2,146.748683528228,0,0,1.02857142857143,0,0,0
186,30.8000000000002,3,300.318327260351,2.79392045454546,0,1.5537706264182e-16,2.5375,0,90
186,30.8000000000002,4,299.466832272387,-0.363839044691101,0,14.9993899891142,0.135277324264869,0,0.516728320963432
186,30.8000000000002,5,364.293720491301,0,0,15,0,0,0
186,30.8000000000002,6,84.1037951668167,2.79392045454546,0,1.5537706264182e-16,2.5375,0,90
186,30.9000000000002,1,399.000000000002,0,0,15,0,0,0
186,30.9000000000002,2,146.748683528228,0,0,1.02857142857143,0,0,0
186,30.9000000000002,3,300.318327260351,2.79392045454546,0,1.5537706264182e-16,2.5375,0,90
186,30.9000000000002,4,299.466832272387,-0.363839044691101,0,14.9993899891142,0.135277324264869,0,0.516728320963432
186,30.9000000000002,5,364.293720491301,0,0,15,0,0,0
186,30.9000000000002,6,84.1037951668167,2.79392045454546,0,1.5537706264182e-16,2.5375,0,90
186,31.0000000000002,1,399.000000000002,0,0,15,0,0,0
186,31.0000000000002,2,146.748683528228,0,0,1.02857142857143,0,0,0
186,31.0000000000002,3,300.318327260351,2.79392045454546,0,1.5537706264182e-16,2.5375,0,90
186,31.0000000000002,4,299.466832272387,-0.363839044691101,0,14.9993899891142,0.135277324264869,0,0.516728320963432
186,31.0000000000002,5,364.293720491301,0,0,15,0,0,0
186,31.0000000000002,6,84.1037951668167,2.79392045454546,0,1.5537706264182e-16,2.5375,0,90
186,31.1000000000002,1,399.000000000002,0,0,15,0,0,0
186,31.1000000000002,2,146.748683528228,0,0,1.02857142857143,0,0,0
186,31.1000000000002,3,300.318327260351,2.79392045454546,0,1.5537706264182e-16,2.5375,0,90
186,31.1000000000002,4,299.466832272387,-0.363839044691101,0,14.9993899891142,0.135277324264869,0,0.516728320963432
186,31.1000000000002,5,364.293720491301,0,0,15,0,0,0
186,31.1000000000002,6,84.1037951668167,2.79392045454546,0,1.5537706264182e-16,2.5375,0,90
186,31.2000000000002,1,399.000000000002,0,0,15,0,0,0
186,31.2000000000002,2,146.748683528228,0,0,1.02857142857143,0,0,0
186,31.2000000000002,3,300.318327260351,2.79392045454546,0,1.5537706264182e-16,2.5375,0,90
186,31.2000000000002,4,299.466832272387,-0.363839044691101,0,14.9993899891142,0.135277324264869,0,0.516728320963432
186,31.2000000000002,5,364.293720491301,0,0,15,0,0,0
186,31.2000000000002,6,84.1037951668167,2.79392045454546,0,1.5537706264182e-16,2.5375,0,90
186,31.3000000000002,1,399.000000000002,0,0,15,0,0,0
186,31.3000000000002,2,146.748683528228,0,0,1.02857142857143,0,0,0
186,31.3000000000002,3,300.318327260351,2.79392045454546,0,1.5537706264182e-16,2.5375,0,90
186,31.3000000000002,4,299.466832272387,-0.363839044691101,0,14.9993899891142,0.135277324264869,0,0.516728320963432
186,31.3000000000002,5,364.293720491301,0,0,15,0,0,0
186,31.3000000000002,6,84.1037951668167,2.79392045454546,0,1.5537706264182e-16,2.5375,0,90
186,31.4000000000002,1,399.000000000002,0,0,15,0,0,0
186,31.4000000000002,2,146.748683528228,0,0,1.02857142857143,0,0,0
186,31.4000000000002,3,300.318327260351,2.79392045454546,0,1.5537706264182e-16,2.5375,0,90
186,31.4000000000002,4,299.466832272387,-0.363839044691101,0,14.9993899891142,0.135277324264869,0,0.516728320963432
186,31.4000000000002,5,364.293720491301,0,0,15,0,0,0
186,31.4000000000002,6,84.1037951668167,2.79392045454546,0,1.5537706264182e-16,2.5375,0,90
186,31.5000000000002,1,399.000000000002,0,0,15,0,0,0
186,31.5000000000002,2,146.748683528228,0,0,1.02857142857143,0,0,0
186,31.5000000000002,3,300.318327260351,2.79392045454546,0,1.5537706264182e-16,2.5375,0,90
186,31.5000000000002,4,299.466832272387,-0.363839044691101,0,14.9993899891142,0.135277324264869,0,0.516728320963432
186,31.5000000000002,5,364.293720491301,0,0,15,0,0,0
186,31.5000000000002,6,84.1037951668167,2.79392045454546,0,1.5537706264182e-16,2.5375,0,90
186,31.6000000000002,1,399.000000000002,0,0,15,0,0,0
186,31.6000000000002,2,146.748683528228,0,0,1.02857142857143,0,0,0
186,31.6000000000002,3,300.318327260351,2.79392045454546,0,1.5537706264182e-16,2.5375,0,90
186,31.6000000000002,4,299.466832272387,-0.363839044691101,0,14.9993899891142,0.135277324264869,0,0.516728320963432
186,31.6000000000002,5,364.293720491301,0,0,15,0,0,0
186,31.6000000000002,6,84.1037951668167,2.79392045454546,0,1.5537706264182e-16,2.5375,0,90
186,31.7000000000002,1,399.000000000002,0,0,15,0,0,0
186,31.7000000000002,2,146.748683528228,0,0,1.02857142857143,0,0,0
186,31.7000000000002,3,300.318327260351,2.79392045454546,0,1.5537706264182e-16,2.5375,0,90
186,31.7000000000002,4,299.466832272387,-0.363839044691101,0,14.9993899891142,0.135277324264869,0,0.516728320963432
186,31.7000000000002,5,364.293720491301,0,0,15,0,0,0
186,31.7000000000002,6,84.1037951668167,2.79392045454546,0,1.5537706264182e-16,2.5375,0,90
186,31.8000000000002,1,399.000000000002,0,0,15,0,0,0
186,31.8000000000002,2,146.748683528228,0,0,1.02857142857143,0,0,0
186,31.8000000000002,3,300.318327260351,2.79392045454546,0,1.5537706264182e-16,2.5375,0,90
186,31.8000000000002,4,299.466832272387,-0.363839044691101,0,14.9993899891142,0.135277324264869,0,0.516728320963432
186,31.8000000000002,5,364.293720491301,0,0,15,0,0,0
186,31.8000000000002,6,84.1037951668167,2.79392045454546,0,1.5537706264182e-16,2.5375,0,90
186,31.9000000000002,1,399.000000000002,0,0,15,0,0,0
186,31.9000000000002,2,146.748683528228,0,0,1.02857142857143,0,0,0
186,31.9000000000002,3,300.318327260351,2.79392045454546,0,1.5537706264182e-16,2.5375,0,90
186,31.9000000000002,4,299.466832272387,-0.363839044691101,0,14.9993899891142,0.135277324264869,0,0.516728320963432
186,31.9000000000002,5,364.293720491301,0,0,15,0,0,0
186,31.9000000000002,6,84.1037951668167,2.79392045454546,0,1.5537706264182e-16,2.5375,0,90
186,32.0000000000002,1,399.000000000002,0,0,15,0,0,0
186,32.0000000000002,2,146.748683528228,0,0,1.02857142857143,0,0,0
186,32.0000000000002,3,300.318327260351,2.79392045454546,0,1.5537706264182e-16,2.5375,0,90
186,32.0000000000002,4,299.466832272387,-0.363839044691101,0,14.9993899891142,0.135277324264869,0,0.516728320963432
186,32.0000000000002,5,364.293720491301,0,0,15,0,0,0
186,32.0000000000002,6,84.1037951668167,2.79392045454546,0,1.5537706264182e-16,2.5375,0,90
186,32.1000000000002,1,399.000000000002,0,0,15,0,0,0
186,32.1000000000002,2,146.748683528228,0,0,1.02857142857143,0,0,0
186,32.1000000000002,3,300.318327260351,2.79392045454546,0,1.5537706264182e-16,2.5375,0,90
186,32.1000000000002,4,299.466832272387,-0.363839044691101,0,14.9993899891142,0.135277324264869,0,0.516728320963432
186,32.1000000000002,5,364.293720491301,0,0,15,0,0,0
186,32.1000000000002,6,84.1037951668167,2.79392045454546,0,1.5537706264182e-16,2.5375,0,90
186,32.2000000000002,1,399.000000000002,0,0,15,0,0,0
186,32.2000000000002,2,146.748683528228,0,0,1.02857142857143,0,0,0
186,32.2000000000002,3,300.318327260351,2.79392045454546,0,1.5537706264182e-16,2.5375,0,90
186,32.2000000000002,4,299.466832272387,-0.363839044691101,0,14.9993899891142,0.135277324264869,0,0.516728320963432
186,32.2000000000002,5,364.293720491301,0,0,15,0,0,0
186,32.2000000000002,6,84.1037951668167,2.79392045454546,0,1.5537706264182e-16,2.5375,0,90
186,32.3000000000002,1,399.000000000002,0,0,15,0,0,0
186,32.3000000000002,2,146.748683528228,0,0,1.02857142857143,0,0,0
186,32.3000000000002,3,300.318327260351,2.79392045454546,0,1.5537706264182e-16,2.5375,0,90
186,32.3000000000002,4,299.466832272387,-0.363839044691101,0,14.9993899891142,0.135277324264869,0,0.516728320963432
186,32.3000000000002,5,364.293720491301,0,0,15,0,0,0
186,32.3000000000002,6,84.1037951668167,2.79392045454546,0,1.5537706264182e-16,2.5375,0,90
186,32.4000000000002,1,399.000000000002,0,0,15,0,0,0
186,32.4000000000002,2,146.748683528228,0,0,1.02857142857143,0,0,0
186,32.4000000000002,3,300.318327260351,2.79392045454546,0,1.5537706264182e-16,2.5375,0,90
186,32.4000000000002,4,299.466832272387,-0.363839044691101,0,14.9993899891142,0.135277324264869,0,0.516728320963432
186,32.4000000000002,5,364.293720491301,0,0,15,0,0,0
186,32.4000000000002,6,84.1037951668167,2.79392045454546,0,1.5537706264182e-16,2.5375,0,90
186,32.5000000000002,1,399.000000000002,0,0,15,0,0,0
186,32.5000000000002,2,146.748683528228,0,0,1.02857142857143,0,0,0
186,32.5000000000002,3,300.318327260351,2.79392045454546,0,1.5537706264182e-16,2.5375,0,90
186,32.5000000000002,4,299.466832272387,-0.363839044691101,0,14.9993899891142,0.135277324264869,0,0.516728320963432
186,32.5000000000002,5,364.293720491301,0,0,15,0,0,0
186,32.5000000000002,6,84.1037951668167,2.79392045454546,0,1.5537706264182e-16,2.5375,0,90
186,32.6000000000002,1,399.000000000002,0,0,15,0,0,0
186,32.6000000000002,2,146.748683528228,0,0,1.02857142857143,0,0,0
186,32.6000000000002,3,300.318327260351,2.79392045454546,0,1.5537706264182e-16,2.5375,0,90
186,32.6000000000002,4,299.466832272387,-0.363839044691101,0,14.9993899891142,0.135277324264869,0,0.516728320963432
186,32.6000000000002,5,364.293720491301,0,0,15,0,0,0
186,32.6000000000002,6,84.1037951668167,2.79392045454546,0,1.5537706264182e-16,2.5375,0,90
186,32.7000000000002,1,399.000000000002,0,0,15,0,0,0
186,32.7000000000002,2,146.748683528228,0,0,1.02857142857143,0,0,0
186,32.7000000000002,3,300.318327260351,2.79392045454546,0,1.5537706264182e-16,2.5375,0,90
186,32.7000000000002,4,299.466832272387,-0.363839044691101,0,14.9993899891142,0.135277324264869,0,0.516728320963432
186,32.7000000000002,5,364.293720491301,0,0,15,0,0,0
186,32.7000000000002,6,84.1037951668167,2.79392045454546,0,1.5537706264182e-16,2.5375,0,90
186,32.8000000000002,1,399.000000000002,0,0,15,0,0,0
186,32.8000000000002,2,146.748683528228,0,0,1.02857142857143,0,0,0
186,32.8000000000002,3,300.318327260351,2.79392045454546,0,1.5537706264182e-16,2.5375,0,90
186,32.8000000000002,4,299.466832272387,-0.363839044691101,0,14.9993899891142,0.135277324264869,0,0.516728320963432
186,32.8000000000002,5,364.293720491301,0,0,15,0,0,0
186,32.8000000000002,6,84.1037951668167,2.79392045454546,0,1.5537706264182e-16,2.5375,0,90
186,32.9000000000002,1,399.000000000002,0,0,15,0,0,0
186,32.9000000000002,2,146.748683528228,0,0,1.02857142857143,0,0,0
186,32.9000000000002,3,300.318327260351,2.79392045454546,0,1.5537706264182e-16,2.5375,0,90
186,32.9000000000002,4,299.466832272387,-0.363839044691101,0,14.9993899891142,0.135277324264869,0,0.516728320963432
186,32.9000000000002,5,364.293720491301,0,0,15,0,0,0
186,32.9000000000002,6,84.1037951668167,2.79392045454546,0,1.5537706264182e-16,2.5375,0,90
186,33.0000000000002,1,399.000000000002,0,0,15,0,0,0
186,33.0000000000002,2,146.748683528228,0,0,1.02857142857143,0,0,0
186,33.0000000000002,3,300.318327260351,2.79392045454546,0,1.5537706264182e-16,2.5375,0,90
186,33.0000000000002,4,299.466832272387,-0.363839044691101,0,14.9993899891142,0.135277324264869,0,0.516728320963432
186,33.0000000000002,5,364.293720491301,0,0,15,0,0,0
186,33.0000000000002,6,84.1037951668167,2.79392045454546,0,1.5537706264182e-16,2.5375,0,90
186,33.1000000000002,1,399.000000000002,0,0,15,0,0,0
186,33.1000000000002,2,146.748683528228,0,0,1.02857142857143,0,0,0
186,33.1000000000002,3,300.318327260351,2.79392045454546,0,1.5537706264182e-16,2.5375,0,90
186,33.1000000000002,4,299.466832272387,-0.363839044691101,0,14.9993899891142,0.135277324264869,0,0.516728320963432
186,33.1000000000002,5,364.293720491301,0,0,15,0,0,0
186,33.1000000000002,6,84.1037951668167,2.79392045454546,0,1.5537706264182e-16,2.5375,0,90
186,33.2000000000002,1,399.000000000002,0,0,15,0,0,0
186,33.2000000000002,2,146.748683528228,0,0,1.02857142857143,0,0,0
186,33.2000000000002,3,300.318327260351,2.79392045454546,0,1.5537706264182e-16,2.5375,0,90
186,33.2000000000002,4,299.466832272387,-0.363839044691101,0,14.9993899891142,0.135277324264869,0,0.516728320963432
186,33.2000000000002,5,364.293720491301,0,0,15,0,0,0
186,33.2000000000002,6,84.1037951668167,2.79392045454546,0,1.5537706264182e-16,2.5375,0,90
186,33.3000000000002,1,399.000000000002,0,0,15,0,0,0
186,33.3000000000002,2,146.748683528228,0,0,1.02857142857143,0,0,0
186,33.3000000000002,3,300.318327260351,2.79392045454546,0,1.5537706264182e-16,2.5375,0,90
186,33.3000000000002,4,299.466832272387,-0.363839044691101,0,14.9993899891142,0.135277324264869,0,0.516728320963432
186,33.3000000000002,5,364.293720491301,0,0,15,0,0,0
186,33.3000000000002,6,84.1037951668167,2.79392045454546,0,1.5537706264182e-16,2.5375,0,90
186,33.4000000000002,1,399.000000000002,0,0,15,0,0,0
186,33.4000000000002,2,146.748683528228,0,0,1.02857142857143,0,0,0
186,33.4000000000002,3,300.318327260351,2.79392045454546,0,1.5537706264182e-16,2.5375,0,90
186,33.4000000000002,4,299.466832272387,-0.363839044691101,0,14.9993899891142,0.135277324264869,0,0.516728320963432
186,33.4000000000002,5,364.293720491301,0,0,15,0,0,0
186,33.4000000000002,6,84.1037951668167,2.79392045454546,0,1.5537706264182e-16,2.5375,0,90
186,33.5000000000002,1,399.000000000002,0,0,15,0,0,0
186,33.5000000000002,2,146.748683528228,0,0,1.02857142857143,0,0,0
186,33.5000000000002,3,300.318327260351,2.79392045454546,0,1.5537706264182e-16,2.5375,0,90
186,33.5000000000002,4,299.466832272387,-0.363839044691101,0,14.9993899891142,0.135277324264869,0,0.516728320963432
186,33.5000000000002,5,364.293720491301,0,0,15,0,0,0
186,33.5000000000002,6,84.1037951668167,2.79392045454546,0,1.5537706264182e-16,2.5375,0,90
186,33.6000000000002,1,399.000000000002,0,0,15,0,0,0
186,33.6000000000002,2,146.748683528228,0,0,1.02857142857143,0,0,0
186,33.6000000000002,3,300.318327260351,2.79392045454546,0,1.5537706264182e-16,2.5375,0,90
186,33.6000000000002,4,299.466832272387,-0.363839044691101,0,14.9993899891142,0.135277324264869,0,0.516728320963432
186,33.6000000000002,5,364.293720491301,0,0,15,0,0,0
186,33.6000000000002,6,84.1037951668167,2.79392045454546,0,1.5537706264182e-16,2.5375,0,90
186,33.7000000000002,1,399.000000000002,0,0,15,0,0,0
186,33.7000000000002,2,146.748683528228,0,0,1.02857142857143,0,0,0
186,33.7000000000002,3,300.318327260351,2.79392045454546,0,1.5537706264182e-16,2.5375,0,90
186,33.7000000000002,4,299.466832272387,-0.363839044691101,0,14.9993899891142,0.135277324264869,0,0.516728320963432
186,33.7000000000002,5,364.293720491301,0,0,15,0,0,0
186,33.7000000000002,6,84.1037951668167,2.79392045454546,0,1.5537706264182e-16,2.5375,0,90
186,33.8000000000002,1,399.000000000002,0,0,15,0,0,0
186,33.8000000000002,2,146.748683528228,0,0,1.02857142857143,0,0,0
186,33.8000000000002,3,300.318327260351,2.79392045454546,0,1.5537706264182e-16,2.5375,0,90
186,33.8000000000002,4,299.466832272387,-0.363839044691101,0,14.9993899891142,0.135277324264869,0,0.516728320963432
186,33.8000000000002,5,364.293720491301,0,0,15,0,0,0
186,33.8000000000002,6,84.1037951668167,2.79392045454546,0,1.5537706264182e-16,2.5375,0,90
186,33.9000000000002,1,399.000000000002,0,0,15,0,0,0
186,33.9000000000002,2,146.748683528228,0,0,1.02857142857143,0,0,0
186,33.9000000000002,3,300.318327260351,2.79392045454546,0,1.5537706264182e-16,2.5375,0,90
186,33.9000000000002,4,299.466832272387,-0.363839044691101,0,14.9993899891142,0.135277324264869,0,0.516728320963432
186,33.9000000000002,5,364.293720491301,0,0,15,0,0,0
186,33.9000000000002,6,84.1037951668167,2.79392045454546,0,1.5537706264182e-16,2.5375,0,90
186,34.0000000000002,1,399.000000000002,0,0,15,0,0,0
186,34.0000000000002,2,146.748683528228,0,0,1.02857142857143,0,0,0
186,34.0000000000002,3,300.318327260351,2.79392045454546,0,1.5537706264182e-16,2.5375,0,90
186,34.0000000000002,4,299.466832272387,-0.363839044691101,0,14.9993899891142,0.135277324264869,0,0.516728320963432
186,34.0000000000002,5,364.293720491301,0,0,15,0,0,0
186,34.0000000000002,6,84.1037951668167,2.79392045454546,0,1.5537706264182e-16,2.5375,0,90
186,34.1000000000002,1,399.000000000002,0,0,15,0,0,0
186,34.1000000000002,2,146.748683528228,0,0,1.02857142857143,0,0,0
186,34.1000000000002,3,300.318327260351,2.79392045454546,0,1.5537706264182e-16,2.5375,0,90
186,34.1000000000002,4,299.466832272387,-0.363839044691101,0,14.9993899891142,0.135277324264869,0,0.516728320963432
186,34.1000000000002,5,364.293720491301,0,0,15,0,0,0
186,34.1000000000002,6,84.1037951668167,2.79392045454546,0,1.5537706264182e-16,2.5375,0,90
186,34.2000000000002,1,399.000000000002,0,0,15,0,0,0
186,34.2000000000002,2,146.748683528228,0,0,1.02857142857143,0,0,0
186,34.2000000000002,3,300.318327260351,2.79392045454546,0,1.5537706264182e-16,2.5375,0,90
186,34.2000000000002,4,299.466832272387,-0.363839044691101,0,14.9993899891142,0.135277324264869,0,0.516728320963432
186,34.2000000000002,5,364.293720491301,0,0,15,0,0,0
186,34.2000000000002,6,84.1037951668167,2.79392045454546,0,1.5537706264182e-16,2.5375,0,90
186,34.3000000000002,1,399.000000000002,0,0,15,0,0,0
186,34.3000000000002,2,146.748683528228,0,0,1.02857142857143,0,0,0
186,34.3000000000002,3,300.318327260351,2.79392045454546,0,1.5537706264182e-16,2.5375,0,90
186,34.3000000000002,4,299.466832272387,-0.363839044691101,0,14.9993899891142,0.135277324264869,0,0.516728320963432
186,34.3000000000002,5,364.293720491301,0,0,15,0,0,0
186,34.3000000000002,6,84.1037951668167,2.79392045454546,0,1.5537706264182e-16,2.5375,0,90
186,34.4000000000002,1,399.000000000002,0,0,15,0,0,0
186,34.4000000000002,2,146.748683528228,0,0,1.02857142857143,0,0,0
186,34.4000000000002,3,300.318327260351,2.79392045454546,0,1.5537706264182e-16,2.5375,0,90
186,34.4000000000002,4,299.466832272387,-0.363839044691101,0,14.9993899891142,0.135277324264869,0,0.516728320963432
186,34.4000000000002,5,364.293720491301,0,0,15,0,0,0
186,34.4000000000002,6,84.1037951668167,2.79392045454546,0,1.5537706264182e-16,2.5375,0,90
186,34.5000000000002,1,399.000000000002,0,0,15,0,0,0
186,34.5000000000002,2,146.748683528228,0,0,1.02857142857143,0,0,0
186,34.5000000000002,3,300.318327260351,2.79392045454546,0,1.5537706264182e-16,2.5375,0,90
186,34.5000000000002,4,299.466832272387,-0.363839044691101,0,14.9993899891142,0.135277324264869,0,0.516728320963432
186,34.5000000000002,5,364.293720491301,0,0,15,0,0,0
186,34.5000000000002,6,84.1037951668167,2.79392045454546,0,1.5537706264182e-16,2.5375,0,90
186,34.6000000000002,1,399.000000000002,0,0,15,0,0,0
186,34.6000000000002,2,146.748683528228,0,0,1.02857142857143,0,0,0
186,34.6000000000002,3,300.318327260351,2.79392045454546,0,1.5537706264182e-16,2.5375,0,90
186,34.6000000000002,4,299.466832272387,-0.363839044691101,0,14.9993899891142,0.135277324264869,0,0.516728320963432
186,34.6000000000002,5,364.293720491301,0,0,15,0,0,0
186,34.6000000000002,6,84.1037951668167,2.79392045454546,0,1.5537706264182e-16,2.5375,0,90
186,34.7000000000002,1,399.000000000002,0,0,15,0,0,0
186,34.7000000000002,2,146.748683528228,0,0,1.02857142857143,0,0,0
186,34.7000000000002,3,300.318327260351,2.79392045454546,0,1.5537706264182e-16,2.5375,0,90
186,34.7000000000002,4,299.466832272387,-0.363839044691101,0,14.9993899891142,0.135277324264869,0,0.516728320963432
186,34.7000000000002,5,364.293720491301,0,0,15,0,0,0
186,34.7000000000002,6,84.1037951668167,2.79392045454546,0,1.5537706264182e-16,2.5375,0,90
186,34.8000000000002,1,399.000000000002,0,0,15,0,0,0
186,34.8000000000002,2,146.748683528228,0,0,1.02857142857143,0,0,0
186,34.8000000000002,3,300.318327260351,2.79392045454546,0,1.5537706264182e-16,2.5375,0,90
186,34.8000000000002,4,299.466832272387,-0.363839044691101,0,14.9993899891142,0.135277324264869,0,0.516728320963432
186,34.8000000000002,5,364.293720491301,0,0,15,0,0,0
186,34.8000000000002,6,84.1037951668167,2.79392045454546,0,1.5537706264182e-16,2.5375,0,90
186,34.9000000000002,1,399.000000000002,0,0,15,0,0,0
186,34.9000000000002,2,146.748683528228,0,0,1.02857142857143,0,0,0
186,34.9000000000002,3,300.318327260351,2.79392045454546,0,1.5537706264182e-16,2.5375,0,90
186,34.9000000000002,4,299.466832272387,-0.363839044691101,0,14.9993899891142,0.135277324264869,0,0.516728320963432
186,34.9000000000002,5,364.293720491301,0,0,15,0,0,0
186,34.9000000000002,6,84.1037951668167,2.79392045454546,0,1.5537706264182e-16,2.5375,0,90
186,35.0000000000002,1,399.000000000002,0,0,15,0,0,0
186,35.0000000000002,2,146.748683528228,0,0,1.02857142857143,0,0,0
186,35.0000000000002,3,300.318327260351,2.79392045454546,0,1.5537706264182e-16,2.5375,0,90
186,35.0000000000002,4,299.466832272387,-0.363839044691101,0,14.9993899891142,0.135277324264869,0,0.516728320963432
186,35.0000000000002,5,364.293720491301,0,0,15,0,0,0
186,35.0000000000002,6,84.1037951668167,2.79392045454546,0,1.5537706264182e-16,2.5375,0,90
186,35.1000000000002,1,399.000000000002,0,0,15,0,0,0
186,35.1000000000002,2,146.748683528228,0,0,1.02857142857143,0,0,0
186,35.1000000000002,3,300.318327260351,2.79392045454546,0,1.5537706264182e-16,2.5375,0,90
186,35.1000000000002,4,299.466832272387,-0.363839044691101,0,14.9993899891142,0.135277324264869,0,0.516728320963432
186,35.1000000000002,5,364.293720491301,0,0,15,0,0,0
186,35.1000000000002,6,84.1037951668167,2.79392045454546,0,1.5537706264182e-16,2.5375,0,90
186,35.2000000000002,1,399.000000000002,0,0,15,0,0,0
186,35.2000000000002,2,146.748683528228,0,0,1.02857142857143,0,0,0
186,35.2000000000002,3,300.318327260351,2.79392045454546,0,1.5537706264182e-16,2.5375,0,90
186,35.2000000000002,4,299.466832272387,-0.363839044691101,0,14.9993899891142,0.135277324264869,0,0.516728320963432
186,35.2000000000002,5,364.293720491301,0,0,15,0,0,0
186,35.2000000000002,6,84.1037951668167,2.79392045454546,0,1.5537706264182e-16,2.5375,0,90
186,35.3000000000002,1,399.000000000002,0,0,15,0,0,0
186,35.3000000000002,2,146.748683528228,0,0,1.02857142857143,0,0,0
186,35.3000000000002,3,300.318327260351,2.79392045454546,0,1.5537706264182e-16,2.5375,0,90
186,35.3000000000002,4,299.466832272387,-0.363839044691101,0,14.9993899891142,0.135277324264869,0,0.516728320963432
186,35.3000000000002,5,364.293720491301,0,0,15,0,0,0
186,35.3000000000002,6,84.1037951668167,2.79392045454546,0,1.5537706264182e-16,2.5375,0,90
186,35.4000000000002,1,399.000000000002,0,0,15,0,0,0
186,35.4000000000002,2,146.748683528228,0,0,1.02857142857143,0,0,0
186,35.4000000000002,3,300.318327260351,2.79392045454546,0,1.5537706264182e-16,2.5375,0,90
186,35.4000000000002,4,299.466832272387,-0.363839044691101,0,14.9993899891142,0.135277324264869,0,0.516728320963432
186,35.4000000000002,5,364.293720491301,0,0,15,0,0,0
186,35.4000000000002,6,84.1037951668167,2.79392045454546,0,1.5537706264182e-16,2.5375,0,90
186,35.5000000000002,1,399.000000000002,0,0,15,0,0,0
186,35.5000000000002,2,146.748683528228,0,0,1.02857142857143,0,0,0
186,35.5000000000002,3,300.318327260351,2.79392045454546,0,1.5537706264182e-16,2.5375,0,90
186,35.5000000000002,4,299.466832272387,-0.363839044691101,0,14.9993899891142,0.135277324264869,0,0.516728320963432
186,35.5000000000002,5,364.293720491301,0,0,15,0,0,0
186,35.5000000000002,6,84.1037951668167,2.79392045454546,0,1.5537706264182e-16,2.5375,0,90
186,35.6000000000002,1,399.000000000002,0,0,15,0,0,0
186,35.6000000000002,2,146.748683528228,0,0,1.02857142857143,0,0,0
186,35.6000000000002,3,300.318327260351,2.79392045454546,0,1.5537706264182e-16,2.5375,0,90
186,35.6000000000002,4,299.466832272387,-0.363839044691101,0,14.9993899891142,0.135277324264869,0,0.516728320963432
186,35.6000000000002,5,364.293720491301,0,0,15,0,0,0
186,35.6000000000002,6,84.1037951668167,2.79392045454546,0,1.5537706264182e-16,2.5375,0,90
186,35.7000000000002,1,399.000000000002,0,0,15,0,0,0
186,35.7000000000002,2,146.748683528228,0,0,1.02857142857143,0,0,0
186,35.7000000000002,3,300.318327260351,2.79392045454546,0,1.5537706264182e-16,2.5375,0,90
186,35.7000000000002,4,299.466832272387,-0.363839044691101,0,14.9993899891142,0.135277324264869,0,0.516728320963432
186,35.7000000000002,5,364.293720491301,0,0,15,0,0,0
186,35.7000000000002,6,84.1037951668167,2.79392045454546,0,1.5537706264182e-16,2.5375,0,90
186,35.8000000000002,1,399.000000000002,0,0,15,0,0,0
186,35.8000000000002,2,146.748683528228,0,0,1.02857142857143,0,0,0
186,35.8000000000002,3,300.318327260351,2.79392045454546,0,1.5537706264182e-16,2.5375,0,90
186,35.8000000000002,4,299.466832272387,-0.363839044691101,0,14.9993899891142,0.135277324264869,0,0.516728320963432
186,35.8000000000002,5,364.293720491301,0,0,15,0,0,0
186,35.8000000000002,6,84.1037951668167,2.79392045454546,0,1.5537706264182e-16,2.5375,0,90
186,35.9000000000002,1,399.000000000002,0,0,15,0,0,0
186,35.9000000000002,2,146.748683528228,0,0,1.02857142857143,0,0,0
186,35.9000000000002,3,300.318327260351,2.79392045454546,0,1.5537706264182e-16,2.5375,0,90
186,35.9000000000002,4,299.466832272387,-0.363839044691101,0,14.9993899891142,0.135277324264869,0,0.516728320963432
186,35.9000000000002,5,364.293720491301,0,0,15,0,0,0
186,35.9000000000002,6,84.1037951668167,2.79392045454546,0,1.5537706264182e-16,2.5375,0,90
186,36.0000000000002,1,399.000000000002,0,0,15,0,0,0
186,36.0000000000002,2,146.748683528228,0,0,1.02857142857143,0,0,0
186,36.0000000000002,3,300.318327260351,2.79392045454546,0,1.5537706264182e-16,2.5375,0,90
186,36.0000000000002,4,299.466832272387,-0.363839044691101,0,14.9993899891142,0.135277324264869,0,0.516728320963432
186,36.0000000000002,5,364.293720491301,0,0,15,0,0,0
186,36.0000000000002,6,84.1037951668167,2.79392045454546,0,1.5537706264182e-16,2.5375,0,90
186,36.1000000000002,1,399.000000000002,0,0,15,0,0,0
186,36.1000000000002,2,146.748683528228,0,0,1.02857142857143,0,0,0
186,36.1000000000002,3,300.318327260351,2.79392045454546,0,1.5537706264182e-16,2.5375,0,90
186,36.1000000000002,4,299.466832272387,-0.363839044691101,0,14.9993899891142,0.135277324264869,0,0.516728320963432
186,36.1000000000002,5,364.293720491301,0,0,15,0,0,0
186,36.1000000000002,6,84.1037951668167,2.79392045454546,0,1.5537706264182e-16,2.5375,0,90
186,36.2000000000002,1,399.000000000002,0,0,15,0,0,0
186,36.2000000000002,2,146.748683528228,0,0,1.02857142857143,0,0,0
186,36.2000000000002,3,300.318327260351,2.79392045454546,0,1.5537706264182e-16,2.5375,0,90
186,36.2000000000002,4,299.466832272387,-0.363839044691101,0,14.9993899891142,0.135277324264869,0,0.516728320963432
186,36.2000000000002,5,364.293720491301,0,0,15,0,0,0
186,36.2000000000002,6,84.1037951668167,2.79392045454546,0,1.5537706264182e-16,2.5375,0,90
186,36.3000000000002,1,399.000000000002,0,0,15,0,0,0
186,36.3000000000002,2,146.748683528228,0,0,1.02857142857143,0,0,0
186,36.3000000000002,3,300.318327260351,2.79392045454546,0,1.5537706264182e-16,2.5375,0,90
186,36.3000000000002,4,299.466832272387,-0.363839044691101,0,14.9993899891142,0.135277324264869,0,0.516728320963432
186,36.3000000000002,5,364.293720491301,0,0,15,0,0,0
186,36.3000000000002,6,84.1037951668167,2.79392045454546,0,1.5537706264182e-16,2.5375,0,90
186,36.4000000000002,1,399.000000000002,0,0,15,0,0,0
186,36.4000000000002,2,146.748683528228,0,0,1.02857142857143,0,0,0
186,36.4000000000002,3,300.318327260351,2.79392045454546,0,1.5537706264182e-16,2.5375,0,90
186,36.4000000000002,4,299.466832272387,-0.363839044691101,0,14.9993899891142,0.135277324264869,0,0.516728320963432
186,36.4000000000002,5,364.293720491301,0,0,15,0,0,0
186,36.4000000000002,6,84.1037951668167,2.79392045454546,0,1.5537706264182e-16,2.5375,0,90
186,36.5000000000002,1,399.000000000002,0,0,15,0,0,0
186,36.5000000000002,2,146.748683528228,0,0,1.02857142857143,0,0,0
186,36.5000000000002,3,300.318327260351,2.79392045454546,0,1.5537706264182e-16,2.5375,0,90
186,36.5000000000002,4,299.466832272387,-0.363839044691101,0,14.9993899891142,0.135277324264869,0,0.516728320963432
186,36.5000000000002,5,364.293720491301,0,0,15,0,0,0
186,36.5000000000002,6,84.1037951668167,2.79392045454546,0,1.5537706264182e-16,2.5375,0,90
186,36.6000000000003,1,399.000000000002,0,0,15,0,0,0
186,36.6000000000003,2,146.748683528228,0,0,1.02857142857143,0,0,0
186,36.6000000000003,3,300.318327260351,2.79392045454546,0,1.5537706264182e-16,2.5375,0,90
186,36.6000000000003,4,299.466832272387,-0.363839044691101,0,14.9993899891142,0.135277324264869,0,0.516728320963432
186,36.6000000000003,5,364.293720491301,0,0,15,0,0,0
186,36.6000000000003,6,84.1037951668167,2.79392045454546,0,1.5537706264182e-16,2.5375,0,90
186,36.7000000000003,1,399.000000000002,0,0,15,0,0,0
186,36.7000000000003,2,146.748683528228,0,0,1.02857142857143,0,0,0
186,36.7000000000003,3,300.318327260351,2.79392045454546,0,1.5537706264182e-16,2.5375,0,90
186,36.7000000000003,4,299.466832272387,-0.363839044691101,0,14.9993899891142,0.135277324264869,0,0.516728320963432
186,36.7000000000003,5,364.293720491301,0,0,15,0,0,0
186,36.7000000000003,6,84.1037951668167,2.79392045454546,0,1.5537706264182e-16,2.5375,0,90
186,36.8000000000003,1,399.000000000002,0,0,15,0,0,0
186,36.8000000000003,2,146.748683528228,0,0,1.02857142857143,0,0,0
186,36.8000000000003,3,300.318327260351,2.79392045454546,0,1.5537706264182e-16,2.5375,0,90
186,36.8000000000003,4,299.466832272387,-0.363839044691101,0,14.9993899891142,0.135277324264869,0,0.516728320963432
186,36.8000000000003,5,364.293720491301,0,0,15,0,0,0
186,36.8000000000003,6,84.1037951668167,2.79392045454546,0,1.5537706264182e-16,2.5375,0,90
186,36.9000000000003,1,399.000000000002,0,0,15,0,0,0
186,36.9000000000003,2,146.748683528228,0,0,1.02857142857143,0,0,0
186,36.9000000000003,3,300.318327260351,2.79392045454546,0,1.5537706264182e-16,2.5375,0,90
186,36.9000000000003,4,299.466832272387,-0.363839044691101,0,14.9993899891142,0.135277324264869,0,0.516728320963432
186,36.9000000000003,5,364.293720491301,0,0,15,0,0,0
186,36.9000000000003,6,84.1037951668167,2.79392045454546,0,1.5537706264182e-16,2.5375,0,90
186,37.0000000000003,1,399.000000000002,0,0,15,0,0,0
186,37.0000000000003,2,146.748683528228,0,0,1.02857142857143,0,0,0
186,37.0000000000003,3,300.318327260351,2.79392045454546,0,1.5537706264182e-16,2.5375,0,90
186,37.0000000000003,4,299.466832272387,-0.363839044691101,0,14.9993899891142,0.135277324264869,0,0.516728320963432
186,37.0000000000003,5,364.293720491301,0,0,15,0,0,0
186,37.0000000000003,6,84.1037951668167,2.79392045454546,0,1.5537706264182e-16,2.5375,0,90
186,37.1000000000003,1,399.000000000002,0,0,15,0,0,0
186,37.1000000000003,2,146.748683528228,0,0,1.02857142857143,0,0,0
186,37.1000000000003,3,300.318327260351,2.79392045454546,0,1.5537706264182e-16,2.5375,0,90
186,37.1000000000003,4,299.466832272387,-0.363839044691101,0,14.9993899891142,0.135277324264869,0,0.516728320963432
186,37.1000000000003,5,364.293720491301,0,0,15,0,0,0
186,37.1000000000003,6,84.1037951668167,2.79392045454546,0,1.5537706264182e-16,2.5375,0,90
186,37.2000000000003,1,399.000000000002,0,0,15,0,0,0
186,37.2000000000003,2,146.748683528228,0,0,1.02857142857143,0,0,0
186,37.2000000000003,3,300.318327260351,2.79392045454546,0,1.5537706264182e-16,2.5375,0,90
186,37.2000000000003,4,299.466832272387,-0.363839044691101,0,14.9993899891142,0.135277324264869,0,0.516728320963432
186,37.2000000000003,5,364.293720491301,0,0,15,0,0,0
186,37.2000000000003,6,84.1037951668167,2.79392045454546,0,1.5537706264182e-16,2.5375,0,90
186,37.3000000000003,1,399.000000000002,0,0,15,0,0,0
186,37.3000000000003,2,146.748683528228,0,0,1.02857142857143,0,0,0
186,37.3000000000003,3,300.318327260351,2.79392045454546,0,1.5537706264182e-16,2.5375,0,90
186,37.3000000000003,4,299.466832272387,-0.363839044691101,0,14.9993899891142,0.135277324264869,0,0.516728320963432
186,37.3000000000003,5,364.293720491301,0,0,15,0,0,0
186,37.3000000000003,6,84.1037951668167,2.79392045454546,0,1.5537706264182e-16,2.5375,0,90
186,37.4000000000003,1,399.000000000002,0,0,15,0,0,0
186,37.4000000000003,2,146.748683528228,0,0,1.02857142857143,0,0,0
186,37.4000000000003,3,300.318327260351,2.79392045454546,0,1.5537706264182e-16,2.5375,0,90
186,37.4000000000003,4,299.466832272387,-0.363839044691101,0,14.9993899891142,0.135277324264869,0,0.516728320963432
186,37.4000000000003,5,364.293720491301,0,0,15,0,0,0
186,37.4000000000003,6,84.1037951668167,2.79392045454546,0,1.5537706264182e-16,2.5375,0,90
186,37.5000000000003,1,399.000000000002,0,0,15,0,0,0
186,37.5000000000003,2,146.748683528228,0,0,1.02857142857143,0,0,0
186,37.5000000000003,3,300.318327260351,2.79392045454546,0,1.5537706264182e-16,2.5375,0,90
186,37.5000000000003,4,299.466832272387,-0.363839044691101,0,14.9993899891142,0.135277324264869,0,0.516728320963432
186,37.5000000000003,5,364.293720491301,0,0,15,0,0,0
186,37.5000000000003,6,84.1037951668167,2.79392045454546,0,1.5537706264182e-16,2.5375,0,90
186,37.6000000000003,1,399.000000000002,0,0,15,0,0,0
186,37.6000000000003,2,146.748683528228,0,0,1.02857142857143,0,0,0
186,37.6000000000003,3,300.318327260351,2.79392045454546,0,1.5537706264182e-16,2.5375,0,90
186,37.6000000000003,4,299.466832272387,-0.363839044691101,0,14.9993899891142,0.135277324264869,0,0.516728320963432
186,37.6000000000003,5,364.293720491301,0,0,15,0,0,0
186,37.6000000000003,6,84.1037951668167,2.79392045454546,0,1.5537706264182e-16,2.5375,0,90
186,37.7000000000003,1,399.000000000002,0,0,15,0,0,0
186,37.7000000000003,2,146.748683528228,0,0,1.02857142857143,0,0,0
186,37.7000000000003,3,300.318327260351,2.79392045454546,0,1.5537706264182e-16,2.5375,0,90
186,37.7000000000003,4,299.466832272387,-0.363839044691101,0,14.9993899891142,0.135277324264869,0,0.516728320963432
186,37.7000000000003,5,364.293720491301,0,0,15,0,0,0
186,37.7000000000003,6,84.1037951668167,2.79392045454546,0,1.5537706264182e-16,2.5375,0,90
186,37.8000000000003,1,399.000000000002,0,0,15,0,0,0
186,37.8000000000003,2,146.748683528228,0,0,1.02857142857143,0,0,0
186,37.8000000000003,3,300.318327260351,2.79392045454546,0,1.5537706264182e-16,2.5375,0,90
186,37.8000000000003,4,299.466832272387,-0.363839044691101,0,14.9993899891142,0.135277324264869,0,0.516728320963432
186,37.8000000000003,5,364.293720491301,0,0,15,0,0,0
186,37.8000000000003,6,84.1037951668167,2.79392045454546,0,1.5537706264182e-16,2.5375,0,90
186,37.9000000000003,1,399.000000000002,0,0,15,0,0,0
186,37.9000000000003,2,146.748683528228,0,0,1.02857142857143,0,0,0
186,37.9000000000003,3,300.318327260351,2.79392045454546,0,1.5537706264182e-16,2.5375,0,90
186,37.9000000000003,4,299.466832272387,-0.363839044691101,0,14.9993899891142,0.135277324264869,0,0.516728320963432
186,37.9000000000003,5,364.293720491301,0,0,15,0,0,0
186,37.9000000000003,6,84.1037951668167,2.79392045454546,0,1.5537706264182e-16,2.5375,0,90
186,38.0000000000003,1,399.000000000002,0,0,15,0,0,0
186,38.0000000000003,2,146.748683528228,0,0,1.02857142857143,0,0,0
186,38.0000000000003,3,300.318327260351,2.79392045454546,0,1.5537706264182e-16,2.5375,0,90
186,38.0000000000003,4,299.466832272387,-0.363839044691101,0,14.9993899891142,0.135277324264869,0,0.516728320963432
186,38.0000000000003,5,364.293720491301,0,0,15,0,0,0
186,38.0000000000003,6,84.1037951668167,2.79392045454546,0,1.5537706264182e-16,2.5375,0,90
186,38.1000000000003,1,399.000000000002,0,0,15,0,0,0
186,38.1000000000003,2,146.748683528228,0,0,1.02857142857143,0,0,0
186,38.1000000000003,3,300.318327260351,2.79392045454546,0,1.5537706264182e-16,2.5375,0,90
186,38.1000000000003,4,299.466832272387,-0.363839044691101,0,14.9993899891142,0.135277324264869,0,0.516728320963432
186,38.1000000000003,5,364.293720491301,0,0,15,0,0,0
186,38.1000000000003,6,84.1037951668167,2.79392045454546,0,1.5537706264182e-16,2.5375,0,90
186,38.2000000000003,1,399.000000000002,0,0,15,0,0,0
186,38.2000000000003,2,146.748683528228,0,0,1.02857142857143,0,0,0
186,38.2000000000003,3,300.318327260351,2.79392045454546,0,1.5537706264182e-16,2.5375,0,90
186,38.2000000000003,4,299.466832272387,-0.363839044691101,0,14.9993899891142,0.135277324264869,0,0.516728320963432
186,38.2000000000003,5,364.293720491301,0,0,15,0,0,0
186,38.2000000000003,6,84.1037951668167,2.79392045454546,0,1.5537706264182e-16,2.5375,0,90
186,38.3000000000003,1,399.000000000002,0,0,15,0,0,0
186,38.3000000000003,2,146.748683528228,0,0,1.02857142857143,0,0,0
186,38.3000000000003,3,300.318327260351,2.79392045454546,0,1.5537706264182e-16,2.5375,0,90
186,38.3000000000003,4,299.466832272387,-0.363839044691101,0,14.9993899891142,0.135277324264869,0,0.516728320963432
186,38.3000000000003,5,364.293720491301,0,0,15,0,0,0
186,38.3000000000003,6,84.1037951668167,2.79392045454546,0,1.5537706264182e-16,2.5375,0,90
186,38.4000000000003,1,399.000000000002,0,0,15,0,0,0
186,38.4000000000003,2,146.748683528228,0,0,1.02857142857143,0,0,0
186,38.4000000000003,3,300.318327260351,2.79392045454546,0,1.5537706264182e-16,2.5375,0,90
186,38.4000000000003,4,299.466832272387,-0.363839044691101,0,14.9993899891142,0.135277324264869,0,0.516728320963432
186,38.4000000000003,5,364.293720491301,0,0,15,0,0,0
186,38.4000000000003,6,84.1037951668167,2.79392045454546,0,1.5537706264182e-16,2.5375,0,90
186,38.5000000000003,1,399.000000000002,0,0,15,0,0,0
186,38.5000000000003,2,146.748683528228,0,0,1.02857142857143,0,0,0
186,38.5000000000003,3,300.318327260351,2.79392045454546,0,1.5537706264182e-16,2.5375,0,90
186,38.5000000000003,4,299.466832272387,-0.363839044691101,0,14.9993899891142,0.135277324264869,0,0.516728320963432
186,38.5000000000003,5,364.293720491301,0,0,15,0,0,0
186,38.5000000000003,6,84.1037951668167,2.79392045454546,0,1.5537706264182e-16,2.5375,0,90
186,38.6000000000003,1,399.000000000002,0,0,15,0,0,0
186,38.6000000000003,2,146.748683528228,0,0,1.02857142857143,0,0,0
186,38.6000000000003,3,300.318327260351,2.79392045454546,0,1.5537706264182e-16,2.5375,0,90
186,38.6000000000003,4,299.466832272387,-0.363839044691101,0,14.9993899891142,0.135277324264869,0,0.516728320963432
186,38.6000000000003,5,364.293720491301,0,0,15,0,0,0
186,38.6000000000003,6,84.1037951668167,2.79392045454546,0,1.5537706264182e-16,2.5375,0,90
186,38.7000000000003,1,399.000000000002,0,0,15,0,0,0
186,38.7000000000003,2,146.748683528228,0,0,1.02857142857143,0,0,0
186,38.7000000000003,3,300.318327260351,2.79392045454546,0,1.5537706264182e-16,2.5375,0,90
186,38.7000000000003,4,299.466832272387,-0.363839044691101,0,14.9993899891142,0.135277324264869,0,0.516728320963432
186,38.7000000000003,5,364.293720491301,0,0,15,0,0,0
186,38.7000000000003,6,84.1037951668167,2.79392045454546,0,1.5537706264182e-16,2.5375,0,90
186,38.8000000000003,1,399.000000000002,0,0,15,0,0,0
186,38.8000000000003,2,146.748683528228,0,0,1.02857142857143,0,0,0
186,38.8000000000003,3,300.318327260351,2.79392045454546,0,1.5537706264182e-16,2.5375,0,90
186,38.8000000000003,4,299.466832272387,-0.363839044691101,0,14.9993899891142,0.135277324264869,0,0.516728320963432
186,38.8000000000003,5,364.293720491301,0,0,15,0,0,0
186,38.8000000000003,6,84.1037951668167,2.79392045454546,0,1.5537706264182e-16,2.5375,0,90
186,38.9000000000003,1,399.000000000002,0,0,15,0,0,0
186,38.9000000000003,2,146.748683528228,0,0,1.02857142857143,0,0,0
186,38.9000000000003,3,300.318327260351,2.79392045454546,0,1.5537706264182e-16,2.5375,0,90
186,38.9000000000003,4,299.466832272387,-0.363839044691101,0,14.9993899891142,0.135277324264869,0,0.516728320963432
186,38.9000000000003,5,364.293720491301,0,0,15,0,0,0
186,38.9000000000003,6,84.1037951668167,2.79392045454546,0,1.5537706264182e-16,2.5375,0,90
186,39.0000000000003,1,399.000000000002,0,0,15,0,0,0
186,39.0000000000003,2,146.748683528228,0,0,1.02857142857143,0,0,0
186,39.0000000000003,3,300.318327260351,2.79392045454546,0,1.5537706264182e-16,2.5375,0,90
186,39.0000000000003,4,299.466832272387,-0.363839044691101,0,14.9993899891142,0.135277324264869,0,0.516728320963432
186,39.0000000000003,5,364.293720491301,0,0,15,0,0,0
186,39.0000000000003,6,84.1037951668167,2.79392045454546,0,1.5537706264182e-16,2.5375,0,90
186,39.1000000000003,1,399.000000000002,0,0,15,0,0,0
186,39.1000000000003,2,146.748683528228,0,0,1.02857142857143,0,0,0
186,39.1000000000003,3,300.318327260351,2.79392045454546,0,1.5537706264182e-16,2.5375,0,90
186,39.1000000000003,4,299.466832272387,-0.363839044691101,0,14.9993899891142,0.135277324264869,0,0.516728320963432
186,39.1000000000003,5,364.293720491301,0,0,15,0,0,0
186,39.1000000000003,6,84.1037951668167,2.79392045454546,0,1.5537706264182e-16,2.5375,0,90
186,39.2000000000003,1,399.000000000002,0,0,15,0,0,0
186,39.2000000000003,2,146.748683528228,0,0,1.02857142857143,0,0,0
186,39.2000000000003,3,300.318327260351,2.79392045454546,0,1.5537706264182e-16,2.5375,0,90
186,39.2000000000003,4,299.466832272387,-0.363839044691101,0,14.9993899891142,0.135277324264869,0,0.516728320963432
186,39.2000000000003,5,364.293720491301,0,0,15,0,0,0
186,39.2000000000003,6,84.1037951668167,2.79392045454546,0,1.5537706264182e-16,2.5375,0,90
186,39.3000000000003,1,399.000000000002,0,0,15,0,0,0
186,39.3000000000003,2,146.748683528228,0,0,1.02857142857143,0,0,0
186,39.3000000000003,3,300.318327260351,2.79392045454546,0,1.5537706264182e-16,2.5375,0,90
186,39.3000000000003,4,299.466832272387,-0.363839044691101,0,14.9993899891142,0.135277324264869,0,0.516728320963432
186,39.3000000000003,5,364.293720491301,0,0,15,0,0,0
186,39.3000000000003,6,84.1037951668167,2.79392045454546,0,1.5537706264182e-16,2.5375,0,90
186,39.4000000000003,1,399.000000000002,0,0,15,0,0,0
186,39.4000000000003,2,146.748683528228,0,0,1.02857142857143,0,0,0
186,39.4000000000003,3,300.318327260351,2.79392045454546,0,1.5537706264182e-16,2.5375,0,90
186,39.4000000000003,4,299.466832272387,-0.363839044691101,0,14.9993899891142,0.135277324264869,0,0.516728320963432
186,39.4000000000003,5,364.293720491301,0,0,15,0,0,0
186,39.4000000000003,6,84.1037951668167,2.79392045454546,0,1.5537706264182e-16,2.5375,0,90
186,39.5000000000003,1,399.000000000002,0,0,15,0,0,0
186,39.5000000000003,2,146.748683528228,0,0,1.02857142857143,0,0,0
186,39.5000000000003,3,300.318327260351,2.79392045454546,0,1.5537706264182e-16,2.5375,0,90
186,39.5000000000003,4,299.466832272387,-0.363839044691101,0,14.9993899891142,0.135277324264869,0,0.516728320963432
186,39.5000000000003,5,364.293720491301,0,0,15,0,0,0
186,39.5000000000003,6,84.1037951668167,2.79392045454546,0,1.5537706264182e-16,2.5375,0,90
186,39.6000000000003,1,399.000000000002,0,0,15,0,0,0
186,39.6000000000003,2,146.748683528228,0,0,1.02857142857143,0,0,0
186,39.6000000000003,3,300.318327260351,2.79392045454546,0,1.5537706264182e-16,2.5375,0,90
186,39.6000000000003,4,299.466832272387,-0.363839044691101,0,14.9993899891142,0.135277324264869,0,0.516728320963432
186,39.6000000000003,5,364.293720491301,0,0,15,0,0,0
186,39.6000000000003,6,84.1037951668167,2.79392045454546,0,1.5537706264182e-16,2.5375,0,90
186,39.7000000000003,1,399.000000000002,0,0,15,0,0,0
186,39.7000000000003,2,146.748683528228,0,0,1.02857142857143,0,0,0
186,39.7000000000003,3,300.318327260351,2.79392045454546,0,1.5537706264182e-16,2.5375,0,90
186,39.7000000000003,4,299.466832272387,-0.363839044691101,0,14.9993899891142,0.135277324264869,0,0.516728320963432
186,39.7000000000003,5,364.293720491301,0,0,15,0,0,0
186,39.7000000000003,6,84.1037951668167,2.79392045454546,0,1.5537706264182e-16,2.5375,0,90
186,39.8000000000003,1,399.000000000002,0,0,15,0,0,0
186,39.8000000000003,2,146.748683528228,0,0,1.02857142857143,0,0,0
186,39.8000000000003,3,300.318327260351,2.79392045454546,0,1.5537706264182e-16,2.5375,0,90
186,39.8000000000003,4,299.466832272387,-0.363839044691101,0,14.9993899891142,0.135277324264869,0,0.516728320963432
186,39.8000000000003,5,364.293720491301,0,0,15,0,0,0
186,39.8000000000003,6,84.1037951668167,2.79392045454546,0,1.5537706264182e-16,2.5375,0,90
186,39.9000000000003,1,399.000000000002,0,0,15,0,0,0
186,39.9000000000003,2,146.748683528228,0,0,1.02857142857143,0,0,0
186,39.9000000000003,3,300.318327260351,2.79392045454546,0,1.5537706264182e-16,2.5375,0,90
186,39.9000000000003,4,299.466832272387,-0.363839044691101,0,14.9993899891142,0.135277324264869,0,0.516728320963432
186,39.9000000000003,5,364.293720491301,0,0,15,0,0,0
186,39.9000000000003,6,84.1037951668167,2.79392045454546,0,1.5537706264182e-16,2.5375,0,90
186,40.0000000000003,1,399.000000000002,0,0,15,0,0,0
186,40.0000000000003,2,146.748683528228,0,0,1.02857142857143,0,0,0
186,40.0000000000003,3,300.318327260351,2.79392045454546,0,1.5537706264182e-16,2.5375,0,90
186,40.0000000000003,4,299.466832272387,-0.363839044691101,0,14.9993899891142,0.135277324264869,0,0.516728320963432
186,40.0000000000003,5,364.293720491301,0,0,15,0,0,0
186,40.0000000000003,6,84.1037951668167,2.79392045454546,0,1.5537706264182e-16,2.5375,0,90
186,40.1000000000003,1,399.000000000002,0,0,15,0,0,0
186,40.1000000000003,2,146.748683528228,0,0,1.02857142857143,0,0,0
186,40.1000000000003,3,300.318327260351,2.79392045454546,0,1.5537706264182e-16,2.5375,0,90
186,40.1000000000003,4,299.466832272387,-0.363839044691101,0,14.9993899891142,0.135277324264869,0,0.516728320963432
186,40.1000000000003,5,364.293720491301,0,0,15,0,0,0
186,40.1000000000003,6,84.1037951668167,2.79392045454546,0,1.5537706264182e-16,2.5375,0,90
186,40.2000000000003,1,399.000000000002,0,0,15,0,0,0
186,40.2000000000003,2,146.748683528228,0,0,1.02857142857143,0,0,0
186,40.2000000000003,3,300.318327260351,2.79392045454546,0,1.5537706264182e-16,2.5375,0,90
186,40.2000000000003,4,299.466832272387,-0.363839044691101,0,14.9993899891142,0.135277324264869,0,0.516728320963432
186,40.2000000000003,5,364.293720491301,0,0,15,0,0,0
186,40.2000000000003,6,84.1037951668167,2.79392045454546,0,1.5537706264182e-16,2.5375,0,90
186,40.3000000000003,1,399.000000000002,0,0,15,0,0,0
186,40.3000000000003,2,146.748683528228,0,0,1.02857142857143,0,0,0
186,40.3000000000003,3,300.318327260351,2.79392045454546,0,1.5537706264182e-16,2.5375,0,90
186,40.3000000000003,4,299.466832272387,-0.363839044691101,0,14.9993899891142,0.135277324264869,0,0.516728320963432
186,40.3000000000003,5,364.293720491301,0,0,15,0,0,0
186,40.3000000000003,6,84.1037951668167,2.79392045454546,0,1.5537706264182e-16,2.5375,0,90
186,40.4000000000003,1,399.000000000002,0,0,15,0,0,0
186,40.4000000000003,2,146.748683528228,0,0,1.02857142857143,0,0,0
186,40.4000000000003,3,300.318327260351,2.79392045454546,0,1.5537706264182e-16,2.5375,0,90
186,40.4000000000003,4,299.466832272387,-0.363839044691101,0,14.9993899891142,0.135277324264869,0,0.516728320963432
186,40.4000000000003,5,364.293720491301,0,0,15,0,0,0
186,40.4000000000003,6,84.1037951668167,2.79392045454546,0,1.5537706264182e-16,2.5375,0,90
186,40.5000000000003,1,399.000000000002,0,0,15,0,0,0
186,40.5000000000003,2,146.748683528228,0,0,1.02857142857143,0,0,0
186,40.5000000000003,3,300.318327260351,2.79392045454546,0,1.5537706264182e-16,2.5375,0,90
186,40.5000000000003,4,299.466832272387,-0.363839044691101,0,14.9993899891142,0.135277324264869,0,0.516728320963432
186,40.5000000000003,5,364.293720491301,0,0,15,0,0,0
186,40.5000000000003,6,84.1037951668167,2.79392045454546,0,1.5537706264182e-16,2.5375,0,90
186,40.6000000000003,1,399.000000000002,0,0,15,0,0,0
186,40.6000000000003,2,146.748683528228,0,0,1.02857142857143,0,0,0
186,40.6000000000003,3,300.318327260351,2.79392045454546,0,1.5537706264182e-16,2.5375,0,90
186,40.6000000000003,4,299.466832272387,-0.363839044691101,0,14.9993899891142,0.135277324264869,0,0.516728320963432
186,40.6000000000003,5,364.293720491301,0,0,15,0,0,0
186,40.6000000000003,6,84.1037951668167,2.79392045454546,0,1.5537706264182e-16,2.5375,0,90
186,40.7000000000003,1,399.000000000002,0,0,15,0,0,0
186,40.7000000000003,2,146.748683528228,0,0,1.02857142857143,0,0,0
186,40.7000000000003,3,300.318327260351,2.79392045454546,0,1.5537706264182e-16,2.5375,0,90
186,40.7000000000003,4,299.466832272387,-0.363839044691101,0,14.9993899891142,0.135277324264869,0,0.516728320963432
186,40.7000000000003,5,364.293720491301,0,0,15,0,0,0
186,40.7000000000003,6,84.1037951668167,2.79392045454546,0,1.5537706264182e-16,2.5375,0,90
186,40.8000000000003,1,399.000000000002,0,0,15,0,0,0
186,40.8000000000003,2,146.748683528228,0,0,1.02857142857143,0,0,0
186,40.8000000000003,3,300.318327260351,2.79392045454546,0,1.5537706264182e-16,2.5375,0,90
186,40.8000000000003,4,299.466832272387,-0.363839044691101,0,14.9993899891142,0.135277324264869,0,0.516728320963432
186,40.8000000000003,5,364.293720491301,0,0,15,0,0,0
186,40.8000000000003,6,84.1037951668167,2.79392045454546,0,1.5537706264182e-16,2.5375,0,90
186,40.9000000000003,1,399.000000000002,0,0,15,0,0,0
186,40.9000000000003,2,146.748683528228,0,0,1.02857142857143,0,0,0
186,40.9000000000003,3,300.318327260351,2.79392045454546,0,1.5537706264182e-16,2.5375,0,90
186,40.9000000000003,4,299.466832272387,-0.363839044691101,0,14.9993899891142,0.135277324264869,0,0.516728320963432
186,40.9000000000003,5,364.293720491301,0,0,15,0,0,0
186,40.9000000000003,6,84.1037951668167,2.79392045454546,0,1.5537706264182e-16,2.5375,0,90
186,41.0000000000003,1,399.000000000002,0,0,15,0,0,0
186,41.0000000000003,2,146.748683528228,0,0,1.02857142857143,0,0,0
186,41.0000000000003,3,300.318327260351,2.79392045454546,0,1.5537706264182e-16,2.5375,0,90
186,41.0000000000003,4,299.466832272387,-0.363839044691101,0,14.9993899891142,0.135277324264869,0,0.516728320963432
186,41.0000000000003,5,364.293720491301,0,0,15,0,0,0
186,41.0000000000003,6,84.1037951668167,2.79392045454546,0,1.5537706264182e-16,2.5375,0,90
186,41.1000000000003,1,399.000000000002,0,0,15,0,0,0
186,41.1000000000003,2,146.748683528228,0,0,1.02857142857143,0,0,0
186,41.1000000000003,3,300.318327260351,2.79392045454546,0,1.5537706264182e-16,2.5375,0,90
186,41.1000000000003,4,299.466832272387,-0.363839044691101,0,14.9993899891142,0.135277324264869,0,0.516728320963432
186,41.1000000000003,5,364.293720491301,0,0,15,0,0,0
186,41.1000000000003,6,84.1037951668167,2.79392045454546,0,1.5537706264182e-16,2.5375,0,90
186,41.2000000000003,1,399.000000000002,0,0,15,0,0,0
186,41.2000000000003,2,146.748683528228,0,0,1.02857142857143,0,0,0
186,41.2000000000003,3,300.318327260351,2.79392045454546,0,1.5537706264182e-16,2.5375,0,90
186,41.2000000000003,4,299.466832272387,-0.363839044691101,0,14.9993899891142,0.135277324264869,0,0.516728320963432
186,41.2000000000003,5,364.293720491301,0,0,15,0,0,0
186,41.2000000000003,6,84.1037951668167,2.79392045454546,0,1.5537706264182e-16,2.5375,0,90
186,41.3000000000003,1,399.000000000002,0,0,15,0,0,0
186,41.3000000000003,2,146.748683528228,0,0,1.02857142857143,0,0,0
186,41.3000000000003,3,300.318327260351,2.79392045454546,0,1.5537706264182e-16,2.5375,0,90
186,41.3000000000003,4,299.466832272387,-0.363839044691101,0,14.9993899891142,0.135277324264869,0,0.516728320963432
186,41.3000000000003,5,364.293720491301,0,0,15,0,0,0
186,41.3000000000003,6,84.1037951668167,2.79392045454546,0,1.5537706264182e-16,2.5375,0,90
186,41.4000000000003,1,399.000000000002,0,0,15,0,0,0
186,41.4000000000003,2,146.748683528228,0,0,1.02857142857143,0,0,0
186,41.4000000000003,3,300.318327260351,2.79392045454546,0,1.5537706264182e-16,2.5375,0,90
186,41.4000000000003,4,299.466832272387,-0.363839044691101,0,14.9993899891142,0.135277324264869,0,0.516728320963432
186,41.4000000000003,5,364.293720491301,0,0,15,0,0,0
186,41.4000000000003,6,84.1037951668167,2.79392045454546,0,1.5537706264182e-16,2.5375,0,90
186,41.5000000000003,1,399.000000000002,0,0,15,0,0,0
186,41.5000000000003,2,146.748683528228,0,0,1.02857142857143,0,0,0
186,41.5000000000003,3,300.318327260351,2.79392045454546,0,1.5537706264182e-16,2.5375,0,90
186,41.5000000000003,4,299.466832272387,-0.363839044691101,0,14.9993899891142,0.135277324264869,0,0.516728320963432
186,41.5000000000003,5,364.293720491301,0,0,15,0,0,0
186,41.5000000000003,6,84.1037951668167,2.79392045454546,0,1.5537706264182e-16,2.5375,0,90
186,41.6000000000003,1,399.000000000002,0,0,15,0,0,0
186,41.6000000000003,2,146.748683528228,0,0,1.02857142857143,0,0,0
186,41.6000000000003,3,300.318327260351,2.79392045454546,0,1.5537706264182e-16,2.5375,0,90
186,41.6000000000003,4,299.466832272387,-0.363839044691101,0,14.9993899891142,0.135277324264869,0,0.516728320963432
186,41.6000000000003,5,364.293720491301,0,0,15,0,0,0
186,41.6000000000003,6,84.1037951668167,2.79392045454546,0,1.5537706264182e-16,2.5375,0,90
186,41.7000000000003,1,399.000000000002,0,0,15,0,0,0
186,41.7000000000003,2,146.748683528228,0,0,1.02857142857143,0,0,0
186,41.7000000000003,3,300.318327260351,2.79392045454546,0,1.5537706264182e-16,2.5375,0,90
186,41.7000000000003,4,299.466832272387,-0.363839044691101,0,14.9993899891142,0.135277324264869,0,0.516728320963432
186,41.7000000000003,5,364.293720491301,0,0,15,0,0,0
186,41.7000000000003,6,84.1037951668167,2.79392045454546,0,1.5537706264182e-16,2.5375,0,90
186,41.8000000000003,1,399.000000000002,0,0,15,0,0,0
186,41.8000000000003,2,146.748683528228,0,0,1.02857142857143,0,0,0
186,41.8000000000003,3,300.318327260351,2.79392045454546,0,1.5537706264182e-16,2.5375,0,90
186,41.8000000000003,4,299.466832272387,-0.363839044691101,0,14.9993899891142,0.135277324264869,0,0.516728320963432
186,41.8000000000003,5,364.293720491301,0,0,15,0,0,0
186,41.8000000000003,6,84.1037951668167,2.79392045454546,0,1.5537706264182e-16,2.5375,0,90
186,41.9000000000003,1,399.000000000002,0,0,15,0,0,0
186,41.9000000000003,2,146.748683528228,0,0,1.02857142857143,0,0,0
186,41.9000000000003,3,300.318327260351,2.79392045454546,0,1.5537706264182e-16,2.5375,0,90
186,41.9000000000003,4,299.466832272387,-0.363839044691101,0,14.9993899891142,0.135277324264869,0,0.516728320963432
186,41.9000000000003,5,364.293720491301,0,0,15,0,0,0
186,41.9000000000003,6,84.1037951668167,2.79392045454546,0,1.5537706264182e-16,2.5375,0,90
186,42.0000000000003,1,399.000000000002,0,0,15,0,0,0
186,42.0000000000003,2,146.748683528228,0,0,1.02857142857143,0,0,0
186,42.0000000000003,3,300.318327260351,2.79392045454546,0,1.5537706264182e-16,2.5375,0,90
186,42.0000000000003,4,299.466832272387,-0.363839044691101,0,14.9993899891142,0.135277324264869,0,0.516728320963432
186,42.0000000000003,5,364.293720491301,0,0,15,0,0,0
186,42.0000000000003,6,84.1037951668167,2.79392045454546,0,1.5537706264182e-16,2.5375,0,90
186,42.1000000000003,1,399.000000000002,0,0,15,0,0,0
186,42.1000000000003,2,146.748683528228,0,0,1.02857142857143,0,0,0
186,42.1000000000003,3,300.318327260351,2.79392045454546,0,1.5537706264182e-16,2.5375,0,90
186,42.1000000000003,4,299.466832272387,-0.363839044691101,0,14.9993899891142,0.135277324264869,0,0.516728320963432
186,42.1000000000003,5,364.293720491301,0,0,15,0,0,0
186,42.1000000000003,6,84.1037951668167,2.79392045454546,0,1.5537706264182e-16,2.5375,0,90
186,42.2000000000003,1,399.000000000002,0,0,15,0,0,0
186,42.2000000000003,2,146.748683528228,0,0,1.02857142857143,0,0,0
186,42.2000000000003,3,300.318327260351,2.79392045454546,0,1.5537706264182e-16,2.5375,0,90
186,42.2000000000003,4,299.466832272387,-0.363839044691101,0,14.9993899891142,0.135277324264869,0,0.516728320963432
186,42.2000000000003,5,364.293720491301,0,0,15,0,0,0
186,42.2000000000003,6,84.1037951668167,2.79392045454546,0,1.5537706264182e-16,2.5375,0,90
186,42.3000000000003,1,399.000000000002,0,0,15,0,0,0
186,42.3000000000003,2,146.748683528228,0,0,1.02857142857143,0,0,0
186,42.3000000000003,3,300.318327260351,2.79392045454546,0,1.5537706264182e-16,2.5375,0,90
186,42.3000000000003,4,299.466832272387,-0.363839044691101,0,14.9993899891142,0.135277324264869,0,0.516728320963432
186,42.3000000000003,5,364.293720491301,0,0,15,0,0,0
186,42.3000000000003,6,84.1037951668167,2.79392045454546,0,1.5537706264182e-16,2.5375,0,90
186,42.4000000000003,1,399.000000000002,0,0,15,0,0,0
186,42.4000000000003,2,146.748683528228,0,0,1.02857142857143,0,0,0
186,42.4000000000003,3,300.318327260351,2.79392045454546,0,1.5537706264182e-16,2.5375,0,90
186,42.4000000000003,4,299.466832272387,-0.363839044691101,0,14.9993899891142,0.135277324264869,0,0.516728320963432
186,42.4000000000003,5,364.293720491301,0,0,15,0,0,0
186,42.4000000000003,6,84.1037951668167,2.79392045454546,0,1.5537706264182e-16,2.5375,0,90
186,42.5000000000003,1,399.000000000002,0,0,15,0,0,0
186,42.5000000000003,2,146.748683528228,0,0,1.02857142857143,0,0,0
186,42.5000000000003,3,300.318327260351,2.79392045454546,0,1.5537706264182e-16,2.5375,0,90
186,42.5000000000003,4,299.466832272387,-0.363839044691101,0,14.9993899891142,0.135277324264869,0,0.516728320963432
186,42.5000000000003,5,364.293720491301,0,0,15,0,0,0
186,42.5000000000003,6,84.1037951668167,2.79392045454546,0,1.5537706264182e-16,2.5375,0,90
186,42.6000000000003,1,399.000000000002,0,0,15,0,0,0
186,42.6000000000003,2,146.748683528228,0,0,1.02857142857143,0,0,0
186,42.6000000000003,3,300.318327260351,2.79392045454546,0,1.5537706264182e-16,2.5375,0,90
186,42.6000000000003,4,299.466832272387,-0.363839044691101,0,14.9993899891142,0.135277324264869,0,0.516728320963432
186,42.6000000000003,5,364.293720491301,0,0,15,0,0,0
186,42.6000000000003,6,84.1037951668167,2.79392045454546,0,1.5537706264182e-16,2.5375,0,90
186,42.7000000000003,1,399.000000000002,0,0,15,0,0,0
186,42.7000000000003,2,146.748683528228,0,0,1.02857142857143,0,0,0
186,42.7000000000003,3,300.318327260351,2.79392045454546,0,1.5537706264182e-16,2.5375,0,90
186,42.7000000000003,4,299.466832272387,-0.363839044691101,0,14.9993899891142,0.135277324264869,0,0.516728320963432
186,42.7000000000003,5,364.293720491301,0,0,15,0,0,0
186,42.7000000000003,6,84.1037951668167,2.79392045454546,0,1.5537706264182e-16,2.5375,0,90
186,42.8000000000003,1,399.000000000002,0,0,15,0,0,0
186,42.8000000000003,2,146.748683528228,0,0,1.02857142857143,0,0,0
186,42.8000000000003,3,300.318327260351,2.79392045454546,0,1.5537706264182e-16,2.5375,0,90
186,42.8000000000003,4,299.466832272387,-0.363839044691101,0,14.9993899891142,0.135277324264869,0,0.516728320963432
186,42.8000000000003,5,364.293720491301,0,0,15,0,0,0
186,42.8000000000003,6,84.1037951668167,2.79392045454546,0,1.5537706264182e-16,2.5375,0,90
186,42.9000000000003,1,399.000000000002,0,0,15,0,0,0
186,42.9000000000003,2,146.748683528228,0,0,1.02857142857143,0,0,0
186,42.9000000000003,3,300.318327260351,2.79392045454546,0,1.5537706264182e-16,2.5375,0,90
186,42.9000000000003,4,299.466832272387,-0.363839044691101,0,14.9993899891142,0.135277324264869,0,0.516728320963432
186,42.9000000000003,5,364.293720491301,0,0,15,0,0,0
186,42.9000000000003,6,84.1037951668167,2.79392045454546,0,1.5537706264182e-16,2.5375,0,90
186,43.0000000000003,1,399.000000000002,0,0,15,0,0,0
186,43.0000000000003,2,146.748683528228,0,0,1.02857142857143,0,0,0
186,43.0000000000003,3,300.318327260351,2.79392045454546,0,1.5537706264182e-16,2.5375,0,90
186,43.0000000000003,4,299.466832272387,-0.363839044691101,0,14.9993899891142,0.135277324264869,0,0.516728320963432
186,43.0000000000003,5,364.293720491301,0,0,15,0,0,0
186,43.0000000000003,6,84.1037951668167,2.79392045454546,0,1.5537706264182e-16,2.5375,0,90
186,43.1000000000003,1,399.000000000002,0,0,15,0,0,0
186,43.1000000000003,2,146.748683528228,0,0,1.02857142857143,0,0,0
186,43.1000000000003,3,300.318327260351,2.79392045454546,0,1.5537706264182e-16,2.5375,0,90
186,43.1000000000003,4,299.466832272387,-0.363839044691101,0,14.9993899891142,0.135277324264869,0,0.516728320963432
186,43.1000000000003,5,364.293720491301,0,0,15,0,0,0
186,43.1000000000003,6,84.1037951668167,2.79392045454546,0,1.5537706264182e-16,2.5375,0,90
186,43.2000000000003,1,399.000000000002,0,0,15,0,0,0
186,43.2000000000003,2,146.748683528228,0,0,1.02857142857143,0,0,0
186,43.2000000000003,3,300.318327260351,2.79392045454546,0,1.5537706264182e-16,2.5375,0,90
186,43.2000000000003,4,299.466832272387,-0.363839044691101,0,14.9993899891142,0.135277324264869,0,0.516728320963432
186,43.2000000000003,5,364.293720491301,0,0,15,0,0,0
186,43.2000000000003,6,84.1037951668167,2.79392045454546,0,1.5537706264182e-16,2.5375,0,90
186,43.3000000000003,1,399.000000000002,0,0,15,0,0,0
186,43.3000000000003,2,146.748683528228,0,0,1.02857142857143,0,0,0
186,43.3000000000003,3,300.318327260351,2.79392045454546,0,1.5537706264182e-16,2.5375,0,90
186,43.3000000000003,4,299.466832272387,-0.363839044691101,0,14.9993899891142,0.135277324264869,0,0.516728320963432
186,43.3000000000003,5,364.293720491301,0,0,15,0,0,0
186,43.3000000000003,6,84.1037951668167,2.79392045454546,0,1.5537706264182e-16,2.5375,0,90
186,43.4000000000003,1,399.000000000002,0,0,15,0,0,0
186,43.4000000000003,2,146.748683528228,0,0,1.02857142857143,0,0,0
186,43.4000000000003,3,300.318327260351,2.79392045454546,0,1.5537706264182e-16,2.5375,0,90
186,43.4000000000003,4,299.466832272387,-0.363839044691101,0,14.9993899891142,0.135277324264869,0,0.516728320963432
186,43.4000000000003,5,364.293720491301,0,0,15,0,0,0
186,43.4000000000003,6,84.1037951668167,2.79392045454546,0,1.5537706264182e-16,2.5375,0,90
186,43.5000000000003,1,399.000000000002,0,0,15,0,0,0
186,43.5000000000003,2,146.748683528228,0,0,1.02857142857143,0,0,0
186,43.5000000000003,3,300.318327260351,2.79392045454546,0,1.5537706264182e-16,2.5375,0,90
186,43.5000000000003,4,299.466832272387,-0.363839044691101,0,14.9993899891142,0.135277324264869,0,0.516728320963432
186,43.5000000000003,5,364.293720491301,0,0,15,0,0,0
186,43.5000000000003,6,84.1037951668167,2.79392045454546,0,1.5537706264182e-16,2.5375,0,90
186,43.6000000000003,1,399.000000000002,0,0,15,0,0,0
186,43.6000000000003,2,146.748683528228,0,0,1.02857142857143,0,0,0
186,43.6000000000003,3,300.318327260351,2.79392045454546,0,1.5537706264182e-16,2.5375,0,90
186,43.6000000000003,4,299.466832272387,-0.363839044691101,0,14.9993899891142,0.135277324264869,0,0.516728320963432
186,43.6000000000003,5,364.293720491301,0,0,15,0,0,0
186,43.6000000000003,6,84.1037951668167,2.79392045454546,0,1.5537706264182e-16,2.5375,0,90
186,43.7000000000004,1,399.000000000002,0,0,15,0,0,0
186,43.7000000000004,2,146.748683528228,0,0,1.02857142857143,0,0,0
186,43.7000000000004,3,300.318327260351,2.79392045454546,0,1.5537706264182e-16,2.5375,0,90
186,43.7000000000004,4,299.466832272387,-0.363839044691101,0,14.9993899891142,0.135277324264869,0,0.516728320963432
186,43.7000000000004,5,364.293720491301,0,0,15,0,0,0
186,43.7000000000004,6,84.1037951668167,2.79392045454546,0,1.5537706264182e-16,2.5375,0,90
186,43.8000000000004,1,399.000000000002,0,0,15,0,0,0
186,43.8000000000004,2,146.748683528228,0,0,1.02857142857143,0,0,0
186,43.8000000000004,3,300.318327260351,2.79392045454546,0,1.5537706264182e-16,2.5375,0,90
186,43.8000000000004,4,299.466832272387,-0.363839044691101,0,14.9993899891142,0.135277324264869,0,0.516728320963432
186,43.8000000000004,5,364.293720491301,0,0,15,0,0,0
186,43.8000000000004,6,84.1037951668167,2.79392045454546,0,1.5537706264182e-16,2.5375,0,90
186,43.9000000000004,1,399.000000000002,0,0,15,0,0,0
186,43.9000000000004,2,146.748683528228,0,0,1.02857142857143,0,0,0
186,43.9000000000004,3,300.318327260351,2.79392045454546,0,1.5537706264182e-16,2.5375,0,90
186,43.9000000000004,4,299.466832272387,-0.363839044691101,0,14.9993899891142,0.135277324264869,0,0.516728320963432
186,43.9000000000004,5,364.293720491301,0,0,15,0,0,0
186,43.9000000000004,6,84.1037951668167,2.79392045454546,0,1.5537706264182e-16,2.5375,0,90
186,44.0000000000004,1,399.000000000002,0,0,15,0,0,0
186,44.0000000000004,2,146.748683528228,0,0,1.02857142857143,0,0,0
186,44.0000000000004,3,300.318327260351,2.79392045454546,0,1.5537706264182e-16,2.5375,0,90
186,44.0000000000004,4,299.466832272387,-0.363839044691101,0,14.9993899891142,0.135277324264869,0,0.516728320963432
186,44.0000000000004,5,364.293720491301,0,0,15,0,0,0
186,44.0000000000004,6,84.1037951668167,2.79392045454546,0,1.5537706264182e-16,2.5375,0,90
186,44.1000000000004,1,399.000000000002,0,0,15,0,0,0
186,44.1000000000004,2,146.748683528228,0,0,1.02857142857143,0,0,0
186,44.1000000000004,3,300.318327260351,2.79392045454546,0,1.5537706264182e-16,2.5375,0,90
186,44.1000000000004,4,299.466832272387,-0.363839044691101,0,14.9993899891142,0.135277324264869,0,0.516728320963432
186,44.1000000000004,5,364.293720491301,0,0,15,0,0,0
186,44.1000000000004,6,84.1037951668167,2.79392045454546,0,1.5537706264182e-16,2.5375,0,90
186,44.2000000000004,1,399.000000000002,0,0,15,0,0,0
186,44.2000000000004,2,146.748683528228,0,0,1.02857142857143,0,0,0
186,44.2000000000004,3,300.318327260351,2.79392045454546,0,1.5537706264182e-16,2.5375,0,90
186,44.2000000000004,4,299.466832272387,-0.363839044691101,0,14.9993899891142,0.135277324264869,0,0.516728320963432
186,44.2000000000004,5,364.293720491301,0,0,15,0,0,0
186,44.2000000000004,6,84.1037951668167,2.79392045454546,0,1.5537706264182e-16,2.5375,0,90
186,44.3000000000004,1,399.000000000002,0,0,15,0,0,0
186,44.3000000000004,2,146.748683528228,0,0,1.02857142857143,0,0,0
186,44.3000000000004,3,300.318327260351,2.79392045454546,0,1.5537706264182e-16,2.5375,0,90
186,44.3000000000004,4,299.466832272387,-0.363839044691101,0,14.9993899891142,0.135277324264869,0,0.516728320963432
186,44.3000000000004,5,364.293720491301,0,0,15,0,0,0
186,44.3000000000004,6,84.1037951668167,2.79392045454546,0,1.5537706264182e-16,2.5375,0,90
186,44.4000000000004,1,399.000000000002,0,0,15,0,0,0
186,44.4000000000004,2,146.748683528228,0,0,1.02857142857143,0,0,0
186,44.4000000000004,3,300.318327260351,2.79392045454546,0,1.5537706264182e-16,2.5375,0,90
186,44.4000000000004,4,299.466832272387,-0.363839044691101,0,14.9993899891142,0.135277324264869,0,0.516728320963432
186,44.4000000000004,5,364.293720491301,0,0,15,0,0,0
186,44.4000000000004,6,84.1037951668167,2.79392045454546,0,1.5537706264182e-16,2.5375,0,90
186,44.5000000000004,1,399.000000000002,0,0,15,0,0,0
186,44.5000000000004,2,146.748683528228,0,0,1.02857142857143,0,0,0
186,44.5000000000004,3,300.318327260351,2.79392045454546,0,1.5537706264182e-16,2.5375,0,90
186,44.5000000000004,4,299.466832272387,-0.363839044691101,0,14.9993899891142,0.135277324264869,0,0.516728320963432
186,44.5000000000004,5,364.293720491301,0,0,15,0,0,0
186,44.5000000000004,6,84.1037951668167,2.79392045454546,0,1.5537706264182e-16,2.5375,0,90
186,44.6000000000004,1,399.000000000002,0,0,15,0,0,0
186,44.6000000000004,2,146.748683528228,0,0,1.02857142857143,0,0,0
186,44.6000000000004,3,300.318327260351,2.79392045454546,0,1.5537706264182e-16,2.5375,0,90
186,44.6000000000004,4,299.466832272387,-0.363839044691101,0,14.9993899891142,0.135277324264869,0,0.516728320963432
186,44.6000000000004,5,364.293720491301,0,0,15,0,0,0
186,44.6000000000004,6,84.1037951668167,2.79392045454546,0,1.5537706264182e-16,2.5375,0,90
186,44.7000000000004,1,399.000000000002,0,0,15,0,0,0
186,44.7000000000004,2,146.748683528228,0,0,1.02857142857143,0,0,0
186,44.7000000000004,3,300.318327260351,2.79392045454546,0,1.5537706264182e-16,2.5375,0,90
186,44.7000000000004,4,299.466832272387,-0.363839044691101,0,14.9993899891142,0.135277324264869,0,0.516728320963432
186,44.7000000000004,5,364.293720491301,0,0,15,0,0,0
186,44.7000000000004,6,84.1037951668167,2.79392045454546,0,1.5537706264182e-16,2.5375,0,90
186,44.8000000000004,1,399.000000000002,0,0,15,0,0,0
186,44.8000000000004,2,146.748683528228,0,0,1.02857142857143,0,0,0
186,44.8000000000004,3,300.318327260351,2.79392045454546,0,1.5537706264182e-16,2.5375,0,90
186,44.8000000000004,4,299.466832272387,-0.363839044691101,0,14.9993899891142,0.135277324264869,0,0.516728320963432
186,44.8000000000004,5,364.293720491301,0,0,15,0,0,0
186,44.8000000000004,6,84.1037951668167,2.79392045454546,0,1.5537706264182e-16,2.5375,0,90
186,44.9000000000004,1,399.000000000002,0,0,15,0,0,0
186,44.9000000000004,2,146.748683528228,0,0,1.02857142857143,0,0,0
186,44.9000000000004,3,300.318327260351,2.79392045454546,0,1.5537706264182e-16,2.5375,0,90
186,44.9000000000004,4,299.466832272387,-0.363839044691101,0,14.9993899891142,0.135277324264869,0,0.516728320963432
186,44.9000000000004,5,364.293720491301,0,0,15,0,0,0
186,44.9000000000004,6,84.1037951668167,2.79392045454546,0,1.5537706264182e-16,2.5375,0,90
186,45.0000000000004,1,399.000000000002,0,0,15,0,0,0
186,45.0000000000004,2,146.748683528228,0,0,1.02857142857143,0,0,0
186,45.0000000000004,3,300.318327260351,2.79392045454546,0,1.5537706264182e-16,2.5375,0,90
186,45.0000000000004,4,299.466832272387,-0.363839044691101,0,14.9993899891142,0.135277324264869,0,0.516728320963432
186,45.0000000000004,5,364.293720491301,0,0,15,0,0,0
186,45.0000000000004,6,84.1037951668167,2.79392045454546,0,1.5537706264182e-16,2.5375,0,90
186,45.1000000000004,1,399.000000000002,0,0,15,0,0,0
186,45.1000000000004,2,146.748683528228,0,0,1.02857142857143,0,0,0
186,45.1000000000004,3,300.318327260351,2.79392045454546,0,1.5537706264182e-16,2.5375,0,90
186,45.1000000000004,4,299.466832272387,-0.363839044691101,0,14.9993899891142,0.135277324264869,0,0.516728320963432
186,45.1000000000004,5,364.293720491301,0,0,15,0,0,0
186,45.1000000000004,6,84.1037951668167,2.79392045454546,0,1.5537706264182e-16,2.5375,0,90
186,45.2000000000004,1,399.000000000002,0,0,15,0,0,0
186,45.2000000000004,2,146.748683528228,0,0,1.02857142857143,0,0,0
186,45.2000000000004,3,300.318327260351,2.79392045454546,0,1.5537706264182e-16,2.5375,0,90
186,45.2000000000004,4,299.466832272387,-0.363839044691101,0,14.9993899891142,0.135277324264869,0,0.516728320963432
186,45.2000000000004,5,364.293720491301,0,0,15,0,0,0
186,45.2000000000004,6,84.1037951668167,2.79392045454546,0,1.5537706264182e-16,2.5375,0,90
186,45.3000000000004,1,399.000000000002,0,0,15,0,0,0
186,45.3000000000004,2,146.748683528228,0,0,1.02857142857143,0,0,0
186,45.3000000000004,3,300.318327260351,2.79392045454546,0,1.5537706264182e-16,2.5375,0,90
186,45.3000000000004,4,299.466832272387,-0.363839044691101,0,14.9993899891142,0.135277324264869,0,0.516728320963432
186,45.3000000000004,5,364.293720491301,0,0,15,0,0,0
186,45.3000000000004,6,84.1037951668167,2.79392045454546,0,1.5537706264182e-16,2.5375,0,90
186,45.4000000000004,1,399.000000000002,0,0,15,0,0,0
186,45.4000000000004,2,146.748683528228,0,0,1.02857142857143,0,0,0
186,45.4000000000004,3,300.318327260351,2.79392045454546,0,1.5537706264182e-16,2.5375,0,90
186,45.4000000000004,4,299.466832272387,-0.363839044691101,0,14.9993899891142,0.135277324264869,0,0.516728320963432
186,45.4000000000004,5,364.293720491301,0,0,15,0,0,0
186,45.4000000000004,6,84.1037951668167,2.79392045454546,0,1.5537706264182e-16,2.5375,0,90
186,45.5000000000004,1,399.000000000002,0,0,15,0,0,0
186,45.5000000000004,2,146.748683528228,0,0,1.02857142857143,0,0,0
186,45.5000000000004,3,300.318327260351,2.79392045454546,0,1.5537706264182e-16,2.5375,0,90
186,45.5000000000004,4,299.466832272387,-0.363839044691101,0,14.9993899891142,0.135277324264869,0,0.516728320963432
186,45.5000000000004,5,364.293720491301,0,0,15,0,0,0
186,45.5000000000004,6,84.1037951668167,2.79392045454546,0,1.5537706264182e-16,2.5375,0,90
186,45.6000000000004,1,399.000000000002,0,0,15,0,0,0
186,45.6000000000004,2,146.748683528228,0,0,1.02857142857143,0,0,0
186,45.6000000000004,3,300.318327260351,2.79392045454546,0,1.5537706264182e-16,2.5375,0,90
186,45.6000000000004,4,299.466832272387,-0.363839044691101,0,14.9993899891142,0.135277324264869,0,0.516728320963432
186,45.6000000000004,5,364.293720491301,0,0,15,0,0,0
186,45.6000000000004,6,84.1037951668167,2.79392045454546,0,1.5537706264182e-16,2.5375,0,90
186,45.7000000000004,1,399.000000000002,0,0,15,0,0,0
186,45.7000000000004,2,146.748683528228,0,0,1.02857142857143,0,0,0
186,45.7000000000004,3,300.318327260351,2.79392045454546,0,1.5537706264182e-16,2.5375,0,90
186,45.7000000000004,4,299.466832272387,-0.363839044691101,0,14.9993899891142,0.135277324264869,0,0.516728320963432
186,45.7000000000004,5,364.293720491301,0,0,15,0,0,0
186,45.7000000000004,6,84.1037951668167,2.79392045454546,0,1.5537706264182e-16,2.5375,0,90
186,45.8000000000004,1,399.000000000002,0,0,15,0,0,0
186,45.8000000000004,2,146.748683528228,0,0,1.02857142857143,0,0,0
186,45.8000000000004,3,300.318327260351,2.79392045454546,0,1.5537706264182e-16,2.5375,0,90
186,45.8000000000004,4,299.466832272387,-0.363839044691101,0,14.9993899891142,0.135277324264869,0,0.516728320963432
186,45.8000000000004,5,364.293720491301,0,0,15,0,0,0
186,45.8000000000004,6,84.1037951668167,2.79392045454546,0,1.5537706264182e-16,2.5375,0,90
186,45.9000000000004,1,399.000000000002,0,0,15,0,0,0
186,45.9000000000004,2,146.748683528228,0,0,1.02857142857143,0,0,0
186,45.9000000000004,3,300.318327260351,2.79392045454546,0,1.5537706264182e-16,2.5375,0,90
186,45.9000000000004,4,299.466832272387,-0.363839044691101,0,14.9993899891142,0.135277324264869,0,0.516728320963432
186,45.9000000000004,5,364.293720491301,0,0,15,0,0,0
186,45.9000000000004,6,84.1037951668167,2.79392045454546,0,1.5537706264182e-16,2.5375,0,90
186,46.0000000000004,1,399.000000000002,0,0,15,0,0,0
186,46.0000000000004,2,146.748683528228,0,0,1.02857142857143,0,0,0
186,46.0000000000004,3,300.318327260351,2.79392045454546,0,1.5537706264182e-16,2.5375,0,90
186,46.0000000000004,4,299.466832272387,-0.363839044691101,0,14.9993899891142,0.135277324264869,0,0.516728320963432
186,46.0000000000004,5,364.293720491301,0,0,15,0,0,0
186,46.0000000000004,6,84.1037951668167,2.79392045454546,0,1.5537706264182e-16,2.5375,0,90
186,46.1000000000004,1,399.000000000002,0,0,15,0,0,0
186,46.1000000000004,2,146.748683528228,0,0,1.02857142857143,0,0,0
186,46.1000000000004,3,300.318327260351,2.79392045454546,0,1.5537706264182e-16,2.5375,0,90
186,46.1000000000004,4,299.466832272387,-0.363839044691101,0,14.9993899891142,0.135277324264869,0,0.516728320963432
186,46.1000000000004,5,364.293720491301,0,0,15,0,0,0
186,46.1000000000004,6,84.1037951668167,2.79392045454546,0,1.5537706264182e-16,2.5375,0,90
186,46.2000000000004,1,399.000000000002,0,0,15,0,0,0
186,46.2000000000004,2,146.748683528228,0,0,1.02857142857143,0,0,0
186,46.2000000000004,3,300.318327260351,2.79392045454546,0,1.5537706264182e-16,2.5375,0,90
186,46.2000000000004,4,299.466832272387,-0.363839044691101,0,14.9993899891142,0.135277324264869,0,0.516728320963432
186,46.2000000000004,5,364.293720491301,0,0,15,0,0,0
186,46.2000000000004,6,84.1037951668167,2.79392045454546,0,1.5537706264182e-16,2.5375,0,90
186,46.3000000000004,1,399.000000000002,0,0,15,0,0,0
186,46.3000000000004,2,146.748683528228,0,0,1.02857142857143,0,0,0
186,46.3000000000004,3,300.318327260351,2.79392045454546,0,1.5537706264182e-16,2.5375,0,90
186,46.3000000000004,4,299.466832272387,-0.363839044691101,0,14.9993899891142,0.135277324264869,0,0.516728320963432
186,46.3000000000004,5,364.293720491301,0,0,15,0,0,0
186,46.3000000000004,6,84.1037951668167,2.79392045454546,0,1.5537706264182e-16,2.5375,0,90
186,46.4000000000004,1,399.000000000002,0,0,15,0,0,0
186,46.4000000000004,2,146.748683528228,0,0,1.02857142857143,0,0,0
186,46.4000000000004,3,300.318327260351,2.79392045454546,0,1.5537706264182e-16,2.5375,0,90
186,46.4000000000004,4,299.466832272387,-0.363839044691101,0,14.9993899891142,0.135277324264869,0,0.516728320963432
186,46.4000000000004,5,364.293720491301,0,0,15,0,0,0
186,46.4000000000004,6,84.1037951668167,2.79392045454546,0,1.5537706264182e-16,2.5375,0,90
186,46.5000000000004,1,399.000000000002,0,0,15,0,0,0
186,46.5000000000004,2,146.748683528228,0,0,1.02857142857143,0,0,0
186,46.5000000000004,3,300.318327260351,2.79392045454546,0,1.5537706264182e-16,2.5375,0,90
186,46.5000000000004,4,299.466832272387,-0.363839044691101,0,14.9993899891142,0.135277324264869,0,0.516728320963432
186,46.5000000000004,5,364.293720491301,0,0,15,0,0,0
186,46.5000000000004,6,84.1037951668167,2.79392045454546,0,1.5537706264182e-16,2.5375,0,90
186,46.6000000000004,1,399.000000000002,0,0,15,0,0,0
186,46.6000000000004,2,146.748683528228,0,0,1.02857142857143,0,0,0
186,46.6000000000004,3,300.318327260351,2.79392045454546,0,1.5537706264182e-16,2.5375,0,90
186,46.6000000000004,4,299.466832272387,-0.363839044691101,0,14.9993899891142,0.135277324264869,0,0.516728320963432
186,46.6000000000004,5,364.293720491301,0,0,15,0,0,0
186,46.6000000000004,6,84.1037951668167,2.79392045454546,0,1.5537706264182e-16,2.5375,0,90
186,46.7000000000004,1,399.000000000002,0,0,15,0,0,0
186,46.7000000000004,2,146.748683528228,0,0,1.02857142857143,0,0,0
186,46.7000000000004,3,300.318327260351,2.79392045454546,0,1.5537706264182e-16,2.5375,0,90
186,46.7000000000004,4,299.466832272387,-0.363839044691101,0,14.9993899891142,0.135277324264869,0,0.516728320963432
186,46.7000000000004,5,364.293720491301,0,0,15,0,0,0
186,46.7000000000004,6,84.1037951668167,2.79392045454546,0,1.5537706264182e-16,2.5375,0,90
186,46.8000000000004,1,399.000000000002,0,0,15,0,0,0
186,46.8000000000004,2,146.748683528228,0,0,1.02857142857143,0,0,0
186,46.8000000000004,3,300.318327260351,2.79392045454546,0,1.5537706264182e-16,2.5375,0,90
186,46.8000000000004,4,299.466832272387,-0.363839044691101,0,14.9993899891142,0.135277324264869,0,0.516728320963432
186,46.8000000000004,5,364.293720491301,0,0,15,0,0,0
186,46.8000000000004,6,84.1037951668167,2.79392045454546,0,1.5537706264182e-16,2.5375,0,90
186,46.9000000000004,1,399.000000000002,0,0,15,0,0,0
186,46.9000000000004,2,146.748683528228,0,0,1.02857142857143,0,0,0
186,46.9000000000004,3,300.318327260351,2.79392045454546,0,1.5537706264182e-16,2.5375,0,90
186,46.9000000000004,4,299.466832272387,-0.363839044691101,0,14.9993899891142,0.135277324264869,0,0.516728320963432
186,46.9000000000004,5,364.293720491301,0,0,15,0,0,0
186,46.9000000000004,6,84.1037951668167,2.79392045454546,0,1.5537706264182e-16,2.5375,0,90
186,47.0000000000004,1,399.000000000002,0,0,15,0,0,0
186,47.0000000000004,2,146.748683528228,0,0,1.02857142857143,0,0,0
186,47.0000000000004,3,300.318327260351,2.79392045454546,0,1.5537706264182e-16,2.5375,0,90
186,47.0000000000004,4,299.466832272387,-0.363839044691101,0,14.9993899891142,0.135277324264869,0,0.516728320963432
186,47.0000000000004,5,364.293720491301,0,0,15,0,0,0
186,47.0000000000004,6,84.1037951668167,2.79392045454546,0,1.5537706264182e-16,2.5375,0,90
186,47.1000000000004,1,399.000000000002,0,0,15,0,0,0
186,47.1000000000004,2,146.748683528228,0,0,1.02857142857143,0,0,0
186,47.1000000000004,3,300.318327260351,2.79392045454546,0,1.5537706264182e-16,2.5375,0,90
186,47.1000000000004,4,299.466832272387,-0.363839044691101,0,14.9993899891142,0.135277324264869,0,0.516728320963432
186,47.1000000000004,5,364.293720491301,0,0,15,0,0,0
186,47.1000000000004,6,84.1037951668167,2.79392045454546,0,1.5537706264182e-16,2.5375,0,90
186,47.2000000000004,1,399.000000000002,0,0,15,0,0,0
186,47.2000000000004,2,146.748683528228,0,0,1.02857142857143,0,0,0
186,47.2000000000004,3,300.318327260351,2.79392045454546,0,1.5537706264182e-16,2.5375,0,90
186,47.2000000000004,4,299.466832272387,-0.363839044691101,0,14.9993899891142,0.135277324264869,0,0.516728320963432
186,47.2000000000004,5,364.293720491301,0,0,15,0,0,0
186,47.2000000000004,6,84.1037951668167,2.79392045454546,0,1.5537706264182e-16,2.5375,0,90
186,47.3000000000004,1,399.000000000002,0,0,15,0,0,0
186,47.3000000000004,2,146.748683528228,0,0,1.02857142857143,0,0,0
186,47.3000000000004,3,300.318327260351,2.79392045454546,0,1.5537706264182e-16,2.5375,0,90
186,47.3000000000004,4,299.466832272387,-0.363839044691101,0,14.9993899891142,0.135277324264869,0,0.516728320963432
186,47.3000000000004,5,364.293720491301,0,0,15,0,0,0
186,47.3000000000004,6,84.1037951668167,2.79392045454546,0,1.5537706264182e-16,2.5375,0,90
186,47.4000000000004,1,399.000000000002,0,0,15,0,0,0
186,47.4000000000004,2,146.748683528228,0,0,1.02857142857143,0,0,0
186,47.4000000000004,3,300.318327260351,2.79392045454546,0,1.5537706264182e-16,2.5375,0,90
186,47.4000000000004,4,299.466832272387,-0.363839044691101,0,14.9993899891142,0.135277324264869,0,0.516728320963432
186,47.4000000000004,5,364.293720491301,0,0,15,0,0,0
186,47.4000000000004,6,84.1037951668167,2.79392045454546,0,1.5537706264182e-16,2.5375,0,90
186,47.5000000000004,1,399.000000000002,0,0,15,0,0,0
186,47.5000000000004,2,146.748683528228,0,0,1.02857142857143,0,0,0
186,47.5000000000004,3,300.318327260351,2.79392045454546,0,1.5537706264182e-16,2.5375,0,90
186,47.5000000000004,4,299.466832272387,-0.363839044691101,0,14.9993899891142,0.135277324264869,0,0.516728320963432
186,47.5000000000004,5,364.293720491301,0,0,15,0,0,0
186,47.5000000000004,6,84.1037951668167,2.79392045454546,0,1.5537706264182e-16,2.5375,0,90
186,47.6000000000004,1,399.000000000002,0,0,15,0,0,0
186,47.6000000000004,2,146.748683528228,0,0,1.02857142857143,0,0,0
186,47.6000000000004,3,300.318327260351,2.79392045454546,0,1.5537706264182e-16,2.5375,0,90
186,47.6000000000004,4,299.466832272387,-0.363839044691101,0,14.9993899891142,0.135277324264869,0,0.516728320963432
186,47.6000000000004,5,364.293720491301,0,0,15,0,0,0
186,47.6000000000004,6,84.1037951668167,2.79392045454546,0,1.5537706264182e-16,2.5375,0,90
186,47.7000000000004,1,399.000000000002,0,0,15,0,0,0
186,47.7000000000004,2,146.748683528228,0,0,1.02857142857143,0,0,0
186,47.7000000000004,3,300.318327260351,2.79392045454546,0,1.5537706264182e-16,2.5375,0,90
186,47.7000000000004,4,299.466832272387,-0.363839044691101,0,14.9993899891142,0.135277324264869,0,0.516728320963432
186,47.7000000000004,5,364.293720491301,0,0,15,0,0,0
186,47.7000000000004,6,84.1037951668167,2.79392045454546,0,1.5537706264182e-16,2.5375,0,90
186,47.8000000000004,1,399.000000000002,0,0,15,0,0,0
186,47.8000000000004,2,146.748683528228,0,0,1.02857142857143,0,0,0
186,47.8000000000004,3,300.318327260351,2.79392045454546,0,1.5537706264182e-16,2.5375,0,90
186,47.8000000000004,4,299.466832272387,-0.363839044691101,0,14.9993899891142,0.135277324264869,0,0.516728320963432
186,47.8000000000004,5,364.293720491301,0,0,15,0,0,0
186,47.8000000000004,6,84.1037951668167,2.79392045454546,0,1.5537706264182e-16,2.5375,0,90
186,47.9000000000004,1,399.000000000002,0,0,15,0,0,0
186,47.9000000000004,2,146.748683528228,0,0,1.02857142857143,0,0,0
186,47.9000000000004,3,300.318327260351,2.79392045454546,0,1.5537706264182e-16,2.5375,0,90
186,47.9000000000004,4,299.466832272387,-0.363839044691101,0,14.9993899891142,0.135277324264869,0,0.516728320963432
186,47.9000000000004,5,364.293720491301,0,0,15,0,0,0
186,47.9000000000004,6,84.1037951668167,2.79392045454546,0,1.5537706264182e-16,2.5375,0,90
186,48.0000000000004,1,399.000000000002,0,0,15,0,0,0
186,48.0000000000004,2,146.748683528228,0,0,1.02857142857143,0,0,0
186,48.0000000000004,3,300.318327260351,2.79392045454546,0,1.5537706264182e-16,2.5375,0,90
186,48.0000000000004,4,299.466832272387,-0.363839044691101,0,14.9993899891142,0.135277324264869,0,0.516728320963432
186,48.0000000000004,5,364.293720491301,0,0,15,0,0,0
186,48.0000000000004,6,84.1037951668167,2.79392045454546,0,1.5537706264182e-16,2.5375,0,90
186,48.1000000000004,1,399.000000000002,0,0,15,0,0,0
186,48.1000000000004,2,146.748683528228,0,0,1.02857142857143,0,0,0
186,48.1000000000004,3,300.318327260351,2.79392045454546,0,1.5537706264182e-16,2.5375,0,90
186,48.1000000000004,4,299.466832272387,-0.363839044691101,0,14.9993899891142,0.135277324264869,0,0.516728320963432
186,48.1000000000004,5,364.293720491301,0,0,15,0,0,0
186,48.1000000000004,6,84.1037951668167,2.79392045454546,0,1.5537706264182e-16,2.5375,0,90
186,48.2000000000004,1,399.000000000002,0,0,15,0,0,0
186,48.2000000000004,2,146.748683528228,0,0,1.02857142857143,0,0,0
186,48.2000000000004,3,300.318327260351,2.79392045454546,0,1.5537706264182e-16,2.5375,0,90
186,48.2000000000004,4,299.466832272387,-0.363839044691101,0,14.9993899891142,0.135277324264869,0,0.516728320963432
186,48.2000000000004,5,364.293720491301,0,0,15,0,0,0
186,48.2000000000004,6,84.1037951668167,2.79392045454546,0,1.5537706264182e-16,2.5375,0,90
186,48.3000000000004,1,399.000000000002,0,0,15,0,0,0
186,48.3000000000004,2,146.748683528228,0,0,1.02857142857143,0,0,0
186,48.3000000000004,3,300.318327260351,2.79392045454546,0,1.5537706264182e-16,2.5375,0,90
186,48.3000000000004,4,299.466832272387,-0.363839044691101,0,14.9993899891142,0.135277324264869,0,0.516728320963432
186,48.3000000000004,5,364.293720491301,0,0,15,0,0,0
186,48.3000000000004,6,84.1037951668167,2.79392045454546,0,1.5537706264182e-16,2.5375,0,90
186,48.4000000000004,1,399.000000000002,0,0,15,0,0,0
186,48.4000000000004,2,146.748683528228,0,0,1.02857142857143,0,0,0
186,48.4000000000004,3,300.318327260351,2.79392045454546,0,1.5537706264182e-16,2.5375,0,90
186,48.4000000000004,4,299.466832272387,-0.363839044691101,0,14.9993899891142,0.135277324264869,0,0.516728320963432
186,48.4000000000004,5,364.293720491301,0,0,15,0,0,0
186,48.4000000000004,6,84.1037951668167,2.79392045454546,0,1.5537706264182e-16,2.5375,0,90
186,48.5000000000004,1,399.000000000002,0,0,15,0,0,0
186,48.5000000000004,2,146.748683528228,0,0,1.02857142857143,0,0,0
186,48.5000000000004,3,300.318327260351,2.79392045454546,0,1.5537706264182e-16,2.5375,0,90
186,48.5000000000004,4,299.466832272387,-0.363839044691101,0,14.9993899891142,0.135277324264869,0,0.516728320963432
186,48.5000000000004,5,364.293720491301,0,0,15,0,0,0
186,48.5000000000004,6,84.1037951668167,2.79392045454546,0,1.5537706264182e-16,2.5375,0,90
186,48.6000000000004,1,399.000000000002,0,0,15,0,0,0
186,48.6000000000004,2,146.748683528228,0,0,1.02857142857143,0,0,0
186,48.6000000000004,3,300.318327260351,2.79392045454546,0,1.5537706264182e-16,2.5375,0,90
186,48.6000000000004,4,299.466832272387,-0.363839044691101,0,14.9993899891142,0.135277324264869,0,0.516728320963432
186,48.6000000000004,5,364.293720491301,0,0,15,0,0,0
186,48.6000000000004,6,84.1037951668167,2.79392045454546,0,1.5537706264182e-16,2.5375,0,90
186,48.7000000000004,1,399.000000000002,0,0,15,0,0,0
186,48.7000000000004,2,146.748683528228,0,0,1.02857142857143,0,0,0
186,48.7000000000004,3,300.318327260351,2.79392045454546,0,1.5537706264182e-16,2.5375,0,90
186,48.7000000000004,4,299.466832272387,-0.363839044691101,0,14.9993899891142,0.135277324264869,0,0.516728320963432
186,48.7000000000004,5,364.293720491301,0,0,15,0,0,0
186,48.7000000000004,6,84.1037951668167,2.79392045454546,0,1.5537706264182e-16,2.5375,0,90
186,48.8000000000004,1,399.000000000002,0,0,15,0,0,0
186,48.8000000000004,2,146.748683528228,0,0,1.02857142857143,0,0,0
186,48.8000000000004,3,300.318327260351,2.79392045454546,0,1.5537706264182e-16,2.5375,0,90
186,48.8000000000004,4,299.466832272387,-0.363839044691101,0,14.9993899891142,0.135277324264869,0,0.516728320963432
186,48.8000000000004,5,364.293720491301,0,0,15,0,0,0
186,48.8000000000004,6,84.1037951668167,2.79392045454546,0,1.5537706264182e-16,2.5375,0,90
186,48.9000000000004,1,399.000000000002,0,0,15,0,0,0
186,48.9000000000004,2,146.748683528228,0,0,1.02857142857143,0,0,0
186,48.9000000000004,3,300.318327260351,2.79392045454546,0,1.5537706264182e-16,2.5375,0,90
186,48.9000000000004,4,299.466832272387,-0.363839044691101,0,14.9993899891142,0.135277324264869,0,0.516728320963432
186,48.9000000000004,5,364.293720491301,0,0,15,0,0,0
186,48.9000000000004,6,84.1037951668167,2.79392045454546,0,1.5537706264182e-16,2.5375,0,90
186,49.0000000000004,1,399.000000000002,0,0,15,0,0,0
186,49.0000000000004,2,146.748683528228,0,0,1.02857142857143,0,0,0
186,49.0000000000004,3,300.318327260351,2.79392045454546,0,1.5537706264182e-16,2.5375,0,90
186,49.0000000000004,4,299.466832272387,-0.363839044691101,0,14.9993899891142,0.135277324264869,0,0.516728320963432
186,49.0000000000004,5,364.293720491301,0,0,15,0,0,0
186,49.0000000000004,6,84.1037951668167,2.79392045454546,0,1.5537706264182e-16,2.5375,0,90
186,49.1000000000004,1,399.000000000002,0,0,15,0,0,0
186,49.1000000000004,2,146.748683528228,0,0,1.02857142857143,0,0,0
186,49.1000000000004,3,300.318327260351,2.79392045454546,0,1.5537706264182e-16,2.5375,0,90
186,49.1000000000004,4,299.466832272387,-0.363839044691101,0,14.9993899891142,0.135277324264869,0,0.516728320963432
186,49.1000000000004,5,364.293720491301,0,0,15,0,0,0
186,49.1000000000004,6,84.1037951668167,2.79392045454546,0,1.5537706264182e-16,2.5375,0,90
186,49.2000000000004,1,399.000000000002,0,0,15,0,0,0
186,49.2000000000004,2,146.748683528228,0,0,1.02857142857143,0,0,0
186,49.2000000000004,3,300.318327260351,2.79392045454546,0,1.5537706264182e-16,2.5375,0,90
186,49.2000000000004,4,299.466832272387,-0.363839044691101,0,14.9993899891142,0.135277324264869,0,0.516728320963432
186,49.2000000000004,5,364.293720491301,0,0,15,0,0,0
186,49.2000000000004,6,84.1037951668167,2.79392045454546,0,1.5537706264182e-16,2.5375,0,90
186,49.3000000000004,1,399.000000000002,0,0,15,0,0,0
186,49.3000000000004,2,146.748683528228,0,0,1.02857142857143,0,0,0
186,49.3000000000004,3,300.318327260351,2.79392045454546,0,1.5537706264182e-16,2.5375,0,90
186,49.3000000000004,4,299.466832272387,-0.363839044691101,0,14.9993899891142,0.135277324264869,0,0.516728320963432
186,49.3000000000004,5,364.293720491301,0,0,15,0,0,0
186,49.3000000000004,6,84.1037951668167,2.79392045454546,0,1.5537706264182e-16,2.5375,0,90
186,49.4000000000004,1,399.000000000002,0,0,15,0,0,0
186,49.4000000000004,2,146.748683528228,0,0,1.02857142857143,0,0,0
186,49.4000000000004,3,300.318327260351,2.79392045454546,0,1.5537706264182e-16,2.5375,0,90
186,49.4000000000004,4,299.466832272387,-0.363839044691101,0,14.9993899891142,0.135277324264869,0,0.516728320963432
186,49.4000000000004,5,364.293720491301,0,0,15,0,0,0
186,49.4000000000004,6,84.1037951668167,2.79392045454546,0,1.5537706264182e-16,2.5375,0,90
186,49.5000000000004,1,399.000000000002,0,0,15,0,0,0
186,49.5000000000004,2,146.748683528228,0,0,1.02857142857143,0,0,0
186,49.5000000000004,3,300.318327260351,2.79392045454546,0,1.5537706264182e-16,2.5375,0,90
186,49.5000000000004,4,299.466832272387,-0.363839044691101,0,14.9993899891142,0.135277324264869,0,0.516728320963432
186,49.5000000000004,5,364.293720491301,0,0,15,0,0,0
186,49.5000000000004,6,84.1037951668167,2.79392045454546,0,1.5537706264182e-16,2.5375,0,90
186,49.6000000000004,1,399.000000000002,0,0,15,0,0,0
186,49.6000000000004,2,146.748683528228,0,0,1.02857142857143,0,0,0
186,49.6000000000004,3,300.318327260351,2.79392045454546,0,1.5537706264182e-16,2.5375,0,90
186,49.6000000000004,4,299.466832272387,-0.363839044691101,0,14.9993899891142,0.135277324264869,0,0.516728320963432
186,49.6000000000004,5,364.293720491301,0,0,15,0,0,0
186,49.6000000000004,6,84.1037951668167,2.79392045454546,0,1.5537706264182e-16,2.5375,0,90
186,49.7000000000004,1,399.000000000002,0,0,15,0,0,0
186,49.7000000000004,2,146.748683528228,0,0,1.02857142857143,0,0,0
186,49.7000000000004,3,300.318327260351,2.79392045454546,0,1.5537706264182e-16,2.5375,0,90
186,49.7000000000004,4,299.466832272387,-0.363839044691101,0,14.9993899891142,0.135277324264869,0,0.516728320963432
186,49.7000000000004,5,364.293720491301,0,0,15,0,0,0
186,49.7000000000004,6,84.1037951668167,2.79392045454546,0,1.5537706264182e-16,2.5375,0,90
186,49.8000000000004,1,399.000000000002,0,0,15,0,0,0
186,49.8000000000004,2,146.748683528228,0,0,1.02857142857143,0,0,0
186,49.8000000000004,3,300.318327260351,2.79392045454546,0,1.5537706264182e-16,2.5375,0,90
186,49.8000000000004,4,299.466832272387,-0.363839044691101,0,14.9993899891142,0.135277324264869,0,0.516728320963432
186,49.8000000000004,5,364.293720491301,0,0,15,0,0,0
186,49.8000000000004,6,84.1037951668167,2.79392045454546,0,1.5537706264182e-16,2.5375,0,90
186,49.9000000000004,1,399.000000000002,0,0,15,0,0,0
186,49.9000000000004,2,146.748683528228,0,0,1.02857142857143,0,0,0
186,49.9000000000004,3,300.318327260351,2.79392045454546,0,1.5537706264182e-16,2.5375,0,90
186,49.9000000000004,4,299.466832272387,-0.363839044691101,0,14.9993899891142,0.135277324264869,0,0.516728320963432
186,49.9000000000004,5,364.293720491301,0,0,15,0,0,0
186,49.9000000000004,6,84.1037951668167,2.79392045454546,0,1.5537706264182e-16,2.5375,0,90
186,50.0000000000004,1,399.000000000002,0,0,15,0,0,0
186,50.0000000000004,2,146.748683528228,0,0,1.02857142857143,0,0,0
186,50.0000000000004,3,300.318327260351,2.79392045454546,0,1.5537706264182e-16,2.5375,0,90
186,50.0000000000004,4,299.466832272387,-0.363839044691101,0,14.9993899891142,0.135277324264869,0,0.516728320963432
186,50.0000000000004,5,364.293720491301,0,0,15,0,0,0
186,50.0000000000004,6,84.1037951668167,2.79392045454546,0,1.5537706264182e-16,2.5375,0,90
186,50.1000000000004,1,399.000000000002,0,0,15,0,0,0
186,50.1000000000004,2,146.748683528228,0,0,1.02857142857143,0,0,0
186,50.1000000000004,3,300.318327260351,2.79392045454546,0,1.5537706264182e-16,2.5375,0,90
186,50.1000000000004,4,299.466832272387,-0.363839044691101,0,14.9993899891142,0.135277324264869,0,0.516728320963432
186,50.1000000000004,5,364.293720491301,0,0,15,0,0,0
186,50.1000000000004,6,84.1037951668167,2.79392045454546,0,1.5537706264182e-16,2.5375,0,90
186,50.2000000000004,1,399.000000000002,0,0,15,0,0,0
186,50.2000000000004,2,146.748683528228,0,0,1.02857142857143,0,0,0
186,50.2000000000004,3,300.318327260351,2.79392045454546,0,1.5537706264182e-16,2.5375,0,90
186,50.2000000000004,4,299.466832272387,-0.363839044691101,0,14.9993899891142,0.135277324264869,0,0.516728320963432
186,50.2000000000004,5,364.293720491301,0,0,15,0,0,0
186,50.2000000000004,6,84.1037951668167,2.79392045454546,0,1.5537706264182e-16,2.5375,0,90
186,50.3000000000004,1,399.000000000002,0,0,15,0,0,0
186,50.3000000000004,2,146.748683528228,0,0,1.02857142857143,0,0,0
186,50.3000000000004,3,300.318327260351,2.79392045454546,0,1.5537706264182e-16,2.5375,0,90
186,50.3000000000004,4,299.466832272387,-0.363839044691101,0,14.9993899891142,0.135277324264869,0,0.516728320963432
186,50.3000000000004,5,364.293720491301,0,0,15,0,0,0
186,50.3000000000004,6,84.1037951668167,2.79392045454546,0,1.5537706264182e-16,2.5375,0,90
186,50.4000000000004,1,399.000000000002,0,0,15,0,0,0
186,50.4000000000004,2,146.748683528228,0,0,1.02857142857143,0,0,0
186,50.4000000000004,3,300.318327260351,2.79392045454546,0,1.5537706264182e-16,2.5375,0,90
186,50.4000000000004,4,299.466832272387,-0.363839044691101,0,14.9993899891142,0.135277324264869,0,0.516728320963432
186,50.4000000000004,5,364.293720491301,0,0,15,0,0,0
186,50.4000000000004,6,84.1037951668167,2.79392045454546,0,1.5537706264182e-16,2.5375,0,90
186,50.5000000000004,1,399.000000000002,0,0,15,0,0,0
186,50.5000000000004,2,146.748683528228,0,0,1.02857142857143,0,0,0
186,50.5000000000004,3,300.318327260351,2.79392045454546,0,1.5537706264182e-16,2.5375,0,90
186,50.5000000000004,4,299.466832272387,-0.363839044691101,0,14.9993899891142,0.135277324264869,0,0.516728320963432
186,50.5000000000004,5,364.293720491301,0,0,15,0,0,0
186,50.5000000000004,6,84.1037951668167,2.79392045454546,0,1.5537706264182e-16,2.5375,0,90
186,50.6000000000004,1,399.000000000002,0,0,15,0,0,0
186,50.6000000000004,2,146.748683528228,0,0,1.02857142857143,0,0,0
186,50.6000000000004,3,300.318327260351,2.79392045454546,0,1.5537706264182e-16,2.5375,0,90
186,50.6000000000004,4,299.466832272387,-0.363839044691101,0,14.9993899891142,0.135277324264869,0,0.516728320963432
186,50.6000000000004,5,364.293720491301,0,0,15,0,0,0
186,50.6000000000004,6,84.1037951668167,2.79392045454546,0,1.5537706264182e-16,2.5375,0,90
186,50.7000000000005,1,399.000000000002,0,0,15,0,0,0
186,50.7000000000005,2,146.748683528228,0,0,1.02857142857143,0,0,0
186,50.7000000000005,3,300.318327260351,2.79392045454546,0,1.5537706264182e-16,2.5375,0,90
186,50.7000000000005,4,299.466832272387,-0.363839044691101,0,14.9993899891142,0.135277324264869,0,0.516728320963432
186,50.7000000000005,5,364.293720491301,0,0,15,0,0,0
186,50.7000000000005,6,84.1037951668167,2.79392045454546,0,1.5537706264182e-16,2.5375,0,90
186,50.8000000000005,1,399.000000000002,0,0,15,0,0,0
186,50.8000000000005,2,146.748683528228,0,0,1.02857142857143,0,0,0
186,50.8000000000005,3,300.318327260351,2.79392045454546,0,1.5537706264182e-16,2.5375,0,90
186,50.8000000000005,4,299.466832272387,-0.363839044691101,0,14.9993899891142,0.135277324264869,0,0.516728320963432
186,50.8000000000005,5,364.293720491301,0,0,15,0,0,0
186,50.8000000000005,6,84.1037951668167,2.79392045454546,0,1.5537706264182e-16,2.5375,0,90
186,50.9000000000005,1,399.000000000002,0,0,15,0,0,0
186,50.9000000000005,2,146.748683528228,0,0,1.02857142857143,0,0,0
186,50.9000000000005,3,300.318327260351,2.79392045454546,0,1.5537706264182e-16,2.5375,0,90
186,50.9000000000005,4,299.466832272387,-0.363839044691101,0,14.9993899891142,0.135277324264869,0,0.516728320963432
186,50.9000000000005,5,364.293720491301,0,0,15,0,0,0
186,50.9000000000005,6,84.1037951668167,2.79392045454546,0,1.5537706264182e-16,2.5375,0,90
186,51.0000000000005,1,399.000000000002,0,0,15,0,0,0
186,51.0000000000005,2,146.748683528228,0,0,1.02857142857143,0,0,0
186,51.0000000000005,3,300.318327260351,2.79392045454546,0,1.5537706264182e-16,2.5375,0,90
186,51.0000000000005,4,299.466832272387,-0.363839044691101,0,14.9993899891142,0.135277324264869,0,0.516728320963432
186,51.0000000000005,5,364.293720491301,0,0,15,0,0,0
186,51.0000000000005,6,84.1037951668167,2.79392045454546,0,1.5537706264182e-16,2.5375,0,90
186,51.1000000000005,1,399.000000000002,0,0,15,0,0,0
186,51.1000000000005,2,146.748683528228,0,0,1.02857142857143,0,0,0
186,51.1000000000005,3,300.318327260351,2.79392045454546,0,1.5537706264182e-16,2.5375,0,90
186,51.1000000000005,4,299.466832272387,-0.363839044691101,0,14.9993899891142,0.135277324264869,0,0.516728320963432
186,51.1000000000005,5,364.293720491301,0,0,15,0,0,0
186,51.1000000000005,6,84.1037951668167,2.79392045454546,0,1.5537706264182e-16,2.5375,0,90
186,51.2000000000005,1,399.000000000002,0,0,15,0,0,0
186,51.2000000000005,2,146.748683528228,0,0,1.02857142857143,0,0,0
186,51.2000000000005,3,300.318327260351,2.79392045454546,0,1.5537706264182e-16,2.5375,0,90
186,51.2000000000005,4,299.466832272387,-0.363839044691101,0,14.9993899891142,0.135277324264869,0,0.516728320963432
186,51.2000000000005,5,364.293720491301,0,0,15,0,0,0
186,51.2000000000005,6,84.1037951668167,2.79392045454546,0,1.5537706264182e-16,2.5375,0,90
186,51.3000000000005,1,399.000000000002,0,0,15,0,0,0
186,51.3000000000005,2,146.748683528228,0,0,1.02857142857143,0,0,0
186,51.3000000000005,3,300.318327260351,2.79392045454546,0,1.5537706264182e-16,2.5375,0,90
186,51.3000000000005,4,299.466832272387,-0.363839044691101,0,14.9993899891142,0.135277324264869,0,0.516728320963432
186,51.3000000000005,5,364.293720491301,0,0,15,0,0,0
186,51.3000000000005,6,84.1037951668167,2.79392045454546,0,1.5537706264182e-16,2.5375,0,90
186,51.4000000000005,1,399.000000000002,0,0,15,0,0,0
186,51.4000000000005,2,146.748683528228,0,0,1.02857142857143,0,0,0
186,51.4000000000005,3,300.318327260351,2.79392045454546,0,1.5537706264182e-16,2.5375,0,90
186,51.4000000000005,4,299.466832272387,-0.363839044691101,0,14.9993899891142,0.135277324264869,0,0.516728320963432
186,51.4000000000005,5,364.293720491301,0,0,15,0,0,0
186,51.4000000000005,6,84.1037951668167,2.79392045454546,0,1.5537706264182e-16,2.5375,0,90
186,51.5000000000005,1,399.000000000002,0,0,15,0,0,0
186,51.5000000000005,2,146.748683528228,0,0,1.02857142857143,0,0,0
186,51.5000000000005,3,300.318327260351,2.79392045454546,0,1.5537706264182e-16,2.5375,0,90
186,51.5000000000005,4,299.466832272387,-0.363839044691101,0,14.9993899891142,0.135277324264869,0,0.516728320963432
186,51.5000000000005,5,364.293720491301,0,0,15,0,0,0
186,51.5000000000005,6,84.1037951668167,2.79392045454546,0,1.5537706264182e-16,2.5375,0,90
186,51.6000000000005,1,399.000000000002,0,0,15,0,0,0
186,51.6000000000005,2,146.748683528228,0,0,1.02857142857143,0,0,0
186,51.6000000000005,3,300.318327260351,2.79392045454546,0,1.5537706264182e-16,2.5375,0,90
186,51.6000000000005,4,299.466832272387,-0.363839044691101,0,14.9993899891142,0.135277324264869,0,0.516728320963432
186,51.6000000000005,5,364.293720491301,0,0,15,0,0,0
186,51.6000000000005,6,84.1037951668167,2.79392045454546,0,1.5537706264182e-16,2.5375,0,90
186,51.7000000000005,1,399.000000000002,0,0,15,0,0,0
186,51.7000000000005,2,146.748683528228,0,0,1.02857142857143,0,0,0
186,51.7000000000005,3,300.318327260351,2.79392045454546,0,1.5537706264182e-16,2.5375,0,90
186,51.7000000000005,4,299.466832272387,-0.363839044691101,0,14.9993899891142,0.135277324264869,0,0.516728320963432
186,51.7000000000005,5,364.293720491301,0,0,15,0,0,0
186,51.7000000000005,6,84.1037951668167,2.79392045454546,0,1.5537706264182e-16,2.5375,0,90
186,51.8000000000005,1,399.000000000002,0,0,15,0,0,0
186,51.8000000000005,2,146.748683528228,0,0,1.02857142857143,0,0,0
186,51.8000000000005,3,300.318327260351,2.79392045454546,0,1.5537706264182e-16,2.5375,0,90
186,51.8000000000005,4,299.466832272387,-0.363839044691101,0,14.9993899891142,0.135277324264869,0,0.516728320963432
186,51.8000000000005,5,364.293720491301,0,0,15,0,0,0
186,51.8000000000005,6,84.1037951668167,2.79392045454546,0,1.5537706264182e-16,2.5375,0,90
186,51.9000000000005,1,399.000000000002,0,0,15,0,0,0
186,51.9000000000005,2,146.748683528228,0,0,1.02857142857143,0,0,0
186,51.9000000000005,3,300.318327260351,2.79392045454546,0,1.5537706264182e-16,2.5375,0,90
186,51.9000000000005,4,299.466832272387,-0.363839044691101,0,14.9993899891142,0.135277324264869,0,0.516728320963432
186,51.9000000000005,5,364.293720491301,0,0,15,0,0,0
186,51.9000000000005,6,84.1037951668167,2.79392045454546,0,1.5537706264182e-16,2.5375,0,90
186,52.0000000000005,1,399.000000000002,0,0,15,0,0,0
186,52.0000000000005,2,146.748683528228,0,0,1.02857142857143,0,0,0
186,52.0000000000005,3,300.318327260351,2.79392045454546,0,1.5537706264182e-16,2.5375,0,90
186,52.0000000000005,4,299.466832272387,-0.363839044691101,0,14.9993899891142,0.135277324264869,0,0.516728320963432
186,52.0000000000005,5,364.293720491301,0,0,15,0,0,0
186,52.0000000000005,6,84.1037951668167,2.79392045454546,0,1.5537706264182e-16,2.5375,0,90
186,52.1000000000005,1,399.000000000002,0,0,15,0,0,0
186,52.1000000000005,2,146.748683528228,0,0,1.02857142857143,0,0,0
186,52.1000000000005,3,300.318327260351,2.79392045454546,0,1.5537706264182e-16,2.5375,0,90
186,52.1000000000005,4,299.466832272387,-0.363839044691101,0,14.9993899891142,0.135277324264869,0,0.516728320963432
186,52.1000000000005,5,364.293720491301,0,0,15,0,0,0
186,52.1000000000005,6,84.1037951668167,2.79392045454546,0,1.5537706264182e-16,2.5375,0,90
186,52.2000000000005,1,399.000000000002,0,0,15,0,0,0
186,52.2000000000005,2,146.748683528228,0,0,1.02857142857143,0,0,0
186,52.2000000000005,3,300.318327260351,2.79392045454546,0,1.5537706264182e-16,2.5375,0,90
186,52.2000000000005,4,299.466832272387,-0.363839044691101,0,14.9993899891142,0.135277324264869,0,0.516728320963432
186,52.2000000000005,5,364.293720491301,0,0,15,0,0,0
186,52.2000000000005,6,84.1037951668167,2.79392045454546,0,1.5537706264182e-16,2.5375,0,90
186,52.3000000000005,1,399.000000000002,0,0,15,0,0,0
186,52.3000000000005,2,146.748683528228,0,0,1.02857142857143,0,0,0
186,52.3000000000005,3,300.318327260351,2.79392045454546,0,1.5537706264182e-16,2.5375,0,90
186,52.3000000000005,4,299.466832272387,-0.363839044691101,0,14.9993899891142,0.135277324264869,0,0.516728320963432
186,52.3000000000005,5,364.293720491301,0,0,15,0,0,0
186,52.3000000000005,6,84.1037951668167,2.79392045454546,0,1.5537706264182e-16,2.5375,0,90
186,52.4000000000005,1,399.000000000002,0,0,15,0,0,0
186,52.4000000000005,2,146.748683528228,0,0,1.02857142857143,0,0,0
186,52.4000000000005,3,300.318327260351,2.79392045454546,0,1.5537706264182e-16,2.5375,0,90
186,52.4000000000005,4,299.466832272387,-0.363839044691101,0,14.9993899891142,0.135277324264869,0,0.516728320963432
186,52.4000000000005,5,364.293720491301,0,0,15,0,0,0
186,52.4000000000005,6,84.1037951668167,2.79392045454546,0,1.5537706264182e-16,2.5375,0,90
186,52.5000000000005,1,399.000000000002,0,0,15,0,0,0
186,52.5000000000005,2,146.748683528228,0,0,1.02857142857143,0,0,0
186,52.5000000000005,3,300.318327260351,2.79392045454546,0,1.5537706264182e-16,2.5375,0,90
186,52.5000000000005,4,299.466832272387,-0.363839044691101,0,14.9993899891142,0.135277324264869,0,0.516728320963432
186,52.5000000000005,5,364.293720491301,0,0,15,0,0,0
186,52.5000000000005,6,84.1037951668167,2.79392045454546,0,1.5537706264182e-16,2.5375,0,90
186,52.6000000000005,1,399.000000000002,0,0,15,0,0,0
186,52.6000000000005,2,146.748683528228,0,0,1.02857142857143,0,0,0
186,52.6000000000005,3,300.318327260351,2.79392045454546,0,1.5537706264182e-16,2.5375,0,90
186,52.6000000000005,4,299.466832272387,-0.363839044691101,0,14.9993899891142,0.135277324264869,0,0.516728320963432
186,52.6000000000005,5,364.293720491301,0,0,15,0,0,0
186,52.6000000000005,6,84.1037951668167,2.79392045454546,0,1.5537706264182e-16,2.5375,0,90
186,52.7000000000005,1,399.000000000002,0,0,15,0,0,0
186,52.7000000000005,2,146.748683528228,0,0,1.02857142857143,0,0,0
186,52.7000000000005,3,300.318327260351,2.79392045454546,0,1.5537706264182e-16,2.5375,0,90
186,52.7000000000005,4,299.466832272387,-0.363839044691101,0,14.9993899891142,0.135277324264869,0,0.516728320963432
186,52.7000000000005,5,364.293720491301,0,0,15,0,0,0
186,52.7000000000005,6,84.1037951668167,2.79392045454546,0,1.5537706264182e-16,2.5375,0,90
186,52.8000000000005,1,399.000000000002,0,0,15,0,0,0
186,52.8000000000005,2,146.748683528228,0,0,1.02857142857143,0,0,0
186,52.8000000000005,3,300.318327260351,2.79392045454546,0,1.5537706264182e-16,2.5375,0,90
186,52.8000000000005,4,299.466832272387,-0.363839044691101,0,14.9993899891142,0.135277324264869,0,0.516728320963432
186,52.8000000000005,5,364.293720491301,0,0,15,0,0,0
186,52.8000000000005,6,84.1037951668167,2.79392045454546,0,1.5537706264182e-16,2.5375,0,90
186,52.9000000000005,1,399.000000000002,0,0,15,0,0,0
186,52.9000000000005,2,146.748683528228,0,0,1.02857142857143,0,0,0
186,52.9000000000005,3,300.318327260351,2.79392045454546,0,1.5537706264182e-16,2.5375,0,90
186,52.9000000000005,4,299.466832272387,-0.363839044691101,0,14.9993899891142,0.135277324264869,0,0.516728320963432
186,52.9000000000005,5,364.293720491301,0,0,15,0,0,0
186,52.9000000000005,6,84.1037951668167,2.79392045454546,0,1.5537706264182e-16,2.5375,0,90
186,53.0000000000005,1,399.000000000002,0,0,15,0,0,0
186,53.0000000000005,2,146.748683528228,0,0,1.02857142857143,0,0,0
186,53.0000000000005,3,300.318327260351,2.79392045454546,0,1.5537706264182e-16,2.5375,0,90
186,53.0000000000005,4,299.466832272387,-0.363839044691101,0,14.9993899891142,0.135277324264869,0,0.516728320963432
186,53.0000000000005,5,364.293720491301,0,0,15,0,0,0
186,53.0000000000005,6,84.1037951668167,2.79392045454546,0,1.5537706264182e-16,2.5375,0,90
186,53.1000000000005,1,399.000000000002,0,0,15,0,0,0
186,53.1000000000005,2,146.748683528228,0,0,1.02857142857143,0,0,0
186,53.1000000000005,3,300.318327260351,2.79392045454546,0,1.5537706264182e-16,2.5375,0,90
186,53.1000000000005,4,299.466832272387,-0.363839044691101,0,14.9993899891142,0.135277324264869,0,0.516728320963432
186,53.1000000000005,5,364.293720491301,0,0,15,0,0,0
186,53.1000000000005,6,84.1037951668167,2.79392045454546,0,1.5537706264182e-16,2.5375,0,90
186,53.2000000000005,1,399.000000000002,0,0,15,0,0,0
186,53.2000000000005,2,146.748683528228,0,0,1.02857142857143,0,0,0
186,53.2000000000005,3,300.318327260351,2.79392045454546,0,1.5537706264182e-16,2.5375,0,90
186,53.2000000000005,4,299.466832272387,-0.363839044691101,0,14.9993899891142,0.135277324264869,0,0.516728320963432
186,53.2000000000005,5,364.293720491301,0,0,15,0,0,0
186,53.2000000000005,6,84.1037951668167,2.79392045454546,0,1.5537706264182e-16,2.5375,0,90
186,53.3000000000005,1,399.000000000002,0,0,15,0,0,0
186,53.3000000000005,2,146.748683528228,0,0,1.02857142857143,0,0,0
186,53.3000000000005,3,300.318327260351,2.79392045454546,0,1.5537706264182e-16,2.5375,0,90
186,53.3000000000005,4,299.466832272387,-0.363839044691101,0,14.9993899891142,0.135277324264869,0,0.516728320963432
186,53.3000000000005,5,364.293720491301,0,0,15,0,0,0
186,53.3000000000005,6,84.1037951668167,2.79392045454546,0,1.5537706264182e-16,2.5375,0,90
186,53.4000000000005,1,399.000000000002,0,0,15,0,0,0
186,53.4000000000005,2,146.748683528228,0,0,1.02857142857143,0,0,0
186,53.4000000000005,3,300.318327260351,2.79392045454546,0,1.5537706264182e-16,2.5375,0,90
186,53.4000000000005,4,299.466832272387,-0.363839044691101,0,14.9993899891142,0.135277324264869,0,0.516728320963432
186,53.4000000000005,5,364.293720491301,0,0,15,0,0,0
186,53.4000000000005,6,84.1037951668167,2.79392045454546,0,1.5537706264182e-16,2.5375,0,90
186,53.5000000000005,1,399.000000000002,0,0,15,0,0,0
186,53.5000000000005,2,146.748683528228,0,0,1.02857142857143,0,0,0
186,53.5000000000005,3,300.318327260351,2.79392045454546,0,1.5537706264182e-16,2.5375,0,90
186,53.5000000000005,4,299.466832272387,-0.363839044691101,0,14.9993899891142,0.135277324264869,0,0.516728320963432
186,53.5000000000005,5,364.293720491301,0,0,15,0,0,0
186,53.5000000000005,6,84.1037951668167,2.79392045454546,0,1.5537706264182e-16,2.5375,0,90
186,53.6000000000005,1,399.000000000002,0,0,15,0,0,0
186,53.6000000000005,2,146.748683528228,0,0,1.02857142857143,0,0,0
186,53.6000000000005,3,300.318327260351,2.79392045454546,0,1.5537706264182e-16,2.5375,0,90
186,53.6000000000005,4,299.466832272387,-0.363839044691101,0,14.9993899891142,0.135277324264869,0,0.516728320963432
186,53.6000000000005,5,364.293720491301,0,0,15,0,0,0
186,53.6000000000005,6,84.1037951668167,2.79392045454546,0,1.5537706264182e-16,2.5375,0,90
186,53.7000000000005,1,399.000000000002,0,0,15,0,0,0
186,53.7000000000005,2,146.748683528228,0,0,1.02857142857143,0,0,0
186,53.7000000000005,3,300.318327260351,2.79392045454546,0,1.5537706264182e-16,2.5375,0,90
186,53.7000000000005,4,299.466832272387,-0.363839044691101,0,14.9993899891142,0.135277324264869,0,0.516728320963432
186,53.7000000000005,5,364.293720491301,0,0,15,0,0,0
186,53.7000000000005,6,84.1037951668167,2.79392045454546,0,1.5537706264182e-16,2.5375,0,90
186,53.8000000000005,1,399.000000000002,0,0,15,0,0,0
186,53.8000000000005,2,146.748683528228,0,0,1.02857142857143,0,0,0
186,53.8000000000005,3,300.318327260351,2.79392045454546,0,1.5537706264182e-16,2.5375,0,90
186,53.8000000000005,4,299.466832272387,-0.363839044691101,0,14.9993899891142,0.135277324264869,0,0.516728320963432
186,53.8000000000005,5,364.293720491301,0,0,15,0,0,0
186,53.8000000000005,6,84.1037951668167,2.79392045454546,0,1.5537706264182e-16,2.5375,0,90
186,53.9000000000005,1,399.000000000002,0,0,15,0,0,0
186,53.9000000000005,2,146.748683528228,0,0,1.02857142857143,0,0,0
186,53.9000000000005,3,300.318327260351,2.79392045454546,0,1.5537706264182e-16,2.5375,0,90
186,53.9000000000005,4,299.466832272387,-0.363839044691101,0,14.9993899891142,0.135277324264869,0,0.516728320963432
186,53.9000000000005,5,364.293720491301,0,0,15,0,0,0
186,53.9000000000005,6,84.1037951668167,2.79392045454546,0,1.5537706264182e-16,2.5375,0,90
186,54.0000000000005,1,399.000000000002,0,0,15,0,0,0
186,54.0000000000005,2,146.748683528228,0,0,1.02857142857143,0,0,0
186,54.0000000000005,3,300.318327260351,2.79392045454546,0,1.5537706264182e-16,2.5375,0,90
186,54.0000000000005,4,299.466832272387,-0.363839044691101,0,14.9993899891142,0.135277324264869,0,0.516728320963432
186,54.0000000000005,5,364.293720491301,0,0,15,0,0,0
186,54.0000000000005,6,84.1037951668167,2.79392045454546,0,1.5537706264182e-16,2.5375,0,90
186,54.1000000000005,1,399.000000000002,0,0,15,0,0,0
186,54.1000000000005,2,146.748683528228,0,0,1.02857142857143,0,0,0
186,54.1000000000005,3,300.318327260351,2.79392045454546,0,1.5537706264182e-16,2.5375,0,90
186,54.1000000000005,4,299.466832272387,-0.363839044691101,0,14.9993899891142,0.135277324264869,0,0.516728320963432
186,54.1000000000005,5,364.293720491301,0,0,15,0,0,0
186,54.1000000000005,6,84.1037951668167,2.79392045454546,0,1.5537706264182e-16,2.5375,0,90
186,54.2000000000005,1,399.000000000002,0,0,15,0,0,0
186,54.2000000000005,2,146.748683528228,0,0,1.02857142857143,0,0,0
186,54.2000000000005,3,300.318327260351,2.79392045454546,0,1.5537706264182e-16,2.5375,0,90
186,54.2000000000005,4,299.466832272387,-0.363839044691101,0,14.9993899891142,0.135277324264869,0,0.516728320963432
186,54.2000000000005,5,364.293720491301,0,0,15,0,0,0
186,54.2000000000005,6,84.1037951668167,2.79392045454546,0,1.5537706264182e-16,2.5375,0,90
186,54.3000000000005,1,399.000000000002,0,0,15,0,0,0
186,54.3000000000005,2,146.748683528228,0,0,1.02857142857143,0,0,0
186,54.3000000000005,3,300.318327260351,2.79392045454546,0,1.5537706264182e-16,2.5375,0,90
186,54.3000000000005,4,299.466832272387,-0.363839044691101,0,14.9993899891142,0.135277324264869,0,0.516728320963432
186,54.3000000000005,5,364.293720491301,0,0,15,0,0,0
186,54.3000000000005,6,84.1037951668167,2.79392045454546,0,1.5537706264182e-16,2.5375,0,90
186,54.4000000000005,1,399.000000000002,0,0,15,0,0,0
186,54.4000000000005,2,146.748683528228,0,0,1.02857142857143,0,0,0
186,54.4000000000005,3,300.318327260351,2.79392045454546,0,1.5537706264182e-16,2.5375,0,90
186,54.4000000000005,4,299.466832272387,-0.363839044691101,0,14.9993899891142,0.135277324264869,0,0.516728320963432
186,54.4000000000005,5,364.293720491301,0,0,15,0,0,0
186,54.4000000000005,6,84.1037951668167,2.79392045454546,0,1.5537706264182e-16,2.5375,0,90
186,54.5000000000005,1,399.000000000002,0,0,15,0,0,0
186,54.5000000000005,2,146.748683528228,0,0,1.02857142857143,0,0,0
186,54.5000000000005,3,300.318327260351,2.79392045454546,0,1.5537706264182e-16,2.5375,0,90
186,54.5000000000005,4,299.466832272387,-0.363839044691101,0,14.9993899891142,0.135277324264869,0,0.516728320963432
186,54.5000000000005,5,364.293720491301,0,0,15,0,0,0
186,54.5000000000005,6,84.1037951668167,2.79392045454546,0,1.5537706264182e-16,2.5375,0,90
186,54.6000000000005,1,399.000000000002,0,0,15,0,0,0
186,54.6000000000005,2,146.748683528228,0,0,1.02857142857143,0,0,0
186,54.6000000000005,3,300.318327260351,2.79392045454546,0,1.5537706264182e-16,2.5375,0,90
186,54.6000000000005,4,299.466832272387,-0.363839044691101,0,14.9993899891142,0.135277324264869,0,0.516728320963432
186,54.6000000000005,5,364.293720491301,0,0,15,0,0,0
186,54.6000000000005,6,84.1037951668167,2.79392045454546,0,1.5537706264182e-16,2.5375,0,90
186,54.7000000000005,1,399.000000000002,0,0,15,0,0,0
186,54.7000000000005,2,146.748683528228,0,0,1.02857142857143,0,0,0
186,54.7000000000005,3,300.318327260351,2.79392045454546,0,1.5537706264182e-16,2.5375,0,90
186,54.7000000000005,4,299.466832272387,-0.363839044691101,0,14.9993899891142,0.135277324264869,0,0.516728320963432
186,54.7000000000005,5,364.293720491301,0,0,15,0,0,0
186,54.7000000000005,6,84.1037951668167,2.79392045454546,0,1.5537706264182e-16,2.5375,0,90
186,54.8000000000005,1,399.000000000002,0,0,15,0,0,0
186,54.8000000000005,2,146.748683528228,0,0,1.02857142857143,0,0,0
186,54.8000000000005,3,300.318327260351,2.79392045454546,0,1.5537706264182e-16,2.5375,0,90
186,54.8000000000005,4,299.466832272387,-0.363839044691101,0,14.9993899891142,0.135277324264869,0,0.516728320963432
186,54.8000000000005,5,364.293720491301,0,0,15,0,0,0
186,54.8000000000005,6,84.1037951668167,2.79392045454546,0,1.5537706264182e-16,2.5375,0,90
186,54.9000000000005,1,399.000000000002,0,0,15,0,0,0
186,54.9000000000005,2,146.748683528228,0,0,1.02857142857143,0,0,0
186,54.9000000000005,3,300.318327260351,2.79392045454546,0,1.5537706264182e-16,2.5375,0,90
186,54.9000000000005,4,299.466832272387,-0.363839044691101,0,14.9993899891142,0.135277324264869,0,0.516728320963432
186,54.9000000000005,5,364.293720491301,0,0,15,0,0,0
186,54.9000000000005,6,84.1037951668167,2.79392045454546,0,1.5537706264182e-16,2.5375,0,90
186,55.0000000000005,1,399.000000000002,0,0,15,0,0,0
186,55.0000000000005,2,146.748683528228,0,0,1.02857142857143,0,0,0
186,55.0000000000005,3,300.318327260351,2.79392045454546,0,1.5537706264182e-16,2.5375,0,90
186,55.0000000000005,4,299.466832272387,-0.363839044691101,0,14.9993899891142,0.135277324264869,0,0.516728320963432
186,55.0000000000005,5,364.293720491301,0,0,15,0,0,0
186,55.0000000000005,6,84.1037951668167,2.79392045454546,0,1.5537706264182e-16,2.5375,0,90
186,55.1000000000005,1,399.000000000002,0,0,15,0,0,0
186,55.1000000000005,2,146.748683528228,0,0,1.02857142857143,0,0,0
186,55.1000000000005,3,300.318327260351,2.79392045454546,0,1.5537706264182e-16,2.5375,0,90
186,55.1000000000005,4,299.466832272387,-0.363839044691101,0,14.9993899891142,0.135277324264869,0,0.516728320963432
186,55.1000000000005,5,364.293720491301,0,0,15,0,0,0
186,55.1000000000005,6,84.1037951668167,2.79392045454546,0,1.5537706264182e-16,2.5375,0,90
186,55.2000000000005,1,399.000000000002,0,0,15,0,0,0
186,55.2000000000005,2,146.748683528228,0,0,1.02857142857143,0,0,0
186,55.2000000000005,3,300.318327260351,2.79392045454546,0,1.5537706264182e-16,2.5375,0,90
186,55.2000000000005,4,299.466832272387,-0.363839044691101,0,14.9993899891142,0.135277324264869,0,0.516728320963432
186,55.2000000000005,5,364.293720491301,0,0,15,0,0,0
186,55.2000000000005,6,84.1037951668167,2.79392045454546,0,1.5537706264182e-16,2.5375,0,90
186,55.3000000000005,1,399.000000000002,0,0,15,0,0,0
186,55.3000000000005,2,146.748683528228,0,0,1.02857142857143,0,0,0
186,55.3000000000005,3,300.318327260351,2.79392045454546,0,1.5537706264182e-16,2.5375,0,90
186,55.3000000000005,4,299.466832272387,-0.363839044691101,0,14.9993899891142,0.135277324264869,0,0.516728320963432
186,55.3000000000005,5,364.293720491301,0,0,15,0,0,0
186,55.3000000000005,6,84.1037951668167,2.79392045454546,0,1.5537706264182e-16,2.5375,0,90
186,55.4000000000005,1,399.000000000002,0,0,15,0,0,0
186,55.4000000000005,2,146.748683528228,0,0,1.02857142857143,0,0,0
186,55.4000000000005,3,300.318327260351,2.79392045454546,0,1.5537706264182e-16,2.5375,0,90
186,55.4000000000005,4,299.466832272387,-0.363839044691101,0,14.9993899891142,0.135277324264869,0,0.516728320963432
186,55.4000000000005,5,364.293720491301,0,0,15,0,0,0
186,55.4000000000005,6,84.1037951668167,2.79392045454546,0,1.5537706264182e-16,2.5375,0,90
186,55.5000000000005,1,399.000000000002,0,0,15,0,0,0
186,55.5000000000005,2,146.748683528228,0,0,1.02857142857143,0,0,0
186,55.5000000000005,3,300.318327260351,2.79392045454546,0,1.5537706264182e-16,2.5375,0,90
186,55.5000000000005,4,299.466832272387,-0.363839044691101,0,14.9993899891142,0.135277324264869,0,0.516728320963432
186,55.5000000000005,5,364.293720491301,0,0,15,0,0,0
186,55.5000000000005,6,84.1037951668167,2.79392045454546,0,1.5537706264182e-16,2.5375,0,90
186,55.6000000000005,1,399.000000000002,0,0,15,0,0,0
186,55.6000000000005,2,146.748683528228,0,0,1.02857142857143,0,0,0
186,55.6000000000005,3,300.318327260351,2.79392045454546,0,1.5537706264182e-16,2.5375,0,90
186,55.6000000000005,4,299.466832272387,-0.363839044691101,0,14.9993899891142,0.135277324264869,0,0.516728320963432
186,55.6000000000005,5,364.293720491301,0,0,15,0,0,0
186,55.6000000000005,6,84.1037951668167,2.79392045454546,0,1.5537706264182e-16,2.5375,0,90
186,55.7000000000005,1,399.000000000002,0,0,15,0,0,0
186,55.7000000000005,2,146.748683528228,0,0,1.02857142857143,0,0,0
186,55.7000000000005,3,300.318327260351,2.79392045454546,0,1.5537706264182e-16,2.5375,0,90
186,55.7000000000005,4,299.466832272387,-0.363839044691101,0,14.9993899891142,0.135277324264869,0,0.516728320963432
186,55.7000000000005,5,364.293720491301,0,0,15,0,0,0
186,55.7000000000005,6,84.1037951668167,2.79392045454546,0,1.5537706264182e-16,2.5375,0,90
186,55.8000000000005,1,399.000000000002,0,0,15,0,0,0
186,55.8000000000005,2,146.748683528228,0,0,1.02857142857143,0,0,0
186,55.8000000000005,3,300.318327260351,2.79392045454546,0,1.5537706264182e-16,2.5375,0,90
186,55.8000000000005,4,299.466832272387,-0.363839044691101,0,14.9993899891142,0.135277324264869,0,0.516728320963432
186,55.8000000000005,5,364.293720491301,0,0,15,0,0,0
186,55.8000000000005,6,84.1037951668167,2.79392045454546,0,1.5537706264182e-16,2.5375,0,90
186,55.9000000000005,1,399.000000000002,0,0,15,0,0,0
186,55.9000000000005,2,146.748683528228,0,0,1.02857142857143,0,0,0
186,55.9000000000005,3,300.318327260351,2.79392045454546,0,1.5537706264182e-16,2.5375,0,90
186,55.9000000000005,4,299.466832272387,-0.363839044691101,0,14.9993899891142,0.135277324264869,0,0.516728320963432
186,55.9000000000005,5,364.293720491301,0,0,15,0,0,0
186,55.9000000000005,6,84.1037951668167,2.79392045454546,0,1.5537706264182e-16,2.5375,0,90
186,56.0000000000005,1,399.000000000002,0,0,15,0,0,0
186,56.0000000000005,2,146.748683528228,0,0,1.02857142857143,0,0,0
186,56.0000000000005,3,300.318327260351,2.79392045454546,0,1.5537706264182e-16,2.5375,0,90
186,56.0000000000005,4,299.466832272387,-0.363839044691101,0,14.9993899891142,0.135277324264869,0,0.516728320963432
186,56.0000000000005,5,364.293720491301,0,0,15,0,0,0
186,56.0000000000005,6,84.1037951668167,2.79392045454546,0,1.5537706264182e-16,2.5375,0,90
186,56.1000000000005,1,399.000000000002,0,0,15,0,0,0
186,56.1000000000005,2,146.748683528228,0,0,1.02857142857143,0,0,0
186,56.1000000000005,3,300.318327260351,2.79392045454546,0,1.5537706264182e-16,2.5375,0,90
186,56.1000000000005,4,299.466832272387,-0.363839044691101,0,14.9993899891142,0.135277324264869,0,0.516728320963432
186,56.1000000000005,5,364.293720491301,0,0,15,0,0,0
186,56.1000000000005,6,84.1037951668167,2.79392045454546,0,1.5537706264182e-16,2.5375,0,90
186,56.2000000000005,1,399.000000000002,0,0,15,0,0,0
186,56.2000000000005,2,146.748683528228,0,0,1.02857142857143,0,0,0
186,56.2000000000005,3,300.318327260351,2.79392045454546,0,1.5537706264182e-16,2.5375,0,90
186,56.2000000000005,4,299.466832272387,-0.363839044691101,0,14.9993899891142,0.135277324264869,0,0.516728320963432
186,56.2000000000005,5,364.293720491301,0,0,15,0,0,0
186,56.2000000000005,6,84.1037951668167,2.79392045454546,0,1.5537706264182e-16,2.5375,0,90
186,56.3000000000005,1,399.000000000002,0,0,15,0,0,0
186,56.3000000000005,2,146.748683528228,0,0,1.02857142857143,0,0,0
186,56.3000000000005,3,300.318327260351,2.79392045454546,0,1.5537706264182e-16,2.5375,0,90
186,56.3000000000005,4,299.466832272387,-0.363839044691101,0,14.9993899891142,0.135277324264869,0,0.516728320963432
186,56.3000000000005,5,364.293720491301,0,0,15,0,0,0
186,56.3000000000005,6,84.1037951668167,2.79392045454546,0,1.5537706264182e-16,2.5375,0,90
186,56.4000000000005,1,399.000000000002,0,0,15,0,0,0
186,56.4000000000005,2,146.748683528228,0,0,1.02857142857143,0,0,0
186,56.4000000000005,3,300.318327260351,2.79392045454546,0,1.5537706264182e-16,2.5375,0,90
186,56.4000000000005,4,299.466832272387,-0.363839044691101,0,14.9993899891142,0.135277324264869,0,0.516728320963432
186,56.4000000000005,5,364.293720491301,0,0,15,0,0,0
186,56.4000000000005,6,84.1037951668167,2.79392045454546,0,1.5537706264182e-16,2.5375,0,90
186,56.5000000000005,1,399.000000000002,0,0,15,0,0,0
186,56.5000000000005,2,146.748683528228,0,0,1.02857142857143,0,0,0
186,56.5000000000005,3,300.318327260351,2.79392045454546,0,1.5537706264182e-16,2.5375,0,90
186,56.5000000000005,4,299.466832272387,-0.363839044691101,0,14.9993899891142,0.135277324264869,0,0.516728320963432
186,56.5000000000005,5,364.293720491301,0,0,15,0,0,0
186,56.5000000000005,6,84.1037951668167,2.79392045454546,0,1.5537706264182e-16,2.5375,0,90
186,56.6000000000005,1,399.000000000002,0,0,15,0,0,0
186,56.6000000000005,2,146.748683528228,0,0,1.02857142857143,0,0,0
186,56.6000000000005,3,300.318327260351,2.79392045454546,0,1.5537706264182e-16,2.5375,0,90
186,56.6000000000005,4,299.466832272387,-0.363839044691101,0,14.9993899891142,0.135277324264869,0,0.516728320963432
186,56.6000000000005,5,364.293720491301,0,0,15,0,0,0
186,56.6000000000005,6,84.1037951668167,2.79392045454546,0,1.5537706264182e-16,2.5375,0,90
186,56.7000000000005,1,399.000000000002,0,0,15,0,0,0
186,56.7000000000005,2,146.748683528228,0,0,1.02857142857143,0,0,0
186,56.7000000000005,3,300.318327260351,2.79392045454546,0,1.5537706264182e-16,2.5375,0,90
186,56.7000000000005,4,299.466832272387,-0.363839044691101,0,14.9993899891142,0.135277324264869,0,0.516728320963432
186,56.7000000000005,5,364.293720491301,0,0,15,0,0,0
186,56.7000000000005,6,84.1037951668167,2.79392045454546,0,1.5537706264182e-16,2.5375,0,90
186,56.8000000000005,1,399.000000000002,0,0,15,0,0,0
186,56.8000000000005,2,146.748683528228,0,0,1.02857142857143,0,0,0
186,56.8000000000005,3,300.318327260351,2.79392045454546,0,1.5537706264182e-16,2.5375,0,90
186,56.8000000000005,4,299.466832272387,-0.363839044691101,0,14.9993899891142,0.135277324264869,0,0.516728320963432
186,56.8000000000005,5,364.293720491301,0,0,15,0,0,0
186,56.8000000000005,6,84.1037951668167,2.79392045454546,0,1.5537706264182e-16,2.5375,0,90
186,56.9000000000005,1,399.000000000002,0,0,15,0,0,0
186,56.9000000000005,2,146.748683528228,0,0,1.02857142857143,0,0,0
186,56.9000000000005,3,300.318327260351,2.79392045454546,0,1.5537706264182e-16,2.5375,0,90
186,56.9000000000005,4,299.466832272387,-0.363839044691101,0,14.9993899891142,0.135277324264869,0,0.516728320963432
186,56.9000000000005,5,364.293720491301,0,0,15,0,0,0
186,56.9000000000005,6,84.1037951668167,2.79392045454546,0,1.5537706264182e-16,2.5375,0,90
186,57.0000000000005,1,399.000000000002,0,0,15,0,0,0
186,57.0000000000005,2,146.748683528228,0,0,1.02857142857143,0,0,0
186,57.0000000000005,3,300.318327260351,2.79392045454546,0,1.5537706264182e-16,2.5375,0,90
186,57.0000000000005,4,299.466832272387,-0.363839044691101,0,14.9993899891142,0.135277324264869,0,0.516728320963432
186,57.0000000000005,5,364.293720491301,0,0,15,0,0,0
186,57.0000000000005,6,84.1037951668167,2.79392045454546,0,1.5537706264182e-16,2.5375,0,90
186,57.1000000000005,1,399.000000000002,0,0,15,0,0,0
186,57.1000000000005,2,146.748683528228,0,0,1.02857142857143,0,0,0
186,57.1000000000005,3,300.318327260351,2.79392045454546,0,1.5537706264182e-16,2.5375,0,90
186,57.1000000000005,4,299.466832272387,-0.363839044691101,0,14.9993899891142,0.135277324264869,0,0.516728320963432
186,57.1000000000005,5,364.293720491301,0,0,15,0,0,0
186,57.1000000000005,6,84.1037951668167,2.79392045454546,0,1.5537706264182e-16,2.5375,0,90
186,57.2000000000005,1,399.000000000002,0,0,15,0,0,0
186,57.2000000000005,2,146.748683528228,0,0,1.02857142857143,0,0,0
186,57.2000000000005,3,300.318327260351,2.79392045454546,0,1.5537706264182e-16,2.5375,0,90
186,57.2000000000005,4,299.466832272387,-0.363839044691101,0,14.9993899891142,0.135277324264869,0,0.516728320963432
186,57.2000000000005,5,364.293720491301,0,0,15,0,0,0
186,57.2000000000005,6,84.1037951668167,2.79392045454546,0,1.5537706264182e-16,2.5375,0,90
186,57.3000000000005,1,399.000000000002,0,0,15,0,0,0
186,57.3000000000005,2,146.748683528228,0,0,1.02857142857143,0,0,0
186,57.3000000000005,3,300.318327260351,2.79392045454546,0,1.5537706264182e-16,2.5375,0,90
186,57.3000000000005,4,299.466832272387,-0.363839044691101,0,14.9993899891142,0.135277324264869,0,0.516728320963432
186,57.3000000000005,5,364.293720491301,0,0,15,0,0,0
186,57.3000000000005,6,84.1037951668167,2.79392045454546,0,1.5537706264182e-16,2.5375,0,90
186,57.4000000000005,1,399.000000000002,0,0,15,0,0,0
186,57.4000000000005,2,146.748683528228,0,0,1.02857142857143,0,0,0
186,57.4000000000005,3,300.318327260351,2.79392045454546,0,1.5537706264182e-16,2.5375,0,90
186,57.4000000000005,4,299.466832272387,-0.363839044691101,0,14.9993899891142,0.135277324264869,0,0.516728320963432
186,57.4000000000005,5,364.293720491301,0,0,15,0,0,0
186,57.4000000000005,6,84.1037951668167,2.79392045454546,0,1.5537706264182e-16,2.5375,0,90
186,57.5000000000005,1,399.000000000002,0,0,15,0,0,0
186,57.5000000000005,2,146.748683528228,0,0,1.02857142857143,0,0,0
186,57.5000000000005,3,300.318327260351,2.79392045454546,0,1.5537706264182e-16,2.5375,0,90
186,57.5000000000005,4,299.466832272387,-0.363839044691101,0,14.9993899891142,0.135277324264869,0,0.516728320963432
186,57.5000000000005,5,364.293720491301,0,0,15,0,0,0
186,57.5000000000005,6,84.1037951668167,2.79392045454546,0,1.5537706264182e-16,2.5375,0,90
186,57.6000000000005,1,399.000000000002,0,0,15,0,0,0
186,57.6000000000005,2,146.748683528228,0,0,1.02857142857143,0,0,0
186,57.6000000000005,3,300.318327260351,2.79392045454546,0,1.5537706264182e-16,2.5375,0,90
186,57.6000000000005,4,299.466832272387,-0.363839044691101,0,14.9993899891142,0.135277324264869,0,0.516728320963432
186,57.6000000000005,5,364.293720491301,0,0,15,0,0,0
186,57.6000000000005,6,84.1037951668167,2.79392045454546,0,1.5537706264182e-16,2.5375,0,90
186,57.7000000000005,1,399.000000000002,0,0,15,0,0,0
186,57.7000000000005,2,146.748683528228,0,0,1.02857142857143,0,0,0
186,57.7000000000005,3,300.318327260351,2.79392045454546,0,1.5537706264182e-16,2.5375,0,90
186,57.7000000000005,4,299.466832272387,-0.363839044691101,0,14.9993899891142,0.135277324264869,0,0.516728320963432
186,57.7000000000005,5,364.293720491301,0,0,15,0,0,0
186,57.7000000000005,6,84.1037951668167,2.79392045454546,0,1.5537706264182e-16,2.5375,0,90
186,57.8000000000006,1,399.000000000002,0,0,15,0,0,0
186,57.8000000000006,2,146.748683528228,0,0,1.02857142857143,0,0,0
186,57.8000000000006,3,300.318327260351,2.79392045454546,0,1.5537706264182e-16,2.5375,0,90
186,57.8000000000006,4,299.466832272387,-0.363839044691101,0,14.9993899891142,0.135277324264869,0,0.516728320963432
186,57.8000000000006,5,364.293720491301,0,0,15,0,0,0
186,57.8000000000006,6,84.1037951668167,2.79392045454546,0,1.5537706264182e-16,2.5375,0,90
186,57.9000000000006,1,399.000000000002,0,0,15,0,0,0
186,57.9000000000006,2,146.748683528228,0,0,1.02857142857143,0,0,0
186,57.9000000000006,3,300.318327260351,2.79392045454546,0,1.5537706264182e-16,2.5375,0,90
186,57.9000000000006,4,299.466832272387,-0.363839044691101,0,14.9993899891142,0.135277324264869,0,0.516728320963432
186,57.9000000000006,5,364.293720491301,0,0,15,0,0,0
186,57.9000000000006,6,84.1037951668167,2.79392045454546,0,1.5537706264182e-16,2.5375,0,90
186,58.0000000000006,1,399.000000000002,0,0,15,0,0,0
186,58.0000000000006,2,146.748683528228,0,0,1.02857142857143,0,0,0
186,58.0000000000006,3,300.318327260351,2.79392045454546,0,1.5537706264182e-16,2.5375,0,90
186,58.0000000000006,4,299.466832272387,-0.363839044691101,0,14.9993899891142,0.135277324264869,0,0.516728320963432
186,58.0000000000006,5,364.293720491301,0,0,15,0,0,0
186,58.0000000000006,6,84.1037951668167,2.79392045454546,0,1.5537706264182e-16,2.5375,0,90
186,58.1000000000006,1,399.000000000002,0,0,15,0,0,0
186,58.1000000000006,2,146.748683528228,0,0,1.02857142857143,0,0,0
186,58.1000000000006,3,300.318327260351,2.79392045454546,0,1.5537706264182e-16,2.5375,0,90
186,58.1000000000006,4,299.466832272387,-0.363839044691101,0,14.9993899891142,0.135277324264869,0,0.516728320963432
186,58.1000000000006,5,364.293720491301,0,0,15,0,0,0
186,58.1000000000006,6,84.1037951668167,2.79392045454546,0,1.5537706264182e-16,2.5375,0,90
186,58.2000000000006,1,399.000000000002,0,0,15,0,0,0
186,58.2000000000006,2,146.748683528228,0,0,1.02857142857143,0,0,0
186,58.2000000000006,3,300.318327260351,2.79392045454546,0,1.5537706264182e-16,2.5375,0,90
186,58.2000000000006,4,299.466832272387,-0.363839044691101,0,14.9993899891142,0.135277324264869,0,0.516728320963432
186,58.2000000000006,5,364.293720491301,0,0,15,0,0,0
186,58.2000000000006,6,84.1037951668167,2.79392045454546,0,1.5537706264182e-16,2.5375,0,90
186,58.3000000000006,1,399.000000000002,0,0,15,0,0,0
186,58.3000000000006,2,146.748683528228,0,0,1.02857142857143,0,0,0
186,58.3000000000006,3,300.318327260351,2.79392045454546,0,1.5537706264182e-16,2.5375,0,90
186,58.3000000000006,4,299.466832272387,-0.363839044691101,0,14.9993899891142,0.135277324264869,0,0.516728320963432
186,58.3000000000006,5,364.293720491301,0,0,15,0,0,0
186,58.3000000000006,6,84.1037951668167,2.79392045454546,0,1.5537706264182e-16,2.5375,0,90
186,58.4000000000006,1,399.000000000002,0,0,15,0,0,0
186,58.4000000000006,2,146.748683528228,0,0,1.02857142857143,0,0,0
186,58.4000000000006,3,300.318327260351,2.79392045454546,0,1.5537706264182e-16,2.5375,0,90
186,58.4000000000006,4,299.466832272387,-0.363839044691101,0,14.9993899891142,0.135277324264869,0,0.516728320963432
186,58.4000000000006,5,364.293720491301,0,0,15,0,0,0
186,58.4000000000006,6,84.1037951668167,2.79392045454546,0,1.5537706264182e-16,2.5375,0,90
186,58.5000000000006,1,399.000000000002,0,0,15,0,0,0
186,58.5000000000006,2,146.748683528228,0,0,1.02857142857143,0,0,0
186,58.5000000000006,3,300.318327260351,2.79392045454546,0,1.5537706264182e-16,2.5375,0,90
186,58.5000000000006,4,299.466832272387,-0.363839044691101,0,14.9993899891142,0.135277324264869,0,0.516728320963432
186,58.5000000000006,5,364.293720491301,0,0,15,0,0,0
186,58.5000000000006,6,84.1037951668167,2.79392045454546,0,1.5537706264182e-16,2.5375,0,90
186,58.6000000000006,1,399.000000000002,0,0,15,0,0,0
186,58.6000000000006,2,146.748683528228,0,0,1.02857142857143,0,0,0
186,58.6000000000006,3,300.318327260351,2.79392045454546,0,1.5537706264182e-16,2.5375,0,90
186,58.6000000000006,4,299.466832272387,-0.363839044691101,0,14.9993899891142,0.135277324264869,0,0.516728320963432
186,58.6000000000006,5,364.293720491301,0,0,15,0,0,0
186,58.6000000000006,6,84.1037951668167,2.79392045454546,0,1.5537706264182e-16,2.5375,0,90
186,58.7000000000006,1,399.000000000002,0,0,15,0,0,0
186,58.7000000000006,2,146.748683528228,0,0,1.02857142857143,0,0,0
186,58.7000000000006,3,300.318327260351,2.79392045454546,0,1.5537706264182e-16,2.5375,0,90
186,58.7000000000006,4,299.466832272387,-0.363839044691101,0,14.9993899891142,0.135277324264869,0,0.516728320963432
186,58.7000000000006,5,364.293720491301,0,0,15,0,0,0
186,58.7000000000006,6,84.1037951668167,2.79392045454546,0,1.5537706264182e-16,2.5375,0,90
186,58.8000000000006,1,399.000000000002,0,0,15,0,0,0
186,58.8000000000006,2,146.748683528228,0,0,1.02857142857143,0,0,0
186,58.8000000000006,3,300.318327260351,2.79392045454546,0,1.5537706264182e-16,2.5375,0,90
186,58.8000000000006,4,299.466832272387,-0.363839044691101,0,14.9993899891142,0.135277324264869,0,0.516728320963432
186,58.8000000000006,5,364.293720491301,0,0,15,0,0,0
186,58.8000000000006,6,84.1037951668167,2.79392045454546,0,1.5537706264182e-16,2.5375,0,90
186,58.9000000000006,1,399.000000000002,0,0,15,0,0,0
186,58.9000000000006,2,146.748683528228,0,0,1.02857142857143,0,0,0
186,58.9000000000006,3,300.318327260351,2.79392045454546,0,1.5537706264182e-16,2.5375,0,90
186,58.9000000000006,4,299.466832272387,-0.363839044691101,0,14.9993899891142,0.135277324264869,0,0.516728320963432
186,58.9000000000006,5,364.293720491301,0,0,15,0,0,0
186,58.9000000000006,6,84.1037951668167,2.79392045454546,0,1.5537706264182e-16,2.5375,0,90
186,59.0000000000006,1,399.000000000002,0,0,15,0,0,0
186,59.0000000000006,2,146.748683528228,0,0,1.02857142857143,0,0,0
186,59.0000000000006,3,300.318327260351,2.79392045454546,0,1.5537706264182e-16,2.5375,0,90
186,59.0000000000006,4,299.466832272387,-0.363839044691101,0,14.9993899891142,0.135277324264869,0,0.516728320963432
186,59.0000000000006,5,364.293720491301,0,0,15,0,0,0
186,59.0000000000006,6,84.1037951668167,2.79392045454546,0,1.5537706264182e-16,2.5375,0,90
186,59.1000000000006,1,399.000000000002,0,0,15,0,0,0
186,59.1000000000006,2,146.748683528228,0,0,1.02857142857143,0,0,0
186,59.1000000000006,3,300.318327260351,2.79392045454546,0,1.5537706264182e-16,2.5375,0,90
186,59.1000000000006,4,299.466832272387,-0.363839044691101,0,14.9993899891142,0.135277324264869,0,0.516728320963432
186,59.1000000000006,5,364.293720491301,0,0,15,0,0,0
186,59.1000000000006,6,84.1037951668167,2.79392045454546,0,1.5537706264182e-16,2.5375,0,90
186,59.2000000000006,1,399.000000000002,0,0,15,0,0,0
186,59.2000000000006,2,146.748683528228,0,0,1.02857142857143,0,0,0
186,59.2000000000006,3,300.318327260351,2.79392045454546,0,1.5537706264182e-16,2.5375,0,90
186,59.2000000000006,4,299.466832272387,-0.363839044691101,0,14.9993899891142,0.135277324264869,0,0.516728320963432
186,59.2000000000006,5,364.293720491301,0,0,15,0,0,0
186,59.2000000000006,6,84.1037951668167,2.79392045454546,0,1.5537706264182e-16,2.5375,0,90
186,59.3000000000006,1,399.000000000002,0,0,15,0,0,0
186,59.3000000000006,2,146.748683528228,0,0,1.02857142857143,0,0,0
186,59.3000000000006,3,300.318327260351,2.79392045454546,0,1.5537706264182e-16,2.5375,0,90
186,59.3000000000006,4,299.466832272387,-0.363839044691101,0,14.9993899891142,0.135277324264869,0,0.516728320963432
186,59.3000000000006,5,364.293720491301,0,0,15,0,0,0
186,59.3000000000006,6,84.1037951668167,2.79392045454546,0,1.5537706264182e-16,2.5375,0,90
186,59.4000000000006,1,399.000000000002,0,0,15,0,0,0
186,59.4000000000006,2,146.748683528228,0,0,1.02857142857143,0,0,0
186,59.4000000000006,3,300.318327260351,2.79392045454546,0,1.5537706264182e-16,2.5375,0,90
186,59.4000000000006,4,299.466832272387,-0.363839044691101,0,14.9993899891142,0.135277324264869,0,0.516728320963432
186,59.4000000000006,5,364.293720491301,0,0,15,0,0,0
186,59.4000000000006,6,84.1037951668167,2.79392045454546,0,1.5537706264182e-16,2.5375,0,90
186,59.5000000000006,1,399.000000000002,0,0,15,0,0,0
186,59.5000000000006,2,146.748683528228,0,0,1.02857142857143,0,0,0
186,59.5000000000006,3,300.318327260351,2.79392045454546,0,1.5537706264182e-16,2.5375,0,90
186,59.5000000000006,4,299.466832272387,-0.363839044691101,0,14.9993899891142,0.135277324264869,0,0.516728320963432
186,59.5000000000006,5,364.293720491301,0,0,15,0,0,0
186,59.5000000000006,6,84.1037951668167,2.79392045454546,0,1.5537706264182e-16,2.5375,0,90
186,59.6000000000006,1,399.000000000002,0,0,15,0,0,0
186,59.6000000000006,2,146.748683528228,0,0,1.02857142857143,0,0,0
186,59.6000000000006,3,300.318327260351,2.79392045454546,0,1.5537706264182e-16,2.5375,0,90
186,59.6000000000006,4,299.466832272387,-0.363839044691101,0,14.9993899891142,0.135277324264869,0,0.516728320963432
186,59.6000000000006,5,364.293720491301,0,0,15,0,0,0
186,59.6000000000006,6,84.1037951668167,2.79392045454546,0,1.5537706264182e-16,2.5375,0,90
186,59.7000000000006,1,399.000000000002,0,0,15,0,0,0
186,59.7000000000006,2,146.748683528228,0,0,1.02857142857143,0,0,0
186,59.7000000000006,3,300.318327260351,2.79392045454546,0,1.5537706264182e-16,2.5375,0,90
186,59.7000000000006,4,299.466832272387,-0.363839044691101,0,14.9993899891142,0.135277324264869,0,0.516728320963432
186,59.7000000000006,5,364.293720491301,0,0,15,0,0,0
186,59.7000000000006,6,84.1037951668167,2.79392045454546,0,1.5537706264182e-16,2.5375,0,90
186,59.8000000000006,1,399.000000000002,0,0,15,0,0,0
186,59.8000000000006,2,146.748683528228,0,0,1.02857142857143,0,0,0
186,59.8000000000006,3,300.318327260351,2.79392045454546,0,1.5537706264182e-16,2.5375,0,90
186,59.8000000000006,4,299.466832272387,-0.363839044691101,0,14.9993899891142,0.135277324264869,0,0.516728320963432
186,59.8000000000006,5,364.293720491301,0,0,15,0,0,0
186,59.8000000000006,6,84.1037951668167,2.79392045454546,0,1.5537706264182e-16,2.5375,0,90
186,59.9000000000006,1,399.000000000002,0,0,15,0,0,0
186,59.9000000000006,2,146.748683528228,0,0,1.02857142857143,0,0,0
186,59.9000000000006,3,300.318327260351,2.79392045454546,0,1.5537706264182e-16,2.5375,0,90
186,59.9000000000006,4,299.466832272387,-0.363839044691101,0,14.9993899891142,0.135277324264869,0,0.516728320963432
186,59.9000000000006,5,364.293720491301,0,0,15,0,0,0
186,59.9000000000006,6,84.1037951668167,2.79392045454546,0,1.5537706264182e-16,2.5375,0,90
186,60.0000000000006,1,399.000000000002,0,0,15,0,0,0
186,60.0000000000006,2,146.748683528228,0,0,1.02857142857143,0,0,0
186,60.0000000000006,3,300.318327260351,2.79392045454546,0,1.5537706264182e-16,2.5375,0,90
186,60.0000000000006,4,299.466832272387,-0.363839044691101,0,14.9993899891142,0.135277324264869,0,0.516728320963432
186,60.0000000000006,5,364.293720491301,0,0,15,0,0,0
186,60.0000000000006,6,84.1037951668167,2.79392045454546,0,1.5537706264182e-16,2.5375,0,90
186,60.1000000000006,1,399.000000000002,0,0,15,0,0,0
186,60.1000000000006,2,146.748683528228,0,0,1.02857142857143,0,0,0
186,60.1000000000006,3,300.318327260351,2.79392045454546,0,1.5537706264182e-16,2.5375,0,90
186,60.1000000000006,4,299.466832272387,-0.363839044691101,0,14.9993899891142,0.135277324264869,0,0.516728320963432
186,60.1000000000006,5,364.293720491301,0,0,15,0,0,0
186,60.1000000000006,6,84.1037951668167,2.79392045454546,0,1.5537706264182e-16,2.5375,0,90
186,60.2000000000006,1,399.000000000002,0,0,15,0,0,0
186,60.2000000000006,2,146.748683528228,0,0,1.02857142857143,0,0,0
186,60.2000000000006,3,300.318327260351,2.79392045454546,0,1.5537706264182e-16,2.5375,0,90
186,60.2000000000006,4,299.466832272387,-0.363839044691101,0,14.9993899891142,0.135277324264869,0,0.516728320963432
186,60.2000000000006,5,364.293720491301,0,0,15,0,0,0
186,60.2000000000006,6,84.1037951668167,2.79392045454546,0,1.5537706264182e-16,2.5375,0,90
186,60.3000000000006,1,399.000000000002,0,0,15,0,0,0
186,60.3000000000006,2,146.748683528228,0,0,1.02857142857143,0,0,0
186,60.3000000000006,3,300.318327260351,2.79392045454546,0,1.5537706264182e-16,2.5375,0,90
186,60.3000000000006,4,299.466832272387,-0.363839044691101,0,14.9993899891142,0.135277324264869,0,0.516728320963432
186,60.3000000000006,5,364.293720491301,0,0,15,0,0,0
186,60.3000000000006,6,84.1037951668167,2.79392045454546,0,1.5537706264182e-16,2.5375,0,90
186,60.4000000000006,1,399.000000000002,0,0,15,0,0,0
186,60.4000000000006,2,146.748683528228,0,0,1.02857142857143,0,0,0
186,60.4000000000006,3,300.318327260351,2.79392045454546,0,1.5537706264182e-16,2.5375,0,90
186,60.4000000000006,4,299.466832272387,-0.363839044691101,0,14.9993899891142,0.135277324264869,0,0.516728320963432
186,60.4000000000006,5,364.293720491301,0,0,15,0,0,0
186,60.4000000000006,6,84.1037951668167,2.79392045454546,0,1.5537706264182e-16,2.5375,0,90
186,60.5000000000006,1,399.000000000002,0,0,15,0,0,0
186,60.5000000000006,2,146.748683528228,0,0,1.02857142857143,0,0,0
186,60.5000000000006,3,300.318327260351,2.79392045454546,0,1.5537706264182e-16,2.5375,0,90
186,60.5000000000006,4,299.466832272387,-0.363839044691101,0,14.9993899891142,0.135277324264869,0,0.516728320963432
186,60.5000000000006,5,364.293720491301,0,0,15,0,0,0
186,60.5000000000006,6,84.1037951668167,2.79392045454546,0,1.5537706264182e-16,2.5375,0,90
186,60.6000000000006,1,399.000000000002,0,0,15,0,0,0
186,60.6000000000006,2,146.748683528228,0,0,1.02857142857143,0,0,0
186,60.6000000000006,3,300.318327260351,2.79392045454546,0,1.5537706264182e-16,2.5375,0,90
186,60.6000000000006,4,299.466832272387,-0.363839044691101,0,14.9993899891142,0.135277324264869,0,0.516728320963432
186,60.6000000000006,5,364.293720491301,0,0,15,0,0,0
186,60.6000000000006,6,84.1037951668167,2.79392045454546,0,1.5537706264182e-16,2.5375,0,90
186,60.7000000000006,1,399.000000000002,0,0,15,0,0,0
186,60.7000000000006,2,146.748683528228,0,0,1.02857142857143,0,0,0
186,60.7000000000006,3,300.318327260351,2.79392045454546,0,1.5537706264182e-16,2.5375,0,90
186,60.7000000000006,4,299.466832272387,-0.363839044691101,0,14.9993899891142,0.135277324264869,0,0.516728320963432
186,60.7000000000006,5,364.293720491301,0,0,15,0,0,0
186,60.7000000000006,6,84.1037951668167,2.79392045454546,0,1.5537706264182e-16,2.5375,0,90
186,60.8000000000006,1,399.000000000002,0,0,15,0,0,0
186,60.8000000000006,2,146.748683528228,0,0,1.02857142857143,0,0,0
186,60.8000000000006,3,300.318327260351,2.79392045454546,0,1.5537706264182e-16,2.5375,0,90
186,60.8000000000006,4,299.466832272387,-0.363839044691101,0,14.9993899891142,0.135277324264869,0,0.516728320963432
186,60.8000000000006,5,364.293720491301,0,0,15,0,0,0
186,60.8000000000006,6,84.1037951668167,2.79392045454546,0,1.5537706264182e-16,2.5375,0,90
186,60.9000000000006,1,399.000000000002,0,0,15,0,0,0
186,60.9000000000006,2,146.748683528228,0,0,1.02857142857143,0,0,0
186,60.9000000000006,3,300.318327260351,2.79392045454546,0,1.5537706264182e-16,2.5375,0,90
186,60.9000000000006,4,299.466832272387,-0.363839044691101,0,14.9993899891142,0.135277324264869,0,0.516728320963432
186,60.9000000000006,5,364.293720491301,0,0,15,0,0,0
186,60.9000000000006,6,84.1037951668167,2.79392045454546,0,1.5537706264182e-16,2.5375,0,90
186,61.0000000000006,1,399.000000000002,0,0,15,0,0,0
186,61.0000000000006,2,146.748683528228,0,0,1.02857142857143,0,0,0
186,61.0000000000006,3,300.318327260351,2.79392045454546,0,1.5537706264182e-16,2.5375,0,90
186,61.0000000000006,4,299.466832272387,-0.363839044691101,0,14.9993899891142,0.135277324264869,0,0.516728320963432
186,61.0000000000006,5,364.293720491301,0,0,15,0,0,0
186,61.0000000000006,6,84.1037951668167,2.79392045454546,0,1.5537706264182e-16,2.5375,0,90
186,61.1000000000006,1,399.000000000002,0,0,15,0,0,0
186,61.1000000000006,2,146.748683528228,0,0,1.02857142857143,0,0,0
186,61.1000000000006,3,300.318327260351,2.79392045454546,0,1.5537706264182e-16,2.5375,0,90
186,61.1000000000006,4,299.466832272387,-0.363839044691101,0,14.9993899891142,0.135277324264869,0,0.516728320963432
186,61.1000000000006,5,364.293720491301,0,0,15,0,0,0
186,61.1000000000006,6,84.1037951668167,2.79392045454546,0,1.5537706264182e-16,2.5375,0,90
186,61.2000000000006,1,399.000000000002,0,0,15,0,0,0
186,61.2000000000006,2,146.748683528228,0,0,1.02857142857143,0,0,0
186,61.2000000000006,3,300.318327260351,2.79392045454546,0,1.5537706264182e-16,2.5375,0,90
186,61.2000000000006,4,299.466832272387,-0.363839044691101,0,14.9993899891142,0.135277324264869,0,0.516728320963432
186,61.2000000000006,5,364.293720491301,0,0,15,0,0,0
186,61.2000000000006,6,84.1037951668167,2.79392045454546,0,1.5537706264182e-16,2.5375,0,90
186,61.3000000000006,1,399.000000000002,0,0,15,0,0,0
186,61.3000000000006,2,146.748683528228,0,0,1.02857142857143,0,0,0
186,61.3000000000006,3,300.318327260351,2.79392045454546,0,1.5537706264182e-16,2.5375,0,90
186,61.3000000000006,4,299.466832272387,-0.363839044691101,0,14.9993899891142,0.135277324264869,0,0.516728320963432
186,61.3000000000006,5,364.293720491301,0,0,15,0,0,0
186,61.3000000000006,6,84.1037951668167,2.79392045454546,0,1.5537706264182e-16,2.5375,0,90
186,61.4000000000006,1,399.000000000002,0,0,15,0,0,0
186,61.4000000000006,2,146.748683528228,0,0,1.02857142857143,0,0,0
186,61.4000000000006,3,300.318327260351,2.79392045454546,0,1.5537706264182e-16,2.5375,0,90
186,61.4000000000006,4,299.466832272387,-0.363839044691101,0,14.9993899891142,0.135277324264869,0,0.516728320963432
186,61.4000000000006,5,364.293720491301,0,0,15,0,0,0
186,61.4000000000006,6,84.1037951668167,2.79392045454546,0,1.5537706264182e-16,2.5375,0,90
186,61.5000000000006,1,399.000000000002,0,0,15,0,0,0
186,61.5000000000006,2,146.748683528228,0,0,1.02857142857143,0,0,0
186,61.5000000000006,3,300.318327260351,2.79392045454546,0,1.5537706264182e-16,2.5375,0,90
186,61.5000000000006,4,299.466832272387,-0.363839044691101,0,14.9993899891142,0.135277324264869,0,0.516728320963432
186,61.5000000000006,5,364.293720491301,0,0,15,0,0,0
186,61.5000000000006,6,84.1037951668167,2.79392045454546,0,1.5537706264182e-16,2.5375,0,90
186,61.6000000000006,1,399.000000000002,0,0,15,0,0,0
186,61.6000000000006,2,146.748683528228,0,0,1.02857142857143,0,0,0
186,61.6000000000006,3,300.318327260351,2.79392045454546,0,1.5537706264182e-16,2.5375,0,90
186,61.6000000000006,4,299.466832272387,-0.363839044691101,0,14.9993899891142,0.135277324264869,0,0.516728320963432
186,61.6000000000006,5,364.293720491301,0,0,15,0,0,0
186,61.6000000000006,6,84.1037951668167,2.79392045454546,0,1.5537706264182e-16,2.5375,0,90
186,61.7000000000006,1,399.000000000002,0,0,15,0,0,0
186,61.7000000000006,2,146.748683528228,0,0,1.02857142857143,0,0,0
186,61.7000000000006,3,300.318327260351,2.79392045454546,0,1.5537706264182e-16,2.5375,0,90
186,61.7000000000006,4,299.466832272387,-0.363839044691101,0,14.9993899891142,0.135277324264869,0,0.516728320963432
186,61.7000000000006,5,364.293720491301,0,0,15,0,0,0
186,61.7000000000006,6,84.1037951668167,2.79392045454546,0,1.5537706264182e-16,2.5375,0,90
186,61.8000000000006,1,399.000000000002,0,0,15,0,0,0
186,61.8000000000006,2,146.748683528228,0,0,1.02857142857143,0,0,0
186,61.8000000000006,3,300.318327260351,2.79392045454546,0,1.5537706264182e-16,2.5375,0,90
186,61.8000000000006,4,299.466832272387,-0.363839044691101,0,14.9993899891142,0.135277324264869,0,0.516728320963432
186,61.8000000000006,5,364.293720491301,0,0,15,0,0,0
186,61.8000000000006,6,84.1037951668167,2.79392045454546,0,1.5537706264182e-16,2.5375,0,90
186,61.9000000000006,1,399.000000000002,0,0,15,0,0,0
186,61.9000000000006,2,146.748683528228,0,0,1.02857142857143,0,0,0
186,61.9000000000006,3,300.318327260351,2.79392045454546,0,1.5537706264182e-16,2.5375,0,90
186,61.9000000000006,4,299.466832272387,-0.363839044691101,0,14.9993899891142,0.135277324264869,0,0.516728320963432
186,61.9000000000006,5,364.293720491301,0,0,15,0,0,0
186,61.9000000000006,6,84.1037951668167,2.79392045454546,0,1.5537706264182e-16,2.5375,0,90
186,62.0000000000006,1,399.000000000002,0,0,15,0,0,0
186,62.0000000000006,2,146.748683528228,0,0,1.02857142857143,0,0,0
186,62.0000000000006,3,300.318327260351,2.79392045454546,0,1.5537706264182e-16,2.5375,0,90
186,62.0000000000006,4,299.466832272387,-0.363839044691101,0,14.9993899891142,0.135277324264869,0,0.516728320963432
186,62.0000000000006,5,364.293720491301,0,0,15,0,0,0
186,62.0000000000006,6,84.1037951668167,2.79392045454546,0,1.5537706264182e-16,2.5375,0,90
186,62.1000000000006,1,399.000000000002,0,0,15,0,0,0
186,62.1000000000006,2,146.748683528228,0,0,1.02857142857143,0,0,0
186,62.1000000000006,3,300.318327260351,2.79392045454546,0,1.5537706264182e-16,2.5375,0,90
186,62.1000000000006,4,299.466832272387,-0.363839044691101,0,14.9993899891142,0.135277324264869,0,0.516728320963432
186,62.1000000000006,5,364.293720491301,0,0,15,0,0,0
186,62.1000000000006,6,84.1037951668167,2.79392045454546,0,1.5537706264182e-16,2.5375,0,90
186,62.2000000000006,1,399.000000000002,0,0,15,0,0,0
186,62.2000000000006,2,146.748683528228,0,0,1.02857142857143,0,0,0
186,62.2000000000006,3,300.318327260351,2.79392045454546,0,1.5537706264182e-16,2.5375,0,90
186,62.2000000000006,4,299.466832272387,-0.363839044691101,0,14.9993899891142,0.135277324264869,0,0.516728320963432
186,62.2000000000006,5,364.293720491301,0,0,15,0,0,0
186,62.2000000000006,6,84.1037951668167,2.79392045454546,0,1.5537706264182e-16,2.5375,0,90
186,62.3000000000006,1,399.000000000002,0,0,15,0,0,0
186,62.3000000000006,2,146.748683528228,0,0,1.02857142857143,0,0,0
186,62.3000000000006,3,300.318327260351,2.79392045454546,0,1.5537706264182e-16,2.5375,0,90
186,62.3000000000006,4,299.466832272387,-0.363839044691101,0,14.9993899891142,0.135277324264869,0,0.516728320963432
186,62.3000000000006,5,364.293720491301,0,0,15,0,0,0
186,62.3000000000006,6,84.1037951668167,2.79392045454546,0,1.5537706264182e-16,2.5375,0,90
186,62.4000000000006,1,399.000000000002,0,0,15,0,0,0
186,62.4000000000006,2,146.748683528228,0,0,1.02857142857143,0,0,0
186,62.4000000000006,3,300.318327260351,2.79392045454546,0,1.5537706264182e-16,2.5375,0,90
186,62.4000000000006,4,299.466832272387,-0.363839044691101,0,14.9993899891142,0.135277324264869,0,0.516728320963432
186,62.4000000000006,5,364.293720491301,0,0,15,0,0,0
186,62.4000000000006,6,84.1037951668167,2.79392045454546,0,1.5537706264182e-16,2.5375,0,90
186,62.5000000000006,1,399.000000000002,0,0,15,0,0,0
186,62.5000000000006,2,146.748683528228,0,0,1.02857142857143,0,0,0
186,62.5000000000006,3,300.318327260351,2.79392045454546,0,1.5537706264182e-16,2.5375,0,90
186,62.5000000000006,4,299.466832272387,-0.363839044691101,0,14.9993899891142,0.135277324264869,0,0.516728320963432
186,62.5000000000006,5,364.293720491301,0,0,15,0,0,0
186,62.5000000000006,6,84.1037951668167,2.79392045454546,0,1.5537706264182e-16,2.5375,0,90
186,62.6000000000006,1,399.000000000002,0,0,15,0,0,0
186,62.6000000000006,2,146.748683528228,0,0,1.02857142857143,0,0,0
186,62.6000000000006,3,300.318327260351,2.79392045454546,0,1.5537706264182e-16,2.5375,0,90
186,62.6000000000006,4,299.466832272387,-0.363839044691101,0,14.9993899891142,0.135277324264869,0,0.516728320963432
186,62.6000000000006,5,364.293720491301,0,0,15,0,0,0
186,62.6000000000006,6,84.1037951668167,2.79392045454546,0,1.5537706264182e-16,2.5375,0,90
186,62.7000000000006,1,399.000000000002,0,0,15,0,0,0
186,62.7000000000006,2,146.748683528228,0,0,1.02857142857143,0,0,0
186,62.7000000000006,3,300.318327260351,2.79392045454546,0,1.5537706264182e-16,2.5375,0,90
186,62.7000000000006,4,299.466832272387,-0.363839044691101,0,14.9993899891142,0.135277324264869,0,0.516728320963432
186,62.7000000000006,5,364.293720491301,0,0,15,0,0,0
186,62.7000000000006,6,84.1037951668167,2.79392045454546,0,1.5537706264182e-16,2.5375,0,90
186,62.8000000000006,1,399.000000000002,0,0,15,0,0,0
186,62.8000000000006,2,146.748683528228,0,0,1.02857142857143,0,0,0
186,62.8000000000006,3,300.318327260351,2.79392045454546,0,1.5537706264182e-16,2.5375,0,90
186,62.8000000000006,4,299.466832272387,-0.363839044691101,0,14.9993899891142,0.135277324264869,0,0.516728320963432
186,62.8000000000006,5,364.293720491301,0,0,15,0,0,0
186,62.8000000000006,6,84.1037951668167,2.79392045454546,0,1.5537706264182e-16,2.5375,0,90
186,62.9000000000006,1,399.000000000002,0,0,15,0,0,0
186,62.9000000000006,2,146.748683528228,0,0,1.02857142857143,0,0,0
186,62.9000000000006,3,300.318327260351,2.79392045454546,0,1.5537706264182e-16,2.5375,0,90
186,62.9000000000006,4,299.466832272387,-0.363839044691101,0,14.9993899891142,0.135277324264869,0,0.516728320963432
186,62.9000000000006,5,364.293720491301,0,0,15,0,0,0
186,62.9000000000006,6,84.1037951668167,2.79392045454546,0,1.5537706264182e-16,2.5375,0,90
186,63.0000000000006,1,399.000000000002,0,0,15,0,0,0
186,63.0000000000006,2,146.748683528228,0,0,1.02857142857143,0,0,0
186,63.0000000000006,3,300.318327260351,2.79392045454546,0,1.5537706264182e-16,2.5375,0,90
186,63.0000000000006,4,299.466832272387,-0.363839044691101,0,14.9993899891142,0.135277324264869,0,0.516728320963432
186,63.0000000000006,5,364.293720491301,0,0,15,0,0,0
186,63.0000000000006,6,84.1037951668167,2.79392045454546,0,1.5537706264182e-16,2.5375,0,90
186,63.1000000000006,1,399.000000000002,0,0,15,0,0,0
186,63.1000000000006,2,146.748683528228,0,0,1.02857142857143,0,0,0
186,63.1000000000006,3,300.318327260351,2.79392045454546,0,1.5537706264182e-16,2.5375,0,90
186,63.1000000000006,4,299.466832272387,-0.363839044691101,0,14.9993899891142,0.135277324264869,0,0.516728320963432
186,63.1000000000006,5,364.293720491301,0,0,15,0,0,0
186,63.1000000000006,6,84.1037951668167,2.79392045454546,0,1.5537706264182e-16,2.5375,0,90
186,63.2000000000006,1,399.000000000002,0,0,15,0,0,0
186,63.2000000000006,2,146.748683528228,0,0,1.02857142857143,0,0,0
186,63.2000000000006,3,300.318327260351,2.79392045454546,0,1.5537706264182e-16,2.5375,0,90
186,63.2000000000006,4,299.466832272387,-0.363839044691101,0,14.9993899891142,0.135277324264869,0,0.516728320963432
186,63.2000000000006,5,364.293720491301,0,0,15,0,0,0
186,63.2000000000006,6,84.1037951668167,2.79392045454546,0,1.5537706264182e-16,2.5375,0,90
186,63.3000000000006,1,399.000000000002,0,0,15,0,0,0
186,63.3000000000006,2,146.748683528228,0,0,1.02857142857143,0,0,0
186,63.3000000000006,3,300.318327260351,2.79392045454546,0,1.5537706264182e-16,2.5375,0,90
186,63.3000000000006,4,299.466832272387,-0.363839044691101,0,14.9993899891142,0.135277324264869,0,0.516728320963432
186,63.3000000000006,5,364.293720491301,0,0,15,0,0,0
186,63.3000000000006,6,84.1037951668167,2.79392045454546,0,1.5537706264182e-16,2.5375,0,90
186,63.4000000000006,1,399.000000000002,0,0,15,0,0,0
186,63.4000000000006,2,146.748683528228,0,0,1.02857142857143,0,0,0
186,63.4000000000006,3,300.318327260351,2.79392045454546,0,1.5537706264182e-16,2.5375,0,90
186,63.4000000000006,4,299.466832272387,-0.363839044691101,0,14.9993899891142,0.135277324264869,0,0.516728320963432
186,63.4000000000006,5,364.293720491301,0,0,15,0,0,0
186,63.4000000000006,6,84.1037951668167,2.79392045454546,0,1.5537706264182e-16,2.5375,0,90
186,63.5000000000006,1,399.000000000002,0,0,15,0,0,0
186,63.5000000000006,2,146.748683528228,0,0,1.02857142857143,0,0,0
186,63.5000000000006,3,300.318327260351,2.79392045454546,0,1.5537706264182e-16,2.5375,0,90
186,63.5000000000006,4,299.466832272387,-0.363839044691101,0,14.9993899891142,0.135277324264869,0,0.516728320963432
186,63.5000000000006,5,364.293720491301,0,0,15,0,0,0
186,63.5000000000006,6,84.1037951668167,2.79392045454546,0,1.5537706264182e-16,2.5375,0,90
186,63.6000000000006,1,399.000000000002,0,0,15,0,0,0
186,63.6000000000006,2,146.748683528228,0,0,1.02857142857143,0,0,0
186,63.6000000000006,3,300.318327260351,2.79392045454546,0,1.5537706264182e-16,2.5375,0,90
186,63.6000000000006,4,299.466832272387,-0.363839044691101,0,14.9993899891142,0.135277324264869,0,0.516728320963432
186,63.6000000000006,5,364.293720491301,0,0,15,0,0,0
186,63.6000000000006,6,84.1037951668167,2.79392045454546,0,1.5537706264182e-16,2.5375,0,90
186,63.7000000000006,1,399.000000000002,0,0,15,0,0,0
186,63.7000000000006,2,146.748683528228,0,0,1.02857142857143,0,0,0
186,63.7000000000006,3,300.318327260351,2.79392045454546,0,1.5537706264182e-16,2.5375,0,90
186,63.7000000000006,4,299.466832272387,-0.363839044691101,0,14.9993899891142,0.135277324264869,0,0.516728320963432
186,63.7000000000006,5,364.293720491301,0,0,15,0,0,0
186,63.7000000000006,6,84.1037951668167,2.79392045454546,0,1.5537706264182e-16,2.5375,0,90
186,63.8000000000006,1,399.000000000002,0,0,15,0,0,0
186,63.8000000000006,2,146.748683528228,0,0,1.02857142857143,0,0,0
186,63.8000000000006,3,300.318327260351,2.79392045454546,0,1.5537706264182e-16,2.5375,0,90
186,63.8000000000006,4,299.466832272387,-0.363839044691101,0,14.9993899891142,0.135277324264869,0,0.516728320963432
186,63.8000000000006,5,364.293720491301,0,0,15,0,0,0
186,63.8000000000006,6,84.1037951668167,2.79392045454546,0,1.5537706264182e-16,2.5375,0,90
186,63.9000000000006,1,399.000000000002,0,0,15,0,0,0
186,63.9000000000006,2,146.748683528228,0,0,1.02857142857143,0,0,0
186,63.9000000000006,3,300.318327260351,2.79392045454546,0,1.5537706264182e-16,2.5375,0,90
186,63.9000000000006,4,299.466832272387,-0.363839044691101,0,14.9993899891142,0.135277324264869,0,0.516728320963432
186,63.9000000000006,5,364.293720491301,0,0,15,0,0,0
186,63.9000000000006,6,84.1037951668167,2.79392045454546,0,1.5537706264182e-16,2.5375,0,90
186,64.0000000000006,1,399.000000000002,0,0,15,0,0,0
186,64.0000000000006,2,146.748683528228,0,0,1.02857142857143,0,0,0
186,64.0000000000006,3,300.318327260351,2.79392045454546,0,1.5537706264182e-16,2.5375,0,90
186,64.0000000000006,4,299.466832272387,-0.363839044691101,0,14.9993899891142,0.135277324264869,0,0.516728320963432
186,64.0000000000006,5,364.293720491301,0,0,15,0,0,0
186,64.0000000000006,6,84.1037951668167,2.79392045454546,0,1.5537706264182e-16,2.5375,0,90
186,64.1000000000006,1,399.000000000002,0,0,15,0,0,0
186,64.1000000000006,2,146.748683528228,0,0,1.02857142857143,0,0,0
186,64.1000000000006,3,300.318327260351,2.79392045454546,0,1.5537706264182e-16,2.5375,0,90
186,64.1000000000006,4,299.466832272387,-0.363839044691101,0,14.9993899891142,0.135277324264869,0,0.516728320963432
186,64.1000000000006,5,364.293720491301,0,0,15,0,0,0
186,64.1000000000006,6,84.1037951668167,2.79392045454546,0,1.5537706264182e-16,2.5375,0,90
186,64.2000000000006,1,399.000000000002,0,0,15,0,0,0
186,64.2000000000006,2,146.748683528228,0,0,1.02857142857143,0,0,0
186,64.2000000000006,3,300.318327260351,2.79392045454546,0,1.5537706264182e-16,2.5375,0,90
186,64.2000000000006,4,299.466832272387,-0.363839044691101,0,14.9993899891142,0.135277324264869,0,0.516728320963432
186,64.2000000000006,5,364.293720491301,0,0,15,0,0,0
186,64.2000000000006,6,84.1037951668167,2.79392045454546,0,1.5537706264182e-16,2.5375,0,90
186,64.3000000000006,1,399.000000000002,0,0,15,0,0,0
186,64.3000000000006,2,146.748683528228,0,0,1.02857142857143,0,0,0
186,64.3000000000006,3,300.318327260351,2.79392045454546,0,1.5537706264182e-16,2.5375,0,90
186,64.3000000000006,4,299.466832272387,-0.363839044691101,0,14.9993899891142,0.135277324264869,0,0.516728320963432
186,64.3000000000006,5,364.293720491301,0,0,15,0,0,0
186,64.3000000000006,6,84.1037951668167,2.79392045454546,0,1.5537706264182e-16,2.5375,0,90
186,64.4000000000006,1,399.000000000002,0,0,15,0,0,0
186,64.4000000000006,2,146.748683528228,0,0,1.02857142857143,0,0,0
186,64.4000000000006,3,300.318327260351,2.79392045454546,0,1.5537706264182e-16,2.5375,0,90
186,64.4000000000006,4,299.466832272387,-0.363839044691101,0,14.9993899891142,0.135277324264869,0,0.516728320963432
186,64.4000000000006,5,364.293720491301,0,0,15,0,0,0
186,64.4000000000006,6,84.1037951668167,2.79392045454546,0,1.5537706264182e-16,2.5375,0,90
186,64.5000000000006,1,399.000000000002,0,0,15,0,0,0
186,64.5000000000006,2,146.748683528228,0,0,1.02857142857143,0,0,0
186,64.5000000000006,3,300.318327260351,2.79392045454546,0,1.5537706264182e-16,2.5375,0,90
186,64.5000000000006,4,299.466832272387,-0.363839044691101,0,14.9993899891142,0.135277324264869,0,0.516728320963432
186,64.5000000000006,5,364.293720491301,0,0,15,0,0,0
186,64.5000000000006,6,84.1037951668167,2.79392045454546,0,1.5537706264182e-16,2.5375,0,90
186,64.6000000000006,1,399.000000000002,0,0,15,0,0,0
186,64.6000000000006,2,146.748683528228,0,0,1.02857142857143,0,0,0
186,64.6000000000006,3,300.318327260351,2.79392045454546,0,1.5537706264182e-16,2.5375,0,90
186,64.6000000000006,4,299.466832272387,-0.363839044691101,0,14.9993899891142,0.135277324264869,0,0.516728320963432
186,64.6000000000006,5,364.293720491301,0,0,15,0,0,0
186,64.6000000000006,6,84.1037951668167,2.79392045454546,0,1.5537706264182e-16,2.5375,0,90
186,64.7000000000006,1,399.000000000002,0,0,15,0,0,0
186,64.7000000000006,2,146.748683528228,0,0,1.02857142857143,0,0,0
186,64.7000000000006,3,300.318327260351,2.79392045454546,0,1.5537706264182e-16,2.5375,0,90
186,64.7000000000006,4,299.466832272387,-0.363839044691101,0,14.9993899891142,0.135277324264869,0,0.516728320963432
186,64.7000000000006,5,364.293720491301,0,0,15,0,0,0
186,64.7000000000006,6,84.1037951668167,2.79392045454546,0,1.5537706264182e-16,2.5375,0,90
186,64.8000000000006,1,399.000000000002,0,0,15,0,0,0
186,64.8000000000006,2,146.748683528228,0,0,1.02857142857143,0,0,0
186,64.8000000000006,3,300.318327260351,2.79392045454546,0,1.5537706264182e-16,2.5375,0,90
186,64.8000000000006,4,299.466832272387,-0.363839044691101,0,14.9993899891142,0.135277324264869,0,0.516728320963432
186,64.8000000000006,5,364.293720491301,0,0,15,0,0,0
186,64.8000000000006,6,84.1037951668167,2.79392045454546,0,1.5537706264182e-16,2.5375,0,90
186,64.9000000000006,1,399.000000000002,0,0,15,0,0,0
186,64.9000000000006,2,146.748683528228,0,0,1.02857142857143,0,0,0
186,64.9000000000006,3,300.318327260351,2.79392045454546,0,1.5537706264182e-16,2.5375,0,90
186,64.9000000000006,4,299.466832272387,-0.363839044691101,0,14.9993899891142,0.135277324264869,0,0.516728320963432
186,64.9000000000006,5,364.293720491301,0,0,15,0,0,0
186,64.9000000000006,6,84.1037951668167,2.79392045454546,0,1.5537706264182e-16,2.5375,0,90
186,65.0000000000006,1,399.000000000002,0,0,15,0,0,0
186,65.0000000000006,2,146.748683528228,0,0,1.02857142857143,0,0,0
186,65.0000000000006,3,300.318327260351,2.79392045454546,0,1.5537706264182e-16,2.5375,0,90
186,65.0000000000006,4,299.466832272387,-0.363839044691101,0,14.9993899891142,0.135277324264869,0,0.516728320963432
186,65.0000000000006,5,364.293720491301,0,0,15,0,0,0
186,65.0000000000006,6,84.1037951668167,2.79392045454546,0,1.5537706264182e-16,2.5375,0,90
186,65.1000000000006,1,399.000000000002,0,0,15,0,0,0
186,65.1000000000006,2,146.748683528228,0,0,1.02857142857143,0,0,0
186,65.1000000000006,3,300.318327260351,2.79392045454546,0,1.5537706264182e-16,2.5375,0,90
186,65.1000000000006,4,299.466832272387,-0.363839044691101,0,14.9993899891142,0.135277324264869,0,0.516728320963432
186,65.1000000000006,5,364.293720491301,0,0,15,0,0,0
186,65.1000000000006,6,84.1037951668167,2.79392045454546,0,1.5537706264182e-16,2.5375,0,90
186,65.2000000000006,1,399.000000000002,0,0,15,0,0,0
186,65.2000000000006,2,146.748683528228,0,0,1.02857142857143,0,0,0
186,65.2000000000006,3,300.318327260351,2.79392045454546,0,1.5537706264182e-16,2.5375,0,90
186,65.2000000000006,4,299.466832272387,-0.363839044691101,0,14.9993899891142,0.135277324264869,0,0.516728320963432
186,65.2000000000006,5,364.293720491301,0,0,15,0,0,0
186,65.2000000000006,6,84.1037951668167,2.79392045454546,0,1.5537706264182e-16,2.5375,0,90
186,65.3000000000006,1,399.000000000002,0,0,15,0,0,0
186,65.3000000000006,2,146.748683528228,0,0,1.02857142857143,0,0,0
186,65.3000000000006,3,300.318327260351,2.79392045454546,0,1.5537706264182e-16,2.5375,0,90
186,65.3000000000006,4,299.466832272387,-0.363839044691101,0,14.9993899891142,0.135277324264869,0,0.516728320963432
186,65.3000000000006,5,364.293720491301,0,0,15,0,0,0
186,65.3000000000006,6,84.1037951668167,2.79392045454546,0,1.5537706264182e-16,2.5375,0,90
186,65.4000000000006,1,399.000000000002,0,0,15,0,0,0
186,65.4000000000006,2,146.748683528228,0,0,1.02857142857143,0,0,0
186,65.4000000000006,3,300.318327260351,2.79392045454546,0,1.5537706264182e-16,2.5375,0,90
186,65.4000000000006,4,299.466832272387,-0.363839044691101,0,14.9993899891142,0.135277324264869,0,0.516728320963432
186,65.4000000000006,5,364.293720491301,0,0,15,0,0,0
186,65.4000000000006,6,84.1037951668167,2.79392045454546,0,1.5537706264182e-16,2.5375,0,90
186,65.5000000000006,1,399.000000000002,0,0,15,0,0,0
186,65.5000000000006,2,146.748683528228,0,0,1.02857142857143,0,0,0
186,65.5000000000006,3,300.318327260351,2.79392045454546,0,1.5537706264182e-16,2.5375,0,90
186,65.5000000000006,4,299.466832272387,-0.363839044691101,0,14.9993899891142,0.135277324264869,0,0.516728320963432
186,65.5000000000006,5,364.293720491301,0,0,15,0,0,0
186,65.5000000000006,6,84.1037951668167,2.79392045454546,0,1.5537706264182e-16,2.5375,0,90
186,65.6000000000005,1,399.000000000002,0,0,15,0,0,0
186,65.6000000000005,2,146.748683528228,0,0,1.02857142857143,0,0,0
186,65.6000000000005,3,300.318327260351,2.79392045454546,0,1.5537706264182e-16,2.5375,0,90
186,65.6000000000005,4,299.466832272387,-0.363839044691101,0,14.9993899891142,0.135277324264869,0,0.516728320963432
186,65.6000000000005,5,364.293720491301,0,0,15,0,0,0
186,65.6000000000005,6,84.1037951668167,2.79392045454546,0,1.5537706264182e-16,2.5375,0,90
186,65.7000000000005,1,399.000000000002,0,0,15,0,0,0
186,65.7000000000005,2,146.748683528228,0,0,1.02857142857143,0,0,0
186,65.7000000000005,3,300.318327260351,2.79392045454546,0,1.5537706264182e-16,2.5375,0,90
186,65.7000000000005,4,299.466832272387,-0.363839044691101,0,14.9993899891142,0.135277324264869,0,0.516728320963432
186,65.7000000000005,5,364.293720491301,0,0,15,0,0,0
186,65.7000000000005,6,84.1037951668167,2.79392045454546,0,1.5537706264182e-16,2.5375,0,90
186,65.8000000000005,1,399.000000000002,0,0,15,0,0,0
186,65.8000000000005,2,146.748683528228,0,0,1.02857142857143,0,0,0
186,65.8000000000005,3,300.318327260351,2.79392045454546,0,1.5537706264182e-16,2.5375,0,90
186,65.8000000000005,4,299.466832272387,-0.363839044691101,0,14.9993899891142,0.135277324264869,0,0.516728320963432
186,65.8000000000005,5,364.293720491301,0,0,15,0,0,0
186,65.8000000000005,6,84.1037951668167,2.79392045454546,0,1.5537706264182e-16,2.5375,0,90
186,65.9000000000005,1,399.000000000002,0,0,15,0,0,0
186,65.9000000000005,2,146.748683528228,0,0,1.02857142857143,0,0,0
186,65.9000000000005,3,300.318327260351,2.79392045454546,0,1.5537706264182e-16,2.5375,0,90
186,65.9000000000005,4,299.466832272387,-0.363839044691101,0,14.9993899891142,0.135277324264869,0,0.516728320963432
186,65.9000000000005,5,364.293720491301,0,0,15,0,0,0
186,65.9000000000005,6,84.1037951668167,2.79392045454546,0,1.5537706264182e-16,2.5375,0,90
186,66.0000000000005,1,399.000000000002,0,0,15,0,0,0
186,66.0000000000005,2,146.748683528228,0,0,1.02857142857143,0,0,0
186,66.0000000000005,3,300.318327260351,2.79392045454546,0,1.5537706264182e-16,2.5375,0,90
186,66.0000000000005,4,299.466832272387,-0.363839044691101,0,14.9993899891142,0.135277324264869,0,0.516728320963432
186,66.0000000000005,5,364.293720491301,0,0,15,0,0,0
186,66.0000000000005,6,84.1037951668167,2.79392045454546,0,1.5537706264182e-16,2.5375,0,90
186,66.1000000000005,1,399.000000000002,0,0,15,0,0,0
186,66.1000000000005,2,146.748683528228,0,0,1.02857142857143,0,0,0
186,66.1000000000005,3,300.318327260351,2.79392045454546,0,1.5537706264182e-16,2.5375,0,90
186,66.1000000000005,4,299.466832272387,-0.363839044691101,0,14.9993899891142,0.135277324264869,0,0.516728320963432
186,66.1000000000005,5,364.293720491301,0,0,15,0,0,0
186,66.1000000000005,6,84.1037951668167,2.79392045454546,0,1.5537706264182e-16,2.5375,0,90
186,66.2000000000005,1,399.000000000002,0,0,15,0,0,0
186,66.2000000000005,2,146.748683528228,0,0,1.02857142857143,0,0,0
186,66.2000000000005,3,300.318327260351,2.79392045454546,0,1.5537706264182e-16,2.5375,0,90
186,66.2000000000005,4,299.466832272387,-0.363839044691101,0,14.9993899891142,0.135277324264869,0,0.516728320963432
186,66.2000000000005,5,364.293720491301,0,0,15,0,0,0
186,66.2000000000005,6,84.1037951668167,2.79392045454546,0,1.5537706264182e-16,2.5375,0,90
186,66.3000000000005,1,399.000000000002,0,0,15,0,0,0
186,66.3000000000005,2,146.748683528228,0,0,1.02857142857143,0,0,0
186,66.3000000000005,3,300.318327260351,2.79392045454546,0,1.5537706264182e-16,2.5375,0,90
186,66.3000000000005,4,299.466832272387,-0.363839044691101,0,14.9993899891142,0.135277324264869,0,0.516728320963432
186,66.3000000000005,5,364.293720491301,0,0,15,0,0,0
186,66.3000000000005,6,84.1037951668167,2.79392045454546,0,1.5537706264182e-16,2.5375,0,90
186,66.4000000000005,1,399.000000000002,0,0,15,0,0,0
186,66.4000000000005,2,146.748683528228,0,0,1.02857142857143,0,0,0
186,66.4000000000005,3,300.318327260351,2.79392045454546,0,1.5537706264182e-16,2.5375,0,90
186,66.4000000000005,4,299.466832272387,-0.363839044691101,0,14.9993899891142,0.135277324264869,0,0.516728320963432
186,66.4000000000005,5,364.293720491301,0,0,15,0,0,0
186,66.4000000000005,6,84.1037951668167,2.79392045454546,0,1.5537706264182e-16,2.5375,0,90
186,66.5000000000005,1,399.000000000002,0,0,15,0,0,0
186,66.5000000000005,2,146.748683528228,0,0,1.02857142857143,0,0,0
186,66.5000000000005,3,300.318327260351,2.79392045454546,0,1.5537706264182e-16,2.5375,0,90
186,66.5000000000005,4,299.466832272387,-0.363839044691101,0,14.9993899891142,0.135277324264869,0,0.516728320963432
186,66.5000000000005,5,364.293720491301,0,0,15,0,0,0
186,66.5000000000005,6,84.1037951668167,2.79392045454546,0,1.5537706264182e-16,2.5375,0,90
186,66.6000000000005,1,399.000000000002,0,0,15,0,0,0
186,66.6000000000005,2,146.748683528228,0,0,1.02857142857143,0,0,0
186,66.6000000000005,3,300.318327260351,2.79392045454546,0,1.5537706264182e-16,2.5375,0,90
186,66.6000000000005,4,299.466832272387,-0.363839044691101,0,14.9993899891142,0.135277324264869,0,0.516728320963432
186,66.6000000000005,5,364.293720491301,0,0,15,0,0,0
186,66.6000000000005,6,84.1037951668167,2.79392045454546,0,1.5537706264182e-16,2.5375,0,90
186,66.7000000000005,1,399.000000000002,0,0,15,0,0,0
186,66.7000000000005,2,146.748683528228,0,0,1.02857142857143,0,0,0
186,66.7000000000005,3,300.318327260351,2.79392045454546,0,1.5537706264182e-16,2.5375,0,90
186,66.7000000000005,4,299.466832272387,-0.363839044691101,0,14.9993899891142,0.135277324264869,0,0.516728320963432
186,66.7000000000005,5,364.293720491301,0,0,15,0,0,0
186,66.7000000000005,6,84.1037951668167,2.79392045454546,0,1.5537706264182e-16,2.5375,0,90
186,66.8000000000005,1,399.000000000002,0,0,15,0,0,0
186,66.8000000000005,2,146.748683528228,0,0,1.02857142857143,0,0,0
186,66.8000000000005,3,300.318327260351,2.79392045454546,0,1.5537706264182e-16,2.5375,0,90
186,66.8000000000005,4,299.466832272387,-0.363839044691101,0,14.9993899891142,0.135277324264869,0,0.516728320963432
186,66.8000000000005,5,364.293720491301,0,0,15,0,0,0
186,66.8000000000005,6,84.1037951668167,2.79392045454546,0,1.5537706264182e-16,2.5375,0,90
186,66.9000000000005,1,399.000000000002,0,0,15,0,0,0
186,66.9000000000005,2,146.748683528228,0,0,1.02857142857143,0,0,0
186,66.9000000000005,3,300.318327260351,2.79392045454546,0,1.5537706264182e-16,2.5375,0,90
186,66.9000000000005,4,299.466832272387,-0.363839044691101,0,14.9993899891142,0.135277324264869,0,0.516728320963432
186,66.9000000000005,5,364.293720491301,0,0,15,0,0,0
186,66.9000000000005,6,84.1037951668167,2.79392045454546,0,1.5537706264182e-16,2.5375,0,90
186,67.0000000000005,1,399.000000000002,0,0,15,0,0,0
186,67.0000000000005,2,146.748683528228,0,0,1.02857142857143,0,0,0
186,67.0000000000005,3,300.318327260351,2.79392045454546,0,1.5537706264182e-16,2.5375,0,90
186,67.0000000000005,4,299.466832272387,-0.363839044691101,0,14.9993899891142,0.135277324264869,0,0.516728320963432
186,67.0000000000005,5,364.293720491301,0,0,15,0,0,0
186,67.0000000000005,6,84.1037951668167,2.79392045454546,0,1.5537706264182e-16,2.5375,0,90
186,67.1000000000005,1,399.000000000002,0,0,15,0,0,0
186,67.1000000000005,2,146.748683528228,0,0,1.02857142857143,0,0,0
186,67.1000000000005,3,300.318327260351,2.79392045454546,0,1.5537706264182e-16,2.5375,0,90
186,67.1000000000005,4,299.466832272387,-0.363839044691101,0,14.9993899891142,0.135277324264869,0,0.516728320963432
186,67.1000000000005,5,364.293720491301,0,0,15,0,0,0
186,67.1000000000005,6,84.1037951668167,2.79392045454546,0,1.5537706264182e-16,2.5375,0,90
186,67.2000000000005,1,399.000000000002,0,0,15,0,0,0
186,67.2000000000005,2,146.748683528228,0,0,1.02857142857143,0,0,0
186,67.2000000000005,3,300.318327260351,2.79392045454546,0,1.5537706264182e-16,2.5375,0,90
186,67.2000000000005,4,299.466832272387,-0.363839044691101,0,14.9993899891142,0.135277324264869,0,0.516728320963432
186,67.2000000000005,5,364.293720491301,0,0,15,0,0,0
186,67.2000000000005,6,84.1037951668167,2.79392045454546,0,1.5537706264182e-16,2.5375,0,90
186,67.3000000000005,1,399.000000000002,0,0,15,0,0,0
186,67.3000000000005,2,146.748683528228,0,0,1.02857142857143,0,0,0
186,67.3000000000005,3,300.318327260351,2.79392045454546,0,1.5537706264182e-16,2.5375,0,90
186,67.3000000000005,4,299.466832272387,-0.363839044691101,0,14.9993899891142,0.135277324264869,0,0.516728320963432
186,67.3000000000005,5,364.293720491301,0,0,15,0,0,0
186,67.3000000000005,6,84.1037951668167,2.79392045454546,0,1.5537706264182e-16,2.5375,0,90
186,67.4000000000004,1,399.000000000002,0,0,15,0,0,0
186,67.4000000000004,2,146.748683528228,0,0,1.02857142857143,0,0,0
186,67.4000000000004,3,300.318327260351,2.79392045454546,0,1.5537706264182e-16,2.5375,0,90
186,67.4000000000004,4,299.466832272387,-0.363839044691101,0,14.9993899891142,0.135277324264869,0,0.516728320963432
186,67.4000000000004,5,364.293720491301,0,0,15,0,0,0
186,67.4000000000004,6,84.1037951668167,2.79392045454546,0,1.5537706264182e-16,2.5375,0,90
186,67.5000000000004,1,399.000000000002,0,0,15,0,0,0
186,67.5000000000004,2,146.748683528228,0,0,1.02857142857143,0,0,0
186,67.5000000000004,3,300.318327260351,2.79392045454546,0,1.5537706264182e-16,2.5375,0,90
186,67.5000000000004,4,299.466832272387,-0.363839044691101,0,14.9993899891142,0.135277324264869,0,0.516728320963432
186,67.5000000000004,5,364.293720491301,0,0,15,0,0,0
186,67.5000000000004,6,84.1037951668167,2.79392045454546,0,1.5537706264182e-16,2.5375,0,90
186,67.6000000000004,1,399.000000000002,0,0,15,0,0,0
186,67.6000000000004,2,146.748683528228,0,0,1.02857142857143,0,0,0
186,67.6000000000004,3,300.318327260351,2.79392045454546,0,1.5537706264182e-16,2.5375,0,90
186,67.6000000000004,4,299.466832272387,-0.363839044691101,0,14.9993899891142,0.135277324264869,0,0.516728320963432
186,67.6000000000004,5,364.293720491301,0,0,15,0,0,0
186,67.6000000000004,6,84.1037951668167,2.79392045454546,0,1.5537706264182e-16,2.5375,0,90
186,67.7000000000004,1,399.000000000002,0,0,15,0,0,0
186,67.7000000000004,2,146.748683528228,0,0,1.02857142857143,0,0,0
186,67.7000000000004,3,300.318327260351,2.79392045454546,0,1.5537706264182e-16,2.5375,0,90
186,67.7000000000004,4,299.466832272387,-0.363839044691101,0,14.9993899891142,0.135277324264869,0,0.516728320963432
186,67.7000000000004,5,364.293720491301,0,0,15,0,0,0
186,67.7000000000004,6,84.1037951668167,2.79392045454546,0,1.5537706264182e-16,2.5375,0,90
186,67.8000000000004,1,399.000000000002,0,0,15,0,0,0
186,67.8000000000004,2,146.748683528228,0,0,1.02857142857143,0,0,0
186,67.8000000000004,3,300.318327260351,2.79392045454546,0,1.5537706264182e-16,2.5375,0,90
186,67.8000000000004,4,299.466832272387,-0.363839044691101,0,14.9993899891142,0.135277324264869,0,0.516728320963432
186,67.8000000000004,5,364.293720491301,0,0,15,0,0,0
186,67.8000000000004,6,84.1037951668167,2.79392045454546,0,1.5537706264182e-16,2.5375,0,90
186,67.9000000000004,1,399.000000000002,0,0,15,0,0,0
186,67.9000000000004,2,146.748683528228,0,0,1.02857142857143,0,0,0
186,67.9000000000004,3,300.318327260351,2.79392045454546,0,1.5537706264182e-16,2.5375,0,90
186,67.9000000000004,4,299.466832272387,-0.363839044691101,0,14.9993899891142,0.135277324264869,0,0.516728320963432
186,67.9000000000004,5,364.293720491301,0,0,15,0,0,0
186,67.9000000000004,6,84.1037951668167,2.79392045454546,0,1.5537706264182e-16,2.5375,0,90
186,68.0000000000004,1,399.000000000002,0,0,15,0,0,0
186,68.0000000000004,2,146.748683528228,0,0,1.02857142857143,0,0,0
186,68.0000000000004,3,300.318327260351,2.79392045454546,0,1.5537706264182e-16,2.5375,0,90
186,68.0000000000004,4,299.466832272387,-0.363839044691101,0,14.9993899891142,0.135277324264869,0,0.516728320963432
186,68.0000000000004,5,364.293720491301,0,0,15,0,0,0
186,68.0000000000004,6,84.1037951668167,2.79392045454546,0,1.5537706264182e-16,2.5375,0,90
186,68.1000000000004,1,399.000000000002,0,0,15,0,0,0
186,68.1000000000004,2,146.748683528228,0,0,1.02857142857143,0,0,0
186,68.1000000000004,3,300.318327260351,2.79392045454546,0,1.5537706264182e-16,2.5375,0,90
186,68.1000000000004,4,299.466832272387,-0.363839044691101,0,14.9993899891142,0.135277324264869,0,0.516728320963432
186,68.1000000000004,5,364.293720491301,0,0,15,0,0,0
186,68.1000000000004,6,84.1037951668167,2.79392045454546,0,1.5537706264182e-16,2.5375,0,90
186,68.2000000000004,1,399.000000000002,0,0,15,0,0,0
186,68.2000000000004,2,146.748683528228,0,0,1.02857142857143,0,0,0
186,68.2000000000004,3,300.318327260351,2.79392045454546,0,1.5537706264182e-16,2.5375,0,90
186,68.2000000000004,4,299.466832272387,-0.363839044691101,0,14.9993899891142,0.135277324264869,0,0.516728320963432
186,68.2000000000004,5,364.293720491301,0,0,15,0,0,0
186,68.2000000000004,6,84.1037951668167,2.79392045454546,0,1.5537706264182e-16,2.5375,0,90
186,68.3000000000004,1,399.000000000002,0,0,15,0,0,0
186,68.3000000000004,2,146.748683528228,0,0,1.02857142857143,0,0,0
186,68.3000000000004,3,300.318327260351,2.79392045454546,0,1.5537706264182e-16,2.5375,0,90
186,68.3000000000004,4,299.466832272387,-0.363839044691101,0,14.9993899891142,0.135277324264869,0,0.516728320963432
186,68.3000000000004,5,364.293720491301,0,0,15,0,0,0
186,68.3000000000004,6,84.1037951668167,2.79392045454546,0,1.5537706264182e-16,2.5375,0,90
186,68.4000000000004,1,399.000000000002,0,0,15,0,0,0
186,68.4000000000004,2,146.748683528228,0,0,1.02857142857143,0,0,0
186,68.4000000000004,3,300.318327260351,2.79392045454546,0,1.5537706264182e-16,2.5375,0,90
186,68.4000000000004,4,299.466832272387,-0.363839044691101,0,14.9993899891142,0.135277324264869,0,0.516728320963432
186,68.4000000000004,5,364.293720491301,0,0,15,0,0,0
186,68.4000000000004,6,84.1037951668167,2.79392045454546,0,1.5537706264182e-16,2.5375,0,90
186,68.5000000000004,1,399.000000000002,0,0,15,0,0,0
186,68.5000000000004,2,146.748683528228,0,0,1.02857142857143,0,0,0
186,68.5000000000004,3,300.318327260351,2.79392045454546,0,1.5537706264182e-16,2.5375,0,90
186,68.5000000000004,4,299.466832272387,-0.363839044691101,0,14.9993899891142,0.135277324264869,0,0.516728320963432
186,68.5000000000004,5,364.293720491301,0,0,15,0,0,0
186,68.5000000000004,6,84.1037951668167,2.79392045454546,0,1.5537706264182e-16,2.5375,0,90
186,68.6000000000004,1,399.000000000002,0,0,15,0,0,0
186,68.6000000000004,2,146.748683528228,0,0,1.02857142857143,0,0,0
186,68.6000000000004,3,300.318327260351,2.79392045454546,0,1.5537706264182e-16,2.5375,0,90
186,68.6000000000004,4,299.466832272387,-0.363839044691101,0,14.9993899891142,0.135277324264869,0,0.516728320963432
186,68.6000000000004,5,364.293720491301,0,0,15,0,0,0
186,68.6000000000004,6,84.1037951668167,2.79392045454546,0,1.5537706264182e-16,2.5375,0,90
186,68.7000000000004,1,399.000000000002,0,0,15,0,0,0
186,68.7000000000004,2,146.748683528228,0,0,1.02857142857143,0,0,0
186,68.7000000000004,3,300.318327260351,2.79392045454546,0,1.5537706264182e-16,2.5375,0,90
186,68.7000000000004,4,299.466832272387,-0.363839044691101,0,14.9993899891142,0.135277324264869,0,0.516728320963432
186,68.7000000000004,5,364.293720491301,0,0,15,0,0,0
186,68.7000000000004,6,84.1037951668167,2.79392045454546,0,1.5537706264182e-16,2.5375,0,90
186,68.8000000000004,1,399.000000000002,0,0,15,0,0,0
186,68.8000000000004,2,146.748683528228,0,0,1.02857142857143,0,0,0
186,68.8000000000004,3,300.318327260351,2.79392045454546,0,1.5537706264182e-16,2.5375,0,90
186,68.8000000000004,4,299.466832272387,-0.363839044691101,0,14.9993899891142,0.135277324264869,0,0.516728320963432
186,68.8000000000004,5,364.293720491301,0,0,15,0,0,0
186,68.8000000000004,6,84.1037951668167,2.79392045454546,0,1.5537706264182e-16,2.5375,0,90
186,68.9000000000004,1,399.000000000002,0,0,15,0,0,0
186,68.9000000000004,2,146.748683528228,0,0,1.02857142857143,0,0,0
186,68.9000000000004,3,300.318327260351,2.79392045454546,0,1.5537706264182e-16,2.5375,0,90
186,68.9000000000004,4,299.466832272387,-0.363839044691101,0,14.9993899891142,0.135277324264869,0,0.516728320963432
186,68.9000000000004,5,364.293720491301,0,0,15,0,0,0
186,68.9000000000004,6,84.1037951668167,2.79392045454546,0,1.5537706264182e-16,2.5375,0,90
186,69.0000000000004,1,399.000000000002,0,0,15,0,0,0
186,69.0000000000004,2,146.748683528228,0,0,1.02857142857143,0,0,0
186,69.0000000000004,3,300.318327260351,2.79392045454546,0,1.5537706264182e-16,2.5375,0,90
186,69.0000000000004,4,299.466832272387,-0.363839044691101,0,14.9993899891142,0.135277324264869,0,0.516728320963432
186,69.0000000000004,5,364.293720491301,0,0,15,0,0,0
186,69.0000000000004,6,84.1037951668167,2.79392045454546,0,1.5537706264182e-16,2.5375,0,90
186,69.1000000000003,1,399.000000000002,0,0,15,0,0,0
186,69.1000000000003,2,146.748683528228,0,0,1.02857142857143,0,0,0
186,69.1000000000003,3,300.318327260351,2.79392045454546,0,1.5537706264182e-16,2.5375,0,90
186,69.1000000000003,4,299.466832272387,-0.363839044691101,0,14.9993899891142,0.135277324264869,0,0.516728320963432
186,69.1000000000003,5,364.293720491301,0,0,15,0,0,0
186,69.1000000000003,6,84.1037951668167,2.79392045454546,0,1.5537706264182e-16,2.5375,0,90
186,69.2000000000003,1,399.000000000002,0,0,15,0,0,0
186,69.2000000000003,2,146.748683528228,0,0,1.02857142857143,0,0,0
186,69.2000000000003,3,300.318327260351,2.79392045454546,0,1.5537706264182e-16,2.5375,0,90
186,69.2000000000003,4,299.466832272387,-0.363839044691101,0,14.9993899891142,0.135277324264869,0,0.516728320963432
186,69.2000000000003,5,364.293720491301,0,0,15,0,0,0
186,69.2000000000003,6,84.1037951668167,2.79392045454546,0,1.5537706264182e-16,2.5375,0,90
186,69.3000000000003,1,399.000000000002,0,0,15,0,0,0
186,69.3000000000003,2,146.748683528228,0,0,1.02857142857143,0,0,0
186,69.3000000000003,3,300.318327260351,2.79392045454546,0,1.5537706264182e-16,2.5375,0,90
186,69.3000000000003,4,299.466832272387,-0.363839044691101,0,14.9993899891142,0.135277324264869,0,0.516728320963432
186,69.3000000000003,5,364.293720491301,0,0,15,0,0,0
186,69.3000000000003,6,84.1037951668167,2.79392045454546,0,1.5537706264182e-16,2.5375,0,90
186,69.4000000000003,1,399.000000000002,0,0,15,0,0,0
186,69.4000000000003,2,146.748683528228,0,0,1.02857142857143,0,0,0
186,69.4000000000003,3,300.318327260351,2.79392045454546,0,1.5537706264182e-16,2.5375,0,90
186,69.4000000000003,4,299.466832272387,-0.363839044691101,0,14.9993899891142,0.135277324264869,0,0.516728320963432
186,69.4000000000003,5,364.293720491301,0,0,15,0,0,0
186,69.4000000000003,6,84.1037951668167,2.79392045454546,0,1.5537706264182e-16,2.5375,0,90
186,69.5000000000003,1,399.000000000002,0,0,15,0,0,0
186,69.5000000000003,2,146.748683528228,0,0,1.02857142857143,0,0,0
186,69.5000000000003,3,300.318327260351,2.79392045454546,0,1.5537706264182e-16,2.5375,0,90
186,69.5000000000003,4,299.466832272387,-0.363839044691101,0,14.9993899891142,0.135277324264869,0,0.516728320963432
186,69.5000000000003,5,364.293720491301,0,0,15,0,0,0
186,69.5000000000003,6,84.1037951668167,2.79392045454546,0,1.5537706264182e-16,2.5375,0,90
186,69.6000000000003,1,399.000000000002,0,0,15,0,0,0
186,69.6000000000003,2,146.748683528228,0,0,1.02857142857143,0,0,0
186,69.6000000000003,3,300.318327260351,2.79392045454546,0,1.5537706264182e-16,2.5375,0,90
186,69.6000000000003,4,299.466832272387,-0.363839044691101,0,14.9993899891142,0.135277324264869,0,0.516728320963432
186,69.6000000000003,5,364.293720491301,0,0,15,0,0,0
186,69.6000000000003,6,84.1037951668167,2.79392045454546,0,1.5537706264182e-16,2.5375,0,90
186,69.7000000000003,1,399.000000000002,0,0,15,0,0,0
186,69.7000000000003,2,146.748683528228,0,0,1.02857142857143,0,0,0
186,69.7000000000003,3,300.318327260351,2.79392045454546,0,1.5537706264182e-16,2.5375,0,90
186,69.7000000000003,4,299.466832272387,-0.363839044691101,0,14.9993899891142,0.135277324264869,0,0.516728320963432
186,69.7000000000003,5,364.293720491301,0,0,15,0,0,0
186,69.7000000000003,6,84.1037951668167,2.79392045454546,0,1.5537706264182e-16,2.5375,0,90
186,69.8000000000003,1,399.000000000002,0,0,15,0,0,0
186,69.8000000000003,2,146.748683528228,0,0,1.02857142857143,0,0,0
186,69.8000000000003,3,300.318327260351,2.79392045454546,0,1.5537706264182e-16,2.5375,0,90
186,69.8000000000003,4,299.466832272387,-0.363839044691101,0,14.9993899891142,0.135277324264869,0,0.516728320963432
186,69.8000000000003,5,364.293720491301,0,0,15,0,0,0
186,69.8000000000003,6,84.1037951668167,2.79392045454546,0,1.5537706264182e-16,2.5375,0,90
186,69.9000000000003,1,399.000000000002,0,0,15,0,0,0
186,69.9000000000003,2,146.748683528228,0,0,1.02857142857143,0,0,0
186,69.9000000000003,3,300.318327260351,2.79392045454546,0,1.5537706264182e-16,2.5375,0,90
186,69.9000000000003,4,299.466832272387,-0.363839044691101,0,14.9993899891142,0.135277324264869,0,0.516728320963432
186,69.9000000000003,5,364.293720491301,0,0,15,0,0,0
186,69.9000000000003,6,84.1037951668167,2.79392045454546,0,1.5537706264182e-16,2.5375,0,90
186,70.0000000000003,1,399.000000000002,0,0,15,0,0,0
186,70.0000000000003,2,146.748683528228,0,0,1.02857142857143,0,0,0
186,70.0000000000003,3,300.318327260351,2.79392045454546,0,1.5537706264182e-16,2.5375,0,90
186,70.0000000000003,4,299.466832272387,-0.363839044691101,0,14.9993899891142,0.135277324264869,0,0.516728320963432
186,70.0000000000003,5,364.293720491301,0,0,15,0,0,0
186,70.0000000000003,6,84.1037951668167,2.79392045454546,0,1.5537706264182e-16,2.5375,0,90
186,70.1000000000003,1,399.000000000002,0,0,15,0,0,0
186,70.1000000000003,2,146.748683528228,0,0,1.02857142857143,0,0,0
186,70.1000000000003,3,300.318327260351,2.79392045454546,0,1.5537706264182e-16,2.5375,0,90
186,70.1000000000003,4,299.466832272387,-0.363839044691101,0,14.9993899891142,0.135277324264869,0,0.516728320963432
186,70.1000000000003,5,364.293720491301,0,0,15,0,0,0
186,70.1000000000003,6,84.1037951668167,2.79392045454546,0,1.5537706264182e-16,2.5375,0,90
186,70.2000000000003,1,399.000000000002,0,0,15,0,0,0
186,70.2000000000003,2,146.748683528228,0,0,1.02857142857143,0,0,0
186,70.2000000000003,3,300.318327260351,2.79392045454546,0,1.5537706264182e-16,2.5375,0,90
186,70.2000000000003,4,299.466832272387,-0.363839044691101,0,14.9993899891142,0.135277324264869,0,0.516728320963432
186,70.2000000000003,5,364.293720491301,0,0,15,0,0,0
186,70.2000000000003,6,84.1037951668167,2.79392045454546,0,1.5537706264182e-16,2.5375,0,90
186,70.3000000000003,1,399.000000000002,0,0,15,0,0,0
186,70.3000000000003,2,146.748683528228,0,0,1.02857142857143,0,0,0
186,70.3000000000003,3,300.318327260351,2.79392045454546,0,1.5537706264182e-16,2.5375,0,90
186,70.3000000000003,4,299.466832272387,-0.363839044691101,0,14.9993899891142,0.135277324264869,0,0.516728320963432
186,70.3000000000003,5,364.293720491301,0,0,15,0,0,0
186,70.3000000000003,6,84.1037951668167,2.79392045454546,0,1.5537706264182e-16,2.5375,0,90
186,70.4000000000003,1,399.000000000002,0,0,15,0,0,0
186,70.4000000000003,2,146.748683528228,0,0,1.02857142857143,0,0,0
186,70.4000000000003,3,300.318327260351,2.79392045454546,0,1.5537706264182e-16,2.5375,0,90
186,70.4000000000003,4,299.466832272387,-0.363839044691101,0,14.9993899891142,0.135277324264869,0,0.516728320963432
186,70.4000000000003,5,364.293720491301,0,0,15,0,0,0
186,70.4000000000003,6,84.1037951668167,2.79392045454546,0,1.5537706264182e-16,2.5375,0,90
186,70.5000000000003,1,399.000000000002,0,0,15,0,0,0
186,70.5000000000003,2,146.748683528228,0,0,1.02857142857143,0,0,0
186,70.5000000000003,3,300.318327260351,2.79392045454546,0,1.5537706264182e-16,2.5375,0,90
186,70.5000000000003,4,299.466832272387,-0.363839044691101,0,14.9993899891142,0.135277324264869,0,0.516728320963432
186,70.5000000000003,5,364.293720491301,0,0,15,0,0,0
186,70.5000000000003,6,84.1037951668167,2.79392045454546,0,1.5537706264182e-16,2.5375,0,90
186,70.6000000000003,1,399.000000000002,0,0,15,0,0,0
186,70.6000000000003,2,146.748683528228,0,0,1.02857142857143,0,0,0
186,70.6000000000003,3,300.318327260351,2.79392045454546,0,1.5537706264182e-16,2.5375,0,90
186,70.6000000000003,4,299.466832272387,-0.363839044691101,0,14.9993899891142,0.135277324264869,0,0.516728320963432
186,70.6000000000003,5,364.293720491301,0,0,15,0,0,0
186,70.6000000000003,6,84.1037951668167,2.79392045454546,0,1.5537706264182e-16,2.5375,0,90
186,70.7000000000003,1,399.000000000002,0,0,15,0,0,0
186,70.7000000000003,2,146.748683528228,0,0,1.02857142857143,0,0,0
186,70.7000000000003,3,300.318327260351,2.79392045454546,0,1.5537706264182e-16,2.5375,0,90
186,70.7000000000003,4,299.466832272387,-0.363839044691101,0,14.9993899891142,0.135277324264869,0,0.516728320963432
186,70.7000000000003,5,364.293720491301,0,0,15,0,0,0
186,70.7000000000003,6,84.1037951668167,2.79392045454546,0,1.5537706264182e-16,2.5375,0,90
186,70.8000000000003,1,399.000000000002,0,0,15,0,0,0
186,70.8000000000003,2,146.748683528228,0,0,1.02857142857143,0,0,0
186,70.8000000000003,3,300.318327260351,2.79392045454546,0,1.5537706264182e-16,2.5375,0,90
186,70.8000000000003,4,299.466832272387,-0.363839044691101,0,14.9993899891142,0.135277324264869,0,0.516728320963432
186,70.8000000000003,5,364.293720491301,0,0,15,0,0,0
186,70.8000000000003,6,84.1037951668167,2.79392045454546,0,1.5537706264182e-16,2.5375,0,90
186,70.9000000000002,1,399.000000000002,0,0,15,0,0,0
186,70.9000000000002,2,146.748683528228,0,0,1.02857142857143,0,0,0
186,70.9000000000002,3,300.318327260351,2.79392045454546,0,1.5537706264182e-16,2.5375,0,90
186,70.9000000000002,4,299.466832272387,-0.363839044691101,0,14.9993899891142,0.135277324264869,0,0.516728320963432
186,70.9000000000002,5,364.293720491301,0,0,15,0,0,0
186,70.9000000000002,6,84.1037951668167,2.79392045454546,0,1.5537706264182e-16,2.5375,0,90
186,71.0000000000002,1,399.000000000002,0,0,15,0,0,0
186,71.0000000000002,2,146.748683528228,0,0,1.02857142857143,0,0,0
186,71.0000000000002,3,300.318327260351,2.79392045454546,0,1.5537706264182e-16,2.5375,0,90
186,71.0000000000002,4,299.466832272387,-0.363839044691101,0,14.9993899891142,0.135277324264869,0,0.516728320963432
186,71.0000000000002,5,364.293720491301,0,0,15,0,0,0
186,71.0000000000002,6,84.1037951668167,2.79392045454546,0,1.5537706264182e-16,2.5375,0,90
186,71.1000000000002,1,399.000000000002,0,0,15,0,0,0
186,71.1000000000002,2,146.748683528228,0,0,1.02857142857143,0,0,0
186,71.1000000000002,3,300.318327260351,2.79392045454546,0,1.5537706264182e-16,2.5375,0,90
186,71.1000000000002,4,299.466832272387,-0.363839044691101,0,14.9993899891142,0.135277324264869,0,0.516728320963432
186,71.1000000000002,5,364.293720491301,0,0,15,0,0,0
186,71.1000000000002,6,84.1037951668167,2.79392045454546,0,1.5537706264182e-16,2.5375,0,90
186,71.2000000000002,1,399.000000000002,0,0,15,0,0,0
186,71.2000000000002,2,146.748683528228,0,0,1.02857142857143,0,0,0
186,71.2000000000002,3,300.318327260351,2.79392045454546,0,1.5537706264182e-16,2.5375,0,90
186,71.2000000000002,4,299.466832272387,-0.363839044691101,0,14.9993899891142,0.135277324264869,0,0.516728320963432
186,71.2000000000002,5,364.293720491301,0,0,15,0,0,0
186,71.2000000000002,6,84.1037951668167,2.79392045454546,0,1.5537706264182e-16,2.5375,0,90
186,71.3000000000002,1,399.000000000002,0,0,15,0,0,0
186,71.3000000000002,2,146.748683528228,0,0,1.02857142857143,0,0,0
186,71.3000000000002,3,300.318327260351,2.79392045454546,0,1.5537706264182e-16,2.5375,0,90
186,71.3000000000002,4,299.466832272387,-0.363839044691101,0,14.9993899891142,0.135277324264869,0,0.516728320963432
186,71.3000000000002,5,364.293720491301,0,0,15,0,0,0
186,71.3000000000002,6,84.1037951668167,2.79392045454546,0,1.5537706264182e-16,2.5375,0,90
186,71.4000000000002,1,399.000000000002,0,0,15,0,0,0
186,71.4000000000002,2,146.748683528228,0,0,1.02857142857143,0,0,0
186,71.4000000000002,3,300.318327260351,2.79392045454546,0,1.5537706264182e-16,2.5375,0,90
186,71.4000000000002,4,299.466832272387,-0.363839044691101,0,14.9993899891142,0.135277324264869,0,0.516728320963432
186,71.4000000000002,5,364.293720491301,0,0,15,0,0,0
186,71.4000000000002,6,84.1037951668167,2.79392045454546,0,1.5537706264182e-16,2.5375,0,90
186,71.5000000000002,1,399.000000000002,0,0,15,0,0,0
186,71.5000000000002,2,146.748683528228,0,0,1.02857142857143,0,0,0
186,71.5000000000002,3,300.318327260351,2.79392045454546,0,1.5537706264182e-16,2.5375,0,90
186,71.5000000000002,4,299.466832272387,-0.363839044691101,0,14.9993899891142,0.135277324264869,0,0.516728320963432
186,71.5000000000002,5,364.293720491301,0,0,15,0,0,0
186,71.5000000000002,6,84.1037951668167,2.79392045454546,0,1.5537706264182e-16,2.5375,0,90
186,71.6000000000002,1,399.000000000002,0,0,15,0,0,0
186,71.6000000000002,2,146.748683528228,0,0,1.02857142857143,0,0,0
186,71.6000000000002,3,300.318327260351,2.79392045454546,0,1.5537706264182e-16,2.5375,0,90
186,71.6000000000002,4,299.466832272387,-0.363839044691101,0,14.9993899891142,0.135277324264869,0,0.516728320963432
186,71.6000000000002,5,364.293720491301,0,0,15,0,0,0
186,71.6000000000002,6,84.1037951668167,2.79392045454546,0,1.5537706264182e-16,2.5375,0,90
186,71.7000000000002,1,399.000000000002,0,0,15,0,0,0
186,71.7000000000002,2,146.748683528228,0,0,1.02857142857143,0,0,0
186,71.7000000000002,3,300.318327260351,2.79392045454546,0,1.5537706264182e-16,2.5375,0,90
186,71.7000000000002,4,299.466832272387,-0.363839044691101,0,14.9993899891142,0.135277324264869,0,0.516728320963432
186,71.7000000000002,5,364.293720491301,0,0,15,0,0,0
186,71.7000000000002,6,84.1037951668167,2.79392045454546,0,1.5537706264182e-16,2.5375,0,90
186,71.8000000000002,1,399.000000000002,0,0,15,0,0,0
186,71.8000000000002,2,146.748683528228,0,0,1.02857142857143,0,0,0
186,71.8000000000002,3,300.318327260351,2.79392045454546,0,1.5537706264182e-16,2.5375,0,90
186,71.8000000000002,4,299.466832272387,-0.363839044691101,0,14.9993899891142,0.135277324264869,0,0.516728320963432
186,71.8000000000002,5,364.293720491301,0,0,15,0,0,0
186,71.8000000000002,6,84.1037951668167,2.79392045454546,0,1.5537706264182e-16,2.5375,0,90
186,71.9000000000002,1,399.000000000002,0,0,15,0,0,0
186,71.9000000000002,2,146.748683528228,0,0,1.02857142857143,0,0,0
186,71.9000000000002,3,300.318327260351,2.79392045454546,0,1.5537706264182e-16,2.5375,0,90
186,71.9000000000002,4,299.466832272387,-0.363839044691101,0,14.9993899891142,0.135277324264869,0,0.516728320963432
186,71.9000000000002,5,364.293720491301,0,0,15,0,0,0
186,71.9000000000002,6,84.1037951668167,2.79392045454546,0,1.5537706264182e-16,2.5375,0,90
186,72.0000000000002,1,399.000000000002,0,0,15,0,0,0
186,72.0000000000002,2,146.748683528228,0,0,1.02857142857143,0,0,0
186,72.0000000000002,3,300.318327260351,2.79392045454546,0,1.5537706264182e-16,2.5375,0,90
186,72.0000000000002,4,299.466832272387,-0.363839044691101,0,14.9993899891142,0.135277324264869,0,0.516728320963432
186,72.0000000000002,5,364.293720491301,0,0,15,0,0,0
186,72.0000000000002,6,84.1037951668167,2.79392045454546,0,1.5537706264182e-16,2.5375,0,90
186,72.1000000000002,1,399.000000000002,0,0,15,0,0,0
186,72.1000000000002,2,146.748683528228,0,0,1.02857142857143,0,0,0
186,72.1000000000002,3,300.318327260351,2.79392045454546,0,1.5537706264182e-16,2.5375,0,90
186,72.1000000000002,4,299.466832272387,-0.363839044691101,0,14.9993899891142,0.135277324264869,0,0.516728320963432
186,72.1000000000002,5,364.293720491301,0,0,15,0,0,0
186,72.1000000000002,6,84.1037951668167,2.79392045454546,0,1.5537706264182e-16,2.5375,0,90
186,72.2000000000002,1,399.000000000002,0,0,15,0,0,0
186,72.2000000000002,2,146.748683528228,0,0,1.02857142857143,0,0,0
186,72.2000000000002,3,300.318327260351,2.79392045454546,0,1.5537706264182e-16,2.5375,0,90
186,72.2000000000002,4,299.466832272387,-0.363839044691101,0,14.9993899891142,0.135277324264869,0,0.516728320963432
186,72.2000000000002,5,364.293720491301,0,0,15,0,0,0
186,72.2000000000002,6,84.1037951668167,2.79392045454546,0,1.5537706264182e-16,2.5375,0,90
186,72.3000000000002,1,399.000000000002,0,0,15,0,0,0
186,72.3000000000002,2,146.748683528228,0,0,1.02857142857143,0,0,0
186,72.3000000000002,3,300.318327260351,2.79392045454546,0,1.5537706264182e-16,2.5375,0,90
186,72.3000000000002,4,299.466832272387,-0.363839044691101,0,14.9993899891142,0.135277324264869,0,0.516728320963432
186,72.3000000000002,5,364.293720491301,0,0,15,0,0,0
186,72.3000000000002,6,84.1037951668167,2.79392045454546,0,1.5537706264182e-16,2.5375,0,90
186,72.4000000000002,1,399.000000000002,0,0,15,0,0,0
186,72.4000000000002,2,146.748683528228,0,0,1.02857142857143,0,0,0
186,72.4000000000002,3,300.318327260351,2.79392045454546,0,1.5537706264182e-16,2.5375,0,90
186,72.4000000000002,4,299.466832272387,-0.363839044691101,0,14.9993899891142,0.135277324264869,0,0.516728320963432
186,72.4000000000002,5,364.293720491301,0,0,15,0,0,0
186,72.4000000000002,6,84.1037951668167,2.79392045454546,0,1.5537706264182e-16,2.5375,0,90
186,72.5000000000002,1,399.000000000002,0,0,15,0,0,0
186,72.5000000000002,2,146.748683528228,0,0,1.02857142857143,0,0,0
186,72.5000000000002,3,300.318327260351,2.79392045454546,0,1.5537706264182e-16,2.5375,0,90
186,72.5000000000002,4,299.466832272387,-0.363839044691101,0,14.9993899891142,0.135277324264869,0,0.516728320963432
186,72.5000000000002,5,364.293720491301,0,0,15,0,0,0
186,72.5000000000002,6,84.1037951668167,2.79392045454546,0,1.5537706264182e-16,2.5375,0,90
186,72.6000000000002,1,399.000000000002,0,0,15,0,0,0
186,72.6000000000002,2,146.748683528228,0,0,1.02857142857143,0,0,0
186,72.6000000000002,3,300.318327260351,2.79392045454546,0,1.5537706264182e-16,2.5375,0,90
186,72.6000000000002,4,299.466832272387,-0.363839044691101,0,14.9993899891142,0.135277324264869,0,0.516728320963432
186,72.6000000000002,5,364.293720491301,0,0,15,0,0,0
186,72.6000000000002,6,84.1037951668167,2.79392045454546,0,1.5537706264182e-16,2.5375,0,90
186,72.7000000000001,1,399.000000000002,0,0,15,0,0,0
186,72.7000000000001,2,146.748683528228,0,0,1.02857142857143,0,0,0
186,72.7000000000001,3,300.318327260351,2.79392045454546,0,1.5537706264182e-16,2.5375,0,90
186,72.7000000000001,4,299.466832272387,-0.363839044691101,0,14.9993899891142,0.135277324264869,0,0.516728320963432
186,72.7000000000001,5,364.293720491301,0,0,15,0,0,0
186,72.7000000000001,6,84.1037951668167,2.79392045454546,0,1.5537706264182e-16,2.5375,0,90
186,72.8000000000001,1,399.000000000002,0,0,15,0,0,0
186,72.8000000000001,2,146.748683528228,0,0,1.02857142857143,0,0,0
186,72.8000000000001,3,300.318327260351,2.79392045454546,0,1.5537706264182e-16,2.5375,0,90
186,72.8000000000001,4,299.466832272387,-0.363839044691101,0,14.9993899891142,0.135277324264869,0,0.516728320963432
186,72.8000000000001,5,364.293720491301,0,0,15,0,0,0
186,72.8000000000001,6,84.1037951668167,2.79392045454546,0,1.5537706264182e-16,2.5375,0,90
186,72.9000000000001,1,399.000000000002,0,0,15,0,0,0
186,72.9000000000001,2,146.748683528228,0,0,1.02857142857143,0,0,0
186,72.9000000000001,3,300.318327260351,2.79392045454546,0,1.5537706264182e-16,2.5375,0,90
186,72.9000000000001,4,299.466832272387,-0.363839044691101,0,14.9993899891142,0.135277324264869,0,0.516728320963432
186,72.9000000000001,5,364.293720491301,0,0,15,0,0,0
186,72.9000000000001,6,84.1037951668167,2.79392045454546,0,1.5537706264182e-16,2.5375,0,90
186,73.0000000000001,1,399.000000000002,0,0,15,0,0,0
186,73.0000000000001,2,146.748683528228,0,0,1.02857142857143,0,0,0
186,73.0000000000001,3,300.318327260351,2.79392045454546,0,1.5537706264182e-16,2.5375,0,90
186,73.0000000000001,4,299.466832272387,-0.363839044691101,0,14.9993899891142,0.135277324264869,0,0.516728320963432
186,73.0000000000001,5,364.293720491301,0,0,15,0,0,0
186,73.0000000000001,6,84.1037951668167,2.79392045454546,0,1.5537706264182e-16,2.5375,0,90
186,73.1000000000001,1,399.000000000002,0,0,15,0,0,0
186,73.1000000000001,2,146.748683528228,0,0,1.02857142857143,0,0,0
186,73.1000000000001,3,300.318327260351,2.79392045454546,0,1.5537706264182e-16,2.5375,0,90
186,73.1000000000001,4,299.466832272387,-0.363839044691101,0,14.9993899891142,0.135277324264869,0,0.516728320963432
186,73.1000000000001,5,364.293720491301,0,0,15,0,0,0
186,73.1000000000001,6,84.1037951668167,2.79392045454546,0,1.5537706264182e-16,2.5375,0,90
186,73.2000000000001,1,399.000000000002,0,0,15,0,0,0
186,73.2000000000001,2,146.748683528228,0,0,1.02857142857143,0,0,0
186,73.2000000000001,3,300.318327260351,2.79392045454546,0,1.5537706264182e-16,2.5375,0,90
186,73.2000000000001,4,299.466832272387,-0.363839044691101,0,14.9993899891142,0.135277324264869,0,0.516728320963432
186,73.2000000000001,5,364.293720491301,0,0,15,0,0,0
186,73.2000000000001,6,84.1037951668167,2.79392045454546,0,1.5537706264182e-16,2.5375,0,90
186,73.3000000000001,1,399.000000000002,0,0,15,0,0,0
186,73.3000000000001,2,146.748683528228,0,0,1.02857142857143,0,0,0
186,73.3000000000001,3,300.318327260351,2.79392045454546,0,1.5537706264182e-16,2.5375,0,90
186,73.3000000000001,4,299.466832272387,-0.363839044691101,0,14.9993899891142,0.135277324264869,0,0.516728320963432
186,73.3000000000001,5,364.293720491301,0,0,15,0,0,0
186,73.3000000000001,6,84.1037951668167,2.79392045454546,0,1.5537706264182e-16,2.5375,0,90
186,73.4000000000001,1,399.000000000002,0,0,15,0,0,0
186,73.4000000000001,2,146.748683528228,0,0,1.02857142857143,0,0,0
186,73.4000000000001,3,300.318327260351,2.79392045454546,0,1.5537706264182e-16,2.5375,0,90
186,73.4000000000001,4,299.466832272387,-0.363839044691101,0,14.9993899891142,0.135277324264869,0,0.516728320963432
186,73.4000000000001,5,364.293720491301,0,0,15,0,0,0
186,73.4000000000001,6,84.1037951668167,2.79392045454546,0,1.5537706264182e-16,2.5375,0,90
186,73.5000000000001,1,399.000000000002,0,0,15,0,0,0
186,73.5000000000001,2,146.748683528228,0,0,1.02857142857143,0,0,0
186,73.5000000000001,3,300.318327260351,2.79392045454546,0,1.5537706264182e-16,2.5375,0,90
186,73.5000000000001,4,299.466832272387,-0.363839044691101,0,14.9993899891142,0.135277324264869,0,0.516728320963432
186,73.5000000000001,5,364.293720491301,0,0,15,0,0,0
186,73.5000000000001,6,84.1037951668167,2.79392045454546,0,1.5537706264182e-16,2.5375,0,90
186,73.6000000000001,1,399.000000000002,0,0,15,0,0,0
186,73.6000000000001,2,146.748683528228,0,0,1.02857142857143,0,0,0
186,73.6000000000001,3,300.318327260351,2.79392045454546,0,1.5537706264182e-16,2.5375,0,90
186,73.6000000000001,4,299.466832272387,-0.363839044691101,0,14.9993899891142,0.135277324264869,0,0.516728320963432
186,73.6000000000001,5,364.293720491301,0,0,15,0,0,0
186,73.6000000000001,6,84.1037951668167,2.79392045454546,0,1.5537706264182e-16,2.5375,0,90
186,73.7000000000001,1,399.000000000002,0,0,15,0,0,0
186,73.7000000000001,2,146.748683528228,0,0,1.02857142857143,0,0,0
186,73.7000000000001,3,300.318327260351,2.79392045454546,0,1.5537706264182e-16,2.5375,0,90
186,73.7000000000001,4,299.466832272387,-0.363839044691101,0,14.9993899891142,0.135277324264869,0,0.516728320963432
186,73.7000000000001,5,364.293720491301,0,0,15,0,0,0
186,73.7000000000001,6,84.1037951668167,2.79392045454546,0,1.5537706264182e-16,2.5375,0,90
186,73.8000000000001,1,399.000000000002,0,0,15,0,0,0
186,73.8000000000001,2,146.748683528228,0,0,1.02857142857143,0,0,0
186,73.8000000000001,3,300.318327260351,2.79392045454546,0,1.5537706264182e-16,2.5375,0,90
186,73.8000000000001,4,299.466832272387,-0.363839044691101,0,14.9993899891142,0.135277324264869,0,0.516728320963432
186,73.8000000000001,5,364.293720491301,0,0,15,0,0,0
186,73.8000000000001,6,84.1037951668167,2.79392045454546,0,1.5537706264182e-16,2.5375,0,90
186,73.9000000000001,1,399.000000000002,0,0,15,0,0,0
186,73.9000000000001,2,146.748683528228,0,0,1.02857142857143,0,0,0
186,73.9000000000001,3,300.318327260351,2.79392045454546,0,1.5537706264182e-16,2.5375,0,90
186,73.9000000000001,4,299.466832272387,-0.363839044691101,0,14.9993899891142,0.135277324264869,0,0.516728320963432
186,73.9000000000001,5,364.293720491301,0,0,15,0,0,0
186,73.9000000000001,6,84.1037951668167,2.79392045454546,0,1.5537706264182e-16,2.5375,0,90
186,74.0000000000001,1,399.000000000002,0,0,15,0,0,0
186,74.0000000000001,2,146.748683528228,0,0,1.02857142857143,0,0,0
186,74.0000000000001,3,300.318327260351,2.79392045454546,0,1.5537706264182e-16,2.5375,0,90
186,74.0000000000001,4,299.466832272387,-0.363839044691101,0,14.9993899891142,0.135277324264869,0,0.516728320963432
186,74.0000000000001,5,364.293720491301,0,0,15,0,0,0
186,74.0000000000001,6,84.1037951668167,2.79392045454546,0,1.5537706264182e-16,2.5375,0,90
186,74.1000000000001,1,399.000000000002,0,0,15,0,0,0
186,74.1000000000001,2,146.748683528228,0,0,1.02857142857143,0,0,0
186,74.1000000000001,3,300.318327260351,2.79392045454546,0,1.5537706264182e-16,2.5375,0,90
186,74.1000000000001,4,299.466832272387,-0.363839044691101,0,14.9993899891142,0.135277324264869,0,0.516728320963432
186,74.1000000000001,5,364.293720491301,0,0,15,0,0,0
186,74.1000000000001,6,84.1037951668167,2.79392045454546,0,1.5537706264182e-16,2.5375,0,90
186,74.2000000000001,1,399.000000000002,0,0,15,0,0,0
186,74.2000000000001,2,146.748683528228,0,0,1.02857142857143,0,0,0
186,74.2000000000001,3,300.318327260351,2.79392045454546,0,1.5537706264182e-16,2.5375,0,90
186,74.2000000000001,4,299.466832272387,-0.363839044691101,0,14.9993899891142,0.135277324264869,0,0.516728320963432
186,74.2000000000001,5,364.293720491301,0,0,15,0,0,0
186,74.2000000000001,6,84.1037951668167,2.79392045454546,0,1.5537706264182e-16,2.5375,0,90
186,74.3000000000001,1,399.000000000002,0,0,15,0,0,0
186,74.3000000000001,2,146.748683528228,0,0,1.02857142857143,0,0,0
186,74.3000000000001,3,300.318327260351,2.79392045454546,0,1.5537706264182e-16,2.5375,0,90
186,74.3000000000001,4,299.466832272387,-0.363839044691101,0,14.9993899891142,0.135277324264869,0,0.516728320963432
186,74.3000000000001,5,364.293720491301,0,0,15,0,0,0
186,74.3000000000001,6,84.1037951668167,2.79392045454546,0,1.5537706264182e-16,2.5375,0,90
186,74.4,1,399.000000000002,0,0,15,0,0,0
186,74.4,2,146.748683528228,0,0,1.02857142857143,0,0,0
186,74.4,3,300.318327260351,2.79392045454546,0,1.5537706264182e-16,2.5375,0,90
186,74.4,4,299.466832272387,-0.363839044691101,0,14.9993899891142,0.135277324264869,0,0.516728320963432
186,74.4,5,364.293720491301,0,0,15,0,0,0
186,74.4,6,84.1037951668167,2.79392045454546,0,1.5537706264182e-16,2.5375,0,90
186,74.5,1,399.000000000002,0,0,15,0,0,0
186,74.5,2,146.748683528228,0,0,1.02857142857143,0,0,0
186,74.5,3,300.318327260351,2.79392045454546,0,1.5537706264182e-16,2.5375,0,90
186,74.5,4,299.466832272387,-0.363839044691101,0,14.9993899891142,0.135277324264869,0,0.516728320963432
186,74.5,5,364.293720491301,0,0,15,0,0,0
186,74.5,6,84.1037951668167,2.79392045454546,0,1.5537706264182e-16,2.5375,0,90
186,74.6,1,399.000000000002,0,0,15,0,0,0
186,74.6,2,146.748683528228,0,0,1.02857142857143,0,0,0
186,74.6,3,300.318327260351,2.79392045454546,0,1.5537706264182e-16,2.5375,0,90
186,74.6,4,299.466832272387,-0.363839044691101,0,14.9993899891142,0.135277324264869,0,0.516728320963432
186,74.6,5,364.293720491301,0,0,15,0,0,0
186,74.6,6,84.1037951668167,2.79392045454546,0,1.5537706264182e-16,2.5375,0,90
186,74.7,1,399.000000000002,0,0,15,0,0,0
186,74.7,2,146.748683528228,0,0,1.02857142857143,0,0,0
186,74.7,3,300.318327260351,2.79392045454546,0,1.5537706264182e-16,2.5375,0,90
186,74.7,4,299.466832272387,-0.363839044691101,0,14.9993899891142,0.135277324264869,0,0.516728320963432
186,74.7,5,364.293720491301,0,0,15,0,0,0
186,74.7,6,84.1037951668167,2.79392045454546,0,1.5537706264182e-16,2.5375,0,90
186,74.8,1,399.000000000002,0,0,15,0,0,0
186,74.8,2,146.748683528228,0,0,1.02857142857143,0,0,0
186,74.8,3,300.318327260351,2.79392045454546,0,1.5537706264182e-16,2.5375,0,90
186,74.8,4,299.466832272387,-0.363839044691101,0,14.9993899891142,0.135277324264869,0,0.516728320963432
186,74.8,5,364.293720491301,0,0,15,0,0,0
186,74.8,6,84.1037951668167,2.79392045454546,0,1.5537706264182e-16,2.5375,0,90
186,74.9,1,399.000000000002,0,0,15,0,0,0
186,74.9,2,146.748683528228,0,0,1.02857142857143,0,0,0
186,74.9,3,300.318327260351,2.79392045454546,0,1.5537706264182e-16,2.5375,0,90
186,74.9,4,299.466832272387,-0.363839044691101,0,14.9993899891142,0.135277324264869,0,0.516728320963432
186,74.9,5,364.293720491301,0,0,15,0,0,0
186,74.9,6,84.1037951668167,2.79392045454546,0,1.5537706264182e-16,2.5375,0,90
186,75,1,399.000000000002,0,0,15,0,0,0
186,75,2,146.748683528228,0,0,1.02857142857143,0,0,0
186,75,3,300.318327260351,2.79392045454546,0,1.5537706264182e-16,2.5375,0,90
186,75,4,299.466832272387,-0.363839044691101,0,14.9993899891142,0.135277324264869,0,0.516728320963432
186,75,5,364.293720491301,0,0,15,0,0,0
186,75,6,84.1037951668167,2.79392045454546,0,1.5537706264182e-16,2.5375,0,90
186,75.1,1,399.000000000002,0,0,15,0,0,0
186,75.1,2,146.748683528228,0,0,1.02857142857143,0,0,0
186,75.1,3,300.318327260351,2.79392045454546,0,1.5537706264182e-16,2.5375,0,90
186,75.1,4,299.466832272387,-0.363839044691101,0,14.9993899891142,0.135277324264869,0,0.516728320963432
186,75.1,5,364.293720491301,0,0,15,0,0,0
186,75.1,6,84.1037951668167,2.79392045454546,0,1.5537706264182e-16,2.5375,0,90
186,75.2,1,399.000000000002,0,0,15,0,0,0
186,75.2,2,146.748683528228,0,0,1.02857142857143,0,0,0
186,75.2,3,300.318327260351,2.79392045454546,0,1.5537706264182e-16,2.5375,0,90
186,75.2,4,299.466832272387,-0.363839044691101,0,14.9993899891142,0.135277324264869,0,0.516728320963432
186,75.2,5,364.293720491301,0,0,15,0,0,0
186,75.2,6,84.1037951668167,2.79392045454546,0,1.5537706264182e-16,2.5375,0,90
186,75.3,1,399.000000000002,0,0,15,0,0,0
186,75.3,2,146.748683528228,0,0,1.02857142857143,0,0,0
186,75.3,3,300.318327260351,2.79392045454546,0,1.5537706264182e-16,2.5375,0,90
186,75.3,4,299.466832272387,-0.363839044691101,0,14.9993899891142,0.135277324264869,0,0.516728320963432
186,75.3,5,364.293720491301,0,0,15,0,0,0
186,75.3,6,84.1037951668167,2.79392045454546,0,1.5537706264182e-16,2.5375,0,90
186,75.4,1,399.000000000002,0,0,15,0,0,0
186,75.4,2,146.748683528228,0,0,1.02857142857143,0,0,0
186,75.4,3,300.318327260351,2.79392045454546,0,1.5537706264182e-16,2.5375,0,90
186,75.4,4,299.466832272387,-0.363839044691101,0,14.9993899891142,0.135277324264869,0,0.516728320963432
186,75.4,5,364.293720491301,0,0,15,0,0,0
186,75.4,6,84.1037951668167,2.79392045454546,0,1.5537706264182e-16,2.5375,0,90
186,75.5,1,399.000000000002,0,0,15,0,0,0
186,75.5,2,146.748683528228,0,0,1.02857142857143,0,0,0
186,75.5,3,300.318327260351,2.79392045454546,0,1.5537706264182e-16,2.5375,0,90
186,75.5,4,299.466832272387,-0.363839044691101,0,14.9993899891142,0.135277324264869,0,0.516728320963432
186,75.5,5,364.293720491301,0,0,15,0,0,0
186,75.5,6,84.1037951668167,2.79392045454546,0,1.5537706264182e-16,2.5375,0,90
186,75.6,1,399.000000000002,0,0,15,0,0,0
186,75.6,2,146.748683528228,0,0,1.02857142857143,0,0,0
186,75.6,3,300.318327260351,2.79392045454546,0,1.5537706264182e-16,2.5375,0,90
186,75.6,4,299.466832272387,-0.363839044691101,0,14.9993899891142,0.135277324264869,0,0.516728320963432
186,75.6,5,364.293720491301,0,0,15,0,0,0
186,75.6,6,84.1037951668167,2.79392045454546,0,1.5537706264182e-16,2.5375,0,90
186,75.7,1,399.000000000002,0,0,15,0,0,0
186,75.7,2,146.748683528228,0,0,1.02857142857143,0,0,0
186,75.7,3,300.318327260351,2.79392045454546,0,1.5537706264182e-16,2.5375,0,90
186,75.7,4,299.466832272387,-0.363839044691101,0,14.9993899891142,0.135277324264869,0,0.516728320963432
186,75.7,5,364.293720491301,0,0,15,0,0,0
186,75.7,6,84.1037951668167,2.79392045454546,0,1.5537706264182e-16,2.5375,0,90
186,75.8,1,399.000000000002,0,0,15,0,0,0
186,75.8,2,146.748683528228,0,0,1.02857142857143,0,0,0
186,75.8,3,300.318327260351,2.79392045454546,0,1.5537706264182e-16,2.5375,0,90
186,75.8,4,299.466832272387,-0.363839044691101,0,14.9993899891142,0.135277324264869,0,0.516728320963432
186,75.8,5,364.293720491301,0,0,15,0,0,0
186,75.8,6,84.1037951668167,2.79392045454546,0,1.5537706264182e-16,2.5375,0,90
186,75.9,1,399.000000000002,0,0,15,0,0,0
186,75.9,2,146.748683528228,0,0,1.02857142857143,0,0,0
186,75.9,3,300.318327260351,2.79392045454546,0,1.5537706264182e-16,2.5375,0,90
186,75.9,4,299.466832272387,-0.363839044691101,0,14.9993899891142,0.135277324264869,0,0.516728320963432
186,75.9,5,364.293720491301,0,0,15,0,0,0
186,75.9,6,84.1037951668167,2.79392045454546,0,1.5537706264182e-16,2.5375,0,90
186,76,1,399.000000000002,0,0,15,0,0,0
186,76,2,146.748683528228,0,0,1.02857142857143,0,0,0
186,76,3,300.318327260351,2.79392045454546,0,1.5537706264182e-16,2.5375,0,90
186,76,4,299.466832272387,-0.363839044691101,0,14.9993899891142,0.135277324264869,0,0.516728320963432
186,76,5,364.293720491301,0,0,15,0,0,0
186,76,6,84.1037951668167,2.79392045454546,0,1.5537706264182e-16,2.5375,0,90
186,76.1,1,399.000000000002,0,0,15,0,0,0
186,76.1,2,146.748683528228,0,0,1.02857142857143,0,0,0
186,76.1,3,300.318327260351,2.79392045454546,0,1.5537706264182e-16,2.5375,0,90
186,76.1,4,299.466832272387,-0.363839044691101,0,14.9993899891142,0.135277324264869,0,0.516728320963432
186,76.1,5,364.293720491301,0,0,15,0,0,0
186,76.1,6,84.1037951668167,2.79392045454546,0,1.5537706264182e-16,2.5375,0,90
186,76.1999999999999,1,399.000000000002,0,0,15,0,0,0
186,76.1999999999999,2,146.748683528228,0,0,1.02857142857143,0,0,0
186,76.1999999999999,3,300.318327260351,2.79392045454546,0,1.5537706264182e-16,2.5375,0,90
186,76.1999999999999,4,299.466832272387,-0.363839044691101,0,14.9993899891142,0.135277324264869,0,0.516728320963432
186,76.1999999999999,5,364.293720491301,0,0,15,0,0,0
186,76.1999999999999,6,84.1037951668167,2.79392045454546,0,1.5537706264182e-16,2.5375,0,90
186,76.2999999999999,1,399.000000000002,0,0,15,0,0,0
186,76.2999999999999,2,146.748683528228,0,0,1.02857142857143,0,0,0
186,76.2999999999999,3,300.318327260351,2.79392045454546,0,1.5537706264182e-16,2.5375,0,90
186,76.2999999999999,4,299.466832272387,-0.363839044691101,0,14.9993899891142,0.135277324264869,0,0.516728320963432
186,76.2999999999999,5,364.293720491301,0,0,15,0,0,0
186,76.2999999999999,6,84.1037951668167,2.79392045454546,0,1.5537706264182e-16,2.5375,0,90
186,76.3999999999999,1,399.000000000002,0,0,15,0,0,0
186,76.3999999999999,2,146.748683528228,0,0,1.02857142857143,0,0,0
186,76.3999999999999,3,300.318327260351,2.79392045454546,0,1.5537706264182e-16,2.5375,0,90
186,76.3999999999999,4,299.466832272387,-0.363839044691101,0,14.9993899891142,0.135277324264869,0,0.516728320963432
186,76.3999999999999,5,364.293720491301,0,0,15,0,0,0
186,76.3999999999999,6,84.1037951668167,2.79392045454546,0,1.5537706264182e-16,2.5375,0,90
186,76.4999999999999,1,399.000000000002,0,0,15,0,0,0
186,76.4999999999999,2,146.748683528228,0,0,1.02857142857143,0,0,0
186,76.4999999999999,3,300.318327260351,2.79392045454546,0,1.5537706264182e-16,2.5375,0,90
186,76.4999999999999,4,299.466832272387,-0.363839044691101,0,14.9993899891142,0.135277324264869,0,0.516728320963432
186,76.4999999999999,5,364.293720491301,0,0,15,0,0,0
186,76.4999999999999,6,84.1037951668167,2.79392045454546,0,1.5537706264182e-16,2.5375,0,90
186,76.5999999999999,1,399.000000000002,0,0,15,0,0,0
186,76.5999999999999,2,146.748683528228,0,0,1.02857142857143,0,0,0
186,76.5999999999999,3,300.318327260351,2.79392045454546,0,1.5537706264182e-16,2.5375,0,90
186,76.5999999999999,4,299.466832272387,-0.363839044691101,0,14.9993899891142,0.135277324264869,0,0.516728320963432
186,76.5999999999999,5,364.293720491301,0,0,15,0,0,0
186,76.5999999999999,6,84.1037951668167,2.79392045454546,0,1.5537706264182e-16,2.5375,0,90
186,76.6999999999999,1,399.000000000002,0,0,15,0,0,0
186,76.6999999999999,2,146.748683528228,0,0,1.02857142857143,0,0,0
186,76.6999999999999,3,300.318327260351,2.79392045454546,0,1.5537706264182e-16,2.5375,0,90
186,76.6999999999999,4,299.466832272387,-0.363839044691101,0,14.9993899891142,0.135277324264869,0,0.516728320963432
186,76.6999999999999,5,364.293720491301,0,0,15,0,0,0
186,76.6999999999999,6,84.1037951668167,2.79392045454546,0,1.5537706264182e-16,2.5375,0,90
186,76.7999999999999,1,399.000000000002,0,0,15,0,0,0
186,76.7999999999999,2,146.748683528228,0,0,1.02857142857143,0,0,0
186,76.7999999999999,3,300.318327260351,2.79392045454546,0,1.5537706264182e-16,2.5375,0,90
186,76.7999999999999,4,299.466832272387,-0.363839044691101,0,14.9993899891142,0.135277324264869,0,0.516728320963432
186,76.7999999999999,5,364.293720491301,0,0,15,0,0,0
186,76.7999999999999,6,84.1037951668167,2.79392045454546,0,1.5537706264182e-16,2.5375,0,90
186,76.8999999999999,1,399.000000000002,0,0,15,0,0,0
186,76.8999999999999,2,146.748683528228,0,0,1.02857142857143,0,0,0
186,76.8999999999999,3,300.318327260351,2.79392045454546,0,1.5537706264182e-16,2.5375,0,90
186,76.8999999999999,4,299.466832272387,-0.363839044691101,0,14.9993899891142,0.135277324264869,0,0.516728320963432
186,76.8999999999999,5,364.293720491301,0,0,15,0,0,0
186,76.8999999999999,6,84.1037951668167,2.79392045454546,0,1.5537706264182e-16,2.5375,0,90
186,76.9999999999999,1,399.000000000002,0,0,15,0,0,0
186,76.9999999999999,2,146.748683528228,0,0,1.02857142857143,0,0,0
186,76.9999999999999,3,300.318327260351,2.79392045454546,0,1.5537706264182e-16,2.5375,0,90
186,76.9999999999999,4,299.466832272387,-0.363839044691101,0,14.9993899891142,0.135277324264869,0,0.516728320963432
186,76.9999999999999,5,364.293720491301,0,0,15,0,0,0
186,76.9999999999999,6,84.1037951668167,2.79392045454546,0,1.5537706264182e-16,2.5375,0,90
186,77.0999999999999,1,399.000000000002,0,0,15,0,0,0
186,77.0999999999999,2,146.748683528228,0,0,1.02857142857143,0,0,0
186,77.0999999999999,3,300.318327260351,2.79392045454546,0,1.5537706264182e-16,2.5375,0,90
186,77.0999999999999,4,299.466832272387,-0.363839044691101,0,14.9993899891142,0.135277324264869,0,0.516728320963432
186,77.0999999999999,5,364.293720491301,0,0,15,0,0,0
186,77.0999999999999,6,84.1037951668167,2.79392045454546,0,1.5537706264182e-16,2.5375,0,90
186,77.1999999999999,1,399.000000000002,0,0,15,0,0,0
186,77.1999999999999,2,146.748683528228,0,0,1.02857142857143,0,0,0
186,77.1999999999999,3,300.318327260351,2.79392045454546,0,1.5537706264182e-16,2.5375,0,90
186,77.1999999999999,4,299.466832272387,-0.363839044691101,0,14.9993899891142,0.135277324264869,0,0.516728320963432
186,77.1999999999999,5,364.293720491301,0,0,15,0,0,0
186,77.1999999999999,6,84.1037951668167,2.79392045454546,0,1.5537706264182e-16,2.5375,0,90
186,77.2999999999999,1,399.000000000002,0,0,15,0,0,0
186,77.2999999999999,2,146.748683528228,0,0,1.02857142857143,0,0,0
186,77.2999999999999,3,300.318327260351,2.79392045454546,0,1.5537706264182e-16,2.5375,0,90
186,77.2999999999999,4,299.466832272387,-0.363839044691101,0,14.9993899891142,0.135277324264869,0,0.516728320963432
186,77.2999999999999,5,364.293720491301,0,0,15,0,0,0
186,77.2999999999999,6,84.1037951668167,2.79392045454546,0,1.5537706264182e-16,2.5375,0,90
186,77.3999999999999,1,399.000000000002,0,0,15,0,0,0
186,77.3999999999999,2,146.748683528228,0,0,1.02857142857143,0,0,0
186,77.3999999999999,3,300.318327260351,2.79392045454546,0,1.5537706264182e-16,2.5375,0,90
186,77.3999999999999,4,299.466832272387,-0.363839044691101,0,14.9993899891142,0.135277324264869,0,0.516728320963432
186,77.3999999999999,5,364.293720491301,0,0,15,0,0,0
186,77.3999999999999,6,84.1037951668167,2.79392045454546,0,1.5537706264182e-16,2.5375,0,90
186,77.4999999999999,1,399.000000000002,0,0,15,0,0,0
186,77.4999999999999,2,146.748683528228,0,0,1.02857142857143,0,0,0
186,77.4999999999999,3,300.318327260351,2.79392045454546,0,1.5537706264182e-16,2.5375,0,90
186,77.4999999999999,4,299.466832272387,-0.363839044691101,0,14.9993899891142,0.135277324264869,0,0.516728320963432
186,77.4999999999999,5,364.293720491301,0,0,15,0,0,0
186,77.4999999999999,6,84.1037951668167,2.79392045454546,0,1.5537706264182e-16,2.5375,0,90
186,77.5999999999999,1,399.000000000002,0,0,15,0,0,0
186,77.5999999999999,2,146.748683528228,0,0,1.02857142857143,0,0,0
186,77.5999999999999,3,300.318327260351,2.79392045454546,0,1.5537706264182e-16,2.5375,0,90
186,77.5999999999999,4,299.466832272387,-0.363839044691101,0,14.9993899891142,0.135277324264869,0,0.516728320963432
186,77.5999999999999,5,364.293720491301,0,0,15,0,0,0
186,77.5999999999999,6,84.1037951668167,2.79392045454546,0,1.5537706264182e-16,2.5375,0,90
186,77.6999999999999,1,399.000000000002,0,0,15,0,0,0
186,77.6999999999999,2,146.748683528228,0,0,1.02857142857143,0,0,0
186,77.6999999999999,3,300.318327260351,2.79392045454546,0,1.5537706264182e-16,2.5375,0,90
186,77.6999999999999,4,299.466832272387,-0.363839044691101,0,14.9993899891142,0.135277324264869,0,0.516728320963432
186,77.6999999999999,5,364.293720491301,0,0,15,0,0,0
186,77.6999999999999,6,84.1037951668167,2.79392045454546,0,1.5537706264182e-16,2.5375,0,90
186,77.7999999999999,1,399.000000000002,0,0,15,0,0,0
186,77.7999999999999,2,146.748683528228,0,0,1.02857142857143,0,0,0
186,77.7999999999999,3,300.318327260351,2.79392045454546,0,1.5537706264182e-16,2.5375,0,90
186,77.7999999999999,4,299.466832272387,-0.363839044691101,0,14.9993899891142,0.135277324264869,0,0.516728320963432
186,77.7999999999999,5,364.293720491301,0,0,15,0,0,0
186,77.7999999999999,6,84.1037951668167,2.79392045454546,0,1.5537706264182e-16,2.5375,0,90
186,77.8999999999998,1,399.000000000002,0,0,15,0,0,0
186,77.8999999999998,2,146.748683528228,0,0,1.02857142857143,0,0,0
186,77.8999999999998,3,300.318327260351,2.79392045454546,0,1.5537706264182e-16,2.5375,0,90
186,77.8999999999998,4,299.466832272387,-0.363839044691101,0,14.9993899891142,0.135277324264869,0,0.516728320963432
186,77.8999999999998,5,364.293720491301,0,0,15,0,0,0
186,77.8999999999998,6,84.1037951668167,2.79392045454546,0,1.5537706264182e-16,2.5375,0,90
186,77.9999999999998,1,399.000000000002,0,0,15,0,0,0
186,77.9999999999998,2,146.748683528228,0,0,1.02857142857143,0,0,0
186,77.9999999999998,3,300.318327260351,2.79392045454546,0,1.5537706264182e-16,2.5375,0,90
186,77.9999999999998,4,299.466832272387,-0.363839044691101,0,14.9993899891142,0.135277324264869,0,0.516728320963432
186,77.9999999999998,5,364.293720491301,0,0,15,0,0,0
186,77.9999999999998,6,84.1037951668167,2.79392045454546,0,1.5537706264182e-16,2.5375,0,90
186,78.0999999999998,1,399.000000000002,0,0,15,0,0,0
186,78.0999999999998,2,146.748683528228,0,0,1.02857142857143,0,0,0
186,78.0999999999998,3,300.318327260351,2.79392045454546,0,1.5537706264182e-16,2.5375,0,90
186,78.0999999999998,4,299.466832272387,-0.363839044691101,0,14.9993899891142,0.135277324264869,0,0.516728320963432
186,78.0999999999998,5,364.293720491301,0,0,15,0,0,0
186,78.0999999999998,6,84.1037951668167,2.79392045454546,0,1.5537706264182e-16,2.5375,0,90
186,78.1999999999998,1,399.000000000002,0,0,15,0,0,0
186,78.1999999999998,2,146.748683528228,0,0,1.02857142857143,0,0,0
186,78.1999999999998,3,300.318327260351,2.79392045454546,0,1.5537706264182e-16,2.5375,0,90
186,78.1999999999998,4,299.466832272387,-0.363839044691101,0,14.9993899891142,0.135277324264869,0,0.516728320963432
186,78.1999999999998,5,364.293720491301,0,0,15,0,0,0
186,78.1999999999998,6,84.1037951668167,2.79392045454546,0,1.5537706264182e-16,2.5375,0,90
186,78.2999999999998,1,399.000000000002,0,0,15,0,0,0
186,78.2999999999998,2,146.748683528228,0,0,1.02857142857143,0,0,0
186,78.2999999999998,3,300.318327260351,2.79392045454546,0,1.5537706264182e-16,2.5375,0,90
186,78.2999999999998,4,299.466832272387,-0.363839044691101,0,14.9993899891142,0.135277324264869,0,0.516728320963432
186,78.2999999999998,5,364.293720491301,0,0,15,0,0,0
186,78.2999999999998,6,84.1037951668167,2.79392045454546,0,1.5537706264182e-16,2.5375,0,90
186,78.3999999999998,1,399.000000000002,0,0,15,0,0,0
186,78.3999999999998,2,146.748683528228,0,0,1.02857142857143,0,0,0
186,78.3999999999998,3,300.318327260351,2.79392045454546,0,1.5537706264182e-16,2.5375,0,90
186,78.3999999999998,4,299.466832272387,-0.363839044691101,0,14.9993899891142,0.135277324264869,0,0.516728320963432
186,78.3999999999998,5,364.293720491301,0,0,15,0,0,0
186,78.3999999999998,6,84.1037951668167,2.79392045454546,0,1.5537706264182e-16,2.5375,0,90
186,78.4999999999998,1,399.000000000002,0,0,15,0,0,0
186,78.4999999999998,2,146.748683528228,0,0,1.02857142857143,0,0,0
186,78.4999999999998,3,300.318327260351,2.79392045454546,0,1.5537706264182e-16,2.5375,0,90
186,78.4999999999998,4,299.466832272387,-0.363839044691101,0,14.9993899891142,0.135277324264869,0,0.516728320963432
186,78.4999999999998,5,364.293720491301,0,0,15,0,0,0
186,78.4999999999998,6,84.1037951668167,2.79392045454546,0,1.5537706264182e-16,2.5375,0,90
186,78.5999999999998,1,399.000000000002,0,0,15,0,0,0
186,78.5999999999998,2,146.748683528228,0,0,1.02857142857143,0,0,0
186,78.5999999999998,3,300.318327260351,2.79392045454546,0,1.5537706264182e-16,2.5375,0,90
186,78.5999999999998,4,299.466832272387,-0.363839044691101,0,14.9993899891142,0.135277324264869,0,0.516728320963432
186,78.5999999999998,5,364.293720491301,0,0,15,0,0,0
186,78.5999999999998,6,84.1037951668167,2.79392045454546,0,1.5537706264182e-16,2.5375,0,90
186,78.6999999999998,1,399.000000000002,0,0,15,0,0,0
186,78.6999999999998,2,146.748683528228,0,0,1.02857142857143,0,0,0
186,78.6999999999998,3,300.318327260351,2.79392045454546,0,1.5537706264182e-16,2.5375,0,90
186,78.6999999999998,4,299.466832272387,-0.363839044691101,0,14.9993899891142,0.135277324264869,0,0.516728320963432
186,78.6999999999998,5,364.293720491301,0,0,15,0,0,0
186,78.6999999999998,6,84.1037951668167,2.79392045454546,0,1.5537706264182e-16,2.5375,0,90
186,78.7999999999998,1,399.000000000002,0,0,15,0,0,0
186,78.7999999999998,2,146.748683528228,0,0,1.02857142857143,0,0,0
186,78.7999999999998,3,300.318327260351,2.79392045454546,0,1.5537706264182e-16,2.5375,0,90
186,78.7999999999998,4,299.466832272387,-0.363839044691101,0,14.9993899891142,0.135277324264869,0,0.516728320963432
186,78.7999999999998,5,364.293720491301,0,0,15,0,0,0
186,78.7999999999998,6,84.1037951668167,2.79392045454546,0,1.5537706264182e-16,2.5375,0,90
186,78.8999999999998,1,399.000000000002,0,0,15,0,0,0
186,78.8999999999998,2,146.748683528228,0,0,1.02857142857143,0,0,0
186,78.8999999999998,3,300.318327260351,2.79392045454546,0,1.5537706264182e-16,2.5375,0,90
186,78.8999999999998,4,299.466832272387,-0.363839044691101,0,14.9993899891142,0.135277324264869,0,0.516728320963432
186,78.8999999999998,5,364.293720491301,0,0,15,0,0,0
186,78.8999999999998,6,84.1037951668167,2.79392045454546,0,1.5537706264182e-16,2.5375,0,90
186,78.9999999999998,1,399.000000000002,0,0,15,0,0,0
186,78.9999999999998,2,146.748683528228,0,0,1.02857142857143,0,0,0
186,78.9999999999998,3,300.318327260351,2.79392045454546,0,1.5537706264182e-16,2.5375,0,90
186,78.9999999999998,4,299.466832272387,-0.363839044691101,0,14.9993899891142,0.135277324264869,0,0.516728320963432
186,78.9999999999998,5,364.293720491301,0,0,15,0,0,0
186,78.9999999999998,6,84.1037951668167,2.79392045454546,0,1.5537706264182e-16,2.5375,0,90
186,79.0999999999998,1,399.000000000002,0,0,15,0,0,0
186,79.0999999999998,2,146.748683528228,0,0,1.02857142857143,0,0,0
186,79.0999999999998,3,300.318327260351,2.79392045454546,0,1.5537706264182e-16,2.5375,0,90
186,79.0999999999998,4,299.466832272387,-0.363839044691101,0,14.9993899891142,0.135277324264869,0,0.516728320963432
186,79.0999999999998,5,364.293720491301,0,0,15,0,0,0
186,79.0999999999998,6,84.1037951668167,2.79392045454546,0,1.5537706264182e-16,2.5375,0,90
186,79.1999999999998,1,399.000000000002,0,0,15,0,0,0
186,79.1999999999998,2,146.748683528228,0,0,1.02857142857143,0,0,0
186,79.1999999999998,3,300.318327260351,2.79392045454546,0,1.5537706264182e-16,2.5375,0,90
186,79.1999999999998,4,299.466832272387,-0.363839044691101,0,14.9993899891142,0.135277324264869,0,0.516728320963432
186,79.1999999999998,5,364.293720491301,0,0,15,0,0,0
186,79.1999999999998,6,84.1037951668167,2.79392045454546,0,1.5537706264182e-16,2.5375,0,90
186,79.2999999999998,1,399.000000000002,0,0,15,0,0,0
186,79.2999999999998,2,146.748683528228,0,0,1.02857142857143,0,0,0
186,79.2999999999998,3,300.318327260351,2.79392045454546,0,1.5537706264182e-16,2.5375,0,90
186,79.2999999999998,4,299.466832272387,-0.363839044691101,0,14.9993899891142,0.135277324264869,0,0.516728320963432
186,79.2999999999998,5,364.293720491301,0,0,15,0,0,0
186,79.2999999999998,6,84.1037951668167,2.79392045454546,0,1.5537706264182e-16,2.5375,0,90
186,79.3999999999998,1,399.000000000002,0,0,15,0,0,0
186,79.3999999999998,2,146.748683528228,0,0,1.02857142857143,0,0,0
186,79.3999999999998,3,300.318327260351,2.79392045454546,0,1.5537706264182e-16,2.5375,0,90
186,79.3999999999998,4,299.466832272387,-0.363839044691101,0,14.9993899891142,0.135277324264869,0,0.516728320963432
186,79.3999999999998,5,364.293720491301,0,0,15,0,0,0
186,79.3999999999998,6,84.1037951668167,2.79392045454546,0,1.5537706264182e-16,2.5375,0,90
186,79.4999999999998,1,399.000000000002,0,0,15,0,0,0
186,79.4999999999998,2,146.748683528228,0,0,1.02857142857143,0,0,0
186,79.4999999999998,3,300.318327260351,2.79392045454546,0,1.5537706264182e-16,2.5375,0,90
186,79.4999999999998,4,299.466832272387,-0.363839044691101,0,14.9993899891142,0.135277324264869,0,0.516728320963432
186,79.4999999999998,5,364.293720491301,0,0,15,0,0,0
186,79.4999999999998,6,84.1037951668167,2.79392045454546,0,1.5537706264182e-16,2.5375,0,90
186,79.5999999999998,1,399.000000000002,0,0,15,0,0,0
186,79.5999999999998,2,146.748683528228,0,0,1.02857142857143,0,0,0
186,79.5999999999998,3,300.318327260351,2.79392045454546,0,1.5537706264182e-16,2.5375,0,90
186,79.5999999999998,4,299.466832272387,-0.363839044691101,0,14.9993899891142,0.135277324264869,0,0.516728320963432
186,79.5999999999998,5,364.293720491301,0,0,15,0,0,0
186,79.5999999999998,6,84.1037951668167,2.79392045454546,0,1.5537706264182e-16,2.5375,0,90
186,79.6999999999997,1,399.000000000002,0,0,15,0,0,0
186,79.6999999999997,2,146.748683528228,0,0,1.02857142857143,0,0,0
186,79.6999999999997,3,300.318327260351,2.79392045454546,0,1.5537706264182e-16,2.5375,0,90
186,79.6999999999997,4,299.466832272387,-0.363839044691101,0,14.9993899891142,0.135277324264869,0,0.516728320963432
186,79.6999999999997,5,364.293720491301,0,0,15,0,0,0
186,79.6999999999997,6,84.1037951668167,2.79392045454546,0,1.5537706264182e-16,2.5375,0,90
186,79.7999999999997,1,399.000000000002,0,0,15,0,0,0
186,79.7999999999997,2,146.748683528228,0,0,1.02857142857143,0,0,0
186,79.7999999999997,3,300.318327260351,2.79392045454546,0,1.5537706264182e-16,2.5375,0,90
186,79.7999999999997,4,299.466832272387,-0.363839044691101,0,14.9993899891142,0.135277324264869,0,0.516728320963432
186,79.7999999999997,5,364.293720491301,0,0,15,0,0,0
186,79.7999999999997,6,84.1037951668167,2.79392045454546,0,1.5537706264182e-16,2.5375,0,90
186,79.8999999999997,1,399.000000000002,0,0,15,0,0,0
186,79.8999999999997,2,146.748683528228,0,0,1.02857142857143,0,0,0
186,79.8999999999997,3,300.318327260351,2.79392045454546,0,1.5537706264182e-16,2.5375,0,90
186,79.8999999999997,4,299.466832272387,-0.363839044691101,0,14.9993899891142,0.135277324264869,0,0.516728320963432
186,79.8999999999997,5,364.293720491301,0,0,15,0,0,0
186,79.8999999999997,6,84.1037951668167,2.79392045454546,0,1.5537706264182e-16,2.5375,0,90
186,79.9999999999997,1,399.000000000002,0,0,15,0,0,0
186,79.9999999999997,2,146.748683528228,0,0,1.02857142857143,0,0,0
186,79.9999999999997,3,300.318327260351,2.79392045454546,0,1.5537706264182e-16,2.5375,0,90
186,79.9999999999997,4,299.466832272387,-0.363839044691101,0,14.9993899891142,0.135277324264869,0,0.516728320963432
186,79.9999999999997,5,364.293720491301,0,0,15,0,0,0
186,79.9999999999997,6,84.1037951668167,2.79392045454546,0,1.5537706264182e-16,2.5375,0,90
186,80.0999999999997,1,399.000000000002,0,0,15,0,0,0
186,80.0999999999997,2,146.748683528228,0,0,1.02857142857143,0,0,0
186,80.0999999999997,3,300.318327260351,2.79392045454546,0,1.5537706264182e-16,2.5375,0,90
186,80.0999999999997,4,299.466832272387,-0.363839044691101,0,14.9993899891142,0.135277324264869,0,0.516728320963432
186,80.0999999999997,5,364.293720491301,0,0,15,0,0,0
186,80.0999999999997,6,84.1037951668167,2.79392045454546,0,1.5537706264182e-16,2.5375,0,90
186,80.1999999999997,1,399.000000000002,0,0,15,0,0,0
186,80.1999999999997,2,146.748683528228,0,0,1.02857142857143,0,0,0
186,80.1999999999997,3,300.318327260351,2.79392045454546,0,1.5537706264182e-16,2.5375,0,90
186,80.1999999999997,4,299.466832272387,-0.363839044691101,0,14.9993899891142,0.135277324264869,0,0.516728320963432
186,80.1999999999997,5,364.293720491301,0,0,15,0,0,0
186,80.1999999999997,6,84.1037951668167,2.79392045454546,0,1.5537706264182e-16,2.5375,0,90
186,80.2999999999997,1,399.000000000002,0,0,15,0,0,0
186,80.2999999999997,2,146.748683528228,0,0,1.02857142857143,0,0,0
186,80.2999999999997,3,300.318327260351,2.79392045454546,0,1.5537706264182e-16,2.5375,0,90
186,80.2999999999997,4,299.466832272387,-0.363839044691101,0,14.9993899891142,0.135277324264869,0,0.516728320963432
186,80.2999999999997,5,364.293720491301,0,0,15,0,0,0
186,80.2999999999997,6,84.1037951668167,2.79392045454546,0,1.5537706264182e-16,2.5375,0,90
186,80.3999999999997,1,399.000000000002,0,0,15,0,0,0
186,80.3999999999997,2,146.748683528228,0,0,1.02857142857143,0,0,0
186,80.3999999999997,3,300.318327260351,2.79392045454546,0,1.5537706264182e-16,2.5375,0,90
186,80.3999999999997,4,299.466832272387,-0.363839044691101,0,14.9993899891142,0.135277324264869,0,0.516728320963432
186,80.3999999999997,5,364.293720491301,0,0,15,0,0,0
186,80.3999999999997,6,84.1037951668167,2.79392045454546,0,1.5537706264182e-16,2.5375,0,90
186,80.4999999999997,1,399.000000000002,0,0,15,0,0,0
186,80.4999999999997,2,146.748683528228,0,0,1.02857142857143,0,0,0
186,80.4999999999997,3,300.318327260351,2.79392045454546,0,1.5537706264182e-16,2.5375,0,90
186,80.4999999999997,4,299.466832272387,-0.363839044691101,0,14.9993899891142,0.135277324264869,0,0.516728320963432
186,80.4999999999997,5,364.293720491301,0,0,15,0,0,0
186,80.4999999999997,6,84.1037951668167,2.79392045454546,0,1.5537706264182e-16,2.5375,0,90
186,80.5999999999997,1,399.000000000002,0,0,15,0,0,0
186,80.5999999999997,2,146.748683528228,0,0,1.02857142857143,0,0,0
186,80.5999999999997,3,300.318327260351,2.79392045454546,0,1.5537706264182e-16,2.5375,0,90
186,80.5999999999997,4,299.466832272387,-0.363839044691101,0,14.9993899891142,0.135277324264869,0,0.516728320963432
186,80.5999999999997,5,364.293720491301,0,0,15,0,0,0
186,80.5999999999997,6,84.1037951668167,2.79392045454546,0,1.5537706264182e-16,2.5375,0,90
186,80.6999999999997,1,399.000000000002,0,0,15,0,0,0
186,80.6999999999997,2,146.748683528228,0,0,1.02857142857143,0,0,0
186,80.6999999999997,3,300.318327260351,2.79392045454546,0,1.5537706264182e-16,2.5375,0,90
186,80.6999999999997,4,299.466832272387,-0.363839044691101,0,14.9993899891142,0.135277324264869,0,0.516728320963432
186,80.6999999999997,5,364.293720491301,0,0,15,0,0,0
186,80.6999999999997,6,84.1037951668167,2.79392045454546,0,1.5537706264182e-16,2.5375,0,90
186,80.7999999999997,1,399.000000000002,0,0,15,0,0,0
186,80.7999999999997,2,146.748683528228,0,0,1.02857142857143,0,0,0
186,80.7999999999997,3,300.318327260351,2.79392045454546,0,1.5537706264182e-16,2.5375,0,90
186,80.7999999999997,4,299.466832272387,-0.363839044691101,0,14.9993899891142,0.135277324264869,0,0.516728320963432
186,80.7999999999997,5,364.293720491301,0,0,15,0,0,0
186,80.7999999999997,6,84.1037951668167,2.79392045454546,0,1.5537706264182e-16,2.5375,0,90
186,80.8999999999997,1,399.000000000002,0,0,15,0,0,0
186,80.8999999999997,2,146.748683528228,0,0,1.02857142857143,0,0,0
186,80.8999999999997,3,300.318327260351,2.79392045454546,0,1.5537706264182e-16,2.5375,0,90
186,80.8999999999997,4,299.466832272387,-0.363839044691101,0,14.9993899891142,0.135277324264869,0,0.516728320963432
186,80.8999999999997,5,364.293720491301,0,0,15,0,0,0
186,80.8999999999997,6,84.1037951668167,2.79392045454546,0,1.5537706264182e-16,2.5375,0,90
186,80.9999999999997,1,399.000000000002,0,0,15,0,0,0
186,80.9999999999997,2,146.748683528228,0,0,1.02857142857143,0,0,0
186,80.9999999999997,3,300.318327260351,2.79392045454546,0,1.5537706264182e-16,2.5375,0,90
186,80.9999999999997,4,299.466832272387,-0.363839044691101,0,14.9993899891142,0.135277324264869,0,0.516728320963432
186,80.9999999999997,5,364.293720491301,0,0,15,0,0,0
186,80.9999999999997,6,84.1037951668167,2.79392045454546,0,1.5537706264182e-16,2.5375,0,90
186,81.0999999999997,1,399.000000000002,0,0,15,0,0,0
186,81.0999999999997,2,146.748683528228,0,0,1.02857142857143,0,0,0
186,81.0999999999997,3,300.318327260351,2.79392045454546,0,1.5537706264182e-16,2.5375,0,90
186,81.0999999999997,4,299.466832272387,-0.363839044691101,0,14.9993899891142,0.135277324264869,0,0.516728320963432
186,81.0999999999997,5,364.293720491301,0,0,15,0,0,0
186,81.0999999999997,6,84.1037951668167,2.79392045454546,0,1.5537706264182e-16,2.5375,0,90
186,81.1999999999997,1,399.000000000002,0,0,15,0,0,0
186,81.1999999999997,2,146.748683528228,0,0,1.02857142857143,0,0,0
186,81.1999999999997,3,300.318327260351,2.79392045454546,0,1.5537706264182e-16,2.5375,0,90
186,81.1999999999997,4,299.466832272387,-0.363839044691101,0,14.9993899891142,0.135277324264869,0,0.516728320963432
186,81.1999999999997,5,364.293720491301,0,0,15,0,0,0
186,81.1999999999997,6,84.1037951668167,2.79392045454546,0,1.5537706264182e-16,2.5375,0,90
186,81.2999999999997,1,399.000000000002,0,0,15,0,0,0
186,81.2999999999997,2,146.748683528228,0,0,1.02857142857143,0,0,0
186,81.2999999999997,3,300.318327260351,2.79392045454546,0,1.5537706264182e-16,2.5375,0,90
186,81.2999999999997,4,299.466832272387,-0.363839044691101,0,14.9993899891142,0.135277324264869,0,0.516728320963432
186,81.2999999999997,5,364.293720491301,0,0,15,0,0,0
186,81.2999999999997,6,84.1037951668167,2.79392045454546,0,1.5537706264182e-16,2.5375,0,90
186,81.3999999999997,1,399.000000000002,0,0,15,0,0,0
186,81.3999999999997,2,146.748683528228,0,0,1.02857142857143,0,0,0
186,81.3999999999997,3,300.318327260351,2.79392045454546,0,1.5537706264182e-16,2.5375,0,90
186,81.3999999999997,4,299.466832272387,-0.363839044691101,0,14.9993899891142,0.135277324264869,0,0.516728320963432
186,81.3999999999997,5,364.293720491301,0,0,15,0,0,0
186,81.3999999999997,6,84.1037951668167,2.79392045454546,0,1.5537706264182e-16,2.5375,0,90
186,81.4999999999996,1,399.000000000002,0,0,15,0,0,0
186,81.4999999999996,2,146.748683528228,0,0,1.02857142857143,0,0,0
186,81.4999999999996,3,300.318327260351,2.79392045454546,0,1.5537706264182e-16,2.5375,0,90
186,81.4999999999996,4,299.466832272387,-0.363839044691101,0,14.9993899891142,0.135277324264869,0,0.516728320963432
186,81.4999999999996,5,364.293720491301,0,0,15,0,0,0
186,81.4999999999996,6,84.1037951668167,2.79392045454546,0,1.5537706264182e-16,2.5375,0,90
186,81.5999999999996,1,399.000000000002,0,0,15,0,0,0
186,81.5999999999996,2,146.748683528228,0,0,1.02857142857143,0,0,0
186,81.5999999999996,3,300.318327260351,2.79392045454546,0,1.5537706264182e-16,2.5375,0,90
186,81.5999999999996,4,299.466832272387,-0.363839044691101,0,14.9993899891142,0.135277324264869,0,0.516728320963432
186,81.5999999999996,5,364.293720491301,0,0,15,0,0,0
186,81.5999999999996,6,84.1037951668167,2.79392045454546,0,1.5537706264182e-16,2.5375,0,90
186,81.6999999999996,1,399.000000000002,0,0,15,0,0,0
186,81.6999999999996,2,146.748683528228,0,0,1.02857142857143,0,0,0
186,81.6999999999996,3,300.318327260351,2.79392045454546,0,1.5537706264182e-16,2.5375,0,90
186,81.6999999999996,4,299.466832272387,-0.363839044691101,0,14.9993899891142,0.135277324264869,0,0.516728320963432
186,81.6999999999996,5,364.293720491301,0,0,15,0,0,0
186,81.6999999999996,6,84.1037951668167,2.79392045454546,0,1.5537706264182e-16,2.5375,0,90
186,81.7999999999996,1,399.000000000002,0,0,15,0,0,0
186,81.7999999999996,2,146.748683528228,0,0,1.02857142857143,0,0,0
186,81.7999999999996,3,300.318327260351,2.79392045454546,0,1.5537706264182e-16,2.5375,0,90
186,81.7999999999996,4,299.466832272387,-0.363839044691101,0,14.9993899891142,0.135277324264869,0,0.516728320963432
186,81.7999999999996,5,364.293720491301,0,0,15,0,0,0
186,81.7999999999996,6,84.1037951668167,2.79392045454546,0,1.5537706264182e-16,2.5375,0,90
186,81.8999999999996,1,399.000000000002,0,0,15,0,0,0
186,81.8999999999996,2,146.748683528228,0,0,1.02857142857143,0,0,0
186,81.8999999999996,3,300.318327260351,2.79392045454546,0,1.5537706264182e-16,2.5375,0,90
186,81.8999999999996,4,299.466832272387,-0.363839044691101,0,14.9993899891142,0.135277324264869,0,0.516728320963432
186,81.8999999999996,5,364.293720491301,0,0,15,0,0,0
186,81.8999999999996,6,84.1037951668167,2.79392045454546,0,1.5537706264182e-16,2.5375,0,90
186,81.9999999999996,1,399.000000000002,0,0,15,0,0,0
186,81.9999999999996,2,146.748683528228,0,0,1.02857142857143,0,0,0
186,81.9999999999996,3,300.318327260351,2.79392045454546,0,1.5537706264182e-16,2.5375,0,90
186,81.9999999999996,4,299.466832272387,-0.363839044691101,0,14.9993899891142,0.135277324264869,0,0.516728320963432
186,81.9999999999996,5,364.293720491301,0,0,15,0,0,0
186,81.9999999999996,6,84.1037951668167,2.79392045454546,0,1.5537706264182e-16,2.5375,0,90
186,82.0999999999996,1,399.000000000002,0,0,15,0,0,0
186,82.0999999999996,2,146.748683528228,0,0,1.02857142857143,0,0,0
186,82.0999999999996,3,300.318327260351,2.79392045454546,0,1.5537706264182e-16,2.5375,0,90
186,82.0999999999996,4,299.466832272387,-0.363839044691101,0,14.9993899891142,0.135277324264869,0,0.516728320963432
186,82.0999999999996,5,364.293720491301,0,0,15,0,0,0
186,82.0999999999996,6,84.1037951668167,2.79392045454546,0,1.5537706264182e-16,2.5375,0,90
186,82.1999999999996,1,399.000000000002,0,0,15,0,0,0
186,82.1999999999996,2,146.748683528228,0,0,1.02857142857143,0,0,0
186,82.1999999999996,3,300.318327260351,2.79392045454546,0,1.5537706264182e-16,2.5375,0,90
186,82.1999999999996,4,299.466832272387,-0.363839044691101,0,14.9993899891142,0.135277324264869,0,0.516728320963432
186,82.1999999999996,5,364.293720491301,0,0,15,0,0,0
186,82.1999999999996,6,84.1037951668167,2.79392045454546,0,1.5537706264182e-16,2.5375,0,90
186,82.2999999999996,1,399.000000000002,0,0,15,0,0,0
186,82.2999999999996,2,146.748683528228,0,0,1.02857142857143,0,0,0
186,82.2999999999996,3,300.318327260351,2.79392045454546,0,1.5537706264182e-16,2.5375,0,90
186,82.2999999999996,4,299.466832272387,-0.363839044691101,0,14.9993899891142,0.135277324264869,0,0.516728320963432
186,82.2999999999996,5,364.293720491301,0,0,15,0,0,0
186,82.2999999999996,6,84.1037951668167,2.79392045454546,0,1.5537706264182e-16,2.5375,0,90
186,82.3999999999996,1,399.000000000002,0,0,15,0,0,0
186,82.3999999999996,2,146.748683528228,0,0,1.02857142857143,0,0,0
186,82.3999999999996,3,300.318327260351,2.79392045454546,0,1.5537706264182e-16,2.5375,0,90
186,82.3999999999996,4,299.466832272387,-0.363839044691101,0,14.9993899891142,0.135277324264869,0,0.516728320963432
186,82.3999999999996,5,364.293720491301,0,0,15,0,0,0
186,82.3999999999996,6,84.1037951668167,2.79392045454546,0,1.5537706264182e-16,2.5375,0,90
186,82.4999999999996,1,399.000000000002,0,0,15,0,0,0
186,82.4999999999996,2,146.748683528228,0,0,1.02857142857143,0,0,0
186,82.4999999999996,3,300.318327260351,2.79392045454546,0,1.5537706264182e-16,2.5375,0,90
186,82.4999999999996,4,299.466832272387,-0.363839044691101,0,14.9993899891142,0.135277324264869,0,0.516728320963432
186,82.4999999999996,5,364.293720491301,0,0,15,0,0,0
186,82.4999999999996,6,84.1037951668167,2.79392045454546,0,1.5537706264182e-16,2.5375,0,90
186,82.5999999999996,1,399.000000000002,0,0,15,0,0,0
186,82.5999999999996,2,146.748683528228,0,0,1.02857142857143,0,0,0
186,82.5999999999996,3,300.318327260351,2.79392045454546,0,1.5537706264182e-16,2.5375,0,90
186,82.5999999999996,4,299.466832272387,-0.363839044691101,0,14.9993899891142,0.135277324264869,0,0.516728320963432
186,82.5999999999996,5,364.293720491301,0,0,15,0,0,0
186,82.5999999999996,6,84.1037951668167,2.79392045454546,0,1.5537706264182e-16,2.5375,0,90
186,82.6999999999996,1,399.000000000002,0,0,15,0,0,0
186,82.6999999999996,2,146.748683528228,0,0,1.02857142857143,0,0,0
186,82.6999999999996,3,300.318327260351,2.79392045454546,0,1.5537706264182e-16,2.5375,0,90
186,82.6999999999996,4,299.466832272387,-0.363839044691101,0,14.9993899891142,0.135277324264869,0,0.516728320963432
186,82.6999999999996,5,364.293720491301,0,0,15,0,0,0
186,82.6999999999996,6,84.1037951668167,2.79392045454546,0,1.5537706264182e-16,2.5375,0,90
186,82.7999999999996,1,399.000000000002,0,0,15,0,0,0
186,82.7999999999996,2,146.748683528228,0,0,1.02857142857143,0,0,0
186,82.7999999999996,3,300.318327260351,2.79392045454546,0,1.5537706264182e-16,2.5375,0,90
186,82.7999999999996,4,299.466832272387,-0.363839044691101,0,14.9993899891142,0.135277324264869,0,0.516728320963432
186,82.7999999999996,5,364.293720491301,0,0,15,0,0,0
186,82.7999999999996,6,84.1037951668167,2.79392045454546,0,1.5537706264182e-16,2.5375,0,90
186,82.8999999999996,1,399.000000000002,0,0,15,0,0,0
186,82.8999999999996,2,146.748683528228,0,0,1.02857142857143,0,0,0
186,82.8999999999996,3,300.318327260351,2.79392045454546,0,1.5537706264182e-16,2.5375,0,90
186,82.8999999999996,4,299.466832272387,-0.363839044691101,0,14.9993899891142,0.135277324264869,0,0.516728320963432
186,82.8999999999996,5,364.293720491301,0,0,15,0,0,0
186,82.8999999999996,6,84.1037951668167,2.79392045454546,0,1.5537706264182e-16,2.5375,0,90
186,82.9999999999996,1,399.000000000002,0,0,15,0,0,0
186,82.9999999999996,2,146.748683528228,0,0,1.02857142857143,0,0,0
186,82.9999999999996,3,300.318327260351,2.79392045454546,0,1.5537706264182e-16,2.5375,0,90
186,82.9999999999996,4,299.466832272387,-0.363839044691101,0,14.9993899891142,0.135277324264869,0,0.516728320963432
186,82.9999999999996,5,364.293720491301,0,0,15,0,0,0
186,82.9999999999996,6,84.1037951668167,2.79392045454546,0,1.5537706264182e-16,2.5375,0,90
186,83.0999999999996,1,399.000000000002,0,0,15,0,0,0
186,83.0999999999996,2,146.748683528228,0,0,1.02857142857143,0,0,0
186,83.0999999999996,3,300.318327260351,2.79392045454546,0,1.5537706264182e-16,2.5375,0,90
186,83.0999999999996,4,299.466832272387,-0.363839044691101,0,14.9993899891142,0.135277324264869,0,0.516728320963432
186,83.0999999999996,5,364.293720491301,0,0,15,0,0,0
186,83.0999999999996,6,84.1037951668167,2.79392045454546,0,1.5537706264182e-16,2.5375,0,90
186,83.1999999999995,1,399.000000000002,0,0,15,0,0,0
186,83.1999999999995,2,146.748683528228,0,0,1.02857142857143,0,0,0
186,83.1999999999995,3,300.318327260351,2.79392045454546,0,1.5537706264182e-16,2.5375,0,90
186,83.1999999999995,4,299.466832272387,-0.363839044691101,0,14.9993899891142,0.135277324264869,0,0.516728320963432
186,83.1999999999995,5,364.293720491301,0,0,15,0,0,0
186,83.1999999999995,6,84.1037951668167,2.79392045454546,0,1.5537706264182e-16,2.5375,0,90
186,83.2999999999995,1,399.000000000002,0,0,15,0,0,0
186,83.2999999999995,2,146.748683528228,0,0,1.02857142857143,0,0,0
186,83.2999999999995,3,300.318327260351,2.79392045454546,0,1.5537706264182e-16,2.5375,0,90
186,83.2999999999995,4,299.466832272387,-0.363839044691101,0,14.9993899891142,0.135277324264869,0,0.516728320963432
186,83.2999999999995,5,364.293720491301,0,0,15,0,0,0
186,83.2999999999995,6,84.1037951668167,2.79392045454546,0,1.5537706264182e-16,2.5375,0,90
186,83.3999999999995,1,399.000000000002,0,0,15,0,0,0
186,83.3999999999995,2,146.748683528228,0,0,1.02857142857143,0,0,0
186,83.3999999999995,3,300.318327260351,2.79392045454546,0,1.5537706264182e-16,2.5375,0,90
186,83.3999999999995,4,299.466832272387,-0.363839044691101,0,14.9993899891142,0.135277324264869,0,0.516728320963432
186,83.3999999999995,5,364.293720491301,0,0,15,0,0,0
186,83.3999999999995,6,84.1037951668167,2.79392045454546,0,1.5537706264182e-16,2.5375,0,90
186,83.4999999999995,1,399.000000000002,0,0,15,0,0,0
186,83.4999999999995,2,146.748683528228,0,0,1.02857142857143,0,0,0
186,83.4999999999995,3,300.318327260351,2.79392045454546,0,1.5537706264182e-16,2.5375,0,90
186,83.4999999999995,4,299.466832272387,-0.363839044691101,0,14.9993899891142,0.135277324264869,0,0.516728320963432
186,83.4999999999995,5,364.293720491301,0,0,15,0,0,0
186,83.4999999999995,6,84.1037951668167,2.79392045454546,0,1.5537706264182e-16,2.5375,0,90
186,83.5999999999995,1,399.000000000002,0,0,15,0,0,0
186,83.5999999999995,2,146.748683528228,0,0,1.02857142857143,0,0,0
186,83.5999999999995,3,300.318327260351,2.79392045454546,0,1.5537706264182e-16,2.5375,0,90
186,83.5999999999995,4,299.466832272387,-0.363839044691101,0,14.9993899891142,0.135277324264869,0,0.516728320963432
186,83.5999999999995,5,364.293720491301,0,0,15,0,0,0
186,83.5999999999995,6,84.1037951668167,2.79392045454546,0,1.5537706264182e-16,2.5375,0,90
186,83.6999999999995,1,399.000000000002,0,0,15,0,0,0
186,83.6999999999995,2,146.748683528228,0,0,1.02857142857143,0,0,0
186,83.6999999999995,3,300.318327260351,2.79392045454546,0,1.5537706264182e-16,2.5375,0,90
186,83.6999999999995,4,299.466832272387,-0.363839044691101,0,14.9993899891142,0.135277324264869,0,0.516728320963432
186,83.6999999999995,5,364.293720491301,0,0,15,0,0,0
186,83.6999999999995,6,84.1037951668167,2.79392045454546,0,1.5537706264182e-16,2.5375,0,90
186,83.7999999999995,1,399.000000000002,0,0,15,0,0,0
186,83.7999999999995,2,146.748683528228,0,0,1.02857142857143,0,0,0
186,83.7999999999995,3,300.318327260351,2.79392045454546,0,1.5537706264182e-16,2.5375,0,90
186,83.7999999999995,4,299.466832272387,-0.363839044691101,0,14.9993899891142,0.135277324264869,0,0.516728320963432
186,83.7999999999995,5,364.293720491301,0,0,15,0,0,0
186,83.7999999999995,6,84.1037951668167,2.79392045454546,0,1.5537706264182e-16,2.5375,0,90
186,83.8999999999995,1,399.000000000002,0,0,15,0,0,0
186,83.8999999999995,2,146.748683528228,0,0,1.02857142857143,0,0,0
186,83.8999999999995,3,300.318327260351,2.79392045454546,0,1.5537706264182e-16,2.5375,0,90
186,83.8999999999995,4,299.466832272387,-0.363839044691101,0,14.9993899891142,0.135277324264869,0,0.516728320963432
186,83.8999999999995,5,364.293720491301,0,0,15,0,0,0
186,83.8999999999995,6,84.1037951668167,2.79392045454546,0,1.5537706264182e-16,2.5375,0,90
186,83.9999999999995,1,399.000000000002,0,0,15,0,0,0
186,83.9999999999995,2,146.748683528228,0,0,1.02857142857143,0,0,0
186,83.9999999999995,3,300.318327260351,2.79392045454546,0,1.5537706264182e-16,2.5375,0,90
186,83.9999999999995,4,299.466832272387,-0.363839044691101,0,14.9993899891142,0.135277324264869,0,0.516728320963432
186,83.9999999999995,5,364.293720491301,0,0,15,0,0,0
186,83.9999999999995,6,84.1037951668167,2.79392045454546,0,1.5537706264182e-16,2.5375,0,90
186,84.0999999999995,1,399.000000000002,0,0,15,0,0,0
186,84.0999999999995,2,146.748683528228,0,0,1.02857142857143,0,0,0
186,84.0999999999995,3,300.318327260351,2.79392045454546,0,1.5537706264182e-16,2.5375,0,90
186,84.0999999999995,4,299.466832272387,-0.363839044691101,0,14.9993899891142,0.135277324264869,0,0.516728320963432
186,84.0999999999995,5,364.293720491301,0,0,15,0,0,0
186,84.0999999999995,6,84.1037951668167,2.79392045454546,0,1.5537706264182e-16,2.5375,0,90
186,84.1999999999995,1,399.000000000002,0,0,15,0,0,0
186,84.1999999999995,2,146.748683528228,0,0,1.02857142857143,0,0,0
186,84.1999999999995,3,300.318327260351,2.79392045454546,0,1.5537706264182e-16,2.5375,0,90
186,84.1999999999995,4,299.466832272387,-0.363839044691101,0,14.9993899891142,0.135277324264869,0,0.516728320963432
186,84.1999999999995,5,364.293720491301,0,0,15,0,0,0
186,84.1999999999995,6,84.1037951668167,2.79392045454546,0,1.5537706264182e-16,2.5375,0,90
186,84.2999999999995,1,399.000000000002,0,0,15,0,0,0
186,84.2999999999995,2,146.748683528228,0,0,1.02857142857143,0,0,0
186,84.2999999999995,3,300.318327260351,2.79392045454546,0,1.5537706264182e-16,2.5375,0,90
186,84.2999999999995,4,299.466832272387,-0.363839044691101,0,14.9993899891142,0.135277324264869,0,0.516728320963432
186,84.2999999999995,5,364.293720491301,0,0,15,0,0,0
186,84.2999999999995,6,84.1037951668167,2.79392045454546,0,1.5537706264182e-16,2.5375,0,90
186,84.3999999999995,1,399.000000000002,0,0,15,0,0,0
186,84.3999999999995,2,146.748683528228,0,0,1.02857142857143,0,0,0
186,84.3999999999995,3,300.318327260351,2.79392045454546,0,1.5537706264182e-16,2.5375,0,90
186,84.3999999999995,4,299.466832272387,-0.363839044691101,0,14.9993899891142,0.135277324264869,0,0.516728320963432
186,84.3999999999995,5,364.293720491301,0,0,15,0,0,0
186,84.3999999999995,6,84.1037951668167,2.79392045454546,0,1.5537706264182e-16,2.5375,0,90
186,84.4999999999995,1,399.000000000002,0,0,15,0,0,0
186,84.4999999999995,2,146.748683528228,0,0,1.02857142857143,0,0,0
186,84.4999999999995,3,300.318327260351,2.79392045454546,0,1.5537706264182e-16,2.5375,0,90
186,84.4999999999995,4,299.466832272387,-0.363839044691101,0,14.9993899891142,0.135277324264869,0,0.516728320963432
186,84.4999999999995,5,364.293720491301,0,0,15,0,0,0
186,84.4999999999995,6,84.1037951668167,2.79392045454546,0,1.5537706264182e-16,2.5375,0,90
186,84.5999999999995,1,399.000000000002,0,0,15,0,0,0
186,84.5999999999995,2,146.748683528228,0,0,1.02857142857143,0,0,0
186,84.5999999999995,3,300.318327260351,2.79392045454546,0,1.5537706264182e-16,2.5375,0,90
186,84.5999999999995,4,299.466832272387,-0.363839044691101,0,14.9993899891142,0.135277324264869,0,0.516728320963432
186,84.5999999999995,5,364.293720491301,0,0,15,0,0,0
186,84.5999999999995,6,84.1037951668167,2.79392045454546,0,1.5537706264182e-16,2.5375,0,90
186,84.6999999999995,1,399.000000000002,0,0,15,0,0,0
186,84.6999999999995,2,146.748683528228,0,0,1.02857142857143,0,0,0
186,84.6999999999995,3,300.318327260351,2.79392045454546,0,1.5537706264182e-16,2.5375,0,90
186,84.6999999999995,4,299.466832272387,-0.363839044691101,0,14.9993899891142,0.135277324264869,0,0.516728320963432
186,84.6999999999995,5,364.293720491301,0,0,15,0,0,0
186,84.6999999999995,6,84.1037951668167,2.79392045454546,0,1.5537706264182e-16,2.5375,0,90
186,84.7999999999995,1,399.000000000002,0,0,15,0,0,0
186,84.7999999999995,2,146.748683528228,0,0,1.02857142857143,0,0,0
186,84.7999999999995,3,300.318327260351,2.79392045454546,0,1.5537706264182e-16,2.5375,0,90
186,84.7999999999995,4,299.466832272387,-0.363839044691101,0,14.9993899891142,0.135277324264869,0,0.516728320963432
186,84.7999999999995,5,364.293720491301,0,0,15,0,0,0
186,84.7999999999995,6,84.1037951668167,2.79392045454546,0,1.5537706264182e-16,2.5375,0,90
186,84.8999999999995,1,399.000000000002,0,0,15,0,0,0
186,84.8999999999995,2,146.748683528228,0,0,1.02857142857143,0,0,0
186,84.8999999999995,3,300.318327260351,2.79392045454546,0,1.5537706264182e-16,2.5375,0,90
186,84.8999999999995,4,299.466832272387,-0.363839044691101,0,14.9993899891142,0.135277324264869,0,0.516728320963432
186,84.8999999999995,5,364.293720491301,0,0,15,0,0,0
186,84.8999999999995,6,84.1037951668167,2.79392045454546,0,1.5537706264182e-16,2.5375,0,90
186,84.9999999999994,1,399.000000000002,0,0,15,0,0,0
186,84.9999999999994,2,146.748683528228,0,0,1.02857142857143,0,0,0
186,84.9999999999994,3,300.318327260351,2.79392045454546,0,1.5537706264182e-16,2.5375,0,90
186,84.9999999999994,4,299.466832272387,-0.363839044691101,0,14.9993899891142,0.135277324264869,0,0.516728320963432
186,84.9999999999994,5,364.293720491301,0,0,15,0,0,0
186,84.9999999999994,6,84.1037951668167,2.79392045454546,0,1.5537706264182e-16,2.5375,0,90
186,85.0999999999994,1,399.000000000002,0,0,15,0,0,0
186,85.0999999999994,2,146.748683528228,0,0,1.02857142857143,0,0,0
186,85.0999999999994,3,300.318327260351,2.79392045454546,0,1.5537706264182e-16,2.5375,0,90
186,85.0999999999994,4,299.466832272387,-0.363839044691101,0,14.9993899891142,0.135277324264869,0,0.516728320963432
186,85.0999999999994,5,364.293720491301,0,0,15,0,0,0
186,85.0999999999994,6,84.1037951668167,2.79392045454546,0,1.5537706264182e-16,2.5375,0,90
186,85.1999999999994,1,399.000000000002,0,0,15,0,0,0
186,85.1999999999994,2,146.748683528228,0,0,1.02857142857143,0,0,0
186,85.1999999999994,3,300.318327260351,2.79392045454546,0,1.5537706264182e-16,2.5375,0,90
186,85.1999999999994,4,299.466832272387,-0.363839044691101,0,14.9993899891142,0.135277324264869,0,0.516728320963432
186,85.1999999999994,5,364.293720491301,0,0,15,0,0,0
186,85.1999999999994,6,84.1037951668167,2.79392045454546,0,1.5537706264182e-16,2.5375,0,90
186,85.2999999999994,1,399.000000000002,0,0,15,0,0,0
186,85.2999999999994,2,146.748683528228,0,0,1.02857142857143,0,0,0
186,85.2999999999994,3,300.318327260351,2.79392045454546,0,1.5537706264182e-16,2.5375,0,90
186,85.2999999999994,4,299.466832272387,-0.363839044691101,0,14.9993899891142,0.135277324264869,0,0.516728320963432
186,85.2999999999994,5,364.293720491301,0,0,15,0,0,0
186,85.2999999999994,6,84.1037951668167,2.79392045454546,0,1.5537706264182e-16,2.5375,0,90
186,85.3999999999994,1,399.000000000002,0,0,15,0,0,0
186,85.3999999999994,2,146.748683528228,0,0,1.02857142857143,0,0,0
186,85.3999999999994,3,300.318327260351,2.79392045454546,0,1.5537706264182e-16,2.5375,0,90
186,85.3999999999994,4,299.466832272387,-0.363839044691101,0,14.9993899891142,0.135277324264869,0,0.516728320963432
186,85.3999999999994,5,364.293720491301,0,0,15,0,0,0
186,85.3999999999994,6,84.1037951668167,2.79392045454546,0,1.5537706264182e-16,2.5375,0,90
186,85.4999999999994,1,399.000000000002,0,0,15,0,0,0
186,85.4999999999994,2,146.748683528228,0,0,1.02857142857143,0,0,0
186,85.4999999999994,3,300.318327260351,2.79392045454546,0,1.5537706264182e-16,2.5375,0,90
186,85.4999999999994,4,299.466832272387,-0.363839044691101,0,14.9993899891142,0.135277324264869,0,0.516728320963432
186,85.4999999999994,5,364.293720491301,0,0,15,0,0,0
186,85.4999999999994,6,84.1037951668167,2.79392045454546,0,1.5537706264182e-16,2.5375,0,90
186,85.5999999999994,1,399.000000000002,0,0,15,0,0,0
186,85.5999999999994,2,146.748683528228,0,0,1.02857142857143,0,0,0
186,85.5999999999994,3,300.318327260351,2.79392045454546,0,1.5537706264182e-16,2.5375,0,90
186,85.5999999999994,4,299.466832272387,-0.363839044691101,0,14.9993899891142,0.135277324264869,0,0.516728320963432
186,85.5999999999994,5,364.293720491301,0,0,15,0,0,0
186,85.5999999999994,6,84.1037951668167,2.79392045454546,0,1.5537706264182e-16,2.5375,0,90
186,85.6999999999994,1,399.000000000002,0,0,15,0,0,0
186,85.6999999999994,2,146.748683528228,0,0,1.02857142857143,0,0,0
186,85.6999999999994,3,300.318327260351,2.79392045454546,0,1.5537706264182e-16,2.5375,0,90
186,85.6999999999994,4,299.466832272387,-0.363839044691101,0,14.9993899891142,0.135277324264869,0,0.516728320963432
186,85.6999999999994,5,364.293720491301,0,0,15,0,0,0
186,85.6999999999994,6,84.1037951668167,2.79392045454546,0,1.5537706264182e-16,2.5375,0,90
186,85.7999999999994,1,399.000000000002,0,0,15,0,0,0
186,85.7999999999994,2,146.748683528228,0,0,1.02857142857143,0,0,0
186,85.7999999999994,3,300.318327260351,2.79392045454546,0,1.5537706264182e-16,2.5375,0,90
186,85.7999999999994,4,299.466832272387,-0.363839044691101,0,14.9993899891142,0.135277324264869,0,0.516728320963432
186,85.7999999999994,5,364.293720491301,0,0,15,0,0,0
186,85.7999999999994,6,84.1037951668167,2.79392045454546,0,1.5537706264182e-16,2.5375,0,90
186,85.8999999999994,1,399.000000000002,0,0,15,0,0,0
186,85.8999999999994,2,146.748683528228,0,0,1.02857142857143,0,0,0
186,85.8999999999994,3,300.318327260351,2.79392045454546,0,1.5537706264182e-16,2.5375,0,90
186,85.8999999999994,4,299.466832272387,-0.363839044691101,0,14.9993899891142,0.135277324264869,0,0.516728320963432
186,85.8999999999994,5,364.293720491301,0,0,15,0,0,0
186,85.8999999999994,6,84.1037951668167,2.79392045454546,0,1.5537706264182e-16,2.5375,0,90
186,85.9999999999994,1,399.000000000002,0,0,15,0,0,0
186,85.9999999999994,2,146.748683528228,0,0,1.02857142857143,0,0,0
186,85.9999999999994,3,300.318327260351,2.79392045454546,0,1.5537706264182e-16,2.5375,0,90
186,85.9999999999994,4,299.466832272387,-0.363839044691101,0,14.9993899891142,0.135277324264869,0,0.516728320963432
186,85.9999999999994,5,364.293720491301,0,0,15,0,0,0
186,85.9999999999994,6,84.1037951668167,2.79392045454546,0,1.5537706264182e-16,2.5375,0,90
186,86.0999999999994,1,399.000000000002,0,0,15,0,0,0
186,86.0999999999994,2,146.748683528228,0,0,1.02857142857143,0,0,0
186,86.0999999999994,3,300.318327260351,2.79392045454546,0,1.5537706264182e-16,2.5375,0,90
186,86.0999999999994,4,299.466832272387,-0.363839044691101,0,14.9993899891142,0.135277324264869,0,0.516728320963432
186,86.0999999999994,5,364.293720491301,0,0,15,0,0,0
186,86.0999999999994,6,84.1037951668167,2.79392045454546,0,1.5537706264182e-16,2.5375,0,90
186,86.1999999999994,1,399.000000000002,0,0,15,0,0,0
186,86.1999999999994,2,146.748683528228,0,0,1.02857142857143,0,0,0
186,86.1999999999994,3,300.318327260351,2.79392045454546,0,1.5537706264182e-16,2.5375,0,90
186,86.1999999999994,4,299.466832272387,-0.363839044691101,0,14.9993899891142,0.135277324264869,0,0.516728320963432
186,86.1999999999994,5,364.293720491301,0,0,15,0,0,0
186,86.1999999999994,6,84.1037951668167,2.79392045454546,0,1.5537706264182e-16,2.5375,0,90
186,86.2999999999994,1,399.000000000002,0,0,15,0,0,0
186,86.2999999999994,2,146.748683528228,0,0,1.02857142857143,0,0,0
186,86.2999999999994,3,300.318327260351,2.79392045454546,0,1.5537706264182e-16,2.5375,0,90
186,86.2999999999994,4,299.466832272387,-0.363839044691101,0,14.9993899891142,0.135277324264869,0,0.516728320963432
186,86.2999999999994,5,364.293720491301,0,0,15,0,0,0
186,86.2999999999994,6,84.1037951668167,2.79392045454546,0,1.5537706264182e-16,2.5375,0,90
186,86.3999999999994,1,399.000000000002,0,0,15,0,0,0
186,86.3999999999994,2,146.748683528228,0,0,1.02857142857143,0,0,0
186,86.3999999999994,3,300.318327260351,2.79392045454546,0,1.5537706264182e-16,2.5375,0,90
186,86.3999999999994,4,299.466832272387,-0.363839044691101,0,14.9993899891142,0.135277324264869,0,0.516728320963432
186,86.3999999999994,5,364.293720491301,0,0,15,0,0,0
186,86.3999999999994,6,84.1037951668167,2.79392045454546,0,1.5537706264182e-16,2.5375,0,90
186,86.4999999999994,1,399.000000000002,0,0,15,0,0,0
186,86.4999999999994,2,146.748683528228,0,0,1.02857142857143,0,0,0
186,86.4999999999994,3,300.318327260351,2.79392045454546,0,1.5537706264182e-16,2.5375,0,90
186,86.4999999999994,4,299.466832272387,-0.363839044691101,0,14.9993899891142,0.135277324264869,0,0.516728320963432
186,86.4999999999994,5,364.293720491301,0,0,15,0,0,0
186,86.4999999999994,6,84.1037951668167,2.79392045454546,0,1.5537706264182e-16,2.5375,0,90
186,86.5999999999994,1,399.000000000002,0,0,15,0,0,0
186,86.5999999999994,2,146.748683528228,0,0,1.02857142857143,0,0,0
186,86.5999999999994,3,300.318327260351,2.79392045454546,0,1.5537706264182e-16,2.5375,0,90
186,86.5999999999994,4,299.466832272387,-0.363839044691101,0,14.9993899891142,0.135277324264869,0,0.516728320963432
186,86.5999999999994,5,364.293720491301,0,0,15,0,0,0
186,86.5999999999994,6,84.1037951668167,2.79392045454546,0,1.5537706264182e-16,2.5375,0,90
186,86.6999999999993,1,399.000000000002,0,0,15,0,0,0
186,86.6999999999993,2,146.748683528228,0,0,1.02857142857143,0,0,0
186,86.6999999999993,3,300.318327260351,2.79392045454546,0,1.5537706264182e-16,2.5375,0,90
186,86.6999999999993,4,299.466832272387,-0.363839044691101,0,14.9993899891142,0.135277324264869,0,0.516728320963432
186,86.6999999999993,5,364.293720491301,0,0,15,0,0,0
186,86.6999999999993,6,84.1037951668167,2.79392045454546,0,1.5537706264182e-16,2.5375,0,90
186,86.7999999999993,1,399.000000000002,0,0,15,0,0,0
186,86.7999999999993,2,146.748683528228,0,0,1.02857142857143,0,0,0
186,86.7999999999993,3,300.318327260351,2.79392045454546,0,1.5537706264182e-16,2.5375,0,90
186,86.7999999999993,4,299.466832272387,-0.363839044691101,0,14.9993899891142,0.135277324264869,0,0.516728320963432
186,86.7999999999993,5,364.293720491301,0,0,15,0,0,0
186,86.7999999999993,6,84.1037951668167,2.79392045454546,0,1.5537706264182e-16,2.5375,0,90
186,86.8999999999993,1,399.000000000002,0,0,15,0,0,0
186,86.8999999999993,2,146.748683528228,0,0,1.02857142857143,0,0,0
186,86.8999999999993,3,300.318327260351,2.79392045454546,0,1.5537706264182e-16,2.5375,0,90
186,86.8999999999993,4,299.466832272387,-0.363839044691101,0,14.9993899891142,0.135277324264869,0,0.516728320963432
186,86.8999999999993,5,364.293720491301,0,0,15,0,0,0
186,86.8999999999993,6,84.1037951668167,2.79392045454546,0,1.5537706264182e-16,2.5375,0,90
186,86.9999999999993,1,399.000000000002,0,0,15,0,0,0
186,86.9999999999993,2,146.748683528228,0,0,1.02857142857143,0,0,0
186,86.9999999999993,3,300.318327260351,2.79392045454546,0,1.5537706264182e-16,2.5375,0,90
186,86.9999999999993,4,299.466832272387,-0.363839044691101,0,14.9993899891142,0.135277324264869,0,0.516728320963432
186,86.9999999999993,5,364.293720491301,0,0,15,0,0,0
186,86.9999999999993,6,84.1037951668167,2.79392045454546,0,1.5537706264182e-16,2.5375,0,90
186,87.0999999999993,1,399.000000000002,0,0,15,0,0,0
186,87.0999999999993,2,146.748683528228,0,0,1.02857142857143,0,0,0
186,87.0999999999993,3,300.318327260351,2.79392045454546,0,1.5537706264182e-16,2.5375,0,90
186,87.0999999999993,4,299.466832272387,-0.363839044691101,0,14.9993899891142,0.135277324264869,0,0.516728320963432
186,87.0999999999993,5,364.293720491301,0,0,15,0,0,0
186,87.0999999999993,6,84.1037951668167,2.79392045454546,0,1.5537706264182e-16,2.5375,0,90
186,87.1999999999993,1,399.000000000002,0,0,15,0,0,0
186,87.1999999999993,2,146.748683528228,0,0,1.02857142857143,0,0,0
186,87.1999999999993,3,300.318327260351,2.79392045454546,0,1.5537706264182e-16,2.5375,0,90
186,87.1999999999993,4,299.466832272387,-0.363839044691101,0,14.9993899891142,0.135277324264869,0,0.516728320963432
186,87.1999999999993,5,364.293720491301,0,0,15,0,0,0
186,87.1999999999993,6,84.1037951668167,2.79392045454546,0,1.5537706264182e-16,2.5375,0,90
186,87.2999999999993,1,399.000000000002,0,0,15,0,0,0
186,87.2999999999993,2,146.748683528228,0,0,1.02857142857143,0,0,0
186,87.2999999999993,3,300.318327260351,2.79392045454546,0,1.5537706264182e-16,2.5375,0,90
186,87.2999999999993,4,299.466832272387,-0.363839044691101,0,14.9993899891142,0.135277324264869,0,0.516728320963432
186,87.2999999999993,5,364.293720491301,0,0,15,0,0,0
186,87.2999999999993,6,84.1037951668167,2.79392045454546,0,1.5537706264182e-16,2.5375,0,90
186,87.3999999999993,1,399.000000000002,0,0,15,0,0,0
186,87.3999999999993,2,146.748683528228,0,0,1.02857142857143,0,0,0
186,87.3999999999993,3,300.318327260351,2.79392045454546,0,1.5537706264182e-16,2.5375,0,90
186,87.3999999999993,4,299.466832272387,-0.363839044691101,0,14.9993899891142,0.135277324264869,0,0.516728320963432
186,87.3999999999993,5,364.293720491301,0,0,15,0,0,0
186,87.3999999999993,6,84.1037951668167,2.79392045454546,0,1.5537706264182e-16,2.5375,0,90
186,87.4999999999993,1,399.000000000002,0,0,15,0,0,0
186,87.4999999999993,2,146.748683528228,0,0,1.02857142857143,0,0,0
186,87.4999999999993,3,300.318327260351,2.79392045454546,0,1.5537706264182e-16,2.5375,0,90
186,87.4999999999993,4,299.466832272387,-0.363839044691101,0,14.9993899891142,0.135277324264869,0,0.516728320963432
186,87.4999999999993,5,364.293720491301,0,0,15,0,0,0
186,87.4999999999993,6,84.1037951668167,2.79392045454546,0,1.5537706264182e-16,2.5375,0,90
186,87.5999999999993,1,399.000000000002,0,0,15,0,0,0
186,87.5999999999993,2,146.748683528228,0,0,1.02857142857143,0,0,0
186,87.5999999999993,3,300.318327260351,2.79392045454546,0,1.5537706264182e-16,2.5375,0,90
186,87.5999999999993,4,299.466832272387,-0.363839044691101,0,14.9993899891142,0.135277324264869,0,0.516728320963432
186,87.5999999999993,5,364.293720491301,0,0,15,0,0,0
186,87.5999999999993,6,84.1037951668167,2.79392045454546,0,1.5537706264182e-16,2.5375,0,90
186,87.6999999999993,1,399.000000000002,0,0,15,0,0,0
186,87.6999999999993,2,146.748683528228,0,0,1.02857142857143,0,0,0
186,87.6999999999993,3,300.318327260351,2.79392045454546,0,1.5537706264182e-16,2.5375,0,90
186,87.6999999999993,4,299.466832272387,-0.363839044691101,0,14.9993899891142,0.135277324264869,0,0.516728320963432
186,87.6999999999993,5,364.293720491301,0,0,15,0,0,0
186,87.6999999999993,6,84.1037951668167,2.79392045454546,0,1.5537706264182e-16,2.5375,0,90
186,87.7999999999993,1,399.000000000002,0,0,15,0,0,0
186,87.7999999999993,2,146.748683528228,0,0,1.02857142857143,0,0,0
186,87.7999999999993,3,300.318327260351,2.79392045454546,0,1.5537706264182e-16,2.5375,0,90
186,87.7999999999993,4,299.466832272387,-0.363839044691101,0,14.9993899891142,0.135277324264869,0,0.516728320963432
186,87.7999999999993,5,364.293720491301,0,0,15,0,0,0
186,87.7999999999993,6,84.1037951668167,2.79392045454546,0,1.5537706264182e-16,2.5375,0,90
186,87.8999999999993,1,399.000000000002,0,0,15,0,0,0
186,87.8999999999993,2,146.748683528228,0,0,1.02857142857143,0,0,0
186,87.8999999999993,3,300.318327260351,2.79392045454546,0,1.5537706264182e-16,2.5375,0,90
186,87.8999999999993,4,299.466832272387,-0.363839044691101,0,14.9993899891142,0.135277324264869,0,0.516728320963432
186,87.8999999999993,5,364.293720491301,0,0,15,0,0,0
186,87.8999999999993,6,84.1037951668167,2.79392045454546,0,1.5537706264182e-16,2.5375,0,90
186,87.9999999999993,1,399.000000000002,0,0,15,0,0,0
186,87.9999999999993,2,146.748683528228,0,0,1.02857142857143,0,0,0
186,87.9999999999993,3,300.318327260351,2.79392045454546,0,1.5537706264182e-16,2.5375,0,90
186,87.9999999999993,4,299.466832272387,-0.363839044691101,0,14.9993899891142,0.135277324264869,0,0.516728320963432
186,87.9999999999993,5,364.293720491301,0,0,15,0,0,0
186,87.9999999999993,6,84.1037951668167,2.79392045454546,0,1.5537706264182e-16,2.5375,0,90
186,88.0999999999993,1,399.000000000002,0,0,15,0,0,0
186,88.0999999999993,2,146.748683528228,0,0,1.02857142857143,0,0,0
186,88.0999999999993,3,300.318327260351,2.79392045454546,0,1.5537706264182e-16,2.5375,0,90
186,88.0999999999993,4,299.466832272387,-0.363839044691101,0,14.9993899891142,0.135277324264869,0,0.516728320963432
186,88.0999999999993,5,364.293720491301,0,0,15,0,0,0
186,88.0999999999993,6,84.1037951668167,2.79392045454546,0,1.5537706264182e-16,2.5375,0,90
186,88.1999999999993,1,399.000000000002,0,0,15,0,0,0
186,88.1999999999993,2,146.748683528228,0,0,1.02857142857143,0,0,0
186,88.1999999999993,3,300.318327260351,2.79392045454546,0,1.5537706264182e-16,2.5375,0,90
186,88.1999999999993,4,299.466832272387,-0.363839044691101,0,14.9993899891142,0.135277324264869,0,0.516728320963432
186,88.1999999999993,5,364.293720491301,0,0,15,0,0,0
186,88.1999999999993,6,84.1037951668167,2.79392045454546,0,1.5537706264182e-16,2.5375,0,90
186,88.2999999999993,1,399.000000000002,0,0,15,0,0,0
186,88.2999999999993,2,146.748683528228,0,0,1.02857142857143,0,0,0
186,88.2999999999993,3,300.318327260351,2.79392045454546,0,1.5537706264182e-16,2.5375,0,90
186,88.2999999999993,4,299.466832272387,-0.363839044691101,0,14.9993899891142,0.135277324264869,0,0.516728320963432
186,88.2999999999993,5,364.293720491301,0,0,15,0,0,0
186,88.2999999999993,6,84.1037951668167,2.79392045454546,0,1.5537706264182e-16,2.5375,0,90
186,88.3999999999993,1,399.000000000002,0,0,15,0,0,0
186,88.3999999999993,2,146.748683528228,0,0,1.02857142857143,0,0,0
186,88.3999999999993,3,300.318327260351,2.79392045454546,0,1.5537706264182e-16,2.5375,0,90
186,88.3999999999993,4,299.466832272387,-0.363839044691101,0,14.9993899891142,0.135277324264869,0,0.516728320963432
186,88.3999999999993,5,364.293720491301,0,0,15,0,0,0
186,88.3999999999993,6,84.1037951668167,2.79392045454546,0,1.5537706264182e-16,2.5375,0,90
186,88.4999999999992,1,399.000000000002,0,0,15,0,0,0
186,88.4999999999992,2,146.748683528228,0,0,1.02857142857143,0,0,0
186,88.4999999999992,3,300.318327260351,2.79392045454546,0,1.5537706264182e-16,2.5375,0,90
186,88.4999999999992,4,299.466832272387,-0.363839044691101,0,14.9993899891142,0.135277324264869,0,0.516728320963432
186,88.4999999999992,5,364.293720491301,0,0,15,0,0,0
186,88.4999999999992,6,84.1037951668167,2.79392045454546,0,1.5537706264182e-16,2.5375,0,90
186,88.5999999999992,1,399.000000000002,0,0,15,0,0,0
186,88.5999999999992,2,146.748683528228,0,0,1.02857142857143,0,0,0
186,88.5999999999992,3,300.318327260351,2.79392045454546,0,1.5537706264182e-16,2.5375,0,90
186,88.5999999999992,4,299.466832272387,-0.363839044691101,0,14.9993899891142,0.135277324264869,0,0.516728320963432
186,88.5999999999992,5,364.293720491301,0,0,15,0,0,0
186,88.5999999999992,6,84.1037951668167,2.79392045454546,0,1.5537706264182e-16,2.5375,0,90
186,88.6999999999992,1,399.000000000002,0,0,15,0,0,0
186,88.6999999999992,2,146.748683528228,0,0,1.02857142857143,0,0,0
186,88.6999999999992,3,300.318327260351,2.79392045454546,0,1.5537706264182e-16,2.5375,0,90
186,88.6999999999992,4,299.466832272387,-0.363839044691101,0,14.9993899891142,0.135277324264869,0,0.516728320963432
186,88.6999999999992,5,364.293720491301,0,0,15,0,0,0
186,88.6999999999992,6,84.1037951668167,2.79392045454546,0,1.5537706264182e-16,2.5375,0,90
186,88.7999999999992,1,399.000000000002,0,0,15,0,0,0
186,88.7999999999992,2,146.748683528228,0,0,1.02857142857143,0,0,0
186,88.7999999999992,3,300.318327260351,2.79392045454546,0,1.5537706264182e-16,2.5375,0,90
186,88.7999999999992,4,299.466832272387,-0.363839044691101,0,14.9993899891142,0.135277324264869,0,0.516728320963432
186,88.7999999999992,5,364.293720491301,0,0,15,0,0,0
186,88.7999999999992,6,84.1037951668167,2.79392045454546,0,1.5537706264182e-16,2.5375,0,90
186,88.8999999999992,1,399.000000000002,0,0,15,0,0,0
186,88.8999999999992,2,146.748683528228,0,0,1.02857142857143,0,0,0
186,88.8999999999992,3,300.318327260351,2.79392045454546,0,1.5537706264182e-16,2.5375,0,90
186,88.8999999999992,4,299.466832272387,-0.363839044691101,0,14.9993899891142,0.135277324264869,0,0.516728320963432
186,88.8999999999992,5,364.293720491301,0,0,15,0,0,0
186,88.8999999999992,6,84.1037951668167,2.79392045454546,0,1.5537706264182e-16,2.5375,0,90
186,88.9999999999992,1,399.000000000002,0,0,15,0,0,0
186,88.9999999999992,2,146.748683528228,0,0,1.02857142857143,0,0,0
186,88.9999999999992,3,300.318327260351,2.79392045454546,0,1.5537706264182e-16,2.5375,0,90
186,88.9999999999992,4,299.466832272387,-0.363839044691101,0,14.9993899891142,0.135277324264869,0,0.516728320963432
186,88.9999999999992,5,364.293720491301,0,0,15,0,0,0
186,88.9999999999992,6,84.1037951668167,2.79392045454546,0,1.5537706264182e-16,2.5375,0,90
186,89.0999999999992,1,399.000000000002,0,0,15,0,0,0
186,89.0999999999992,2,146.748683528228,0,0,1.02857142857143,0,0,0
186,89.0999999999992,3,300.318327260351,2.79392045454546,0,1.5537706264182e-16,2.5375,0,90
186,89.0999999999992,4,299.466832272387,-0.363839044691101,0,14.9993899891142,0.135277324264869,0,0.516728320963432
186,89.0999999999992,5,364.293720491301,0,0,15,0,0,0
186,89.0999999999992,6,84.1037951668167,2.79392045454546,0,1.5537706264182e-16,2.5375,0,90
186,89.1999999999992,1,399.000000000002,0,0,15,0,0,0
186,89.1999999999992,2,146.748683528228,0,0,1.02857142857143,0,0,0
186,89.1999999999992,3,300.318327260351,2.79392045454546,0,1.5537706264182e-16,2.5375,0,90
186,89.1999999999992,4,299.466832272387,-0.363839044691101,0,14.9993899891142,0.135277324264869,0,0.516728320963432
186,89.1999999999992,5,364.293720491301,0,0,15,0,0,0
186,89.1999999999992,6,84.1037951668167,2.79392045454546,0,1.5537706264182e-16,2.5375,0,90
186,89.2999999999992,1,399.000000000002,0,0,15,0,0,0
186,89.2999999999992,2,146.748683528228,0,0,1.02857142857143,0,0,0
186,89.2999999999992,3,300.318327260351,2.79392045454546,0,1.5537706264182e-16,2.5375,0,90
186,89.2999999999992,4,299.466832272387,-0.363839044691101,0,14.9993899891142,0.135277324264869,0,0.516728320963432
186,89.2999999999992,5,364.293720491301,0,0,15,0,0,0
186,89.2999999999992,6,84.1037951668167,2.79392045454546,0,1.5537706264182e-16,2.5375,0,90
186,89.3999999999992,1,399.000000000002,0,0,15,0,0,0
186,89.3999999999992,2,146.748683528228,0,0,1.02857142857143,0,0,0
186,89.3999999999992,3,300.318327260351,2.79392045454546,0,1.5537706264182e-16,2.5375,0,90
186,89.3999999999992,4,299.466832272387,-0.363839044691101,0,14.9993899891142,0.135277324264869,0,0.516728320963432
186,89.3999999999992,5,364.293720491301,0,0,15,0,0,0
186,89.3999999999992,6,84.1037951668167,2.79392045454546,0,1.5537706264182e-16,2.5375,0,90
186,89.4999999999992,1,399.000000000002,0,0,15,0,0,0
186,89.4999999999992,2,146.748683528228,0,0,1.02857142857143,0,0,0
186,89.4999999999992,3,300.318327260351,2.79392045454546,0,1.5537706264182e-16,2.5375,0,90
186,89.4999999999992,4,299.466832272387,-0.363839044691101,0,14.9993899891142,0.135277324264869,0,0.516728320963432
186,89.4999999999992,5,364.293720491301,0,0,15,0,0,0
186,89.4999999999992,6,84.1037951668167,2.79392045454546,0,1.5537706264182e-16,2.5375,0,90
186,89.5999999999992,1,399.000000000002,0,0,15,0,0,0
186,89.5999999999992,2,146.748683528228,0,0,1.02857142857143,0,0,0
186,89.5999999999992,3,300.318327260351,2.79392045454546,0,1.5537706264182e-16,2.5375,0,90
186,89.5999999999992,4,299.466832272387,-0.363839044691101,0,14.9993899891142,0.135277324264869,0,0.516728320963432
186,89.5999999999992,5,364.293720491301,0,0,15,0,0,0
186,89.5999999999992,6,84.1037951668167,2.79392045454546,0,1.5537706264182e-16,2.5375,0,90
186,89.6999999999992,1,399.000000000002,0,0,15,0,0,0
186,89.6999999999992,2,146.748683528228,0,0,1.02857142857143,0,0,0
186,89.6999999999992,3,300.318327260351,2.79392045454546,0,1.5537706264182e-16,2.5375,0,90
186,89.6999999999992,4,299.466832272387,-0.363839044691101,0,14.9993899891142,0.135277324264869,0,0.516728320963432
186,89.6999999999992,5,364.293720491301,0,0,15,0,0,0
186,89.6999999999992,6,84.1037951668167,2.79392045454546,0,1.5537706264182e-16,2.5375,0,90
186,89.7999999999992,1,399.000000000002,0,0,15,0,0,0
186,89.7999999999992,2,146.748683528228,0,0,1.02857142857143,0,0,0
186,89.7999999999992,3,300.318327260351,2.79392045454546,0,1.5537706264182e-16,2.5375,0,90
186,89.7999999999992,4,299.466832272387,-0.363839044691101,0,14.9993899891142,0.135277324264869,0,0.516728320963432
186,89.7999999999992,5,364.293720491301,0,0,15,0,0,0
186,89.7999999999992,6,84.1037951668167,2.79392045454546,0,1.5537706264182e-16,2.5375,0,90
186,89.8999999999992,1,399.000000000002,0,0,15,0,0,0
186,89.8999999999992,2,146.748683528228,0,0,1.02857142857143,0,0,0
186,89.8999999999992,3,300.318327260351,2.79392045454546,0,1.5537706264182e-16,2.5375,0,90
186,89.8999999999992,4,299.466832272387,-0.363839044691101,0,14.9993899891142,0.135277324264869,0,0.516728320963432
186,89.8999999999992,5,364.293720491301,0,0,15,0,0,0
186,89.8999999999992,6,84.1037951668167,2.79392045454546,0,1.5537706264182e-16,2.5375,0,90
186,89.9999999999992,1,399.000000000002,0,0,15,0,0,0
186,89.9999999999992,2,146.748683528228,0,0,1.02857142857143,0,0,0
186,89.9999999999992,3,300.318327260351,2.79392045454546,0,1.5537706264182e-16,2.5375,0,90
186,89.9999999999992,4,299.466832272387,-0.363839044691101,0,14.9993899891142,0.135277324264869,0,0.516728320963432
186,89.9999999999992,5,364.293720491301,0,0,15,0,0,0
186,89.9999999999992,6,84.1037951668167,2.79392045454546,0,1.5537706264182e-16,2.5375,0,90
186,90.0999999999992,1,399.000000000002,0,0,15,0,0,0
186,90.0999999999992,2,146.748683528228,0,0,1.02857142857143,0,0,0
186,90.0999999999992,3,300.318327260351,2.79392045454546,0,1.5537706264182e-16,2.5375,0,90
186,90.0999999999992,4,299.466832272387,-0.363839044691101,0,14.9993899891142,0.135277324264869,0,0.516728320963432
186,90.0999999999992,5,364.293720491301,0,0,15,0,0,0
186,90.0999999999992,6,84.1037951668167,2.79392045454546,0,1.5537706264182e-16,2.5375,0,90
186,90.1999999999992,1,399.000000000002,0,0,15,0,0,0
186,90.1999999999992,2,146.748683528228,0,0,1.02857142857143,0,0,0
186,90.1999999999992,3,300.318327260351,2.79392045454546,0,1.5537706264182e-16,2.5375,0,90
186,90.1999999999992,4,299.466832272387,-0.363839044691101,0,14.9993899891142,0.135277324264869,0,0.516728320963432
186,90.1999999999992,5,364.293720491301,0,0,15,0,0,0
186,90.1999999999992,6,84.1037951668167,2.79392045454546,0,1.5537706264182e-16,2.5375,0,90
186,90.2999999999991,1,399.000000000002,0,0,15,0,0,0
186,90.2999999999991,2,146.748683528228,0,0,1.02857142857143,0,0,0
186,90.2999999999991,3,300.318327260351,2.79392045454546,0,1.5537706264182e-16,2.5375,0,90
186,90.2999999999991,4,299.466832272387,-0.363839044691101,0,14.9993899891142,0.135277324264869,0,0.516728320963432
186,90.2999999999991,5,364.293720491301,0,0,15,0,0,0
186,90.2999999999991,6,84.1037951668167,2.79392045454546,0,1.5537706264182e-16,2.5375,0,90
186,90.3999999999991,1,399.000000000002,0,0,15,0,0,0
186,90.3999999999991,2,146.748683528228,0,0,1.02857142857143,0,0,0
186,90.3999999999991,3,300.318327260351,2.79392045454546,0,1.5537706264182e-16,2.5375,0,90
186,90.3999999999991,4,299.466832272387,-0.363839044691101,0,14.9993899891142,0.135277324264869,0,0.516728320963432
186,90.3999999999991,5,364.293720491301,0,0,15,0,0,0
186,90.3999999999991,6,84.1037951668167,2.79392045454546,0,1.5537706264182e-16,2.5375,0,90
186,90.4999999999991,1,399.000000000002,0,0,15,0,0,0
186,90.4999999999991,2,146.748683528228,0,0,1.02857142857143,0,0,0
186,90.4999999999991,3,300.318327260351,2.79392045454546,0,1.5537706264182e-16,2.5375,0,90
186,90.4999999999991,4,299.466832272387,-0.363839044691101,0,14.9993899891142,0.135277324264869,0,0.516728320963432
186,90.4999999999991,5,364.293720491301,0,0,15,0,0,0
186,90.4999999999991,6,84.1037951668167,2.79392045454546,0,1.5537706264182e-16,2.5375,0,90
186,90.5999999999991,1,399.000000000002,0,0,15,0,0,0
186,90.5999999999991,2,146.748683528228,0,0,1.02857142857143,0,0,0
186,90.5999999999991,3,300.318327260351,2.79392045454546,0,1.5537706264182e-16,2.5375,0,90
186,90.5999999999991,4,299.466832272387,-0.363839044691101,0,14.9993899891142,0.135277324264869,0,0.516728320963432
186,90.5999999999991,5,364.293720491301,0,0,15,0,0,0
186,90.5999999999991,6,84.1037951668167,2.79392045454546,0,1.5537706264182e-16,2.5375,0,90
186,90.6999999999991,1,399.000000000002,0,0,15,0,0,0
186,90.6999999999991,2,146.748683528228,0,0,1.02857142857143,0,0,0
186,90.6999999999991,3,300.318327260351,2.79392045454546,0,1.5537706264182e-16,2.5375,0,90
186,90.6999999999991,4,299.466832272387,-0.363839044691101,0,14.9993899891142,0.135277324264869,0,0.516728320963432
186,90.6999999999991,5,364.293720491301,0,0,15,0,0,0
186,90.6999999999991,6,84.1037951668167,2.79392045454546,0,1.5537706264182e-16,2.5375,0,90
186,90.7999999999991,1,399.000000000002,0,0,15,0,0,0
186,90.7999999999991,2,146.748683528228,0,0,1.02857142857143,0,0,0
186,90.7999999999991,3,300.318327260351,2.79392045454546,0,1.5537706264182e-16,2.5375,0,90
186,90.7999999999991,4,299.466832272387,-0.363839044691101,0,14.9993899891142,0.135277324264869,0,0.516728320963432
186,90.7999999999991,5,364.293720491301,0,0,15,0,0,0
186,90.7999999999991,6,84.1037951668167,2.79392045454546,0,1.5537706264182e-16,2.5375,0,90
186,90.8999999999991,1,399.000000000002,0,0,15,0,0,0
186,90.8999999999991,2,146.748683528228,0,0,1.02857142857143,0,0,0
186,90.8999999999991,3,300.318327260351,2.79392045454546,0,1.5537706264182e-16,2.5375,0,90
186,90.8999999999991,4,299.466832272387,-0.363839044691101,0,14.9993899891142,0.135277324264869,0,0.516728320963432
186,90.8999999999991,5,364.293720491301,0,0,15,0,0,0
186,90.8999999999991,6,84.1037951668167,2.79392045454546,0,1.5537706264182e-16,2.5375,0,90
186,90.9999999999991,1,399.000000000002,0,0,15,0,0,0
186,90.9999999999991,2,146.748683528228,0,0,1.02857142857143,0,0,0
186,90.9999999999991,3,300.318327260351,2.79392045454546,0,1.5537706264182e-16,2.5375,0,90
186,90.9999999999991,4,299.466832272387,-0.363839044691101,0,14.9993899891142,0.135277324264869,0,0.516728320963432
186,90.9999999999991,5,364.293720491301,0,0,15,0,0,0
186,90.9999999999991,6,84.1037951668167,2.79392045454546,0,1.5537706264182e-16,2.5375,0,90
186,91.0999999999991,1,399.000000000002,0,0,15,0,0,0
186,91.0999999999991,2,146.748683528228,0,0,1.02857142857143,0,0,0
186,91.0999999999991,3,300.318327260351,2.79392045454546,0,1.5537706264182e-16,2.5375,0,90
186,91.0999999999991,4,299.466832272387,-0.363839044691101,0,14.9993899891142,0.135277324264869,0,0.516728320963432
186,91.0999999999991,5,364.293720491301,0,0,15,0,0,0
186,91.0999999999991,6,84.1037951668167,2.79392045454546,0,1.5537706264182e-16,2.5375,0,90
186,91.1999999999991,1,399.000000000002,0,0,15,0,0,0
186,91.1999999999991,2,146.748683528228,0,0,1.02857142857143,0,0,0
186,91.1999999999991,3,300.318327260351,2.79392045454546,0,1.5537706264182e-16,2.5375,0,90
186,91.1999999999991,4,299.466832272387,-0.363839044691101,0,14.9993899891142,0.135277324264869,0,0.516728320963432
186,91.1999999999991,5,364.293720491301,0,0,15,0,0,0
186,91.1999999999991,6,84.1037951668167,2.79392045454546,0,1.5537706264182e-16,2.5375,0,90
186,91.2999999999991,1,399.000000000002,0,0,15,0,0,0
186,91.2999999999991,2,146.748683528228,0,0,1.02857142857143,0,0,0
186,91.2999999999991,3,300.318327260351,2.79392045454546,0,1.5537706264182e-16,2.5375,0,90
186,91.2999999999991,4,299.466832272387,-0.363839044691101,0,14.9993899891142,0.135277324264869,0,0.516728320963432
186,91.2999999999991,5,364.293720491301,0,0,15,0,0,0
186,91.2999999999991,6,84.1037951668167,2.79392045454546,0,1.5537706264182e-16,2.5375,0,90
186,91.3999999999991,1,399.000000000002,0,0,15,0,0,0
186,91.3999999999991,2,146.748683528228,0,0,1.02857142857143,0,0,0
186,91.3999999999991,3,300.318327260351,2.79392045454546,0,1.5537706264182e-16,2.5375,0,90
186,91.3999999999991,4,299.466832272387,-0.363839044691101,0,14.9993899891142,0.135277324264869,0,0.516728320963432
186,91.3999999999991,5,364.293720491301,0,0,15,0,0,0
186,91.3999999999991,6,84.1037951668167,2.79392045454546,0,1.5537706264182e-16,2.5375,0,90
186,91.4999999999991,1,399.000000000002,0,0,15,0,0,0
186,91.4999999999991,2,146.748683528228,0,0,1.02857142857143,0,0,0
186,91.4999999999991,3,300.318327260351,2.79392045454546,0,1.5537706264182e-16,2.5375,0,90
186,91.4999999999991,4,299.466832272387,-0.363839044691101,0,14.9993899891142,0.135277324264869,0,0.516728320963432
186,91.4999999999991,5,364.293720491301,0,0,15,0,0,0
186,91.4999999999991,6,84.1037951668167,2.79392045454546,0,1.5537706264182e-16,2.5375,0,90
186,91.5999999999991,1,399.000000000002,0,0,15,0,0,0
186,91.5999999999991,2,146.748683528228,0,0,1.02857142857143,0,0,0
186,91.5999999999991,3,300.318327260351,2.79392045454546,0,1.5537706264182e-16,2.5375,0,90
186,91.5999999999991,4,299.466832272387,-0.363839044691101,0,14.9993899891142,0.135277324264869,0,0.516728320963432
186,91.5999999999991,5,364.293720491301,0,0,15,0,0,0
186,91.5999999999991,6,84.1037951668167,2.79392045454546,0,1.5537706264182e-16,2.5375,0,90
186,91.6999999999991,1,399.000000000002,0,0,15,0,0,0
186,91.6999999999991,2,146.748683528228,0,0,1.02857142857143,0,0,0
186,91.6999999999991,3,300.318327260351,2.79392045454546,0,1.5537706264182e-16,2.5375,0,90
186,91.6999999999991,4,299.466832272387,-0.363839044691101,0,14.9993899891142,0.135277324264869,0,0.516728320963432
186,91.6999999999991,5,364.293720491301,0,0,15,0,0,0
186,91.6999999999991,6,84.1037951668167,2.79392045454546,0,1.5537706264182e-16,2.5375,0,90
186,91.7999999999991,1,399.000000000002,0,0,15,0,0,0
186,91.7999999999991,2,146.748683528228,0,0,1.02857142857143,0,0,0
186,91.7999999999991,3,300.318327260351,2.79392045454546,0,1.5537706264182e-16,2.5375,0,90
186,91.7999999999991,4,299.466832272387,-0.363839044691101,0,14.9993899891142,0.135277324264869,0,0.516728320963432
186,91.7999999999991,5,364.293720491301,0,0,15,0,0,0
186,91.7999999999991,6,84.1037951668167,2.79392045454546,0,1.5537706264182e-16,2.5375,0,90
186,91.8999999999991,1,399.000000000002,0,0,15,0,0,0
186,91.8999999999991,2,146.748683528228,0,0,1.02857142857143,0,0,0
186,91.8999999999991,3,300.318327260351,2.79392045454546,0,1.5537706264182e-16,2.5375,0,90
186,91.8999999999991,4,299.466832272387,-0.363839044691101,0,14.9993899891142,0.135277324264869,0,0.516728320963432
186,91.8999999999991,5,364.293720491301,0,0,15,0,0,0
186,91.8999999999991,6,84.1037951668167,2.79392045454546,0,1.5537706264182e-16,2.5375,0,90
186,91.999999999999,1,399.000000000002,0,0,15,0,0,0
186,91.999999999999,2,146.748683528228,0,0,1.02857142857143,0,0,0
186,91.999999999999,3,300.318327260351,2.79392045454546,0,1.5537706264182e-16,2.5375,0,90
186,91.999999999999,4,299.466832272387,-0.363839044691101,0,14.9993899891142,0.135277324264869,0,0.516728320963432
186,91.999999999999,5,364.293720491301,0,0,15,0,0,0
186,91.999999999999,6,84.1037951668167,2.79392045454546,0,1.5537706264182e-16,2.5375,0,90
186,92.099999999999,1,399.000000000002,0,0,15,0,0,0
186,92.099999999999,2,146.748683528228,0,0,1.02857142857143,0,0,0
186,92.099999999999,3,300.318327260351,2.79392045454546,0,1.5537706264182e-16,2.5375,0,90
186,92.099999999999,4,299.466832272387,-0.363839044691101,0,14.9993899891142,0.135277324264869,0,0.516728320963432
186,92.099999999999,5,364.293720491301,0,0,15,0,0,0
186,92.099999999999,6,84.1037951668167,2.79392045454546,0,1.5537706264182e-16,2.5375,0,90
186,92.199999999999,1,399.000000000002,0,0,15,0,0,0
186,92.199999999999,2,146.748683528228,0,0,1.02857142857143,0,0,0
186,92.199999999999,3,300.318327260351,2.79392045454546,0,1.5537706264182e-16,2.5375,0,90
186,92.199999999999,4,299.466832272387,-0.363839044691101,0,14.9993899891142,0.135277324264869,0,0.516728320963432
186,92.199999999999,5,364.293720491301,0,0,15,0,0,0
186,92.199999999999,6,84.1037951668167,2.79392045454546,0,1.5537706264182e-16,2.5375,0,90
186,92.299999999999,1,399.000000000002,0,0,15,0,0,0
186,92.299999999999,2,146.748683528228,0,0,1.02857142857143,0,0,0
186,92.299999999999,3,300.318327260351,2.79392045454546,0,1.5537706264182e-16,2.5375,0,90
186,92.299999999999,4,299.466832272387,-0.363839044691101,0,14.9993899891142,0.135277324264869,0,0.516728320963432
186,92.299999999999,5,364.293720491301,0,0,15,0,0,0
186,92.299999999999,6,84.1037951668167,2.79392045454546,0,1.5537706264182e-16,2.5375,0,90
186,92.399999999999,1,399.000000000002,0,0,15,0,0,0
186,92.399999999999,2,146.748683528228,0,0,1.02857142857143,0,0,0
186,92.399999999999,3,300.318327260351,2.79392045454546,0,1.5537706264182e-16,2.5375,0,90
186,92.399999999999,4,299.466832272387,-0.363839044691101,0,14.9993899891142,0.135277324264869,0,0.516728320963432
186,92.399999999999,5,364.293720491301,0,0,15,0,0,0
186,92.399999999999,6,84.1037951668167,2.79392045454546,0,1.5537706264182e-16,2.5375,0,90
186,92.499999999999,1,399.000000000002,0,0,15,0,0,0
186,92.499999999999,2,146.748683528228,0,0,1.02857142857143,0,0,0
186,92.499999999999,3,300.318327260351,2.79392045454546,0,1.5537706264182e-16,2.5375,0,90
186,92.499999999999,4,299.466832272387,-0.363839044691101,0,14.9993899891142,0.135277324264869,0,0.516728320963432
186,92.499999999999,5,364.293720491301,0,0,15,0,0,0
186,92.499999999999,6,84.1037951668167,2.79392045454546,0,1.5537706264182e-16,2.5375,0,90
186,92.599999999999,1,399.000000000002,0,0,15,0,0,0
186,92.599999999999,2,146.748683528228,0,0,1.02857142857143,0,0,0
186,92.599999999999,3,300.318327260351,2.79392045454546,0,1.5537706264182e-16,2.5375,0,90
186,92.599999999999,4,299.466832272387,-0.363839044691101,0,14.9993899891142,0.135277324264869,0,0.516728320963432
186,92.599999999999,5,364.293720491301,0,0,15,0,0,0
186,92.599999999999,6,84.1037951668167,2.79392045454546,0,1.5537706264182e-16,2.5375,0,90
186,92.699999999999,1,399.000000000002,0,0,15,0,0,0
186,92.699999999999,2,146.748683528228,0,0,1.02857142857143,0,0,0
186,92.699999999999,3,300.318327260351,2.79392045454546,0,1.5537706264182e-16,2.5375,0,90
186,92.699999999999,4,299.466832272387,-0.363839044691101,0,14.9993899891142,0.135277324264869,0,0.516728320963432
186,92.699999999999,5,364.293720491301,0,0,15,0,0,0
186,92.699999999999,6,84.1037951668167,2.79392045454546,0,1.5537706264182e-16,2.5375,0,90
186,92.799999999999,1,399.000000000002,0,0,15,0,0,0
186,92.799999999999,2,146.748683528228,0,0,1.02857142857143,0,0,0
186,92.799999999999,3,300.318327260351,2.79392045454546,0,1.5537706264182e-16,2.5375,0,90
186,92.799999999999,4,299.466832272387,-0.363839044691101,0,14.9993899891142,0.135277324264869,0,0.516728320963432
186,92.799999999999,5,364.293720491301,0,0,15,0,0,0
186,92.799999999999,6,84.1037951668167,2.79392045454546,0,1.5537706264182e-16,2.5375,0,90
186,92.899999999999,1,399.000000000002,0,0,15,0,0,0
186,92.899999999999,2,146.748683528228,0,0,1.02857142857143,0,0,0
186,92.899999999999,3,300.318327260351,2.79392045454546,0,1.5537706264182e-16,2.5375,0,90
186,92.899999999999,4,299.466832272387,-0.363839044691101,0,14.9993899891142,0.135277324264869,0,0.516728320963432
186,92.899999999999,5,364.293720491301,0,0,15,0,0,0
186,92.899999999999,6,84.1037951668167,2.79392045454546,0,1.5537706264182e-16,2.5375,0,90
186,92.999999999999,1,399.000000000002,0,0,15,0,0,0
186,92.999999999999,2,146.748683528228,0,0,1.02857142857143,0,0,0
186,92.999999999999,3,300.318327260351,2.79392045454546,0,1.5537706264182e-16,2.5375,0,90
186,92.999999999999,4,299.466832272387,-0.363839044691101,0,14.9993899891142,0.135277324264869,0,0.516728320963432
186,92.999999999999,5,364.293720491301,0,0,15,0,0,0
186,92.999999999999,6,84.1037951668167,2.79392045454546,0,1.5537706264182e-16,2.5375,0,90
186,93.099999999999,1,399.000000000002,0,0,15,0,0,0
186,93.099999999999,2,146.748683528228,0,0,1.02857142857143,0,0,0
186,93.099999999999,3,300.318327260351,2.79392045454546,0,1.5537706264182e-16,2.5375,0,90
186,93.099999999999,4,299.466832272387,-0.363839044691101,0,14.9993899891142,0.135277324264869,0,0.516728320963432
186,93.099999999999,5,364.293720491301,0,0,15,0,0,0
186,93.099999999999,6,84.1037951668167,2.79392045454546,0,1.5537706264182e-16,2.5375,0,90
186,93.199999999999,1,399.000000000002,0,0,15,0,0,0
186,93.199999999999,2,146.748683528228,0,0,1.02857142857143,0,0,0
186,93.199999999999,3,300.318327260351,2.79392045454546,0,1.5537706264182e-16,2.5375,0,90
186,93.199999999999,4,299.466832272387,-0.363839044691101,0,14.9993899891142,0.135277324264869,0,0.516728320963432
186,93.199999999999,5,364.293720491301,0,0,15,0,0,0
186,93.199999999999,6,84.1037951668167,2.79392045454546,0,1.5537706264182e-16,2.5375,0,90
186,93.299999999999,1,399.000000000002,0,0,15,0,0,0
186,93.299999999999,2,146.748683528228,0,0,1.02857142857143,0,0,0
186,93.299999999999,3,300.318327260351,2.79392045454546,0,1.5537706264182e-16,2.5375,0,90
186,93.299999999999,4,299.466832272387,-0.363839044691101,0,14.9993899891142,0.135277324264869,0,0.516728320963432
186,93.299999999999,5,364.293720491301,0,0,15,0,0,0
186,93.299999999999,6,84.1037951668167,2.79392045454546,0,1.5537706264182e-16,2.5375,0,90
186,93.399999999999,1,399.000000000002,0,0,15,0,0,0
186,93.399999999999,2,146.748683528228,0,0,1.02857142857143,0,0,0
186,93.399999999999,3,300.318327260351,2.79392045454546,0,1.5537706264182e-16,2.5375,0,90
186,93.399999999999,4,299.466832272387,-0.363839044691101,0,14.9993899891142,0.135277324264869,0,0.516728320963432
186,93.399999999999,5,364.293720491301,0,0,15,0,0,0
186,93.399999999999,6,84.1037951668167,2.79392045454546,0,1.5537706264182e-16,2.5375,0,90
186,93.499999999999,1,399.000000000002,0,0,15,0,0,0
186,93.499999999999,2,146.748683528228,0,0,1.02857142857143,0,0,0
186,93.499999999999,3,300.318327260351,2.79392045454546,0,1.5537706264182e-16,2.5375,0,90
186,93.499999999999,4,299.466832272387,-0.363839044691101,0,14.9993899891142,0.135277324264869,0,0.516728320963432
186,93.499999999999,5,364.293720491301,0,0,15,0,0,0
186,93.499999999999,6,84.1037951668167,2.79392045454546,0,1.5537706264182e-16,2.5375,0,90
186,93.599999999999,1,399.000000000002,0,0,15,0,0,0
186,93.599999999999,2,146.748683528228,0,0,1.02857142857143,0,0,0
186,93.599999999999,3,300.318327260351,2.79392045454546,0,1.5537706264182e-16,2.5375,0,90
186,93.599999999999,4,299.466832272387,-0.363839044691101,0,14.9993899891142,0.135277324264869,0,0.516728320963432
186,93.599999999999,5,364.293720491301,0,0,15,0,0,0
186,93.599999999999,6,84.1037951668167,2.79392045454546,0,1.5537706264182e-16,2.5375,0,90
186,93.699999999999,1,399.000000000002,0,0,15,0,0,0
186,93.699999999999,2,146.748683528228,0,0,1.02857142857143,0,0,0
186,93.699999999999,3,300.318327260351,2.79392045454546,0,1.5537706264182e-16,2.5375,0,90
186,93.699999999999,4,299.466832272387,-0.363839044691101,0,14.9993899891142,0.135277324264869,0,0.516728320963432
186,93.699999999999,5,364.293720491301,0,0,15,0,0,0
186,93.699999999999,6,84.1037951668167,2.79392045454546,0,1.5537706264182e-16,2.5375,0,90
186,93.7999999999989,1,399.000000000002,0,0,15,0,0,0
186,93.7999999999989,2,146.748683528228,0,0,1.02857142857143,0,0,0
186,93.7999999999989,3,300.318327260351,2.79392045454546,0,1.5537706264182e-16,2.5375,0,90
186,93.7999999999989,4,299.466832272387,-0.363839044691101,0,14.9993899891142,0.135277324264869,0,0.516728320963432
186,93.7999999999989,5,364.293720491301,0,0,15,0,0,0
186,93.7999999999989,6,84.1037951668167,2.79392045454546,0,1.5537706264182e-16,2.5375,0,90
186,93.8999999999989,1,399.000000000002,0,0,15,0,0,0
186,93.8999999999989,2,146.748683528228,0,0,1.02857142857143,0,0,0
186,93.8999999999989,3,300.318327260351,2.79392045454546,0,1.5537706264182e-16,2.5375,0,90
186,93.8999999999989,4,299.466832272387,-0.363839044691101,0,14.9993899891142,0.135277324264869,0,0.516728320963432
186,93.8999999999989,5,364.293720491301,0,0,15,0,0,0
186,93.8999999999989,6,84.1037951668167,2.79392045454546,0,1.5537706264182e-16,2.5375,0,90
186,93.9999999999989,1,399.000000000002,0,0,15,0,0,0
186,93.9999999999989,2,146.748683528228,0,0,1.02857142857143,0,0,0
186,93.9999999999989,3,300.318327260351,2.79392045454546,0,1.5537706264182e-16,2.5375,0,90
186,93.9999999999989,4,299.466832272387,-0.363839044691101,0,14.9993899891142,0.135277324264869,0,0.516728320963432
186,93.9999999999989,5,364.293720491301,0,0,15,0,0,0
186,93.9999999999989,6,84.1037951668167,2.79392045454546,0,1.5537706264182e-16,2.5375,0,90
186,94.0999999999989,1,399.000000000002,0,0,15,0,0,0
186,94.0999999999989,2,146.748683528228,0,0,1.02857142857143,0,0,0
186,94.0999999999989,3,300.318327260351,2.79392045454546,0,1.5537706264182e-16,2.5375,0,90
186,94.0999999999989,4,299.466832272387,-0.363839044691101,0,14.9993899891142,0.135277324264869,0,0.516728320963432
186,94.0999999999989,5,364.293720491301,0,0,15,0,0,0
186,94.0999999999989,6,84.1037951668167,2.79392045454546,0,1.5537706264182e-16,2.5375,0,90
186,94.1999999999989,1,399.000000000002,0,0,15,0,0,0
186,94.1999999999989,2,146.748683528228,0,0,1.02857142857143,0,0,0
186,94.1999999999989,3,300.318327260351,2.79392045454546,0,1.5537706264182e-16,2.5375,0,90
186,94.1999999999989,4,299.466832272387,-0.363839044691101,0,14.9993899891142,0.135277324264869,0,0.516728320963432
186,94.1999999999989,5,364.293720491301,0,0,15,0,0,0
186,94.1999999999989,6,84.1037951668167,2.79392045454546,0,1.5537706264182e-16,2.5375,0,90
186,94.2999999999989,1,399.000000000002,0,0,15,0,0,0
186,94.2999999999989,2,146.748683528228,0,0,1.02857142857143,0,0,0
186,94.2999999999989,3,300.318327260351,2.79392045454546,0,1.5537706264182e-16,2.5375,0,90
186,94.2999999999989,4,299.466832272387,-0.363839044691101,0,14.9993899891142,0.135277324264869,0,0.516728320963432
186,94.2999999999989,5,364.293720491301,0,0,15,0,0,0
186,94.2999999999989,6,84.1037951668167,2.79392045454546,0,1.5537706264182e-16,2.5375,0,90
186,94.3999999999989,1,399.000000000002,0,0,15,0,0,0
186,94.3999999999989,2,146.748683528228,0,0,1.02857142857143,0,0,0
186,94.3999999999989,3,300.318327260351,2.79392045454546,0,1.5537706264182e-16,2.5375,0,90
186,94.3999999999989,4,299.466832272387,-0.363839044691101,0,14.9993899891142,0.135277324264869,0,0.516728320963432
186,94.3999999999989,5,364.293720491301,0,0,15,0,0,0
186,94.3999999999989,6,84.1037951668167,2.79392045454546,0,1.5537706264182e-16,2.5375,0,90
186,94.4999999999989,1,399.000000000002,0,0,15,0,0,0
186,94.4999999999989,2,146.748683528228,0,0,1.02857142857143,0,0,0
186,94.4999999999989,3,300.318327260351,2.79392045454546,0,1.5537706264182e-16,2.5375,0,90
186,94.4999999999989,4,299.466832272387,-0.363839044691101,0,14.9993899891142,0.135277324264869,0,0.516728320963432
186,94.4999999999989,5,364.293720491301,0,0,15,0,0,0
186,94.4999999999989,6,84.1037951668167,2.79392045454546,0,1.5537706264182e-16,2.5375,0,90
186,94.5999999999989,1,399.000000000002,0,0,15,0,0,0
186,94.5999999999989,2,146.748683528228,0,0,1.02857142857143,0,0,0
186,94.5999999999989,3,300.318327260351,2.79392045454546,0,1.5537706264182e-16,2.5375,0,90
186,94.5999999999989,4,299.466832272387,-0.363839044691101,0,14.9993899891142,0.135277324264869,0,0.516728320963432
186,94.5999999999989,5,364.293720491301,0,0,15,0,0,0
186,94.5999999999989,6,84.1037951668167,2.79392045454546,0,1.5537706264182e-16,2.5375,0,90
186,94.6999999999989,1,399.000000000002,0,0,15,0,0,0
186,94.6999999999989,2,146.748683528228,0,0,1.02857142857143,0,0,0
186,94.6999999999989,3,300.318327260351,2.79392045454546,0,1.5537706264182e-16,2.5375,0,90
186,94.6999999999989,4,299.466832272387,-0.363839044691101,0,14.9993899891142,0.135277324264869,0,0.516728320963432
186,94.6999999999989,5,364.293720491301,0,0,15,0,0,0
186,94.6999999999989,6,84.1037951668167,2.79392045454546,0,1.5537706264182e-16,2.5375,0,90
186,94.7999999999989,1,399.000000000002,0,0,15,0,0,0
186,94.7999999999989,2,146.748683528228,0,0,1.02857142857143,0,0,0
186,94.7999999999989,3,300.318327260351,2.79392045454546,0,1.5537706264182e-16,2.5375,0,90
186,94.7999999999989,4,299.466832272387,-0.363839044691101,0,14.9993899891142,0.135277324264869,0,0.516728320963432
186,94.7999999999989,5,364.293720491301,0,0,15,0,0,0
186,94.7999999999989,6,84.1037951668167,2.79392045454546,0,1.5537706264182e-16,2.5375,0,90
186,94.8999999999989,1,399.000000000002,0,0,15,0,0,0
186,94.8999999999989,2,146.748683528228,0,0,1.02857142857143,0,0,0
186,94.8999999999989,3,300.318327260351,2.79392045454546,0,1.5537706264182e-16,2.5375,0,90
186,94.8999999999989,4,299.466832272387,-0.363839044691101,0,14.9993899891142,0.135277324264869,0,0.516728320963432
186,94.8999999999989,5,364.293720491301,0,0,15,0,0,0
186,94.8999999999989,6,84.1037951668167,2.79392045454546,0,1.5537706264182e-16,2.5375,0,90
186,94.9999999999989,1,399.000000000002,0,0,15,0,0,0
186,94.9999999999989,2,146.748683528228,0,0,1.02857142857143,0,0,0
186,94.9999999999989,3,300.318327260351,2.79392045454546,0,1.5537706264182e-16,2.5375,0,90
186,94.9999999999989,4,299.466832272387,-0.363839044691101,0,14.9993899891142,0.135277324264869,0,0.516728320963432
186,94.9999999999989,5,364.293720491301,0,0,15,0,0,0
186,94.9999999999989,6,84.1037951668167,2.79392045454546,0,1.5537706264182e-16,2.5375,0,90
186,95.0999999999989,1,399.000000000002,0,0,15,0,0,0
186,95.0999999999989,2,146.748683528228,0,0,1.02857142857143,0,0,0
186,95.0999999999989,3,300.318327260351,2.79392045454546,0,1.5537706264182e-16,2.5375,0,90
186,95.0999999999989,4,299.466832272387,-0.363839044691101,0,14.9993899891142,0.135277324264869,0,0.516728320963432
186,95.0999999999989,5,364.293720491301,0,0,15,0,0,0
186,95.0999999999989,6,84.1037951668167,2.79392045454546,0,1.5537706264182e-16,2.5375,0,90
186,95.1999999999989,1,399.000000000002,0,0,15,0,0,0
186,95.1999999999989,2,146.748683528228,0,0,1.02857142857143,0,0,0
186,95.1999999999989,3,300.318327260351,2.79392045454546,0,1.5537706264182e-16,2.5375,0,90
186,95.1999999999989,4,299.466832272387,-0.363839044691101,0,14.9993899891142,0.135277324264869,0,0.516728320963432
186,95.1999999999989,5,364.293720491301,0,0,15,0,0,0
186,95.1999999999989,6,84.1037951668167,2.79392045454546,0,1.5537706264182e-16,2.5375,0,90
186,95.2999999999989,1,399.000000000002,0,0,15,0,0,0
186,95.2999999999989,2,146.748683528228,0,0,1.02857142857143,0,0,0
186,95.2999999999989,3,300.318327260351,2.79392045454546,0,1.5537706264182e-16,2.5375,0,90
186,95.2999999999989,4,299.466832272387,-0.363839044691101,0,14.9993899891142,0.135277324264869,0,0.516728320963432
186,95.2999999999989,5,364.293720491301,0,0,15,0,0,0
186,95.2999999999989,6,84.1037951668167,2.79392045454546,0,1.5537706264182e-16,2.5375,0,90
186,95.3999999999989,1,399.000000000002,0,0,15,0,0,0
186,95.3999999999989,2,146.748683528228,0,0,1.02857142857143,0,0,0
186,95.3999999999989,3,300.318327260351,2.79392045454546,0,1.5537706264182e-16,2.5375,0,90
186,95.3999999999989,4,299.466832272387,-0.363839044691101,0,14.9993899891142,0.135277324264869,0,0.516728320963432
186,95.3999999999989,5,364.293720491301,0,0,15,0,0,0
186,95.3999999999989,6,84.1037951668167,2.79392045454546,0,1.5537706264182e-16,2.5375,0,90
186,95.4999999999988,1,399.000000000002,0,0,15,0,0,0
186,95.4999999999988,2,146.748683528228,0,0,1.02857142857143,0,0,0
186,95.4999999999988,3,300.318327260351,2.79392045454546,0,1.5537706264182e-16,2.5375,0,90
186,95.4999999999988,4,299.466832272387,-0.363839044691101,0,14.9993899891142,0.135277324264869,0,0.516728320963432
186,95.4999999999988,5,364.293720491301,0,0,15,0,0,0
186,95.4999999999988,6,84.1037951668167,2.79392045454546,0,1.5537706264182e-16,2.5375,0,90
186,95.5999999999988,1,399.000000000002,0,0,15,0,0,0
186,95.5999999999988,2,146.748683528228,0,0,1.02857142857143,0,0,0
186,95.5999999999988,3,300.318327260351,2.79392045454546,0,1.5537706264182e-16,2.5375,0,90
186,95.5999999999988,4,299.466832272387,-0.363839044691101,0,14.9993899891142,0.135277324264869,0,0.516728320963432
186,95.5999999999988,5,364.293720491301,0,0,15,0,0,0
186,95.5999999999988,6,84.1037951668167,2.79392045454546,0,1.5537706264182e-16,2.5375,0,90
186,95.6999999999988,1,399.000000000002,0,0,15,0,0,0
186,95.6999999999988,2,146.748683528228,0,0,1.02857142857143,0,0,0
186,95.6999999999988,3,300.318327260351,2.79392045454546,0,1.5537706264182e-16,2.5375,0,90
186,95.6999999999988,4,299.466832272387,-0.363839044691101,0,14.9993899891142,0.135277324264869,0,0.516728320963432
186,95.6999999999988,5,364.293720491301,0,0,15,0,0,0
186,95.6999999999988,6,84.1037951668167,2.79392045454546,0,1.5537706264182e-16,2.5375,0,90
186,95.7999999999988,1,399.000000000002,0,0,15,0,0,0
186,95.7999999999988,2,146.748683528228,0,0,1.02857142857143,0,0,0
186,95.7999999999988,3,300.318327260351,2.79392045454546,0,1.5537706264182e-16,2.5375,0,90
186,95.7999999999988,4,299.466832272387,-0.363839044691101,0,14.9993899891142,0.135277324264869,0,0.516728320963432
186,95.7999999999988,5,364.293720491301,0,0,15,0,0,0
186,95.7999999999988,6,84.1037951668167,2.79392045454546,0,1.5537706264182e-16,2.5375,0,90
186,95.8999999999988,1,399.000000000002,0,0,15,0,0,0
186,95.8999999999988,2,146.748683528228,0,0,1.02857142857143,0,0,0
186,95.8999999999988,3,300.318327260351,2.79392045454546,0,1.5537706264182e-16,2.5375,0,90
186,95.8999999999988,4,299.466832272387,-0.363839044691101,0,14.9993899891142,0.135277324264869,0,0.516728320963432
186,95.8999999999988,5,364.293720491301,0,0,15,0,0,0
186,95.8999999999988,6,84.1037951668167,2.79392045454546,0,1.5537706264182e-16,2.5375,0,90
186,95.9999999999988,1,399.000000000002,0,0,15,0,0,0
186,95.9999999999988,2,146.748683528228,0,0,1.02857142857143,0,0,0
186,95.9999999999988,3,300.318327260351,2.79392045454546,0,1.5537706264182e-16,2.5375,0,90
186,95.9999999999988,4,299.466832272387,-0.363839044691101,0,14.9993899891142,0.135277324264869,0,0.516728320963432
186,95.9999999999988,5,364.293720491301,0,0,15,0,0,0
186,95.9999999999988,6,84.1037951668167,2.79392045454546,0,1.5537706264182e-16,2.5375,0,90
186,96.0999999999988,1,399.000000000002,0,0,15,0,0,0
186,96.0999999999988,2,146.748683528228,0,0,1.02857142857143,0,0,0
186,96.0999999999988,3,300.318327260351,2.79392045454546,0,1.5537706264182e-16,2.5375,0,90
186,96.0999999999988,4,299.466832272387,-0.363839044691101,0,14.9993899891142,0.135277324264869,0,0.516728320963432
186,96.0999999999988,5,364.293720491301,0,0,15,0,0,0
186,96.0999999999988,6,84.1037951668167,2.79392045454546,0,1.5537706264182e-16,2.5375,0,90
186,96.1999999999988,1,399.000000000002,0,0,15,0,0,0
186,96.1999999999988,2,146.748683528228,0,0,1.02857142857143,0,0,0
186,96.1999999999988,3,300.318327260351,2.79392045454546,0,1.5537706264182e-16,2.5375,0,90
186,96.1999999999988,4,299.466832272387,-0.363839044691101,0,14.9993899891142,0.135277324264869,0,0.516728320963432
186,96.1999999999988,5,364.293720491301,0,0,15,0,0,0
186,96.1999999999988,6,84.1037951668167,2.79392045454546,0,1.5537706264182e-16,2.5375,0,90
186,96.2999999999988,1,399.000000000002,0,0,15,0,0,0
186,96.2999999999988,2,146.748683528228,0,0,1.02857142857143,0,0,0
186,96.2999999999988,3,300.318327260351,2.79392045454546,0,1.5537706264182e-16,2.5375,0,90
186,96.2999999999988,4,299.466832272387,-0.363839044691101,0,14.9993899891142,0.135277324264869,0,0.516728320963432
186,96.2999999999988,5,364.293720491301,0,0,15,0,0,0
186,96.2999999999988,6,84.1037951668167,2.79392045454546,0,1.5537706264182e-16,2.5375,0,90
186,96.3999999999988,1,399.000000000002,0,0,15,0,0,0
186,96.3999999999988,2,146.748683528228,0,0,1.02857142857143,0,0,0
186,96.3999999999988,3,300.318327260351,2.79392045454546,0,1.5537706264182e-16,2.5375,0,90
186,96.3999999999988,4,299.466832272387,-0.363839044691101,0,14.9993899891142,0.135277324264869,0,0.516728320963432
186,96.3999999999988,5,364.293720491301,0,0,15,0,0,0
186,96.3999999999988,6,84.1037951668167,2.79392045454546,0,1.5537706264182e-16,2.5375,0,90
186,96.4999999999988,1,399.000000000002,0,0,15,0,0,0
186,96.4999999999988,2,146.748683528228,0,0,1.02857142857143,0,0,0
186,96.4999999999988,3,300.318327260351,2.79392045454546,0,1.5537706264182e-16,2.5375,0,90
186,96.4999999999988,4,299.466832272387,-0.363839044691101,0,14.9993899891142,0.135277324264869,0,0.516728320963432
186,96.4999999999988,5,364.293720491301,0,0,15,0,0,0
186,96.4999999999988,6,84.1037951668167,2.79392045454546,0,1.5537706264182e-16,2.5375,0,90
186,96.5999999999988,1,399.000000000002,0,0,15,0,0,0
186,96.5999999999988,2,146.748683528228,0,0,1.02857142857143,0,0,0
186,96.5999999999988,3,300.318327260351,2.79392045454546,0,1.5537706264182e-16,2.5375,0,90
186,96.5999999999988,4,299.466832272387,-0.363839044691101,0,14.9993899891142,0.135277324264869,0,0.516728320963432
186,96.5999999999988,5,364.293720491301,0,0,15,0,0,0
186,96.5999999999988,6,84.1037951668167,2.79392045454546,0,1.5537706264182e-16,2.5375,0,90
186,96.6999999999988,1,399.000000000002,0,0,15,0,0,0
186,96.6999999999988,2,146.748683528228,0,0,1.02857142857143,0,0,0
186,96.6999999999988,3,300.318327260351,2.79392045454546,0,1.5537706264182e-16,2.5375,0,90
186,96.6999999999988,4,299.466832272387,-0.363839044691101,0,14.9993899891142,0.135277324264869,0,0.516728320963432
186,96.6999999999988,5,364.293720491301,0,0,15,0,0,0
186,96.6999999999988,6,84.1037951668167,2.79392045454546,0,1.5537706264182e-16,2.5375,0,90
186,96.7999999999988,1,399.000000000002,0,0,15,0,0,0
186,96.7999999999988,2,146.748683528228,0,0,1.02857142857143,0,0,0
186,96.7999999999988,3,300.318327260351,2.79392045454546,0,1.5537706264182e-16,2.5375,0,90
186,96.7999999999988,4,299.466832272387,-0.363839044691101,0,14.9993899891142,0.135277324264869,0,0.516728320963432
186,96.7999999999988,5,364.293720491301,0,0,15,0,0,0
186,96.7999999999988,6,84.1037951668167,2.79392045454546,0,1.5537706264182e-16,2.5375,0,90
186,96.8999999999988,1,399.000000000002,0,0,15,0,0,0
186,96.8999999999988,2,146.748683528228,0,0,1.02857142857143,0,0,0
186,96.8999999999988,3,300.318327260351,2.79392045454546,0,1.5537706264182e-16,2.5375,0,90
186,96.8999999999988,4,299.466832272387,-0.363839044691101,0,14.9993899891142,0.135277324264869,0,0.516728320963432
186,96.8999999999988,5,364.293720491301,0,0,15,0,0,0
186,96.8999999999988,6,84.1037951668167,2.79392045454546,0,1.5537706264182e-16,2.5375,0,90
186,96.9999999999988,1,399.000000000002,0,0,15,0,0,0
186,96.9999999999988,2,146.748683528228,0,0,1.02857142857143,0,0,0
186,96.9999999999988,3,300.318327260351,2.79392045454546,0,1.5537706264182e-16,2.5375,0,90
186,96.9999999999988,4,299.466832272387,-0.363839044691101,0,14.9993899891142,0.135277324264869,0,0.516728320963432
186,96.9999999999988,5,364.293720491301,0,0,15,0,0,0
186,96.9999999999988,6,84.1037951668167,2.79392045454546,0,1.5537706264182e-16,2.5375,0,90
186,97.0999999999988,1,399.000000000002,0,0,15,0,0,0
186,97.0999999999988,2,146.748683528228,0,0,1.02857142857143,0,0,0
186,97.0999999999988,3,300.318327260351,2.79392045454546,0,1.5537706264182e-16,2.5375,0,90
186,97.0999999999988,4,299.466832272387,-0.363839044691101,0,14.9993899891142,0.135277324264869,0,0.516728320963432
186,97.0999999999988,5,364.293720491301,0,0,15,0,0,0
186,97.0999999999988,6,84.1037951668167,2.79392045454546,0,1.5537706264182e-16,2.5375,0,90
186,97.1999999999988,1,399.000000000002,0,0,15,0,0,0
186,97.1999999999988,2,146.748683528228,0,0,1.02857142857143,0,0,0
186,97.1999999999988,3,300.318327260351,2.79392045454546,0,1.5537706264182e-16,2.5375,0,90
186,97.1999999999988,4,299.466832272387,-0.363839044691101,0,14.9993899891142,0.135277324264869,0,0.516728320963432
186,97.1999999999988,5,364.293720491301,0,0,15,0,0,0
186,97.1999999999988,6,84.1037951668167,2.79392045454546,0,1.5537706264182e-16,2.5375,0,90
186,97.2999999999987,1,399.000000000002,0,0,15,0,0,0
186,97.2999999999987,2,146.748683528228,0,0,1.02857142857143,0,0,0
186,97.2999999999987,3,300.318327260351,2.79392045454546,0,1.5537706264182e-16,2.5375,0,90
186,97.2999999999987,4,299.466832272387,-0.363839044691101,0,14.9993899891142,0.135277324264869,0,0.516728320963432
186,97.2999999999987,5,364.293720491301,0,0,15,0,0,0
186,97.2999999999987,6,84.1037951668167,2.79392045454546,0,1.5537706264182e-16,2.5375,0,90
186,97.3999999999987,1,399.000000000002,0,0,15,0,0,0
186,97.3999999999987,2,146.748683528228,0,0,1.02857142857143,0,0,0
186,97.3999999999987,3,300.318327260351,2.79392045454546,0,1.5537706264182e-16,2.5375,0,90
186,97.3999999999987,4,299.466832272387,-0.363839044691101,0,14.9993899891142,0.135277324264869,0,0.516728320963432
186,97.3999999999987,5,364.293720491301,0,0,15,0,0,0
186,97.3999999999987,6,84.1037951668167,2.79392045454546,0,1.5537706264182e-16,2.5375,0,90
186,97.4999999999987,1,399.000000000002,0,0,15,0,0,0
186,97.4999999999987,2,146.748683528228,0,0,1.02857142857143,0,0,0
186,97.4999999999987,3,300.318327260351,2.79392045454546,0,1.5537706264182e-16,2.5375,0,90
186,97.4999999999987,4,299.466832272387,-0.363839044691101,0,14.9993899891142,0.135277324264869,0,0.516728320963432
186,97.4999999999987,5,364.293720491301,0,0,15,0,0,0
186,97.4999999999987,6,84.1037951668167,2.79392045454546,0,1.5537706264182e-16,2.5375,0,90
186,97.5999999999987,1,399.000000000002,0,0,15,0,0,0
186,97.5999999999987,2,146.748683528228,0,0,1.02857142857143,0,0,0
186,97.5999999999987,3,300.318327260351,2.79392045454546,0,1.5537706264182e-16,2.5375,0,90
186,97.5999999999987,4,299.466832272387,-0.363839044691101,0,14.9993899891142,0.135277324264869,0,0.516728320963432
186,97.5999999999987,5,364.293720491301,0,0,15,0,0,0
186,97.5999999999987,6,84.1037951668167,2.79392045454546,0,1.5537706264182e-16,2.5375,0,90
186,97.6999999999987,1,399.000000000002,0,0,15,0,0,0
186,97.6999999999987,2,146.748683528228,0,0,1.02857142857143,0,0,0
186,97.6999999999987,3,300.318327260351,2.79392045454546,0,1.5537706264182e-16,2.5375,0,90
186,97.6999999999987,4,299.466832272387,-0.363839044691101,0,14.9993899891142,0.135277324264869,0,0.516728320963432
186,97.6999999999987,5,364.293720491301,0,0,15,0,0,0
186,97.6999999999987,6,84.1037951668167,2.79392045454546,0,1.5537706264182e-16,2.5375,0,90
186,97.7999999999987,1,399.000000000002,0,0,15,0,0,0
186,97.7999999999987,2,146.748683528228,0,0,1.02857142857143,0,0,0
186,97.7999999999987,3,300.318327260351,2.79392045454546,0,1.5537706264182e-16,2.5375,0,90
186,97.7999999999987,4,299.466832272387,-0.363839044691101,0,14.9993899891142,0.135277324264869,0,0.516728320963432
186,97.7999999999987,5,364.293720491301,0,0,15,0,0,0
186,97.7999999999987,6,84.1037951668167,2.79392045454546,0,1.5537706264182e-16,2.5375,0,90
186,97.8999999999987,1,399.000000000002,0,0,15,0,0,0
186,97.8999999999987,2,146.748683528228,0,0,1.02857142857143,0,0,0
186,97.8999999999987,3,300.318327260351,2.79392045454546,0,1.5537706264182e-16,2.5375,0,90
186,97.8999999999987,4,299.466832272387,-0.363839044691101,0,14.9993899891142,0.135277324264869,0,0.516728320963432
186,97.8999999999987,5,364.293720491301,0,0,15,0,0,0
186,97.8999999999987,6,84.1037951668167,2.79392045454546,0,1.5537706264182e-16,2.5375,0,90
186,97.9999999999987,1,399.000000000002,0,0,15,0,0,0
186,97.9999999999987,2,146.748683528228,0,0,1.02857142857143,0,0,0
186,97.9999999999987,3,300.318327260351,2.79392045454546,0,1.5537706264182e-16,2.5375,0,90
186,97.9999999999987,4,299.466832272387,-0.363839044691101,0,14.9993899891142,0.135277324264869,0,0.516728320963432
186,97.9999999999987,5,364.293720491301,0,0,15,0,0,0
186,97.9999999999987,6,84.1037951668167,2.79392045454546,0,1.5537706264182e-16,2.5375,0,90
186,98.0999999999987,1,399.000000000002,0,0,15,0,0,0
186,98.0999999999987,2,146.748683528228,0,0,1.02857142857143,0,0,0
186,98.0999999999987,3,300.318327260351,2.79392045454546,0,1.5537706264182e-16,2.5375,0,90
186,98.0999999999987,4,299.466832272387,-0.363839044691101,0,14.9993899891142,0.135277324264869,0,0.516728320963432
186,98.0999999999987,5,364.293720491301,0,0,15,0,0,0
186,98.0999999999987,6,84.1037951668167,2.79392045454546,0,1.5537706264182e-16,2.5375,0,90
186,98.1999999999987,1,399.000000000002,0,0,15,0,0,0
186,98.1999999999987,2,146.748683528228,0,0,1.02857142857143,0,0,0
186,98.1999999999987,3,300.318327260351,2.79392045454546,0,1.5537706264182e-16,2.5375,0,90
186,98.1999999999987,4,299.466832272387,-0.363839044691101,0,14.9993899891142,0.135277324264869,0,0.516728320963432
186,98.1999999999987,5,364.293720491301,0,0,15,0,0,0
186,98.1999999999987,6,84.1037951668167,2.79392045454546,0,1.5537706264182e-16,2.5375,0,90
186,98.2999999999987,1,399.000000000002,0,0,15,0,0,0
186,98.2999999999987,2,146.748683528228,0,0,1.02857142857143,0,0,0
186,98.2999999999987,3,300.318327260351,2.79392045454546,0,1.5537706264182e-16,2.5375,0,90
186,98.2999999999987,4,299.466832272387,-0.363839044691101,0,14.9993899891142,0.135277324264869,0,0.516728320963432
186,98.2999999999987,5,364.293720491301,0,0,15,0,0,0
186,98.2999999999987,6,84.1037951668167,2.79392045454546,0,1.5537706264182e-16,2.5375,0,90
186,98.3999999999987,1,399.000000000002,0,0,15,0,0,0
186,98.3999999999987,2,146.748683528228,0,0,1.02857142857143,0,0,0
186,98.3999999999987,3,300.318327260351,2.79392045454546,0,1.5537706264182e-16,2.5375,0,90
186,98.3999999999987,4,299.466832272387,-0.363839044691101,0,14.9993899891142,0.135277324264869,0,0.516728320963432
186,98.3999999999987,5,364.293720491301,0,0,15,0,0,0
186,98.3999999999987,6,84.1037951668167,2.79392045454546,0,1.5537706264182e-16,2.5375,0,90
186,98.4999999999987,1,399.000000000002,0,0,15,0,0,0
186,98.4999999999987,2,146.748683528228,0,0,1.02857142857143,0,0,0
186,98.4999999999987,3,300.318327260351,2.79392045454546,0,1.5537706264182e-16,2.5375,0,90
186,98.4999999999987,4,299.466832272387,-0.363839044691101,0,14.9993899891142,0.135277324264869,0,0.516728320963432
186,98.4999999999987,5,364.293720491301,0,0,15,0,0,0
186,98.4999999999987,6,84.1037951668167,2.79392045454546,0,1.5537706264182e-16,2.5375,0,90
186,98.5999999999987,1,399.000000000002,0,0,15,0,0,0
186,98.5999999999987,2,146.748683528228,0,0,1.02857142857143,0,0,0
186,98.5999999999987,3,300.318327260351,2.79392045454546,0,1.5537706264182e-16,2.5375,0,90
186,98.5999999999987,4,299.466832272387,-0.363839044691101,0,14.9993899891142,0.135277324264869,0,0.516728320963432
186,98.5999999999987,5,364.293720491301,0,0,15,0,0,0
186,98.5999999999987,6,84.1037951668167,2.79392045454546,0,1.5537706264182e-16,2.5375,0,90
186,98.6999999999987,1,399.000000000002,0,0,15,0,0,0
186,98.6999999999987,2,146.748683528228,0,0,1.02857142857143,0,0,0
186,98.6999999999987,3,300.318327260351,2.79392045454546,0,1.5537706264182e-16,2.5375,0,90
186,98.6999999999987,4,299.466832272387,-0.363839044691101,0,14.9993899891142,0.135277324264869,0,0.516728320963432
186,98.6999999999987,5,364.293720491301,0,0,15,0,0,0
186,98.6999999999987,6,84.1037951668167,2.79392045454546,0,1.5537706264182e-16,2.5375,0,90
186,98.7999999999987,1,399.000000000002,0,0,15,0,0,0
186,98.7999999999987,2,146.748683528228,0,0,1.02857142857143,0,0,0
186,98.7999999999987,3,300.318327260351,2.79392045454546,0,1.5537706264182e-16,2.5375,0,90
186,98.7999999999987,4,299.466832272387,-0.363839044691101,0,14.9993899891142,0.135277324264869,0,0.516728320963432
186,98.7999999999987,5,364.293720491301,0,0,15,0,0,0
186,98.7999999999987,6,84.1037951668167,2.79392045454546,0,1.5537706264182e-16,2.5375,0,90
186,98.8999999999987,1,399.000000000002,0,0,15,0,0,0
186,98.8999999999987,2,146.748683528228,0,0,1.02857142857143,0,0,0
186,98.8999999999987,3,300.318327260351,2.79392045454546,0,1.5537706264182e-16,2.5375,0,90
186,98.8999999999987,4,299.466832272387,-0.363839044691101,0,14.9993899891142,0.135277324264869,0,0.516728320963432
186,98.8999999999987,5,364.293720491301,0,0,15,0,0,0
186,98.8999999999987,6,84.1037951668167,2.79392045454546,0,1.5537706264182e-16,2.5375,0,90
186,98.9999999999986,1,399.000000000002,0,0,15,0,0,0
186,98.9999999999986,2,146.748683528228,0,0,1.02857142857143,0,0,0
186,98.9999999999986,3,300.318327260351,2.79392045454546,0,1.5537706264182e-16,2.5375,0,90
186,98.9999999999986,4,299.466832272387,-0.363839044691101,0,14.9993899891142,0.135277324264869,0,0.516728320963432
186,98.9999999999986,5,364.293720491301,0,0,15,0,0,0
186,98.9999999999986,6,84.1037951668167,2.79392045454546,0,1.5537706264182e-16,2.5375,0,90
186,99.0999999999986,1,399.000000000002,0,0,15,0,0,0
186,99.0999999999986,2,146.748683528228,0,0,1.02857142857143,0,0,0
186,99.0999999999986,3,300.318327260351,2.79392045454546,0,1.5537706264182e-16,2.5375,0,90
186,99.0999999999986,4,299.466832272387,-0.363839044691101,0,14.9993899891142,0.135277324264869,0,0.516728320963432
186,99.0999999999986,5,364.293720491301,0,0,15,0,0,0
186,99.0999999999986,6,84.1037951668167,2.79392045454546,0,1.5537706264182e-16,2.5375,0,90
186,99.1999999999986,1,399.000000000002,0,0,15,0,0,0
186,99.1999999999986,2,146.748683528228,0,0,1.02857142857143,0,0,0
186,99.1999999999986,3,300.318327260351,2.79392045454546,0,1.5537706264182e-16,2.5375,0,90
186,99.1999999999986,4,299.466832272387,-0.363839044691101,0,14.9993899891142,0.135277324264869,0,0.516728320963432
186,99.1999999999986,5,364.293720491301,0,0,15,0,0,0
186,99.1999999999986,6,84.1037951668167,2.79392045454546,0,1.5537706264182e-16,2.5375,0,90
186,99.2999999999986,1,399.000000000002,0,0,15,0,0,0
186,99.2999999999986,2,146.748683528228,0,0,1.02857142857143,0,0,0
186,99.2999999999986,3,300.318327260351,2.79392045454546,0,1.5537706264182e-16,2.5375,0,90
186,99.2999999999986,4,299.466832272387,-0.363839044691101,0,14.9993899891142,0.135277324264869,0,0.516728320963432
186,99.2999999999986,5,364.293720491301,0,0,15,0,0,0
186,99.2999999999986,6,84.1037951668167,2.79392045454546,0,1.5537706264182e-16,2.5375,0,90
186,99.3999999999986,1,399.000000000002,0,0,15,0,0,0
186,99.3999999999986,2,146.748683528228,0,0,1.02857142857143,0,0,0
186,99.3999999999986,3,300.318327260351,2.79392045454546,0,1.5537706264182e-16,2.5375,0,90
186,99.3999999999986,4,299.466832272387,-0.363839044691101,0,14.9993899891142,0.135277324264869,0,0.516728320963432
186,99.3999999999986,5,364.293720491301,0,0,15,0,0,0
186,99.3999999999986,6,84.1037951668167,2.79392045454546,0,1.5537706264182e-16,2.5375,0,90
186,99.4999999999986,1,399.000000000002,0,0,15,0,0,0
186,99.4999999999986,2,146.748683528228,0,0,1.02857142857143,0,0,0
186,99.4999999999986,3,300.318327260351,2.79392045454546,0,1.5537706264182e-16,2.5375,0,90
186,99.4999999999986,4,299.466832272387,-0.363839044691101,0,14.9993899891142,0.135277324264869,0,0.516728320963432
186,99.4999999999986,5,364.293720491301,0,0,15,0,0,0
186,99.4999999999986,6,84.1037951668167,2.79392045454546,0,1.5537706264182e-16,2.5375,0,90
186,99.5999999999986,1,399.000000000002,0,0,15,0,0,0
186,99.5999999999986,2,146.748683528228,0,0,1.02857142857143,0,0,0
186,99.5999999999986,3,300.318327260351,2.79392045454546,0,1.5537706264182e-16,2.5375,0,90
186,99.5999999999986,4,299.466832272387,-0.363839044691101,0,14.9993899891142,0.135277324264869,0,0.516728320963432
186,99.5999999999986,5,364.293720491301,0,0,15,0,0,0
186,99.5999999999986,6,84.1037951668167,2.79392045454546,0,1.5537706264182e-16,2.5375,0,90
186,99.6999999999986,1,399.000000000002,0,0,15,0,0,0
186,99.6999999999986,2,146.748683528228,0,0,1.02857142857143,0,0,0
186,99.6999999999986,3,300.318327260351,2.79392045454546,0,1.5537706264182e-16,2.5375,0,90
186,99.6999999999986,4,299.466832272387,-0.363839044691101,0,14.9993899891142,0.135277324264869,0,0.516728320963432
186,99.6999999999986,5,364.293720491301,0,0,15,0,0,0
186,99.6999999999986,6,84.1037951668167,2.79392045454546,0,1.5537706264182e-16,2.5375,0,90
186,99.7999999999986,1,399.000000000002,0,0,15,0,0,0
186,99.7999999999986,2,146.748683528228,0,0,1.02857142857143,0,0,0
186,99.7999999999986,3,300.318327260351,2.79392045454546,0,1.5537706264182e-16,2.5375,0,90
186,99.7999999999986,4,299.466832272387,-0.363839044691101,0,14.9993899891142,0.135277324264869,0,0.516728320963432
186,99.7999999999986,5,364.293720491301,0,0,15,0,0,0
186,99.7999999999986,6,84.1037951668167,2.79392045454546,0,1.5537706264182e-16,2.5375,0,90
186,99.8999999999986,1,399.000000000002,0,0,15,0,0,0
186,99.8999999999986,2,146.748683528228,0,0,1.02857142857143,0,0,0
186,99.8999999999986,3,300.318327260351,2.79392045454546,0,1.5537706264182e-16,2.5375,0,90
186,99.8999999999986,4,299.466832272387,-0.363839044691101,0,14.9993899891142,0.135277324264869,0,0.516728320963432
186,99.8999999999986,5,364.293720491301,0,0,15,0,0,0
186,99.8999999999986,6,84.1037951668167,2.79392045454546,0,1.5537706264182e-16,2.5375,0,90
186,99.9999999999986,1,399.000000000002,0,0,15,0,0,0
186,99.9999999999986,2,146.748683528228,0,0,1.02857142857143,0,0,0
186,99.9999999999986,3,300.318327260351,2.79392045454546,0,1.5537706264182e-16,2.5375,0,90
186,99.9999999999986,4,299.466832272387,-0.363839044691101,0,14.9993899891142,0.135277324264869,0,0.516728320963432
186,99.9999999999986,5,364.293720491301,0,0,15,0,0,0
186,99.9999999999986,6,84.1037951668167,2.79392045454546,0,1.5537706264182e-16,2.5375,0,90
186,100.099999999999,1,399.000000000002,0,0,15,0,0,0
186,100.099999999999,2,146.748683528228,0,0,1.02857142857143,0,0,0
186,100.099999999999,3,300.318327260351,2.79392045454546,0,1.5537706264182e-16,2.5375,0,90
186,100.099999999999,4,299.466832272387,-0.363839044691101,0,14.9993899891142,0.135277324264869,0,0.516728320963432
186,100.099999999999,5,364.293720491301,0,0,15,0,0,0
186,100.099999999999,6,84.1037951668167,2.79392045454546,0,1.5537706264182e-16,2.5375,0,90
186,100.199999999999,1,399.000000000002,0,0,15,0,0,0
186,100.199999999999,2,146.748683528228,0,0,1.02857142857143,0,0,0
186,100.199999999999,3,300.318327260351,2.79392045454546,0,1.5537706264182e-16,2.5375,0,90
186,100.199999999999,4,299.466832272387,-0.363839044691101,0,14.9993899891142,0.135277324264869,0,0.516728320963432
186,100.199999999999,5,364.293720491301,0,0,15,0,0,0
186,100.199999999999,6,84.1037951668167,2.79392045454546,0,1.5537706264182e-16,2.5375,0,90
186,100.299999999999,1,399.000000000002,0,0,15,0,0,0
186,100.299999999999,2,146.748683528228,0,0,1.02857142857143,0,0,0
186,100.299999999999,3,300.318327260351,2.79392045454546,0,1.5537706264182e-16,2.5375,0,90
186,100.299999999999,4,299.466832272387,-0.363839044691101,0,14.9993899891142,0.135277324264869,0,0.516728320963432
186,100.299999999999,5,364.293720491301,0,0,15,0,0,0
186,100.299999999999,6,84.1037951668167,2.79392045454546,0,1.5537706264182e-16,2.5375,0,90
186,100.399999999999,1,399.000000000002,0,0,15,0,0,0
186,100.399999999999,2,146.748683528228,0,0,1.02857142857143,0,0,0
186,100.399999999999,3,300.318327260351,2.79392045454546,0,1.5537706264182e-16,2.5375,0,90
186,100.399999999999,4,299.466832272387,-0.363839044691101,0,14.9993899891142,0.135277324264869,0,0.516728320963432
186,100.399999999999,5,364.293720491301,0,0,15,0,0,0
186,100.399999999999,6,84.1037951668167,2.79392045454546,0,1.5537706264182e-16,2.5375,0,90
186,100.499999999999,1,399.000000000002,0,0,15,0,0,0
186,100.499999999999,2,146.748683528228,0,0,1.02857142857143,0,0,0
186,100.499999999999,3,300.318327260351,2.79392045454546,0,1.5537706264182e-16,2.5375,0,90
186,100.499999999999,4,299.466832272387,-0.363839044691101,0,14.9993899891142,0.135277324264869,0,0.516728320963432
186,100.499999999999,5,364.293720491301,0,0,15,0,0,0
186,100.499999999999,6,84.1037951668167,2.79392045454546,0,1.5537706264182e-16,2.5375,0,90
186,100.599999999999,1,399.000000000002,0,0,15,0,0,0
186,100.599999999999,2,146.748683528228,0,0,1.02857142857143,0,0,0
186,100.599999999999,3,300.318327260351,2.79392045454546,0,1.5537706264182e-16,2.5375,0,90
186,100.599999999999,4,299.466832272387,-0.363839044691101,0,14.9993899891142,0.135277324264869,0,0.516728320963432
186,100.599999999999,5,364.293720491301,0,0,15,0,0,0
186,100.599999999999,6,84.1037951668167,2.79392045454546,0,1.5537706264182e-16,2.5375,0,90
186,100.699999999999,1,399.000000000002,0,0,15,0,0,0
186,100.699999999999,2,146.748683528228,0,0,1.02857142857143,0,0,0
186,100.699999999999,3,300.318327260351,2.79392045454546,0,1.5537706264182e-16,2.5375,0,90
186,100.699999999999,4,299.466832272387,-0.363839044691101,0,14.9993899891142,0.135277324264869,0,0.516728320963432
186,100.699999999999,5,364.293720491301,0,0,15,0,0,0
186,100.699999999999,6,84.1037951668167,2.79392045454546,0,1.5537706264182e-16,2.5375,0,90
186,100.799999999999,1,399.000000000002,0,0,15,0,0,0
186,100.799999999999,2,146.748683528228,0,0,1.02857142857143,0,0,0
186,100.799999999999,3,300.318327260351,2.79392045454546,0,1.5537706264182e-16,2.5375,0,90
186,100.799999999999,4,299.466832272387,-0.363839044691101,0,14.9993899891142,0.135277324264869,0,0.516728320963432
186,100.799999999999,5,364.293720491301,0,0,15,0,0,0
186,100.799999999999,6,84.1037951668167,2.79392045454546,0,1.5537706264182e-16,2.5375,0,90
186,100.899999999999,1,399.000000000002,0,0,15,0,0,0
186,100.899999999999,2,146.748683528228,0,0,1.02857142857143,0,0,0
186,100.899999999999,3,300.318327260351,2.79392045454546,0,1.5537706264182e-16,2.5375,0,90
186,100.899999999999,4,299.466832272387,-0.363839044691101,0,14.9993899891142,0.135277324264869,0,0.516728320963432
186,100.899999999999,5,364.293720491301,0,0,15,0,0,0
186,100.899999999999,6,84.1037951668167,2.79392045454546,0,1.5537706264182e-16,2.5375,0,90
186,100.999999999999,1,399.000000000002,0,0,15,0,0,0
186,100.999999999999,2,146.748683528228,0,0,1.02857142857143,0,0,0
186,100.999999999999,3,300.318327260351,2.79392045454546,0,1.5537706264182e-16,2.5375,0,90
186,100.999999999999,4,299.466832272387,-0.363839044691101,0,14.9993899891142,0.135277324264869,0,0.516728320963432
186,100.999999999999,5,364.293720491301,0,0,15,0,0,0
186,100.999999999999,6,84.1037951668167,2.79392045454546,0,1.5537706264182e-16,2.5375,0,90
186,101.099999999999,1,399.000000000002,0,0,15,0,0,0
186,101.099999999999,2,146.748683528228,0,0,1.02857142857143,0,0,0
186,101.099999999999,3,300.318327260351,2.79392045454546,0,1.5537706264182e-16,2.5375,0,90
186,101.099999999999,4,299.466832272387,-0.363839044691101,0,14.9993899891142,0.135277324264869,0,0.516728320963432
186,101.099999999999,5,364.293720491301,0,0,15,0,0,0
186,101.099999999999,6,84.1037951668167,2.79392045454546,0,1.5537706264182e-16,2.5375,0,90
186,101.199999999999,1,399.000000000002,0,0,15,0,0,0
186,101.199999999999,2,146.748683528228,0,0,1.02857142857143,0,0,0
186,101.199999999999,3,300.318327260351,2.79392045454546,0,1.5537706264182e-16,2.5375,0,90
186,101.199999999999,4,299.466832272387,-0.363839044691101,0,14.9993899891142,0.135277324264869,0,0.516728320963432
186,101.199999999999,5,364.293720491301,0,0,15,0,0,0
186,101.199999999999,6,84.1037951668167,2.79392045454546,0,1.5537706264182e-16,2.5375,0,90
186,101.299999999999,1,399.000000000002,0,0,15,0,0,0
186,101.299999999999,2,146.748683528228,0,0,1.02857142857143,0,0,0
186,101.299999999999,3,300.318327260351,2.79392045454546,0,1.5537706264182e-16,2.5375,0,90
186,101.299999999999,4,299.466832272387,-0.363839044691101,0,14.9993899891142,0.135277324264869,0,0.516728320963432
186,101.299999999999,5,364.293720491301,0,0,15,0,0,0
186,101.299999999999,6,84.1037951668167,2.79392045454546,0,1.5537706264182e-16,2.5375,0,90
186,101.399999999999,1,399.000000000002,0,0,15,0,0,0
186,101.399999999999,2,146.748683528228,0,0,1.02857142857143,0,0,0
186,101.399999999999,3,300.318327260351,2.79392045454546,0,1.5537706264182e-16,2.5375,0,90
186,101.399999999999,4,299.466832272387,-0.363839044691101,0,14.9993899891142,0.135277324264869,0,0.516728320963432
186,101.399999999999,5,364.293720491301,0,0,15,0,0,0
186,101.399999999999,6,84.1037951668167,2.79392045454546,0,1.5537706264182e-16,2.5375,0,90
186,101.499999999999,1,399.000000000002,0,0,15,0,0,0
186,101.499999999999,2,146.748683528228,0,0,1.02857142857143,0,0,0
186,101.499999999999,3,300.318327260351,2.79392045454546,0,1.5537706264182e-16,2.5375,0,90
186,101.499999999999,4,299.466832272387,-0.363839044691101,0,14.9993899891142,0.135277324264869,0,0.516728320963432
186,101.499999999999,5,364.293720491301,0,0,15,0,0,0
186,101.499999999999,6,84.1037951668167,2.79392045454546,0,1.5537706264182e-16,2.5375,0,90
186,101.599999999999,1,399.000000000002,0,0,15,0,0,0
186,101.599999999999,2,146.748683528228,0,0,1.02857142857143,0,0,0
186,101.599999999999,3,300.318327260351,2.79392045454546,0,1.5537706264182e-16,2.5375,0,90
186,101.599999999999,4,299.466832272387,-0.363839044691101,0,14.9993899891142,0.135277324264869,0,0.516728320963432
186,101.599999999999,5,364.293720491301,0,0,15,0,0,0
186,101.599999999999,6,84.1037951668167,2.79392045454546,0,1.5537706264182e-16,2.5375,0,90
186,101.699999999998,1,399.000000000002,0,0,15,0,0,0
186,101.699999999998,2,146.748683528228,0,0,1.02857142857143,0,0,0
186,101.699999999998,3,300.318327260351,2.79392045454546,0,1.5537706264182e-16,2.5375,0,90
186,101.699999999998,4,299.466832272387,-0.363839044691101,0,14.9993899891142,0.135277324264869,0,0.516728320963432
186,101.699999999998,5,364.293720491301,0,0,15,0,0,0
186,101.699999999998,6,84.1037951668167,2.79392045454546,0,1.5537706264182e-16,2.5375,0,90
186,101.799999999998,1,399.000000000002,0,0,15,0,0,0
186,101.799999999998,2,146.748683528228,0,0,1.02857142857143,0,0,0
186,101.799999999998,3,300.318327260351,2.79392045454546,0,1.5537706264182e-16,2.5375,0,90
186,101.799999999998,4,299.466832272387,-0.363839044691101,0,14.9993899891142,0.135277324264869,0,0.516728320963432
186,101.799999999998,5,364.293720491301,0,0,15,0,0,0
186,101.799999999998,6,84.1037951668167,2.79392045454546,0,1.5537706264182e-16,2.5375,0,90
186,101.899999999998,1,399.000000000002,0,0,15,0,0,0
186,101.899999999998,2,146.748683528228,0,0,1.02857142857143,0,0,0
186,101.899999999998,3,300.318327260351,2.79392045454546,0,1.5537706264182e-16,2.5375,0,90
186,101.899999999998,4,299.466832272387,-0.363839044691101,0,14.9993899891142,0.135277324264869,0,0.516728320963432
186,101.899999999998,5,364.293720491301,0,0,15,0,0,0
186,101.899999999998,6,84.1037951668167,2.79392045454546,0,1.5537706264182e-16,2.5375,0,90
186,101.999999999998,1,399.000000000002,0,0,15,0,0,0
186,101.999999999998,2,146.748683528228,0,0,1.02857142857143,0,0,0
186,101.999999999998,3,300.318327260351,2.79392045454546,0,1.5537706264182e-16,2.5375,0,90
186,101.999999999998,4,299.466832272387,-0.363839044691101,0,14.9993899891142,0.135277324264869,0,0.516728320963432
186,101.999999999998,5,364.293720491301,0,0,15,0,0,0
186,101.999999999998,6,84.1037951668167,2.79392045454546,0,1.5537706264182e-16,2.5375,0,90
186,102.099999999998,1,399.000000000002,0,0,15,0,0,0
186,102.099999999998,2,146.748683528228,0,0,1.02857142857143,0,0,0
186,102.099999999998,3,300.318327260351,2.79392045454546,0,1.5537706264182e-16,2.5375,0,90
186,102.099999999998,4,299.466832272387,-0.363839044691101,0,14.9993899891142,0.135277324264869,0,0.516728320963432
186,102.099999999998,5,364.293720491301,0,0,15,0,0,0
186,102.099999999998,6,84.1037951668167,2.79392045454546,0,1.5537706264182e-16,2.5375,0,90
186,102.199999999998,1,399.000000000002,0,0,15,0,0,0
186,102.199999999998,2,146.748683528228,0,0,1.02857142857143,0,0,0
186,102.199999999998,3,300.318327260351,2.79392045454546,0,1.5537706264182e-16,2.5375,0,90
186,102.199999999998,4,299.466832272387,-0.363839044691101,0,14.9993899891142,0.135277324264869,0,0.516728320963432
186,102.199999999998,5,364.293720491301,0,0,15,0,0,0
186,102.199999999998,6,84.1037951668167,2.79392045454546,0,1.5537706264182e-16,2.5375,0,90
186,102.299999999998,1,399.000000000002,0,0,15,0,0,0
186,102.299999999998,2,146.748683528228,0,0,1.02857142857143,0,0,0
186,102.299999999998,3,300.318327260351,2.79392045454546,0,1.5537706264182e-16,2.5375,0,90
186,102.299999999998,4,299.466832272387,-0.363839044691101,0,14.9993899891142,0.135277324264869,0,0.516728320963432
186,102.299999999998,5,364.293720491301,0,0,15,0,0,0
186,102.299999999998,6,84.1037951668167,2.79392045454546,0,1.5537706264182e-16,2.5375,0,90
186,102.399999999998,1,399.000000000002,0,0,15,0,0,0
186,102.399999999998,2,146.748683528228,0,0,1.02857142857143,0,0,0
186,102.399999999998,3,300.318327260351,2.79392045454546,0,1.5537706264182e-16,2.5375,0,90
186,102.399999999998,4,299.466832272387,-0.363839044691101,0,14.9993899891142,0.135277324264869,0,0.516728320963432
186,102.399999999998,5,364.293720491301,0,0,15,0,0,0
186,102.399999999998,6,84.1037951668167,2.79392045454546,0,1.5537706264182e-16,2.5375,0,90
186,102.499999999998,1,399.000000000002,0,0,15,0,0,0
186,102.499999999998,2,146.748683528228,0,0,1.02857142857143,0,0,0
186,102.499999999998,3,300.318327260351,2.79392045454546,0,1.5537706264182e-16,2.5375,0,90
186,102.499999999998,4,299.466832272387,-0.363839044691101,0,14.9993899891142,0.135277324264869,0,0.516728320963432
186,102.499999999998,5,364.293720491301,0,0,15,0,0,0
186,102.499999999998,6,84.1037951668167,2.79392045454546,0,1.5537706264182e-16,2.5375,0,90
186,102.599999999998,1,399.000000000002,0,0,15,0,0,0
186,102.599999999998,2,146.748683528228,0,0,1.02857142857143,0,0,0
186,102.599999999998,3,300.318327260351,2.79392045454546,0,1.5537706264182e-16,2.5375,0,90
186,102.599999999998,4,299.466832272387,-0.363839044691101,0,14.9993899891142,0.135277324264869,0,0.516728320963432
186,102.599999999998,5,364.293720491301,0,0,15,0,0,0
186,102.599999999998,6,84.1037951668167,2.79392045454546,0,1.5537706264182e-16,2.5375,0,90
186,102.699999999998,1,399.000000000002,0,0,15,0,0,0
186,102.699999999998,2,146.748683528228,0,0,1.02857142857143,0,0,0
186,102.699999999998,3,300.318327260351,2.79392045454546,0,1.5537706264182e-16,2.5375,0,90
186,102.699999999998,4,299.466832272387,-0.363839044691101,0,14.9993899891142,0.135277324264869,0,0.516728320963432
186,102.699999999998,5,364.293720491301,0,0,15,0,0,0
186,102.699999999998,6,84.1037951668167,2.79392045454546,0,1.5537706264182e-16,2.5375,0,90
186,102.799999999998,1,399.000000000002,0,0,15,0,0,0
186,102.799999999998,2,146.748683528228,0,0,1.02857142857143,0,0,0
186,102.799999999998,3,300.318327260351,2.79392045454546,0,1.5537706264182e-16,2.5375,0,90
186,102.799999999998,4,299.466832272387,-0.363839044691101,0,14.9993899891142,0.135277324264869,0,0.516728320963432
186,102.799999999998,5,364.293720491301,0,0,15,0,0,0
186,102.799999999998,6,84.1037951668167,2.79392045454546,0,1.5537706264182e-16,2.5375,0,90
186,102.899999999998,1,399.000000000002,0,0,15,0,0,0
186,102.899999999998,2,146.748683528228,0,0,1.02857142857143,0,0,0
186,102.899999999998,3,300.318327260351,2.79392045454546,0,1.5537706264182e-16,2.5375,0,90
186,102.899999999998,4,299.466832272387,-0.363839044691101,0,14.9993899891142,0.135277324264869,0,0.516728320963432
186,102.899999999998,5,364.293720491301,0,0,15,0,0,0
186,102.899999999998,6,84.1037951668167,2.79392045454546,0,1.5537706264182e-16,2.5375,0,90
186,102.999999999998,1,399.000000000002,0,0,15,0,0,0
186,102.999999999998,2,146.748683528228,0,0,1.02857142857143,0,0,0
186,102.999999999998,3,300.318327260351,2.79392045454546,0,1.5537706264182e-16,2.5375,0,90
186,102.999999999998,4,299.466832272387,-0.363839044691101,0,14.9993899891142,0.135277324264869,0,0.516728320963432
186,102.999999999998,5,364.293720491301,0,0,15,0,0,0
186,102.999999999998,6,84.1037951668167,2.79392045454546,0,1.5537706264182e-16,2.5375,0,90
186,103.099999999998,1,399.000000000002,0,0,15,0,0,0
186,103.099999999998,2,146.748683528228,0,0,1.02857142857143,0,0,0
186,103.099999999998,3,300.318327260351,2.79392045454546,0,1.5537706264182e-16,2.5375,0,90
186,103.099999999998,4,299.466832272387,-0.363839044691101,0,14.9993899891142,0.135277324264869,0,0.516728320963432
186,103.099999999998,5,364.293720491301,0,0,15,0,0,0
186,103.099999999998,6,84.1037951668167,2.79392045454546,0,1.5537706264182e-16,2.5375,0,90
186,103.199999999998,1,399.000000000002,0,0,15,0,0,0
186,103.199999999998,2,146.748683528228,0,0,1.02857142857143,0,0,0
186,103.199999999998,3,300.318327260351,2.79392045454546,0,1.5537706264182e-16,2.5375,0,90
186,103.199999999998,4,299.466832272387,-0.363839044691101,0,14.9993899891142,0.135277324264869,0,0.516728320963432
186,103.199999999998,5,364.293720491301,0,0,15,0,0,0
186,103.199999999998,6,84.1037951668167,2.79392045454546,0,1.5537706264182e-16,2.5375,0,90
186,103.299999999998,1,399.000000000002,0,0,15,0,0,0
186,103.299999999998,2,146.748683528228,0,0,1.02857142857143,0,0,0
186,103.299999999998,3,300.318327260351,2.79392045454546,0,1.5537706264182e-16,2.5375,0,90
186,103.299999999998,4,299.466832272387,-0.363839044691101,0,14.9993899891142,0.135277324264869,0,0.516728320963432
186,103.299999999998,5,364.293720491301,0,0,15,0,0,0
186,103.299999999998,6,84.1037951668167,2.79392045454546,0,1.5537706264182e-16,2.5375,0,90
186,103.399999999998,1,399.000000000002,0,0,15,0,0,0
186,103.399999999998,2,146.748683528228,0,0,1.02857142857143,0,0,0
186,103.399999999998,3,300.318327260351,2.79392045454546,0,1.5537706264182e-16,2.5375,0,90
186,103.399999999998,4,299.466832272387,-0.363839044691101,0,14.9993899891142,0.135277324264869,0,0.516728320963432
186,103.399999999998,5,364.293720491301,0,0,15,0,0,0
186,103.399999999998,6,84.1037951668167,2.79392045454546,0,1.5537706264182e-16,2.5375,0,90
186,103.499999999998,1,399.000000000002,0,0,15,0,0,0
186,103.499999999998,2,146.748683528228,0,0,1.02857142857143,0,0,0
186,103.499999999998,3,300.318327260351,2.79392045454546,0,1.5537706264182e-16,2.5375,0,90
186,103.499999999998,4,299.466832272387,-0.363839044691101,0,14.9993899891142,0.135277324264869,0,0.516728320963432
186,103.499999999998,5,364.293720491301,0,0,15,0,0,0
186,103.499999999998,6,84.1037951668167,2.79392045454546,0,1.5537706264182e-16,2.5375,0,90
186,103.599999999998,1,399.000000000002,0,0,15,0,0,0
186,103.599999999998,2,146.748683528228,0,0,1.02857142857143,0,0,0
186,103.599999999998,3,300.318327260351,2.79392045454546,0,1.5537706264182e-16,2.5375,0,90
186,103.599999999998,4,299.466832272387,-0.363839044691101,0,14.9993899891142,0.135277324264869,0,0.516728320963432
186,103.599999999998,5,364.293720491301,0,0,15,0,0,0
186,103.599999999998,6,84.1037951668167,2.79392045454546,0,1.5537706264182e-16,2.5375,0,90
186,103.699999999998,1,399.000000000002,0,0,15,0,0,0
186,103.699999999998,2,146.748683528228,0,0,1.02857142857143,0,0,0
186,103.699999999998,3,300.318327260351,2.79392045454546,0,1.5537706264182e-16,2.5375,0,90
186,103.699999999998,4,299.466832272387,-0.363839044691101,0,14.9993899891142,0.135277324264869,0,0.516728320963432
186,103.699999999998,5,364.293720491301,0,0,15,0,0,0
186,103.699999999998,6,84.1037951668167,2.79392045454546,0,1.5537706264182e-16,2.5375,0,90
186,103.799999999998,1,399.000000000002,0,0,15,0,0,0
186,103.799999999998,2,146.748683528228,0,0,1.02857142857143,0,0,0
186,103.799999999998,3,300.318327260351,2.79392045454546,0,1.5537706264182e-16,2.5375,0,90
186,103.799999999998,4,299.466832272387,-0.363839044691101,0,14.9993899891142,0.135277324264869,0,0.516728320963432
186,103.799999999998,5,364.293720491301,0,0,15,0,0,0
186,103.799999999998,6,84.1037951668167,2.79392045454546,0,1.5537706264182e-16,2.5375,0,90
186,103.899999999998,1,399.000000000002,0,0,15,0,0,0
186,103.899999999998,2,146.748683528228,0,0,1.02857142857143,0,0,0
186,103.899999999998,3,300.318327260351,2.79392045454546,0,1.5537706264182e-16,2.5375,0,90
186,103.899999999998,4,299.466832272387,-0.363839044691101,0,14.9993899891142,0.135277324264869,0,0.516728320963432
186,103.899999999998,5,364.293720491301,0,0,15,0,0,0
186,103.899999999998,6,84.1037951668167,2.79392045454546,0,1.5537706264182e-16,2.5375,0,90
186,103.999999999998,1,399.000000000002,0,0,15,0,0,0
186,103.999999999998,2,146.748683528228,0,0,1.02857142857143,0,0,0
186,103.999999999998,3,300.318327260351,2.79392045454546,0,1.5537706264182e-16,2.5375,0,90
186,103.999999999998,4,299.466832272387,-0.363839044691101,0,14.9993899891142,0.135277324264869,0,0.516728320963432
186,103.999999999998,5,364.293720491301,0,0,15,0,0,0
186,103.999999999998,6,84.1037951668167,2.79392045454546,0,1.5537706264182e-16,2.5375,0,90
186,104.099999999998,1,399.000000000002,0,0,15,0,0,0
186,104.099999999998,2,146.748683528228,0,0,1.02857142857143,0,0,0
186,104.099999999998,3,300.318327260351,2.79392045454546,0,1.5537706264182e-16,2.5375,0,90
186,104.099999999998,4,299.466832272387,-0.363839044691101,0,14.9993899891142,0.135277324264869,0,0.516728320963432
186,104.099999999998,5,364.293720491301,0,0,15,0,0,0
186,104.099999999998,6,84.1037951668167,2.79392045454546,0,1.5537706264182e-16,2.5375,0,90
186,104.199999999998,1,399.000000000002,0,0,15,0,0,0
186,104.199999999998,2,146.748683528228,0,0,1.02857142857143,0,0,0
186,104.199999999998,3,300.318327260351,2.79392045454546,0,1.5537706264182e-16,2.5375,0,90
186,104.199999999998,4,299.466832272387,-0.363839044691101,0,14.9993899891142,0.135277324264869,0,0.516728320963432
186,104.199999999998,5,364.293720491301,0,0,15,0,0,0
186,104.199999999998,6,84.1037951668167,2.79392045454546,0,1.5537706264182e-16,2.5375,0,90
186,104.299999999998,1,399.000000000002,0,0,15,0,0,0
186,104.299999999998,2,146.748683528228,0,0,1.02857142857143,0,0,0
186,104.299999999998,3,300.318327260351,2.79392045454546,0,1.5537706264182e-16,2.5375,0,90
186,104.299999999998,4,299.466832272387,-0.363839044691101,0,14.9993899891142,0.135277324264869,0,0.516728320963432
186,104.299999999998,5,364.293720491301,0,0,15,0,0,0
186,104.299999999998,6,84.1037951668167,2.79392045454546,0,1.5537706264182e-16,2.5375,0,90
186,104.399999999998,1,399.000000000002,0,0,15,0,0,0
186,104.399999999998,2,146.748683528228,0,0,1.02857142857143,0,0,0
186,104.399999999998,3,300.318327260351,2.79392045454546,0,1.5537706264182e-16,2.5375,0,90
186,104.399999999998,4,299.466832272387,-0.363839044691101,0,14.9993899891142,0.135277324264869,0,0.516728320963432
186,104.399999999998,5,364.293720491301,0,0,15,0,0,0
186,104.399999999998,6,84.1037951668167,2.79392045454546,0,1.5537706264182e-16,2.5375,0,90
186,104.499999999998,1,399.000000000002,0,0,15,0,0,0
186,104.499999999998,2,146.748683528228,0,0,1.02857142857143,0,0,0
186,104.499999999998,3,300.318327260351,2.79392045454546,0,1.5537706264182e-16,2.5375,0,90
186,104.499999999998,4,299.466832272387,-0.363839044691101,0,14.9993899891142,0.135277324264869,0,0.516728320963432
186,104.499999999998,5,364.293720491301,0,0,15,0,0,0
186,104.499999999998,6,84.1037951668167,2.79392045454546,0,1.5537706264182e-16,2.5375,0,90
186,104.599999999998,1,399.000000000002,0,0,15,0,0,0
186,104.599999999998,2,146.748683528228,0,0,1.02857142857143,0,0,0
186,104.599999999998,3,300.318327260351,2.79392045454546,0,1.5537706264182e-16,2.5375,0,90
186,104.599999999998,4,299.466832272387,-0.363839044691101,0,14.9993899891142,0.135277324264869,0,0.516728320963432
186,104.599999999998,5,364.293720491301,0,0,15,0,0,0
186,104.599999999998,6,84.1037951668167,2.79392045454546,0,1.5537706264182e-16,2.5375,0,90
186,104.699999999998,1,399.000000000002,0,0,15,0,0,0
186,104.699999999998,2,146.748683528228,0,0,1.02857142857143,0,0,0
186,104.699999999998,3,300.318327260351,2.79392045454546,0,1.5537706264182e-16,2.5375,0,90
186,104.699999999998,4,299.466832272387,-0.363839044691101,0,14.9993899891142,0.135277324264869,0,0.516728320963432
186,104.699999999998,5,364.293720491301,0,0,15,0,0,0
186,104.699999999998,6,84.1037951668167,2.79392045454546,0,1.5537706264182e-16,2.5375,0,90
186,104.799999999998,1,399.000000000002,0,0,15,0,0,0
186,104.799999999998,2,146.748683528228,0,0,1.02857142857143,0,0,0
186,104.799999999998,3,300.318327260351,2.79392045454546,0,1.5537706264182e-16,2.5375,0,90
186,104.799999999998,4,299.466832272387,-0.363839044691101,0,14.9993899891142,0.135277324264869,0,0.516728320963432
186,104.799999999998,5,364.293720491301,0,0,15,0,0,0
186,104.799999999998,6,84.1037951668167,2.79392045454546,0,1.5537706264182e-16,2.5375,0,90
186,104.899999999998,1,399.000000000002,0,0,15,0,0,0
186,104.899999999998,2,146.748683528228,0,0,1.02857142857143,0,0,0
186,104.899999999998,3,300.318327260351,2.79392045454546,0,1.5537706264182e-16,2.5375,0,90
186,104.899999999998,4,299.466832272387,-0.363839044691101,0,14.9993899891142,0.135277324264869,0,0.516728320963432
186,104.899999999998,5,364.293720491301,0,0,15,0,0,0
186,104.899999999998,6,84.1037951668167,2.79392045454546,0,1.5537706264182e-16,2.5375,0,90
186,104.999999999998,1,399.000000000002,0,0,15,0,0,0
186,104.999999999998,2,146.748683528228,0,0,1.02857142857143,0,0,0
186,104.999999999998,3,300.318327260351,2.79392045454546,0,1.5537706264182e-16,2.5375,0,90
186,104.999999999998,4,299.466832272387,-0.363839044691101,0,14.9993899891142,0.135277324264869,0,0.516728320963432
186,104.999999999998,5,364.293720491301,0,0,15,0,0,0
186,104.999999999998,6,84.1037951668167,2.79392045454546,0,1.5537706264182e-16,2.5375,0,90
186,105.099999999998,1,399.000000000002,0,0,15,0,0,0
186,105.099999999998,2,146.748683528228,0,0,1.02857142857143,0,0,0
186,105.099999999998,3,300.318327260351,2.79392045454546,0,1.5537706264182e-16,2.5375,0,90
186,105.099999999998,4,299.466832272387,-0.363839044691101,0,14.9993899891142,0.135277324264869,0,0.516728320963432
186,105.099999999998,5,364.293720491301,0,0,15,0,0,0
186,105.099999999998,6,84.1037951668167,2.79392045454546,0,1.5537706264182e-16,2.5375,0,90
186,105.199999999998,1,399.000000000002,0,0,15,0,0,0
186,105.199999999998,2,146.748683528228,0,0,1.02857142857143,0,0,0
186,105.199999999998,3,300.318327260351,2.79392045454546,0,1.5537706264182e-16,2.5375,0,90
186,105.199999999998,4,299.466832272387,-0.363839044691101,0,14.9993899891142,0.135277324264869,0,0.516728320963432
186,105.199999999998,5,364.293720491301,0,0,15,0,0,0
186,105.199999999998,6,84.1037951668167,2.79392045454546,0,1.5537706264182e-16,2.5375,0,90
186,105.299999999998,1,399.000000000002,0,0,15,0,0,0
186,105.299999999998,2,146.748683528228,0,0,1.02857142857143,0,0,0
186,105.299999999998,3,300.318327260351,2.79392045454546,0,1.5537706264182e-16,2.5375,0,90
186,105.299999999998,4,299.466832272387,-0.363839044691101,0,14.9993899891142,0.135277324264869,0,0.516728320963432
186,105.299999999998,5,364.293720491301,0,0,15,0,0,0
186,105.299999999998,6,84.1037951668167,2.79392045454546,0,1.5537706264182e-16,2.5375,0,90
186,105.399999999998,1,399.000000000002,0,0,15,0,0,0
186,105.399999999998,2,146.748683528228,0,0,1.02857142857143,0,0,0
186,105.399999999998,3,300.318327260351,2.79392045454546,0,1.5537706264182e-16,2.5375,0,90
186,105.399999999998,4,299.466832272387,-0.363839044691101,0,14.9993899891142,0.135277324264869,0,0.516728320963432
186,105.399999999998,5,364.293720491301,0,0,15,0,0,0
186,105.399999999998,6,84.1037951668167,2.79392045454546,0,1.5537706264182e-16,2.5375,0,90
186,105.499999999998,1,399.000000000002,0,0,15,0,0,0
186,105.499999999998,2,146.748683528228,0,0,1.02857142857143,0,0,0
186,105.499999999998,3,300.318327260351,2.79392045454546,0,1.5537706264182e-16,2.5375,0,90
186,105.499999999998,4,299.466832272387,-0.363839044691101,0,14.9993899891142,0.135277324264869,0,0.516728320963432
186,105.499999999998,5,364.293720491301,0,0,15,0,0,0
186,105.499999999998,6,84.1037951668167,2.79392045454546,0,1.5537706264182e-16,2.5375,0,90
186,105.599999999998,1,399.000000000002,0,0,15,0,0,0
186,105.599999999998,2,146.748683528228,0,0,1.02857142857143,0,0,0
186,105.599999999998,3,300.318327260351,2.79392045454546,0,1.5537706264182e-16,2.5375,0,90
186,105.599999999998,4,299.466832272387,-0.363839044691101,0,14.9993899891142,0.135277324264869,0,0.516728320963432
186,105.599999999998,5,364.293720491301,0,0,15,0,0,0
186,105.599999999998,6,84.1037951668167,2.79392045454546,0,1.5537706264182e-16,2.5375,0,90
186,105.699999999998,1,399.000000000002,0,0,15,0,0,0
186,105.699999999998,2,146.748683528228,0,0,1.02857142857143,0,0,0
186,105.699999999998,3,300.318327260351,2.79392045454546,0,1.5537706264182e-16,2.5375,0,90
186,105.699999999998,4,299.466832272387,-0.363839044691101,0,14.9993899891142,0.135277324264869,0,0.516728320963432
186,105.699999999998,5,364.293720491301,0,0,15,0,0,0
186,105.699999999998,6,84.1037951668167,2.79392045454546,0,1.5537706264182e-16,2.5375,0,90
186,105.799999999998,1,399.000000000002,0,0,15,0,0,0
186,105.799999999998,2,146.748683528228,0,0,1.02857142857143,0,0,0
186,105.799999999998,3,300.318327260351,2.79392045454546,0,1.5537706264182e-16,2.5375,0,90
186,105.799999999998,4,299.466832272387,-0.363839044691101,0,14.9993899891142,0.135277324264869,0,0.516728320963432
186,105.799999999998,5,364.293720491301,0,0,15,0,0,0
186,105.799999999998,6,84.1037951668167,2.79392045454546,0,1.5537706264182e-16,2.5375,0,90
186,105.899999999998,1,399.000000000002,0,0,15,0,0,0
186,105.899999999998,2,146.748683528228,0,0,1.02857142857143,0,0,0
186,105.899999999998,3,300.318327260351,2.79392045454546,0,1.5537706264182e-16,2.5375,0,90
186,105.899999999998,4,299.466832272387,-0.363839044691101,0,14.9993899891142,0.135277324264869,0,0.516728320963432
186,105.899999999998,5,364.293720491301,0,0,15,0,0,0
186,105.899999999998,6,84.1037951668167,2.79392045454546,0,1.5537706264182e-16,2.5375,0,90
186,105.999999999998,1,399.000000000002,0,0,15,0,0,0
186,105.999999999998,2,146.748683528228,0,0,1.02857142857143,0,0,0
186,105.999999999998,3,300.318327260351,2.79392045454546,0,1.5537706264182e-16,2.5375,0,90
186,105.999999999998,4,299.466832272387,-0.363839044691101,0,14.9993899891142,0.135277324264869,0,0.516728320963432
186,105.999999999998,5,364.293720491301,0,0,15,0,0,0
186,105.999999999998,6,84.1037951668167,2.79392045454546,0,1.5537706264182e-16,2.5375,0,90
186,106.099999999998,1,399.000000000002,0,0,15,0,0,0
186,106.099999999998,2,146.748683528228,0,0,1.02857142857143,0,0,0
186,106.099999999998,3,300.318327260351,2.79392045454546,0,1.5537706264182e-16,2.5375,0,90
186,106.099999999998,4,299.466832272387,-0.363839044691101,0,14.9993899891142,0.135277324264869,0,0.516728320963432
186,106.099999999998,5,364.293720491301,0,0,15,0,0,0
186,106.099999999998,6,84.1037951668167,2.79392045454546,0,1.5537706264182e-16,2.5375,0,90
186,106.199999999998,1,399.000000000002,0,0,15,0,0,0
186,106.199999999998,2,146.748683528228,0,0,1.02857142857143,0,0,0
186,106.199999999998,3,300.318327260351,2.79392045454546,0,1.5537706264182e-16,2.5375,0,90
186,106.199999999998,4,299.466832272387,-0.363839044691101,0,14.9993899891142,0.135277324264869,0,0.516728320963432
186,106.199999999998,5,364.293720491301,0,0,15,0,0,0
186,106.199999999998,6,84.1037951668167,2.79392045454546,0,1.5537706264182e-16,2.5375,0,90
186,106.299999999998,1,399.000000000002,0,0,15,0,0,0
186,106.299999999998,2,146.748683528228,0,0,1.02857142857143,0,0,0
186,106.299999999998,3,300.318327260351,2.79392045454546,0,1.5537706264182e-16,2.5375,0,90
186,106.299999999998,4,299.466832272387,-0.363839044691101,0,14.9993899891142,0.135277324264869,0,0.516728320963432
186,106.299999999998,5,364.293720491301,0,0,15,0,0,0
186,106.299999999998,6,84.1037951668167,2.79392045454546,0,1.5537706264182e-16,2.5375,0,90
186,106.399999999998,1,399.000000000002,0,0,15,0,0,0
186,106.399999999998,2,146.748683528228,0,0,1.02857142857143,0,0,0
186,106.399999999998,3,300.318327260351,2.79392045454546,0,1.5537706264182e-16,2.5375,0,90
186,106.399999999998,4,299.466832272387,-0.363839044691101,0,14.9993899891142,0.135277324264869,0,0.516728320963432
186,106.399999999998,5,364.293720491301,0,0,15,0,0,0
186,106.399999999998,6,84.1037951668167,2.79392045454546,0,1.5537706264182e-16,2.5375,0,90
186,106.499999999998,1,399.000000000002,0,0,15,0,0,0
186,106.499999999998,2,146.748683528228,0,0,1.02857142857143,0,0,0
186,106.499999999998,3,300.318327260351,2.79392045454546,0,1.5537706264182e-16,2.5375,0,90
186,106.499999999998,4,299.466832272387,-0.363839044691101,0,14.9993899891142,0.135277324264869,0,0.516728320963432
186,106.499999999998,5,364.293720491301,0,0,15,0,0,0
186,106.499999999998,6,84.1037951668167,2.79392045454546,0,1.5537706264182e-16,2.5375,0,90
186,106.599999999998,1,399.000000000002,0,0,15,0,0,0
186,106.599999999998,2,146.748683528228,0,0,1.02857142857143,0,0,0
186,106.599999999998,3,300.318327260351,2.79392045454546,0,1.5537706264182e-16,2.5375,0,90
186,106.599999999998,4,299.466832272387,-0.363839044691101,0,14.9993899891142,0.135277324264869,0,0.516728320963432
186,106.599999999998,5,364.293720491301,0,0,15,0,0,0
186,106.599999999998,6,84.1037951668167,2.79392045454546,0,1.5537706264182e-16,2.5375,0,90
186,106.699999999998,1,399.000000000002,0,0,15,0,0,0
186,106.699999999998,2,146.748683528228,0,0,1.02857142857143,0,0,0
186,106.699999999998,3,300.318327260351,2.79392045454546,0,1.5537706264182e-16,2.5375,0,90
186,106.699999999998,4,299.466832272387,-0.363839044691101,0,14.9993899891142,0.135277324264869,0,0.516728320963432
186,106.699999999998,5,364.293720491301,0,0,15,0,0,0
186,106.699999999998,6,84.1037951668167,2.79392045454546,0,1.5537706264182e-16,2.5375,0,90
186,106.799999999998,1,399.000000000002,0,0,15,0,0,0
186,106.799999999998,2,146.748683528228,0,0,1.02857142857143,0,0,0
186,106.799999999998,3,300.318327260351,2.79392045454546,0,1.5537706264182e-16,2.5375,0,90
186,106.799999999998,4,299.466832272387,-0.363839044691101,0,14.9993899891142,0.135277324264869,0,0.516728320963432
186,106.799999999998,5,364.293720491301,0,0,15,0,0,0
186,106.799999999998,6,84.1037951668167,2.79392045454546,0,1.5537706264182e-16,2.5375,0,90
186,106.899999999998,1,399.000000000002,0,0,15,0,0,0
186,106.899999999998,2,146.748683528228,0,0,1.02857142857143,0,0,0
186,106.899999999998,3,300.318327260351,2.79392045454546,0,1.5537706264182e-16,2.5375,0,90
186,106.899999999998,4,299.466832272387,-0.363839044691101,0,14.9993899891142,0.135277324264869,0,0.516728320963432
186,106.899999999998,5,364.293720491301,0,0,15,0,0,0
186,106.899999999998,6,84.1037951668167,2.79392045454546,0,1.5537706264182e-16,2.5375,0,90
186,106.999999999998,1,399.000000000002,0,0,15,0,0,0
186,106.999999999998,2,146.748683528228,0,0,1.02857142857143,0,0,0
186,106.999999999998,3,300.318327260351,2.79392045454546,0,1.5537706264182e-16,2.5375,0,90
186,106.999999999998,4,299.466832272387,-0.363839044691101,0,14.9993899891142,0.135277324264869,0,0.516728320963432
186,106.999999999998,5,364.293720491301,0,0,15,0,0,0
186,106.999999999998,6,84.1037951668167,2.79392045454546,0,1.5537706264182e-16,2.5375,0,90
186,107.099999999998,1,399.000000000002,0,0,15,0,0,0
186,107.099999999998,2,146.748683528228,0,0,1.02857142857143,0,0,0
186,107.099999999998,3,300.318327260351,2.79392045454546,0,1.5537706264182e-16,2.5375,0,90
186,107.099999999998,4,299.466832272387,-0.363839044691101,0,14.9993899891142,0.135277324264869,0,0.516728320963432
186,107.099999999998,5,364.293720491301,0,0,15,0,0,0
186,107.099999999998,6,84.1037951668167,2.79392045454546,0,1.5537706264182e-16,2.5375,0,90
186,107.199999999998,1,399.000000000002,0,0,15,0,0,0
186,107.199999999998,2,146.748683528228,0,0,1.02857142857143,0,0,0
186,107.199999999998,3,300.318327260351,2.79392045454546,0,1.5537706264182e-16,2.5375,0,90
186,107.199999999998,4,299.466832272387,-0.363839044691101,0,14.9993899891142,0.135277324264869,0,0.516728320963432
186,107.199999999998,5,364.293720491301,0,0,15,0,0,0
186,107.199999999998,6,84.1037951668167,2.79392045454546,0,1.5537706264182e-16,2.5375,0,90
186,107.299999999998,1,399.000000000002,0,0,15,0,0,0
186,107.299999999998,2,146.748683528228,0,0,1.02857142857143,0,0,0
186,107.299999999998,3,300.318327260351,2.79392045454546,0,1.5537706264182e-16,2.5375,0,90
186,107.299999999998,4,299.466832272387,-0.363839044691101,0,14.9993899891142,0.135277324264869,0,0.516728320963432
186,107.299999999998,5,364.293720491301,0,0,15,0,0,0
186,107.299999999998,6,84.1037951668167,2.79392045454546,0,1.5537706264182e-16,2.5375,0,90
186,107.399999999998,1,399.000000000002,0,0,15,0,0,0
186,107.399999999998,2,146.748683528228,0,0,1.02857142857143,0,0,0
186,107.399999999998,3,300.318327260351,2.79392045454546,0,1.5537706264182e-16,2.5375,0,90
186,107.399999999998,4,299.466832272387,-0.363839044691101,0,14.9993899891142,0.135277324264869,0,0.516728320963432
186,107.399999999998,5,364.293720491301,0,0,15,0,0,0
186,107.399999999998,6,84.1037951668167,2.79392045454546,0,1.5537706264182e-16,2.5375,0,90
186,107.499999999998,1,399.000000000002,0,0,15,0,0,0
186,107.499999999998,2,146.748683528228,0,0,1.02857142857143,0,0,0
186,107.499999999998,3,300.318327260351,2.79392045454546,0,1.5537706264182e-16,2.5375,0,90
186,107.499999999998,4,299.466832272387,-0.363839044691101,0,14.9993899891142,0.135277324264869,0,0.516728320963432
186,107.499999999998,5,364.293720491301,0,0,15,0,0,0
186,107.499999999998,6,84.1037951668167,2.79392045454546,0,1.5537706264182e-16,2.5375,0,90
186,107.599999999998,1,399.000000000002,0,0,15,0,0,0
186,107.599999999998,2,146.748683528228,0,0,1.02857142857143,0,0,0
186,107.599999999998,3,300.318327260351,2.79392045454546,0,1.5537706264182e-16,2.5375,0,90
186,107.599999999998,4,299.466832272387,-0.363839044691101,0,14.9993899891142,0.135277324264869,0,0.516728320963432
186,107.599999999998,5,364.293720491301,0,0,15,0,0,0
186,107.599999999998,6,84.1037951668167,2.79392045454546,0,1.5537706264182e-16,2.5375,0,90
186,107.699999999998,1,399.000000000002,0,0,15,0,0,0
186,107.699999999998,2,146.748683528228,0,0,1.02857142857143,0,0,0
186,107.699999999998,3,300.318327260351,2.79392045454546,0,1.5537706264182e-16,2.5375,0,90
186,107.699999999998,4,299.466832272387,-0.363839044691101,0,14.9993899891142,0.135277324264869,0,0.516728320963432
186,107.699999999998,5,364.293720491301,0,0,15,0,0,0
186,107.699999999998,6,84.1037951668167,2.79392045454546,0,1.5537706264182e-16,2.5375,0,90
186,107.799999999998,1,399.000000000002,0,0,15,0,0,0
186,107.799999999998,2,146.748683528228,0,0,1.02857142857143,0,0,0
186,107.799999999998,3,300.318327260351,2.79392045454546,0,1.5537706264182e-16,2.5375,0,90
186,107.799999999998,4,299.466832272387,-0.363839044691101,0,14.9993899891142,0.135277324264869,0,0.516728320963432
186,107.799999999998,5,364.293720491301,0,0,15,0,0,0
186,107.799999999998,6,84.1037951668167,2.79392045454546,0,1.5537706264182e-16,2.5375,0,90
186,107.899999999998,1,399.000000000002,0,0,15,0,0,0
186,107.899999999998,2,146.748683528228,0,0,1.02857142857143,0,0,0
186,107.899999999998,3,300.318327260351,2.79392045454546,0,1.5537706264182e-16,2.5375,0,90
186,107.899999999998,4,299.466832272387,-0.363839044691101,0,14.9993899891142,0.135277324264869,0,0.516728320963432
186,107.899999999998,5,364.293720491301,0,0,15,0,0,0
186,107.899999999998,6,84.1037951668167,2.79392045454546,0,1.5537706264182e-16,2.5375,0,90
186,107.999999999998,1,399.000000000002,0,0,15,0,0,0
186,107.999999999998,2,146.748683528228,0,0,1.02857142857143,0,0,0
186,107.999999999998,3,300.318327260351,2.79392045454546,0,1.5537706264182e-16,2.5375,0,90
186,107.999999999998,4,299.466832272387,-0.363839044691101,0,14.9993899891142,0.135277324264869,0,0.516728320963432
186,107.999999999998,5,364.293720491301,0,0,15,0,0,0
186,107.999999999998,6,84.1037951668167,2.79392045454546,0,1.5537706264182e-16,2.5375,0,90
186,108.099999999998,1,399.000000000002,0,0,15,0,0,0
186,108.099999999998,2,146.748683528228,0,0,1.02857142857143,0,0,0
186,108.099999999998,3,300.318327260351,2.79392045454546,0,1.5537706264182e-16,2.5375,0,90
186,108.099999999998,4,299.466832272387,-0.363839044691101,0,14.9993899891142,0.135277324264869,0,0.516728320963432
186,108.099999999998,5,364.293720491301,0,0,15,0,0,0
186,108.099999999998,6,84.1037951668167,2.79392045454546,0,1.5537706264182e-16,2.5375,0,90
186,108.199999999998,1,399.000000000002,0,0,15,0,0,0
186,108.199999999998,2,146.748683528228,0,0,1.02857142857143,0,0,0
186,108.199999999998,3,300.318327260351,2.79392045454546,0,1.5537706264182e-16,2.5375,0,90
186,108.199999999998,4,299.466832272387,-0.363839044691101,0,14.9993899891142,0.135277324264869,0,0.516728320963432
186,108.199999999998,5,364.293720491301,0,0,15,0,0,0
186,108.199999999998,6,84.1037951668167,2.79392045454546,0,1.5537706264182e-16,2.5375,0,90
186,108.299999999998,1,399.000000000002,0,0,15,0,0,0
186,108.299999999998,2,146.748683528228,0,0,1.02857142857143,0,0,0
186,108.299999999998,3,300.318327260351,2.79392045454546,0,1.5537706264182e-16,2.5375,0,90
186,108.299999999998,4,299.466832272387,-0.363839044691101,0,14.9993899891142,0.135277324264869,0,0.516728320963432
186,108.299999999998,5,364.293720491301,0,0,15,0,0,0
186,108.299999999998,6,84.1037951668167,2.79392045454546,0,1.5537706264182e-16,2.5375,0,90
186,108.399999999998,1,399.000000000002,0,0,15,0,0,0
186,108.399999999998,2,146.748683528228,0,0,1.02857142857143,0,0,0
186,108.399999999998,3,300.318327260351,2.79392045454546,0,1.5537706264182e-16,2.5375,0,90
186,108.399999999998,4,299.466832272387,-0.363839044691101,0,14.9993899891142,0.135277324264869,0,0.516728320963432
186,108.399999999998,5,364.293720491301,0,0,15,0,0,0
186,108.399999999998,6,84.1037951668167,2.79392045454546,0,1.5537706264182e-16,2.5375,0,90
186,108.499999999998,1,399.000000000002,0,0,15,0,0,0
186,108.499999999998,2,146.748683528228,0,0,1.02857142857143,0,0,0
186,108.499999999998,3,300.318327260351,2.79392045454546,0,1.5537706264182e-16,2.5375,0,90
186,108.499999999998,4,299.466832272387,-0.363839044691101,0,14.9993899891142,0.135277324264869,0,0.516728320963432
186,108.499999999998,5,364.293720491301,0,0,15,0,0,0
186,108.499999999998,6,84.1037951668167,2.79392045454546,0,1.5537706264182e-16,2.5375,0,90
186,108.599999999998,1,399.000000000002,0,0,15,0,0,0
186,108.599999999998,2,146.748683528228,0,0,1.02857142857143,0,0,0
186,108.599999999998,3,300.318327260351,2.79392045454546,0,1.5537706264182e-16,2.5375,0,90
186,108.599999999998,4,299.466832272387,-0.363839044691101,0,14.9993899891142,0.135277324264869,0,0.516728320963432
186,108.599999999998,5,364.293720491301,0,0,15,0,0,0
186,108.599999999998,6,84.1037951668167,2.79392045454546,0,1.5537706264182e-16,2.5375,0,90
186,108.699999999998,1,399.000000000002,0,0,15,0,0,0
186,108.699999999998,2,146.748683528228,0,0,1.02857142857143,0,0,0
186,108.699999999998,3,300.318327260351,2.79392045454546,0,1.5537706264182e-16,2.5375,0,90
186,108.699999999998,4,299.466832272387,-0.363839044691101,0,14.9993899891142,0.135277324264869,0,0.516728320963432
186,108.699999999998,5,364.293720491301,0,0,15,0,0,0
186,108.699999999998,6,84.1037951668167,2.79392045454546,0,1.5537706264182e-16,2.5375,0,90
186,108.799999999998,1,399.000000000002,0,0,15,0,0,0
186,108.799999999998,2,146.748683528228,0,0,1.02857142857143,0,0,0
186,108.799999999998,3,300.318327260351,2.79392045454546,0,1.5537706264182e-16,2.5375,0,90
186,108.799999999998,4,299.466832272387,-0.363839044691101,0,14.9993899891142,0.135277324264869,0,0.516728320963432
186,108.799999999998,5,364.293720491301,0,0,15,0,0,0
186,108.799999999998,6,84.1037951668167,2.79392045454546,0,1.5537706264182e-16,2.5375,0,90
186,108.899999999998,1,399.000000000002,0,0,15,0,0,0
186,108.899999999998,2,146.748683528228,0,0,1.02857142857143,0,0,0
186,108.899999999998,3,300.318327260351,2.79392045454546,0,1.5537706264182e-16,2.5375,0,90
186,108.899999999998,4,299.466832272387,-0.363839044691101,0,14.9993899891142,0.135277324264869,0,0.516728320963432
186,108.899999999998,5,364.293720491301,0,0,15,0,0,0
186,108.899999999998,6,84.1037951668167,2.79392045454546,0,1.5537706264182e-16,2.5375,0,90
186,108.999999999998,1,399.000000000002,0,0,15,0,0,0
186,108.999999999998,2,146.748683528228,0,0,1.02857142857143,0,0,0
186,108.999999999998,3,300.318327260351,2.79392045454546,0,1.5537706264182e-16,2.5375,0,90
186,108.999999999998,4,299.466832272387,-0.363839044691101,0,14.9993899891142,0.135277324264869,0,0.516728320963432
186,108.999999999998,5,364.293720491301,0,0,15,0,0,0
186,108.999999999998,6,84.1037951668167,2.79392045454546,0,1.5537706264182e-16,2.5375,0,90
186,109.099999999998,1,399.000000000002,0,0,15,0,0,0
186,109.099999999998,2,146.748683528228,0,0,1.02857142857143,0,0,0
186,109.099999999998,3,300.318327260351,2.79392045454546,0,1.5537706264182e-16,2.5375,0,90
186,109.099999999998,4,299.466832272387,-0.363839044691101,0,14.9993899891142,0.135277324264869,0,0.516728320963432
186,109.099999999998,5,364.293720491301,0,0,15,0,0,0
186,109.099999999998,6,84.1037951668167,2.79392045454546,0,1.5537706264182e-16,2.5375,0,90
186,109.199999999998,1,399.000000000002,0,0,15,0,0,0
186,109.199999999998,2,146.748683528228,0,0,1.02857142857143,0,0,0
186,109.199999999998,3,300.318327260351,2.79392045454546,0,1.5537706264182e-16,2.5375,0,90
186,109.199999999998,4,299.466832272387,-0.363839044691101,0,14.9993899891142,0.135277324264869,0,0.516728320963432
186,109.199999999998,5,364.293720491301,0,0,15,0,0,0
186,109.199999999998,6,84.1037951668167,2.79392045454546,0,1.5537706264182e-16,2.5375,0,90
186,109.299999999998,1,399.000000000002,0,0,15,0,0,0
186,109.299999999998,2,146.748683528228,0,0,1.02857142857143,0,0,0
186,109.299999999998,3,300.318327260351,2.79392045454546,0,1.5537706264182e-16,2.5375,0,90
186,109.299999999998,4,299.466832272387,-0.363839044691101,0,14.9993899891142,0.135277324264869,0,0.516728320963432
186,109.299999999998,5,364.293720491301,0,0,15,0,0,0
186,109.299999999998,6,84.1037951668167,2.79392045454546,0,1.5537706264182e-16,2.5375,0,90
186,109.399999999998,1,399.000000000002,0,0,15,0,0,0
186,109.399999999998,2,146.748683528228,0,0,1.02857142857143,0,0,0
186,109.399999999998,3,300.318327260351,2.79392045454546,0,1.5537706264182e-16,2.5375,0,90
186,109.399999999998,4,299.466832272387,-0.363839044691101,0,14.9993899891142,0.135277324264869,0,0.516728320963432
186,109.399999999998,5,364.293720491301,0,0,15,0,0,0
186,109.399999999998,6,84.1037951668167,2.79392045454546,0,1.5537706264182e-16,2.5375,0,90
186,109.499999999998,1,399.000000000002,0,0,15,0,0,0
186,109.499999999998,2,146.748683528228,0,0,1.02857142857143,0,0,0
186,109.499999999998,3,300.318327260351,2.79392045454546,0,1.5537706264182e-16,2.5375,0,90
186,109.499999999998,4,299.466832272387,-0.363839044691101,0,14.9993899891142,0.135277324264869,0,0.516728320963432
186,109.499999999998,5,364.293720491301,0,0,15,0,0,0
186,109.499999999998,6,84.1037951668167,2.79392045454546,0,1.5537706264182e-16,2.5375,0,90
186,109.599999999998,1,399.000000000002,0,0,15,0,0,0
186,109.599999999998,2,146.748683528228,0,0,1.02857142857143,0,0,0
186,109.599999999998,3,300.318327260351,2.79392045454546,0,1.5537706264182e-16,2.5375,0,90
186,109.599999999998,4,299.466832272387,-0.363839044691101,0,14.9993899891142,0.135277324264869,0,0.516728320963432
186,109.599999999998,5,364.293720491301,0,0,15,0,0,0
186,109.599999999998,6,84.1037951668167,2.79392045454546,0,1.5537706264182e-16,2.5375,0,90
186,109.699999999998,1,399.000000000002,0,0,15,0,0,0
186,109.699999999998,2,146.748683528228,0,0,1.02857142857143,0,0,0
186,109.699999999998,3,300.318327260351,2.79392045454546,0,1.5537706264182e-16,2.5375,0,90
186,109.699999999998,4,299.466832272387,-0.363839044691101,0,14.9993899891142,0.135277324264869,0,0.516728320963432
186,109.699999999998,5,364.293720491301,0,0,15,0,0,0
186,109.699999999998,6,84.1037951668167,2.79392045454546,0,1.5537706264182e-16,2.5375,0,90
186,109.799999999998,1,399.000000000002,0,0,15,0,0,0
186,109.799999999998,2,146.748683528228,0,0,1.02857142857143,0,0,0
186,109.799999999998,3,300.318327260351,2.79392045454546,0,1.5537706264182e-16,2.5375,0,90
186,109.799999999998,4,299.466832272387,-0.363839044691101,0,14.9993899891142,0.135277324264869,0,0.516728320963432
186,109.799999999998,5,364.293720491301,0,0,15,0,0,0
186,109.799999999998,6,84.1037951668167,2.79392045454546,0,1.5537706264182e-16,2.5375,0,90
186,109.899999999998,1,399.000000000002,0,0,15,0,0,0
186,109.899999999998,2,146.748683528228,0,0,1.02857142857143,0,0,0
186,109.899999999998,3,300.318327260351,2.79392045454546,0,1.5537706264182e-16,2.5375,0,90
186,109.899999999998,4,299.466832272387,-0.363839044691101,0,14.9993899891142,0.135277324264869,0,0.516728320963432
186,109.899999999998,5,364.293720491301,0,0,15,0,0,0
186,109.899999999998,6,84.1037951668167,2.79392045454546,0,1.5537706264182e-16,2.5375,0,90
186,109.999999999998,1,399.000000000002,0,0,15,0,0,0
186,109.999999999998,2,146.748683528228,0,0,1.02857142857143,0,0,0
186,109.999999999998,3,300.318327260351,2.79392045454546,0,1.5537706264182e-16,2.5375,0,90
186,109.999999999998,4,299.466832272387,-0.363839044691101,0,14.9993899891142,0.135277324264869,0,0.516728320963432
186,109.999999999998,5,364.293720491301,0,0,15,0,0,0
186,109.999999999998,6,84.1037951668167,2.79392045454546,0,1.5537706264182e-16,2.5375,0,90
186,110.099999999998,1,399.000000000002,0,0,15,0,0,0
186,110.099999999998,2,146.748683528228,0,0,1.02857142857143,0,0,0
186,110.099999999998,3,300.318327260351,2.79392045454546,0,1.5537706264182e-16,2.5375,0,90
186,110.099999999998,4,299.466832272387,-0.363839044691101,0,14.9993899891142,0.135277324264869,0,0.516728320963432
186,110.099999999998,5,364.293720491301,0,0,15,0,0,0
186,110.099999999998,6,84.1037951668167,2.79392045454546,0,1.5537706264182e-16,2.5375,0,90
186,110.199999999998,1,399.000000000002,0,0,15,0,0,0
186,110.199999999998,2,146.748683528228,0,0,1.02857142857143,0,0,0
186,110.199999999998,3,300.318327260351,2.79392045454546,0,1.5537706264182e-16,2.5375,0,90
186,110.199999999998,4,299.466832272387,-0.363839044691101,0,14.9993899891142,0.135277324264869,0,0.516728320963432
186,110.199999999998,5,364.293720491301,0,0,15,0,0,0
186,110.199999999998,6,84.1037951668167,2.79392045454546,0,1.5537706264182e-16,2.5375,0,90
186,110.299999999998,1,399.000000000002,0,0,15,0,0,0
186,110.299999999998,2,146.748683528228,0,0,1.02857142857143,0,0,0
186,110.299999999998,3,300.318327260351,2.79392045454546,0,1.5537706264182e-16,2.5375,0,90
186,110.299999999998,4,299.466832272387,-0.363839044691101,0,14.9993899891142,0.135277324264869,0,0.516728320963432
186,110.299999999998,5,364.293720491301,0,0,15,0,0,0
186,110.299999999998,6,84.1037951668167,2.79392045454546,0,1.5537706264182e-16,2.5375,0,90
186,110.399999999998,1,399.000000000002,0,0,15,0,0,0
186,110.399999999998,2,146.748683528228,0,0,1.02857142857143,0,0,0
186,110.399999999998,3,300.318327260351,2.79392045454546,0,1.5537706264182e-16,2.5375,0,90
186,110.399999999998,4,299.466832272387,-0.363839044691101,0,14.9993899891142,0.135277324264869,0,0.516728320963432
186,110.399999999998,5,364.293720491301,0,0,15,0,0,0
186,110.399999999998,6,84.1037951668167,2.79392045454546,0,1.5537706264182e-16,2.5375,0,90
186,110.499999999998,1,399.000000000002,0,0,15,0,0,0
186,110.499999999998,2,146.748683528228,0,0,1.02857142857143,0,0,0
186,110.499999999998,3,300.318327260351,2.79392045454546,0,1.5537706264182e-16,2.5375,0,90
186,110.499999999998,4,299.466832272387,-0.363839044691101,0,14.9993899891142,0.135277324264869,0,0.516728320963432
186,110.499999999998,5,364.293720491301,0,0,15,0,0,0
186,110.499999999998,6,84.1037951668167,2.79392045454546,0,1.5537706264182e-16,2.5375,0,90
186,110.599999999998,1,399.000000000002,0,0,15,0,0,0
186,110.599999999998,2,146.748683528228,0,0,1.02857142857143,0,0,0
186,110.599999999998,3,300.318327260351,2.79392045454546,0,1.5537706264182e-16,2.5375,0,90
186,110.599999999998,4,299.466832272387,-0.363839044691101,0,14.9993899891142,0.135277324264869,0,0.516728320963432
186,110.599999999998,5,364.293720491301,0,0,15,0,0,0
186,110.599999999998,6,84.1037951668167,2.79392045454546,0,1.5537706264182e-16,2.5375,0,90
186,110.699999999998,1,399.000000000002,0,0,15,0,0,0
186,110.699999999998,2,146.748683528228,0,0,1.02857142857143,0,0,0
186,110.699999999998,3,300.318327260351,2.79392045454546,0,1.5537706264182e-16,2.5375,0,90
186,110.699999999998,4,299.466832272387,-0.363839044691101,0,14.9993899891142,0.135277324264869,0,0.516728320963432
186,110.699999999998,5,364.293720491301,0,0,15,0,0,0
186,110.699999999998,6,84.1037951668167,2.79392045454546,0,1.5537706264182e-16,2.5375,0,90
186,110.799999999998,1,399.000000000002,0,0,15,0,0,0
186,110.799999999998,2,146.748683528228,0,0,1.02857142857143,0,0,0
186,110.799999999998,3,300.318327260351,2.79392045454546,0,1.5537706264182e-16,2.5375,0,90
186,110.799999999998,4,299.466832272387,-0.363839044691101,0,14.9993899891142,0.135277324264869,0,0.516728320963432
186,110.799999999998,5,364.293720491301,0,0,15,0,0,0
186,110.799999999998,6,84.1037951668167,2.79392045454546,0,1.5537706264182e-16,2.5375,0,90
186,110.899999999998,1,399.000000000002,0,0,15,0,0,0
186,110.899999999998,2,146.748683528228,0,0,1.02857142857143,0,0,0
186,110.899999999998,3,300.318327260351,2.79392045454546,0,1.5537706264182e-16,2.5375,0,90
186,110.899999999998,4,299.466832272387,-0.363839044691101,0,14.9993899891142,0.135277324264869,0,0.516728320963432
186,110.899999999998,5,364.293720491301,0,0,15,0,0,0
186,110.899999999998,6,84.1037951668167,2.79392045454546,0,1.5537706264182e-16,2.5375,0,90
186,110.999999999998,1,399.000000000002,0,0,15,0,0,0
186,110.999999999998,2,146.748683528228,0,0,1.02857142857143,0,0,0
186,110.999999999998,3,300.318327260351,2.79392045454546,0,1.5537706264182e-16,2.5375,0,90
186,110.999999999998,4,299.466832272387,-0.363839044691101,0,14.9993899891142,0.135277324264869,0,0.516728320963432
186,110.999999999998,5,364.293720491301,0,0,15,0,0,0
186,110.999999999998,6,84.1037951668167,2.79392045454546,0,1.5537706264182e-16,2.5375,0,90
186,111.099999999998,1,399.000000000002,0,0,15,0,0,0
186,111.099999999998,2,146.748683528228,0,0,1.02857142857143,0,0,0
186,111.099999999998,3,300.318327260351,2.79392045454546,0,1.5537706264182e-16,2.5375,0,90
186,111.099999999998,4,299.466832272387,-0.363839044691101,0,14.9993899891142,0.135277324264869,0,0.516728320963432
186,111.099999999998,5,364.293720491301,0,0,15,0,0,0
186,111.099999999998,6,84.1037951668167,2.79392045454546,0,1.5537706264182e-16,2.5375,0,90
186,111.199999999998,1,399.000000000002,0,0,15,0,0,0
186,111.199999999998,2,146.748683528228,0,0,1.02857142857143,0,0,0
186,111.199999999998,3,300.318327260351,2.79392045454546,0,1.5537706264182e-16,2.5375,0,90
186,111.199999999998,4,299.466832272387,-0.363839044691101,0,14.9993899891142,0.135277324264869,0,0.516728320963432
186,111.199999999998,5,364.293720491301,0,0,15,0,0,0
186,111.199999999998,6,84.1037951668167,2.79392045454546,0,1.5537706264182e-16,2.5375,0,90
186,111.299999999998,1,399.000000000002,0,0,15,0,0,0
186,111.299999999998,2,146.748683528228,0,0,1.02857142857143,0,0,0
186,111.299999999998,3,300.318327260351,2.79392045454546,0,1.5537706264182e-16,2.5375,0,90
186,111.299999999998,4,299.466832272387,-0.363839044691101,0,14.9993899891142,0.135277324264869,0,0.516728320963432
186,111.299999999998,5,364.293720491301,0,0,15,0,0,0
186,111.299999999998,6,84.1037951668167,2.79392045454546,0,1.5537706264182e-16,2.5375,0,90
186,111.399999999998,1,399.000000000002,0,0,15,0,0,0
186,111.399999999998,2,146.748683528228,0,0,1.02857142857143,0,0,0
186,111.399999999998,3,300.318327260351,2.79392045454546,0,1.5537706264182e-16,2.5375,0,90
186,111.399999999998,4,299.466832272387,-0.363839044691101,0,14.9993899891142,0.135277324264869,0,0.516728320963432
186,111.399999999998,5,364.293720491301,0,0,15,0,0,0
186,111.399999999998,6,84.1037951668167,2.79392045454546,0,1.5537706264182e-16,2.5375,0,90
186,111.499999999998,1,399.000000000002,0,0,15,0,0,0
186,111.499999999998,2,146.748683528228,0,0,1.02857142857143,0,0,0
186,111.499999999998,3,300.318327260351,2.79392045454546,0,1.5537706264182e-16,2.5375,0,90
186,111.499999999998,4,299.466832272387,-0.363839044691101,0,14.9993899891142,0.135277324264869,0,0.516728320963432
186,111.499999999998,5,364.293720491301,0,0,15,0,0,0
186,111.499999999998,6,84.1037951668167,2.79392045454546,0,1.5537706264182e-16,2.5375,0,90
186,111.599999999998,1,399.000000000002,0,0,15,0,0,0
186,111.599999999998,2,146.748683528228,0,0,1.02857142857143,0,0,0
186,111.599999999998,3,300.318327260351,2.79392045454546,0,1.5537706264182e-16,2.5375,0,90
186,111.599999999998,4,299.466832272387,-0.363839044691101,0,14.9993899891142,0.135277324264869,0,0.516728320963432
186,111.599999999998,5,364.293720491301,0,0,15,0,0,0
186,111.599999999998,6,84.1037951668167,2.79392045454546,0,1.5537706264182e-16,2.5375,0,90
186,111.699999999998,1,399.000000000002,0,0,15,0,0,0
186,111.699999999998,2,146.748683528228,0,0,1.02857142857143,0,0,0
186,111.699999999998,3,300.318327260351,2.79392045454546,0,1.5537706264182e-16,2.5375,0,90
186,111.699999999998,4,299.466832272387,-0.363839044691101,0,14.9993899891142,0.135277324264869,0,0.516728320963432
186,111.699999999998,5,364.293720491301,0,0,15,0,0,0
186,111.699999999998,6,84.1037951668167,2.79392045454546,0,1.5537706264182e-16,2.5375,0,90
186,111.799999999998,1,399.000000000002,0,0,15,0,0,0
186,111.799999999998,2,146.748683528228,0,0,1.02857142857143,0,0,0
186,111.799999999998,3,300.318327260351,2.79392045454546,0,1.5537706264182e-16,2.5375,0,90
186,111.799999999998,4,299.466832272387,-0.363839044691101,0,14.9993899891142,0.135277324264869,0,0.516728320963432
186,111.799999999998,5,364.293720491301,0,0,15,0,0,0
186,111.799999999998,6,84.1037951668167,2.79392045454546,0,1.5537706264182e-16,2.5375,0,90
186,111.899999999998,1,399.000000000002,0,0,15,0,0,0
186,111.899999999998,2,146.748683528228,0,0,1.02857142857143,0,0,0
186,111.899999999998,3,300.318327260351,2.79392045454546,0,1.5537706264182e-16,2.5375,0,90
186,111.899999999998,4,299.466832272387,-0.363839044691101,0,14.9993899891142,0.135277324264869,0,0.516728320963432
186,111.899999999998,5,364.293720491301,0,0,15,0,0,0
186,111.899999999998,6,84.1037951668167,2.79392045454546,0,1.5537706264182e-16,2.5375,0,90
186,111.999999999998,1,399.000000000002,0,0,15,0,0,0
186,111.999999999998,2,146.748683528228,0,0,1.02857142857143,0,0,0
186,111.999999999998,3,300.318327260351,2.79392045454546,0,1.5537706264182e-16,2.5375,0,90
186,111.999999999998,4,299.466832272387,-0.363839044691101,0,14.9993899891142,0.135277324264869,0,0.516728320963432
186,111.999999999998,5,364.293720491301,0,0,15,0,0,0
186,111.999999999998,6,84.1037951668167,2.79392045454546,0,1.5537706264182e-16,2.5375,0,90
186,112.099999999998,1,399.000000000002,0,0,15,0,0,0
186,112.099999999998,2,146.748683528228,0,0,1.02857142857143,0,0,0
186,112.099999999998,3,300.318327260351,2.79392045454546,0,1.5537706264182e-16,2.5375,0,90
186,112.099999999998,4,299.466832272387,-0.363839044691101,0,14.9993899891142,0.135277324264869,0,0.516728320963432
186,112.099999999998,5,364.293720491301,0,0,15,0,0,0
186,112.099999999998,6,84.1037951668167,2.79392045454546,0,1.5537706264182e-16,2.5375,0,90
186,112.199999999998,1,399.000000000002,0,0,15,0,0,0
186,112.199999999998,2,146.748683528228,0,0,1.02857142857143,0,0,0
186,112.199999999998,3,300.318327260351,2.79392045454546,0,1.5537706264182e-16,2.5375,0,90
186,112.199999999998,4,299.466832272387,-0.363839044691101,0,14.9993899891142,0.135277324264869,0,0.516728320963432
186,112.199999999998,5,364.293720491301,0,0,15,0,0,0
186,112.199999999998,6,84.1037951668167,2.79392045454546,0,1.5537706264182e-16,2.5375,0,90
186,112.299999999998,1,399.000000000002,0,0,15,0,0,0
186,112.299999999998,2,146.748683528228,0,0,1.02857142857143,0,0,0
186,112.299999999998,3,300.318327260351,2.79392045454546,0,1.5537706264182e-16,2.5375,0,90
186,112.299999999998,4,299.466832272387,-0.363839044691101,0,14.9993899891142,0.135277324264869,0,0.516728320963432
186,112.299999999998,5,364.293720491301,0,0,15,0,0,0
186,112.299999999998,6,84.1037951668167,2.79392045454546,0,1.5537706264182e-16,2.5375,0,90
186,112.399999999998,1,399.000000000002,0,0,15,0,0,0
186,112.399999999998,2,146.748683528228,0,0,1.02857142857143,0,0,0
186,112.399999999998,3,300.318327260351,2.79392045454546,0,1.5537706264182e-16,2.5375,0,90
186,112.399999999998,4,299.466832272387,-0.363839044691101,0,14.9993899891142,0.135277324264869,0,0.516728320963432
186,112.399999999998,5,364.293720491301,0,0,15,0,0,0
186,112.399999999998,6,84.1037951668167,2.79392045454546,0,1.5537706264182e-16,2.5375,0,90
186,112.499999999998,1,399.000000000002,0,0,15,0,0,0
186,112.499999999998,2,146.748683528228,0,0,1.02857142857143,0,0,0
186,112.499999999998,3,300.318327260351,2.79392045454546,0,1.5537706264182e-16,2.5375,0,90
186,112.499999999998,4,299.466832272387,-0.363839044691101,0,14.9993899891142,0.135277324264869,0,0.516728320963432
186,112.499999999998,5,364.293720491301,0,0,15,0,0,0
186,112.499999999998,6,84.1037951668167,2.79392045454546,0,1.5537706264182e-16,2.5375,0,90
186,112.599999999998,1,399.000000000002,0,0,15,0,0,0
186,112.599999999998,2,146.748683528228,0,0,1.02857142857143,0,0,0
186,112.599999999998,3,300.318327260351,2.79392045454546,0,1.5537706264182e-16,2.5375,0,90
186,112.599999999998,4,299.466832272387,-0.363839044691101,0,14.9993899891142,0.135277324264869,0,0.516728320963432
186,112.599999999998,5,364.293720491301,0,0,15,0,0,0
186,112.599999999998,6,84.1037951668167,2.79392045454546,0,1.5537706264182e-16,2.5375,0,90
186,112.699999999998,1,399.000000000002,0,0,15,0,0,0
186,112.699999999998,2,146.748683528228,0,0,1.02857142857143,0,0,0
186,112.699999999998,3,300.318327260351,2.79392045454546,0,1.5537706264182e-16,2.5375,0,90
186,112.699999999998,4,299.466832272387,-0.363839044691101,0,14.9993899891142,0.135277324264869,0,0.516728320963432
186,112.699999999998,5,364.293720491301,0,0,15,0,0,0
186,112.699999999998,6,84.1037951668167,2.79392045454546,0,1.5537706264182e-16,2.5375,0,90
186,112.799999999998,1,399.000000000002,0,0,15,0,0,0
186,112.799999999998,2,146.748683528228,0,0,1.02857142857143,0,0,0
186,112.799999999998,3,300.318327260351,2.79392045454546,0,1.5537706264182e-16,2.5375,0,90
186,112.799999999998,4,299.466832272387,-0.363839044691101,0,14.9993899891142,0.135277324264869,0,0.516728320963432
186,112.799999999998,5,364.293720491301,0,0,15,0,0,0
186,112.799999999998,6,84.1037951668167,2.79392045454546,0,1.5537706264182e-16,2.5375,0,90
186,112.899999999998,1,399.000000000002,0,0,15,0,0,0
186,112.899999999998,2,146.748683528228,0,0,1.02857142857143,0,0,0
186,112.899999999998,3,300.318327260351,2.79392045454546,0,1.5537706264182e-16,2.5375,0,90
186,112.899999999998,4,299.466832272387,-0.363839044691101,0,14.9993899891142,0.135277324264869,0,0.516728320963432
186,112.899999999998,5,364.293720491301,0,0,15,0,0,0
186,112.899999999998,6,84.1037951668167,2.79392045454546,0,1.5537706264182e-16,2.5375,0,90
186,112.999999999998,1,399.000000000002,0,0,15,0,0,0
186,112.999999999998,2,146.748683528228,0,0,1.02857142857143,0,0,0
186,112.999999999998,3,300.318327260351,2.79392045454546,0,1.5537706264182e-16,2.5375,0,90
186,112.999999999998,4,299.466832272387,-0.363839044691101,0,14.9993899891142,0.135277324264869,0,0.516728320963432
186,112.999999999998,5,364.293720491301,0,0,15,0,0,0
186,112.999999999998,6,84.1037951668167,2.79392045454546,0,1.5537706264182e-16,2.5375,0,90
186,113.099999999998,1,399.000000000002,0,0,15,0,0,0
186,113.099999999998,2,146.748683528228,0,0,1.02857142857143,0,0,0
186,113.099999999998,3,300.318327260351,2.79392045454546,0,1.5537706264182e-16,2.5375,0,90
186,113.099999999998,4,299.466832272387,-0.363839044691101,0,14.9993899891142,0.135277324264869,0,0.516728320963432
186,113.099999999998,5,364.293720491301,0,0,15,0,0,0
186,113.099999999998,6,84.1037951668167,2.79392045454546,0,1.5537706264182e-16,2.5375,0,90
186,113.199999999998,1,399.000000000002,0,0,15,0,0,0
186,113.199999999998,2,146.748683528228,0,0,1.02857142857143,0,0,0
186,113.199999999998,3,300.318327260351,2.79392045454546,0,1.5537706264182e-16,2.5375,0,90
186,113.199999999998,4,299.466832272387,-0.363839044691101,0,14.9993899891142,0.135277324264869,0,0.516728320963432
186,113.199999999998,5,364.293720491301,0,0,15,0,0,0
186,113.199999999998,6,84.1037951668167,2.79392045454546,0,1.5537706264182e-16,2.5375,0,90
186,113.299999999998,1,399.000000000002,0,0,15,0,0,0
186,113.299999999998,2,146.748683528228,0,0,1.02857142857143,0,0,0
186,113.299999999998,3,300.318327260351,2.79392045454546,0,1.5537706264182e-16,2.5375,0,90
186,113.299999999998,4,299.466832272387,-0.363839044691101,0,14.9993899891142,0.135277324264869,0,0.516728320963432
186,113.299999999998,5,364.293720491301,0,0,15,0,0,0
186,113.299999999998,6,84.1037951668167,2.79392045454546,0,1.5537706264182e-16,2.5375,0,90
186,113.399999999998,1,399.000000000002,0,0,15,0,0,0
186,113.399999999998,2,146.748683528228,0,0,1.02857142857143,0,0,0
186,113.399999999998,3,300.318327260351,2.79392045454546,0,1.5537706264182e-16,2.5375,0,90
186,113.399999999998,4,299.466832272387,-0.363839044691101,0,14.9993899891142,0.135277324264869,0,0.516728320963432
186,113.399999999998,5,364.293720491301,0,0,15,0,0,0
186,113.399999999998,6,84.1037951668167,2.79392045454546,0,1.5537706264182e-16,2.5375,0,90
186,113.499999999998,1,399.000000000002,0,0,15,0,0,0
186,113.499999999998,2,146.748683528228,0,0,1.02857142857143,0,0,0
186,113.499999999998,3,300.318327260351,2.79392045454546,0,1.5537706264182e-16,2.5375,0,90
186,113.499999999998,4,299.466832272387,-0.363839044691101,0,14.9993899891142,0.135277324264869,0,0.516728320963432
186,113.499999999998,5,364.293720491301,0,0,15,0,0,0
186,113.499999999998,6,84.1037951668167,2.79392045454546,0,1.5537706264182e-16,2.5375,0,90
186,113.599999999998,1,399.000000000002,0,0,15,0,0,0
186,113.599999999998,2,146.748683528228,0,0,1.02857142857143,0,0,0
186,113.599999999998,3,300.318327260351,2.79392045454546,0,1.5537706264182e-16,2.5375,0,90
186,113.599999999998,4,299.466832272387,-0.363839044691101,0,14.9993899891142,0.135277324264869,0,0.516728320963432
186,113.599999999998,5,364.293720491301,0,0,15,0,0,0
186,113.599999999998,6,84.1037951668167,2.79392045454546,0,1.5537706264182e-16,2.5375,0,90
186,113.699999999998,1,399.000000000002,0,0,15,0,0,0
186,113.699999999998,2,146.748683528228,0,0,1.02857142857143,0,0,0
186,113.699999999998,3,300.318327260351,2.79392045454546,0,1.5537706264182e-16,2.5375,0,90
186,113.699999999998,4,299.466832272387,-0.363839044691101,0,14.9993899891142,0.135277324264869,0,0.516728320963432
186,113.699999999998,5,364.293720491301,0,0,15,0,0,0
186,113.699999999998,6,84.1037951668167,2.79392045454546,0,1.5537706264182e-16,2.5375,0,90
186,113.799999999998,1,399.000000000002,0,0,15,0,0,0
186,113.799999999998,2,146.748683528228,0,0,1.02857142857143,0,0,0
186,113.799999999998,3,300.318327260351,2.79392045454546,0,1.5537706264182e-16,2.5375,0,90
186,113.799999999998,4,299.466832272387,-0.363839044691101,0,14.9993899891142,0.135277324264869,0,0.516728320963432
186,113.799999999998,5,364.293720491301,0,0,15,0,0,0
186,113.799999999998,6,84.1037951668167,2.79392045454546,0,1.5537706264182e-16,2.5375,0,90
186,113.899999999998,1,399.000000000002,0,0,15,0,0,0
186,113.899999999998,2,146.748683528228,0,0,1.02857142857143,0,0,0
186,113.899999999998,3,300.318327260351,2.79392045454546,0,1.5537706264182e-16,2.5375,0,90
186,113.899999999998,4,299.466832272387,-0.363839044691101,0,14.9993899891142,0.135277324264869,0,0.516728320963432
186,113.899999999998,5,364.293720491301,0,0,15,0,0,0
186,113.899999999998,6,84.1037951668167,2.79392045454546,0,1.5537706264182e-16,2.5375,0,90
186,113.999999999998,1,399.000000000002,0,0,15,0,0,0
186,113.999999999998,2,146.748683528228,0,0,1.02857142857143,0,0,0
186,113.999999999998,3,300.318327260351,2.79392045454546,0,1.5537706264182e-16,2.5375,0,90
186,113.999999999998,4,299.466832272387,-0.363839044691101,0,14.9993899891142,0.135277324264869,0,0.516728320963432
186,113.999999999998,5,364.293720491301,0,0,15,0,0,0
186,113.999999999998,6,84.1037951668167,2.79392045454546,0,1.5537706264182e-16,2.5375,0,90
186,114.099999999998,1,399.000000000002,0,0,15,0,0,0
186,114.099999999998,2,146.748683528228,0,0,1.02857142857143,0,0,0
186,114.099999999998,3,300.318327260351,2.79392045454546,0,1.5537706264182e-16,2.5375,0,90
186,114.099999999998,4,299.466832272387,-0.363839044691101,0,14.9993899891142,0.135277324264869,0,0.516728320963432
186,114.099999999998,5,364.293720491301,0,0,15,0,0,0
186,114.099999999998,6,84.1037951668167,2.79392045454546,0,1.5537706264182e-16,2.5375,0,90
186,114.199999999998,1,399.000000000002,0,0,15,0,0,0
186,114.199999999998,2,146.748683528228,0,0,1.02857142857143,0,0,0
186,114.199999999998,3,300.318327260351,2.79392045454546,0,1.5537706264182e-16,2.5375,0,90
186,114.199999999998,4,299.466832272387,-0.363839044691101,0,14.9993899891142,0.135277324264869,0,0.516728320963432
186,114.199999999998,5,364.293720491301,0,0,15,0,0,0
186,114.199999999998,6,84.1037951668167,2.79392045454546,0,1.5537706264182e-16,2.5375,0,90
186,114.299999999998,1,399.000000000002,0,0,15,0,0,0
186,114.299999999998,2,146.748683528228,0,0,1.02857142857143,0,0,0
186,114.299999999998,3,300.318327260351,2.79392045454546,0,1.5537706264182e-16,2.5375,0,90
186,114.299999999998,4,299.466832272387,-0.363839044691101,0,14.9993899891142,0.135277324264869,0,0.516728320963432
186,114.299999999998,5,364.293720491301,0,0,15,0,0,0
186,114.299999999998,6,84.1037951668167,2.79392045454546,0,1.5537706264182e-16,2.5375,0,90
186,114.399999999998,1,399.000000000002,0,0,15,0,0,0
186,114.399999999998,2,146.748683528228,0,0,1.02857142857143,0,0,0
186,114.399999999998,3,300.318327260351,2.79392045454546,0,1.5537706264182e-16,2.5375,0,90
186,114.399999999998,4,299.466832272387,-0.363839044691101,0,14.9993899891142,0.135277324264869,0,0.516728320963432
186,114.399999999998,5,364.293720491301,0,0,15,0,0,0
186,114.399999999998,6,84.1037951668167,2.79392045454546,0,1.5537706264182e-16,2.5375,0,90
186,114.499999999998,1,399.000000000002,0,0,15,0,0,0
186,114.499999999998,2,146.748683528228,0,0,1.02857142857143,0,0,0
186,114.499999999998,3,300.318327260351,2.79392045454546,0,1.5537706264182e-16,2.5375,0,90
186,114.499999999998,4,299.466832272387,-0.363839044691101,0,14.9993899891142,0.135277324264869,0,0.516728320963432
186,114.499999999998,5,364.293720491301,0,0,15,0,0,0
186,114.499999999998,6,84.1037951668167,2.79392045454546,0,1.5537706264182e-16,2.5375,0,90
186,114.599999999998,1,399.000000000002,0,0,15,0,0,0
186,114.599999999998,2,146.748683528228,0,0,1.02857142857143,0,0,0
186,114.599999999998,3,300.318327260351,2.79392045454546,0,1.5537706264182e-16,2.5375,0,90
186,114.599999999998,4,299.466832272387,-0.363839044691101,0,14.9993899891142,0.135277324264869,0,0.516728320963432
186,114.599999999998,5,364.293720491301,0,0,15,0,0,0
186,114.599999999998,6,84.1037951668167,2.79392045454546,0,1.5537706264182e-16,2.5375,0,90
186,114.699999999998,1,399.000000000002,0,0,15,0,0,0
186,114.699999999998,2,146.748683528228,0,0,1.02857142857143,0,0,0
186,114.699999999998,3,300.318327260351,2.79392045454546,0,1.5537706264182e-16,2.5375,0,90
186,114.699999999998,4,299.466832272387,-0.363839044691101,0,14.9993899891142,0.135277324264869,0,0.516728320963432
186,114.699999999998,5,364.293720491301,0,0,15,0,0,0
186,114.699999999998,6,84.1037951668167,2.79392045454546,0,1.5537706264182e-16,2.5375,0,90
186,114.799999999998,1,399.000000000002,0,0,15,0,0,0
186,114.799999999998,2,146.748683528228,0,0,1.02857142857143,0,0,0
186,114.799999999998,3,300.318327260351,2.79392045454546,0,1.5537706264182e-16,2.5375,0,90
186,114.799999999998,4,299.466832272387,-0.363839044691101,0,14.9993899891142,0.135277324264869,0,0.516728320963432
186,114.799999999998,5,364.293720491301,0,0,15,0,0,0
186,114.799999999998,6,84.1037951668167,2.79392045454546,0,1.5537706264182e-16,2.5375,0,90
186,114.899999999998,1,399.000000000002,0,0,15,0,0,0
186,114.899999999998,2,146.748683528228,0,0,1.02857142857143,0,0,0
186,114.899999999998,3,300.318327260351,2.79392045454546,0,1.5537706264182e-16,2.5375,0,90
186,114.899999999998,4,299.466832272387,-0.363839044691101,0,14.9993899891142,0.135277324264869,0,0.516728320963432
186,114.899999999998,5,364.293720491301,0,0,15,0,0,0
186,114.899999999998,6,84.1037951668167,2.79392045454546,0,1.5537706264182e-16,2.5375,0,90
186,114.999999999998,1,399.000000000002,0,0,15,0,0,0
186,114.999999999998,2,146.748683528228,0,0,1.02857142857143,0,0,0
186,114.999999999998,3,300.318327260351,2.79392045454546,0,1.5537706264182e-16,2.5375,0,90
186,114.999999999998,4,299.466832272387,-0.363839044691101,0,14.9993899891142,0.135277324264869,0,0.516728320963432
186,114.999999999998,5,364.293720491301,0,0,15,0,0,0
186,114.999999999998,6,84.1037951668167,2.79392045454546,0,1.5537706264182e-16,2.5375,0,90
186,115.099999999998,1,399.000000000002,0,0,15,0,0,0
186,115.099999999998,2,146.748683528228,0,0,1.02857142857143,0,0,0
186,115.099999999998,3,300.318327260351,2.79392045454546,0,1.5537706264182e-16,2.5375,0,90
186,115.099999999998,4,299.466832272387,-0.363839044691101,0,14.9993899891142,0.135277324264869,0,0.516728320963432
186,115.099999999998,5,364.293720491301,0,0,15,0,0,0
186,115.099999999998,6,84.1037951668167,2.79392045454546,0,1.5537706264182e-16,2.5375,0,90
186,115.199999999998,1,399.000000000002,0,0,15,0,0,0
186,115.199999999998,2,146.748683528228,0,0,1.02857142857143,0,0,0
186,115.199999999998,3,300.318327260351,2.79392045454546,0,1.5537706264182e-16,2.5375,0,90
186,115.199999999998,4,299.466832272387,-0.363839044691101,0,14.9993899891142,0.135277324264869,0,0.516728320963432
186,115.199999999998,5,364.293720491301,0,0,15,0,0,0
186,115.199999999998,6,84.1037951668167,2.79392045454546,0,1.5537706264182e-16,2.5375,0,90
186,115.299999999998,1,399.000000000002,0,0,15,0,0,0
186,115.299999999998,2,146.748683528228,0,0,1.02857142857143,0,0,0
186,115.299999999998,3,300.318327260351,2.79392045454546,0,1.5537706264182e-16,2.5375,0,90
186,115.299999999998,4,299.466832272387,-0.363839044691101,0,14.9993899891142,0.135277324264869,0,0.516728320963432
186,115.299999999998,5,364.293720491301,0,0,15,0,0,0
186,115.299999999998,6,84.1037951668167,2.79392045454546,0,1.5537706264182e-16,2.5375,0,90
186,115.399999999998,1,399.000000000002,0,0,15,0,0,0
186,115.399999999998,2,146.748683528228,0,0,1.02857142857143,0,0,0
186,115.399999999998,3,300.318327260351,2.79392045454546,0,1.5537706264182e-16,2.5375,0,90
186,115.399999999998,4,299.466832272387,-0.363839044691101,0,14.9993899891142,0.135277324264869,0,0.516728320963432
186,115.399999999998,5,364.293720491301,0,0,15,0,0,0
186,115.399999999998,6,84.1037951668167,2.79392045454546,0,1.5537706264182e-16,2.5375,0,90
186,115.499999999998,1,399.000000000002,0,0,15,0,0,0
186,115.499999999998,2,146.748683528228,0,0,1.02857142857143,0,0,0
186,115.499999999998,3,300.318327260351,2.79392045454546,0,1.5537706264182e-16,2.5375,0,90
186,115.499999999998,4,299.466832272387,-0.363839044691101,0,14.9993899891142,0.135277324264869,0,0.516728320963432
186,115.499999999998,5,364.293720491301,0,0,15,0,0,0
186,115.499999999998,6,84.1037951668167,2.79392045454546,0,1.5537706264182e-16,2.5375,0,90
186,115.599999999998,1,399.000000000002,0,0,15,0,0,0
186,115.599999999998,2,146.748683528228,0,0,1.02857142857143,0,0,0
186,115.599999999998,3,300.318327260351,2.79392045454546,0,1.5537706264182e-16,2.5375,0,90
186,115.599999999998,4,299.466832272387,-0.363839044691101,0,14.9993899891142,0.135277324264869,0,0.516728320963432
186,115.599999999998,5,364.293720491301,0,0,15,0,0,0
186,115.599999999998,6,84.1037951668167,2.79392045454546,0,1.5537706264182e-16,2.5375,0,90
186,115.699999999998,1,399.000000000002,0,0,15,0,0,0
186,115.699999999998,2,146.748683528228,0,0,1.02857142857143,0,0,0
186,115.699999999998,3,300.318327260351,2.79392045454546,0,1.5537706264182e-16,2.5375,0,90
186,115.699999999998,4,299.466832272387,-0.363839044691101,0,14.9993899891142,0.135277324264869,0,0.516728320963432
186,115.699999999998,5,364.293720491301,0,0,15,0,0,0
186,115.699999999998,6,84.1037951668167,2.79392045454546,0,1.5537706264182e-16,2.5375,0,90
186,115.799999999998,1,399.000000000002,0,0,15,0,0,0
186,115.799999999998,2,146.748683528228,0,0,1.02857142857143,0,0,0
186,115.799999999998,3,300.318327260351,2.79392045454546,0,1.5537706264182e-16,2.5375,0,90
186,115.799999999998,4,299.466832272387,-0.363839044691101,0,14.9993899891142,0.135277324264869,0,0.516728320963432
186,115.799999999998,5,364.293720491301,0,0,15,0,0,0
186,115.799999999998,6,84.1037951668167,2.79392045454546,0,1.5537706264182e-16,2.5375,0,90
186,115.899999999998,1,399.000000000002,0,0,15,0,0,0
186,115.899999999998,2,146.748683528228,0,0,1.02857142857143,0,0,0
186,115.899999999998,3,300.318327260351,2.79392045454546,0,1.5537706264182e-16,2.5375,0,90
186,115.899999999998,4,299.466832272387,-0.363839044691101,0,14.9993899891142,0.135277324264869,0,0.516728320963432
186,115.899999999998,5,364.293720491301,0,0,15,0,0,0
186,115.899999999998,6,84.1037951668167,2.79392045454546,0,1.5537706264182e-16,2.5375,0,90
186,115.999999999998,1,399.000000000002,0,0,15,0,0,0
186,115.999999999998,2,146.748683528228,0,0,1.02857142857143,0,0,0
186,115.999999999998,3,300.318327260351,2.79392045454546,0,1.5537706264182e-16,2.5375,0,90
186,115.999999999998,4,299.466832272387,-0.363839044691101,0,14.9993899891142,0.135277324264869,0,0.516728320963432
186,115.999999999998,5,364.293720491301,0,0,15,0,0,0
186,115.999999999998,6,84.1037951668167,2.79392045454546,0,1.5537706264182e-16,2.5375,0,90
186,116.099999999998,1,399.000000000002,0,0,15,0,0,0
186,116.099999999998,2,146.748683528228,0,0,1.02857142857143,0,0,0
186,116.099999999998,3,300.318327260351,2.79392045454546,0,1.5537706264182e-16,2.5375,0,90
186,116.099999999998,4,299.466832272387,-0.363839044691101,0,14.9993899891142,0.135277324264869,0,0.516728320963432
186,116.099999999998,5,364.293720491301,0,0,15,0,0,0
186,116.099999999998,6,84.1037951668167,2.79392045454546,0,1.5537706264182e-16,2.5375,0,90
186,116.199999999998,1,399.000000000002,0,0,15,0,0,0
186,116.199999999998,2,146.748683528228,0,0,1.02857142857143,0,0,0
186,116.199999999998,3,300.318327260351,2.79392045454546,0,1.5537706264182e-16,2.5375,0,90
186,116.199999999998,4,299.466832272387,-0.363839044691101,0,14.9993899891142,0.135277324264869,0,0.516728320963432
186,116.199999999998,5,364.293720491301,0,0,15,0,0,0
186,116.199999999998,6,84.1037951668167,2.79392045454546,0,1.5537706264182e-16,2.5375,0,90
186,116.299999999998,1,399.000000000002,0,0,15,0,0,0
186,116.299999999998,2,146.748683528228,0,0,1.02857142857143,0,0,0
186,116.299999999998,3,300.318327260351,2.79392045454546,0,1.5537706264182e-16,2.5375,0,90
186,116.299999999998,4,299.466832272387,-0.363839044691101,0,14.9993899891142,0.135277324264869,0,0.516728320963432
186,116.299999999998,5,364.293720491301,0,0,15,0,0,0
186,116.299999999998,6,84.1037951668167,2.79392045454546,0,1.5537706264182e-16,2.5375,0,90
186,116.399999999998,1,399.000000000002,0,0,15,0,0,0
186,116.399999999998,2,146.748683528228,0,0,1.02857142857143,0,0,0
186,116.399999999998,3,300.318327260351,2.79392045454546,0,1.5537706264182e-16,2.5375,0,90
186,116.399999999998,4,299.466832272387,-0.363839044691101,0,14.9993899891142,0.135277324264869,0,0.516728320963432
186,116.399999999998,5,364.293720491301,0,0,15,0,0,0
186,116.399999999998,6,84.1037951668167,2.79392045454546,0,1.5537706264182e-16,2.5375,0,90
186,116.499999999998,1,399.000000000002,0,0,15,0,0,0
186,116.499999999998,2,146.748683528228,0,0,1.02857142857143,0,0,0
186,116.499999999998,3,300.318327260351,2.79392045454546,0,1.5537706264182e-16,2.5375,0,90
186,116.499999999998,4,299.466832272387,-0.363839044691101,0,14.9993899891142,0.135277324264869,0,0.516728320963432
186,116.499999999998,5,364.293720491301,0,0,15,0,0,0
186,116.499999999998,6,84.1037951668167,2.79392045454546,0,1.5537706264182e-16,2.5375,0,90
186,116.599999999998,1,399.000000000002,0,0,15,0,0,0
186,116.599999999998,2,146.748683528228,0,0,1.02857142857143,0,0,0
186,116.599999999998,3,300.318327260351,2.79392045454546,0,1.5537706264182e-16,2.5375,0,90
186,116.599999999998,4,299.466832272387,-0.363839044691101,0,14.9993899891142,0.135277324264869,0,0.516728320963432
186,116.599999999998,5,364.293720491301,0,0,15,0,0,0
186,116.599999999998,6,84.1037951668167,2.79392045454546,0,1.5537706264182e-16,2.5375,0,90
186,116.699999999998,1,399.000000000002,0,0,15,0,0,0
186,116.699999999998,2,146.748683528228,0,0,1.02857142857143,0,0,0
186,116.699999999998,3,300.318327260351,2.79392045454546,0,1.5537706264182e-16,2.5375,0,90
186,116.699999999998,4,299.466832272387,-0.363839044691101,0,14.9993899891142,0.135277324264869,0,0.516728320963432
186,116.699999999998,5,364.293720491301,0,0,15,0,0,0
186,116.699999999998,6,84.1037951668167,2.79392045454546,0,1.5537706264182e-16,2.5375,0,90
186,116.799999999998,1,399.000000000002,0,0,15,0,0,0
186,116.799999999998,2,146.748683528228,0,0,1.02857142857143,0,0,0
186,116.799999999998,3,300.318327260351,2.79392045454546,0,1.5537706264182e-16,2.5375,0,90
186,116.799999999998,4,299.466832272387,-0.363839044691101,0,14.9993899891142,0.135277324264869,0,0.516728320963432
186,116.799999999998,5,364.293720491301,0,0,15,0,0,0
186,116.799999999998,6,84.1037951668167,2.79392045454546,0,1.5537706264182e-16,2.5375,0,90
186,116.899999999998,1,399.000000000002,0,0,15,0,0,0
186,116.899999999998,2,146.748683528228,0,0,1.02857142857143,0,0,0
186,116.899999999998,3,300.318327260351,2.79392045454546,0,1.5537706264182e-16,2.5375,0,90
186,116.899999999998,4,299.466832272387,-0.363839044691101,0,14.9993899891142,0.135277324264869,0,0.516728320963432
186,116.899999999998,5,364.293720491301,0,0,15,0,0,0
186,116.899999999998,6,84.1037951668167,2.79392045454546,0,1.5537706264182e-16,2.5375,0,90
186,116.999999999998,1,399.000000000002,0,0,15,0,0,0
186,116.999999999998,2,146.748683528228,0,0,1.02857142857143,0,0,0
186,116.999999999998,3,300.318327260351,2.79392045454546,0,1.5537706264182e-16,2.5375,0,90
186,116.999999999998,4,299.466832272387,-0.363839044691101,0,14.9993899891142,0.135277324264869,0,0.516728320963432
186,116.999999999998,5,364.293720491301,0,0,15,0,0,0
186,116.999999999998,6,84.1037951668167,2.79392045454546,0,1.5537706264182e-16,2.5375,0,90
186,117.099999999998,1,399.000000000002,0,0,15,0,0,0
186,117.099999999998,2,146.748683528228,0,0,1.02857142857143,0,0,0
186,117.099999999998,3,300.318327260351,2.79392045454546,0,1.5537706264182e-16,2.5375,0,90
186,117.099999999998,4,299.466832272387,-0.363839044691101,0,14.9993899891142,0.135277324264869,0,0.516728320963432
186,117.099999999998,5,364.293720491301,0,0,15,0,0,0
186,117.099999999998,6,84.1037951668167,2.79392045454546,0,1.5537706264182e-16,2.5375,0,90
186,117.199999999998,1,399.000000000002,0,0,15,0,0,0
186,117.199999999998,2,146.748683528228,0,0,1.02857142857143,0,0,0
186,117.199999999998,3,300.318327260351,2.79392045454546,0,1.5537706264182e-16,2.5375,0,90
186,117.199999999998,4,299.466832272387,-0.363839044691101,0,14.9993899891142,0.135277324264869,0,0.516728320963432
186,117.199999999998,5,364.293720491301,0,0,15,0,0,0
186,117.199999999998,6,84.1037951668167,2.79392045454546,0,1.5537706264182e-16,2.5375,0,90
186,117.299999999998,1,399.000000000002,0,0,15,0,0,0
186,117.299999999998,2,146.748683528228,0,0,1.02857142857143,0,0,0
186,117.299999999998,3,300.318327260351,2.79392045454546,0,1.5537706264182e-16,2.5375,0,90
186,117.299999999998,4,299.466832272387,-0.363839044691101,0,14.9993899891142,0.135277324264869,0,0.516728320963432
186,117.299999999998,5,364.293720491301,0,0,15,0,0,0
186,117.299999999998,6,84.1037951668167,2.79392045454546,0,1.5537706264182e-16,2.5375,0,90
186,117.399999999998,1,399.000000000002,0,0,15,0,0,0
186,117.399999999998,2,146.748683528228,0,0,1.02857142857143,0,0,0
186,117.399999999998,3,300.318327260351,2.79392045454546,0,1.5537706264182e-16,2.5375,0,90
186,117.399999999998,4,299.466832272387,-0.363839044691101,0,14.9993899891142,0.135277324264869,0,0.516728320963432
186,117.399999999998,5,364.293720491301,0,0,15,0,0,0
186,117.399999999998,6,84.1037951668167,2.79392045454546,0,1.5537706264182e-16,2.5375,0,90
186,117.499999999998,1,399.000000000002,0,0,15,0,0,0
186,117.499999999998,2,146.748683528228,0,0,1.02857142857143,0,0,0
186,117.499999999998,3,300.318327260351,2.79392045454546,0,1.5537706264182e-16,2.5375,0,90
186,117.499999999998,4,299.466832272387,-0.363839044691101,0,14.9993899891142,0.135277324264869,0,0.516728320963432
186,117.499999999998,5,364.293720491301,0,0,15,0,0,0
186,117.499999999998,6,84.1037951668167,2.79392045454546,0,1.5537706264182e-16,2.5375,0,90
186,117.599999999998,1,399.000000000002,0,0,15,0,0,0
186,117.599999999998,2,146.748683528228,0,0,1.02857142857143,0,0,0
186,117.599999999998,3,300.318327260351,2.79392045454546,0,1.5537706264182e-16,2.5375,0,90
186,117.599999999998,4,299.466832272387,-0.363839044691101,0,14.9993899891142,0.135277324264869,0,0.516728320963432
186,117.599999999998,5,364.293720491301,0,0,15,0,0,0
186,117.599999999998,6,84.1037951668167,2.79392045454546,0,1.5537706264182e-16,2.5375,0,90
186,117.699999999998,1,399.000000000002,0,0,15,0,0,0
186,117.699999999998,2,146.748683528228,0,0,1.02857142857143,0,0,0
186,117.699999999998,3,300.318327260351,2.79392045454546,0,1.5537706264182e-16,2.5375,0,90
186,117.699999999998,4,299.466832272387,-0.363839044691101,0,14.9993899891142,0.135277324264869,0,0.516728320963432
186,117.699999999998,5,364.293720491301,0,0,15,0,0,0
186,117.699999999998,6,84.1037951668167,2.79392045454546,0,1.5537706264182e-16,2.5375,0,90
186,117.799999999998,1,399.000000000002,0,0,15,0,0,0
186,117.799999999998,2,146.748683528228,0,0,1.02857142857143,0,0,0
186,117.799999999998,3,300.318327260351,2.79392045454546,0,1.5537706264182e-16,2.5375,0,90
186,117.799999999998,4,299.466832272387,-0.363839044691101,0,14.9993899891142,0.135277324264869,0,0.516728320963432
186,117.799999999998,5,364.293720491301,0,0,15,0,0,0
186,117.799999999998,6,84.1037951668167,2.79392045454546,0,1.5537706264182e-16,2.5375,0,90
186,117.899999999998,1,399.000000000002,0,0,15,0,0,0
186,117.899999999998,2,146.748683528228,0,0,1.02857142857143,0,0,0
186,117.899999999998,3,300.318327260351,2.79392045454546,0,1.5537706264182e-16,2.5375,0,90
186,117.899999999998,4,299.466832272387,-0.363839044691101,0,14.9993899891142,0.135277324264869,0,0.516728320963432
186,117.899999999998,5,364.293720491301,0,0,15,0,0,0
186,117.899999999998,6,84.1037951668167,2.79392045454546,0,1.5537706264182e-16,2.5375,0,90
186,117.999999999998,1,399.000000000002,0,0,15,0,0,0
186,117.999999999998,2,146.748683528228,0,0,1.02857142857143,0,0,0
186,117.999999999998,3,300.318327260351,2.79392045454546,0,1.5537706264182e-16,2.5375,0,90
186,117.999999999998,4,299.466832272387,-0.363839044691101,0,14.9993899891142,0.135277324264869,0,0.516728320963432
186,117.999999999998,5,364.293720491301,0,0,15,0,0,0
186,117.999999999998,6,84.1037951668167,2.79392045454546,0,1.5537706264182e-16,2.5375,0,90
186,118.099999999998,1,399.000000000002,0,0,15,0,0,0
186,118.099999999998,2,146.748683528228,0,0,1.02857142857143,0,0,0
186,118.099999999998,3,300.318327260351,2.79392045454546,0,1.5537706264182e-16,2.5375,0,90
186,118.099999999998,4,299.466832272387,-0.363839044691101,0,14.9993899891142,0.135277324264869,0,0.516728320963432
186,118.099999999998,5,364.293720491301,0,0,15,0,0,0
186,118.099999999998,6,84.1037951668167,2.79392045454546,0,1.5537706264182e-16,2.5375,0,90
186,118.199999999998,1,399.000000000002,0,0,15,0,0,0
186,118.199999999998,2,146.748683528228,0,0,1.02857142857143,0,0,0
186,118.199999999998,3,300.318327260351,2.79392045454546,0,1.5537706264182e-16,2.5375,0,90
186,118.199999999998,4,299.466832272387,-0.363839044691101,0,14.9993899891142,0.135277324264869,0,0.516728320963432
186,118.199999999998,5,364.293720491301,0,0,15,0,0,0
186,118.199999999998,6,84.1037951668167,2.79392045454546,0,1.5537706264182e-16,2.5375,0,90
186,118.299999999998,1,399.000000000002,0,0,15,0,0,0
186,118.299999999998,2,146.748683528228,0,0,1.02857142857143,0,0,0
186,118.299999999998,3,300.318327260351,2.79392045454546,0,1.5537706264182e-16,2.5375,0,90
186,118.299999999998,4,299.466832272387,-0.363839044691101,0,14.9993899891142,0.135277324264869,0,0.516728320963432
186,118.299999999998,5,364.293720491301,0,0,15,0,0,0
186,118.299999999998,6,84.1037951668167,2.79392045454546,0,1.5537706264182e-16,2.5375,0,90
186,118.399999999998,1,399.000000000002,0,0,15,0,0,0
186,118.399999999998,2,146.748683528228,0,0,1.02857142857143,0,0,0
186,118.399999999998,3,300.318327260351,2.79392045454546,0,1.5537706264182e-16,2.5375,0,90
186,118.399999999998,4,299.466832272387,-0.363839044691101,0,14.9993899891142,0.135277324264869,0,0.516728320963432
186,118.399999999998,5,364.293720491301,0,0,15,0,0,0
186,118.399999999998,6,84.1037951668167,2.79392045454546,0,1.5537706264182e-16,2.5375,0,90
186,118.499999999998,1,399.000000000002,0,0,15,0,0,0
186,118.499999999998,2,146.748683528228,0,0,1.02857142857143,0,0,0
186,118.499999999998,3,300.318327260351,2.79392045454546,0,1.5537706264182e-16,2.5375,0,90
186,118.499999999998,4,299.466832272387,-0.363839044691101,0,14.9993899891142,0.135277324264869,0,0.516728320963432
186,118.499999999998,5,364.293720491301,0,0,15,0,0,0
186,118.499999999998,6,84.1037951668167,2.79392045454546,0,1.5537706264182e-16,2.5375,0,90
186,118.599999999998,1,399.000000000002,0,0,15,0,0,0
186,118.599999999998,2,146.748683528228,0,0,1.02857142857143,0,0,0
186,118.599999999998,3,300.318327260351,2.79392045454546,0,1.5537706264182e-16,2.5375,0,90
186,118.599999999998,4,299.466832272387,-0.363839044691101,0,14.9993899891142,0.135277324264869,0,0.516728320963432
186,118.599999999998,5,364.293720491301,0,0,15,0,0,0
186,118.599999999998,6,84.1037951668167,2.79392045454546,0,1.5537706264182e-16,2.5375,0,90
186,118.699999999998,1,399.000000000002,0,0,15,0,0,0
186,118.699999999998,2,146.748683528228,0,0,1.02857142857143,0,0,0
186,118.699999999998,3,300.318327260351,2.79392045454546,0,1.5537706264182e-16,2.5375,0,90
186,118.699999999998,4,299.466832272387,-0.363839044691101,0,14.9993899891142,0.135277324264869,0,0.516728320963432
186,118.699999999998,5,364.293720491301,0,0,15,0,0,0
186,118.699999999998,6,84.1037951668167,2.79392045454546,0,1.5537706264182e-16,2.5375,0,90
186,118.799999999998,1,399.000000000002,0,0,15,0,0,0
186,118.799999999998,2,146.748683528228,0,0,1.02857142857143,0,0,0
186,118.799999999998,3,300.318327260351,2.79392045454546,0,1.5537706264182e-16,2.5375,0,90
186,118.799999999998,4,299.466832272387,-0.363839044691101,0,14.9993899891142,0.135277324264869,0,0.516728320963432
186,118.799999999998,5,364.293720491301,0,0,15,0,0,0
186,118.799999999998,6,84.1037951668167,2.79392045454546,0,1.5537706264182e-16,2.5375,0,90
186,118.899999999998,1,399.000000000002,0,0,15,0,0,0
186,118.899999999998,2,146.748683528228,0,0,1.02857142857143,0,0,0
186,118.899999999998,3,300.318327260351,2.79392045454546,0,1.5537706264182e-16,2.5375,0,90
186,118.899999999998,4,299.466832272387,-0.363839044691101,0,14.9993899891142,0.135277324264869,0,0.516728320963432
186,118.899999999998,5,364.293720491301,0,0,15,0,0,0
186,118.899999999998,6,84.1037951668167,2.79392045454546,0,1.5537706264182e-16,2.5375,0,90
186,118.999999999998,1,399.000000000002,0,0,15,0,0,0
186,118.999999999998,2,146.748683528228,0,0,1.02857142857143,0,0,0
186,118.999999999998,3,300.318327260351,2.79392045454546,0,1.5537706264182e-16,2.5375,0,90
186,118.999999999998,4,299.466832272387,-0.363839044691101,0,14.9993899891142,0.135277324264869,0,0.516728320963432
186,118.999999999998,5,364.293720491301,0,0,15,0,0,0
186,118.999999999998,6,84.1037951668167,2.79392045454546,0,1.5537706264182e-16,2.5375,0,90
186,119.099999999998,1,399.000000000002,0,0,15,0,0,0
186,119.099999999998,2,146.748683528228,0,0,1.02857142857143,0,0,0
186,119.099999999998,3,300.318327260351,2.79392045454546,0,1.5537706264182e-16,2.5375,0,90
186,119.099999999998,4,299.466832272387,-0.363839044691101,0,14.9993899891142,0.135277324264869,0,0.516728320963432
186,119.099999999998,5,364.293720491301,0,0,15,0,0,0
186,119.099999999998,6,84.1037951668167,2.79392045454546,0,1.5537706264182e-16,2.5375,0,90
186,119.199999999998,1,399.000000000002,0,0,15,0,0,0
186,119.199999999998,2,146.748683528228,0,0,1.02857142857143,0,0,0
186,119.199999999998,3,300.318327260351,2.79392045454546,0,1.5537706264182e-16,2.5375,0,90
186,119.199999999998,4,299.466832272387,-0.363839044691101,0,14.9993899891142,0.135277324264869,0,0.516728320963432
186,119.199999999998,5,364.293720491301,0,0,15,0,0,0
186,119.199999999998,6,84.1037951668167,2.79392045454546,0,1.5537706264182e-16,2.5375,0,90
186,119.299999999997,1,399.000000000002,0,0,15,0,0,0
186,119.299999999997,2,146.748683528228,0,0,1.02857142857143,0,0,0
186,119.299999999997,3,300.318327260351,2.79392045454546,0,1.5537706264182e-16,2.5375,0,90
186,119.299999999997,4,299.466832272387,-0.363839044691101,0,14.9993899891142,0.135277324264869,0,0.516728320963432
186,119.299999999997,5,364.293720491301,0,0,15,0,0,0
186,119.299999999997,6,84.1037951668167,2.79392045454546,0,1.5537706264182e-16,2.5375,0,90
186,119.399999999997,1,399.000000000002,0,0,15,0,0,0
186,119.399999999997,2,146.748683528228,0,0,1.02857142857143,0,0,0
186,119.399999999997,3,300.318327260351,2.79392045454546,0,1.5537706264182e-16,2.5375,0,90
186,119.399999999997,4,299.466832272387,-0.363839044691101,0,14.9993899891142,0.135277324264869,0,0.516728320963432
186,119.399999999997,5,364.293720491301,0,0,15,0,0,0
186,119.399999999997,6,84.1037951668167,2.79392045454546,0,1.5537706264182e-16,2.5375,0,90
186,119.499999999997,1,399.000000000002,0,0,15,0,0,0
186,119.499999999997,2,146.748683528228,0,0,1.02857142857143,0,0,0
186,119.499999999997,3,300.318327260351,2.79392045454546,0,1.5537706264182e-16,2.5375,0,90
186,119.499999999997,4,299.466832272387,-0.363839044691101,0,14.9993899891142,0.135277324264869,0,0.516728320963432
186,119.499999999997,5,364.293720491301,0,0,15,0,0,0
186,119.499999999997,6,84.1037951668167,2.79392045454546,0,1.5537706264182e-16,2.5375,0,90
186,119.599999999997,1,399.000000000002,0,0,15,0,0,0
186,119.599999999997,2,146.748683528228,0,0,1.02857142857143,0,0,0
186,119.599999999997,3,300.318327260351,2.79392045454546,0,1.5537706264182e-16,2.5375,0,90
186,119.599999999997,4,299.466832272387,-0.363839044691101,0,14.9993899891142,0.135277324264869,0,0.516728320963432
186,119.599999999997,5,364.293720491301,0,0,15,0,0,0
186,119.599999999997,6,84.1037951668167,2.79392045454546,0,1.5537706264182e-16,2.5375,0,90
186,119.699999999997,1,399.000000000002,0,0,15,0,0,0
186,119.699999999997,2,146.748683528228,0,0,1.02857142857143,0,0,0
186,119.699999999997,3,300.318327260351,2.79392045454546,0,1.5537706264182e-16,2.5375,0,90
186,119.699999999997,4,299.466832272387,-0.363839044691101,0,14.9993899891142,0.135277324264869,0,0.516728320963432
186,119.699999999997,5,364.293720491301,0,0,15,0,0,0
186,119.699999999997,6,84.1037951668167,2.79392045454546,0,1.5537706264182e-16,2.5375,0,90
186,119.799999999997,1,399.000000000002,0,0,15,0,0,0
186,119.799999999997,2,146.748683528228,0,0,1.02857142857143,0,0,0
186,119.799999999997,3,300.318327260351,2.79392045454546,0,1.5537706264182e-16,2.5375,0,90
186,119.799999999997,4,299.466832272387,-0.363839044691101,0,14.9993899891142,0.135277324264869,0,0.516728320963432
186,119.799999999997,5,364.293720491301,0,0,15,0,0,0
186,119.799999999997,6,84.1037951668167,2.79392045454546,0,1.5537706264182e-16,2.5375,0,90
186,119.899999999997,1,399.000000000002,0,0,15,0,0,0
186,119.899999999997,2,146.748683528228,0,0,1.02857142857143,0,0,0
186,119.899999999997,3,300.318327260351,2.79392045454546,0,1.5537706264182e-16,2.5375,0,90
186,119.899999999997,4,299.466832272387,-0.363839044691101,0,14.9993899891142,0.135277324264869,0,0.516728320963432
186,119.899999999997,5,364.293720491301,0,0,15,0,0,0
186,119.899999999997,6,84.1037951668167,2.79392045454546,0,1.5537706264182e-16,2.5375,0,90
