ScenarioID,Time,ActorID,X,Y,Z,Vx,Vy,Vz,Yaw
321,0.1,1,0,3.5,0,7.59999047354164,0,0,0
321,0.1,2,93.2042864949911,0,0,9.26683761790657,0,0,0
321,0.1,3,184.631885287489,3.5,0,19.6185006986466,0,0,0
321,0.1,4,270.269086180095,3.5,0,17.832927347632,0,0,0
321,0.1,5,305.464014235985,0,0,14.0384365358062,0,0,0
321,0.1,6,319.554330446569,3.5,0,7.4627274291676,0,0,0
321,0.1,7,358.602230953191,0,0,17.1100197151607,0,0,0
321,0.1,8,388.877567581261,3.5,0,3.81684885332805,0,0,0
321,0.1,9,417.602626891904,3.5,0,18.1791644205126,0,0,0
321,0.1,10,74.370654900363,-4,0,0,0,0,0
321,0.1,11,400.507363552497,-4,0,0,0,0,0
321,0.2,1,0.764019710449049,3.5,0,7.68040373543935,0,0,0
321,0.2,2,94.1309702567817,0,0,9.26683761790657,0,0,0
321,0.2,3,186.593735357354,3.5,0,19.6185006986466,0,0,0
321,0.2,4,272.052378914858,3.5,0,17.832927347632,0,0,0
321,0.2,5,306.867857889566,0,0,14.0384365358062,0,0,0
321,0.2,6,320.300603189485,3.5,0,7.4627274291676,0,0,0
321,0.2,7,360.313232924707,0,0,17.1100197151607,0,0,0
321,0.2,8,389.259252466594,3.5,0,3.81684885332805,0,0,0
321,0.2,9,419.420543333955,3.5,0,18.1791644205126,0,0,0
321,0.2,10,74.370654900363,-4,0,0,0,0,0
321,0.2,11,400.507363552497,-4,0,0,0,0,0
321,0.3,1,1.53592380011973,3.5,0,7.75767805797432,0,0,0
321,0.3,2,95.0576540185724,0,0,9.26683761790657,0,0,0
321,0.3,3,188.555585427218,3.5,0,19.6185006986466,0,0,0
321,0.3,4,273.835671649621,3.5,0,17.832927347632,0,0,0
321,0.3,5,308.271701543146,0,0,14.0384365358062,0,0,0
321,0.3,6,321.046875932402,3.5,0,7.4627274291676,0,0,0
321,0.3,7,362.024234896223,0,0,17.1100197151607,0,0,0
321,0.3,8,389.640937351927,3.5,0,3.81684885332805,0,0,0
321,0.3,9,421.238459776007,3.5,0,18.1791644205126,0,0,0
321,0.3,10,74.370654900363,-4,0,0,0,0,0
321,0.3,11,400.507363552497,-4,0,0,0,0,0
321,0.4,1,2.31539613427078,3.5,0,7.83176862504665,0,0,0
321,0.4,2,95.984337780363,0,0,9.26683761790657,0,0,0
321,0.4,3,190.517435497083,3.5,0,19.6185006986466,0,0,0
321,0.4,4,275.618964384385,3.5,0,17.832927347632,0,0,0
321,0.4,5,309.675545196727,0,0,14.0384365358062,0,0,0
321,0.4,6,321.793148675319,3.5,0,7.4627274291676,0,0,0
321,0.4,7,363.735236867739,0,0,17.1100197151607,0,0,0
321,0.4,8,390.02262223726,3.5,0,3.81684885332805,0,0,0
321,0.4,9,423.056376218058,3.5,0,18.1791644205126,0,0,0
321,0.4,10,74.370654900363,-4,0,0,0,0,0
321,0.4,11,400.507363552497,-4,0,0,0,0,0
321,0.5,1,3.10211634457267,3.5,0,7.90263558099105,0,0,0
321,0.5,2,96.9110215421537,0,0,9.26683761790657,0,0,0
321,0.5,3,192.479285566948,3.5,0,19.6185006986466,0,0,0
321,0.5,4,277.402257119148,3.5,0,17.832927347632,0,0,0
321,0.5,5,311.079388850308,0,0,14.0384365358062,0,0,0
321,0.5,6,322.539421418236,3.5,0,7.4627274291676,0,0,0
321,0.5,7,365.446238839255,0,0,17.1100197151607,0,0,0
321,0.5,8,390.404307122592,3.5,0,3.81684885332805,0,0,0
321,0.5,9,424.874292660109,3.5,0,18.1791644205126,0,0,0
321,0.5,10,74.370654900363,-4,0,0,0,0,0
321,0.5,11,400.507363552497,-4,0,0,0,0,0
321,0.6,1,3.89576032562585,3.5,0,7.97024404007252,0,0,0
321,0.6,2,97.8377053039444,0,0,9.26683761790657,0,0,0
321,0.6,3,194.441135636812,3.5,0,19.6185006986466,0,0,0
321,0.6,4,279.185549853911,3.5,0,17.832927347632,0,0,0
321,0.6,5,312.483232503888,0,0,14.0384365358062,0,0,0
321,0.6,6,323.285694161152,3.5,0,7.4627274291676,0,0,0
321,0.6,7,367.157240810771,0,0,17.1100197151607,0,0,0
321,0.6,8,390.785992007925,3.5,0,3.81684885332805,0,0,0
321,0.6,9,426.692209102161,3.5,0,18.1791644205126,0,0,0
321,0.6,10,74.370654900363,-4,0,0,0,0,0
321,0.6,11,400.507363552497,-4,0,0,0,0,0
321,0.7,1,4.69600073019316,3.5,0,8.0345640512737,0,0,0
321,0.7,2,98.764389065735,0,0,9.26683761790657,0,0,0
321,0.7,3,196.402985706677,3.5,0,19.6185006986466,0,0,0
321,0.7,4,280.968842588674,3.5,0,17.832927347632,0,0,0
321,0.7,5,313.887076157469,0,0,14.0384365358062,0,0,0
321,0.7,6,324.031966904069,3.5,0,7.4627274291676,0,0,0
321,0.7,7,368.868242782287,0,0,17.1100197151607,0,0,0
321,0.7,8,391.167676893258,3.5,0,3.81684885332805,0,0,0
321,0.7,9,428.510125544212,3.5,0,18.1791644205126,0,0,0
321,0.7,10,74.370654900363,-4,0,0,0,0,0
321,0.7,11,400.507363552497,-4,0,0,0,0,0
321,0.8,1,5.50250745872354,3.5,0,8.09557051933388,0,0,0
321,0.8,2,99.6910728275257,0,0,9.26683761790657,0,0,0
321,0.8,3,198.364835776542,3.5,0,19.6185006986466,0,0,0
321,0.8,4,282.752135323438,3.5,0,17.832927347632,0,0,0
321,0.8,5,315.290919811049,0,0,14.0384365358062,0,0,0
321,0.8,6,324.778239646986,3.5,0,7.4627274291676,0,0,0
321,0.8,7,370.579244753803,0,0,17.1100197151607,0,0,0
321,0.8,8,391.549361778591,3.5,0,3.81684885332805,0,0,0
321,0.8,9,430.328041986263,3.5,0,18.1791644205126,0,0,0
321,0.8,10,74.370654900363,-4,0,0,0,0,0
321,0.8,11,400.507363552497,-4,0,0,0,0,0
321,0.9,1,6.31494813887157,3.5,0,8.1532430836268,0,0,0
321,0.9,2,100.617756589316,0,0,9.26683761790657,0,0,0
321,0.9,3,200.326685846406,3.5,0,19.6185006986466,0,0,0
321,0.9,4,284.535428058201,3.5,0,17.832927347632,0,0,0
321,0.9,5,316.69476346463,0,0,14.0384365358062,0,0,0
321,0.9,6,325.524512389903,3.5,0,7.4627274291676,0,0,0
321,0.9,7,372.290246725319,0,0,17.1100197151607,0,0,0
321,0.9,8,391.931046663924,3.5,0,3.81684885332805,0,0,0
321,0.9,9,432.145958428314,3.5,0,18.1791644205126,0,0,0
321,0.9,10,74.370654900363,-4,0,0,0,0,0
321,0.9,11,400.507363552497,-4,0,0,0,0,0
321,1,1,7.13298859090521,3.5,0,8.207565957046,0,0,0
321,1,2,101.544440351107,0,0,9.26683761790657,0,0,0
321,1,3,202.288535916271,3.5,0,19.6185006986466,0,0,0
321,1,4,286.318720792964,3.5,0,17.832927347632,0,0,0
321,1,5,318.098607118211,0,0,14.0384365358062,0,0,0
321,1,6,326.270785132819,3.5,0,7.4627274291676,0,0,0
321,1,7,374.001248696835,0,0,17.1100197151607,0,0,0
321,1,8,392.312731549256,3.5,0,3.81684885332805,0,0,0
321,1,9,433.963874870366,3.5,0,18.1791644205126,0,0,0
321,1,10,74.370654900363,-4,0,0,0,0,0
321,1,11,400.507363552497,-4,0,0,0,0,0
321,1.1,1,7.95629327513702,3.5,0,8.2585277275901,0,0,0
321,1.1,2,102.471124112898,0,0,9.26683761790657,0,0,0
321,1.1,3,204.250385986136,3.5,0,19.6185006986466,0,0,0
321,1.1,4,288.102013527727,3.5,0,17.832927347632,0,0,0
321,1.1,5,319.502450771791,0,0,14.0384365358062,0,0,0
321,1.1,6,327.017057875736,3.5,0,7.4627274291676,0,0,0
321,1.1,7,375.712250668351,0,0,17.1100197151607,0,0,0
321,1.1,8,392.694416434589,3.5,0,3.81684885332805,0,0,0
321,1.1,9,435.781791312417,3.5,0,18.1791644205126,0,0,0
321,1.1,10,74.370654900363,-4,0,0,0,0,0
321,1.1,11,400.507363552497,-4,0,0,0,0,0
321,1.2,1,8.78452571780638,3.5,0,8.30612112579717,0,0,0
321,1.2,2,103.397807874688,0,0,9.26683761790657,0,0,0
321,1.2,3,206.212236056,3.5,0,19.6185006986466,0,0,0
321,1.2,4,289.88530626249,3.5,0,17.832927347632,0,0,0
321,1.2,5,320.906294425372,0,0,14.0384365358062,0,0,0
321,1.2,6,327.763330618653,3.5,0,7.4627274291676,0,0,0
321,1.2,7,377.423252639868,0,0,17.1100197151607,0,0,0
321,1.2,8,393.076101319922,3.5,0,3.81684885332805,0,0,0
321,1.2,9,437.599707754468,3.5,0,18.1791644205126,0,0,0
321,1.2,10,74.370654900363,-4,0,0,0,0,0
321,1.2,11,400.507363552497,-4,0,0,0,0,0
321,1.3,1,9.61734891217419,3.5,0,8.35034276155906,0,0,0
321,1.3,2,104.324491636479,0,0,9.26683761790657,0,0,0
321,1.3,3,208.174086125865,3.5,0,19.6185006986466,0,0,0
321,1.3,4,291.668598997254,3.5,0,17.832927347632,0,0,0
321,1.3,5,322.310138078953,0,0,14.0384365358062,0,0,0
321,1.3,6,328.50960336157,3.5,0,7.4627274291676,0,0,0
321,1.3,7,379.134254611384,0,0,17.1100197151607,0,0,0
321,1.3,8,393.457786205255,3.5,0,3.81684885332805,0,0,0
321,1.3,9,439.41762419652,3.5,0,18.1791644205126,0,0,0
321,1.3,10,74.370654900363,-4,0,0,0,0,0
321,1.3,11,400.507363552497,-4,0,0,0,0,0
321,1.4,1,10.4544256919596,3.5,0,8.39119283414979,0,0,0
321,1.4,2,105.25117539827,0,0,9.26683761790657,0,0,0
321,1.4,3,210.13593619573,3.5,0,19.6185006986466,0,0,0
321,1.4,4,293.451891732017,3.5,0,17.832927347632,0,0,0
321,1.4,5,323.713981732533,0,0,14.0384365358062,0,0,0
321,1.4,6,329.255876104486,3.5,0,7.4627274291676,0,0,0
321,1.4,7,380.8452565829,0,0,17.1100197151607,0,0,0
321,1.4,8,393.839471090587,3.5,0,3.81684885332805,0,0,0
321,1.4,9,441.235540638571,3.5,0,18.1791644205126,0,0,0
321,1.4,10,74.370654900363,-4,0,0,0,0,0
321,1.4,11,400.507363552497,-4,0,0,0,0,0
321,1.5,1,11.2954190746433,3.5,0,8.42867481952437,0,0,0
321,1.5,2,106.17785916006,0,0,9.26683761790657,0,0,0
321,1.5,3,212.097786265594,3.5,0,19.6185006986466,0,0,0
321,1.5,4,295.23518446678,3.5,0,17.832927347632,0,0,0
321,1.5,5,325.117825386114,0,0,14.0384365358062,0,0,0
321,1.5,6,330.002148847403,3.5,0,7.4627274291676,0,0,0
321,1.5,7,382.556258554416,0,0,17.1100197151607,0,0,0
321,1.5,8,394.22115597592,3.5,0,3.81684885332805,0,0,0
321,1.5,9,443.053457080622,3.5,0,18.1791644205126,0,0,0
321,1.5,10,74.370654900363,-4,0,0,0,0,0
321,1.5,11,400.507363552497,-4,0,0,0,0,0
321,1.6,1,12.1399925725739,3.5,0,8.46279513908648,0,0,0
321,1.6,2,107.104542921851,0,0,9.26683761790657,0,0,0
321,1.6,3,214.059636335459,3.5,0,19.6185006986466,0,0,0
321,1.6,4,297.018477201543,3.5,0,17.832927347632,0,0,0
321,1.6,5,326.521669039694,0,0,14.0384365358062,0,0,0
321,1.6,6,330.74842159032,3.5,0,7.4627274291676,0,0,0
321,1.6,7,384.267260525932,0,0,17.1100197151607,0,0,0
321,1.6,8,394.602840861253,3.5,0,3.81684885332805,0,0,0
321,1.6,9,444.871373522673,3.5,0,18.1791644205126,0,0,0
321,1.6,10,74.370654900363,-4,0,0,0,0,0
321,1.6,11,400.507363552497,-4,0,0,0,0,0
321,1.7,1,12.9878104702377,3.5,0,8.49356281418961,0,0,0
321,1.7,2,108.031226683642,0,0,9.26683761790657,0,0,0
321,1.7,3,216.021486405324,3.5,0,19.6185006986466,0,0,0
321,1.7,4,298.801769936307,3.5,0,17.832927347632,0,0,0
321,1.7,5,327.925512693275,0,0,14.0384365358062,0,0,0
321,1.7,6,331.494694333237,3.5,0,7.4627274291676,0,0,0
321,1.7,7,385.978262497448,0,0,17.1100197151607,0,0,0
321,1.7,8,394.984525746586,3.5,0,3.81684885332805,0,0,0
321,1.7,9,446.689289964725,3.5,0,18.1791644205126,0,0,0
321,1.7,10,74.370654900363,-4,0,0,0,0,0
321,1.7,11,400.507363552497,-4,0,0,0,0,0
321,1.8,1,13.8385380664787,3.5,0,8.52098911062964,0,0,0
321,1.8,2,108.957910445432,0,0,9.26683761790657,0,0,0
321,1.8,3,217.983336475188,3.5,0,19.6185006986466,0,0,0
321,1.8,4,300.58506267107,3.5,0,17.832927347632,0,0,0
321,1.8,5,329.329356346856,0,0,14.0384365358062,0,0,0
321,1.8,6,332.240967076153,3.5,0,7.4627274291676,0,0,0
321,1.8,7,387.689264468964,0,0,17.1100197151607,0,0,0
321,1.8,8,395.366210631919,3.5,0,3.81684885332805,0,0,0
321,1.8,9,448.507206406776,3.5,0,18.1791644205126,0,0,0
321,1.8,10,74.370654900363,-4,0,0,0,0,0
321,1.8,11,400.507363552497,-4,0,0,0,0,0
321,1.9,1,14.691841880876,3.5,0,8.54508717731669,0,0,0
321,1.9,2,109.884594207223,0,0,9.26683761790657,0,0,0
321,1.9,3,219.945186545053,3.5,0,19.6185006986466,0,0,0
321,1.9,4,302.368355405833,3.5,0,17.832927347632,0,0,0
321,1.9,5,330.733200000436,0,0,14.0384365358062,0,0,0
321,1.9,6,332.98723981907,3.5,0,7.4627274291676,0,0,0
321,1.9,7,389.40026644048,0,0,17.1100197151607,0,0,0
321,1.9,8,395.747895517251,3.5,0,3.81684885332805,0,0,0
321,1.9,9,450.325122848827,3.5,0,18.1791644205126,0,0,0
321,1.9,10,74.370654900363,-4,0,0,0,0,0
321,1.9,11,400.507363552497,-4,0,0,0,0,0
321,2,1,15.5473898239012,3.5,0,8.56587168318725,0,0,0
321,2,2,110.811277969014,0,0,9.26683761790657,0,0,0
321,2,3,221.907036614918,3.5,0,19.6185006986466,0,0,0
321,2,4,304.151648140596,3.5,0,17.832927347632,0,0,0
321,2,5,332.137043654017,0,0,14.0384365358062,0,0,0
321,2,6,333.733512561987,3.5,0,7.4627274291676,0,0,0
321,2,7,391.111268411996,0,0,17.1100197151607,0,0,0
321,2,8,396.129580402584,3.5,0,3.81684885332805,0,0,0
321,2,9,452.143039290879,3.5,0,18.1791644205126,0,0,0
321,2,10,74.370654900363,-4,0,0,0,0,0
321,2,11,400.507363552497,-4,0,0,0,0,0
321,2.1,1,16.4048513308727,3.5,0,8.58335845624337,0,0,0
321,2.1,2,111.737961730804,0,0,9.26683761790657,0,0,0
321,2.1,3,223.868886684782,3.5,0,19.6185006986466,0,0,0
321,2.1,4,305.934940875359,3.5,0,17.832927347632,0,0,0
321,2.1,5,333.540887307598,0,0,14.0384365358062,0,0,0
321,2.1,6,334.479785304904,3.5,0,7.4627274291676,0,0,0
321,2.1,7,392.822270383512,0,0,17.1100197151607,0,0,0
321,2.1,8,396.511265287917,3.5,0,3.81684885332805,0,0,0
321,2.1,9,453.96095573293,3.5,0,18.1791644205126,0,0,0
321,2.1,10,74.370654900363,-4,0,0,0,0,0
321,2.1,11,400.507363552497,-4,0,0,0,0,0
321,2.2,1,17.2638974601046,3.5,0,8.59756412839467,0,0,0
321,2.2,2,112.664645492595,0,0,9.26683761790657,0,0,0
321,2.2,3,225.830736754647,3.5,0,19.6185006986466,0,0,0
321,2.2,4,307.718233610123,3.5,0,17.832927347632,0,0,0
321,2.2,5,334.944730961178,0,0,14.0384365358062,0,0,0
321,2.2,6,335.22605804782,3.5,0,7.4627274291676,0,0,0
321,2.2,7,394.533272355028,0,0,17.1100197151607,0,0,0
321,2.2,8,396.89295017325,3.5,0,3.81684885332805,0,0,0
321,2.2,9,455.778872174981,3.5,0,18.1791644205126,0,0,0
321,2.2,10,74.370654900363,-4,0,0,0,0,0
321,2.2,11,400.507363552497,-4,0,0,0,0,0
321,2.3,1,18.1242009560013,3.5,0,8.60850578954006,0,0,0
321,2.3,2,113.591329254386,0,0,9.26683761790657,0,0,0
321,2.3,3,227.792586824512,3.5,0,19.6185006986466,0,0,0
321,2.3,4,309.501526344886,3.5,0,17.832927347632,0,0,0
321,2.3,5,336.348574614759,0,0,14.0384365358062,0,0,0
321,2.3,6,335.972330790737,3.5,0,7.4627274291676,0,0,0
321,2.3,7,396.244274326544,0,0,17.1100197151607,0,0,0
321,2.3,8,397.274635058583,3.5,0,3.81684885332805,0,0,0
321,2.3,9,457.596788617032,3.5,0,18.1791644205126,0,0,0
321,2.3,10,74.370654900363,-4,0,0,0,0,0
321,2.3,11,400.507363552497,-4,0,0,0,0,0
321,2.4,1,18.9854362781818,3.5,0,8.6162006540694,0,0,0
321,2.4,2,114.518013016176,0,0,9.26683761790657,0,0,0
321,2.4,3,229.754436894376,3.5,0,19.6185006986466,0,0,0
321,2.4,4,311.284819079649,3.5,0,17.832927347632,0,0,0
321,2.4,5,337.752418268339,0,0,14.0384365358062,0,0,0
321,2.4,6,336.718603533654,3.5,0,7.4627274291676,0,0,0
321,2.4,7,397.95527629806,0,0,17.1100197151607,0,0,0
321,2.4,8,397.656319943915,3.5,0,3.81684885332805,0,0,0
321,2.4,9,459.414705059084,3.5,0,18.1791644205126,0,0,0
321,2.4,10,74.370654900363,-4,0,0,0,0,0
321,2.4,11,400.507363552497,-4,0,0,0,0,0
321,2.5,1,19.8472795980203,3.5,0,8.62066574270014,0,0,0
321,2.5,2,115.444696777967,0,0,9.26683761790657,0,0,0
321,2.5,3,231.716286964241,3.5,0,19.6185006986466,0,0,0
321,2.5,4,313.068111814412,3.5,0,17.832927347632,0,0,0
321,2.5,5,339.15626192192,0,0,14.0384365358062,0,0,0
321,2.5,6,337.464876276571,3.5,0,7.4627274291676,0,0,0
321,2.5,7,399.666278269576,0,0,17.1100197151607,0,0,0
321,2.5,8,398.038004829248,3.5,0,3.81684885332805,0,0,0
321,2.5,9,461.232621501135,3.5,0,18.1791644205126,0,0,0
321,2.5,10,74.370654900363,-4,0,0,0,0,0
321,2.5,11,400.507363552497,-4,0,0,0,0,0
321,2.6,1,20.7094087642702,3.5,0,8.62191758229827,0,0,0
321,2.6,2,116.371380539757,0,0,9.26683761790657,0,0,0
321,2.6,3,233.678137034105,3.5,0,19.6185006986466,0,0,0
321,2.6,4,314.851404549176,3.5,0,17.832927347632,0,0,0
321,2.6,5,340.560105575501,0,0,14.0384365358062,0,0,0
321,2.6,6,338.211149019487,3.5,0,7.4627274291676,0,0,0
321,2.6,7,401.377280241092,0,0,17.1100197151607,0,0,0
321,2.6,8,398.419689714581,3.5,0,3.81684885332805,0,0,0
321,2.6,9,463.050537943186,3.5,0,18.1791644205126,0,0,0
321,2.6,10,74.370654900363,-4,0,0,0,0,0
321,2.6,11,400.507363552497,-4,0,0,0,0,0
321,2.7,1,21.5715032396888,3.5,0,8.61997192607468,0,0,0
321,2.7,2,117.298064301548,0,0,9.26683761790657,0,0,0
321,2.7,3,235.63998710397,3.5,0,19.6185006986466,0,0,0
321,2.7,4,316.634697283939,3.5,0,17.832927347632,0,0,0
321,2.7,5,341.963949229081,0,0,14.0384365358062,0,0,0
321,2.7,6,338.957421762404,3.5,0,7.4627274291676,0,0,0
321,2.7,7,403.088282212608,0,0,17.1100197151607,0,0,0
321,2.7,8,398.801374599914,3.5,0,3.81684885332805,0,0,0
321,2.7,9,464.868454385237,3.5,0,18.1791644205126,0,0,0
321,2.7,10,74.370654900363,-4,0,0,0,0,0
321,2.7,11,400.507363552497,-4,0,0,0,0,0
321,2.8,1,22.4332440108077,3.5,0,8.61484349630303,0,0,0
321,2.8,2,118.224748063339,0,0,9.26683761790657,0,0,0
321,2.8,3,237.601837173835,3.5,0,19.6185006986466,0,0,0
321,2.8,4,318.417990018702,3.5,0,17.832927347632,0,0,0
321,2.8,5,343.367792882662,0,0,14.0384365358062,0,0,0
321,2.8,6,339.703694505321,3.5,0,7.4627274291676,0,0,0
321,2.8,7,404.799284184124,0,0,17.1100197151607,0,0,0
321,2.8,8,399.183059485247,3.5,0,3.81684885332805,0,0,0
321,2.8,9,466.686370827289,3.5,0,18.1791644205126,0,0,0
321,2.8,10,74.370654900363,-4,0,0,0,0,0
321,2.8,11,400.507363552497,-4,0,0,0,0,0
321,2.9,1,23.2943134731968,3.5,0,8.60654575147892,0,0,0
321,2.9,2,119.151431825129,0,0,9.26683761790657,0,0,0
321,2.9,3,239.563687243699,3.5,0,19.6185006986466,0,0,0
321,2.9,4,320.201282753465,3.5,0,17.832927347632,0,0,0
321,2.9,5,344.771636536243,0,0,14.0384365358062,0,0,0
321,2.9,6,340.449967248238,3.5,0,7.4627274291676,0,0,0
321,2.9,7,406.51028615564,0,0,17.1100197151607,0,0,0
321,2.9,8,399.564744370579,3.5,0,3.81684885332805,0,0,0
321,2.9,9,468.50428726934,3.5,0,18.1791644205126,0,0,0
321,2.9,10,74.370654900363,-4,0,0,0,0,0
321,2.9,11,400.507363552497,-4,0,0,0,0,0
321,3,1,24.1543952947526,3.5,0,8.59509067963649,0,0,0
321,3,2,120.07811558692,0,0,9.26683761790657,0,0,0
321,3,3,241.525537313564,3.5,0,19.6185006986466,0,0,0
321,3,4,321.984575488228,3.5,0,17.832927347632,0,0,0
321,3,5,346.175480189823,0,0,14.0384365358062,0,0,0
321,3,6,341.196239991154,3.5,0,7.4627274291676,0,0,0
321,3,7,408.221288127157,0,0,17.1100197151607,0,0,0
321,3,8,399.946429255912,3.5,0,3.81684885332805,0,0,0
321,3,9,470.322203711391,3.5,0,18.1791644205126,0,0,0
321,3,10,74.370654900363,-4,0,0,0,0,0
321,3,11,400.507363552497,-4,0,0,0,0,0
321,3.1,1,25.0131742597024,3.5,0,8.5804886193601,0,0,0
321,3.1,2,121.004799348711,0,0,9.26683761790657,0,0,0
321,3.1,3,243.487387383429,3.5,0,19.6185006986466,0,0,0
321,3.1,4,323.767868222992,3.5,0,17.832927347632,0,0,0
321,3.1,5,347.579323843404,0,0,14.0384365358062,0,0,0
321,3.1,6,341.942512734071,3.5,0,7.4627274291676,0,0,0
321,3.1,7,409.932290098673,0,0,17.1100197151607,0,0,0
321,3.1,8,400.328114141245,3.5,0,3.81684885332805,0,0,0
321,3.1,9,472.140120153443,3.5,0,18.1791644205126,0,0,0
321,3.1,10,74.370654900363,-4,0,0,0,0,0
321,3.1,11,400.507363552497,-4,0,0,0,0,0
321,3.2,1,25.8703360961642,3.5,0,8.56274810987636,0,0,0
321,3.2,2,121.931483110501,0,0,9.26683761790657,0,0,0
321,3.2,3,245.449237453293,3.5,0,19.6185006986466,0,0,0
321,3.2,4,325.551160957755,3.38333333333333,0,17.832927347632,0,0,0
321,3.2,5,348.983167496984,0,0,14.0384365358062,0,0,0
321,3.2,6,342.688785476988,3.5,0,7.4627274291676,0,0,0
321,3.2,7,411.643292070189,0,0,17.1100197151607,0,0,0
321,3.2,8,400.709799026578,3.5,0,3.81684885332805,0,0,0
321,3.2,9,473.958036595494,3.5,0,18.1791644205126,0,0,0
321,3.2,10,74.370654900363,-4,0,0,0,0,0
321,3.2,11,400.507363552497,-4,0,0,0,0,0
321,3.3,1,26.7255672902324,3.5,0,8.54187577148703,0,0,0
321,3.3,2,122.858166872292,0,0,9.26683761790657,0,0,0
321,3.3,3,247.411087523158,3.5,0,19.6185006986466,0,0,0
321,3.3,4,327.334453692518,3.26666666666667,0,17.832927347632,0,0,0
321,3.3,5,350.387011150565,0,0,14.0384365358062,0,0,0
321,3.3,6,343.435058219905,3.5,0,7.4627274291676,0,0,0
321,3.3,7,413.354294041705,0,0,17.1100197151607,0,0,0
321,3.3,8,401.09148391191,3.5,0,3.81684885332805,0,0,0
321,3.3,9,475.775953037545,3.5,0,18.1791644205126,0,0,0
321,3.3,10,74.370654900363,-4,0,0,0,0,0
321,3.3,11,400.507363552497,-4,0,0,0,0,0
321,3.4,1,27.5785548896819,3.5,0,8.51787621750316,0,0,0
321,3.4,2,123.784850634083,0,0,9.26683761790657,0,0,0
321,3.4,3,249.372937593023,3.5,0,19.6185006986466,0,0,0
321,3.4,4,329.117746427281,3.15,0,17.832927347632,0,0,0
321,3.4,5,351.790854804146,0,0,14.0384365358062,0,0,0
321,3.4,6,344.181330962821,3.5,0,7.4627274291676,0,0,0
321,3.4,7,415.065296013221,0,0,17.1100197151607,0,0,0
321,3.4,8,401.473168797243,3.5,0,3.81684885332805,0,0,0
321,3.4,9,477.593869479596,3.5,0,18.1791644205126,0,0,0
321,3.4,10,74.370654900363,-4,0,0,0,0,0
321,3.4,11,400.507363552497,-4,0,0,0,0,0
321,3.5,1,28.4289863004953,3.5,0,8.49075199876508,0,0,0
321,3.5,2,124.711534395873,0,0,9.26683761790657,0,0,0
321,3.5,3,251.334787662887,3.5,0,19.6185006986466,0,0,0
321,3.5,4,330.901039162045,3.03333333333333,0,17.832927347632,0,0,0
321,3.5,5,353.194698457726,0,0,14.0384365358062,0,0,0
321,3.5,6,344.927603705738,3.5,0,7.4627274291676,0,0,0
321,3.5,7,416.776297984737,0,0,17.1100197151607,0,0,0
321,3.5,8,401.854853682576,3.5,0,3.81684885332805,0,0,0
321,3.5,9,479.411785921648,3.5,0,18.1791644205126,0,0,0
321,3.5,10,74.370654900363,-4,0,0,0,0,0
321,3.5,11,400.507363552497,-4,0,0,0,0,0
321,3.6,1,29.2765490795225,3.5,0,8.46050358177746,0,0,0
321,3.6,2,125.638218157664,0,0,9.26683761790657,0,0,0
321,3.6,3,253.296637732752,3.5,0,19.6185006986466,0,0,0
321,3.6,4,332.684331896808,2.91666666666667,0,17.832927347632,0,0,0
321,3.6,5,354.598542111307,0,0,14.0384365358062,0,0,0
321,3.6,6,345.673876448655,3.5,0,7.4627274291676,0,0,0
321,3.6,7,418.487299956253,0,0,17.1100197151607,0,0,0
321,3.6,8,402.236538567909,3.5,0,3.81684885332805,0,0,0
321,3.6,9,481.229702363699,3.5,0,18.1791644205126,0,0,0
321,3.6,10,74.370654900363,-4,0,0,0,0,0
321,3.6,11,400.507363552497,-4,0,0,0,0,0
321,3.7,1,30.1209307266838,3.5,0,8.42712936144922,0,0,0
321,3.7,2,126.564901919455,0,0,9.26683761790657,0,0,0
321,3.7,3,255.258487802617,3.5,0,19.6185006986466,0,0,0
321,3.7,4,334.467624631571,2.8,0,17.832927347632,0,0,0
321,3.7,5,356.002385764887,0,0,14.0384365358062,0,0,0
321,3.7,6,346.420149191572,3.5,0,7.4627274291676,0,0,0
321,3.7,7,420.198301927769,0,0,17.1100197151607,0,0,0
321,3.7,8,402.618223453242,3.5,0,3.81684885332805,0,0,0
321,3.7,9,483.04761880575,3.5,0,18.1791644205126,0,0,0
321,3.7,10,74.370654900363,-4,0,0,0,0,0
321,3.7,11,400.507363552497,-4,0,0,0,0,0
321,3.8,1,30.9618184802263,3.5,0,8.39062570940052,0,0,0
321,3.8,2,127.491585681245,0,0,9.26683761790657,0,0,0
321,3.8,3,257.220337872481,3.5,0,19.6185006986466,0,0,0
321,3.8,4,336.250917366334,2.68333333333333,0,17.832927347632,0,0,0
321,3.8,5,357.406229418468,0,0,14.0384365358062,0,0,0
321,3.8,6,347.166421934488,3.5,0,7.4627274291676,0,0,0
321,3.8,7,421.909303899285,0,0,17.1100197151607,0,0,0
321,3.8,8,402.999908338574,3.5,0,3.81684885332805,0,0,0
321,3.8,9,484.865535247802,3.5,0,18.1791644205126,0,0,0
321,3.8,10,74.370654900363,-4,0,0,0,0,0
321,3.8,11,400.507363552497,-4,0,0,0,0,0
321,3.9,1,31.7988991186351,3.5,0,8.35098705877654,0,0,0
321,3.9,2,128.418269443036,0,0,9.26683761790657,0,0,0
321,3.9,3,259.182187942346,3.5,0,19.6185006986466,0,0,0
321,3.9,4,338.034210101097,2.56666666666667,0,17.832927347632,0,0,0
321,3.9,5,358.810073072049,0,0,14.0384365358062,0,0,0
321,3.9,6,347.912694677405,3.5,0,7.4627274291676,0,0,0
321,3.9,7,423.620305870801,0,0,17.1100197151607,0,0,0
321,3.9,8,403.381593223907,3.5,0,3.81684885332805,0,0,0
321,3.9,9,486.683451689853,3.5,0,18.1791644205126,0,0,0
321,3.9,10,74.370654900363,-4,0,0,0,0,0
321,3.9,11,400.507363552497,-4,0,0,0,0,0
321,4,1,32.6318587728982,3.5,0,8.30820602648477,0,0,0
321,4,2,129.344953204827,0,0,9.26683761790657,0,0,0
321,4,3,261.144038012211,3.5,0,19.6185006986466,0,0,0
321,4,4,339.817502835861,2.45,0,17.832927347632,0,0,0
321,4,5,360.213916725629,0,0,14.0384365358062,0,0,0
321,4,6,348.658967420322,3.5,0,7.4627274291676,0,0,0
321,4,7,425.331307842317,0,0,17.1100197151607,0,0,0
321,4,8,403.76327810924,3.5,0,3.81684885332805,0,0,0
321,4,9,488.501368131904,3.5,0,18.1791644205126,0,0,0
321,4,10,74.370654900363,-4,0,0,0,0,0
321,4,11,400.507363552497,-4,0,0,0,0,0
321,4.1,1,33.4603827529095,3.5,0,8.26227357374009,0,0,0
321,4.1,2,130.271636966617,0,0,9.26683761790657,0,0,0
321,4.1,3,263.105888082075,3.5,0,19.6185006986466,0,0,0
321,4.1,4,341.600795570624,2.33333333333333,0,17.832927347632,0,0,0
321,4.1,5,361.61776037921,0,0,14.0384365358062,0,0,0
321,4.1,6,349.405240163238,3.5,0,7.4627274291676,0,0,0
321,4.1,7,427.042309813833,0,0,17.1100197151607,0,0,0
321,4.1,8,404.144962994573,3.5,0,3.81684885332805,0,0,0
321,4.1,9,490.319284573955,3.5,0,18.1791644205126,0,0,0
321,4.1,10,74.370654900363,-4,0,0,0,0,0
321,4.1,11,400.507363552497,-4,0,0,0,0,0
321,4.2,1,34.2841553918842,3.5,0,8.21317920575455,0,0,0
321,4.2,2,131.198320728408,0,0,9.26683761790657,0,0,0
321,4.2,3,265.06773815194,3.5,0,19.6185006986466,0,0,0
321,4.2,4,343.384088305387,2.21666666666667,0,17.832927347632,0,0,0
321,4.2,5,363.021604032791,0,0,14.0384365358062,0,0,0
321,4.2,6,350.151512906155,3.5,0,7.4627274291676,0,0,0
321,4.2,7,428.753311785349,0,0,17.1100197151607,0,0,0
321,4.2,8,404.526647879906,3.5,0,3.81684885332805,0,0,0
321,4.2,9,492.137201016007,3.5,0,18.1791644205126,0,0,0
321,4.2,10,74.370654900363,-4,0,0,0,0,0
321,4.2,11,400.507363552497,-4,0,0,0,0,0
321,4.3,1,35.1028599127387,3.5,0,8.16091121133507,0,0,0
321,4.3,2,132.125004490199,0,0,9.26683761790657,0,0,0
321,4.3,3,267.029588221805,3.5,0,19.6185006986466,0,0,0
321,4.3,4,345.16738104015,2.1,0,17.832927347632,0,0,0
321,4.3,5,364.425447686371,0,0,14.0384365358062,0,0,0
321,4.3,6,350.897785649072,3.5,0,7.4627274291676,0,0,0
321,4.3,7,430.464313756865,0,0,17.1100197151607,0,0,0
321,4.3,8,404.908332765238,3.5,0,3.81684885332805,0,0,0
321,4.3,9,493.955117458058,3.5,0,18.1791644205126,0,0,0
321,4.3,10,74.370654900363,-4,0,0,0,0,0
321,4.3,11,400.507363552497,-4,0,0,0,0,0
321,4.4,1,35.9161783204577,3.5,0,8.10545694304628,0,0,0
321,4.4,2,133.051688251989,0,0,9.26683761790657,0,0,0
321,4.4,3,268.991438291669,3.5,0,19.6185006986466,0,0,0
321,4.4,4,346.950673774914,1.98333333333333,0,17.832927347632,0,0,0
321,4.4,5,365.829291339952,0,0,14.0384365358062,0,0,0
321,4.4,6,351.644058391989,3.5,0,7.4627274291676,0,0,0
321,4.4,7,432.175315728381,0,0,17.1100197151607,0,0,0
321,4.4,8,405.290017650571,3.5,0,3.81684885332805,0,0,0
321,4.4,9,495.773033900109,3.5,0,18.1791644205126,0,0,0
321,4.4,10,74.370654900363,-4,0,0,0,0,0
321,4.4,11,400.507363552497,-4,0,0,0,0,0
321,4.5,1,36.7237913245324,3.5,0,8.04680313844616,0,0,0
321,4.5,2,133.97837201378,0,0,9.26683761790657,0,0,0
321,4.5,3,270.953288361534,3.5,0,19.6185006986466,0,0,0
321,4.5,4,348.733966509677,1.86666666666667,0,17.832927347632,0,0,0
321,4.5,5,367.233134993532,0,0,14.0384365358062,0,0,0
321,4.5,6,352.390331134905,3.5,0,7.4627274291676,0,0,0
321,4.5,7,433.886317699897,0,0,17.1100197151607,0,0,0
321,4.5,8,405.671702535904,3.5,0,3.81684885332805,0,0,0
321,4.5,9,497.590950342161,3.5,0,18.1791644205126,0,0,0
321,4.5,10,74.370654900363,-4,0,0,0,0,0
321,4.5,11,400.507363552497,-4,0,0,0,0,0
321,4.6,1,37.5253782955897,3.5,0,7.98493628270136,0,0,0
321,4.6,2,134.905055775571,0,0,9.26683761790657,0,0,0
321,4.6,3,272.915138431399,3.5,0,19.6185006986466,0,0,0
321,4.6,4,350.51725924444,1.75,0,17.832927347632,0,0,0
321,4.6,5,368.636978647113,0,0,14.0384365358062,0,0,0
321,4.6,6,353.136603877822,3.5,0,7.4627274291676,0,0,0
321,4.6,7,435.597319671413,0,0,17.1100197151607,0,0,0
321,4.6,8,406.053387421237,3.5,0,3.81684885332805,0,0,0
321,4.6,9,499.408866784212,3.5,0,18.1791644205126,0,0,0
321,4.6,10,74.370654900363,-4,0,0,0,0,0
321,4.6,11,400.507363552497,-4,0,0,0,0,0
321,4.7,1,38.3206172603562,3.5,0,7.91984301262745,0,0,0
321,4.7,2,135.831739537361,0,0,9.26683761790657,0,0,0
321,4.7,3,274.876988501263,3.5,0,19.6185006986466,0,0,0
321,4.7,4,352.300551979203,1.63333333333334,0,17.832927347632,0,0,0
321,4.7,5,370.040822300694,0,0,14.0384365358062,0,0,0
321,4.7,6,353.882876620739,3.5,0,7.4627274291676,0,0,0
321,4.7,7,437.308321642929,0,0,17.1100197151607,0,0,0
321,4.7,8,406.43507230657,3.5,0,3.81684885332805,0,0,0
321,4.7,9,501.226783226263,3.5,0,18.1791644205126,0,0,0
321,4.7,10,74.370654900363,-4,0,0,0,0,0
321,4.7,11,400.507363552497,-4,0,0,0,0,0
321,4.8,1,39.109184939081,3.5,0,7.85151056186876,0,0,0
321,4.8,2,136.758423299152,0,0,9.26683761790657,0,0,0
321,4.8,3,276.838838571128,3.5,0,19.6185006986466,0,0,0
321,4.8,4,354.083844713966,1.51666666666667,0,17.832927347632,0,0,0
321,4.8,5,371.444665954274,0,0,14.0384365358062,0,0,0
321,4.8,6,354.629149363656,3.5,0,7.4627274291676,0,0,0
321,4.8,7,439.019323614446,0,0,17.1100197151607,0,0,0
321,4.8,8,406.816757191902,3.5,0,3.81684885332805,0,0,0
321,4.8,9,503.044699668314,3.5,0,18.1791644205126,0,0,0
321,4.8,10,74.370654900363,-4,0,0,0,0,0
321,4.8,11,400.507363552497,-4,0,0,0,0,0
321,4.9,1,39.8907568295007,3.5,0,7.77992724652578,0,0,0
321,4.9,2,137.685107060943,0,0,9.26683761790657,0,0,0
321,4.9,3,278.800688640993,3.5,0,19.6185006986466,0,0,0
321,4.9,4,355.86713744873,1.4,0,17.832927347632,0,0,0
321,4.9,5,372.848509607855,0,0,14.0384365358062,0,0,0
321,4.9,6,355.375422106572,3.5,0,7.4627274291676,0,0,0
321,4.9,7,440.730325585962,0,0,17.1100197151607,0,0,0
321,4.9,8,407.198442077235,3.5,0,3.81684885332805,0,0,0
321,4.9,9,504.862616110366,3.5,0,18.1791644205126,0,0,0
321,4.9,10,74.370654900363,-4,0,0,0,0,0
321,4.9,11,400.507363552497,-4,0,0,0,0,0
321,5,1,40.6650073413294,3.5,0,7.70508299004868,0,0,0
321,5,2,138.611790822733,0,0,9.26683761790657,0,0,0
321,5,3,280.762538710857,3.5,0,19.6185006986466,0,0,0
321,5,4,357.650430183493,1.28333333333334,0,17.832927347632,0,0,0
321,5,5,374.252353261436,0,0,14.0384365358062,0,0,0
321,5,6,356.121694849489,3.5,0,7.4627274291676,0,0,0
321,5,7,442.441327557478,0,0,17.1100197151607,0,0,0
321,5,8,407.580126962568,3.5,0,3.81684885332805,0,0,0
321,5,9,506.680532552417,3.5,0,18.1791644205126,0,0,0
321,5,10,74.370654900363,-4,0,0,0,0,0
321,5,11,400.507363552497,-4,0,0,0,0,0
321,5.1,1,41.4316099851139,3.5,0,7.62696988564009,0,0,0
321,5.1,2,139.538474584524,0,0,9.26683761790657,0,0,0
321,5.1,3,282.724388780722,3.5,0,19.6185006986466,0,0,0
321,5.1,4,359.433722918256,1.16666666666667,0,17.832927347632,0,0,0
321,5.1,5,375.656196915016,0,0,14.0384365358062,0,0,0
321,5.1,6,356.867967592406,3.5,0,7.4627274291676,0,0,0
321,5.1,7,444.152329528994,0,0,17.1100197151607,0,0,0
321,5.1,8,407.961811847901,3.5,0,3.81684885332805,0,0,0
321,5.1,9,508.498448994468,3.5,0,18.1791644205126,0,0,0
321,5.1,10,74.370654900363,-4,0,0,0,0,0
321,5.1,11,400.507363552497,-4,0,0,0,0,0
321,5.2,1,42.1902376190832,3.5,0,7.54558279374557,0,0,0
321,5.2,2,140.465158346315,0,0,9.26683761790657,0,0,0
321,5.2,3,284.686238850587,3.5,0,19.6185006986466,0,0,0
321,5.2,4,361.217015653019,1.05,0,17.832927347632,0,0,0
321,5.2,5,377.060040568597,0,0,14.0384365358062,0,0,0
321,5.2,6,357.614240335323,3.5,0,7.4627274291676,0,0,0
321,5.2,7,445.86333150051,0,0,17.1100197151607,0,0,0
321,5.2,8,408.343496733233,3.5,0,3.81684885332805,0,0,0
321,5.2,9,510.31636543652,3.5,0,18.1791644205126,0,0,0
321,5.2,10,74.370654900363,-4,0,0,0,0,0
321,5.2,11,400.507363552497,-4,0,0,0,0,0
321,5.3,1,42.9405627573434,3.5,0,7.46091997145997,0,0,0
321,5.3,2,141.391842108105,0,0,9.26683761790657,0,0,0
321,5.3,3,286.648088920452,3.5,0,19.6185006986466,0,0,0
321,5.3,4,363.000308387783,0.933333333333338,0,17.832927347632,0,0,0
321,5.3,5,378.463884222177,0,0,14.0384365358062,0,0,0
321,5.3,6,358.360513078239,3.5,0,7.4627274291676,0,0,0
321,5.3,7,447.574333472026,0,0,17.1100197151607,0,0,0
321,5.3,8,408.725181618566,3.5,0,3.81684885332805,0,0,0
321,5.3,9,512.134281878571,3.5,0,18.1791644205126,0,0,0
321,5.3,10,74.370654900363,-4,0,0,0,0,0
321,5.3,11,400.507363552497,-4,0,0,0,0,0
321,5.4,1,43.6822579424086,3.5,0,7.37298372984393,0,0,0
321,5.4,2,142.318525869896,0,0,9.26683761790657,0,0,0
321,5.4,3,288.609938990316,3.5,0,19.6185006986466,0,0,0
321,5.4,4,364.783601122546,0.816666666666672,0,17.832927347632,0,0,0
321,5.4,5,379.867727875758,0,0,14.0384365358062,0,0,0
321,5.4,6,359.106785821156,3.5,0,7.4627274291676,0,0,0
321,5.4,7,449.285335443542,0,0,17.1100197151607,0,0,0
321,5.4,8,409.106866503899,3.5,0,3.81684885332805,0,0,0
321,5.4,9,513.952198320622,3.5,0,18.1791644205126,0,0,0
321,5.4,10,74.370654900363,-4,0,0,0,0,0
321,5.4,11,400.507363552497,-4,0,0,0,0,0
321,5.5,1,44.4149961846128,3.5,0,7.28178111423985,0,0,0
321,5.5,2,143.245209631687,0,0,9.26683761790657,0,0,0
321,5.5,3,290.571789060181,3.5,0,19.6185006986466,0,0,0
321,5.5,4,366.566893857309,0.700000000000006,0,17.832927347632,0,0,0
321,5.5,5,381.271571529339,0,0,14.0384365358062,0,0,0
321,5.5,6,359.853058564073,3.5,0,7.4627274291676,0,0,0
321,5.5,7,450.996337415058,0,0,17.1100197151607,0,0,0
321,5.5,8,409.488551389232,3.5,0,3.81684885332805,0,0,0
321,5.5,9,515.770114762673,3.5,0,18.1791644205126,0,0,0
321,5.5,10,74.370654900363,-4,0,0,0,0,0
321,5.5,11,400.507363552497,-4,0,0,0,0,0
321,5.6,1,45.1384514704104,3.5,0,7.1873246017117,0,0,0
321,5.6,2,144.171893393477,0,0,9.26683761790657,0,0,0
321,5.6,3,292.533639130046,3.5,0,19.6185006986466,0,0,0
321,5.6,4,368.350186592072,0.583333333333339,0,17.832927347632,0,0,0
321,5.6,5,382.675415182919,0,0,14.0384365358062,0,0,0
321,5.6,6,360.59933130699,3.5,0,7.4627274291676,0,0,0
321,5.6,7,452.707339386574,0,0,17.1100197151607,0,0,0
321,5.6,8,409.870236274565,3.5,0,3.81684885332805,0,0,0
321,5.6,9,517.588031204725,3.5,0,18.1791644205126,0,0,0
321,5.6,10,74.370654900363,-4,0,0,0,0,0
321,5.6,11,400.507363552497,-4,0,0,0,0,0
321,5.7,1,45.8522993409325,3.5,0,7.0896328087304,0,0,0
321,5.7,2,145.098577155268,0,0,9.26683761790657,0,0,0
321,5.7,3,294.49548919991,3.5,0,19.6185006986466,0,0,0
321,5.7,4,370.133479326835,0.466666666666673,0,17.832927347632,0,0,0
321,5.7,5,384.0792588365,0,0,14.0384365358062,0,0,0
321,5.7,6,361.345604049906,3.5,0,7.4627274291676,0,0,0
321,5.7,7,454.41834135809,0,0,17.1100197151607,0,0,0
321,5.7,8,410.251921159897,3.5,0,3.81684885332805,0,0,0
321,5.7,9,519.405947646776,3.5,0,18.1791644205126,0,0,0
321,5.7,10,74.370654900363,-4,0,0,0,0,0
321,5.7,11,400.507363552497,-4,0,0,0,0,0
321,5.8,1,46.5562175414295,3.5,0,6.98873120120899,0,0,0
321,5.8,2,146.025260917058,0,0,9.26683761790657,0,0,0
321,5.8,3,296.457339269775,3.5,0,19.6185006986466,0,0,0
321,5.8,4,371.916772061599,0.350000000000007,0,17.832927347632,0,0,0
321,5.8,5,385.483102490081,0,0,14.0384365358062,0,0,0
321,5.8,6,362.091876792823,3.5,0,7.4627274291676,0,0,0
321,5.8,7,456.129343329606,0,0,17.1100197151607,0,0,0
321,5.8,8,410.63360604523,3.5,0,3.81684885332805,0,0,0
321,5.8,9,521.223864088827,3.5,0,18.1791644205126,0,0,0
321,5.8,10,74.370654900363,-4,0,0,0,0,0
321,5.8,11,400.507363552497,-4,0,0,0,0,0
321,5.9,1,47.2498867413895,3.5,0,6.88465279799189,0,0,0
321,5.9,2,146.951944678849,0,0,9.26683761790657,0,0,0
321,5.9,3,298.41918933964,3.5,0,19.6185006986466,0,0,0
321,5.9,4,373.700064796362,0.23333333333334,0,17.832927347632,0,0,0
321,5.9,5,386.886946143661,0,0,14.0384365358062,0,0,0
321,5.9,6,362.83814953574,3.5,0,7.4627274291676,0,0,0
321,5.9,7,457.840345301122,0,0,17.1100197151607,0,0,0
321,5.9,8,411.015290930563,3.5,0,3.81684885332805,0,0,0
321,5.9,9,523.041780530878,3.5,0,18.1791644205126,0,0,0
321,5.9,10,74.370654900363,-4,0,0,0,0,0
321,5.9,11,400.507363552497,-4,0,0,0,0,0
321,5.99999999999999,1,47.9329913241869,3.5,0,6.77743885795531,0,0,0
321,5.99999999999999,2,147.87862844064,0,0,9.26683761790657,0,0,0
321,5.99999999999999,3,300.381039409504,3.5,0,19.6185006986466,0,0,0
321,5.99999999999999,4,375.483357531125,0.116666666666674,0,17.832927347632,0,0,0
321,5.99999999999999,5,388.290789797242,0,0,14.0384365358062,0,0,0
321,5.99999999999999,6,363.584422278657,3.5,0,7.4627274291676,0,0,0
321,5.99999999999999,7,459.551347272638,0,0,17.1100197151607,0,0,0
321,5.99999999999999,8,411.396975815896,3.5,0,3.81684885332805,0,0,0
321,5.99999999999999,9,524.859696972929,3.5,0,18.1791644205126,0,0,0
321,5.99999999999999,10,74.370654900363,-4,0,0,0,0,0
321,5.99999999999999,11,400.507363552497,-4,0,0,0,0,0
321,6.09999999999999,1,48.6052202440858,3.5,0,6.66713954002313,0,0,0
321,6.09999999999999,2,148.80531220243,0,0,9.26683761790657,0,0,0
321,6.09999999999999,3,302.342889479369,3.5,0,19.6185006986466,0,0,0
321,6.09999999999999,4,377.266650265888,7.99360577730113e-15,0,17.832927347632,0,0,0
321,6.09999999999999,5,389.694633450822,0,0,14.0384365358062,0,0,0
321,6.09999999999999,6,364.330695021573,3.5,0,7.4627274291676,0,0,0
321,6.09999999999999,7,461.262349244154,0,0,17.1100197151607,0,0,0
321,6.09999999999999,8,411.778660701229,3.5,0,3.81684885332805,0,0,0
321,6.09999999999999,9,526.677613414981,3.5,0,18.1791644205126,0,0,0
321,6.09999999999999,10,74.370654900363,-4,0,0,0,0,0
321,6.09999999999999,11,400.507363552497,-4,0,0,0,0,0
321,6.19999999999999,1,49.2662679473214,3.5,0,6.55381452468787,0,0,0
321,6.19999999999999,2,149.731995964221,0,0,9.26683761790657,0,0,0
321,6.19999999999999,3,304.304739549234,3.5,0,19.6185006986466,0,0,0
321,6.19999999999999,4,379.049943000652,0,0,17.832927347632,0,0,0
321,6.19999999999999,5,391.098477104403,0,0,14.0384365358062,0,0,0
321,6.19999999999999,6,365.07696776449,3.5,0,7.4627274291676,0,0,0
321,6.19999999999999,7,462.97335121567,0,0,17.1100197151607,0,0,0
321,6.19999999999999,8,412.160345586561,3.5,0,3.81684885332805,0,0,0
321,6.19999999999999,9,528.495529857032,3.5,0,18.1791644205126,0,0,0
321,6.19999999999999,10,74.370654900363,-4,0,0,0,0,0
321,6.19999999999999,11,400.507363552497,-4,0,0,0,0,0
321,6.29999999999999,1,49.9158353528106,3.5,0,6.43753358509774,0,0,0
321,6.29999999999999,2,150.658679726012,0,0,9.26683761790657,0,0,0
321,6.29999999999999,3,306.266589619098,3.5,0,19.6185006986466,0,0,0
321,6.29999999999999,4,380.833235735415,0,0,17.832927347632,0,0,0
321,6.29999999999999,5,392.502320757984,0,0,14.0384365358062,0,0,0
321,6.29999999999999,6,365.823240507407,3.5,0,7.4627274291676,0,0,0
321,6.29999999999999,7,464.684353187186,0,0,17.1100197151607,0,0,0
321,6.29999999999999,8,412.542030471894,3.5,0,3.81684885332805,0,0,0
321,6.29999999999999,9,530.313446299083,3.5,0,18.1791644205126,0,0,0
321,6.29999999999999,10,74.370654900363,-4,0,0,0,0,0
321,6.29999999999999,11,400.507363552497,-4,0,0,0,0,0
321,6.39999999999999,1,50.5536308868392,3.5,0,6.31837709547371,0,0,0
321,6.39999999999999,2,151.572863487802,0,0,9.01683761790657,0,0,0
321,6.39999999999999,3,308.228439688963,3.5,0,19.6185006986466,0,0,0
321,6.39999999999999,4,382.616528470178,0,0,17.832927347632,0,0,0
321,6.39999999999999,5,393.906164411564,0,0,14.0384365358062,0,0,0
321,6.39999999999999,6,366.569513250324,3.5,0,7.4627274291676,0,0,0
321,6.39999999999999,7,466.395355158702,0,0,17.1100197151607,0,0,0
321,6.39999999999999,8,412.923715357227,3.5,0,3.81684885332805,0,0,0
321,6.39999999999999,9,532.131362741134,3.5,0,18.1791644205126,0,0,0
321,6.39999999999999,10,74.370654900363,-4,0,0,0,0,0
321,6.39999999999999,11,400.507363552497,-4,0,0,0,0,0
321,6.49999999999999,1,51.1793715648429,3.5,0,6.19643646460104,0,0,0
321,6.49999999999999,2,152.462047249593,0,0,8.76683761790657,0,0,0
321,6.49999999999999,3,310.190289758828,3.5,0,19.6185006986466,0,0,0
321,6.49999999999999,4,384.399821204941,0,0,17.832927347632,0,0,0
321,6.49999999999999,5,395.310008065145,0,0,14.0384365358062,0,0,0
321,6.49999999999999,6,367.31578599324,3.5,0,7.4627274291676,0,0,0
321,6.49999999999999,7,468.106357130218,0,0,17.1100197151607,0,0,0
321,6.49999999999999,8,413.30540024256,3.5,0,3.81684885332805,0,0,0
321,6.49999999999999,9,533.949279183186,3.5,0,18.1791644205126,0,0,0
321,6.49999999999999,10,74.370654900363,-4,0,0,0,0,0
321,6.49999999999999,11,400.507363552497,-4,0,0,0,0,0
321,6.59999999999999,1,51.7927841121948,3.5,0,6.07181448243554,0,0,0
321,6.59999999999999,2,153.326231011384,0,0,8.51683761790657,0,0,0
321,6.59999999999999,3,312.152139828692,3.5,0,19.6185006986466,0,0,0
321,6.59999999999999,4,386.183113939704,0,0,17.832927347632,0,0,0
321,6.59999999999999,5,396.713851718726,0,0,14.0384365358062,0,0,0
321,6.59999999999999,6,368.062058736157,3.5,0,7.4627274291676,0,0,0
321,6.59999999999999,7,469.817359101734,0,0,17.1100197151607,0,0,0
321,6.59999999999999,8,413.687085127892,3.5,0,3.81684885332805,0,0,0
321,6.59999999999999,9,535.767195625237,3.5,0,18.1791644205126,0,0,0
321,6.59999999999999,10,74.370654900363,-4,0,0,0,0,0
321,6.59999999999999,11,400.507363552497,-4,0,0,0,0,0
321,6.69999999999999,1,52.393606114742,3.5,0,5.94462556850932,0,0,0
321,6.69999999999999,2,154.165414773174,0,0,8.26683761790657,0,0,0
321,6.69999999999999,3,314.113989898557,3.5,0,19.6185006986466,0,0,0
321,6.69999999999999,4,387.966406674468,0,0,17.832927347632,0,0,0
321,6.69999999999999,5,398.117695372306,0,0,14.0384365358062,0,0,0
321,6.69999999999999,6,368.808331479074,3.5,0,7.4627274291676,0,0,0
321,6.69999999999999,7,471.528361073251,0,0,17.1100197151607,0,0,0
321,6.69999999999999,8,414.068770013225,3.5,0,3.81684885332805,0,0,0
321,6.69999999999999,9,537.585112067288,3.5,0,18.1791644205126,0,0,0
321,6.69999999999999,10,74.370654900363,-4,0,0,0,0,0
321,6.69999999999999,11,400.507363552497,-4,0,0,0,0,0
321,6.79999999999999,1,52.9815871887591,3.5,0,5.81499591183176,0,0,0
321,6.79999999999999,2,154.979598534965,0,0,8.01683761790657,0,0,0
321,6.79999999999999,3,316.075839968422,3.5,0,19.6185006986466,0,0,0
321,6.79999999999999,4,389.749699409231,0,0,17.832927347632,0,0,0
321,6.79999999999999,5,399.521539025887,0,0,14.0384365358062,0,0,0
321,6.79999999999999,6,369.554604221991,3.5,0,7.4627274291676,0,0,0
321,6.79999999999999,7,473.239363044767,0,0,17.1100197151607,0,0,0
321,6.79999999999999,8,414.450454898558,3.5,0,3.81684885332805,0,0,0
321,6.79999999999999,9,539.403028509339,3.5,0,18.1791644205126,0,0,0
321,6.79999999999999,10,74.370654900363,-4,0,0,0,0,0
321,6.79999999999999,11,400.507363552497,-4,0,0,0,0,0
321,6.89999999999999,1,53.556490159019,3.5,0,5.68306349336709,0,0,0
321,6.89999999999999,2,155.768782296756,0,0,7.76683761790657,0,0,0
321,6.89999999999999,3,318.037690038286,3.5,0,19.6185006986466,0,0,0
321,6.89999999999999,4,391.532992143994,0,0,17.832927347632,0,0,0
321,6.89999999999999,5,400.925382679467,0,0,14.0384365358062,0,0,0
321,6.89999999999999,6,370.300876964907,3.5,0,7.4627274291676,0,0,0
321,6.89999999999999,7,474.950365016283,0,0,17.1100197151607,0,0,0
321,6.89999999999999,8,414.832139783891,3.5,0,3.81684885332805,0,0,0
321,6.89999999999999,9,541.22094495139,3.5,0,18.1791644205126,0,0,0
321,6.89999999999999,10,74.370654900363,-4,0,0,0,0,0
321,6.89999999999999,11,400.507363552497,-4,0,0,0,0,0
321,6.99999999999999,1,54.1180922328833,3.5,0,5.5489779839184,0,0,0
321,6.99999999999999,2,156.532966058546,0,0,7.51683761790657,0,0,0
321,6.99999999999999,3,319.999540108151,3.5,0,19.6185006986466,0,0,0
321,6.99999999999999,4,393.316284878757,0,0,17.832927347632,0,0,0
321,6.99999999999999,5,402.329226333048,0,0,14.0384365358062,0,0,0
321,6.99999999999999,6,371.047149707824,3.5,0,7.4627274291676,0,0,0
321,6.99999999999999,7,476.661366987799,0,0,17.1100197151607,0,0,0
321,6.99999999999999,8,415.213824669224,3.5,0,3.81684885332805,0,0,0
321,6.99999999999999,9,543.038861393442,3.5,0,18.1791644205126,0,0,0
321,6.99999999999999,10,74.370654900363,-4,0,0,0,0,0
321,6.99999999999999,11,400.507363552497,-4,0,0,0,0,0
321,7.09999999999999,1,54.6797599871187,3.5,0,5.68437710078923,0,0,0
321,7.09999999999999,2,157.272149820337,0,0,7.26683761790657,0,0,0
321,7.09999999999999,3,321.961390178016,3.5,0,19.6185006986466,0,0,0
321,7.09999999999999,4,395.099577613521,0,0,17.832927347632,0,0,0
321,7.09999999999999,5,403.733069986629,0,0,14.0384365358062,0,0,0
321,7.09999999999999,6,371.793422450741,3.5,0,7.4627274291676,0,0,0
321,7.09999999999999,7,478.372368959315,0,0,17.1100197151607,0,0,0
321,7.09999999999999,8,415.595509554556,3.5,0,3.81684885332805,0,0,0
321,7.09999999999999,9,544.856777835493,3.5,0,18.1791644205126,0,0,0
321,7.09999999999999,10,74.370654900363,-4,0,0,0,0,0
321,7.09999999999999,11,400.507363552497,-4,0,0,0,0,0
321,7.19999999999999,1,55.2549162428138,3.5,0,5.8187480131134,0,0,0
321,7.19999999999999,2,157.986333582128,0,0,7.01683761790657,0,0,0
321,7.19999999999999,3,323.92324024788,3.5,0,19.6185006986466,0,0,0
321,7.19999999999999,4,396.882870348284,0,0,17.832927347632,0,0,0
321,7.19999999999999,5,405.136913640209,0,0,14.0384365358062,0,0,0
321,7.19999999999999,6,372.539695193658,3.5,0,7.4627274291676,0,0,0
321,7.19999999999999,7,480.083370930831,0,0,17.1100197151607,0,0,0
321,7.19999999999999,8,415.977194439889,3.5,0,3.81684885332805,0,0,0
321,7.19999999999999,9,546.674694277544,3.5,0,18.1791644205126,0,0,0
321,7.19999999999999,10,74.370654900363,-4,0,0,0,0,0
321,7.19999999999999,11,400.507363552497,-4,0,0,0,0,0
321,7.29999999999999,1,55.8434548414485,3.5,0,5.95202395958062,0,0,0
321,7.29999999999999,2,158.675517343918,0,0,6.76683761790657,0,0,0
321,7.29999999999999,3,325.885090317745,3.5,0,19.6185006986466,0,0,0
321,7.29999999999999,4,398.666163083047,0,0,17.832927347632,0,0,0
321,7.29999999999999,5,406.54075729379,0,0,14.0384365358062,0,0,0
321,7.29999999999999,6,373.285967936574,3.5,0,7.4627274291676,0,0,0
321,7.29999999999999,7,481.794372902347,0,0,17.1100197151607,0,0,0
321,7.29999999999999,8,416.358879325222,3.5,0,3.81684885332805,0,0,0
321,7.29999999999999,9,548.492610719595,3.5,0,18.1791644205126,0,0,0
321,7.29999999999999,10,74.370654900363,-4,0,0,0,0,0
321,7.29999999999999,11,400.507363552497,-4,0,0,0,0,0
321,7.39999999999999,1,56.4452628884711,3.5,0,6.08413698087224,0,0,0
321,7.39999999999999,2,159.339701105709,0,0,6.51683761790657,0,0,0
321,7.39999999999999,3,327.84694038761,3.5,0,19.6185006986466,0,0,0
321,7.39999999999999,4,400.44945581781,0,0,17.832927347632,0,0,0
321,7.39999999999999,5,407.944600947371,0,0,14.0384365358062,0,0,0
321,7.39999999999999,6,374.032240679491,3.5,0,7.4627274291676,0,0,0
321,7.39999999999999,7,483.505374873863,0,0,17.1100197151607,0,0,0
321,7.39999999999999,8,416.740564210555,3.5,0,3.81684885332805,0,0,0
321,7.39999999999999,9,550.310527161647,3.5,0,18.1791644205126,0,0,0
321,7.39999999999999,10,74.370654900363,-4,0,0,0,0,0
321,7.39999999999999,11,400.507363552497,-4,0,0,0,0,0
321,7.49999999999999,1,57.0602206455275,3.5,0,6.21501816025414,0,0,0
321,7.49999999999999,2,159.9788848675,0,0,6.26683761790657,0,0,0
321,7.49999999999999,3,329.808790457475,3.5,0,19.6185006986466,0,0,0
321,7.49999999999999,4,402.232748552573,0,0,17.832927347632,0,0,0
321,7.49999999999999,5,409.348444600951,0,0,14.0384365358062,0,0,0
321,7.49999999999999,6,374.778513422408,3.5,0,7.4627274291676,0,0,0
321,7.49999999999999,7,485.216376845379,0,0,17.1100197151607,0,0,0
321,7.49999999999999,8,417.122249095888,3.5,0,3.81684885332805,0,0,0
321,7.49999999999999,9,552.128443603698,3.5,0,18.1791644205126,0,0,0
321,7.49999999999999,10,74.370654900363,-4,0,0,0,0,0
321,7.49999999999999,11,400.507363552497,-4,0,0,0,0,0
321,7.59999999999999,1,57.6882014476761,3.5,0,6.34459788271844,0,0,0
321,7.59999999999999,2,160.59306862929,0,0,6.01683761790657,0,0,0
321,7.59999999999999,3,331.770640527339,3.5,0,19.6185006986466,0,0,0
321,7.59999999999999,4,404.016041287337,0,0,17.832927347632,0,0,0
321,7.59999999999999,5,410.752288254532,0,0,14.0384365358062,0,0,0
321,7.59999999999999,6,375.524786165325,3.5,0,7.4627274291676,0,0,0
321,7.59999999999999,7,486.927378816895,0,0,17.1100197151607,0,0,0
321,7.59999999999999,8,417.50393398122,3.5,0,3.81684885332805,0,0,0
321,7.59999999999999,9,553.946360045749,3.5,0,18.1791644205126,0,0,0
321,7.59999999999999,10,74.370654900363,-4,0,0,0,0,0
321,7.59999999999999,11,400.507363552497,-4,0,0,0,0,0
321,7.69999999999999,1,58.3290716473788,3.5,0,6.47280611133628,0,0,0
321,7.69999999999999,2,161.182252391081,0,0,5.76683761790657,0,0,0
321,7.69999999999999,3,333.732490597204,3.5,0,19.6185006986466,0,0,0
321,7.69999999999999,4,405.7993340221,0,0,17.832927347632,0,0,0
321,7.69999999999999,5,412.156131908112,0,0,14.0384365358062,0,0,0
321,7.69999999999999,6,376.271058908241,3.5,0,7.4627274291676,0,0,0
321,7.69999999999999,7,488.638380788411,0,0,17.1100197151607,0,0,0
321,7.69999999999999,8,417.885618866553,3.5,0,3.81684885332805,0,0,0
321,7.69999999999999,9,555.7642764878,3.5,0,18.1791644205126,0,0,0
321,7.69999999999999,10,74.370654900363,-4,0,0,0,0,0
321,7.69999999999999,11,400.507363552497,-4,0,0,0,0,0
321,7.79999999999999,1,58.9826905869043,3.5,0,6.5995726791734,0,0,0
321,7.79999999999999,2,161.746436152872,0,0,5.51683761790657,0,0,0
321,7.79999999999999,3,335.694340667069,3.5,0,19.6185006986466,0,0,0
321,7.79999999999999,4,407.582626756863,0,0,17.832927347632,0,0,0
321,7.79999999999999,5,413.559975561693,0,0,14.0384365358062,0,0,0
321,7.79999999999999,6,377.017331651158,3.5,0,7.4627274291676,0,0,0
321,7.79999999999999,7,490.349382759927,0,0,17.1100197151607,0,0,0
321,7.79999999999999,8,418.267303751886,3.5,0,3.81684885332805,0,0,0
321,7.79999999999999,9,557.582192929852,3.5,0,18.1791644205126,0,0,0
321,7.79999999999999,10,74.370654900363,-4,0,0,0,0,0
321,7.79999999999999,11,400.507363552497,-4,0,0,0,0,0
321,7.89999999999999,1,59.6489106006036,3.5,0,6.7248275948129,0,0,0
321,7.89999999999999,2,162.285619914662,0,0,5.26683761790657,0,0,0
321,7.89999999999999,3,337.656190736933,3.5,0,19.6185006986466,0,0,0
321,7.89999999999999,4,409.365919491626,0,0,17.832927347632,0,0,0
321,7.89999999999999,5,414.963819215274,0,0,14.0384365358062,0,0,0
321,7.89999999999999,6,377.763604394075,3.5,0,7.4627274291676,0,0,0
321,7.89999999999999,7,492.060384731443,0,0,17.1100197151607,0,0,0
321,7.89999999999999,8,418.648988637219,3.5,0,3.81684885332805,0,0,0
321,7.89999999999999,9,559.400109371903,3.5,0,18.1791644205126,0,0,0
321,7.89999999999999,10,74.370654900363,-4,0,0,0,0,0
321,7.89999999999999,11,400.507363552497,-4,0,0,0,0,0
321,7.99999999999999,1,60.3275770483059,3.5,0,6.84850135923246,0,0,0
321,7.99999999999999,2,162.799803676453,0,0,5.01683761790657,0,0,0
321,7.99999999999999,3,339.618040806798,3.5,0,19.6185006986466,0,0,0
321,7.99999999999999,4,411.14921222639,0,0,17.832927347632,0,0,0
321,7.99999999999999,5,416.367662868854,0,0,14.0384365358062,0,0,0
321,7.99999999999999,6,378.509877136992,3.5,0,7.4627274291676,0,0,0
321,7.99999999999999,7,493.771386702959,0,0,17.1100197151607,0,0,0
321,7.99999999999999,8,419.030673522552,3.5,0,3.81684885332805,0,0,0
321,7.99999999999999,9,561.218025813954,3.5,0,18.1791644205126,0,0,0
321,7.99999999999999,10,74.370654900363,-4,0,0,0,0,0
321,7.99999999999999,11,400.507363552497,-4,0,0,0,0,0
321,8.09999999999999,1,61.0185283808427,3.5,0,6.97052529150464,0,0,0
321,8.09999999999999,2,163.288987438244,0,0,4.76683761790657,0,0,0
321,8.09999999999999,3,341.579890876663,3.5,0,19.6185006986466,0,0,0
321,8.09999999999999,4,412.932504961153,0,0,17.832927347632,0,0,0
321,8.09999999999999,5,417.771506522435,0,0,14.0384365358062,0,0,0
321,8.09999999999999,6,379.256149879908,3.5,0,7.4627274291676,0,0,0
321,8.09999999999999,7,495.482388674475,0,0,17.1100197151607,0,0,0
321,8.09999999999999,8,419.412358407884,3.5,0,3.81684885332805,0,0,0
321,8.09999999999999,9,563.035942256005,3.5,0,18.1791644205126,0,0,0
321,8.09999999999999,10,74.370654900363,-4,0,0,0,0,0
321,8.09999999999999,11,400.507363552497,-4,0,0,0,0,0
321,8.19999999999999,1,61.7215962384447,3.5,0,7.09083186053491,0,0,0
321,8.19999999999999,2,163.753171200034,0,0,4.51683761790657,0,0,0
321,8.19999999999999,3,343.541740946527,3.5,0,19.6185006986466,0,0,0
321,8.19999999999999,4,414.715797695916,0,0,17.832927347632,0,0,0
321,8.19999999999999,5,419.175350176016,0,0,14.0384365358062,0,0,0
321,8.19999999999999,6,380.002422622825,3.5,0,7.4627274291676,0,0,0
321,8.19999999999999,7,497.193390645991,0,0,17.1100197151607,0,0,0
321,8.19999999999999,8,419.794043293217,3.5,0,3.81684885332805,0,0,0
321,8.19999999999999,9,564.853858698056,3.5,0,18.1791644205126,0,0,0
321,8.19999999999999,10,74.370654900363,-4,0,0,0,0,0
321,8.19999999999999,11,400.507363552497,-4,0,0,0,0,0
321,8.29999999999999,1,62.4366055824631,3.5,0,7.20935501983172,0,0,0
321,8.29999999999999,2,164.192354961825,0,0,4.26683761790657,0,0,0
321,8.29999999999999,3,345.503591016392,3.5,0,19.6185006986466,0,0,0
321,8.29999999999999,4,416.499090430679,0,0,17.832927347632,0,0,0
321,8.29999999999999,5,420.579193829596,0,0,14.0384365358062,0,0,0
321,8.29999999999999,6,380.748695365742,3.5,0,7.4627274291676,0,0,0
321,8.29999999999999,7,498.904392617507,0,0,17.1100197151607,0,0,0
321,8.29999999999999,8,420.17572817855,3.5,0,3.81684885332805,0,0,0
321,8.29999999999999,9,566.671775140108,3.5,0,18.1791644205126,0,0,0
321,8.29999999999999,10,74.370654900363,-4,0,0,0,0,0
321,8.29999999999999,11,400.507363552497,-4,0,0,0,0,0
321,8.39999999999999,1,63.1633748605608,3.5,0,7.32603054212289,0,0,0
321,8.39999999999999,2,164.606538723616,0,0,4.01683761790657,0,0,0
321,8.39999999999999,3,347.465441086257,3.5,0,19.6185006986466,0,0,0
321,8.39999999999999,4,418.282383165442,0,0,17.832927347632,0,0,0
321,8.39999999999999,5,421.983037483177,0,0,14.0384365358062,0,0,0
321,8.39999999999999,6,381.494968108658,3.5,0,7.4627274291676,0,0,0
321,8.39999999999999,7,500.615394589023,0,0,17.1100197151607,0,0,0
321,8.39999999999999,8,420.557413063883,3.5,0,3.81684885332805,0,0,0
321,8.39999999999999,9,568.489691582159,3.5,0,18.1791644205126,0,0,0
321,8.39999999999999,10,74.370654900363,-4,0,0,0,0,0
321,8.39999999999999,11,400.507363552497,-4,0,0,0,0,0
321,8.49999999999999,1,63.9017162051919,3.5,0,7.44079635049903,0,0,0
321,8.49999999999999,2,164.995722485406,0,0,3.76683761790657,0,0,0
321,8.49999999999999,3,349.427291156121,3.5,0,19.6185006986466,0,0,0
321,8.49999999999999,4,420.065675900206,0,0,17.832927347632,0,0,0
321,8.49999999999999,5,423.386881136757,0,0,14.0384365358062,0,0,0
321,8.49999999999999,6,382.241240851575,3.5,0,7.4627274291676,0,0,0
321,8.49999999999999,7,502.32639656054,0,0,17.1100197151607,0,0,0
321,8.49999999999999,8,420.939097949215,3.5,0,3.81684885332805,0,0,0
321,8.49999999999999,9,570.30760802421,3.5,0,18.1791644205126,0,0,0
321,8.49999999999999,10,74.370654900363,-4,0,0,0,0,0
321,8.49999999999999,11,400.507363552497,-4,0,0,0,0,0
321,8.59999999999999,1,64.651435664851,3.5,0,7.5535928426842,0,0,0
321,8.59999999999999,2,165.359906247197,0,0,3.51683761790657,0,0,0
321,8.59999999999999,3,351.389141225986,3.5,0,19.6185006986466,0,0,0
321,8.59999999999999,4,421.848968634969,0,0,17.832927347632,0,0,0
321,8.59999999999999,5,424.790724790338,0,0,14.0384365358062,0,0,0
321,8.59999999999999,6,382.987513594492,3.5,0,7.4627274291676,0,0,0
321,8.59999999999999,7,504.037398532056,0,0,17.1100197151607,0,0,0
321,8.59999999999999,8,421.320782834548,3.5,0,3.81684885332805,0,0,0
321,8.59999999999999,9,572.125524466261,3.5,0,18.1791644205126,0,0,0
321,8.59999999999999,10,74.370654900363,-4,0,0,0,0,0
321,8.59999999999999,11,400.507363552497,-4,0,0,0,0,0
321,8.69999999999999,1,65.4123334672358,3.5,0,7.6643632050104,0,0,0
321,8.69999999999999,2,165.699090008988,0,0,3.26683761790657,0,0,0
321,8.69999999999999,3,353.350991295851,3.5,0,19.6185006986466,0,0,0
321,8.69999999999999,4,423.632261369732,0,0,17.832927347632,0,0,0
321,8.69999999999999,5,426.194568443919,0,0,14.0384365358062,0,0,0
321,8.69999999999999,6,383.733786337409,3.5,0,7.4627274291676,0,0,0
321,8.69999999999999,7,505.748400503572,0,0,17.1100197151607,0,0,0
321,8.69999999999999,8,421.702467719881,3.5,0,3.81684885332805,0,0,0
321,8.69999999999999,9,573.943440908313,3.5,0,18.1791644205126,0,0,0
321,8.69999999999999,10,74.370654900363,-4,0,0,0,0,0
321,8.69999999999999,11,400.507363552497,-4,0,0,0,0,0
321,8.79999999999998,1,66.1842043131218,3.5,0,7.77305371270965,0,0,0
321,8.79999999999998,2,166.013273770778,0,0,3.01683761790657,0,0,0
321,8.79999999999998,3,355.312841365715,3.5,0,19.6185006986466,0,0,0
321,8.79999999999998,4,425.415554104495,0,0,17.832927347632,0,0,0
321,8.79999999999998,5,427.598412097499,0,0,14.0384365358062,0,0,0
321,8.79999999999998,6,384.480059080325,3.5,0,7.4627274291676,0,0,0
321,8.79999999999998,7,507.459402475088,0,0,17.1100197151607,0,0,0
321,8.79999999999998,8,422.084152605214,3.5,0,3.81684885332805,0,0,0
321,8.79999999999998,9,575.761357350364,3.5,0,18.1791644205126,0,0,0
321,8.79999999999998,10,74.370654900363,-4,0,0,0,0,0
321,8.79999999999998,11,400.507363552497,-4,0,0,0,0,0
321,8.89999999999998,1,66.9668376994191,3.5,0,7.87961401323609,0,0,0
321,8.89999999999998,2,166.302457532569,0,0,2.76683761790657,0,0,0
321,8.89999999999998,3,357.26219143558,3.5,0,19.3685006986466,0,0,0
321,8.89999999999998,4,427.198846839259,0,0,17.832927347632,0,0,0
321,8.89999999999998,5,429.00225575108,0,0,14.0384365358062,0,0,0
321,8.89999999999998,6,385.226331823242,3.5,0,7.4627274291676,0,0,0
321,8.89999999999998,7,509.170404446604,0,0,17.1100197151607,0,0,0
321,8.89999999999998,8,422.465837490547,3.5,0,3.81684885332805,0,0,0
321,8.89999999999998,9,577.579273792415,3.5,0,18.1791644205126,0,0,0
321,8.89999999999998,10,74.370654900363,-4,0,0,0,0,0
321,8.89999999999998,11,400.507363552497,-4,0,0,0,0,0
321,8.99999999999998,1,67.7600182695555,3.5,0,7.98399738949178,0,0,0
321,8.99999999999998,2,166.56664129436,0,0,2.51683761790657,0,0,0
321,8.99999999999998,3,359.186541505445,3.5,0,19.1185006986466,0,0,0
321,8.99999999999998,4,428.982139574022,0,0,17.832927347632,0,0,0
321,8.99999999999998,5,430.40609940466,0,0,14.0384365358062,0,0,0
321,8.99999999999998,6,385.972604566159,3.5,0,7.4627274291676,0,0,0
321,8.99999999999998,7,510.88140641812,0,0,17.1100197151607,0,0,0
321,8.99999999999998,8,422.847522375879,3.5,0,3.81684885332805,0,0,0
321,8.99999999999998,9,579.397190234466,3.5,0,18.1791644205126,0,0,0
321,8.99999999999998,10,74.370654900363,-4,0,0,0,0,0
321,8.99999999999998,11,400.507363552497,-4,0,0,0,0,0
321,9.09999999999998,1,68.5635261890326,3.5,0,8.08616100005089,0,0,0
321,9.09999999999998,2,166.80582505615,0,0,2.26683761790657,0,0,0
321,9.09999999999998,3,361.085891575309,3.5,0,18.8685006986466,0,0,0
321,9.09999999999998,4,430.765432308785,0,0,17.832927347632,0,0,0
321,9.09999999999998,5,431.809943058241,0,0,14.0384365358062,0,0,0
321,9.09999999999998,6,386.718877309076,3.5,0,7.4627274291676,0,0,0
321,9.09999999999998,7,512.592408389636,0,0,17.1100197151607,0,0,0
321,9.09999999999998,8,423.229207261212,3.5,0,3.81684885332805,0,0,0
321,9.09999999999998,9,581.215106676518,3.5,0,18.1791644205126,0,0,0
321,9.09999999999998,10,74.370654900363,-4,0,0,0,0,0
321,9.09999999999998,11,400.507363552497,-4,0,0,0,0,0
321,9.19999999999998,1,69.3771375437229,3.5,0,8.18606609375471,0,0,0
321,9.19999999999998,2,167.021246898593,0,0,2.04159923093505,0,0,0
321,9.19999999999998,3,362.960241645174,3.5,0,18.6185006986466,0,0,0
321,9.19999999999998,4,432.548725043548,0,0,17.832927347632,0,0,0
321,9.19999999999998,5,433.213786711822,0,0,14.0384365358062,0,0,0
321,9.19999999999998,6,387.465150051992,3.5,0,7.4627274291676,0,0,0
321,9.19999999999998,7,514.303410361152,0,0,17.1100197151607,0,0,0
321,9.19999999999998,8,423.610892146545,3.5,0,3.81684885332805,0,0,0
321,9.19999999999998,9,583.033023118569,3.5,0,18.1791644205126,0,0,0
321,9.19999999999998,10,74.370654900363,-4,0,0,0,0,0
321,9.19999999999998,11,400.507363552497,-4,0,0,0,0,0
321,9.29999999999998,1,70.2006247582295,3.5,0,8.28367819637886,0,0,0
321,9.29999999999998,2,167.215271094272,0,0,1.83888468266069,0,0,0
321,9.29999999999998,3,364.809591715039,3.5,0,18.3685006986466,0,0,0
321,9.29999999999998,4,434.332017778311,0,0,17.832927347632,0,0,0
321,9.29999999999998,5,434.617630365402,0,0,14.0384365358062,0,0,0
321,9.29999999999998,6,388.211422794909,3.5,0,7.4627274291676,0,0,0
321,9.29999999999998,7,516.014412332668,0,0,17.1100197151607,0,0,0
321,9.29999999999998,8,423.992577031878,3.5,0,3.81684885332805,0,0,0
321,9.29999999999998,9,584.85093956062,3.5,0,18.1791644205126,0,0,0
321,9.29999999999998,10,74.370654900363,-4,0,0,0,0,0
321,9.29999999999998,11,400.507363552497,-4,0,0,0,0,0
321,9.39999999999998,1,71.0337570314209,3.5,0,8.37896726744748,0,0,0
321,9.39999999999998,2,167.411659562538,0,0,2.08888468266069,0,0,0
321,9.39999999999998,3,366.633941784903,3.5,0,18.1185006986466,0,0,0
321,9.39999999999998,4,436.115310513075,0,0,17.832927347632,0,0,0
321,9.39999999999998,5,436.021474018983,0,0,14.0384365358062,0,0,0
321,9.39999999999998,6,388.957695537826,3.5,0,7.4627274291676,0,0,0
321,9.39999999999998,7,517.725414304184,0,0,17.1100197151607,0,0,0
321,9.39999999999998,8,424.374261917211,3.5,0,3.81684885332805,0,0,0
321,9.39999999999998,9,586.668856002671,3.5,0,18.1791644205126,0,0,0
321,9.39999999999998,10,74.370654900363,-4,0,0,0,0,0
321,9.39999999999998,11,400.507363552497,-4,0,0,0,0,0
321,9.49999999999998,1,71.8763007860772,3.5,0,8.47190782567856,0,0,0
321,9.49999999999998,2,167.633048030804,0,0,2.33888468266069,0,0,0
321,9.49999999999998,3,368.433291854768,3.5,0,17.8685006986466,0,0,0
321,9.49999999999998,4,437.898603247838,0,0,17.832927347632,0,0,0
321,9.49999999999998,5,437.425317672564,0,0,14.0384365358062,0,0,0
321,9.49999999999998,6,389.703968280743,3.5,0,7.4627274291676,0,0,0
321,9.49999999999998,7,519.4364162757,0,0,17.1100197151607,0,0,0
321,9.49999999999998,8,424.755946802543,3.5,0,3.81684885332805,0,0,0
321,9.49999999999998,9,588.486772444722,3.5,0,18.1791644205126,0,0,0
321,9.49999999999998,10,74.370654900363,-4,0,0,0,0,0
321,9.49999999999998,11,400.507363552497,-4,0,0,0,0,0
321,9.59999999999998,1,72.7280201294601,3.5,0,8.56247904198103,0,0,0
321,9.59999999999998,2,167.87943649907,0,0,2.58888468266069,0,0,0
321,9.59999999999998,3,370.207641924633,3.5,0,17.6185006986466,0,0,0
321,9.59999999999998,4,439.681895982601,0,0,17.832927347632,0,0,0
321,9.59999999999998,5,438.829161326144,0,0,14.0384365358062,0,0,0
321,9.59999999999998,6,390.450241023659,3.5,0,7.4627274291676,0,0,0
321,9.59999999999998,7,521.147418247216,0,0,17.1100197151607,0,0,0
321,9.59999999999998,8,425.137631687876,3.5,0,3.81684885332805,0,0,0
321,9.59999999999998,9,590.304688886774,3.5,0,18.1791644205126,0,0,0
321,9.59999999999998,10,74.370654900363,-4,0,0,0,0,0
321,9.59999999999998,11,400.507363552497,-4,0,0,0,0,0
321,9.69999999999998,1,73.5886773215281,3.5,0,8.65066479937735,0,0,0
321,9.69999999999998,2,168.150824967337,0,0,2.83888468266069,0,0,0
321,9.69999999999998,3,371.956991994497,3.5,0,17.3685006986466,0,0,0
321,9.69999999999998,4,441.465188717364,0,0,17.832927347632,0,0,0
321,9.69999999999998,5,440.233004979725,0,0,14.0384365358062,0,0,0
321,9.69999999999998,6,391.196513766576,3.5,0,7.4627274291676,0,0,0
321,9.69999999999998,7,522.858420218733,0,0,17.1100197151607,0,0,0
321,9.69999999999998,8,425.519316573209,3.5,0,3.81684885332805,0,0,0
321,9.69999999999998,9,592.122605328825,3.5,0,18.1791644205126,0,0,0
321,9.69999999999998,10,74.370654900363,-4,0,0,0,0,0
321,9.69999999999998,11,400.507363552497,-4,0,0,0,0,0
321,9.79999999999998,1,74.4580332474812,3.5,0,8.73645371968477,0,0,0
321,9.79999999999998,2,168.447213435603,0,0,3.08888468266069,0,0,0
321,9.79999999999998,3,373.681342064362,3.5,0,17.1185006986466,0,0,0
321,9.79999999999998,4,443.248481452128,0,0,17.832927347632,0,0,0
321,9.79999999999998,5,441.636848633305,0,0,14.0384365358062,0,0,0
321,9.79999999999998,6,391.942786509493,3.5,0,7.4627274291676,0,0,0
321,9.79999999999998,7,524.569422190249,0,0,17.1100197151607,0,0,0
321,9.79999999999998,8,425.901001458542,3.5,0,3.81684885332805,0,0,0
321,9.79999999999998,9,593.940521770876,3.5,0,18.1791644205126,0,0,0
321,9.79999999999998,10,74.370654900363,-4,0,0,0,0,0
321,9.79999999999998,11,400.507363552497,-4,0,0,0,0,0
321,9.89999999999998,1,75.3358478913276,3.5,0,8.81983915724375,0,0,0
321,9.89999999999998,2,168.768601903869,0,0,3.33888468266069,0,0,0
321,9.89999999999998,3,375.380692134227,3.38333333333333,0,16.8685006986466,0,0,0
321,9.89999999999998,4,445.031774186891,0,0,17.832927347632,0,0,0
321,9.89999999999998,5,443.040692286886,0,0,14.0384365358062,0,0,0
321,9.89999999999998,6,392.68905925241,3.5,0,7.4627274291676,0,0,0
321,9.89999999999998,7,526.280424161765,0,0,17.1100197151607,0,0,0
321,9.89999999999998,8,426.282686343875,3.5,0,3.81684885332805,0,0,0
321,9.89999999999998,9,595.758438212927,3.5,0,18.1791644205126,0,0,0
321,9.89999999999998,10,74.370654900363,-4,0,0,0,0,0
321,9.89999999999998,11,400.507363552497,-4,0,0,0,0,0
321,9.99999999999998,1,76.2218808072109,3.5,0,8.90081916042273,0,0,0
321,9.99999999999998,2,169.114990372135,0,0,3.58888468266069,0,0,0
321,9.99999999999998,3,377.055042204091,3.26666666666667,0,16.6185006986466,0,0,0
321,9.99999999999998,4,446.815066921654,0,0,17.832927347632,0,0,0
321,9.99999999999998,5,444.444535940467,0,0,14.0384365358062,0,0,0
321,9.99999999999998,6,393.435331995326,3.5,0,7.4627274291676,0,0,0
321,9.99999999999998,7,527.991426133281,0,0,17.1100197151607,0,0,0
321,9.99999999999998,8,426.664371229207,3.5,0,3.81684885332805,0,0,0
321,9.99999999999998,9,597.576354654979,3.5,0,18.1791644205126,0,0,0
321,9.99999999999998,10,74.370654900363,-4,0,0,0,0,0
321,9.99999999999998,11,400.507363552497,-4,0,0,0,0,0
321,10.1,1,77.1158915853343,3.5,0,8.97939640204533,0,0,0
321,10.1,2,169.486378840401,0,0,3.83888468266069,0,0,0
321,10.1,3,378.704392273956,3.15,0,16.3685006986466,0,0,0
321,10.1,4,448.598359656417,0,0,17.832927347632,0,0,0
321,10.1,5,445.848379594047,0,0,14.0384365358062,0,0,0
321,10.1,6,394.181604738243,3.5,0,7.4627274291676,0,0,0
321,10.1,7,529.702428104797,0,0,17.1100197151607,0,0,0
321,10.1,8,427.04605611454,3.5,0,3.81684885332805,0,0,0
321,10.1,9,599.39427109703,3.5,0,18.1791644205126,0,0,0
321,10.1,10,74.370654900363,-4,0,0,0,0,0
321,10.1,11,400.507363552497,-4,0,0,0,0,0
321,10.2,1,78.0176403094501,3.5,0,9.05557808027016,0,0,0
321,10.2,2,169.882767308667,0,0,4.08888468266069,0,0,0
321,10.2,3,380.328742343821,3.03333333333333,0,16.1185006986466,0,0,0
321,10.2,4,450.38165239118,0,0,17.832927347632,0,0,0
321,10.2,5,447.252223247628,0,0,14.0384365358062,0,0,0
321,10.2,6,394.92787748116,3.5,0,7.4627274291676,0,0,0
321,10.2,7,531.413430076313,0,0,17.1100197151607,0,0,0
321,10.2,8,427.427740999873,3.5,0,3.81684885332805,0,0,0
321,10.2,9,601.212187539081,3.5,0,18.1791644205126,0,0,0
321,10.2,10,74.370654900363,-4,0,0,0,0,0
321,10.2,11,400.507363552497,-4,0,0,0,0,0
321,10.3,1,78.9268880030535,3.5,0,9.12937579179736,0,0,0
321,10.3,2,170.304155776933,0,0,4.33888468266069,0,0,0
321,10.3,3,381.928092413685,2.91666666666667,0,15.8685006986466,0,0,0
321,10.3,4,452.164945125944,0,0,17.832927347632,0,0,0
321,10.3,5,448.656066901209,0,0,14.0384365358062,0,0,0
321,10.3,6,395.674150224077,3.5,0,7.4627274291676,0,0,0
321,10.3,7,533.124432047829,0,0,17.1100197151607,0,0,0
321,10.3,8,427.809425885206,3.5,0,3.81684885332805,0,0,0
321,10.3,9,603.030103981132,3.5,0,18.1791644205126,0,0,0
321,10.3,10,74.370654900363,-4,0,0,0,0,0
321,10.3,11,400.507363552497,-4,0,0,0,0,0
321,10.4,1,79.8433970616221,3.5,0,9.2008053795744,0,0,0
321,10.4,2,170.750544245199,0,0,4.58888468266069,0,0,0
321,10.4,3,383.50244248355,2.8,0,15.6185006986466,0,0,0
321,10.4,4,453.948237860707,0,0,17.832927347632,0,0,0
321,10.4,5,450.059910554789,0,0,14.0384365358062,0,0,0
321,10.4,6,396.420422966993,3.5,0,7.4627274291676,0,0,0
321,10.4,7,534.835434019345,0,0,17.1100197151607,0,0,0
321,10.4,8,428.191110770538,3.5,0,3.81684885332805,0,0,0
321,10.4,9,604.848020423183,3.5,0,18.1791644205126,0,0,0
321,10.4,10,74.370654900363,-4,0,0,0,0,0
321,10.4,11,400.507363552497,-4,0,0,0,0,0
321,10.5,1,80.7669316684718,3.5,0,9.26988675742059,0,0,0
321,10.5,2,171.221932713465,0,0,4.83888468266069,0,0,0
321,10.5,3,385.051792553415,2.68333333333334,0,15.3685006986466,0,0,0
321,10.5,4,455.73153059547,0,0,17.832927347632,0,0,0
321,10.5,5,451.46375420837,0,0,14.0384365358062,0,0,0
321,10.5,6,397.16669570991,3.5,0,7.4627274291676,0,0,0
321,10.5,7,536.546435990861,0,0,17.1100197151607,0,0,0
321,10.5,8,428.572795655871,3.5,0,3.81684885332805,0,0,0
321,10.5,9,606.665936865235,3.5,0,18.1791644205126,0,0,0
321,10.5,10,74.370654900363,-4,0,0,0,0,0
321,10.5,11,400.507363552497,-4,0,0,0,0,0
321,10.6,1,81.697258192052,3.5,0,9.33664371418432,0,0,0
321,10.6,2,171.718321181731,0,0,5.08888468266069,0,0,0
321,10.6,3,386.576142623279,2.56666666666667,0,15.1185006986466,0,0,0
321,10.6,4,457.514823330233,0,0,17.832927347632,0,0,0
321,10.6,5,452.86759786195,0,0,14.0384365358062,0,0,0
321,10.6,6,397.912968452827,3.5,0,7.4627274291676,0,0,0
321,10.6,7,538.257437962378,0,0,17.1100197151607,0,0,0
321,10.6,8,428.954480541204,3.5,0,3.81684885332805,0,0,0
321,10.6,9,608.483853307286,3.5,0,18.1791644205126,0,0,0
321,10.6,10,74.370654900363,-4,0,0,0,0,0
321,10.6,11,400.507363552497,-4,0,0,0,0,0
321,10.7,1,82.6341455627706,3.5,0,9.4011037001863,0,0,0
321,10.7,2,172.239709649997,0,0,5.33888468266069,0,0,0
321,10.7,3,388.075492693144,2.45,0,14.8685006986466,0,0,0
321,10.7,4,459.298116064997,0,0,17.832927347632,0,0,0
321,10.7,5,454.271441515531,0,0,14.0384365358062,0,0,0
321,10.7,6,398.659241195744,3.5,0,7.4627274291676,0,0,0
321,10.7,7,539.968439933894,0,0,17.1100197151607,0,0,0
321,10.7,8,429.343762599438,3.5,0,3.96879231135884,0,0,0
321,10.7,9,610.301769749337,3.5,0,18.1791644205126,0,0,0
321,10.7,10,74.370654900363,-4,0,0,0,0,0
321,10.7,11,400.507363552497,-4,0,0,0,0,0
321,10.8,1,83.5773656277192,3.5,0,9.46329759878694,0,0,0
321,10.8,2,172.786098118263,0,0,5.58888468266069,0,0,0
321,10.8,3,389.549842763009,2.33333333333334,0,14.6185006986466,0,0,0
321,10.8,4,461.08140879976,0,0,17.832927347632,0,0,0
321,10.8,5,455.675285169112,0,0,14.0384365358062,0,0,0
321,10.8,6,399.40551393866,3.5,0,7.4627274291676,0,0,0
321,10.8,7,541.67944190541,0,0,17.1100197151607,0,0,0
321,10.8,8,429.747479286186,3.5,0,4.10554142358656,0,0,0
321,10.8,9,612.119686191388,3.5,0,18.1791644205126,0,0,0
321,10.8,10,74.370654900363,-4,0,0,0,0,0
321,10.8,11,400.507363552497,-4,0,0,0,0,0
321,10.9,1,84.526693481956,3.5,0,9.52325948594857,0,0,0
321,10.9,2,173.357486586529,0,0,5.83888468266069,0,0,0
321,10.9,3,390.999192832873,2.21666666666667,0,14.3685006986466,0,0,0
321,10.9,4,462.864701534523,0,0,17.832927347632,0,0,0
321,10.9,5,457.079128822692,0,0,14.0384365358062,0,0,0
321,10.9,6,400.151786681577,3.5,0,7.4627274291676,0,0,0
321,10.9,7,543.390443876926,0,0,17.1100197151607,0,0,0
321,10.9,8,430.164187138594,3.5,0,4.2286156245915,0,0,0
321,10.9,9,613.93760263344,3.5,0,18.1791644205126,0,0,0
321,10.9,10,74.370654900363,-4,0,0,0,0,0
321,10.9,11,400.507363552497,-4,0,0,0,0,0
321,11,1,85.4819077752857,3.5,0,9.5810263806457,0,0,0
321,11,2,173.953875054795,0,0,6.08888468266069,0,0,0
321,11,3,392.423542902738,2.1,0,14.1185006986466,0,0,0
321,11,4,464.647994269286,0,0,17.832927347632,0,0,0
321,11,5,458.482972476273,0,0,14.0384365358062,0,0,0
321,11,6,400.885559424494,3.5,0,7.2127274291676,0,0,0
321,11,7,545.101445848442,0,0,17.1100197151607,0,0,0
321,11,8,430.592587040099,3.5,0,4.33938240549594,0,0,0
321,11,9,615.755519075491,3.5,0,18.1791644205126,0,0,0
321,11,10,74.370654900363,-4,0,0,0,0,0
321,11,11,400.507363552497,-4,0,0,0,0,0
321,11.1,1,86.4427909937637,3.5,0,9.63663798891325,0,0,0
321,11.1,2,174.575263523061,0,0,6.33888468266069,0,0,0
321,11.1,3,393.822892972603,1.98333333333334,0,13.8685006986466,0,0,0
321,11.1,4,466.431287004049,0,0,17.832927347632,0,0,0
321,11.1,5,459.886816129854,0,0,14.0384365358062,0,0,0
321,11.1,6,401.595552323719,3.5,0,6.9871305553288,0,0,0
321,11.1,7,546.812447819958,0,0,17.1100197151607,0,0,0
321,11.1,8,431.031509785789,3.5,0,4.43907250830994,0,0,0
321,11.1,9,617.573435517542,3.5,0,18.1791644205126,0,0,0
321,11.1,10,74.370654900363,-4,0,0,0,0,0
321,11.1,11,400.507363552497,-4,0,0,0,0,0
321,11.2,1,87.4091297154203,3.5,0,9.69013644421876,0,0,0
321,11.2,2,175.221651991327,0,0,6.58888468266069,0,0,0
321,11.2,3,395.197243042467,1.86666666666667,0,13.6185006986466,0,0,0
321,11.2,4,468.214579738813,0,0,17.832927347632,0,0,0
321,11.2,5,461.290659783434,0,0,14.0384365358062,0,0,0
321,11.2,6,402.284113519929,3.5,0,6.78409336887387,0,0,0
321,11.2,7,548.523449791474,0,0,17.1100197151607,0,0,0
321,11.2,8,431.479903091247,3.5,0,4.52879360084255,0,0,0
321,11.2,9,619.391351959593,3.5,0,18.1791644205126,0,0,0
321,11.2,10,74.370654900363,-4,0,0,0,0,0
321,11.2,11,400.507363552497,-4,0,0,0,0,0
321,11.3,1,88.3807148399665,3.5,0,9.74156604670506,0,0,0
321,11.3,2,175.893040459593,0,0,6.83888468266069,0,0,0
321,11.3,3,396.546593112332,1.75000000000001,0,13.3685006986466,0,0,0
321,11.3,4,469.997872473576,0,0,17.832927347632,0,0,0
321,11.3,5,462.694503437015,0,0,14.0384365358062,0,0,0
321,11.3,6,402.953386183426,3.5,0,6.60135990106444,0,0,0
321,11.3,7,550.23445176299,0,0,17.1100197151607,0,0,0
321,11.3,8,431.936819900495,3.5,0,4.60954258412189,0,0,0
321,11.3,9,621.209268401645,3.5,0,18.1791644205126,0,0,0
321,11.3,10,74.370654900363,-4,0,0,0,0,0
321,11.3,11,400.507363552497,-4,0,0,0,0,0
321,11.4,1,89.3573417924858,3.5,0,9.7909730036808,0,0,0
321,11.4,2,176.58942892786,0,0,7.08888468266069,0,0,0
321,11.4,3,397.870943182197,1.63333333333334,0,13.1185006986466,0,0,0
321,11.4,4,471.781165208339,0,0,17.832927347632,0,0,0
321,11.4,5,464.098347090595,0,0,14.0384365358062,0,0,0
321,11.4,6,403.605299167481,3.5,0,6.43689978003595,0,0,0
321,11.4,7,551.945453734506,0,0,17.1100197151607,0,0,0
321,11.4,8,432.401407863155,3.5,0,4.68221666907329,0,0,0
321,11.4,9,623.027184843696,3.5,0,18.1791644205126,0,0,0
321,11.4,10,74.370654900363,-4,0,0,0,0,0
321,11.4,11,400.507363552497,-4,0,0,0,0,0
321,11.5,1,90.338810701347,3.5,0,9.83840517354379,0,0,0
321,11.5,2,177.310817396126,0,0,7.33888468266069,0,0,0
321,11.5,3,399.170293252061,1.51666666666667,0,12.8685006986466,0,0,0
321,11.5,4,473.576957943102,0,0,18.082927347632,0,0,0
321,11.5,5,465.502190744176,0,0,14.0384365358062,0,0,0
321,11.5,6,404.241588440038,3.5,0,6.28888567111031,0,0,0
321,11.5,7,553.656455706023,0,0,17.1100197151607,0,0,0
321,11.5,8,432.872899863885,3.5,0,4.74762334552956,0,0,0
321,11.5,9,624.845101285747,3.5,0,18.1791644205126,0,0,0
321,11.5,10,74.370654900363,-4,0,0,0,0,0
321,11.5,11,400.507363552497,-4,0,0,0,0,0
321,11.6,1,91.3249265507798,3.5,0,9.88391181511177,0,0,0
321,11.6,2,178.057205864392,0,0,7.58888468266069,0,0,0
321,11.6,3,400.444643321926,1.40000000000001,0,12.6185006986466,0,0,0
321,11.6,4,475.397522075542,0,0,18.3283553011541,0,0,0
321,11.6,5,466.906034397757,0,0,14.0384365358062,0,0,0
321,11.6,6,404.863816372247,3.5,0,6.15567297307724,0,0,0
321,11.6,7,555.367457677539,0,0,17.1100197151607,0,0,0
321,11.6,8,433.350605498878,3.5,0,4.8064893543402,0,0,0
321,11.6,9,626.663017727798,3.5,0,18.1791644205126,0,0,0
321,11.6,10,74.370654900363,-4,0,0,0,0,0
321,11.6,11,400.507363552497,-4,0,0,0,0,0
321,11.7,1,92.315499308741,3.5,0,9.92754334411376,0,0,0
321,11.7,2,178.828594332658,0,0,7.83888468266069,0,0,0
321,11.7,3,401.693993391791,1.28333333333334,0,12.3685006986466,0,0,0
321,11.7,4,477.241401863566,0,0,18.549240459324,0,0,0
321,11.7,5,468.309878051337,0,0,14.0384365358062,0,0,0
321,11.7,6,405.473389098144,3.5,0,6.03578154484747,0,0,0
321,11.7,7,557.078459649055,0,0,17.1100197151607,0,0,0
321,11.7,8,433.833903404709,3.5,0,4.85946876226978,0,0,0
321,11.7,9,628.480934169849,3.5,0,18.1791644205126,0,0,0
321,11.7,10,74.370654900363,-4,0,0,0,0,0
321,11.7,11,400.507363552497,-4,0,0,0,0,0
321,11.8,1,93.3103440308651,3.5,0,9.96935109836668,0,0,0
321,11.8,2,179.624982800924,0,0,8.08888468266069,0,0,0
321,11.8,3,402.918343461655,1.16666666666667,0,12.1185006986466,0,0,0
321,11.8,4,479.106265741616,0,0,18.7480371016769,0,0,0
321,11.8,5,469.713721704918,0,0,14.0384365358062,0,0,0
321,11.8,6,406.071572138358,3.5,0,5.92787925944068,0,0,0
321,11.8,7,558.789461620571,0,0,17.1100197151607,0,0,0
321,11.8,8,434.322234354293,3.5,0,4.9071502294064,0,0,0
321,11.8,9,630.298850611901,3.5,0,18.1791644205126,0,0,0
321,11.8,10,74.370654900363,-4,0,0,0,0,0
321,11.8,11,400.507363552497,-4,0,0,0,0,0
321,11.9,1,94.30928094143,3.5,0,10.0093871129329,0,0,0
321,11.9,2,180.44637126919,0,0,8.33888468266069,0,0,0
321,11.9,3,404.11769353152,1.05000000000001,0,11.8685006986466,0,0,0
321,11.9,4,480.990015300689,0,0,18.9269540797945,0,0,0
321,11.9,5,471.117565358499,0,0,14.0384365358062,0,0,0
321,11.9,6,406.659504461459,3.5,0,5.83076720257457,0,0,0
321,11.9,7,560.500463592087,0,0,17.1100197151607,0,0,0
321,11.9,8,434.815095043254,3.5,0,4.95006354982935,0,0,0
321,11.9,9,632.116767053952,3.5,0,18.1791644205126,0,0,0
321,11.9,10,74.370654900363,-4,0,0,0,0,0
321,11.9,11,400.507363552497,-4,0,0,0,0,0
321,12,1,95.3121354923931,3.5,0,10.0477039063277,0,0,0
321,12,2,181.292759737456,0,0,8.58888468266069,0,0,0
321,12,3,405.292043601385,0.933333333333342,0,11.6185006986466,0,0,0
321,12,4,482.890761972684,0,0,19.0879793601003,0,0,0
321,12,5,472.520165585808,0,0,14.0135680103824,0,0,0
321,12,6,407.238211139157,3.5,0,5.74336635139507,0,0,0
321,12,7,562.211465563603,0,0,17.1100197151607,0,0,0
321,12,8,435.312032497656,3.5,0,4.98868553821001,0,0,0
321,12,9,633.934683496003,3.5,0,18.1791644205126,0,0,0
321,12,10,74.370654900363,-4,0,0,0,0,0
321,12,11,400.507363552497,-4,0,0,0,0,0
321,12.1,1,96.3187384016408,3.5,0,10.0843542786279,0,0,0
321,12.1,2,182.164148205722,0,0,8.83888468266069,0,0,0
321,12.1,3,406.450592727534,0.816666666666676,0,11.5524818243355,0,0,0
321,12.1,4,484.806806046308,0,0,19.2329021123756,0,0,0
321,12.1,5,473.920403303202,0,0,13.991186337501,0,0,0
321,12.1,6,407.808614735994,3.5,0,5.66470558533352,0,0,0
321,12.1,7,563.922467535119,0,0,17.1100197151607,0,0,0
321,12.1,8,435.812639040955,3.5,0,5.02344532775261,0,0,0
321,12.1,9,635.752599938054,3.5,0,18.1791644205126,0,0,0
321,12.1,10,74.370654900363,-4,0,0,0,0,0
321,12.1,11,400.507363552497,-4,0,0,0,0,0
321,12.2,1,97.3289256716783,3.5,0,10.1193911221211,0,0,0
321,12.2,2,183.060536673988,0,0,9.08888468266069,0,0,0
321,12.2,3,407.602870060623,0.70000000000001,0,11.4930648374555,0,0,0
321,12.2,4,486.736617781398,0,0,19.3633325894233,0,0,0
321,12.2,5,475.318514761673,0,0,13.9710428319077,0,0,0
321,12.2,6,408.371545560054,3.5,0,5.59391089587812,0,0,0
321,12.2,7,565.633469506635,0,0,17.1100197151607,0,0,0
321,12.2,8,436.316547764259,3.5,0,5.05472913834094,0,0,0
321,12.2,9,637.570516380106,3.5,0,18.1791644205126,0,0,0
321,12.2,10,74.370654900363,-4,0,0,0,0,0
321,12.2,11,400.507363552497,-4,0,0,0,0,0
321,12.3,1,98.3425385900315,3.5,0,10.1528672449429,0,0,0
321,12.3,2,183.981925142254,0,0,9.33888468266069,0,0,0
321,12.3,3,408.749502779959,0.583333333333344,0,11.4395895492636,0,0,0
321,12.3,4,488.678820411807,0,0,19.4807200187663,0,0,0
321,12.3,5,476.714712587112,0,0,13.9529136768737,0,0,0
321,12.3,6,408.927750888617,3.5,0,5.53019567536827,0,0,0
321,12.3,7,567.344471478151,0,0,17.1100197151607,0,0,0
321,12.3,8,436.82342844957,3.5,0,5.08288456787044,0,0,0
321,12.3,9,639.388432822157,3.5,0,18.1791644205126,0,0,0
321,12.3,10,74.370654900363,-4,0,0,0,0,0
321,12.3,11,400.507363552497,-4,0,0,0,0,0
321,12.4,1,99.3594237126769,3.5,0,10.1848352079652,0,0,0
321,12.4,2,184.92831361052,0,0,9.58888468266069,0,0,0
321,12.4,3,409.891055346917,0.466666666666677,0,11.3914617898908,0,0,0
321,12.4,4,490.632174848004,0,0,19.5863687051749,0,0,0
321,12.4,5,478.109188142823,0,0,13.9365974373432,0,0,0
321,12.4,6,409.47790327123,3.5,0,5.4728519769094,0,0,0
321,12.4,7,569.055473449668,0,0,17.1100197151607,0,0,0
321,12.4,8,437.332983900686,3.5,0,5.108224454447,0,0,0
321,12.4,9,641.206349264208,3.5,0,18.1791644205126,0,0,0
321,12.4,10,74.370654900363,-4,0,0,0,0,0
321,12.4,11,400.507363552497,-4,0,0,0,0,0
321,12.5,1,100.379432831827,3.5,0,10.2153471750345,0,0,0
321,12.5,2,185.899702078786,0,0,9.83888468266069,0,0,0
321,12.5,3,411.028035776734,0.350000000000011,0,11.3481468064553,0,0,0
321,12.5,4,492.59556590941,0,0,19.6814525229427,0,0,0
321,12.5,5,479.502113655778,0,0,13.9219128217657,0,0,0
321,12.5,6,410.022608002491,3.5,0,5.42124264829641,0,0,0
321,12.5,7,570.766475421184,0,0,17.1100197151607,0,0,0
321,12.5,8,437.844946641026,3.5,0,5.13103035236589,0,0,0
321,12.5,9,643.024265706259,3.5,0,18.1791644205126,0,0,0
321,12.5,10,74.370654900363,-4,0,0,0,0,0
321,12.5,11,400.507363552497,-4,0,0,0,0,0
321,12.6,1,101.402422929404,3.5,0,10.2444547765118,0,0,0
321,12.6,2,186.896090547052,0,0,10.0888846826607,0,0,0
321,12.6,3,412.160901283125,0.233333333333345,0,11.3091633213634,0,0,0
321,12.6,4,494.567989933504,0,0,19.7670279589337,0,0,0
321,12.6,5,480.893644130254,0,0,13.9086966677459,0,0,0
321,12.6,6,410.562409847533,3.5,0,5.37479425254473,0,0,0
321,12.6,7,572.4774773927,0,0,17.1100197151607,0,0,0
321,12.6,8,438.359075941669,3.5,0,5.1515556604929,0,0,0
321,12.6,9,644.84218214831,3.5,0,18.1791644205126,0,0,0
321,12.6,10,74.370654900363,-4,0,0,0,0,0
321,12.6,11,400.507363552497,-4,0,0,0,0,0
321,12.7,1,102.428256117527,3.5,0,10.2722089859353,0,0,0
321,12.7,2,187.917479015318,0,0,10.3388846826607,0,0,0
321,12.7,3,413.290063358433,0.116666666666679,0,11.2740781847806,0,0,0
321,12.7,4,496.548543624017,0,0,19.8440458513257,0,0,0
321,12.7,5,482.283919070097,0,0,13.8968021291281,0,0,0
321,12.7,6,411.097799094978,3.5,0,5.33299069636821,0,0,0
321,12.7,7,574.188479364216,0,0,17.1100197151607,0,0,0
321,12.7,8,438.875155146584,3.5,0,5.17002843780721,0,0,0
321,12.7,9,646.660098590362,3.5,0,18.1791644205126,0,0,0
321,12.7,10,74.370654900363,-4,0,0,0,0,0
321,12.7,11,400.507363552497,-4,0,0,0,0,0
321,12.8,1,103.456799567299,3.5,0,10.2986600095125,0,0,0
321,12.8,2,188.963867483584,0,0,10.5888846826607,0,0,0
321,12.8,3,414.415892345764,1.24344978758018e-14,0,11.2425015618562,0,0,0
321,12.8,4,498.536414014307,0,0,19.9133619544784,0,0,0
321,12.8,5,483.673064028772,0,0,13.8860970443721,0,0,0
321,12.8,6,411.629217004587,3.5,0,5.29536749580935,0,0,0
321,12.8,7,575.899481335732,0,0,17.1100197151607,0,0,0
321,12.8,8,439.392989265344,3.5,0,5.18665393739008,0,0,0
321,12.8,9,648.478015032413,3.5,0,18.1791644205126,0,0,0
321,12.8,10,74.370654900363,-4,0,0,0,0,0
321,12.8,11,400.507363552497,-4,0,0,0,0,0
321,12.9,1,104.487925427177,3.5,0,10.3238571880546,0,0,0
321,12.9,2,190.03525595185,0,0,10.8388846826607,0,0,0
321,12.9,3,415.538721553918,0,0,11.2140826012241,0,0,0
321,12.9,4,500.530869434397,0,0,19.9757464473158,0,0,0
321,12.9,5,485.061192004395,0,0,13.8764624680917,0,0,0
321,12.9,6,412.157060710143,3.5,0,5.26150661530637,0,0,0
321,12.9,7,577.610483307248,0,0,17.1100197151607,0,0,0
321,12.9,8,439.912402806564,3.5,0,5.20161688701467,0,0,0
321,12.9,9,650.295931474464,3.5,0,18.1791644205126,0,0,0
321,12.9,10,74.370654900363,-4,0,0,0,0,0
321,12.9,11,400.507363552497,-4,0,0,0,0,0
321,13,1,105.521510732124,3.5,0,10.3478489108852,0,0,0
321,13,2,191.131644420117,0,0,11.0888846826607,0,0,0
321,13,3,416.658850960812,0,0,11.1885055366553,0,0,0
321,13,4,502.531251381306,0,0,20.0318924908695,0,0,0
321,13,5,486.448404695272,0,0,13.8677913494394,0,0,0
321,13,6,412.681687632051,3.5,0,5.23103182285369,0,0,0
321,13,7,579.321485278764,0,0,17.1100197151607,0,0,0
321,13,8,440.433237827999,3.5,0,5.2150835416768,0,0,0
321,13,9,652.113847916515,3.5,0,18.1791644205126,0,0,0
321,13,10,74.370654900363,-4,0,0,0,0,0
321,13,11,400.507363552497,-4,0,0,0,0,0
321,13.1,1,106.557437304728,3.5,0,10.3706825411901,0,0,0
321,13.1,2,192.252608125295,0,0,11.330389420916,0,0,0
321,13.1,3,417.776550546572,0,0,11.1654861785434,0,0,0
321,13.1,4,504.536967202353,0,0,20.0824239300679,0,0,0
321,13.1,5,487.834793629877,0,0,13.8599873426523,0,0,0
321,13.1,6,413.203419448676,3.5,0,5.20360450964628,0,0,0
321,13.1,7,581.03248725028,0,0,17.1100197151607,0,0,0
321,13.1,8,440.955352181627,3.5,0,5.22720353087271,0,0,0
321,13.1,9,653.931764358567,3.5,0,18.1791644205126,0,0,0
321,13.1,10,74.370654900363,-4,0,0,0,0,0
321,13.1,11,400.507363552497,-4,0,0,0,0,0
321,13.2,1,107.595591649399,3.5,0,10.3924043522289,0,0,0
321,13.2,2,193.396514780608,0,0,11.5477436853458,0,0,0
321,13.2,3,418.892063293312,0,0,11.1447687562426,0,0,0
321,13.2,4,506.547483510124,0,0,20.1279022253464,0,0,0
321,13.2,5,489.220441183836,0,0,13.8529637365438,0,0,0
321,13.2,6,413.722545670546,3.5,0,5.17891992775961,0,0,0
321,13.2,7,582.743489221796,0,0,17.1100197151607,0,0,0
321,13.2,8,441.478617934228,3.5,0,5.23811152114904,0,0,0
321,13.2,9,655.746182806212,3.5,0,18.1092045323863,0,0,0
321,13.2,10,74.370654900363,-4,0,0,0,0,0
321,13.2,11,400.507363552497,-4,0,0,0,0,0
321,13.3,1,108.6358648407,3.5,0,10.413059473787,0,0,0
321,13.3,2,194.561070091042,0,0,11.7433625233327,0,0,0
321,13.3,3,420.005607884932,0,0,11.126123076172,0,0,0
321,13.3,4,508.562320255946,0,0,20.168832691097,0,0,0
321,13.3,5,490.605421495216,0,0,13.8466424910463,0,0,0
321,13.3,6,414.239326857137,3.5,0,5.1567038040616,0,0,0
321,13.3,7,584.454491193313,0,0,17.1100197151607,0,0,0
321,13.3,8,442.002919945905,3.5,0,5.24792871239773,0,0,0
321,13.3,9,657.553955064485,3.5,0,18.0462406330726,0,0,0
321,13.3,10,74.370654900363,-4,0,0,0,0,0
321,13.3,11,400.507363552497,-4,0,0,0,0,0
321,13.4,1,109.678152406801,3.5,0,10.4326918482285,0,0,0
321,13.4,2,195.744209191085,0,0,11.9194194775208,0,0,0
321,13.4,3,421.117381136946,0,0,11.1093419641084,0,0,0
321,13.4,4,510.581045396014,0,0,20.2056701102726,0,0,0
321,13.4,5,491.989801288273,0,0,13.8409533700985,0,0,0
321,13.4,6,414.753997511977,3.5,0,5.1367092927334,0,0,0
321,13.4,7,586.165493164829,0,0,17.1100197151607,0,0,0
321,13.4,8,442.528154590751,3.5,0,5.25676418452155,0,0,0
321,13.4,9,659.355745752323,3.5,0,17.9895731236903,0,0,0
321,13.4,10,74.370654900363,-4,0,0,0,0,0
321,13.4,11,400.507363552497,-4,0,0,0,0,0
321,13.5,1,110.722354208987,3.5,0,10.4513441954908,0,0,0
321,13.5,2,196.944073701776,0,0,12.0778707362902,0,0,0
321,13.5,3,422.227560183314,0,0,11.0942389632511,0,0,0
321,13.5,4,512.603270090904,0,0,20.2388237875306,0,0,0
321,13.5,5,493.37364061484,0,0,13.8358331612454,0,0,0
321,13.5,6,415.266768688241,3.5,0,5.11871423253801,0,0,0
321,13.5,7,587.876495136345,0,0,17.1100197151607,0,0,0
321,13.5,8,443.054228605449,3.5,0,5.264716109433,0,0,0
321,13.5,9,661.152153026769,3.5,0,17.9385723652462,0,0,0
321,13.5,10,74.370654900363,-4,0,0,0,0,0
321,13.5,11,400.507363552497,-4,0,0,0,0,0
321,13.6,1,111.768374318079,3.5,0,10.4690579863605,0,0,0
321,13.6,2,198.158991082049,0,0,12.2204768691826,0,0,0
321,13.6,3,423.336304444601,0,0,11.0806462624796,0,0,0
321,13.6,4,514.628644385134,0,0,20.2686620970629,0,0,0
321,13.6,5,494.756993521567,0,0,13.8312249732777,0,0,0
321,13.6,6,415.777830333786,3.5,0,5.10251867836217,0,0,0
321,13.6,7,589.587497107861,0,0,17.1100197151607,0,0,0
321,13.6,8,443.581058053013,3.5,0,5.27187284185329,0,0,0
321,13.6,9,662.943715229164,3.5,0,17.8926716826465,0,0,0
321,13.6,10,74.370654900363,-4,0,0,0,0,0
321,13.6,11,400.507363552497,-4,0,0,0,0,0
321,13.7,1,112.816120888566,3.5,0,10.4858734233728,0,0,0
321,13.7,2,199.387456044948,0,0,12.3488223887857,0,0,0
321,13.7,3,424.443757399314,0,0,11.0684128317852,0,0,0
321,13.7,4,516.656853318769,0,0,20.2955165756419,0,0,0
321,13.7,5,496.139908650436,0,0,13.8270776041067,0,0,0
321,13.7,6,416.287353401684,3.5,0,5.08794267960391,0,0,0
321,13.7,7,591.298499079377,0,0,17.1100197151607,0,0,0
321,13.7,8,444.108567390157,3.5,0,5.27831390103156,0,0,0
321,13.7,9,664.730916866712,3.5,0,17.8513610683068,0,0,0
321,13.7,10,74.370654900363,-4,0,0,0,0,0
321,13.7,11,400.507363552497,-4,0,0,0,0,0
321,13.8,1,113.865506031169,3.5,0,10.5018294286879,0,0,0
321,13.8,2,200.628113832208,0,0,12.4643333564286,0,0,0
321,13.8,3,425.550048178111,0,0,11.0574027441603,0,0,0
321,13.8,4,518.68761342787,0,0,20.319685606363,0,0,0
321,13.8,5,497.522429779234,0,0,13.8233449718529,0,0,0
321,13.8,6,416.7954917497,3.5,0,5.07482428072147,0,0,0
321,13.8,7,593.009501050893,0,0,17.1100197151607,0,0,0
321,13.8,8,444.636688627923,3.5,0,5.284110854292,0,0,0
321,13.8,9,666.514193995897,3.5,0,17.8141815154011,0,0,0
321,13.8,10,74.370654900363,-4,0,0,0,0,0
321,13.8,11,400.507363552497,-4,0,0,0,0,0
321,13.9,1,114.916445684519,3.5,0,10.5169636383116,0,0,0
321,13.9,2,201.879745161395,0,0,12.5682932273071,0,0,0
321,13.9,3,426.655292998584,0,0,11.0474936652979,0,0,0
321,13.9,4,520.720669594888,0,0,20.341437734012,0,0,0
321,13.9,5,498.904596307968,0,0,13.8199856028244,0,0,0
321,13.9,6,417.302383849823,3.5,0,5.06301772172728,0,0,0
321,13.9,7,594.720503022409,0,0,17.1100197151607,0,0,0
321,13.9,8,445.165360576249,3.5,0,5.2893281122264,0,0,0
321,13.9,9,668.293939067557,3.5,0,17.7807199177859,0,0,0
321,13.9,10,74.370654900363,-4,0,0,0,0,0
321,13.9,11,400.507363552497,-4,0,0,0,0,0
321,14,1,115.968859486537,3.5,0,10.5313124020515,0,0,0
321,14,2,203.141252678315,0,0,12.6618571110978,0,0,0
321,14,3,427.759596456565,0,0,11.0385754943217,0,0,0
321,14,4,522.755792214034,0,0,20.3610146488961,0,0,0
321,14,5,500.286443696644,0,0,13.8169621706988,0,0,0
321,14,6,417.808154326841,3.5,0,5.05239181863251,0,0,0
321,14,7,596.419004993925,0,0,16.8600197151607,0,0,0
321,14,8,445.694528164079,3.5,0,5.29402364436735,0,0,0
321,14,9,670.070505287443,3.5,0,17.7506044799323,0,0,0
321,14,10,74.370654900363,-4,0,0,0,0,0
321,14,11,400.507363552497,-4,0,0,0,0,0
321,14.1,1,117.022670646071,3.5,0,10.5449107886239,0,0,0
321,14.1,2,204.411648764196,0,0,12.7460646065095,0,0,0
321,14.1,3,428.863052688304,0,0,11.0305491404431,0,0,0
321,14.1,4,524.792774640093,0,0,20.3786338722918,0,0,0
321,14.1,5,501.668003859268,0,0,13.8142410817857,0,0,0
321,14.1,6,418.312915343065,3.5,0,5.04282850584722,0,0,0
321,14.1,7,598.092506965441,0,0,16.6100197151607,0,0,0
321,14.1,8,446.224141827462,3.5,0,5.29824962329421,0,0,0
321,14.1,9,671.844210540733,3.5,0,17.723500585864,0,0,0
321,14.1,10,74.370654900363,-4,0,0,0,0,0
321,14.1,11,400.507363552497,-4,0,0,0,0,0
321,14.2,1,118.077805815269,3.5,0,10.5577925953511,0,0,0
321,14.2,2,205.69004456214,0,0,12.8218513523799,0,0,0
321,14.2,3,429.965746416423,0,0,11.0233254219524,0,0,0
321,14.2,4,526.831430892375,0,0,20.3944911733479,0,0,0
321,14.2,5,503.049305518446,0,0,13.811792101764,0,0,0
321,14.2,6,418.816767844574,3.5,0,5.03422152434045,0,0,0
321,14.2,7,599.741008936957,0,0,16.3600197151607,0,0,0
321,14.2,8,446.754156958843,3.5,0,5.30205300432839,0,0,0
321,14.2,9,673.615340924086,3.5,0,17.6991070812025,0,0,0
321,14.2,10,74.370654900363,-4,0,0,0,0,0
321,14.2,11,400.507363552497,-4,0,0,0,0,0
321,14.3,1,119.134194963133,3.5,0,10.5699903619244,0,0,0
321,14.3,2,206.975640100942,0,0,12.8900594236634,0,0,0
321,14.3,3,431.067753891287,0,0,11.0168240753107,0,0,0
321,14.3,4,528.871593588258,0,0,20.4087627442984,0,0,0
321,14.3,5,504.430374524521,0,0,13.8095880197444,0,0,0
321,14.3,6,419.31980268284,3.5,0,5.02647524098436,0,0,0
321,14.3,7,601.365151410161,0,0,16.1228297489138,0,0,0
321,14.3,8,447.284533411423,3.5,0,5.30547604725914,0,0,0
321,14.3,9,675.384153924496,3.5,0,17.6771529270072,0,0,0
321,14.3,10,74.370654900363,-4,0,0,0,0,0
321,14.3,11,400.507363552497,-4,0,0,0,0,0
321,14.4,1,120.191771250616,3.5,0,10.5815353877333,0,0,0
321,14.4,2,208.267715406516,0,0,12.9514466878184,0,0,0
321,14.4,3,432.169143738219,0,0,11.0109728633333,0,0,0
321,14.4,4,530.91311208338,0,0,20.4216071581538,0,0,0
321,14.4,5,505.811234142804,0,0,13.8076043459268,0,0,0
321,14.4,6,419.822101624188,3.5,0,5.01950358596388,0,0,0
321,14.4,7,602.966760836571,0,0,15.9093587792915,0,0,0
321,14.4,8,447.81523505308,3.5,0,5.30855678589683,0,0,0
321,14.4,9,677.150881280258,3.5,0,17.6573941882315,0,0,0
321,14.4,10,74.370654900363,-4,0,0,0,0,0
321,14.4,11,400.507363552497,-4,0,0,0,0,0
321,14.5,1,121.250470907618,3.5,0,10.5924577522965,0,0,0
321,14.5,2,209.565622502185,0,0,13.006695225558,0,0,0
321,14.5,3,433.269977720013,0,0,11.0057067725535,0,0,0
321,14.5,4,532.955850797819,0,0,20.4331671306237,0,0,0
321,14.5,5,507.191905312075,0,0,13.8058190394909,0,0,0
321,14.5,6,420.323738258308,3.5,0,5.01322909644545,0,0,0
321,14.5,7,604.548090520868,0,0,15.7172349066315,0,0,0
321,14.5,8,448.346229364909,3.5,0,5.31132945067074,0,0,0
321,14.5,9,678.915731555837,3.5,0,17.6396113233332,0,0,0
321,14.5,10,74.370654900363,-4,0,0,0,0,0
321,14.5,11,400.507363552497,-4,0,0,0,0,0
321,14.6,1,122.310233112151,3.5,0,10.6027863383621,0,0,0
321,14.6,2,210.868778208939,0,0,13.0564189095236,0,0,0
321,14.6,3,434.370311423183,0,0,11.0009672908518,0,0,0
321,14.6,4,534.999687709643,0,0,20.4435711058467,0,0,0
321,14.6,5,508.572406877235,0,0,13.8042122636986,0,0,0
321,14.6,6,420.824778815924,3.5,0,5.00758205587886,0,0,0
321,14.6,7,606.111168437261,0,0,15.5443234212375,0,0,0
321,14.6,8,448.877487079891,3.5,0,5.31382484896726,0,0,0
321,14.6,9,680.678892459249,3.5,0,17.6236067449249,0,0,0
321,14.6,10,74.370654900363,-4,0,0,0,0,0
321,14.6,11,400.507363552497,-4,0,0,0,0,0
321,14.7,1,123.370999871932,3.5,0,10.6125488572753,0,0,0
321,14.7,2,212.17665766567,0,0,13.1011702250927,0,0,0
321,14.7,3,435.470194875592,0,0,10.9967017573202,0,0,0
321,14.7,4,537.044512999112,0,0,20.4529346835473,0,0,0
321,14.7,5,509.952755798694,0,0,13.8027661654856,0,0,0
321,14.7,6,421.325282904687,3.5,0,5.00249971936893,0,0,0
321,14.7,7,607.657819762542,0,0,15.3887030843829,0,0,0
321,14.7,8,449.408981857711,3.5,0,5.31607070743413,0,0,0
321,14.7,9,682.440532927714,3.5,0,17.6092026243573,0,0,0
321,14.7,10,74.370654900363,-4,0,0,0,0,0
321,14.7,11,400.507363552497,-4,0,0,0,0,0
321,14.8,1,124.432715908609,3.5,0,10.6217718762458,0,0,0
321,14.8,2,213.48878849738,0,0,13.1414464091048,0,0,0
321,14.8,3,436.569673102315,0,0,10.9928627771418,0,0,0
321,14.8,4,539.090227828464,0,0,20.4613619034778,0,0,0
321,14.8,5,511.332967340823,0,0,13.8014646770938,0,0,0
321,14.8,6,421.825304171481,3.5,0,4.99792561651,0,0,0
321,14.8,7,609.189687155822,0,0,15.2486447812137,0,0,0
321,14.8,8,449.940689992085,3.5,0,5.31809198005431,0,0,0
321,14.8,9,684.200805004724,3.5,0,17.5962389158465,0,0,0
321,14.8,10,74.370654900363,-4,0,0,0,0,0
321,14.8,11,400.507363552497,-4,0,0,0,0,0
321,14.9,1,125.495328544779,3.5,0,10.630480847173,0,0,0
321,14.9,2,214.804745566571,0,0,13.1776949747158,0,0,0
321,14.9,3,437.668786625921,0,0,10.9894076949812,0,0,0
321,14.9,4,541.136743243708,0,0,20.4689464014153,0,0,0
321,14.9,5,512.713055241555,0,0,13.8002933375413,0,0,0
321,14.9,6,422.324890898503,3.5,0,4.99380892393695,0,0,0
321,14.9,7,610.708249010301,0,0,15.1225923083615,0,0,0
321,14.9,8,450.472590147358,3.5,0,5.31991112541248,0,0,0
321,14.9,9,685.959845529425,3.5,0,17.5845715781868,0,0,0
321,14.9,10,74.370654900363,-4,0,0,0,0,0
321,14.9,11,400.507363552497,-4,0,0,0,0,0
321,15,1,126.558787593974,3.5,0,10.6387001367239,0,0,0
321,15,2,216.124146249495,0,0,13.2103186837656,0,0,0
321,15,3,438.767571916722,0,0,10.9862981210366,0,0,0
321,15,4,543.183979186257,0,0,20.4757724495591,0,0,0
321,15,5,514.093031865029,0,0,13.7992391319439,0,0,0
321,15,6,422.824086539731,3.5,0,4.99010390062121,0,0,0
321,15,7,612.214835879858,0,0,15.0091450827945,0,0,0
321,15,8,451.004663121441,3.5,0,5.32154835623483,0,0,0
321,15,9,687.717777657049,3.5,0,17.5740709742931,0,0,0
321,15,10,74.370654900363,-4,0,0,0,0,0
321,15,11,400.507363552497,-4,0,0,0,0,0
321,15.1,1,127.623045253679,3.5,0,10.6464530573794,0,0,0
321,15.1,2,217.446646184779,0,0,13.2396800219105,0,0,0
321,15.1,3,439.866061797998,0,0,10.9834995044866,0,0,0
321,15.1,4,545.231863603379,0,0,20.4819158928885,0,0,0
321,15.1,5,515.472908338972,0,0,13.7982903469064,0,0,0
321,15.1,6,423.322930203744,3.5,0,4.98676937963705,0,0,0
321,15.1,7,613.710645262987,0,0,14.9070425797841,0,0,0
321,15.1,8,451.536891632451,3.5,0,5.32302186397494,0,0,0
321,15.1,9,689.474712227303,3.5,0,17.5646204307887,0,0,0
321,15.1,10,74.370654900363,-4,0,0,0,0,0
321,15.1,11,400.507363552497,-4,0,0,0,0,0
321,15.2,1,128.688056001508,3.5,0,10.6537618991984,0,0,0
321,15.2,2,218.771935447187,0,0,13.2661052262408,0,0,0
321,15.2,3,440.964285810702,0,0,10.9809807495915,0,0,0
321,15.2,4,547.280331647618,0,0,20.4874449918849,0,0,0
321,15.2,5,516.852694678336,0,0,13.7974364403725,0,0,0
321,15.2,6,423.821457088263,3.5,0,4.9837683107513,0,0,0
321,15.2,7,615.19675490833,0,0,14.8151503270749,0,0,0
321,15.2,8,452.069260126697,3.5,0,5.32434802094104,0,0,0
321,15.2,9,691.230748995925,3.5,0,17.5561149416348,0,0,0
321,15.2,10,74.370654900363,-4,0,0,0,0,0
321,15.2,11,400.507363552497,-4,0,0,0,0,0
321,15.3,1,129.753776494572,3.5,0,10.6606479620693,0,0,0
321,15.3,2,220.099735104006,0,0,13.2898879101382,0,0,0
321,15.3,3,442.062270541691,0,0,10.978713870186,0,0,0
321,15.3,4,549.329324956261,0,0,20.4924211809817,0,0,0
321,15.3,5,518.232399896579,0,0,13.7966679244921,0,0,0
321,15.3,6,424.319698871239,3.5,0,4.98106734875413,0,0,0
321,15.3,7,616.674134789666,0,0,14.7324472996365,0,0,0
321,15.3,8,452.601754605855,3.5,0,5.32554156221053,0,0,0
321,15.3,9,692.985977743076,3.5,0,17.5484600013963,0,0,0
321,15.3,10,74.370654900363,-4,0,0,0,0,0
321,15.3,11,400.507363552497,-4,0,0,0,0,0
321,15.4,1,130.820165472088,3.5,0,10.6671315882468,0,0,0
321,15.4,2,221.429794115795,0,0,13.3112923256458,0,0,0
321,15.4,3,443.160039919136,0,0,10.9766736787209,0,0,0
321,15.4,4,551.378791002869,0,0,20.4968997511688,0,0,0
321,15.4,5,519.612032105813,0,0,13.7959762601997,0,0,0
321,15.4,6,424.817684062824,3.5,0,4.97863648295667,0,0,0
321,15.4,7,618.143657883395,0,0,14.658014574942,0,0,0
321,15.4,8,453.134362471433,3.5,0,5.32661574935308,0,0,0
321,15.4,9,694.740479270905,3.5,0,17.5415705551816,0,0,0
321,15.4,10,74.370654900363,-4,0,0,0,0,0
321,15.4,11,400.507363552497,-4,0,0,0,0,0
321,15.5,1,131.887183661249,3.5,0,10.673232194992,0,0,0
321,15.5,2,222.761886547057,0,0,13.3305562996026,0,0,0
321,15.5,3,444.257615478392,0,0,10.9748375064024,0,0,0
321,15.5,4,553.428682513644,0,0,20.5009304643372,0,0,0
321,15.5,5,520.99159860694,0,0,13.7953537623365,0,0,0
321,15.5,6,425.315438322159,3.5,0,4.97644870373896,0,0,0
321,15.5,7,619.606109868278,0,0,14.5910251227169,0,0,0
321,15.5,8,453.66707238479,3.5,0,5.32758251778136,0,0,0
321,15.5,9,696.494326301344,3.5,0,17.5353700535884,0,0,0
321,15.5,10,74.370654900363,-4,0,0,0,0,0
321,15.5,11,400.507363552497,-4,0,0,0,0,0
321,15.6,1,132.954793686357,3.5,0,10.6789683071553,0,0,0
321,15.6,2,224.095809055845,0,0,13.3478938761638,0,0,0
321,15.6,3,445.355016601278,0,0,10.9731849513158,0,0,0
321,15.6,4,555.47895694217,0,0,20.5045581061888,0,0,0
321,15.6,5,522.37110597077,0,0,13.7947935142597,0,0,0
321,15.6,6,425.812984742468,3.5,0,4.97447970244302,0,0,0
321,15.6,7,621.062197855199,0,0,14.5307346157144,0,0,0
321,15.6,8,454.199874141147,3.5,0,5.32845260936682,0,0,0
321,15.6,9,698.247584284131,3.5,0,17.5297896021545,0,0,0
321,15.6,10,74.370654900363,-4,0,0,0,0,0
321,15.6,11,400.507363552497,-4,0,0,0,0,0
321,15.7,1,134.022959981193,3.5,0,10.6843575895625,0,0,0
321,15.7,2,225.431378634407,0,0,13.3634976950688,0,0,0
321,15.7,3,446.452260731431,0,0,10.9716976517378,0,0,0
321,15.7,4,557.529575996673,0,0,20.5078229838552,0,0,0
321,15.7,5,523.750560111032,0,0,13.7942892909905,0,0,0
321,15.7,6,426.310344107654,3.5,0,4.97270760127667,0,0,0
321,15.7,7,622.512558243956,0,0,14.4764731594121,0,0,0
321,15.7,8,454.732758556205,3.5,0,5.32923569179374,0,0,0
321,15.7,9,700.000312124032,3.5,0,17.524767195864,0,0,0
321,15.7,10,74.370654900363,-4,0,0,0,0,0
321,15.7,11,400.507363552497,-4,0,0,0,0,0
321,15.8,1,135.091648704625,3.5,0,10.6894168790793,0,0,0
321,15.8,2,226.768430575765,0,0,13.3775411320833,0,0,0
321,15.8,3,447.549363568124,0,0,10.9703590821176,0,0,0
321,15.8,4,559.580505214553,0,0,20.510761373755,0,0,0
321,15.8,5,525.129966350084,0,0,13.7938354900483,0,0,0
321,15.8,6,426.807535123229,3.5,0,4.97111271022696,0,0,0
321,15.8,7,623.957763794363,0,0,14.42763784874,0,0,0
321,15.8,8,455.265717364094,3.5,0,5.32994046597796,0,0,0
321,15.8,9,701.752562835335,3.5,0,17.5202470302025,0,0,0
321,15.8,10,74.370654900363,-4,0,0,0,0,0
321,15.8,11,400.507363552497,-4,0,0,0,0,0
321,15.9,1,136.160827659391,3.5,0,10.6941622162498,0,0,0
321,15.9,2,228.106816643639,0,0,13.3901802253964,0,0,0
321,15.9,3,448.646339240703,0,0,10.9691543694595,0,0,0
321,15.9,4,561.631713579474,0,0,20.5134059246648,0,0,0
321,15.9,5,526.509329478047,0,0,13.7934270692003,0,0,0
321,15.9,6,427.304574624155,3.5,0,4.96967730828222,0,0,0
321,15.9,7,625.398329990257,0,0,14.3836860691351,0,0,0
321,15.9,8,455.79874312553,3.5,0,5.33057476274376,0,0,0
321,15.9,9,703.5043841309,3.5,0,17.5161788811072,0,0,0
321,15.9,10,74.370654900363,-4,0,0,0,0,0
321,15.9,11,400.507363552497,-4,0,0,0,0,0
321,16,1,137.230466214025,3.5,0,10.6986088764173,0,0,0
321,16,2,229.446403425377,0,0,13.4015554093782,0,0,0
321,16,3,449.743200465579,0,0,10.9680701280671,0,0,0
321,16,4,563.683173176732,0,0,20.5157860204836,0,0,0
321,16,5,527.888653806029,0,0,13.7930594904371,0,0,0
321,16,6,427.801477761895,3.5,0,4.96838544653196,0,0,0
321,16,7,626.834720767088,0,0,14.3441294674907,0,0,0
321,16,8,456.331829145159,3.5,0,5.33114562983298,0,0,0
321,16,9,705.255818952302,3.5,0,17.5125175469214,0,0,0
321,16,10,74.370654900363,-4,0,0,0,0,0
321,16,11,400.507363552497,-4,0,0,0,0,0
321,16.1,1,138.300535227858,3.5,0,10.7027714002495,0,0,0
321,16.1,2,230.787070849594,0,0,13.4117930749618,0,0,0
321,16.1,3,450.839958687523,0,0,10.967094310814,0,0,0
321,16.1,4,565.734858883092,0,0,20.5179281067205,0,0,0
321,16.1,5,529.267943214028,0,0,13.7927286695502,0,0,0
321,16.1,6,428.29825817277,3.5,0,4.96722277095672,0,0,0
321,16.1,7,628.267353666763,0,0,14.3085285260108,0,0,0
321,16.1,8,456.864969397161,3.5,0,5.33165941021328,0,0,0
321,16.1,9,707.006905946955,3.5,0,17.5092223461542,0,0,0
321,16.1,10,74.370654900363,-4,0,0,0,0,0
321,16.1,11,400.507363552497,-4,0,0,0,0,0
321,16.2,1,139.371006979051,3.5,0,10.7066636236037,0,0,0
321,16.2,2,232.128710852042,0,0,13.421006973987,0,0,0
321,16.2,3,451.936624206828,0,0,10.9662160752862,0,0,0
321,16.2,4,567.786748087645,0,0,20.5198559843338,0,0,0
321,16.2,5,530.647201194043,0,0,13.792430930752,0,0,0
321,16.2,6,428.794928129465,3.5,0,4.966176362939,0,0,0
321,16.2,7,629.696604476998,0,0,14.2764876786788,0,0,0
321,16.2,8,457.398158458299,3.5,0,5.33212181255555,0,0,0
321,16.2,9,708.757679897536,3.5,0,17.5062566654638,0,0,0
321,16.2,10,74.370654900363,-4,0,0,0,0,0
321,16.2,11,400.507363552497,-4,0,0,0,0,0
321,16.3,1,140.441855095565,3.5,0,10.7102987066789,0,0,0
321,16.3,2,233.471226174897,0,0,13.4292994831098,0,0,0
321,16.3,3,453.033206293758,0,0,10.9654256633112,0,0,0
321,16.3,4,569.838820440571,0,0,20.5215910741857,0,0,0
321,16.3,5,532.026430888872,0,0,13.7921629658336,0,0,0
321,16.3,6,429.291498677398,3.5,0,4.96523459572306,0,0,0
321,16.3,7,631.122811406736,0,0,14.2476509160801,0,0,0
321,16.3,8,457.93139144766,3.5,0,5.33253797466359,0,0,0
321,16.3,9,710.508172108452,3.5,0,17.5035875528423,0,0,0
321,16.3,10,74.370654900363,-4,0,0,0,0,0
321,16.3,11,400.507363552497,-4,0,0,0,0,0
321,16.4,1,141.513054489019,3.5,0,10.7136891624106,0,0,0
321,16.4,2,234.814529286118,0,0,13.4367627413202,0,0,0
321,16.4,3,454.142248860089,0,0,11.2154256633112,0,0,0
321,16.4,4,571.891057627032,0,0,20.5231526550524,0,0,0
321,16.4,5,533.405635127034,0,0,13.791921797407,0,0,0
321,16.4,6,429.787979757445,3.5,0,4.96438700522871,0,0,0
321,16.4,7,632.546278844027,0,0,14.2216978297412,0,0,0
321,16.4,8,458.464663972422,3.5,0,5.33291252056082,0,0,0
321,16.4,9,712.258410753668,3.5,0,17.501185351483,0,0,0
321,16.4,10,74.370654900363,-4,0,0,0,0,0
321,16.4,11,400.507363552497,-4,0,0,0,0,0
321,16.5,1,142.584581291344,3.5,0,10.7168468840748,0,0,0
321,16.5,2,236.15854140687,0,0,13.4434796737096,0,0,0
321,16.5,3,455.27629142642,0,0,11.4654256633112,0,0,0
321,16.5,4,573.943443163677,0,0,20.5245580778324,0,0,0
321,16.5,5,534.784816454196,0,0,13.7917047458232,0,0,0
321,16.5,6,430.284380316396,3.5,0,4.96362417378379,0,0,0
321,16.5,7,633.967280738116,0,0,14.1983400520362,0,0,0
321,16.5,8,458.997972079043,3.5,0,5.33324961186834,0,0,0
321,16.5,9,714.008421189755,3.5,0,17.4990233702597,0,0,0
321,16.5,10,74.370654900363,-4,0,0,0,0,0
321,16.5,11,400.507363552497,-4,0,0,0,0,0
321,16.6,1,143.656412794151,3.5,0,10.7197831720754,0,0,0
321,16.6,2,237.503191636198,0,0,13.4495249128601,0,0,0
321,16.6,3,456.435333992751,0,0,11.7154256633112,0,0,0
321,16.6,4,575.995962215485,0,0,20.5258229583345,0,0,0
321,16.6,5,536.163977161457,0,0,13.7915093993977,0,0,0
321,16.6,6,430.780708406359,3.5,0,4.96293762548337,0,0,0
321,16.6,7,635.386063643323,0,0,14.1773180521017,0,0,0
321,16.6,8,459.531312209339,3.5,0,5.3335529940451,0,0,0
321,16.6,9,715.758226237626,3.5,0,17.4970775871586,0,0,0
321,16.6,10,74.370654900363,-4,0,0,0,0,0
321,16.6,11,400.507363552497,-4,0,0,0,0,0
321,16.7,1,144.72852739075,3.5,0,10.7225087598952,0,0,0
321,16.7,2,238.848416163246,0,0,13.4549656280955,0,0,0
321,16.7,3,457.619376559082,0,0,11.9654256633112,0,0,0
321,16.7,4,578.048601430941,0,0,20.5269613507863,0,0,0
321,16.7,5,537.543119310807,0,0,13.7913335876147,0,0,0
321,16.7,6,431.276971274234,3.5,0,4.96231973201299,0,0,0
321,16.7,7,636.802849458536,0,0,14.1583982521607,0,0,0
321,16.7,8,460.064681160941,3.5,0,5.33382603800419,0,0,0
321,16.7,9,717.507846436102,3.5,0,17.4953263823677,0,0,0
321,16.7,10,74.370654900363,-4,0,0,0,0,0
321,16.7,11,400.507363552497,-4,0,0,0,0,0
321,16.8,1,145.800904520704,3.5,0,10.7250338392001,0,0,0
321,16.8,2,240.194157558241,0,0,13.4598622718073,0,0,0
321,16.8,3,458.828419125413,0,0,12.2154256633112,0,0,0
321,16.8,4,580.10134879368,0,0,20.527985903993,0,0,0
321,16.8,5,538.922244758039,0,0,13.79117535701,0,0,0
321,16.8,6,431.773175442229,3.5,0,4.96176362788965,0,0,0
321,16.8,7,638.217837892755,0,0,14.1413704322137,0,0,0
321,16.8,8,460.59807605172,3.5,0,5.33407177756736,0,0,0
321,16.8,9,719.257300270124,3.5,0,17.4937502980559,0,0,0
321,16.8,10,74.370654900363,-4,0,0,0,0,0
321,16.8,11,400.507363552497,-4,0,0,0,0,0
321,16.9,1,146.873524616869,3.5,0,10.7273680840878,0,0,0
321,16.9,2,241.540364134389,0,0,13.464269251148,0,0,0
321,16.9,3,460.062461691744,0,0,12.4654256633112,0,0,0
321,16.9,4,582.154193488974,0,0,20.528908001879,0,0,0
321,16.9,5,540.301355173362,0,0,13.7910329494659,0,0,0
321,16.9,6,432.269326780333,3.5,0,4.96126313417864,0,0,0
321,16.9,7,639.631208684078,0,0,14.1260453942615,0,0,0
321,16.9,8,461.131494287757,3.5,0,5.33429294317422,0,0,0
321,16.9,9,721.006604376135,3.5,0,17.4923318221753,0,0,0
321,16.9,10,74.370654900363,-4,0,0,0,0,0
321,16.9,11,400.507363552497,-4,0,0,0,0,0
321,17,1,147.946369054797,3.5,0,10.7295206744812,0,0,0
321,17,2,242.886989373574,0,0,13.4682355325546,0,0,0
321,17,3,461.321504258075,0,0,12.7154256633112,0,0,0
321,17,4,584.207125783566,0,0,20.5297378899764,0,0,0
321,17,5,541.68045205997,0,0,13.7909047826761,0,0,0
321,17,6,432.765430571533,3.5,0,4.96081268983873,0,0,0
321,17,7,641.043123596797,0,0,14.1122528601045,0,0,0
321,17,8,461.664933534527,3.5,0,5.3344919922204,0,0,0
321,17,9,722.755773726938,3.5,0,17.4910551938827,0,0,0
321,17,10,74.370654900363,-4,0,0,0,0,0
321,17,11,400.507363552497,-4,0,0,0,0,0
321,17.1,1,149.019420104455,3.5,0,10.7315003186683,0,0,0
321,17.1,2,244.233991409493,0,0,13.4718051858206,0,0,0
321,17.1,3,462.605546824407,0,0,12.9654256633112,0,0,0
321,17.1,4,586.260136917528,0,0,20.530484789264,0,0,0
321,17.1,5,543.059536770732,0,0,13.7907894325653,0,0,0
321,17.1,6,433.252021163196,3.5,0,4.77099914340303,0,0,0
321,17.1,7,642.45372821877,0,0,14.0998395793632,0,0,0
321,17.1,8,462.198391690956,3.5,0,5.33467113636195,0,0,0
321,17.1,9,724.504821798053,3.5,0,17.4899062284193,0,0,0
321,17.1,10,74.370654900363,-4,0,0,0,0,0
321,17.1,11,400.507363552497,-4,0,0,0,0,0
321,17.2,1,150.092660884138,3.5,0,10.7333152749952,0,0,0
321,17.2,2,245.581332562472,0,0,13.47501787376,0,0,0
321,17.2,3,463.914589390738,0,0,13.2154256633112,0,0,0
321,17.2,4,588.313219006923,0,0,20.5311569986229,0,0,0
321,17.2,5,544.438610523233,0,0,13.7906856174656,0,0,0
321,17.2,6,433.720579467946,3.5,0,4.60016695161091,0,0,0
321,17.2,7,643.863153579073,0,0,14.088667626696,0,0,0
321,17.2,8,462.731866866078,3.5,0,5.33483236608935,0,0,0
321,17.2,9,726.253760717449,3.5,0,17.4888721595024,0,0,0
321,17.2,10,74.370654900363,-4,0,0,0,0,0
321,17.2,11,400.507363552497,-4,0,0,0,0,0
321,17.3,1,151.166075316524,3.5,0,10.7349733727221,0,0,0
321,17.3,2,246.928978920805,0,0,13.4779092929054,0,0,0
321,17.3,3,465.248631957069,0,0,13.4654256633112,0,0,0
321,17.3,4,590.366364956206,0,0,20.5317619870459,0,0,0
321,17.3,5,545.8176744133,0,0,13.7905921838758,0,0,0
321,17.3,6,434.172908714477,3.5,0,4.44641797899799,0,0,0
321,17.3,7,645.271517603872,0,0,14.0786128692955,0,0,0
321,17.3,8,463.265357358025,3.5,0,5.33497747284402,0,0,0
321,17.3,9,728.002601400298,3.5,0,17.4879414974771,0,0,0
321,17.3,10,74.370654900363,-4,0,0,0,0,0
321,17.3,11,400.507363552497,-4,0,0,0,0,0
321,17.4,1,152.239648086763,3.5,0,10.7364820320552,0,0,0
321,17.4,2,248.264269850096,0,0,13.2279092929054,0,0,0
321,17.4,3,466.6076745234,0,0,13.7154256633112,0,0,0
321,17.4,4,592.41956837939,0,0,20.5323064766266,0,0,0
321,17.4,5,547.196729427176,0,0,13.7905080936451,0,0,0
321,17.4,6,434.610631808609,3.5,0,4.30804390364637,0,0,0
321,17.4,7,646.678926426719,0,0,14.0695635876351,0,0,0
321,17.4,8,463.798861635113,3.5,0,5.33510806892321,0,0,0
321,17.4,9,729.751353670255,3.5,0,17.4871039016543,0,0,0
321,17.4,10,74.370654900363,-4,0,0,0,0,0
321,17.4,11,400.507363552497,-4,0,0,0,0,0
321,17.5,1,153.313364602534,3.5,0,10.737848283368,0,0,0
321,17.5,2,249.574560779386,0,0,12.9779092929054,0,0,0
321,17.5,3,467.991717089731,0,0,13.9654256633112,0,0,0
321,17.5,4,594.472823529083,0,0,20.5327965172492,0,0,0
321,17.5,5,548.57577645248,0,0,13.7904324124374,0,0,0
321,17.5,6,435.035209365583,3.5,0,4.18350723582991,0,0,0
321,17.5,7,648.085475567808,0,0,14.0614192341407,0,0,0
321,17.5,8,464.332378318829,3.5,0,5.33522560539449,0,0,0
321,17.5,9,731.500026368608,3.5,0,17.4863500654138,0,0,0
321,17.5,10,74.370654900363,-4,0,0,0,0,0
321,17.5,11,400.507363552497,-4,0,0,0,0,0
321,17.6,1,154.387210955984,3.5,0,10.7390787856305,0,0,0
321,17.6,2,250.859851708677,0,0,12.7279092929054,0,0,0
321,17.6,3,469.400759656062,0,0,14.2154256633112,0,0,0
321,17.6,4,596.526125232636,0,0,20.5332375538096,0,0,0
321,17.6,5,549.95481628807,0,0,13.7903642993504,0,0,0
321,17.6,6,435.447955939114,3.5,0,4.07142423479509,0,0,0
321,17.6,7,649.491250995315,0,0,14.0540893159958,0,0,0
321,17.6,8,464.86590616851,3.5,0,5.33533138821863,0,0,0
321,17.6,9,733.248627452519,3.5,0,17.4856716127974,0,0,0
321,17.6,10,74.370654900363,-4,0,0,0,0,0
321,17.6,11,400.507363552497,-4,0,0,0,0,0
321,17.7,1,155.461173887468,3.5,0,10.740179844063,0,0,0
321,17.7,2,252.120159756916,0,0,12.4782516718834,0,0,0
321,17.7,3,470.834802222393,0,0,14.4654256633112,0,0,0
321,17.7,4,598.579468834663,0,0,20.5336344867139,0,0,0
321,17.7,5,551.333849652916,0,0,13.7903029975722,0,0,0
321,17.7,6,435.850054627547,3.5,0,3.97054953386376,0,0,0
321,17.7,7,650.896330080598,0,0,14.0474923896653,0,0,0
321,17.7,8,465.399444067559,3.5,0,5.33542659276037,0,0,0
321,17.7,9,734.997164083431,3.5,0,17.4850610054426,0,0,0
321,17.7,10,74.370654900363,-4,0,0,0,0,0
321,17.7,11,400.507363552497,-4,0,0,0,0,0
321,17.8,1,156.535240751023,3.5,0,10.7411574270353,0,0,0
321,17.8,2,253.356750331159,0,0,12.2535598129636,0,0,0
321,17.8,3,472.293844788724,0,0,14.7154256633112,0,0,0
321,17.8,4,600.632850145315,0,0,20.5339917263278,0,0,0
321,17.8,5,552.712877194093,0,0,13.7902478259718,0,0,0
321,17.8,6,436.242570219391,3.5,0,3.87976230302556,0,0,0
321,17.8,7,652.30078245788,0,0,14.0415551559679,0,0,0
321,17.8,8,465.932991011039,3.5,0,5.33551227684792,0,0,0
321,17.8,9,736.745642706644,3.5,0,17.4845114588233,0,0,0
321,17.8,10,74.370654900363,-4,0,0,0,0,0
321,17.8,11,400.507363552497,-4,0,0,0,0,0
321,17.9,1,157.609399481487,3.5,0,10.7420171822318,0,0,0
321,17.9,2,254.571995178804,0,0,12.0513371399359,0,0,0
321,17.9,3,473.777887355055,0,0,14.9654256633112,0,0,0
321,17.9,4,602.68626539373,0,0,20.5343132419803,0,0,0
321,17.9,5,554.091899493968,0,0,13.7901981715314,0,0,0
321,17.9,6,436.626461024306,3.5,0,3.79805379527118,0,0,0
321,17.9,7,653.70467079796,0,0,14.0362116456403,0,0,0
321,17.9,8,466.466546094508,3.5,0,5.33558939252673,0,0,0
321,17.9,9,738.494069122929,3.5,0,17.4840168668659,0,0,0
321,17.9,10,74.370654900363,-4,0,0,0,0,0
321,17.9,11,400.507363552497,-4,0,0,0,0,0
321,18,1,158.683638563203,3.5,0,10.7427644521026,0,0,0
321,18,2,255.768028872511,0,0,11.8693367342109,0,0,0
321,18,3,475.286929921387,0,0,15.2154256633112,0,0,0
321,18,4,604.739711186132,0,0,20.5346026060676,0,0,0
321,18,5,555.470917076672,0,0,13.7901534825351,0,0,0
321,18,6,437.002589520985,3.5,0,3.72451613829224,0,0,0
321,18,7,655.108051504559,0,0,14.0314024863454,0,0,0
321,18,8,467.000108503966,3.5,0,5.33565879663765,0,0,0
321,18,9,740.242448552977,3.5,0,17.4835717341042,0,0,0
321,18,10,74.370654900363,-4,0,0,0,0,0
321,18,11,400.507363552497,-4,0,0,0,0,0
321,18.1,1,159.75794700024,3.5,0,10.7434042886247,0,0,0
321,18.1,2,256.946772527674,0,0,11.7055363690583,0,0,0
321,18.1,3,476.820972487718,0,0,15.4654256633112,0,0,0
321,18.1,4,606.793184468123,0,0,20.5348630337461,0,0,0
321,18.1,5,556.84993041392,0,0,13.7901132624384,0,0,0
321,18.1,6,437.37173194025,3.5,0,3.65833224701119,0,0,0
321,18.1,7,656.510975341026,0,0,14.02707424298,0,0,0
321,18.1,8,467.533677506815,3.5,0,5.33572126033748,0,0,0
321,18.1,9,741.990785695413,3.5,0,17.4831711146188,0,0,0
321,18.1,10,74.370654900363,-4,0,0,0,0,0
321,18.1,11,400.507363552497,-4,0,0,0,0,0
321,18.2,1,160.832314288041,3.5,0,10.7439414673943,0,0,0
321,18.2,2,258.109955148148,0,0,11.5581160404211,0,0,0
321,18.2,3,478.380015054049,0,0,15.7154256633112,0,0,0
321,18.2,4,608.846682490743,0,0,20.5350974186568,0,0,0
321,18.2,5,558.22893993026,0,0,13.7900770643514,0,0,0
321,18.2,6,437.734586889843,3.5,0,3.59876674485825,0,0,0
321,18.2,7,657.913487994372,0,0,14.0231788239511,0,0,0
321,18.2,8,468.067252443715,3.5,0,5.33577747766733,0,0,0
321,18.2,9,743.739084778998,3.5,0,17.4828105570818,0,0,0
321,18.2,10,74.370654900363,-4,0,0,0,0,0
321,18.2,11,400.507363552497,-4,0,0,0,0,0
321,18.3,1,161.906730386464,3.5,0,10.744380501072,0,0,0
321,18.3,2,259.259132837402,0,0,11.4254377446476,0,0,0
321,18.3,3,479.96405762038,0,0,15.9654256633112,0,0,0
321,18.3,4,610.90020277993,0,0,20.5353083650764,0,0,0
321,18.3,5,559.607946007781,0,0,13.7900444860731,0,0,0
321,18.3,6,438.091783116732,3.5,0,3.5451577929206,0,0,0
321,18.3,7,659.315630582911,0,0,14.0196729468251,0,0,0
321,18.3,8,468.600832721262,3.5,0,5.33582807326419,0,0,0
321,18.3,9,745.487349609617,3.5,0,17.4824860552986,0,0,0
321,18.3,10,74.370654900363,-4,0,0,0,0,0
321,18.3,11,400.507363552497,-4,0,0,0,0,0
321,18.4,1,162.981185694128,3.5,0,10.7447256522058,0,0,0
321,18.4,2,260.395706088557,0,0,11.3060272784514,0,0,0
321,18.4,3,481.573100186711,0,0,16.2154256633112,0,0,0
321,18.4,4,612.953743109027,0,0,20.5354982168541,0,0,0
321,18.4,5,560.986948990366,0,0,13.7900151656226,0,0,0
321,18.4,6,438.443886493187,3.5,0,3.49690973617671,0,0,0
321,18.4,7,660.717440113123,0,0,14.0165176574117,0,0,0
321,18.4,8,469.13441780539,3.5,0,5.33587360930137,0,0,0
321,18.4,9,747.235583612567,3.5,0,17.4821940036937,0,0,0
321,18.4,10,74.370654900363,-4,0,0,0,0,0
321,18.4,11,400.507363552497,-4,0,0,0,0,0
321,18.5,1,164.055671024011,3.5,0,10.7449809454525,0,0,0
321,18.5,2,261.520935345423,0,0,11.1985578588748,0,0,0
321,18.5,3,483.207142753042,0,0,16.4654256633112,0,0,0
321,18.5,4,615.007301474042,0,0,20.5356690834539,0,0,0
321,18.5,5,562.365949187508,0,0,13.7899887772171,0,0,0
321,18.5,6,438.791406304251,3.5,0,3.45348648510722,0,0,0
321,18.5,7,662.11894989084,0,0,14.0136778969397,0,0,0
321,18.5,8,469.668007215442,3.5,0,5.33591459173483,0,0,0
321,18.5,9,748.983789870614,3.5,0,17.4819311572492,0,0,0
321,18.5,10,74.370654900363,-4,0,0,0,0,0
321,18.5,11,400.507363552497,-4,0,0,0,0,0
321,18.6,1,165.130177580244,3.5,0,10.7451501792201,0,0,0
321,18.6,2,262.63595500743,0,0,11.1018353812559,0,0,0
321,18.6,3,484.866185319373,0,0,16.7154256633112,0,0,0
321,18.6,4,617.060876071384,0,0,20.5358228633938,0,0,0
321,18.6,5,563.744946877752,0,0,13.7899650276522,0,0,0
321,18.6,6,439.134800906464,3.5,0,3.41440555914467,0,0,0
321,18.6,7,663.520189891313,0,0,14.0111221125149,0,0,0
321,18.6,8,470.201600518825,3.5,0,5.33595147592494,0,0,0
321,18.6,9,750.731971158249,3.5,0,17.4816945954493,0,0,0
321,18.6,10,74.370654900363,-4,0,0,0,0,0
321,18.6,11,400.507363552497,-4,0,0,0,0,0
321,18.7,1,166.204696936043,3.5,0,10.7452369367543,0,0,0
321,18.7,2,263.741786034062,0,0,11.0147851513989,0,0,0
321,18.7,3,486.550227885704,0,0,16.9654256633112,0,0,0
321,18.7,4,619.114465277821,0,0,20.5359612653398,0,0,0
321,18.7,5,565.123942311786,0,0,13.7899436530438,0,0,0
321,18.7,6,439.47448282071,3.5,0,3.37923272577838,0,0,0
321,18.7,7,664.921187092265,0,0,14.0088219065325,0,0,0
321,18.7,8,470.735197326206,3.5,0,5.33598467169604,0,0,0
321,18.7,9,752.480129972513,3.5,0,17.4814816898293,0,0,0
321,18.7,10,74.370654900363,-4,0,0,0,0,0
321,18.7,11,400.507363552497,-4,0,0,0,0,0
321,18.8,1,167.279221012715,3.5,0,10.7452445966898,0,0,0
321,18.8,2,264.839347288859,0,0,10.9364399445276,0,0,0
321,18.8,3,488.259270452035,0,0,17.2154256633112,0,0,0
321,18.8,4,621.168067632443,0,0,20.5360858270911,0,0,0
321,18.8,5,566.502935715233,0,0,13.7899244158962,0,0,0
321,18.8,6,439.810823315786,3.5,0,3.34757717574872,0,0,0
321,18.8,7,666.321965773649,0,0,14.0067517211484,0,0,0
321,18.8,8,471.268797287185,3.5,0,5.33601454789004,0,0,0
321,18.8,9,754.228268560743,3.5,0,17.4812900747713,0,0,0
321,18.8,10,74.370654900363,-4,0,0,0,0,0
321,18.8,11,400.507363552497,-4,0,0,0,0,0
321,18.9,1,168.353742059704,3.5,0,10.7451763430885,0,0,0
321,18.9,2,265.929465749002,0,0,10.8659292583434,0,0,0
321,18.9,3,489.993313018367,0,0,17.4654256633112,0,0,0
321,18.9,4,623.22168182043,0,0,20.5361979326672,0,0,0
321,18.9,5,567.881927291151,0,0,13.7899071024634,0,0,0
321,18.9,6,440.14415653361,3.5,0,3.31908718072202,0,0,0
321,18.9,7,667.722547787422,0,0,14.0048885543027,0,0,0
321,18.9,8,471.802400086403,3.5,0,5.33604143646463,0,0,0
321,18.9,9,755.976388945542,3.5,0,17.4811176212191,0,0,0
321,18.9,10,74.370654900363,-4,0,0,0,0,0
321,18.9,11,400.507363552497,-4,0,0,0,0,0
321,19,1,169.428252635608,3.5,0,10.745035174985,0,0,0
321,19,2,267.012885693958,0,0,10.8024696407776,0,0,0
321,19,3,491.752355584698,0,0,17.7154256633112,0,0,0
321,19,4,625.275306658448,0,0,20.5362988276858,0,0,0
321,19,5,569.260917222293,0,0,13.7898915203739,0,0,0
321,19,6,440.474783201906,3.5,0,3.293446185198,0,0,0
321,19,7,669.122952800344,0,0,14.0032117041415,0,0,0
321,19,8,472.336005440035,3.5,0,5.33606563618176,0,0,0
321,19,9,757.724492947254,3.5,0,17.4809624130221,0,0,0
321,19,10,74.370654900363,-4,0,0,0,0,0
321,19,11,400.507363552497,-4,0,0,0,0,0
321,19.1,1,170.50274559013,3.5,0,10.74482391546,0,0,0
321,19.1,2,268.090276975245,0,0,10.7453559849684,0,0,0
321,19.1,3,493.536398151029,0,0,17.9654256633112,0,0,0
321,19.1,4,627.328941081493,0,0,20.5363896332025,0,0,0
321,19.1,5,570.639905673137,0,0,13.7898774964933,0,0,0
321,19.1,6,440.802973975627,3.5,0,3.27036928922637,0,0,0
321,19.1,7,670.523198512501,0,0,14.0017025389965,0,0,0
321,19.1,8,472.86961309264,3.5,0,5.33608741592718,0,0,0
321,19.1,9,759.472582204188,3.5,0,17.4808227256449,0,0,0
321,19.1,10,74.370654900363,-4,0,0,0,0,0
321,19.1,11,400.507363552497,-4,0,0,0,0,0
321,19.2,1,171.577214046916,3.5,0,10.7445452202613,0,0,0
321,19.2,2,269.162242459231,0,0,10.6939536947402,0,0,0
321,19.2,3,495.34544071736,0,0,18.2154256633112,0,0,0
321,19.2,4,629.382584131061,0,0,20.5364713581676,0,0,0
321,19.2,5,572.018892791711,0,0,13.7898648750008,0,0,0
321,19.2,6,441.128972444231,3.5,0,3.24960008285191,0,0,0
321,19.2,7,671.923300853969,0,0,14.000344290366,0,0,0
321,19.2,8,473.403222814322,3.5,0,5.33610701769806,0,0,0
321,19.2,9,761.22065819082,3.5,0,17.4806970070053,0,0,0
321,19.2,10,74.370654900363,-4,0,0,0,0,0
321,19.2,11,400.507363552497,-4,0,0,0,0,0
321,19.3,1,172.651651387229,3.5,0,10.7442015859927,0,0,0
321,19.3,2,270.229324725645,0,0,10.6476916335347,0,0,0
321,19.3,3,497.179483283691,0,0,18.4654256633112,0,0,0
321,19.3,4,631.436234944501,0,0,20.5365449106361,0,0,0
321,19.3,5,573.397878711244,0,0,13.7898535156575,0,0,0
321,19.3,6,441.452997838229,3.5,0,3.2309077971149,0,0,0
321,19.3,7,673.323274161817,0,0,13.9991218665985,0,0,0
321,19.3,8,473.936834398171,3.5,0,5.33612465929185,0,0,0
321,19.3,9,762.968722234182,3.5,0,17.4805838602297,0,0,0
321,19.3,10,74.370654900363,-4,0,0,0,0,0
321,19.3,11,400.507363552497,-4,0,0,0,0,0
321,19.4,1,173.726051234423,3.5,0,10.7437953578875,0,0,0
321,19.4,2,271.292012096244,0,0,10.6060557784498,0,0,0
321,19.4,3,499.038525850022,0,0,18.7154256633112,0,0,0
321,19.4,4,633.489892745426,0,0,20.5366111078578,0,0,0
321,19.4,5,574.77686355164,0,0,13.7898432922486,0,0,0
321,19.4,6,441.775247465083,3.5,0,3.21408473995158,0,0,0
321,19.4,7,674.723131339408,0,0,13.9980216852078,0,0,0
321,19.4,8,474.470447657972,3.5,0,5.33614053672626,0,0,0
321,19.4,9,764.7167755286,3.5,0,17.4804820281317,0,0,0
321,19.4,10,74.370654900363,-4,0,0,0,0,0
321,19.4,11,400.507363552497,-4,0,0,0,0,0
321,19.5,1,174.800407439177,3.5,0,10.743328737187,0,0,0
321,19.5,2,272.35074406061,0,0,10.5685835088734,0,0,0
321,19.5,3,500.922568416353,0,0,18.9654256633112,0,0,0
321,19.5,4,635.543556835087,0,0,20.5366706853573,0,0,0
321,19.5,5,576.155847420811,0,0,13.7898340911806,0,0,0
321,19.5,6,442.095898901505,3.5,0,3.1989439885046,0,0,0
321,19.5,7,676.122883999766,0,0,13.9970315219561,0,0,0
321,19.5,8,475.004062426129,3.5,0,5.33615482641723,0,0,0
321,19.5,9,766.464819148969,3.5,0,17.4803903792435,0,0,0
321,19.5,10,74.370654900363,-4,0,0,0,0,0
321,19.5,11,400.507363552497,-4,0,0,0,0,0
321,19.6,1,175.874714065443,3.5,0,10.7428037881398,0,0,0
321,19.6,2,273.405916159366,0,0,10.5348584662547,0,0,0
321,19.6,3,502.831610982684,0,0,19.2154256633112,0,0,0
321,19.6,4,637.59722658461,0,0,20.5367243051069,0,0,0
321,19.6,5,577.534830415881,0,0,13.7898258102193,0,0,0
321,19.6,6,442.415111966541,3.5,0,3.18531731220232,0,0,0
321,19.6,7,677.522542594615,0,0,13.9961403750297,0,0,0
321,19.6,8,475.537678551807,3.5,0,5.3361676871391,0,0,0
321,19.6,9,768.212854062693,3.5,0,17.4803078952441,0,0,0
321,19.6,10,74.370654900363,-4,0,0,0,0,0
321,19.6,11,400.507363552497,-4,0,0,0,0,0
321,19.7,1,176.948965377082,3.5,0,10.7422224446397,0,0,0
321,19.7,2,274.457884379074,0,0,10.5045059278978,0,0,0
321,19.7,3,504.765653549015,0,0,19.4654256633112,0,0,0
321,19.7,4,639.650901428009,0,0,20.5367725628815,0,0,0
321,19.7,5,578.91381262426,0,0,13.7898183573542,0,0,0
321,19.7,6,442.733030497327,3.5,0,3.17305330353026,0,0,0
321,19.7,7,678.922116530506,0,0,13.9953383427958,0,0,0
321,19.7,8,476.071295899254,3.5,0,5.33617926178879,0,0,0
321,19.7,9,769.960881140438,3.5,0,17.4802336596446,0,0,0
321,19.7,10,74.370654900363,-4,0,0,0,0,0
321,19.7,11,400.507363552497,-4,0,0,0,0,0
321,19.8,1,178.02315582514,3.5,0,10.7415865165182,0,0,0
321,19.8,2,275.506969107638,0,0,10.4771886433766,0,0,0
321,19.8,3,506.723709038578,0,0,19.6956841279324,0,0,0
321,19.8,4,641.704580855897,0,0,20.5368159948786,0,0,0
321,19.8,5,580.292794124616,0,0,13.7898116497756,0,0,0
321,19.8,6,443.04978394729,3.5,0,3.16201569572541,0,0,0
321,19.8,7,680.321614273335,0,0,13.9946165137854,0,0,0
321,19.8,8,476.604914346292,3.5,0,5.33618967897351,0,0,0
321,19.8,9,771.7089011658,3.5,0,17.4801668476051,0,0,0
321,19.8,10,74.370654900363,-4,0,0,0,0,0
321,19.8,11,400.507363552497,-4,0,0,0,0,0
321,19.9,1,179.097280035741,3.5,0,10.7408976955074,0,0,0
321,19.9,2,276.553458694172,0,0,10.4526030873075,0,0,0
321,19.9,3,508.703639082279,0,0,19.9029167460915,0,0,0
321,19.9,4,643.758264409825,0,0,20.536855083676,0,0,0
321,19.9,5,581.671774987753,0,0,13.7898056129548,0,0,0
321,19.9,6,443.365488824512,3.5,0,3.15208184870105,0,0,0
321,19.9,7,681.721043442408,0,0,13.993966867676,0,0,0
321,19.9,8,477.138533782962,3.5,0,5.33619905443975,0,0,0
321,19.9,9,773.456914844019,3.5,0,17.4801067167695,0,0,0
321,19.9,10,74.370654900363,-4,0,0,0,0,0
321,19.9,11,400.507363552497,-4,0,0,0,0,0
321,20,1,180.171332798561,3.5,0,10.7401575608883,0,0,0
321,20,2,277.597612652879,0,0,10.4304760868453,0,0,0
321,20,3,510.703256224705,0,0,20.0894261024347,0,0,0
321,20,4,645.811951677189,0,0,20.5368902635937,0,0,0
321,20,5,583.050755277391,0,0,13.7898001798162,0,0,0
321,20,6,443.680249986266,3.5,0,3.14314138637912,0,0,0
321,20,7,683.120410895101,0,0,13.9933821861775,0,0,0
321,20,8,477.672154110302,3.5,0,5.33620749235937,0,0,0
321,20,9,775.204922809808,3.5,0,17.4800525990175,0,0,0
321,20,10,74.370654900363,-4,0,0,0,0,0
321,20,11,400.507363552497,-4,0,0,0,0,0
321,20.1,1,181.245309055847,3.5,0,10.7393675848388,0,0,0
321,20.1,2,278.639664546543,0,0,10.4105617864294,0,0,0
321,20.1,3,512.720591755984,0,0,20.2572845231436,0,0,0
321,20.1,4,647.865642286644,0,0,20.5369219255196,0,0,0
321,20.1,5,584.429735050882,0,0,13.7897952899914,0,0,0
321,20.1,6,443.994161804099,3.5,0,3.13509497028938,0,0,0
321,20.1,7,684.519722803052,0,0,13.9928559728289,0,0,0
321,20.1,8,478.205775239245,3.5,0,5.33621508648703,0,0,0
321,20.1,9,776.952925634411,3.5,0,17.4800038930407,0,0,0
321,20.1,10,74.370654900363,-4,0,0,0,0,0
321,20.1,11,400.507363552497,-4,0,0,0,0,0
321,20.2,1,182.319203891964,3.5,0,10.7385291374958,0,0,0
321,20.2,2,279.679824581667,0,0,10.392638916055,0,0,0
321,20.2,3,514.75387383723,0,0,20.4083571017816,0,0,0
321,20.2,4,649.919335903983,0,0,20.536950421253,0,0,0
321,20.2,5,585.81397756037,0,0,13.8950548997798,0,0,0
321,20.2,6,444.307309212404,3.5,0,3.12785319580862,0,0,0
321,20.2,7,685.918984720734,0,0,13.9923823808151,0,0,0
321,20.2,8,478.739397089629,3.5,0,5.33622192120192,0,0,0
321,20.2,9,778.700923831946,3.5,0,17.4799600576616,0,0,0
321,20.2,10,74.370654900363,-4,0,0,0,0,0
321,20.2,11,400.507363552497,-4,0,0,0,0,0
321,20.3,1,183.393012523426,3.5,0,10.7376434917436,0,0,0
321,20.3,2,280.718281944106,0,0,10.3765083327181,0,0,0
321,20.3,3,516.801507813447,0,0,20.5443224225558,0,0,0
321,20.3,4,651.973032228416,0,0,20.536976067413,0,0,0
321,20.3,5,587.208219732789,0,0,13.9897885485893,0,0,0
321,20.3,6,444.619768652133,3.5,0,3.12133559877593,0,0,0
321,20.3,7,687.305807780814,0,0,13.7440788207834,0,0,0
321,20.3,8,479.273019589311,3.5,0,5.33622807244533,0,0,0
321,20.3,9,780.44891786512,3.5,0,17.4799206058204,0,0,0
321,20.3,10,74.370654900363,-4,0,0,0,0,0
321,20.3,11,400.507363552497,-4,0,0,0,0,0
321,20.4,1,184.4667302894,3.5,0,10.7367118277432,0,0,0
321,20.4,2,281.755206901128,0,0,10.3619908077149,0,0,0
321,20.4,3,518.862058495137,0,0,20.6666912112526,0,0,0
321,20.4,4,654.026730989234,0,0,20.536999148957,0,0,0
321,20.4,5,588.611461601844,0,0,14.0750488325179,0,0,0
321,20.4,6,444.931608920144,3.5,0,3.11546976144652,0,0,0
321,20.4,7,688.669042002691,0,0,13.5206056167548,0,0,0
321,20.4,8,479.806642673362,3.5,0,5.33623360856439,0,0,0
321,20.4,9,782.19690815037,3.5,0,17.4798850991633,0,0,0
321,20.4,10,74.370654900363,-4,0,0,0,0,0
321,20.4,11,400.507363552497,-4,0,0,0,0,0
321,20.5,1,185.540352642648,3.5,0,10.7357352372125,0,0,0
321,20.5,2,282.790752693274,0,0,10.3489250352119,0,0,0
321,20.5,3,520.934234211754,0,0,20.7768231210797,0,0,0
321,20.5,4,656.080431942799,0,0,20.5370199223465,0,0,0
321,20.5,5,590.022803197873,0,0,14.1517830880537,0,0,0
321,20.5,6,445.242891933609,3.5,0,3.11019050785004,0,0,0
321,20.5,7,690.011046270185,0,0,13.3194797331291,0,0,0
321,20.5,8,480.340266283344,3.5,0,5.33623859107155,0,0,0
321,20.5,9,783.944895062486,3.5,0,17.4798531431719,0,0,0
321,20.5,10,74.370654900363,-4,0,0,0,0,0
321,20.5,11,400.507363552497,-4,0,0,0,0,0
321,20.6,1,186.613875140882,3.5,0,10.7347147274708,0,0,0
321,20.6,2,283.825057237033,0,0,10.3371658399593,0,0,0
321,20.6,3,523.016872459804,0,0,20.8759418399241,0,0,0
321,20.6,4,658.134134869837,0,0,20.5370386183972,0,0,0
321,20.6,5,591.441434548177,0,0,14.2208439180359,0,0,0
321,20.6,6,445.553673417982,3.5,0,3.10543917961321,0,0,0
321,20.6,7,691.333943578735,0,0,13.138466437866,0,0,0
321,20.6,8,480.873890366664,3.5,0,5.33624307532799,0,0,0
321,20.6,9,785.692878938784,3.5,0,17.4798243827796,0,0,0
321,20.6,10,74.370654900363,-4,0,0,0,0,0
321,20.6,11,400.507363552497,-4,0,0,0,0,0
321,20.7,1,187.687293438519,3.5,0,10.7336512252573,0,0,0
321,20.7,2,284.858244657242,0,0,10.326582564232,0,0,0
321,20.7,3,525.108926986145,0,0,20.9651486868841,0,0,0
321,20.7,4,660.187839572999,0,0,20.5370554448428,0,0,0
321,20.7,5,592.86662667733,0,0,14.2829986650198,0,0,0
321,20.7,6,445.864003526173,3.5,0,3.10116298420007,0,0,0
321,20.7,7,692.639644624234,0,0,12.9755544721291,0,0,0
321,20.7,8,481.407514875988,3.5,0,5.33624711115879,0,0,0
321,20.7,9,787.440860082844,3.5,0,17.4797984984266,0,0,0
321,20.7,10,74.370654900363,-4,0,0,0,0,0
321,20.7,11,400.507363552497,-4,0,0,0,0,0
321,20.8,1,188.760603278798,3.5,0,10.7325455803357,0,0,0
321,20.8,2,285.890426666258,0,0,10.3170576160774,0,0,0
321,20.8,3,527.209456162946,0,0,21.045434849148,0,0,0
321,20.8,4,662.241545874673,0,0,20.5370705886438,0,0,0
321,20.8,5,594.297723507446,0,0,14.3389379373054,0,0,0
321,20.8,6,446.173927395799,3.5,0,3.09731440832824,0,0,0
321,20.8,7,693.929869032989,0,0,12.828933702966,0,0,0
321,20.8,8,481.941139768716,3.5,0,5.3362507434065,0,0,0
321,20.8,9,789.188838767891,3.5,0,17.4797752025089,0,0,0
321,20.8,10,74.370654900363,-4,0,0,0,0,0
321,20.8,11,400.507363552497,-4,0,0,0,0,0
321,20.9,1,189.83380048626,3.5,0,10.7313985688937,0,0,0
321,20.9,2,286.921703805198,0,0,10.3084851627382,0,0,0
321,20.9,3,529.317612525163,0,0,21.1176923951856,0,0,0
321,20.9,4,664.295253615008,0,0,20.5370842180647,0,0,0
321,20.9,5,595.73413456843,0,0,14.3892832823624,0,0,0
321,20.9,6,446.483485650718,3.5,0,3.09385069004359,0,0,0
321,20.9,7,695.206164468673,0,0,12.6969750107192,0,0,0
321,20.9,8,482.474765006508,3.5,0,5.33625401242945,0,0,0
321,20.9,9,790.936815239825,3.5,0,17.479754236183,0,0,0
321,20.9,10,74.370654900363,-4,0,0,0,0,0
321,20.9,11,400.507363552497,-4,0,0,0,0,0
321,21,1,190.906880959542,3.5,0,10.7302108967475,0,0,0
321,21,2,287.952166561072,0,0,10.300769954733,0,0,0
321,21,3,531.432633354253,0,0,21.1827241866194,0,0,0
321,21,4,666.348962650139,0,0,20.5370964845435,0,0,0
321,21,5,597.175328437193,0,0,14.4345940929137,0,0,0
321,21,6,446.792714852399,3.5,0,3.09073334358741,0,0,0
321,21,7,696.469923828594,0,0,12.578212187697,0,0,0
321,21,8,483.008390554857,3.5,0,5.3362569545501,0,0,0
321,21,9,792.684789719959,3.5,0,17.4797353664896,0,0,0
321,21,10,74.370654900363,-4,0,0,0,0,0
321,21,11,400.507363552497,-4,0,0,0,0,0
321,21.1,1,191.979840664497,3.5,0,10.7289832023604,0,0,0
321,21.1,2,288.981896372185,0,0,10.2938262675282,0,0,0
321,21.1,3,533.55383220353,0,0,21.2412527989098,0,0,0
321,21.1,4,668.402672850585,0,0,20.5371075243744,0,0,0
321,21.1,5,598.620826832959,0,0,14.4753738224099,0,0,0
321,21.1,6,447.101647906168,3.5,0,3.08792773177684,0,0,0
321,21.1,7,697.722400720328,0,0,12.4713256469771,0,0,0
321,21.1,8,483.542016382708,3.5,0,5.33625960245869,0,0,0
321,21.1,9,794.432762407472,3.5,0,17.4797183837656,0,0,0
321,21.1,10,74.370654900363,-4,0,0,0,0,0
321,21.1,11,400.507363552497,-4,0,0,0,0,0
321,21.2,1,193.0526756276,3.5,0,10.7277160596849,0,0,0
321,21.2,2,290.010966533014,0,0,10.287576949044,0,0,0
321,21.2,3,535.680591270974,0,0,21.2939285499712,0,0,0
321,21.2,4,670.456384099815,0,0,20.5371174602223,0,0,0
321,21.2,5,600.070199303028,0,0,14.5120755789564,0,0,0
321,21.2,6,447.410314426814,3.5,0,3.08540268114733,0,0,0
321,21.2,7,698.964723390693,0,0,12.3751277603292,0,0,0
321,21.2,8,484.075642462109,3.5,0,5.33626198557641,0,0,0
321,21.2,9,796.180733481626,3.5,0,17.479703099314,0,0,0
321,21.2,10,74.370654900363,-4,0,0,0,0,0
321,21.2,11,400.507363552497,-4,0,0,0,0,0
321,21.3,1,194.125381929626,3.5,0,10.7264099808357,0,0,0
321,21.3,2,291.039443008586,0,0,10.2819525624082,0,0,0
321,21.3,3,537.812354534769,0,0,21.3413367259264,0,0,0
321,21.3,4,672.51009629295,0,0,20.5371264024854,0,0,0
321,21.3,5,601.523058439968,0,0,14.5451071598483,0,0,0
321,21.3,6,447.71874106765,3.5,0,3.08313013558078,0,0,0
321,21.3,7,700.197907261827,0,0,12.288549662346,0,0,0
321,21.3,8,484.609268767907,3.5,0,5.33626413038237,0,0,0
321,21.3,9,797.928703103757,3.5,0,17.4796893433075,0,0,0
321,21.3,10,74.370654900363,-4,0,0,0,0,0
321,21.3,11,400.507363552497,-4,0,0,0,0,0
321,21.4,1,195.197955699598,3.5,0,10.7250654186009,0,0,0
321,21.4,2,292.067385167428,0,0,10.2768906144359,0,0,0
321,21.4,3,539.948621575279,0,0,21.3840040842862,0,0,0
321,21.4,4,674.5638093356,0,0,20.5371344505221,0,0,0
321,21.4,5,602.979055577093,0,0,14.574835582651,0,0,0
321,21.4,6,448.026951816658,3.5,0,3.08108484457087,0,0,0
321,21.4,7,701.422866213652,0,0,12.2106293741612,0,0,0
321,21.4,8,485.142895277462,3.5,0,5.33626606070773,0,0,0
321,21.4,9,799.676671419067,3.5,0,17.4796769629017,0,0,0
321,21.4,10,74.370654900363,-4,0,0,0,0,0
321,21.4,11,400.507363552497,-4,0,0,0,0,0
321,21.5,1,196.270393108968,3.5,0,10.7236827688016,0,0,0
321,21.5,2,293.094846441213,0,0,10.2723348612609,0,0,0
321,21.5,3,542.088942014834,0,0,21.4224047068099,0,0,0
321,21.5,4,676.617523142814,0,0,20.5371416937552,0,0,0
321,21.5,5,604.437876914384,0,0,14.6015911631735,0,0,0
321,21.5,6,448.334968263019,3.5,0,3.07924408266196,0,0,0
321,21.5,7,702.6404227381,0,0,12.1405011147948,0,0,0
321,21.5,8,485.676521970397,3.5,0,5.33626779800055,0,0,0
321,21.5,9,801.424638558239,3.5,0,17.4796658205365,0,0,0
321,21.5,10,74.370654900363,-4,0,0,0,0,0
321,21.5,11,400.507363552497,-4,0,0,0,0,0
321,21.6,1,197.342690366033,3.5,0,10.722262372503,0,0,0
321,21.6,2,294.121874918447,0,0,10.2682346834034,0,0,0
321,21.6,3,544.232910513529,0,0,21.4569652670813,0,0,0
321,21.6,4,678.671237638135,0,0,20.537148212665,0,0,0
321,21.6,5,605.899240031825,0,0,14.6256711856437,0,0,0
321,21.6,6,448.642809837,3.5,0,3.07758739694394,0,0,0
321,21.6,7,703.851317077908,0,0,12.0773856813651,0,0,0
321,21.6,8,486.210148828375,3.5,0,5.33626936156409,0,0,0
321,21.6,9,803.172604638886,3.5,0,17.4796557924078,0,0,0
321,21.6,10,74.370654900363,-4,0,0,0,0,0
321,21.6,11,400.507363552497,-4,0,0,0,0,0
321,21.7,1,198.414843710562,3.5,0,10.7208045180878,0,0,0
321,21.7,2,295.148513878783,0,0,10.2645445233316,0,0,0
321,21.7,3,546.380162265449,0,0,21.4880697713255,0,0,0
321,21.7,4,680.724952752753,0,0,20.5371540796838,0,0,0
321,21.7,5,607.362890751401,0,0,14.6473432058668,0,0,0
321,21.7,6,448.950494025837,3.5,0,3.07609637979772,0,0,0
321,21.7,7,705.05621545154,0,0,12.0205817912784,0,0,0
321,21.7,8,486.743775834892,3.5,0,5.33627076877128,0,0,0
321,21.7,9,804.920569766861,3.5,0,17.4796467670919,0,0,0
321,21.7,10,74.370654900363,-4,0,0,0,0,0
321,21.7,11,400.507363552497,-4,0,0,0,0,0
321,21.8,1,199.486849408627,3.5,0,10.719309443195,0,0,0
321,21.8,2,296.174802273913,0,0,10.261223379267,0,0,0
321,21.8,3,548.530368945272,0,0,21.5160638251453,0,0,0
321,21.8,4,682.778668424737,0,0,20.5371593600007,0,0,0
321,21.8,5,608.828600312897,0,0,14.6668480240677,0,0,0
321,21.8,6,449.258036568045,3.5,0,3.07475446436613,0,0,0
321,21.8,7,706.255717455614,0,0,11.9694582902003,0,0,0
321,21.8,8,487.277402975094,3.5,0,5.33627203525775,0,0,0
321,21.8,9,806.668534037431,3.5,0,17.4796386443077,0,0,0
321,21.8,10,74.370654900363,-4,0,0,0,0,0
321,21.8,11,400.507363552497,-4,0,0,0,0,0
321,21.9,1,200.558703747613,3.5,0,10.7177773365321,0,0,0
321,21.9,2,297.200775160357,0,0,10.2582343496089,0,0,0
321,21.9,3,550.683235060209,0,0,21.5412584735832,0,0,0
321,21.9,4,684.832384598351,0,0,20.5371641122859,0,0,0
321,21.9,5,610.296162832123,0,0,14.6844023604485,0,0,0
321,21.9,6,449.565451628287,3.5,0,3.07354674047769,0,0,0
321,21.9,7,707.450362727086,0,0,11.9234471392301,0,0,0
321,21.9,8,487.811030235611,3.5,0,5.33627317509557,0,0,0
321,21.9,9,808.416497536337,3.5,0,17.4796313338019,0,0,0
321,21.9,10,74.370654900363,-4,0,0,0,0,0
321,21.9,11,400.507363552497,-4,0,0,0,0,0
321,22,1,201.630403031418,3.5,0,10.7162083395657,0,0,0
321,22,2,298.226464088983,0,0,10.2555442229166,0,0,0
321,22,3,552.838494666747,0,0,21.5639336571772,0,0,0
321,22,4,686.886101223433,0,0,20.5371683893426,0,0,0
321,22,5,611.765393013305,0,0,14.7002012631912,0,0,0
321,22,6,449.87275195476,3.5,0,3.0724597889781,0,0,0
321,22,7,708.640636939215,0,0,11.8820371033568,0,0,0
321,22,8,488.344657604413,3.5,0,5.33627420094961,0,0,0
321,22,9,810.164460340744,3.5,0,17.4796247543466,0,0,0
321,22,10,74.370654900363,-4,0,0,0,0,0
321,22,11,400.507363552497,-4,0,0,0,0,0
321,22.1,1,202.701943575801,3.5,0,10.7146025480956,0,0,0
321,22.1,2,299.251897455574,0,0,10.2531231088935,0,0,0
321,22.1,3,554.995908415726,0,0,21.5843413224118,0,0,0
321,22.1,4,688.939818254835,0,0,20.5371722386936,0,0,0
321,22.1,5,613.236124090248,0,0,14.7144202756596,0,0,0
321,22.1,6,450.17994902084,3.5,0,3.07148153262846,0,0,0
321,22.1,7,709.826977197936,0,0,11.8447680710709,0,0,0
321,22.1,8,488.865785024508,3.5,0,5.08627420094961,0,0,0
321,22.1,9,811.912422520103,3.5,0,17.4796188328369,0,0,0
321,22.1,10,74.370654900363,-4,0,0,0,0,0
321,22.1,11,400.507363552497,-4,0,0,0,0,0
321,22.2,1,203.773321703892,3.5,0,10.7129600137184,0,0,0
321,22.2,2,300.277100816332,0,0,10.2509441062727,0,0,0
321,22.2,3,557.155260892903,0,0,21.602708221123,0,0,0
321,22.2,4,690.993535651925,0,0,20.5371757031096,0,0,0
321,22.2,5,614.708205973375,0,0,14.7272173868812,0,0,0
321,22.2,6,450.487053152568,3.5,0,3.07060110191379,0,0,0
321,22.2,7,711.009776898591,0,0,11.8112259420136,0,0,0
321,22.2,8,489.361912444603,3.5,0,4.83627420094961,0,0,0
321,22.2,9,813.660384136919,3.5,0,17.4796135034782,0,0,0
321,22.2,10,74.370654900363,-4,0,0,0,0,0
321,22.2,11,400.507363552497,-4,0,0,0,0,0
321,22.3,1,204.844533741837,3.5,0,10.7112807451846,0,0,0
321,22.3,2,301.302097171842,0,0,10.248983003914,0,0,0
321,22.3,3,559.316358225457,0,0,21.6192384299631,0,0,0
321,22.3,4,693.047253378135,0,0,20.5371788210839,0,0,0
321,22.3,5,616.181503582068,0,0,14.7387347869806,0,0,0
321,22.3,6,450.794073643377,3.5,0,3.06980871427059,0,0,0
321,22.3,7,712.189390096984,0,0,11.781038025862,0,0,0
321,22.3,8,489.833039864698,3.5,0,4.58627420094961,0,0,0
321,22.3,9,815.408345247446,3.5,0,17.4796087070553,0,0,0
321,22.3,10,74.370654900363,-4,0,0,0,0,0
321,22.3,11,400.507363552497,-4,0,0,0,0,0
321,22.4,1,205.915576014579,3.5,0,10.7095647096539,0,0,0
321,22.4,2,302.326907222627,0,0,10.2472180117912,0,0,0
321,22.4,3,561.479025927852,0,0,21.6341156179191,0,0,0
321,22.4,4,695.100971400552,0,0,20.5371816272608,0,0,0
321,22.4,5,617.65589534377,0,0,14.7491004470701,0,0,0
321,22.4,6,451.10101885736,3.5,0,3.06909556539171,0,0,0
321,22.4,7,713.366135443344,0,0,11.7538689013256,0,0,0
321,22.4,8,490.279167284793,3.5,0,4.33627420094961,0,0,0
321,22.4,9,817.156305902312,3.5,0,17.4796043902747,0,0,0
321,22.4,10,74.370654900363,-4,0,0,0,0,0
321,22.4,11,400.507363552497,-4,0,0,0,0,0
321,22.5,1,206.986444841754,3.5,0,10.7078118338532,0,0,0
321,22.5,2,303.35154959916,0,0,10.2456295188807,0,0,0
321,22.5,3,563.643106963102,0,0,21.6475050870796,0,0,0
321,22.5,4,697.154689689556,0.116666666666668,0,20.53718415282,0,0,0
321,22.5,5,619.131271843181,0,0,14.7584295411506,0,0,0
321,22.5,6,451.407896322199,3.5,0,3.06845373140071,0,0,0
321,22.5,7,714.540299722872,0,0,11.7294166892428,0,0,0
321,22.5,8,490.700294704888,3.5,0,4.08627420094961,0,0,0
321,22.5,9,818.904266147085,3.5,0,17.4796005051722,0,0,0
321,22.5,10,74.370654900363,-4,0,0,0,0,0
321,22.5,11,400.507363552497,-4,0,0,0,0,0
321,22.6000000000001,1,208.057136533704,3.5,0,10.7060220051408,0,0,0
321,22.6000000000001,2,304.376041068867,0,0,10.2441998752612,0,0,0
321,22.6000000000001,3,565.808459997922,0,0,21.659555609324,0,0,0
321,22.6000000000001,4,699.208408218488,0.233333333333337,0,20.5371864258233,0,0,0
321,22.6000000000001,5,620.60753460653,0,0,14.7668257258231,0,0,0
321,22.6000000000001,6,451.71471281281,3.5,0,3.06787608080882,0,0,0
321,22.6000000000001,7,715.712141042253,0,0,11.7074096983683,0,0,0
321,22.6000000000001,8,491.096422124983,3.5,0,3.83627420094961,0,0,0
321,22.6000000000001,9,820.652226022772,3.5,0,17.4795970085799,0,0,0
321,22.6000000000001,10,74.370654900363,-4,0,0,0,0,0
321,22.6000000000001,11,400.507363552497,-4,0,0,0,0,0
321,22.7000000000001,1,209.127647387585,3.5,0,10.7041950724818,0,0,0
321,22.7000000000001,2,305.400396722431,0,0,10.2429131960036,0,0,0
321,22.7000000000001,3,567.974957832355,0,0,21.670401079344,0,0,0
321,22.7000000000001,4,701.262126963356,0.350000000000005,0,20.5371884715262,0,0,0
321,22.7000000000001,5,622.084595007423,0,0,14.7743822920283,0,0,0
321,22.7000000000001,6,452.021474426614,3.5,0,3.06735619527611,0,0,0
321,22.7000000000001,7,716.8818916975,0,0,11.6876034065812,0,0,0
321,22.7000000000001,8,491.467549545078,3.5,0,3.58627420094961,0,0,0
321,22.7000000000001,9,822.400185566284,3.5,0,17.4795938616469,0,0,0
321,22.7000000000001,10,74.370654900363,-4,0,0,0,0,0
321,22.7000000000001,11,400.507363552497,-4,0,0,0,0,0
321,22.8000000000001,1,210.197973683576,3.5,0,10.7023308473363,0,0,0
321,22.8000000000001,2,306.424630141464,0,0,10.2417551846719,0,0,0
321,22.8000000000001,3,570.14248598644,0,0,21.6801620023619,0,0,0
321,22.8000000000001,4,703.315845902565,0.466666666666673,0,20.5371903126589,0,0,0
321,22.8000000000001,5,623.562373282105,0,0,14.781183201613,0,0,0
321,22.8000000000001,6,452.328186651293,3.5,0,3.06688829829668,0,0,0
321,22.8000000000001,7,718.049760755028,0,0,11.6697777439729,0,0,0
321,22.8000000000001,8,491.813676965173,3.5,0,3.33627420094961,0,0,0
321,22.8000000000001,9,824.148144810836,3.5,0,17.4795910294071,0,0,0
321,22.8000000000001,10,74.370654900363,-4,0,0,0,0,0
321,22.8000000000001,11,400.507363552497,-4,0,0,0,0,0
321,22.9000000000001,1,211.268111681166,3.5,0,10.7004291044653,0,0,0
321,22.9000000000001,2,307.448753549422,0,0,10.2407129744732,0,0,0
321,22.9000000000001,3,572.310941428212,0,0,21.6889468330781,0,0,0
321,22.9000000000001,4,705.369565016682,0.583333333333342,0,20.5371919696783,0,0,0
321,22.9000000000001,5,625.040797643197,0,0,14.7873040202393,0,0,0
321,22.9000000000001,6,452.634854425758,3.5,0,3.06646719101518,0,0,0
321,22.9000000000001,7,719.215936374608,0,0,11.6537346476254,0,0,0
321,22.9000000000001,8,492.134804385268,3.5,0,3.08627420094961,0,0,0
321,22.9000000000001,9,825.896103786326,3.5,0,17.4795884803913,0,0,0
321,22.9000000000001,10,74.370654900363,-4,0,0,0,0,0
321,22.9000000000001,11,400.507363552497,-4,0,0,0,0,0
321,23.0000000000001,1,212.338057615522,3.5,0,10.6984895826568,0,0,0
321,23.0000000000001,2,308.47277794741,0,0,10.2397749852945,0,0,0
321,23.0000000000001,3,574.480231428902,0,0,21.6968531807227,0,0,0
321,23.0000000000001,4,707.423284288215,0.70000000000001,0,20.5371934609958,0,0,0
321,23.0000000000001,5,626.519803482059,0,0,14.7928127570029,0,0,0
321,23.0000000000001,6,452.941482195032,3.5,0,3.06608819446184,0,0,0
321,23.0000000000001,7,720.380587900035,0,0,11.6392958609126,0,0,0
321,23.0000000000001,8,492.430931805363,3.5,0,2.83627420094961,0,0,0
321,23.0000000000001,9,827.64406251966,3.5,0,17.4795861862772,0,0,0
321,23.0000000000001,10,74.370654900363,-4,0,0,0,0,0
321,23.0000000000001,11,400.507363552497,-4,0,0,0,0,0
321,23.1000000000001,1,213.407807693924,3.5,0,10.6965119853748,0,0,0
321,23.1000000000001,2,309.496713236426,0,0,10.2389307950336,0,0,0
321,23.1000000000001,3,576.650272532619,0,0,21.7039688936027,0,0,0
321,23.1000000000001,4,709.477003701424,0.816666666666678,0,20.5371948031815,0,0,0
321,23.1000000000001,5,627.999332650914,0,0,14.7977706200901,0,0,0
321,23.1000000000001,6,453.248073959634,3.5,0,3.06574709756383,0,0,0
321,23.1000000000001,7,721.543867740724,0,0,11.6263009528711,0,0,0
321,23.1000000000001,8,492.702262801925,3.5,0,2.59034573028303,0,0,0
321,23.1000000000001,9,829.392021035052,3.5,0,17.4795841215744,0,0,0
321,23.1000000000001,10,74.370654900363,-4,0,0,0,0,0
321,23.1000000000001,11,400.507363552497,-4,0,0,0,0,0
321,23.2000000000001,1,214.477358092259,3.5,0,10.6944959813348,0,0,0
321,23.2000000000001,2,310.520568327368,0,0,10.2381710237988,0,0,0
321,23.2000000000001,3,578.820989629059,0,0,21.7103730351948,0,0,0
321,23.2000000000001,4,711.530723242141,0.933333333333347,0,20.5371960111486,0,0,0
321,23.2000000000001,5,629.479332816762,0,0,14.8022326968687,0,0,0
321,23.2000000000001,6,453.554633320029,3.5,0,3.06544011035563,0,0,0
321,23.2000000000001,7,722.705913065149,0,0,11.6146055356338,0,0,0
321,23.2000000000001,8,492.950230593773,3.5,0,2.36901010668311,0,0,0
321,23.2000000000001,9,831.139979354298,3.5,0,17.4795822633419,0,0,0
321,23.2000000000001,10,74.370654900363,-4,0,0,0,0,0
321,23.2000000000001,11,400.507363552497,-4,0,0,0,0,0
321,23.3000000000001,1,215.546704951576,3.5,0,10.6924412050064,0,0,0
321,23.3000000000001,2,311.544351240042,0,0,10.2374872296875,0,0,0
321,23.3000000000001,3,580.99231511895,0,0,21.7161367626277,0,0,0
321,23.3000000000001,4,713.584442897614,1.05000000000001,0,20.5371970983191,0,0,0
321,23.3000000000001,5,630.959756879904,0,0,14.8062485659693,0,0,0
321,23.3000000000001,6,453.861163516641,3.5,0,3.06516382186824,0,0,0
321,23.3000000000001,7,723.866847324937,0,0,11.6040796601202,0,0,0
321,23.3000000000001,8,493.177171501379,3.5,0,2.16980804544318,0,0,0
321,23.3000000000001,9,832.887937497012,3.5,0,17.4795805909326,0,0,0
321,23.3000000000001,10,74.370654900363,-4,0,0,0,0,0
321,23.3000000000001,11,400.507363552497,-4,0,0,0,0,0
321,23.4000000000001,1,216.615844374679,3.5,0,10.6903472570474,0,0,0
321,23.4000000000001,2,312.568069192276,0,0,10.2368718149874,0,0,0
321,23.4000000000001,3,583.164188162947,0,0,21.7213241173173,0,0,0
321,23.4000000000001,4,715.638162656369,1.16666666666668,0,20.5371980767724,0,0,0
321,23.4000000000001,5,632.44056245061,0,0,14.8098628481599,0,0,0
321,23.4000000000001,6,454.167667465846,3.5,0,3.06491516222959,0,0,0
321,23.4000000000001,7,725.026781626551,0,0,11.5946063721579,0,0,0
321,23.4000000000001,8,493.385188213168,3.5,0,1.99052619032724,0,0,0
321,23.4000000000001,9,834.635895480847,3.5,0,17.4795790857643,0,0,0
321,23.4000000000001,10,74.370654900363,-4,0,0,0,0,0
321,23.4000000000001,11,400.507363552497,-4,0,0,0,0,0
321,23.5000000000001,1,217.684772422765,3.5,0,10.6882137046709,0,0,0
321,23.5000000000001,2,313.591728680113,0,0,10.2363179417572,0,0,0
321,23.5000000000001,3,585.33655400564,0,0,21.7259927365379,0,0,0
321,23.5000000000001,4,717.691882508076,1.28333333333335,0,20.5371989573805,0,0,0
321,23.5000000000001,5,633.921711378125,0,0,14.8131157021315,0,0,0
321,23.5000000000001,6,454.474147792385,3.5,0,3.06469136855481,0,0,0
321,23.5000000000001,7,726.185815965808,0,0,11.5860804129919,0,0,0
321,23.5000000000001,8,493.576173148721,3.5,0,1.82917252072289,0,0,0
321,23.5000000000001,9,836.383853321691,3.5,0,17.4795777311128,0,0,0
321,23.5000000000001,10,74.370654900363,-4,0,0,0,0,0
321,23.5000000000001,11,400.507363552497,-4,0,0,0,0,0
321,23.6000000000001,1,218.753485112095,3.5,0,10.6860400819456,0,0,0
321,23.6000000000001,2,314.615335549994,0,0,10.2358194558501,0,0,0
321,23.6000000000001,3,587.509363367158,0,0,21.7301944938365,0,0,0
321,23.6000000000001,4,719.745602443442,1.40000000000002,0,20.5371997499277,0,0,0
321,23.6000000000001,5,635.403169326767,0,0,14.8160432707059,0,0,0
321,23.6000000000001,6,454.780606858525,3.5,0,3.0644899542475,0,0,0
321,23.6000000000001,7,727.344040338945,0,0,11.5784070497425,0,0,0
321,23.6000000000001,8,493.751829485661,3.5,0,1.68395421807898,0,0,0
321,23.6000000000001,9,838.131811033842,3.5,0,17.4795765119265,0,0,0
321,23.6000000000001,10,74.370654900363,-4,0,0,0,0,0
321,23.6000000000001,11,400.507363552497,-4,0,0,0,0,0
321,23.7000000000001,1,219.821978410694,3.5,0,10.6838258900347,0,0,0
321,23.7000000000001,2,315.638895063713,0,0,10.2353708185336,0,0,0
321,23.7000000000001,3,589.68257189562,0,0,21.7339760754052,0,0,0
321,23.7000000000001,4,721.799322454099,1.51666666666669,0,20.5372004632202,0,0,0
321,23.7000000000001,5,636.884905394423,0,0,14.8186780824228,0,0,0
321,23.7000000000001,6,455.087046790306,3.5,0,3.06430868137093,0,0,0
321,23.7000000000001,7,728.501535742573,0,0,11.571501022818,0,0,0
321,23.7000000000001,8,493.91369008385,3.5,0,1.55325774569947,0,0,0
321,23.7000000000001,9,839.879768630172,3.5,0,17.4795754146588,0,0,0
321,23.7000000000001,10,74.370654900363,-4,0,0,0,0,0
321,23.7000000000001,11,400.507363552497,-4,0,0,0,0,0
321,23.8000000000001,1,220.890248235065,3.5,0,10.6815705973708,0,0,0
321,23.8000000000001,2,316.662411956887,0,0,10.2349670449488,0,0,0
321,23.8000000000001,3,591.856139674331,0,0,21.7373794988171,0,0,0
321,23.8000000000001,4,723.853042532519,1.63333333333336,0,20.5372011051835,0,0,0
321,23.8000000000001,5,638.366891769193,0,0,14.8210494129681,0,0,0
321,23.8000000000001,6,455.393469501164,3.5,0,3.06414553578201,0,0,0
321,23.8000000000001,7,729.658375073643,0,0,11.565285598586,0,0,0
321,23.8000000000001,8,494.063134517162,3.5,0,1.4356309205579,0,0,0
321,23.8000000000001,9,841.627726122261,3.5,0,17.4795744271178,0,0,0
321,23.8000000000001,10,74.370654900363,-4,0,0,0,0,0
321,23.8000000000001,11,400.507363552497,-4,0,0,0,0,0
321,23.9000000000001,1,221.958290446922,3.5,0,10.6792736397721,0,0,0
321,23.9000000000001,2,317.685890491571,0,0,10.2346036487225,0,0,0
321,23.9000000000001,3,594.030030778267,0,0,21.7404425798877,0,0,0
321,23.9000000000001,4,725.906762671926,1.75000000000002,0,20.5372016829504,0,0,0
321,23.9000000000001,5,639.849103420364,0,0,14.8231836104588,0,0,0
321,23.9000000000001,6,455.69987671319,3.5,0,3.06399870475199,0,0,0
321,23.9000000000001,7,730.814623939411,0,0,11.5596917167772,0,0,0
321,23.9000000000001,8,494.201404402087,3.5,0,1.32976677793049,0,0,0
321,23.9000000000001,9,843.375683520533,3.5,0,17.479573538331,0,0,0
321,23.9000000000001,10,74.370654900363,-4,0,0,0,0,0
321,23.9000000000001,11,400.507363552497,-4,0,0,0,0,0
321,24.0000000000001,1,223.026100849935,3.5,0,10.6769344204983,0,0,0
321,24.0000000000001,2,318.709334503613,0,0,10.2342765921189,0,0,0
321,24.0000000000001,3,596.204212874904,0,0,21.7431993528513,0,0,0
321,24.0000000000001,4,727.960482866221,1.86666666666669,0,20.5372022029407,0,0,0
321,24.0000000000001,5,641.331517820297,0,0,14.8251043882005,0,0,0
321,24.0000000000001,6,456.006269976269,3.5,0,3.06386655682496,0,0,0
321,24.0000000000001,7,731.970341386408,0,0,11.5546572231492,0,0,0
321,24.0000000000001,8,494.329617193462,3.5,0,1.23448904956582,0,0,0
321,24.0000000000001,9,845.123640834371,3.5,0,17.4795727384229,0,0,0
321,24.0000000000001,10,74.370654900363,-4,0,0,0,0,0
321,24.0000000000001,11,400.507363552497,-4,0,0,0,0,0
321,24.1000000000001,1,224.093675186473,3.5,0,10.6745523102493,0,0,0
321,24.1000000000001,2,319.732747445278,0,0,10.2339822411755,0,0,0
321,24.1000000000001,3,598.378656864972,0,0,21.7456804485185,0,0,0
321,24.1000000000001,4,730.014203109914,1.98333333333336,0,20.5372026709319,0,0,0
321,24.1000000000001,5,642.814114694115,0,0,14.826833088168,0,0,0
321,24.1000000000001,6,456.313800566623,3.5,0,3.08674525025652,0,0,0
321,24.1000000000001,7,733.125580556509,0,0,11.5501261788841,0,0,0
321,24.1000000000001,8,494.448778600642,3.5,0,1.14873909403762,0,0,0
321,24.1000000000001,9,846.860606299579,3.5,0,17.259736565737,0,0,0
321,24.1000000000001,10,74.370654900363,-4,0,0,0,0,0
321,24.1000000000001,11,400.507363552497,-4,0,0,0,0,0
321,24.2000000000001,1,225.161009134341,3.5,0,10.6721266471069,0,0,0
321,24.2000000000001,2,320.756132423603,0,0,10.2337173253266,0,0,0
321,24.2000000000001,3,600.553336559129,0,0,21.7479134346191,0,0,0
321,24.2000000000001,4,732.067923398067,2.10000000000003,0,20.537203092124,0,0,0
321,24.2000000000001,5,644.296875794431,0,0,14.8283889181387,0,0,0
321,24.2000000000001,6,456.623504632853,3.5,0,3.10733607434492,0,0,0
321,24.2000000000001,7,734.280389277406,0,0,11.5460482390454,0,0,0
321,24.2000000000001,8,494.559793762047,3.5,0,1.07156413406224,0,0,0
321,24.2000000000001,9,848.576687328382,3.5,0,17.0618840103198,0,0,0
321,24.2000000000001,10,74.370654900363,-4,0,0,0,0,0
321,24.2000000000001,11,400.507363552497,-4,0,0,0,0,0
321,24.3000000000001,1,226.228098303517,3.5,0,10.6696567364202,0,0,0
321,24.3000000000001,2,321.779492234922,0,0,10.2334789010625,0,0,0
321,24.3000000000001,3,602.728228386965,0,0,21.7499231221095,0,0,0
321,24.3000000000001,4,734.121643726233,2.2166666666667,0,20.5372034711969,0,0,0
321,24.3000000000001,5,645.779784698593,0,0,14.8297891651124,0,0,0
321,24.3000000000001,6,456.935164827372,3.5,0,3.12586781602449,0,0,0
321,24.3000000000001,7,735.434810594017,0,0,11.5423780931907,0,0,0
321,24.3000000000001,8,494.663477302254,3.5,0,1.00210667008439,0,0,0
321,24.3000000000001,9,850.27397236442,3.5,0,16.8838167104443,0,0,0
321,24.3000000000001,10,74.370654900363,-4,0,0,0,0,0
321,24.3000000000001,11,400.507363552497,-4,0,0,0,0,0
321,24.4000000000001,1,227.29493823287,3.5,0,10.6671418506365,0,0,0
321,24.4000000000001,2,322.802829395936,0,0,10.2332643192248,0,0,0
321,24.4000000000001,3,604.903311135113,0,0,21.7517318408509,0,0,0
321,24.4000000000001,4,736.175364090411,2.33333333333337,0,20.5372038123625,0,0,0
321,24.4000000000001,5,647.262826626218,0,0,14.8310493873887,0,0,0
321,24.4000000000001,6,457.24858553735,3.5,0,3.14254638353609,0,0,0
321,24.4000000000001,7,736.588883246773,0,0,11.5390749619214,0,0,0
321,24.4000000000001,8,494.760562383384,3.5,0,0.939594952504335,0,0,0
321,24.4000000000001,9,851.95434100697,3.5,0,16.7235561405563,0,0,0
321,24.4000000000001,10,74.370654900363,-4,0,0,0,0,0
321,24.4000000000001,11,400.507363552497,-4,0,0,0,0,0
321,24.5000000000001,1,228.361524386856,3.5,0,10.6645812290766,0,0,0
321,24.5000000000001,2,323.826146171676,0,0,10.2330711955709,0,0,0
321,24.5000000000001,3,607.078565711542,0,0,21.7533596877182,0,0,0
321,24.5000000000001,4,738.229084487,2.45000000000003,0,20.5372041194115,0,0,0
321,24.5000000000001,5,648.74598827496,0,0,14.8321835874374,0,0,0
321,24.5000000000001,6,457.563590711241,3.5,0,3.15755709429654,0,0,0
321,24.5000000000001,7,737.742642102058,0,0,11.536102143779,0,0,0
321,24.5000000000001,8,494.851708851343,3.5,0,0.883334406682282,0,0,0
321,24.5000000000001,9,853.619484895381,3.5,0,16.5793216276572,0,0,0
321,24.5000000000001,10,74.370654900363,-4,0,0,0,0,0
321,24.5000000000001,11,400.507363552497,-4,0,0,0,0,0
321,24.6000000000001,1,229.427852152192,3.5,0,10.6619740776573,0,0,0
321,24.6000000000001,2,324.849444600669,0,0,10.2328973842824,0,0,0
321,24.6000000000001,3,609.253974933423,0,0,21.7548247498987,0,0,0
321,24.6000000000001,4,740.282804912758,2.5666666666667,0,20.5372043957557,0,0,0
321,24.6000000000001,5,650.229257672706,0,0,14.8332043674812,0,0,0
321,24.6000000000001,6,457.880021902655,3.5,0,3.17106673398094,0,0,0
321,24.6000000000001,7,738.89611853962,0,0,11.5334266074509,0,0,0
321,24.6000000000001,8,494.937510567449,3.5,0,0.832699915442434,0,0,0
321,24.6000000000001,9,855.270926505066,3.5,0,16.4495105660479,0,0,0
321,24.6000000000001,10,74.370654900363,-4,0,0,0,0,0
321,24.6000000000001,11,400.507363552497,-4,0,0,0,0,0
321,24.7000000000001,1,230.493916834503,3.5,0,10.6593195685592,0,0,0
321,24.7000000000001,2,325.872726517589,0,0,10.2327409541227,0,0,0
321,24.7000000000001,3,611.429523336211,0,0,21.7561433058612,0,0,0
321,24.7000000000001,4,742.336525364769,2.68333333333337,0,20.5372046444654,0,0,0
321,24.7000000000001,5,651.712624044556,0,0,14.8341230695206,0,0,0
321,24.7000000000001,6,458.197736509839,3.5,0,3.1832254096969,0,0,0
321,24.7000000000001,7,740.04934080123,0,0,11.5310186247556,0,0,0
321,24.7000000000001,8,495.018502006888,3.5,0,0.78712887332657,0,0,0
321,24.7000000000001,9,856.910036063898,3.5,0,16.3326806105996,0,0,0
321,24.7000000000001,10,74.370654900363,-4,0,0,0,0,0
321,24.7000000000001,11,400.507363552497,-4,0,0,0,0,0
321,24.8000000000001,1,231.559713654923,3.5,0,10.6566168398414,0,0,0
321,24.8000000000001,2,326.895993573644,0,0,10.232600166979,0,0,0
321,24.8000000000001,3,613.605197001815,0,0,21.7573300062275,0,0,0
321,24.8000000000001,4,744.390245840408,2.80000000000004,0,20.5372048683041,0,0,0
321,24.8000000000001,5,653.1960776931,0,0,14.8349499013561,0,0,0
321,24.8000000000001,6,458.516606191216,3.5,0,3.19416821784126,0,0,0
321,24.8000000000001,7,741.202334304484,0,0,11.5288514403298,0,0,0
321,24.8000000000001,8,495.10971489422,3.5,0,1.03712887332657,0,0,0
321,24.8000000000001,9,858.538046776963,3.5,0,16.2275336506961,0,0,0
321,24.8000000000001,10,74.370654900363,-4,0,0,0,0,0
321,24.8000000000001,11,400.507363552497,-4,0,0,0,0,0
321,24.9000000000001,1,232.625237746665,3.5,0,10.6538649950036,0,0,0
321,24.9000000000001,2,327.906753590342,0,0,9.98260016697904,0,0,0
321,24.9000000000001,3,615.780983403954,0,0,21.7583980365571,0,0,0
321,24.9000000000001,4,746.433827245512,2.91666666666671,0,20.334423233781,0,0,0
321,24.9000000000001,5,654.679609890668,0,0,14.835694050008,0,0,0
321,24.9000000000001,6,458.836515439367,3.5,0,3.20401674517119,0,0,0
321,24.9000000000001,7,742.355121925218,0,0,11.5269009743466,0,0,0
321,24.9000000000001,8,495.225927781553,3.5,0,1.28712887332657,0,0,0
321,24.9000000000001,9,860.156068528837,3.5,0,16.132901386783,0,0,0
321,24.9000000000001,10,74.370654900363,-4,0,0,0,0,0
321,24.9000000000001,11,400.507363552497,-4,0,0,0,0,0
321,25.0000000000001,1,233.69048415154,3.5,0,10.6510631024935,0,0,0
321,25.0000000000001,2,328.89251360704,0,0,9.73260016697904,0,0,0
321,25.0000000000001,3,617.956871268975,0,0,21.7593592638537,0,0,0
321,25.0000000000001,4,748.458144395337,3.03333333333338,0,20.1519197627102,0,0,0
321,25.0000000000001,5,656.163212782358,0,0,14.8363637837948,0,0,0
321,25.0000000000001,6,459.157360297614,3.5,0,3.21288041976813,0,0,0
321,25.0000000000001,7,743.507724251683,0,0,11.5251455549617,0,0,0
321,25.0000000000001,8,495.367140668886,3.5,0,1.53712887332657,0,0,0
321,25.0000000000001,9,861.765100215639,3.5,0,16.0477323492612,0,0,0
321,25.0000000000001,10,74.370654900363,-4,0,0,0,0,0
321,25.0000000000001,11,400.507363552497,-4,0,0,0,0,0
321,25.1000000000001,1,234.755954210922,3.5,0,10.65833808515,0,0,0
321,25.1000000000001,2,329.853273623738,0,0,9.48260016697904,0,0,0
321,25.1000000000001,3,620.132850450589,0,0,21.7602243684207,0,0,0
321,25.1000000000001,4,750.465123715409,3.15000000000004,0,19.9876666387465,0,0,0
321,25.1000000000001,5,657.646879298758,0,0,14.8369665442028,0,0,0
321,25.1000000000001,6,459.479047204947,3.5,0,3.22085772690537,0,0,0
321,25.1000000000001,7,744.660159813307,0,0,11.5235656775153,0,0,0
321,25.1000000000001,8,495.533353556218,3.5,0,1.78712887332657,0,0,0
321,25.1000000000001,9,863.366040843877,3.5,0,15.9710802154915,0,0,0
321,25.1000000000001,10,74.370654900363,-4,0,0,0,0,0
321,25.1000000000001,11,400.507363552497,-4,0,0,0,0,0
321,25.2000000000001,1,235.822131405348,3.5,0,10.6652058033634,0,0,0
321,25.2000000000001,2,330.789033640436,0,0,9.23260016697904,0,0,0
321,25.2000000000001,3,622.308911817136,0,0,21.761002962531,0,0,0
321,25.2000000000001,4,752.456498988706,3.26666666666671,0,19.8398388271792,0,0,0
321,25.2000000000001,5,659.130603077397,0,0,14.8375090285701,0,0,0
321,25.2000000000001,6,459.801491956459,3.5,0,3.22803730332888,0,0,0
321,25.2000000000001,7,745.812445286574,0,0,11.5221437878135,0,0,0
321,25.2000000000001,8,495.724566443551,3.5,0,2.03712887332657,0,0,0
321,25.2000000000001,9,864.959699519406,3.5,0,15.9020932950988,0,0,0
321,25.2000000000001,10,74.370654900363,-4,0,0,0,0,0
321,25.2000000000001,11,400.507363552497,-4,0,0,0,0,0
321,25.3000000000001,1,236.888975972514,3.5,0,10.6716855399485,0,0,0
321,25.3000000000001,2,331.699793657134,0,0,8.98260016697904,0,0,0
321,25.3000000000001,3,624.485047150124,0,0,21.7617036972303,0,0,0
321,25.3000000000001,4,754.433830619903,3.38333333333338,0,19.7067937967685,0,0,0
321,25.3000000000001,5,660.61437839205,0,0,14.8379972645006,0,0,0
321,25.3000000000001,6,460.124618767731,3.5,0,3.23449892211005,0,0,0
321,25.3000000000001,7,746.964595680319,0,0,11.5208640870819,0,0,0
321,25.3000000000001,8,495.940779330883,3.5,0,2.28712887332657,0,0,0
321,25.3000000000001,9,866.546804437499,3.5,0,15.8400050667454,0,0,0
321,25.3000000000001,10,74.370654900363,-4,0,0,0,0,0
321,25.3000000000001,11,400.507363552497,-4,0,0,0,0,0
321,25.4000000000001,1,237.956450037025,3.5,0,10.6777957502741,0,0,0
321,25.4000000000001,2,332.585553673832,0,0,8.73260016697904,0,0,0
321,25.4000000000001,3,626.661249052909,0,0,21.7623343584596,0,0,0
321,25.4000000000001,4,756.398522973211,3.5,0,19.587053269399,0,0,0
321,25.4000000000001,5,662.098200089117,0,0,14.8384366768381,0,0,0
321,25.4000000000001,6,460.448359432787,3.5,0,3.2403143790131,0,0,0
321,25.4000000000001,7,748.116624502494,0,0,11.5197123564235,0,0,0
321,25.4000000000001,8,496.181992218216,3.5,0,2.53712887332657,0,0,0
321,25.4000000000001,9,868.128010973897,3.5,0,15.7841256612273,0,0,0
321,25.4000000000001,10,74.370654900363,-4,0,0,0,0,0
321,25.4000000000001,11,400.507363552497,-4,0,0,0,0,0
321,25.5000000000001,1,239.02451752887,3.5,0,10.6835540866381,0,0,0
321,25.5000000000001,2,333.44631369053,0,0,8.48260016697904,0,0,0
321,25.5000000000001,3,628.83751086851,0,0,21.762901953566,0,0,0
321,25.5000000000001,4,758.35183997642,3.5,0,19.4792867947664,0,0,0
321,25.5000000000001,5,663.582063530356,0,0,14.8388321479418,0,0,0
321,25.5000000000001,6,460.772652566249,3.5,0,3.24554829022584,0,0,0
321,25.5000000000001,7,749.268543910257,0,0,11.5186757988309,0,0,0
321,25.5000000000001,8,496.447270665453,3.5,0,2.7684400714137,0,0,0
321,25.5000000000001,9,869.703908966772,3.5,0,15.7338341962611,0,0,0
321,25.5000000000001,10,74.370654900363,-4,0,0,0,0,0
321,25.5000000000001,11,400.507363552497,-4,0,0,0,0,0
321,25.6000000000001,1,240.093144104358,3.5,0,10.6889774231206,0,0,0
321,25.6000000000001,2,334.282073707228,0,0,8.23260016697904,0,0,0
321,25.6000000000001,3,631.013826605646,0,0,21.7634127891618,0,0,0
321,25.6000000000001,4,760.294919164538,3.5,0,19.3822969675971,0,0,0
321,25.6000000000001,5,665.06596454135,0,0,14.8391880719352,0,0,0
321,25.6000000000001,6,461.097442921276,3.5,0,3.25025881031731,0,0,0
321,25.6000000000001,7,750.420364845048,0,0,11.5177428969976,0,0,0
321,25.6000000000001,8,496.734523676508,3.5,0,2.97662014969213,0,0,0
321,25.6000000000001,9,871.275029270474,3.5,0,15.6885718777914,0,0,0
321,25.6000000000001,10,74.370654900363,-4,0,0,0,0,0
321,25.6000000000001,11,400.507363552497,-4,0,0,0,0,0
321,25.7000000000001,1,241.162297069551,3.5,0,10.6940818807425,0,0,0
321,25.7000000000001,2,335.092833723926,0,0,7.98260016697904,0,0,0
321,25.7000000000001,3,633.190190872165,0,0,21.763872541198,0,0,0
321,25.7000000000001,4,762.228784319075,3.5,0,19.2950061231447,0,0,0
321,25.7000000000001,5,666.549899365123,0,0,14.8395084035292,0,0,0
321,25.7000000000001,6,461.422680775712,3.5,0,3.25449827839964,0,0,0
321,25.7000000000001,7,751.572097154165,0,0,11.5169032853476,0,0,0
321,25.7000000000001,8,497.041553795,3.5,0,3.1639822201427,0,0,0
321,25.7000000000001,9,872.841849653922,3.5,0,15.6478357911688,0,0,0
321,25.7000000000001,10,74.370654900363,-4,0,0,0,0,0
321,25.7000000000001,11,400.507363552497,-4,0,0,0,0,0
321,25.8000000000001,1,242.231945306227,3.5,0,10.6988828527726,0,0,0
321,25.8000000000001,2,335.878593740623,0,0,7.73260016697904,0,0,0
321,25.8000000000001,3,635.366598815126,0,0,21.7642863180305,0,0,0
321,25.8000000000001,4,764.154356843389,3.5,0,19.2164443631375,0,0,0
321,25.8000000000001,5,668.033864620398,0,0,14.8397967019638,0,0,0
321,25.8000000000001,6,461.748321379616,3.5,0,3.25831379967373,0,0,0
321,25.8000000000001,7,752.723749700176,0,0,11.5161476348626,0,0,0
321,25.8000000000001,8,497.366383310185,3.5,0,3.33260808354823,0,0,0
321,25.8000000000001,9,874.404800109141,3.5,0,15.6111733132084,0,0,0
321,25.8000000000001,10,74.370654900363,-4,0,0,0,0,0
321,25.8000000000001,11,400.507363552497,-4,0,0,0,0,0
321,25.9000000000001,1,243.302059200368,3.5,0,10.7033950300507,0,0,0
321,25.9000000000001,2,336.639353757321,0,0,7.48260016697904,0,0,0
321,25.9000000000001,3,637.543046066887,0,0,21.7646587171798,0,0,0
321,25.9000000000001,4,766.072466000502,3.5,0,19.145738779131,0,0,0
321,25.9000000000001,5,669.517857264024,0,0,14.840056170555,0,0,0
321,25.9000000000001,6,462.07432445804,3.5,0,3.26174776882041,0,0,0
321,25.9000000000001,7,753.87533045939,0,0,11.5154675494261,0,0,0
321,25.9000000000001,8,497.707232282393,3.5,0,3.48437136061319,0,0,0
321,25.9000000000001,9,875.964267628954,3.5,0,15.578177083044,0,0,0
321,25.9000000000001,10,74.370654900363,-4,0,0,0,0,0
321,25.9000000000001,11,400.507363552497,-4,0,0,0,0,0
321,26.0000000000001,1,244.372610573181,3.5,0,10.707632426204,0,0,0
321,26.0000000000001,2,337.375113774019,0,0,7.23260016697904,0,0,0
321,26.0000000000001,3,639.719528696566,0,0,21.7649938764142,0,0,0
321,26.0000000000001,4,767.983858127135,3.5,0,19.0821037535252,0,0,0
321,26.0000000000001,5,671.001874557166,0,0,14.840289692287,0,0,0
321,26.0000000000001,6,462.400653763534,3.5,0,3.26483834105242,0,0,0
321,26.0000000000001,7,755.026846610488,0,0,11.5148554725333,0,0,0
321,26.0000000000001,8,498.062498765922,3.5,0,3.62095830997167,0,0,0
321,26.0000000000001,9,877.520600506901,3.5,0,15.5484804758961,0,0,0
321,26.0000000000001,10,74.370654900363,-4,0,0,0,0,0
321,26.0000000000001,11,400.507363552497,-4,0,0,0,0,0
321,26.1000000000001,1,245.443572614624,3.5,0,10.7116084026573,0,0,0
321,26.1000000000001,2,338.085873790717,0,0,6.98260016697904,0,0,0
321,26.1000000000001,3,641.896043166373,0,0,21.7652955197252,0,0,0
321,26.1000000000001,4,769.889204926335,3.5,0,19.02483223048,0,0,0
321,26.1000000000001,5,672.485914034872,0,0,14.8404998618459,0,0,0
321,26.1000000000001,6,462.72727667339,3.5,0,3.26761985606123,0,0,0
321,26.1000000000001,7,756.178304614281,0,0,11.5143046033297,0,0,0
321,26.1000000000001,8,498.43074100964,3.5,0,3.74388656439429,0,0,0
321,26.1000000000001,9,879.074112207169,3.5,0,15.5217535294629,0,0,0
321,26.1000000000001,10,74.370654900363,-4,0,0,0,0,0
321,26.1000000000001,11,400.507363552497,-4,0,0,0,0,0
321,26.2000000000001,1,246.514919819424,3.5,0,10.7153356933443,0,0,0
321,26.2000000000001,2,338.771633807415,0,0,6.73260016697904,0,0,0
321,26.2000000000001,3,644.072586292295,0,0,21.765566998705,0,0,0
321,26.2000000000001,4,771.789110930846,3.5,0,18.9732878597393,0,0,0
321,26.2000000000001,5,673.969973478687,0,0,14.8406890144488,0,0,0
321,26.2000000000001,6,463.054163827171,3.5,0,3.27012321956916,0,0,0
321,26.2000000000001,7,757.3297102855,0,0,11.5138088210465,0,0,0
321,26.2000000000001,8,498.810661437529,3.5,0,3.85452199337465,0,0,0
321,26.2000000000001,9,880.625084847526,3.5,0,15.4976992776731,0,0,0
321,26.2000000000001,10,74.370654900363,-4,0,0,0,0,0
321,26.2000000000001,11,400.507363552497,-4,0,0,0,0,0
321,26.3000000000001,1,247.586627925544,3.5,0,10.7188264290453,0,0,0
321,26.3000000000001,2,339.432393824113,0,0,6.48260016697904,0,0,0
321,26.3000000000001,3,646.249155208719,0,0,21.7658113297869,0,0,0
321,26.3000000000001,4,773.684120220137,3.5,0,18.9268979260727,0,0,0
321,26.3000000000001,5,675.454050891999,0,0,14.8408592517915,0,0,0
321,26.3000000000001,6,463.381288800486,3.5,0,3.2723762467263,0,0,0
321,26.3000000000001,7,758.481068857402,0,0,11.5133626169917,0,0,0
321,26.3000000000001,8,499.20109223117,3.5,0,3.95409387945698,0,0,0
321,26.3000000000001,9,882.173772333962,3.5,0,15.4760504510623,0,0,0
321,26.3000000000001,10,74.370654900363,-4,0,0,0,0,0
321,26.3000000000001,11,400.507363552497,-4,0,0,0,0,0
321,26.4000000000001,1,248.65867385506,3.5,0,10.722092161286,0,0,0
321,26.4000000000001,2,340.068153840811,0,0,6.23260016697904,0,0,0
321,26.4000000000001,3,648.425747336597,0,0,21.7660312277605,0,0,0
321,26.4000000000001,4,775.574722465729,3.5,0,18.8851469857727,0,0,0
321,26.4000000000001,5,676.938144477859,0,0,14.8410124653999,0,0,0
321,26.4000000000001,6,463.708627811381,3.5,0,3.27440397116773,0,0,0
321,26.4000000000001,7,759.632385039919,0,0,11.5129610333423,0,0,0
321,26.4000000000001,8,499.60098235399,3.5,0,4.04370857693107,0,0,0
321,26.4000000000001,9,883.720403181871,3.5,0,15.4565665071125,0,0,0
321,26.4000000000001,10,74.370654900363,-4,0,0,0,0,0
321,26.4000000000001,11,400.507363552497,-4,0,0,0,0,0
321,26.5000000000001,1,249.731035657412,3.5,0,10.7251438857427,0,0,0
321,26.5000000000001,2,340.678913857509,0,0,5.98260016697904,0,0,0
321,26.5000000000001,3,650.602360354781,0,0,21.7662291359369,0,0,0
321,26.5000000000001,4,777.461358371993,3.5,0,18.8475711395028,0,0,0
321,26.5000000000001,5,678.422252619011,0,0,14.8411503576474,0,0,0
321,26.5000000000001,6,464.036159456097,3.5,0,3.27622892316501,0,0,0
321,26.5000000000001,7,760.783663071989,0,0,11.5125996080578,0,0,0
321,26.5000000000001,8,500.009385873069,3.5,0,4.12436180465776,0,0,0
321,26.5000000000001,9,885.265183055105,3.5,0,15.4390309575577,0,0,0
321,26.5000000000001,10,74.370654900363,-4,0,0,0,0,0
321,26.5000000000001,11,400.507363552497,-4,0,0,0,0,0
321,26.6000000000001,1,250.803692454954,3.5,0,10.7279920651084,0,0,0
321,26.6000000000001,2,341.264673874207,0,0,5.73260016697904,0,0,0
321,26.6000000000001,3,652.778992174243,0,0,21.7664072532955,0,0,0
321,26.6000000000001,4,779.344424572861,3.5,0,18.8137528778598,0,0,0
321,26.6000000000001,5,679.906373859927,0,0,14.8412744606702,0,0,0
321,26.6000000000001,6,464.363864471254,3.5,0,3.27787137996256,0,0,0
321,26.6000000000001,7,761.934906768657,0,0,11.5122743253018,0,0,0
321,26.6000000000001,8,500.425451448783,3.5,0,4.19694970961177,0,0,0
321,26.6000000000001,9,886.808297051131,3.5,0,15.4232489629584,0,0,0
321,26.6000000000001,10,74.370654900363,-4,0,0,0,0,0
321,26.6000000000001,11,400.507363552497,-4,0,0,0,0,0
321,26.7000000000001,1,251.876624390779,3.5,0,10.7306466513838,0,0,0
321,26.7000000000001,2,341.825433890905,0,0,5.48260016697904,0,0,0
321,26.7000000000001,3,654.955640914854,0,0,21.7665675589183,0,0,0
321,26.7000000000001,4,781.224278038873,3.5,0,18.7833164423811,0,0,0
321,26.7000000000001,5,681.39050689063,0,0,14.8413861533907,0,0,0
321,26.7000000000001,6,464.691725519806,3.5,0,3.27934959108036,0,0,0
321,26.7000000000001,7,763.086119563463,0,0,11.5119815708214,0,0,0
321,26.7000000000001,8,500.848412875467,3.5,0,4.26227882407039,0,0,0
321,26.7000000000001,9,888.349911757669,3.5,0,15.4090451678191,0,0,0
321,26.7000000000001,10,74.370654900363,-4,0,0,0,0,0
321,26.7000000000001,11,400.507363552497,-4,0,0,0,0,0
321,26.8000000000001,1,252.949812578726,3.5,0,10.7331171075642,0,0,0
321,26.8000000000001,2,342.361193907603,0,0,5.23260016697904,0,0,0
321,26.8000000000001,3,657.132304884499,0,0,21.7667118339789,0,0,0
321,26.8000000000001,4,783.101240043515,3.5,0,18.7559236504503,0,0,0
321,26.8000000000001,5,682.874650532142,0,0,14.8414866768392,0,0,0
321,26.8000000000001,6,465.019726998414,3.5,0,3.28067998108638,0,0,0
321,26.8000000000001,7,764.237304546593,0,0,11.511718091789,0,0,0
321,26.8000000000001,8,501.277580568025,3.5,0,4.32107502708314,0,0,0
321,26.8000000000001,9,889.89017710367,3.5,0,15.3962617521936,0,0,0
321,26.8000000000001,10,74.370654900363,-4,0,0,0,0,0
321,26.8000000000001,11,400.507363552497,-4,0,0,0,0,0
321,26.9000000000001,1,254.023239055539,3.5,0,10.7354124286989,0,0,0
321,26.9000000000001,2,342.871953924301,0,0,4.98260016697904,0,0,0
321,26.9000000000001,3,659.308982560274,0,0,21.7668416815334,0,0,0
321,26.9000000000001,4,784.975599732923,3.5,0,18.7312701377126,0,0,0
321,26.9000000000001,5,684.358803723381,0,0,14.8415771479428,0,0,0
321,26.9000000000001,6,465.347854864073,3.5,0,3.28187733209179,0,0,0
321,26.9000000000001,7,765.388464499216,0,0,11.5114809606599,0,0,0
321,26.9000000000001,8,501.712333899868,3.5,0,4.37399160979462,0,0,0
321,26.9000000000001,9,891.429228025186,3.5,0,15.3847566781307,0,0,0
321,26.9000000000001,10,74.370654900363,-4,0,0,0,0,0
321,26.9000000000001,11,400.507363552497,-4,0,0,0,0,0
321,27.0000000000001,1,255.09688673509,3.5,0,10.7375411623078,0,0,0
321,27.0000000000001,2,343.357713940998,0,0,4.73260016697904,0,0,0
321,27.0000000000001,3,661.485672571568,0,0,21.7669585443324,0,0,0
321,27.0000000000001,4,786.847617338621,3.5,0,18.7090819762486,0,0,0
321,27.0000000000001,5,685.842965509375,0,0,14.8416585719361,0,0,0
321,27.0000000000001,6,465.676096478078,3.5,0,3.28295494799667,0,0,0
321,27.0000000000001,7,766.539601924381,0,0,11.5112675426437,0,0,0
321,27.0000000000001,8,502.15211430707,3.5,0,4.42161653423495,0,0,0
321,27.0000000000001,9,892.967185964667,3.5,0,15.3744021114741,0,0,0
321,27.0000000000001,10,74.370654900363,-4,0,0,0,0,0
321,27.0000000000001,11,400.507363552497,-4,0,0,0,0,0
321,27.1000000000001,1,256.170739364612,3.5,0,10.7395114281431,0,0,0
321,27.1000000000001,2,343.818473957696,0,0,4.48260016697904,0,0,0
321,27.1000000000001,3,663.649868426001,0,0,21.5169585443324,0,0,0
321,27.1000000000001,4,788.71752706898,3.5,0,18.6891126309311,0,0,0
321,27.1000000000001,5,687.327135030648,0,0,14.84173185353,0,0,0
321,27.1000000000001,6,466.004440465593,3.5,0,3.28392480231106,0,0,0
321,27.1000000000001,7,767.690719074835,0,0,11.5110754664291,0,0,0
321,27.1000000000001,8,502.596419082093,3.5,0,4.46447896623124,0,0,0
321,27.1000000000001,9,894.504160220314,3.5,0,15.3650830014832,0,0,0
321,27.1000000000001,10,74.370654900363,-4,0,0,0,0,0
321,27.1000000000001,11,400.507363552497,-4,0,0,0,0,0
321,27.2000000000001,1,257.244781482884,3.5,0,10.7413309372906,0,0,0
321,27.2000000000001,2,344.254233974394,0,0,4.23260016697904,0,0,0
321,27.2000000000001,3,665.789064280434,0,0,21.2669585443324,0,0,0
321,27.2000000000001,4,790.585539711534,3.5,0,18.6711402201453,0,0,0
321,27.2000000000001,5,688.811311513673,0,0,14.8417978069646,0,0,0
321,27.2000000000001,6,466.332876589268,3.5,0,3.28479767119401,0,0,0
321,27.2000000000001,7,768.841817978048,0,0,11.5109025978359,0,0,0
321,27.2000000000001,8,503.044795788156,3.5,0,4.50305515502791,0,0,0
321,27.2000000000001,9,896.040249160513,3.5,0,15.3566958024913,0,0,0
321,27.2000000000001,10,74.370654900363,-4,0,0,0,0,0
321,27.2000000000001,11,400.507363552497,-4,0,0,0,0,0
321,27.3000000000001,1,258.318998380279,3.5,0,10.7430070106073,0,0,0
321,27.3000000000001,2,344.664993991092,0,0,3.98260016697904,0,0,0
321,27.3000000000001,3,667.903260134867,0,0,21.0169585443324,0,0,0
321,27.3000000000001,4,792.451844975063,3.5,0,18.654965050438,0,0,0
321,27.3000000000001,5,690.295494262274,0,0,14.8418571650557,0,0,0
321,27.3000000000001,6,466.661395635488,3.5,0,3.28558325318866,0,0,0
321,27.3000000000001,7,769.992900458745,0,0,11.5107470161021,0,0,0
321,27.3000000000001,8,503.496837232155,3.5,0,4.53777372494491,0,0,0
321,27.3000000000001,9,897.575541316808,3.5,0,15.3491473233987,0,0,0
321,27.3000000000001,10,74.370654900363,-4,0,0,0,0,0
321,27.3000000000001,11,400.507363552497,-4,0,0,0,0,0
321,27.4000000000001,1,259.393376060634,3.5,0,10.7445465964967,0,0,0
321,27.4000000000001,2,345.05075400779,0,0,3.73260016697904,0,0,0
321,27.4000000000001,3,669.9924559893,0,0,20.7669585443324,0,0,0
321,27.4000000000001,4,794.31661359747,3.5,0,18.6404073977015,0,0,0
321,27.4000000000001,5,691.779682649893,0,0,14.8419105873376,0,0,0
321,27.4000000000001,6,466.989989311996,3.5,0,3.28629027698385,0,0,0
321,27.4000000000001,7,771.143968159177,0,0,11.5106069925417,0,0,0
321,27.4000000000001,8,503.952176940296,3.5,0,4.56902043787021,0,0,0
321,27.4000000000001,9,899.110116367588,3.5,0,15.3423536922153,0,0,0
321,27.4000000000001,10,74.370654900363,-4,0,0,0,0,0
321,27.4000000000001,11,400.507363552497,-4,0,0,0,0,0
321,27.5000000000001,1,260.46790120486,3.5,0,10.7459562880261,0,0,0
321,27.5000000000001,2,345.411514024488,0,0,3.48260016697904,0,0,0
321,27.5000000000001,3,672.056651843733,0,0,20.5169585443324,0,0,0
321,27.5000000000001,4,796.179999242867,3.5,0,18.6273055102387,0,0,0
321,27.5000000000001,5,693.26387611263,0,0,14.8419586673914,0,0,0
321,27.5000000000001,6,467.318650155765,3.5,0,3.28692659839952,0,0,0
321,27.5000000000001,7,772.295022557371,0,0,11.5104809713373,0,0,0
321,27.5000000000001,8,504.410485086164,3.5,0,4.59714247950298,0,0,0
321,27.5000000000001,9,900.644046023407,3.5,0,15.3362394241502,0,0,0
321,27.5000000000001,10,74.370654900363,-4,0,0,0,0,0
321,27.5000000000001,11,400.507363552497,-4,0,0,0,0,0
321,27.6000000000001,1,261.542561136231,3.5,0,10.7472423393927,0,0,0
321,27.6000000000001,2,345.747274041186,0,0,3.23260016697904,0,0,0
321,27.6000000000001,3,674.095847698167,0,0,20.2669585443324,0,0,0
321,27.6000000000001,4,798.042140208955,3.5,0,18.6155138115221,0,0,0
321,27.6000000000001,5,694.748074142971,0,0,14.8420019394398,0,0,0
321,27.6000000000001,6,467.647371450069,3.5,0,3.28749928767362,0,0,0
321,27.6000000000001,7,773.44606498355,0,0,11.5103675522533,0,0,0
321,27.6000000000001,8,504.871464825988,3.5,0,4.62245231697248,0,0,0
321,27.6000000000001,9,902.177394823759,3.5,0,15.3307365828917,0,0,0
321,27.6000000000001,10,74.370654900363,-4,0,0,0,0,0
321,27.6000000000001,11,400.507363552497,-4,0,0,0,0,0
321,27.7000000000001,1,262.617343787288,3.5,0,10.7484106817467,0,0,0
321,27.7000000000001,2,346.058034057884,0,0,2.98260016697904,0,0,0
321,27.7000000000001,3,676.1100435526,0,0,20.0169585443324,0,0,0
321,27.7000000000001,4,799.903160963665,3.5,0,18.6049012826772,0,0,0
321,27.7000000000001,5,696.232276284157,0,0,14.8420408842834,0,0,0
321,27.7000000000001,6,467.976147149854,3.5,0,3.28801470802031,0,0,0
321,27.7000000000001,7,774.597096634917,0,0,11.5102654750778,0,0,0
321,27.7000000000001,8,505.334849000371,3.5,0,4.64523117069502,0,0,0
321,27.7000000000001,9,903.710220854191,3.5,0,15.325784025759,0,0,0
321,27.7000000000001,10,74.370654900363,-4,0,0,0,0,0
321,27.7000000000001,11,400.507363552497,-4,0,0,0,0,0
321,27.8000000000001,1,263.692237668295,3.5,0,10.7494669383844,0,0,0
321,27.8000000000001,2,346.343794074582,0,0,2.73260016697904,0,0,0
321,27.8000000000001,3,678.099239407033,0,0,19.7669585443324,0,0,0
321,27.8000000000001,4,801.763173528135,3.5,0,18.5953500067168,0,0,0
321,27.8000000000001,5,697.716482125104,0,0,14.8420759346426,0,0,0
321,27.8000000000001,6,468.304971814571,3.5,0,3.28847858633233,0,0,0
321,27.8000000000001,7,775.748118588952,0,0,11.5101736056198,0,0,0
321,27.8000000000001,8,505.800397165858,3.5,0,4.66573213904531,0,0,0
321,27.8000000000001,9,905.242576391696,3.5,0,15.3213267243396,0,0,0
321,27.8000000000001,10,74.370654900363,-4,0,0,0,0,0
321,27.8000000000001,11,400.507363552497,-4,0,0,0,0,0
321,27.9000000000001,1,264.76723183718,3.5,0,10.7504164393211,0,0,0
321,27.9000000000001,2,346.604783491041,0,0,2.48718816221408,0,0,0
321,27.9000000000001,3,680.063435261466,0,0,19.5169585443324,0,0,0
321,27.9000000000001,4,803.622278721389,3.5,0,18.5867538583524,0,0,0
321,27.9000000000001,5,699.200691295834,0,0,14.8421074799659,0,0,0
321,27.9000000000001,6,468.633840547729,3.5,0,3.28889607681316,0,0,0
321,27.9000000000001,7,776.899131815388,0,0,11.5100909231076,0,0,0
321,27.9000000000001,8,506.267892923339,3.5,0,4.68418301056057,0,0,0
321,27.9000000000001,9,906.774508485566,3.5,0,15.3173151530621,0,0,0
321,27.9000000000001,10,74.370654900363,-4,0,0,0,0,0
321,27.9000000000001,11,400.507363552497,-4,0,0,0,0,0
321,28.0000000000001,1,265.842315870909,3.5,0,10.7512642352602,0,0,0
321,28.0000000000001,2,346.842458767048,0,0,2.26631735792562,0,0,0
321,28.0000000000001,3,682.002631115899,0,0,19.2669585443324,0,0,0
321,28.0000000000001,4,805.480567280547,3.5,0,18.5790173248245,0,0,0
321,28.0000000000001,5,700.68490346337,0,0,14.8421358707568,0,0,0
321,28.0000000000001,6,468.962748942482,3.5,0,3.28927181824589,0,0,0
321,28.0000000000001,7,778.050137186986,0,0,11.5100165088466,0,0,0
321,28.0000000000001,8,506.737141513613,3.5,0,4.7007887949243,0,0,0
321,28.0000000000001,9,908.306059480165,3.5,0,15.3137047389123,0,0,0
321,28.0000000000001,10,74.370654900363,-4,0,0,0,0,0
321,28.0000000000001,11,400.507363552497,-4,0,0,0,0,0
321,28.1000000000001,1,266.917479838221,3.5,0,10.7520151109716,0,0,0
321,28.1000000000001,2,347.059151316648,0,0,2.067533634066,0,0,0
321,28.1000000000001,3,683.916826970333,0,0,19.0169585443324,0,0,0
321,28.1000000000001,4,807.338120869021,3.5,0,18.5720544446493,0,0,0
321,28.1000000000001,5,702.169118328032,0,0,14.8421614224687,0,0,0
321,28.1000000000001,6,469.291693032671,3.5,0,3.28960998553536,0,0,0
321,28.1000000000001,7,779.201135489229,0,0,11.5099495360117,0,0,0
321,28.1000000000001,8,507.207967653402,3.5,0,4.71573400085167,0,0,0
321,28.1000000000001,9,909.837267485419,3.5,0,15.3104553661776,0,0,0
321,28.1000000000001,10,74.370654900363,-4,0,0,0,0,0
321,28.1000000000001,11,400.507363552497,-4,0,0,0,0,0
321,28.2000000000001,1,267.992714273674,3.5,0,10.7526735980965,0,0,0
321,28.2000000000001,2,347.256959412481,0,0,1.88862828259235,0,0,0
321,28.2000000000001,3,685.806022824766,0,0,18.7669585443324,0,0,0
321,28.2000000000001,4,809.195012983878,3.5,0,18.5657878524917,0,0,0
321,28.2000000000001,5,703.653335620106,0,0,14.8421844190093,0,0,0
321,28.2000000000001,6,469.620669248752,3.5,0,3.28991433609588,0,0,0
321,28.2000000000001,7,780.352127429052,0,0,11.5098892604603,0,0,0
321,28.2000000000001,8,507.680213587754,3.5,0,4.72918468618629,0,0,0
321,28.2000000000001,9,911.368166800264,3.5,0,15.3075309307163,0,0,0
321,28.2000000000001,10,74.370654900363,-4,0,0,0,0,0
321,28.2000000000001,11,400.507363552497,-4,0,0,0,0,0
321,28.3000000000001,1,269.068010152949,3.5,0,10.7532439873939,0,0,0
321,28.3000000000001,2,347.437771499924,0,0,1.72761346626606,0,0,0
321,28.3000000000001,3,687.670218679199,0,0,18.5169585443324,0,0,0
321,28.3000000000001,4,811.05130977248,3.5,0,18.5601479195498,0,0,0
321,28.3000000000001,5,705.137555096851,0,0,14.842205115896,0,0,0
321,28.3000000000001,6,469.949674378137,3.5,0,3.29018825160034,0,0,0
321,28.3000000000001,7,781.503113642699,0,0,11.509835012464,0,0,0
321,28.3000000000001,8,508.153737337212,3.5,0,4.74129030298745,0,0,0
321,28.3000000000001,9,912.89878829374,3.5,0,15.3048989388011,0,0,0
321,28.3000000000001,10,74.370654900363,-4,0,0,0,0,0
321,28.3000000000001,11,400.507363552497,-4,0,0,0,0,0
321,28.4000000000001,1,270.143358869341,3.5,0,10.7537303404466,0,0,0
321,28.4000000000001,2,347.603287179816,0,0,1.58270013157239,0,0,0
321,28.4000000000001,3,689.509414533632,0,0,18.2669585443324,0,0,0
321,28.4000000000001,4,812.907070767453,3.5,0,18.5550719799021,0,0,0
321,28.4000000000001,5,706.6217765398,0,0,14.8422237430939,0,0,0
321,28.4000000000001,6,470.278705529495,3.5,0,3.29043477555436,0,0,0
321,28.4000000000001,7,782.654094702785,0,0,11.5097861892674,0,0,0
321,28.4000000000001,8,508.628411120267,3.5,0,4.7521853581085,0,0,0
321,28.4000000000001,9,914.429159747984,3.5,0,15.3025301460775,0,0,0
321,28.4000000000001,10,74.370654900363,-4,0,0,0,0,0
321,28.4000000000001,11,400.507363552497,-4,0,0,0,0,0
321,28.5000000000001,1,271.218752211405,3.5,0,10.7541365008434,0,0,0
321,28.5000000000001,2,347.755036092912,0,0,1.4522781303481,0,0,0
321,28.5000000000001,3,691.323610388065,0,0,18.0169585443324,0,0,0
321,28.5000000000001,4,814.762349548159,3.5,0,18.5505036342192,0,0,0
321,28.5000000000001,5,708.105999752333,0,0,14.8422405075721,0,0,0
321,28.5000000000001,6,470.607760100628,3.5,0,3.29065664711298,0,0,0
321,28.5000000000001,7,783.805071124668,0,0,11.5097422483904,0,0,0
321,28.5000000000001,8,509.104119933558,3.5,0,4.76199090771744,0,0,0
321,28.5000000000001,9,915.959306166919,3.5,0,15.3003982326262,0,0,0
321,28.5000000000001,10,74.370654900363,-4,0,0,0,0,0
321,28.5000000000001,11,400.507363552497,-4,0,0,0,0,0
321,28.6000000000001,1,272.29418234169,3.5,0,10.754466104855,0,0,0
321,28.6000000000001,2,347.894394915892,0,0,1.33489832924623,0,0,0
321,28.6000000000001,3,693.112806242498,0,0,17.7669585443324,0,0,0
321,28.6000000000001,4,816.617194336025,3.5,0,18.5463921231046,0,0,0
321,28.6000000000001,5,709.590224557492,0,0,14.8422555956024,0,0,0
321,28.6000000000001,6,470.93683574956,3.5,0,3.29085633151574,0,0,0
321,28.6000000000001,7,784.956043372168,0,0,11.5097027016012,0,0,0
321,28.6000000000001,8,509.580760274062,3.5,0,4.77081590236549,0,0,0
321,28.6000000000001,9,917.489250054077,3.5,0,15.2984795105201,0,0,0
321,28.6000000000001,10,74.370654900363,-4,0,0,0,0,0
321,28.6000000000001,11,400.507363552497,-4,0,0,0,0,0
321,28.7000000000001,1,273.369641776514,3.5,0,10.7547225916221,0,0,0
321,28.7000000000001,2,348.040384748816,0,0,1.58489832924623,0,0,0
321,28.7000000000001,3,694.877002096932,0,0,17.5169585443324,0,0,0
321,28.7000000000001,4,818.471648530335,3.5,0,18.5426917631015,0,0,0
321,28.7000000000001,5,711.074450796014,0,0,14.8422691748297,0,0,0
321,28.7000000000001,6,471.265930368509,3.5,0,3.29103604747822,0,0,0
321,28.7000000000001,7,786.107011862722,0,0,11.5096671094908,0,0,0
321,28.7000000000001,8,510.058238989058,3.5,0,4.77875839754873,0,0,0
321,28.7000000000001,9,919.019011662634,3.5,0,15.2967526606245,0,0,0
321,28.7000000000001,10,74.370654900363,-4,0,0,0,0,0
321,28.7000000000001,11,400.507363552497,-4,0,0,0,0,0
321,28.8000000000001,1,274.445123366739,3.5,0,10.7549092128708,0,0,0
321,28.8000000000001,2,348.211374581741,0,0,1.83489832924623,0,0,0
321,28.8000000000001,3,696.616197951365,0,0,17.2669585443324,0,0,0
321,28.8000000000001,4,820.325751190445,3.5,0,18.5393614390986,0,0,0
321,28.8000000000001,5,712.558678324562,0,0,14.8422813961343,0,0,0
321,28.8000000000001,6,471.595042060475,3.5,0,3.29119779184445,0,0,0
321,28.8000000000001,7,787.257976972026,0,0,11.5096350765915,0,0,0
321,28.8000000000001,8,510.536472241096,3.5,0,4.78590664321365,0,0,0
321,28.8000000000001,9,920.548609220451,3.5,0,15.2951984957185,0,0,0
321,28.8000000000001,10,74.370654900363,-4,0,0,0,0,0
321,28.8000000000001,11,400.507363552497,-4,0,0,0,0,0
321,28.9000000000001,1,275.520620279491,3.5,0,10.7550290421757,0,0,0
321,28.9000000000001,2,348.407364414665,0,0,2.08489832924623,0,0,0
321,28.9000000000001,3,698.330393805798,0,0,17.0169585443324,0,0,0
321,28.9000000000001,4,822.179537469775,3.5,0,18.5363641474961,0,0,0
321,28.9000000000001,5,714.042907014134,0,0,14.8422923953084,0,0,0
321,28.9000000000001,6,471.924169118156,3.5,0,3.29134336177406,0,0,0
321,28.9000000000001,7,788.408939038205,0,0,11.5096062469821,0,0,0
321,28.9000000000001,8,511.015384576472,3.5,0,4.79234006431208,0,0,0
321,28.9000000000001,9,922.078059132602,3.5,0,15.2937997473032,0,0,0
321,28.9000000000001,10,74.370654900363,-4,0,0,0,0,0
321,28.9000000000001,11,400.507363552497,-4,0,0,0,0,0
321,29.0000000000001,1,276.596125980789,3.5,0,10.7550849837859,0,0,0
321,29.0000000000001,2,348.62835424759,0,0,2.33489832924623,0,0,0
321,29.0000000000001,3,700.019589660231,0,0,16.7669585443324,0,0,0
321,29.0000000000001,4,824.033039006403,3.5,0,18.5336665850537,0,0,0
321,29.0000000000001,5,715.527136748628,0,0,14.8423022945651,0,0,0
321,29.0000000000001,6,472.253310004981,3.5,0,3.29147437471071,0,0,0
321,29.0000000000001,7,789.559898365571,0,0,11.5095803003337,0,0,0
321,29.0000000000001,8,511.494908086853,3.5,0,4.79813014330066,0,0,0
321,29.0000000000001,9,923.607376163654,3.5,0,15.2925408737293,0,0,0
321,29.0000000000001,10,74.370654900363,-4,0,0,0,0,0
321,29.0000000000001,11,400.507363552497,-4,0,0,0,0,0
321,29.1000000000001,1,277.67163421903,3.5,0,10.7550797810312,0,0,0
321,29.1000000000001,2,348.874344080515,0,0,2.58489832924623,0,0,0
321,29.1000000000001,3,701.683785514664,0,0,16.5169585443324,0,0,0
321,29.1000000000001,4,825.886284274598,3.5,0,18.5312387788557,0,0,0
321,29.1000000000001,5,717.011367423551,0,0,14.8423112038961,0,0,0
321,29.1000000000001,6,472.582463338034,3.5,0,3.29159228635369,0,0,0
321,29.1000000000001,7,790.710855228005,0,0,11.5095569483501,0,0,0
321,29.1000000000001,8,511.974981654738,3.5,0,4.80334121439039,0,0,0
321,29.1000000000001,9,925.136573601716,3.5,0,15.2914078875129,0,0,0
321,29.1000000000001,10,74.370654900363,-4,0,0,0,0,0
321,29.1000000000001,11,400.507363552497,-4,0,0,0,0,0
321,29.2000000000001,1,278.747139009298,3.5,0,10.7550160243256,0,0,0
321,29.2000000000001,2,349.145333913439,0,0,2.83489832924623,0,0,0
321,29.2000000000001,3,703.322981369098,0,0,16.2669585443324,0,0,0
321,29.2000000000001,4,827.739298901205,3.5,0,18.5290537532774,0,0,0
321,29.2000000000001,5,718.49559894486,0,0,14.842319222294,0,0,0
321,29.2000000000001,6,472.911627872693,3.5,0,3.29169840683238,0,0,0
321,29.2000000000001,7,791.861809872001,0,0,11.5095359315649,0,0,0
321,29.2000000000001,8,512.455550274376,3.5,0,4.80803117837114,0,0,0
321,29.2000000000001,9,926.665663406087,3.5,0,15.290388199918,0,0,0
321,29.2000000000001,10,74.370654900363,-4,0,0,0,0,0
321,29.2000000000001,11,400.507363552497,-4,0,0,0,0,0
321,29.3000000000001,1,279.822634618453,3.5,0,10.7548961587849,0,0,0
321,29.3000000000001,2,349.441323746364,0,0,3.08489832924623,0,0,0
321,29.3000000000001,3,704.937177223531,0,0,16.0169585443324,0,0,0
321,29.3000000000001,4,829.592105950381,3.5,0,18.527087230257,0,0,0
321,29.3000000000001,5,719.979831227918,0,0,14.8423264388522,0,0,0
321,29.3000000000001,6,473.240802488798,3.5,0,3.29179391526319,0,0,0
321,29.3000000000001,7,793.012762519402,0,0,11.5095170164581,0,0,0
321,29.3000000000001,8,512.936564440592,3.5,0,4.81225214595382,0,0,0
321,29.3000000000001,9,928.194656340137,3.5,0,15.2894704810827,0,0,0
321,29.3000000000001,10,74.370654900363,-4,0,0,0,0,0
321,29.3000000000001,11,400.507363552497,-4,0,0,0,0,0
321,29.4000000000001,1,280.898115550966,3.5,0,10.7547224914729,0,0,0
321,29.4000000000001,2,349.762313579289,0,0,3.33489832924623,0,0,0
321,29.4000000000001,3,706.526373077964,0,0,15.7669585443324,0,0,0
321,29.4000000000001,4,831.444726179871,3.5,0,18.5253173595386,0,0,0
321,29.4000000000001,5,721.464064196548,0,0,14.8423329337545,0,0,0
321,29.4000000000001,6,473.569986178204,3.5,0,3.29187987285093,0,0,0
321,29.4000000000001,7,794.163713369868,0,0,11.5094999928621,0,0,0
321,29.4000000000001,8,513.417979598729,3.5,0,4.81605101677823,0,0,0
321,29.4000000000001,9,929.723562090898,3.5,0,15.2886445341309,0,0,0
321,29.4000000000001,10,74.370654900363,-4,0,0,0,0,0
321,29.4000000000001,11,400.507363552497,-4,0,0,0,0,0
321,29.5000000000001,1,281.973576535454,3.5,0,10.754497198293,0,0,0
321,29.5000000000001,2,350.108303412213,0,0,3.58489832924623,0,0,0
321,29.5000000000001,3,708.090568932397,0,0,15.5169585443324,0,0,0
321,29.5000000000001,4,833.297178271643,3.5,0,18.523724475892,0,0,0
321,29.5000000000001,5,722.948297782194,0,0,14.8423387791666,0,0,0
321,29.5000000000001,6,473.89917803358,3.5,0,3.29195723467989,0,0,0
321,29.5000000000001,7,795.314662603092,0,0,11.5094846716257,0,0,0
321,29.5000000000001,8,513.899755649594,3.5,0,4.81947000052019,0,0,0
321,29.5000000000001,9,931.252389376698,3.5,0,15.2879011818743,0,0,0
321,29.5000000000001,10,74.370654900363,-4,0,0,0,0,0
321,29.5000000000001,11,400.507363552497,-4,0,0,0,0,0
321,29.6000000000002,1,283.049012511896,3.5,0,10.7542223305403,0,0,0
321,29.6000000000002,2,350.479293245138,0,0,3.83489832924623,0,0,0
321,29.6000000000002,3,709.62976478683,0,0,15.2669585443324,0,0,0
321,29.6000000000002,4,835.149479039468,3.5,0,18.5222908806101,0,0,0
321,29.6000000000002,5,724.432531923154,0,0,14.8423440400375,0,0,0
321,29.6000000000002,6,474.22837723833,3.5,0,3.29202686032595,0,0,0
321,29.6000000000002,7,796.465610380799,0,0,11.5094708825129,0,0,0
321,29.6000000000002,8,514.381856503914,3.5,0,4.82254708588797,0,0,0
321,29.6000000000002,9,932.781146044034,3.5,0,15.2872321648433,0,0,0
321,29.6000000000002,10,74.370654900363,-4,0,0,0,0,0
321,29.6000000000002,11,400.507363552497,-4,0,0,0,0,0
321,29.7000000000002,1,284.12441861948,3.5,0,10.7538998211283,0,0,0
321,29.7000000000002,2,350.875283078062,0,0,4.08489832924623,0,0,0
321,29.7000000000002,3,711.143960641263,0,0,15.0169585443324,0,0,0
321,29.7000000000002,4,837.001643615741,3.5,0,18.5210006448564,0,0,0
321,29.7000000000002,5,725.916766563897,0,0,14.8423487748213,0,0,0
321,29.7000000000002,6,474.557583057517,3.5,0,3.29208952340741,0,0,0
321,29.7000000000002,7,797.61655684854,0,0,11.5094584723114,0,0,0
321,29.7000000000002,8,514.864249681344,3.5,0,4.82531646271896,0,0,0
321,29.7000000000002,9,934.309839154752,3.5,0,15.2866300495155,0,0,0
321,29.7000000000002,10,74.370654900363,-4,0,0,0,0,0
321,29.7000000000002,11,400.507363552497,-4,0,0,0,0,0
321,29.8000000000002,1,285.199790185061,3.5,0,10.753531490505,0,0,0
321,29.8000000000002,2,351.296272910987,0,0,4.33489832924623,0,0,0
321,29.8000000000002,3,712.633156495697,0,0,14.7669585443324,0,0,0
321,29.8000000000002,4,838.853685619618,3.5,0,18.5198394326781,0,0,0
321,29.8000000000002,5,727.401001654444,0,0,14.8423530361267,0,0,0
321,29.8000000000002,6,474.886794829696,3.5,0,3.29214592018073,0,0,0
321,29.8000000000002,7,798.767502137312,0,0,11.50944730313,0,0,0
321,29.8000000000002,8,515.346905949574,3.5,0,4.82780890186686,0,0,0
321,29.8000000000002,9,935.838475064514,3.5,0,15.2860881457204,0,0,0
321,29.8000000000002,10,74.370654900363,-4,0,0,0,0,0
321,29.8000000000002,11,400.507363552497,-4,0,0,0,0,0
321,29.9000000000002,1,286.2751227122,3.5,0,10.7531190522718,0,0,0
321,29.9000000000002,2,351.742262743912,0,0,4.58489832924623,0,0,0
321,29.9000000000002,3,714.09735235013,0,0,14.5169585443324,0,0,0
321,29.9000000000002,4,840.705617308338,3.5,0,18.5187943417176,0,0,0
321,29.9000000000002,5,728.885237149816,0,0,14.8423568713016,0,0,0
321,29.9000000000002,6,475.216011959569,3.5,0,3.29219667727671,0,0,0
321,29.9000000000002,7,799.918446365012,0,0,11.5094372508668,0,0,0
321,29.9000000000002,8,515.829798999522,3.5,0,4.83005209709996,0,0,0
321,29.9000000000002,9,937.367059493415,3.5,0,15.2856004323048,0,0,0
321,29.9000000000002,10,74.370654900363,-4,0,0,0,0,0
321,29.9000000000002,11,400.507363552497,-4,0,0,0,0,0
321,30.0000000000002,1,287.35041187074,3.5,0,10.752664118519,0,0,0
321,30.0000000000002,2,352.213252576836,0,0,4.83489832924623,0,0,0
321,30.0000000000002,3,715.536548204563,0,0,14.2669585443324,0,0,0
321,30.0000000000002,4,842.557449713416,3.5,0,18.5178537598531,0,0,0
321,30.0000000000002,5,730.369473009529,0,0,14.8423603229589,0,0,0
321,30.0000000000002,6,475.545233911366,3.5,0,3.29224235866309,0,0,0
321,30.0000000000002,7,801.069389637747,0,0,11.5094282038299,0,0,0
321,30.0000000000002,8,516.312905153017,3.5,0,4.83207097280976,0,0,0
321,30.0000000000002,9,938.895597589542,3.5,0,15.2851614902308,0,0,0
321,30.0000000000002,10,74.370654900363,-4,0,0,0,0,0
321,30.0000000000002,11,400.507363552497,-4,0,0,0,0,0
321,30.1000000000002,1,288.42565348691,3.5,0,10.7521682048905,0,0,0
321,30.1000000000002,2,352.709242409761,0,0,5.08489832924623,0,0,0
321,30.1000000000002,3,716.950744058996,0,0,14.0169585443324,0,0,0
321,30.1000000000002,4,844.409192763217,3.5,0,18.5170072361751,0,0,0
321,30.1000000000002,5,731.853709197149,0,0,14.8423634294506,0,0,0
321,30.1000000000002,6,475.874460202895,3.5,0,3.29228347191084,0,0,0
321,30.1000000000002,7,802.220332051013,0,0,11.5094200614966,0,0,0
321,30.1000000000002,8,516.796203099705,3.5,0,4.83388796094857,0,0,0
321,30.1000000000002,9,940.424093986172,3.5,0,15.2847664423642,0,0,0
321,30.1000000000002,10,74.370654900363,-4,0,0,0,0,0
321,30.1000000000002,11,400.507363552497,-4,0,0,0,0,0
321,30.2000000000002,1,289.500843533924,3.5,0,10.7516327353895,0,0,0
321,30.2000000000002,2,353.230232242685,0,0,5.33489832924623,0,0,0
321,30.2000000000002,3,718.339939913429,0,0,13.7669585443324,0,0,0
321,30.2000000000002,4,846.260855393269,3.5,0,18.5162453648649,0,0,0
321,30.2000000000002,5,733.337945679887,0,0,14.8423662252931,0,0,0
321,30.2000000000002,6,476.203690400182,3.5,0,3.29232047383381,0,0,0
321,30.2000000000002,7,803.371273690758,0,0,11.5094127333968,0,0,0
321,30.2000000000002,8,517.279673660266,3.5,0,4.83552325027351,0,0,0
321,30.2000000000002,9,941.952552853254,3.5,0,15.2844108992843,0,0,0
321,30.2000000000002,10,74.370654900363,-4,0,0,0,0,0
321,30.2000000000002,11,400.507363552497,-4,0,0,0,0,0
321,30.3000000000002,1,290.57597812304,3.5,0,10.751059046939,0,0,0
321,30.3000000000002,2,353.77622207561,0,0,5.58489832924623,0,0,0
321,30.3000000000002,3,719.704135767863,0,0,13.5169585443324,0,0,0
321,30.3000000000002,4,848.112445645547,3.5,0,18.5155596806857,0,0,0
321,30.3000000000002,5,734.822182428229,0,0,14.8423687415513,0,0,0
321,30.3000000000002,6,476.532924112652,3.5,0,3.29235377556448,0,0,0
321,30.3000000000002,7,804.522214634333,0,0,11.5094061381069,0,0,0
321,30.3000000000002,8,517.763299573313,3.5,0,4.83699501066595,0,0,0
321,30.3000000000002,9,943.480977943744,3.5,0,15.2840909105123,0,0,0
321,30.3000000000002,10,74.370654900363,-4,0,0,0,0,0
321,30.3000000000002,11,400.507363552497,-4,0,0,0,0,0
321,30.4000000000002,1,291.651053495073,3.5,0,10.7504483937057,0,0,0
321,30.4000000000002,2,354.347211908535,0,0,5.83489832924623,0,0,0
321,30.4000000000002,3,721.043331622296,0,0,13.2669585443324,0,0,0
321,30.4000000000002,4,849.963970757827,3.5,0,18.5149425649244,0,0,0
321,30.4000000000002,5,736.306419415616,0,0,14.8423710061837,0,0,0
321,30.4000000000002,6,476.862160988787,3.5,0,3.29238374712209,0,0,0
321,30.4000000000002,7,805.685655248144,0,0,11.7594061381069,0,0,0
321,30.4000000000002,8,518.247065303598,3.5,0,4.83831959501914,0,0,0
321,30.4000000000002,9,945.0093726353,3.5,0,15.2838029206175,0,0,0
321,30.4000000000002,10,74.370654900363,-4,0,0,0,0,0
321,30.4000000000002,11,400.507363552497,-4,0,0,0,0,0
321,30.5000000000002,1,292.726066012318,3.5,0,10.7498019512013,0,0,0
321,30.5000000000002,2,354.943201741459,0,0,6.08489832924623,0,0,0
321,30.5000000000002,3,722.357527476729,0,0,13.0169585443324,0,0,0
321,30.5000000000002,4,851.815437244111,3.5,0,18.5143871607393,0,0,0
321,30.5000000000002,5,737.790656618142,0,0,14.8423730443529,0,0,0
321,30.5000000000002,6,477.191400712219,3.5,0,3.29241072152393,0,0,0
321,30.5000000000002,7,806.874095861955,0,0,12.0094061381069,0,0,0
321,30.5000000000002,8,518.730956869395,3.5,0,4.83951172093702,0,0,0
321,30.5000000000002,9,946.537739967817,3.5,0,15.2835437297123,0,0,0
321,30.5000000000002,10,74.370654900363,-4,0,0,0,0,0
321,30.5000000000002,11,400.507363552497,-4,0,0,0,0,0
321,30.6000000000002,1,293.801012150887,3.5,0,10.7491208201694,0,0,0
321,30.6000000000002,2,355.564191574384,0,0,6.33489832924623,0,0,0
321,30.6000000000002,3,723.646723331162,0,0,12.7669585443324,0,0,0
321,30.6000000000002,4,853.666850966996,3.5,0,18.5138872969727,0,0,0
321,30.6000000000002,5,739.274894014295,0,0,14.8423748787051,0,0,0
321,30.6000000000002,6,477.520642998219,3.5,0,3.29243499848559,0,0,0
321,30.6000000000002,7,808.087536475765,0,0,12.2594061381069,0,0,0
321,30.6000000000002,8,519.214961687155,3.5,0,4.84058463426311,0,0,0
321,30.6000000000002,9,948.066082677197,3.5,0,15.2833104578975,0,0,0
321,30.6000000000002,10,74.370654900363,-4,0,0,0,0,0
321,30.6000000000002,11,400.507363552497,-4,0,0,0,0,0
321,30.7000000000002,1,294.875888493409,3.5,0,10.74840603027,0,0,0
321,30.7000000000002,2,356.210181407308,0,0,6.58489832924623,0,0,0
321,30.7000000000002,3,724.910919185595,0,0,12.5169585443324,0,0,0
321,30.7000000000002,4,855.518217202824,3.5,0,18.5134374195827,0,0,0
321,30.7000000000002,5,740.759131584712,0,0,14.8423765296222,0,0,0
321,30.7000000000002,6,477.849887590531,3.5,0,3.29245684775109,0,0,0
321,30.7000000000002,7,809.325977089576,0,0,12.5094061381069,0,0,0
321,30.7000000000002,8,519.699068431681,3.5,0,4.84155025625659,0,0,0
321,30.7000000000002,9,949.594403225756,3.5,0,15.2831005132642,0,0,0
321,30.7000000000002,10,74.370654900363,-4,0,0,0,0,0
321,30.7000000000002,11,400.507363552497,-4,0,0,0,0,0
321,30.8000000000002,1,295.9506917221,3.5,0,10.7476585435691,0,0,0
321,30.8000000000002,2,356.881171240233,0,0,6.83489832924623,0,0,0
321,30.8000000000002,3,726.150115040028,0,0,12.2669585443324,0,0,0
321,30.8000000000002,4,857.3695407003,3.5,0,18.5130325299317,0,0,0
321,30.8000000000002,5,742.243369311965,0,0,14.8423780154475,0,0,0
321,30.8000000000002,6,478.179134258523,3.5,0,3.29247651209003,0,0,0
321,30.8000000000002,7,810.589417703387,0,0,12.7594061381069,0,0,0
321,30.8000000000002,8,520.183266910297,3.5,0,4.84241931605072,0,0,0
321,30.8000000000002,9,951.122703829573,3.5,0,15.2829115630943,0,0,0
321,30.8000000000002,10,74.370654900363,-4,0,0,0,0,0
321,30.8000000000002,11,400.507363552497,-4,0,0,0,0,0
321,30.9000000000002,1,297.025418612171,3.5,0,10.7468792578455,0,0,0
321,30.9000000000002,2,357.577161073158,0,0,7.08489832924623,0,0,0
321,30.9000000000002,3,727.364362492566,0,0,12.0179905064144,0,0,0
321,30.9000000000002,4,859.220825733259,3.5,0,18.5126681292459,0,0,0
321,30.9000000000002,5,743.727607180372,0,0,14.8423793526903,0,0,0
321,30.9000000000002,6,478.508382794627,3.5,0,3.29249420999508,0,0,0
321,30.9000000000002,7,811.877858317198,0,0,13.0094061381069,0,0,0
321,30.9000000000002,8,520.667547949593,3.5,0,4.84320146986544,0,0,0
321,30.9000000000002,9,952.650986483125,3.5,0,15.2827415079413,0,0,0
321,30.9000000000002,10,74.370654900363,-4,0,0,0,0,0
321,30.9000000000002,11,400.507363552497,-4,0,0,0,0,0
321,31.0000000000002,1,298.100066025549,3.5,0,10.7460690097211,0,0,0
321,31.0000000000002,2,358.298150906082,0,0,7.33489832924623,0,0,0
321,31.0000000000002,3,728.554957981501,0,0,11.7939192722882,0,0,0
321,31.0000000000002,4,861.072076148152,3.5,0,18.5123401686286,0,0,0
321,31.0000000000002,5,745.211845175817,0,0,14.8423805562088,0,0,0
321,31.0000000000002,6,478.837633012033,3.5,0,3.29251013810963,0,0,0
321,31.0000000000002,7,813.191298931008,0,0,13.2594061381069,0,0,0
321,31.0000000000002,8,521.151903293501,3.5,0,4.84390540829869,0,0,0
321,31.0000000000002,9,954.179252981438,3.5,0,15.2825884583037,0,0,0
321,31.0000000000002,10,74.370654900363,-4,0,0,0,0,0
321,31.0000000000002,11,400.507363552497,-4,0,0,0,0,0
321,31.1000000000002,1,299.174630904917,3.5,0,10.7452285776248,0,0,0
321,31.1000000000002,2,359.044140739007,0,0,7.58489832924623,0,0,0
321,31.1000000000002,3,729.724266703194,0,0,11.5922551615746,0,0,0
321,31.1000000000002,4,862.923295406787,3.5,0,18.512045004073,0,0,0
321,31.1000000000002,5,746.696083285596,0,0,14.8423816393755,0,0,0
321,31.1000000000002,6,479.166884742609,3.5,0,3.29252447341272,0,0,0
321,31.1000000000002,7,814.529739544819,0,0,13.5094061381069,0,0,0
321,31.1000000000002,8,521.63632551156,3.5,0,4.84453895288861,0,0,0
321,31.1000000000002,9,955.707504940034,3.5,0,15.2824507136298,0,0,0
321,31.1000000000002,10,74.370654900363,-3.99999999999874,0,0,7.36237762528266,0,0
321,31.1000000000002,11,400.507363552497,-4,0,0,0,0,0
321,31.2000000000002,1,300.249110268028,3.5,0,10.744358684597,0,0,0
321,31.2000000000002,2,359.815130571932,0,0,7.83489832924623,0,0,0
321,31.2000000000002,3,730.874417334369,0,0,11.4107574619323,0,0,0
321,31.2000000000002,4,864.77448662479,3.5,0,18.511779355973,0,0,0
321,31.2000000000002,5,748.180321498276,0,0,14.8423826142255,0,0,0
321,31.2000000000002,6,479.496137835039,3.5,0,3.2925373751855,0,0,0
321,31.2000000000002,7,815.89318015863,0,0,13.7594061381069,0,0,0
321,31.2000000000002,8,522.120807916356,3.5,0,4.84510914301954,0,0,0
321,31.2000000000002,9,957.235743812887,3.5,0,15.2823267434233,0,0,0
321,31.2000000000002,10,74.370654900363,-3.26376223747047,0,0,7.36237762528266,0,0
321,31.2000000000002,11,400.507363552497,-4,0,0,0,0,0
321,31.3000000000002,1,301.323501202305,3.5,0,10.7434600009437,0,0,0
321,31.3000000000002,2,360.611120404856,0,0,8.08489832924623,0,0,0
321,31.3000000000002,3,732.007325684079,0,0,11.2474095322543,0,0,0
321,31.3000000000002,4,866.625652606223,3.5,0,18.511540272683,0,0,0
321,31.3000000000002,5,749.664559803567,0,0,14.8423834915905,0,0,0
321,31.3000000000002,6,479.825392153137,3.5,0,3.29254898678101,0,0,0
321,31.3000000000002,7,817.281620772441,0,0,14.0094061381069,0,0,0
321,31.3000000000002,8,522.605344489214,3.5,0,4.84562231413738,0,0,0
321,31.3000000000002,9,958.76397090857,3.5,0,15.2822151702374,0,0,0
321,31.3000000000002,10,74.370654900363,-2.52752447494219,0,0,7.36237762528266,0,0
321,31.3000000000002,11,400.507363552497,-4,0,0,0,0,0
321,31.4000000000002,1,302.397800859689,3.5,0,10.7425331467464,0,0,0
321,31.4000000000002,2,361.432110237781,0,0,8.33489832924623,0,0,0
321,31.4000000000002,3,733.124715980469,0,0,11.1003963955441,0,0,0
321,31.4000000000002,4,868.476795874743,3.5,0,18.511325097722,0,0,0
321,31.4000000000002,5,751.148798192207,0,0,14.8423842812189,0,0,0
321,31.4000000000002,6,480.154647574337,3.5,0,3.29255943721696,0,0,0
321,31.4000000000002,7,818.695061386251,0,0,14.2594061381069,0,0,0
321,31.4000000000002,8,523.089929813328,3.5,0,4.84608416814343,0,0,0
321,31.4000000000002,9,960.292187404801,3.5,0,15.2821147543701,0,0,0
321,31.4000000000002,10,74.370654900363,-1.79128671241391,0,0,7.36237762528266,0,0
321,31.4000000000002,11,400.507363552497,-4,0,0,0,0,0
321,31.5000000000002,1,303.472006451739,3.5,0,10.7415786942354,0,0,0
321,31.5000000000002,2,362.278100070705,0,0,8.58489832924623,0,0,0
321,31.5000000000002,3,734.228140028871,0,0,10.9680845725049,0,0,0
321,31.5000000000002,4,870.327918701642,3.5,0,18.5111314402571,0,0,0
321,31.5000000000002,5,752.633036655863,0,0,14.8423849918846,0,0,0
321,31.5000000000002,6,480.483903988328,3.5,0,3.29256884260932,0,0,0
321,31.5000000000002,7,820.133502000062,0,0,14.5094061381069,0,0,0
321,31.5000000000002,8,523.574559013572,3.5,0,4.84649983674888,0,0,0
321,31.5000000000002,9,961.820394361524,3.5,0,15.2820243800896,0,0,0
321,31.5000000000002,10,74.370654900363,-1.05504894988564,0,0,7.36237762528266,0,0
321,31.5000000000002,11,400.507363552497,-4,0,0,0,0,0
321,31.6000000000002,1,304.546115244952,3.5,0,10.7405971700333,0,0,0
321,31.6000000000002,2,363.14908990363,0,0,8.83489832924623,0,0,0
321,31.6000000000002,3,735.318994454085,0,0,10.8490039317697,0,0,0
321,31.6000000000002,4,872.179023131082,3.5,0,18.5109571485387,0,0,0
321,31.6000000000002,5,754.117275187031,0,0,14.8423856314837,0,0,0
321,31.6000000000002,6,480.813161295832,3.5,0,3.29257730746244,0,0,0
321,31.6000000000002,7,821.596942613873,0,0,14.7594061381069,0,0,0
321,31.6000000000002,8,524.059227702334,3.5,0,4.84687393849378,0,0,0
321,31.6000000000002,9,963.34859273269,3.5,0,15.2819430432371,0,0,0
321,31.6000000000002,10,74.370654900363,-0.318811187357362,0,0,7.36237762528266,0,0
321,31.6000000000002,11,400.507363552497,-4,0,0,0,0,0
321,31.7000000000002,1,305.620124556317,3.5,0,10.7395890572748,0,0,0
321,31.7000000000002,2,364.045079736555,0,0,9.08489832924623,0,0,0
321,31.7000000000002,3,736.398536218429,0,0,10.7418313551079,0,0,0
321,31.7000000000002,4,874.030111002808,3.5,0,18.5108002859921,0,0,0
321,31.7000000000002,5,755.601513778961,0,0,14.8423862071228,0,0,0
321,31.7000000000002,6,481.142419407497,3.5,0,3.29258492583025,0,0,0
321,31.7000000000002,7,823.085383227684,0,0,15.0094061381069,0,0,0
321,31.7000000000002,8,524.543931930762,3.5,0,4.8472106300642,0,0,0
321,31.7000000000002,9,964.876783376855,3.5,0,15.2818698400699,0,0,0
321,31.7000000000002,10,74.370654900363,0.417426575170914,0,0,7.36237762528266,0,0
321,31.7000000000002,11,400.507363552497,-4,0,0,0,0,0
321,31.8000000000002,1,306.694031749062,3.5,0,10.7385547976087,0,0,0
321,31.8000000000002,2,364.966069569479,0,0,9.33489832924623,0,0,0
321,31.8000000000002,3,737.46789658799,0,0,10.6453760361123,0,0,0
321,31.8000000000002,4,875.881183972593,3.5,0,18.5106591097002,0,0,0
321,31.8000000000002,5,757.085752425577,0,0,14.8423867251981,0,0,0
321,31.8000000000002,6,481.471678242906,3.5,0,3.29259178236128,0,0,0
321,31.8000000000002,7,824.598823841494,0,0,15.2594061381069,0,0,0
321,31.8000000000002,8,525.028668144889,3.5,0,4.84751365247757,0,0,0
321,31.8000000000002,9,966.40496706672,3.5,0,15.2818039572194,0,0,0
321,31.8000000000002,10,74.370654900363,1.15366433769919,0,0,7.36237762528266,0,0
321,31.8000000000002,11,400.507363552497,-4,0,0,0,0,0
321,31.9000000000002,1,307.767834228596,3.5,0,10.7374947930887,0,0,0
321,31.9000000000002,2,365.912059402404,0,0,9.58489832924623,0,0,0
321,31.9000000000002,3,738.528093702246,0,0,10.5585662490163,0,0,0
321,31.9000000000002,4,877.732243530629,3.5,0,18.5105320510375,0,0,0
321,31.9000000000002,5,758.569991121411,0,0,14.8423871914658,0,0,0
321,31.9000000000002,6,481.800937729686,3.5,0,3.29259795323921,0,0,0
321,31.9000000000002,7,826.137264455305,0,0,15.5094061381069,0,0,0
321,31.9000000000002,8,525.513433146146,3.5,0,4.8477863726496,0,0,0
321,31.9000000000002,9,967.933144497713,3.5,0,15.2817446626539,0,0,0
321,31.9000000000002,10,74.370654900363,1.88990210022747,0,0,7.36237762528266,0,0
321,31.9000000000002,11,400.507363552497,-4,0,0,0,0,0
321,32.0000000000002,1,308.841529438649,3.5,0,10.736409407958,0,0,0
321,32.0000000000002,2,366.883049235328,0,0,9.83489832924623,0,0,0
321,32.0000000000002,3,739.580043886729,0,0,10.4804374406299,0,0,0
321,32.0000000000002,4,879.583291018093,3.5,0,18.5104176982411,0,0,0
321,32.0000000000002,5,760.054229861539,0,0,14.8423876111068,0,0,0
321,32.0000000000002,6,482.1301978027,3.5,0,3.29260350702934,0,0,0
321,32.0000000000002,7,827.700705069116,0,0,15.7594061381069,0,0,0
321,32.0000000000002,8,525.998224055818,3.5,0,4.84803182080444,0,0,0
321,32.0000000000002,9,969.461316295723,3.5,0,15.281691297545,0,0,0
321,32.0000000000002,10,74.370654900363,2.62613986275574,0,0,7.36237762528266,0,0
321,32.0000000000002,11,400.507363552497,-4,0,0,0,0,0
321,32.1000000000002,1,309.915114857563,3.5,0,10.7352989703322,0,0,0
321,32.1000000000002,2,367.879039068253,0,0,10.0848983292462,0,0,0
321,32.1000000000002,3,740.624571834414,0,0,10.4101215130822,0,0,0
321,32.1000000000002,4,881.434327642042,3.5,0,18.5103147807243,0,0,0
321,32.1000000000002,5,761.538468641534,0,0,14.8423879887837,0,0,0
321,32.1000000000002,6,482.459458403323,3.5,0,3.29260850544046,0,0,0
321,32.1000000000002,7,829.289145682926,0,0,16.0094061381069,0,0,0
321,32.1000000000002,8,526.483038283066,3.5,0,4.84825272414378,0,0,0
321,32.1000000000002,9,970.989483024048,3.5,0,15.2816432689469,0,0,0
321,32.1000000000002,10,74.370654900363,3.36237762528402,0,0,7.36237762528266,0,0
321,32.1000000000002,11,400.507363552497,-4,0,0,0,0,0
321,32.2000000000002,1,310.988587994769,3.5,0,10.7341637737872,0,0,0
321,32.2000000000002,2,368.900028901178,0,0,10.3348983292462,0,0,0
321,32.2000000000002,3,741.662419768983,0,0,10.3468371782892,0,0,0
321,32.2000000000002,4,883.285354488826,3.5,0,18.5102221549591,0,0,0
321,32.2000000000002,5,763.022707457408,0,0,14.8423883286928,0,0,0
321,32.2000000000002,6,482.788719478796,3.5,0,3.29261300401047,0,0,0
321,32.2000000000002,7,830.902586296737,0,0,16.2594061381069,0,0,0
321,32.2000000000002,8,526.96787349613,3.5,0,4.8484515371492,0,0,0
321,32.2000000000002,9,972.517645189656,3.5,0,15.2816000432087,0,0,0
321,32.2000000000002,10,74.370654900363,4.0986153878123,0,0,7.36237762528266,0,0
321,32.2000000000002,11,400.507363552497,-4,0,0,0,0,0
321,32.3000000000002,1,312.061946387401,3.5,0,10.7330040788548,0,0,0
321,32.3000000000002,2,369.946018734102,0,0,10.5848983292462,0,0,0
321,32.3000000000002,3,742.694255691746,0,0,10.2898812769755,0,0,0
321,32.3000000000002,4,885.136372536162,3.5,0,18.5101387917705,0,0,0
321,32.3000000000002,5,764.506946305573,0,0,14.8423886346111,0,0,0
321,32.3000000000002,6,483.117980981632,3.5,0,3.29261705272348,0,0,0
321,32.3000000000002,7,832.541026910548,0,0,16.5094061381069,0,0,0
321,32.3000000000002,8,527.452727596431,3.5,0,4.84863046885407,0,0,0
321,32.3000000000002,9,974.045803248818,3.5,0,15.2815611400443,0,0,0
321,32.3000000000002,10,74.370654900363,4.83485315034057,0,0,7.36237762528266,0,0
321,32.3000000000002,11,400.507363552497,-4,0,0,0,0,0
321,32.4000000000002,1,313.135187597066,3.5,0,10.7318201144327,0,0,0
321,32.4000000000002,2,371.017008567027,0,0,10.8348983292462,0,0,0
321,32.4000000000002,3,743.720680803884,0,0,10.2386209657931,0,0,0
321,32.4000000000002,4,886.987382663996,3.5,0,18.5100637649008,0,0,0
321,32.4000000000002,5,765.9911851828,0,0,14.8423889099375,0,0,0
321,32.4000000000002,6,483.447242869097,3.5,0,3.29262069656518,0,0,0
321,32.4000000000002,7,834.204467524359,0,0,16.7594061381069,0,0,0
321,32.4000000000002,8,527.937598695243,3.5,0,4.84879150738845,0,0,0
321,32.4000000000002,9,975.57395761218,3.5,0,15.2815261271964,0,0,0
321,32.4000000000002,10,74.370654900363,5.57109091286885,0,0,7.36237762528266,0,0
321,32.4000000000002,11,400.507363552497,-4,0,0,0,0,0
321,32.5000000000002,1,314.208309206743,3.5,0,10.730612079111,0,0,0
321,32.5000000000002,2,372.112998399951,0,0,11.0848983292462,0,0,0
321,32.5000000000002,3,744.74223618646,0,0,10.1924866857291,0,0,0
321,32.5000000000002,4,888.838385664277,3.5,0,18.509996240718,0,0,0
321,32.5000000000002,5,767.475424086184,0,0,14.8423891577313,0,0,0
321,32.5000000000002,6,483.776505102726,3.5,0,3.29262397602272,0,0,0
321,32.5000000000002,7,835.892908138169,0,0,17.0094061381069,0,0,0
321,32.5000000000002,8,528.422485092716,3.5,0,4.8489364420694,0,0,0
321,32.5000000000002,9,977.102108649322,3.5,0,15.2814946156332,0,0,0
321,32.5000000000002,10,74.370654900363,6.30732867539713,0,0,7.36237762528266,0,0
321,32.5000000000002,11,400.507363552497,-4,0,0,0,0,0
321,32.6000000000002,1,315.28130881782,3.5,0,10.7293801424204,0,0,0
321,32.6000000000002,2,373.233988232876,0,0,11.3348983292462,0,0,0
321,32.6000000000002,3,745.75940881243,0,0,10.1509658336714,0,0,0
321,32.6000000000002,4,890.68938224976,3.5,0,18.5099354689535,0,0,0
321,32.6000000000002,5,768.959663013108,0,0,14.8423893807457,0,0,0
321,32.6000000000002,6,484.105767647904,3.5,0,3.2926269275345,0,0,0
321,32.6000000000002,7,837.60634875198,0,0,17.2594061381069,0,0,0
321,32.6000000000002,8,528.907385258983,3.5,0,4.84906688328225,0,0,0
321,32.6000000000002,9,978.630256692865,3.5,0,15.2814662552263,0,0,0
321,32.6000000000002,10,74.370654900363,7.0435664379254,0,0,7.36237762528266,0,0
321,32.6000000000002,11,400.507363552497,-4,0,0,0,0,0
321,32.7000000000002,1,316.354184047241,3.5,0,10.7281244460067,0,0,0
321,32.7000000000002,2,374.379978065801,0,0,11.5848983292462,0,0,0
321,32.7000000000002,3,746.772636957455,0,0,10.1135970668195,0,0,0
321,32.7000000000002,4,892.540373061926,3.5,0,18.5098807743654,0,0,0
321,32.7000000000002,5,770.443901961218,0,0,14.8423895814587,0,0,0
321,32.7000000000002,6,484.435030473475,3.5,0,3.29262958389511,0,0,0
321,32.7000000000002,7,839.344789365791,0,0,17.5094061381069,0,0,0
321,32.7000000000002,8,529.392297817166,3.5,0,4.84918428037382,0,0,0
321,32.7000000000002,9,980.158402042169,3.5,0,15.2814407308602,0,0,0
321,32.7000000000002,10,74.370654900363,7.77980420045368,0,0,7.36237762528266,0,0
321,32.7000000000002,11,400.507363552497,-4,0,0,0,0,0
321,32.8000000000002,1,317.426932524778,3.5,0,10.7268451047326,0,0,0
321,32.8000000000002,2,375.550967898725,0,0,11.8348983292462,0,0,0
321,32.8000000000002,3,747.782315069629,0,0,10.0799651766527,0,0,0
321,32.8000000000002,4,894.391358678106,3.5,0,18.5098315492362,0,0,0
321,32.8000000000002,5,771.928140928396,0,0,14.8423897621004,0,0,0
321,32.8000000000002,6,484.764293551401,3.5,0,3.29263197461965,0,0,0
321,32.8000000000002,7,841.108002704233,0,0,17.754860630737,0,0,0
321,32.8000000000002,8,529.877221528072,3.5,0,4.84928993775623,0,0,0
321,32.8000000000002,9,981.686544966659,3.5,0,15.2814177589306,0,0,0
321,32.8000000000002,10,74.370654900363,8.51604196298196,0,0,7.36237762528266,0,0
321,32.8000000000002,11,400.507363552497,-4,0,0,0,0,0
321,32.9000000000002,1,318.4995518904,3.5,0,10.725542207714,0,0,0
321,32.9000000000002,2,376.74695773165,0,0,12.0848983292462,0,0,0
321,32.9000000000002,3,748.788798152236,0,0,10.0496964755027,0,0,0
321,32.9000000000002,4,896.242339617899,3.5,0,18.5097872466199,0,0,0
321,32.9000000000002,5,773.412379912735,0,0,14.8423899246779,0,0,0
321,32.9000000000002,6,485.093556856446,3.5,0,3.29263412627174,0,0,0
321,32.9000000000002,7,842.894534219475,0,0,17.9757696741042,0,0,0
321,32.9000000000002,8,530.36215527643,3.5,0,4.8493850294004,0,0,0
321,32.9000000000002,9,983.214685708815,3.5,0,15.281397084194,0,0,0
321,32.9000000000002,10,74.370654900363,9.25227972551023,0,0,7.36237762528266,0,0
321,32.9000000000002,11,400.507363552497,-4,0,0,0,0,0
321,33.0000000000002,1,319.57203979175,3.5,0,10.72421581929,0,0,0
321,33.0000000000002,2,377.967947564575,0,0,12.3348983292462,0,0,0
321,33.0000000000002,3,749.792405708235,0,0,10.0224546444676,0,0,0
321,33.0000000000002,4,898.093316348943,3.5,0,18.5097473742652,0,0,0
321,33.0000000000002,5,774.896618912518,0,0,14.8423900709976,0,0,0
321,33.0000000000002,6,485.422820365897,3.5,0,3.29263606275862,0,0,0
321,33.0000000000002,7,844.702052093837,0,0,18.1745878131347,0,0,0
321,33.0000000000002,8,530.847098058494,3.5,0,4.84947061188015,0,0,0
321,33.0000000000002,9,984.742824486871,3.5,0,15.2813784769311,0,0,0
321,33.0000000000002,10,74.370654900363,9.98851748803851,0,0,7.36237762528266,0,0
321,33.0000000000002,11,400.507363552497,-4,0,0,0,0,0
321,33.1000000000002,1,320.644393881712,3.5,0,10.7228659799334,0,0,0
321,33.1000000000002,2,379.213937397499,0,0,12.5848983292462,0,0,0
321,33.1000000000002,3,750.793425290285,0,0,9.9979369965361,0,0,0
321,33.1000000000002,4,899.944289292114,3.5,0,18.509711489146,0,0,0
321,33.1000000000002,5,776.380857926202,0,0,14.8423902026854,0,0,0
321,33.1000000000002,6,485.752084059315,3.5,0,3.29263780559681,0,0,0
321,33.1000000000002,7,846.528457691407,0,0,18.3535241382621,0,0,0
321,33.1000000000002,8,531.332048970894,3.5,0,4.84954763611192,0,0,0
321,33.1000000000002,9,986.270961497237,3.5,0,15.2813617303945,0,0,0
321,33.1000000000002,10,74.370654900363,10.7247552505668,0,0,7.36237762528266,0,0
321,33.1000000000002,11,400.507363552497,-4,0,0,0,0,0
321,33.2000000000002,1,321.716611816063,3.5,0,10.7214927071021,0,0,0
321,33.2000000000002,2,380.484927230424,0,0,12.8348983292462,0,0,0
321,33.2000000000002,3,751.792115695782,0,0,9.97587111339771,0,0,0
321,33.2000000000002,4,901.795258826198,3.5,0,18.5096791925387,0,0,0
321,33.2000000000002,5,777.855866343364,0,0,14.6577781405486,0,0,0
321,33.2000000000002,6,486.081347918303,3.5,0,3.29263937415118,0,0,0
321,33.2000000000002,7,848.371862239864,0,0,18.5145668308767,0,0,0
321,33.2000000000002,8,531.817007200596,3.5,0,4.84961695792052,0,0,0
321,33.2000000000002,9,987.799096916683,3.5,0,15.2813466585115,0,0,0
321,33.2000000000002,10,74.370654900363,11,0,0,0,0,0
321,33.2000000000002,11,400.507363552497,-4,0,0,0,0,0
321,33.3000000000002,1,322.78869125122,3.5,0,10.720095996035,0,0,0
321,33.3000000000002,2,381.77977067819,0,0,13.0619706260836,0,0,0
321,33.3000000000002,3,752.78870984238,0,0,9.95601181857316,0,0,0
321,33.3000000000002,4,903.646225292105,3.5,0,18.5096501255921,0,0,0
321,33.3000000000002,5,779.313336614623,0,0,14.4916272846255,0,0,0
321,33.3000000000002,6,486.410611926303,3.5,0,3.29264078585012,0,0,0
321,33.3000000000002,7,850.230565844119,0,0,18.6595052542299,0,0,0
321,33.3000000000002,8,532.301972015869,3.5,0,4.84967934754826,0,0,0
321,33.3000000000002,9,989.327230904299,3.5,0,15.2813330938168,0,0,0
321,33.3000000000002,10,74.370654900363,11,0,0,0,0,0
321,33.3000000000002,11,400.507363552497,-4,0,0,0,0,0
321,33.4000000000002,1,323.860629842047,3.5,0,10.7186758204956,0,0,0
321,33.4000000000002,2,383.096185994156,0,0,13.2663356932371,0,0,0
321,33.4000000000002,3,753.78341735597,0,0,9.93813845323107,0,0,0
321,33.4000000000002,4,905.497188996652,3.5,0,18.5096239653402,0,0,0
321,33.4000000000002,5,780.755022554569,0,0,14.3420915142947,0,0,0
321,33.4000000000002,6,486.739876068414,3.5,0,3.29264205637916,0,0,0
321,33.4000000000002,7,852.103038598593,0,0,18.7899498352478,0,0,0
321,33.4000000000002,8,532.786942758157,3.5,0,4.84973549821323,0,0,0
321,33.4000000000002,9,990.85536360327,3.5,0,15.2813208855916,0,0,0
321,33.4000000000002,10,74.370654900363,11,0,0,0,0,0
321,33.4000000000002,11,400.507363552497,-4,0,0,0,0,0
321,33.5000000000002,1,324.932425239745,3.5,0,10.7172321334645,0,0,0
321,33.5000000000002,2,384.432015991502,0,0,13.4502642536754,0,0,0
321,33.5000000000002,3,754.776426899853,0,0,9.92205242442319,0,0,0
321,33.5000000000002,4,907.348150215974,3.5,0,18.5096004211135,0,0,0
321,33.5000000000002,5,782.182502596333,0,0,14.207509320997,0,0,0
321,33.5000000000002,6,487.069140331226,3.5,0,3.2926431998553,0,0,0
321,33.5000000000002,7,853.987903588264,0,0,18.9073499581639,0,0,0
321,33.5000000000002,8,533.271918834758,3.5,0,4.8497860338117,0,0,0
321,33.5000000000002,9,992.383495142459,3.5,0,15.2813098981889,0,0,0
321,33.5000000000002,10,74.370654900363,11,0,0,0,0,0
321,33.5000000000002,11,400.507363552497,-4,0,0,0,0,0
321,33.6000000000002,1,326.004075089807,3.5,0,10.7157648677846,0,0,0
321,33.6000000000002,2,385.785319202089,0,0,13.6157999580698,0,0,0
321,33.6000000000002,3,755.767908270999,0,0,9.90757499849609,0,0,0
321,33.6000000000002,4,909.199109198595,3.5,0,18.5095792313094,0,0,0
321,33.6000000000002,5,783.597197329735,0,0,14.0863853470291,0,0,0
321,33.6000000000002,6,487.398404702668,3.5,0,3.29264422898382,0,0,0
321,33.6000000000002,7,855.883921589611,0,0,19.0130100687884,0,0,0
321,33.6000000000002,8,533.756899712241,3.5,0,4.84983151585032,0,0,0
321,33.6000000000002,9,993.911625637844,3.5,0,15.2813000095265,0,0,0
321,33.6000000000002,10,74.370654900363,11,0,0,0,0,0
321,33.6000000000002,11,400.507363552497,-4,0,0,0,0,0
321,33.7000000000002,1,327.075577030034,3.5,0,10.7142739367603,0,0,0
321,33.7000000000002,2,387.154348304594,0,0,13.7647820920247,0,0,0
321,33.7000000000002,3,756.758014286682,0,0,9.89454531516171,0,0,0
321,33.7000000000002,4,911.050066168185,3.5,0,18.5095601604858,0,0,0
321,33.7000000000002,5,785.000385285609,0,0,13.9773737704579,0,0,0
321,33.7000000000002,6,487.727669171877,3.5,0,3.2926451551995,0,0,0
321,33.7000000000002,7,857.789977301468,0,0,19.1081041683504,0,0,0
321,33.7000000000002,8,534.241884910518,3.5,0,4.84987244968508,0,0,0
321,33.7000000000002,9,995.439755193807,3.5,0,15.2812911097303,0,0,0
321,33.7000000000002,10,74.370654900363,11,0,0,0,0,0
321,33.7000000000002,11,400.507363552497,-4,0,0,0,0,0
321,33.8000000000002,1,328.146928688608,3.5,0,10.7127592347123,0,0,0
321,33.8000000000002,2,388.537530709824,0,0,13.8988660125842,0,0,0
321,33.8000000000002,3,757.746882482448,0,0,9.88281860016076,0,0,0
321,33.8000000000002,4,912.901021326047,3.5,0,18.5095429967445,0,0,0
321,33.8000000000002,5,786.393217141709,0,0,13.8792633515439,0,0,0
321,33.8000000000002,6,488.056933729077,3.5,0,3.2926459887936,0,0,0
321,33.8000000000002,7,859.705066952784,0,0,19.1936888579562,0,0,0
321,33.8000000000002,8,534.726873997509,3.5,0,4.84990929013636,0,0,0
321,33.8000000000002,9,996.967883904289,3.5,0,15.2812830999138,0,0,0
321,33.8000000000002,10,74.370654900363,11,0,0,0,0,0
321,33.8000000000002,11,400.507363552497,-4,0,0,0,0,0
321,33.9000000000002,1,329.218127682218,3.5,0,10.711220637492,0,0,0
321,33.9000000000002,2,389.933451087508,0,0,14.0195415410877,0,0,0
321,33.9000000000002,3,758.734636640289,0,0,9.87226455665991,0,0,0
321,33.9000000000002,4,914.751974853353,3.5,0,18.5095275493774,0,0,0
321,33.9000000000002,5,787.776728508012,0,0,13.7909639745213,0,0,0
321,33.9000000000002,6,488.386198365468,3.5,0,3.29264673902829,0,0,0
321,33.9000000000002,7,861.628287149611,0,0,19.2707150786015,0,0,0
321,33.9000000000002,8,535.211866584343,3.5,0,4.84994244654252,0,0,0
321,33.9000000000002,9,998.496011853839,3.5,0,15.2812758910789,0,0,0
321,33.9000000000002,10,74.370654900363,11,0,0,0,0,0
321,33.9000000000002,11,400.507363552497,-4,0,0,0,0,0
321,34.0000000000002,1,330.289171614241,3.5,0,10.7096580029548,0,0,0
321,34.0000000000002,2,391.340835640399,0,0,14.1281495167409,0,0,0
321,34.0000000000002,3,759.721388163997,0,0,9.86276591750914,0,0,0
321,34.0000000000002,4,916.602926913159,3.5,0,18.5095136467469,0,0,0
321,34.0000000000002,5,789.151851433499,0,0,13.7114945352009,0,0,0
321,34.0000000000002,6,488.715463073131,3.5,0,3.29264741423952,0,0,0
321,34.0000000000002,7,863.558824837401,0,0,19.3400386771822,0,0,0
321,34.0000000000002,8,535.703170689484,3.5,0,4.97613965627663,0,0,0
321,34.0000000000002,9,1000.01241334286,3.5,0,15.0467538893079,0,0,0
321,34.0000000000002,10,74.370654900363,11,0,0,0,0,0
321,34.0000000000002,11,400.507363552497,-4,0,0,0,0,0
321,34.1000000000002,1,331.360058072958,3.5,0,10.7080711713957,0,0,0
321,34.1000000000002,2,392.758537950978,0,0,14.2258966948288,0,0,0
321,34.1000000000002,3,760.707237316986,0,0,9.85421714227345,0,0,0
321,34.1000000000002,4,918.453877652215,3.5,0,18.5095011343795,0,0,0
321,34.1000000000002,5,790.519424762249,0,0,13.6399720398126,0,0,0
321,34.1000000000002,6,489.04472784494,3.5,0,3.29264802192962,0,0,0
321,34.1000000000002,7,865.495948267055,0,0,19.4024299159048,0,0,0
321,34.1000000000002,8,536.20646352955,3.5,0,5.08971714503734,0,0,0
321,34.1000000000002,9,1001.50653524171,3.5,0,14.835684087714,0,0,0
321,34.1000000000002,10,74.370654900363,11,0,0,0,0,0
321,34.1000000000002,11,400.507363552497,-4,0,0,0,0,0
321,34.2000000000002,1,332.430784629825,3.5,0,10.706459965949,0,0,0
321,34.2000000000002,2,394.185526243475,0,0,14.3138691551078,0,0,0
321,34.2000000000002,3,761.692274336328,0,0,9.84652324456133,0,0,0
321,34.2000000000002,4,920.304827202597,3.5,0,18.5094898732489,0,0,0
321,34.2000000000002,5,791.880203453938,0,0,13.5756017939631,0,0,0
321,34.2000000000002,6,489.373992674479,3.5,0,3.29264856885071,0,0,0
321,34.2000000000002,7,867.438998864388,0,0,19.4585820307552,0,0,0
321,34.2000000000002,8,536.720546231048,3.5,0,5.19193688492198,0,0,0
321,34.2000000000002,9,1002.98060550941,3.5,0,14.6457212662795,0,0,0
321,34.2000000000002,10,74.370654900363,11,0,0,0,0,0
321,34.2000000000002,11,400.507363552497,-4,0,0,0,0,0
321,34.3000000000002,1,333.501348837771,3.5,0,10.7048241929522,0,0,0
321,34.3000000000002,2,395.620871919698,0,0,14.393044369359,0,0,0
321,34.3000000000002,3,762.689426660784,0,0,10.0965232445613,0,0,0
321,34.3000000000002,4,922.155775683171,3.5,0,18.5094797382313,0,0,0
321,34.3000000000002,5,793.234866972271,0,0,13.5176685726985,0,0,0
321,34.3000000000002,6,489.703257555975,3.5,0,3.2926490610797,0,0,0
321,34.3000000000002,7,869.387383912632,0,0,19.5091189341206,0,0,0
321,34.3000000000002,8,537.244339807835,3.5,0,5.28393465081815,0,0,0
321,34.3000000000002,9,1004.43662930907,3.5,0,14.4747547269884,0,0,0
321,34.3000000000002,10,74.370654900363,11,0,0,0,0,0
321,34.3000000000002,11,400.507363552497,-4,0,0,0,0,0
321,34.4000000000002,1,334.571748229532,3.5,0,10.7031636422767,0,0,0
321,34.4000000000002,2,397.063739241275,0,0,14.464302062185,0,0,0
321,34.4000000000002,3,763.71157898524,0,0,10.3465232445613,0,0,0
321,34.4000000000002,4,924.006723200918,3.5,0,18.5094706167155,0,0,0
321,34.4000000000002,5,794.584026834584,0,0,13.4655286735604,0,0,0
321,34.4000000000002,6,490.032522484233,3.5,0,3.29264950408578,0,0,0
321,34.4000000000002,7,871.340569966695,0,0,19.5546021471494,0,0,0
321,34.4000000000002,8,537.776873172382,3.5,0,5.3667326401247,0,0,0
321,34.4000000000002,9,1005.8764112875,3.5,0,14.3208848416265,0,0,0
321,34.4000000000002,10,74.370654900363,11,0,0,0,0,0
321,34.4000000000002,11,400.507363552497,-4,0,0,0,0,0
321,34.5000000000002,1,335.641980316027,3.5,0,10.7014780876272,0,0,0
321,34.5000000000002,2,398.513376043671,0,0,14.5284339857285,0,0,0
321,34.5000000000002,3,764.758731309697,0,0,10.5965232445613,0,0,0
321,34.5000000000002,4,925.857669852121,3.5,0,18.5094624073512,0,0,0
321,34.5000000000002,5,795.928233406479,0,0,13.4186027643361,0,0,0
321,34.5000000000002,6,490.361787454577,3.5,0,3.29264990279126,0,0,0
321,34.5000000000002,7,873.298076925997,0,0,19.5955370388753,0,0,0
321,34.5000000000002,8,538.317272345913,3.5,0,5.4412508305006,0,0,0
321,34.5000000000002,9,1007.30157562682,3.5,0,14.1824019448007,0,0,0
321,34.5000000000002,10,74.370654900363,11,0,0,0,0,0
321,34.5000000000002,11,400.507363552497,-4,0,0,0,0,0
321,34.6000000000002,1,336.712042584749,3.5,0,10.699767286809,0,0,0
321,34.6000000000002,2,399.969105378803,0,0,14.5861527169176,0,0,0
321,34.6000000000002,3,765.830883634153,0,0,10.8465232445613,0,0,0
321,34.6000000000002,4,927.708615723435,3.5,0,18.5094550189234,0,0,0
321,34.6000000000002,5,797.267982016997,0,0,13.3763694460343,0,0,0
321,34.6000000000002,6,490.691052462798,3.5,0,3.29265026162619,0,0,0
321,34.6000000000002,7,875.259472700012,0,0,19.6323784414286,0,0,0
321,34.6000000000002,8,538.86475074753,3.5,0,5.50831720183891,0,0,0
321,34.6000000000002,9,1008.71358409095,3.5,0,14.0577673376576,0,0,0
321,34.6000000000002,10,74.370654900363,11,0,0,0,0,0
321,34.6000000000002,11,400.507363552497,-4,0,0,0,0,0
321,34.7000000000002,1,337.781932498188,3.5,0,10.698030981967,0,0,0
321,34.7000000000002,2,401.430317993399,0,0,14.6380995749878,0,0,0
321,34.7000000000002,3,766.928035958609,0,0,11.0965232445613,0,0,0
321,34.7000000000002,4,929.559560892848,3.5,0,18.5094483693384,0,0,0
321,34.7000000000002,5,798.603718462277,0,0,13.3383594595626,0,0,0
321,34.7000000000002,6,491.022187957736,3.5,0,3.33005963714143,0,0,0
321,34.7000000000002,7,877.22436840727,0,0,19.6655357037267,0,0,0
321,34.7000000000002,8,539.418600454425,3.5,0,5.56867693604339,0,0,0
321,34.7000000000002,9,1010.11375226739,3.5,0,13.9455961912287,0,0,0
321,34.7000000000002,10,74.370654900363,11,0,0,0,0,0
321,34.7000000000002,11,400.507363552497,-4,0,0,0,0,0
321,34.8000000000002,1,338.851650837468,3.5,0,10.69633580363,0,0,0
321,34.8000000000002,2,402.881627950897,0,0,14.3880995749878,0,0,0
321,34.8000000000002,3,768.050188283065,0,0,11.3465232445613,0,0,0
321,34.8000000000002,4,931.410505430551,3.5,0,18.5094423847118,0,0,0
321,34.8000000000002,5,799.935843958842,0,0,13.3041504717381,0,0,0
321,34.8000000000002,6,491.356877343349,3.5,0,3.36372807510515,0,0,0
321,34.8000000000002,7,879.192414054446,0,0,19.6953772397949,0,0,0
321,34.8000000000002,8,539.978184336068,3.5,0,5.62300069682742,0,0,0
321,34.8000000000002,9,1011.50326418493,3.5,0,13.8446421594427,0,0,0
321,34.8000000000002,10,74.370654900363,11,0,0,0,0,0
321,34.8000000000002,11,400.507363552497,-4,0,0,0,0,0
321,34.9000000000002,1,339.921201267813,3.5,0,10.6946728032704,0,0,0
321,34.9000000000002,2,404.307937908396,0,0,14.1380995749878,0,0,0
321,34.9000000000002,3,769.197340607521,0,0,11.5965232445613,0,0,0
321,34.9000000000002,4,933.261449399714,3.5,0,18.509436998548,0,0,0
321,34.9000000000002,5,801.264719601564,0,0,13.2733623826961,0,0,0
321,34.9000000000002,6,491.694765230568,3.5,0,3.3940296692725,0,0,0
321,34.9000000000002,7,881.163294647548,0,0,19.7222346222562,0,0,0
321,34.9000000000002,8,540.542928974986,3.5,0,5.67189208153305,0,0,0
321,34.9000000000002,9,1012.88318546944,3.5,0,13.7537835308354,0,0,0
321,34.9000000000002,10,74.370654900363,11,0,0,0,0,0
321,34.9000000000002,11,400.507363552497,-4,0,0,0,0,0
321,35.0000000000002,1,340.990586607983,3.5,0,10.6930340001417,0,0,0
321,35.0000000000002,2,405.709247865895,0,0,13.8880995749878,0,0,0
321,35.0000000000002,3,770.369492931977,0,0,11.8465232445613,0,0,0
321,35.0000000000002,4,935.112392857191,3.5,0,18.5094321510005,0,0,0
321,35.0000000000002,5,802.590670375827,0,0,13.2456531025582,0,0,0
321,35.0000000000002,6,492.035531769232,3.5,0,3.42130110402311,0,0,0
321,35.0000000000002,7,883.136726691985,0,0,19.7464062664715,0,0,0
321,35.0000000000002,8,541.112318295451,3.5,0,5.71589432776811,0,0,0
321,35.0000000000002,9,1014.25447518424,3.5,0,13.6720107650887,0,0,0
321,35.0000000000002,10,74.370654900363,11,0,0,0,0,0
321,35.0000000000002,11,400.507363552497,-4,0,0,0,0,0
321,35.1000000000002,1,342.05980892184,3.5,0,10.6914122769842,0,0,0
321,35.1000000000002,2,407.085557823394,0,0,13.6380995749878,0,0,0
321,35.1000000000002,3,771.566645256434,0,0,12.0965232445613,0,0,0
321,35.1000000000002,4,936.963335854152,3.5,0,18.5094277882077,0,0,0
321,35.1000000000002,5,803.913988768476,0,0,13.2207147504341,0,0,0
321,35.1000000000002,6,492.378889094199,3.5,0,3.44584539529866,0,0,0
321,35.1000000000002,7,885.112455042621,0,0,19.7681607462652,0,0,0
321,35.1000000000002,8,541.685887829309,3.5,0,5.75549634937967,0,0,0
321,35.1000000000002,9,1015.61799648629,3.5,0,13.5984152759168,0,0,0
321,35.1000000000002,10,74.370654900363,11,0,0,0,0,0
321,35.1000000000002,11,400.507363552497,-4,0,0,0,0,0
321,35.2000000000002,1,343.128869600036,3.5,0,10.6898012869351,0,0,0
321,35.2000000000002,2,408.436867780892,0,0,13.3880995749878,0,0,0
321,35.2000000000002,3,772.788299143951,0,0,12.3365545057954,0,0,0
321,35.2000000000002,4,938.814278436647,3.5,0,18.5094238616942,0,0,0
321,35.2000000000002,5,805.234938017674,0,0,13.1982702335225,0,0,0
321,35.2000000000002,6,492.724578126836,3.5,0,3.46793525744666,0,0,0
321,35.2000000000002,7,887.090250068839,0,0,19.7877397780796,0,0,0
321,35.2000000000002,8,542.263219555219,3.5,0,5.79113816883007,0,0,0
321,35.2000000000002,9,1016.97452621686,3.5,0,13.532179335662,0,0,0
321,35.2000000000002,10,74.370654900363,11,0,0,0,0,0
321,35.2000000000002,11,400.507363552497,-4,0,0,0,0,0
321,35.3000000000002,1,344.197769432901,3.5,0,10.6881953703682,0,0,0
321,35.3000000000002,2,409.763177738391,0,0,13.1380995749878,0,0,0
321,35.3000000000002,3,774.032756001287,0,0,12.552582640906,0,0,0
321,35.3000000000002,4,940.665220646123,3.5,0,18.5094203278321,0,0,0
321,35.3000000000002,5,806.553755037765,0,0,13.178070168302,0,0,0
321,35.3000000000002,6,493.072365696377,3.5,0,3.48781613337986,0,0,0
321,35.3000000000002,7,889.069905103078,0,0,19.8053609067125,0,0,0
321,35.3000000000002,8,542.843937253977,3.5,0,5.82321580633543,0,0,0
321,35.3000000000002,9,1018.32476353312,3.5,0,13.4725669894327,0,0,0
321,35.3000000000002,10,74.370654900363,11,0,0,0,0,0
321,35.3000000000002,11,400.507363552497,-4,0,0,0,0,0
321,35.4000000000002,1,345.266508675446,3.5,0,10.6865894805451,0,0,0
321,35.4000000000002,2,411.06448769589,0,0,12.8880995749878,0,0,0
321,35.4000000000002,3,775.297735531457,0,0,12.7470079625056,0,0,0
321,35.4000000000002,4,942.516162519882,3.5,0,18.5094171473562,0,0,0
321,35.4000000000002,5,807.870653051661,0,0,13.1598901096036,0,0,0
321,35.4000000000002,6,493.422041949132,3.5,0,3.50570892171974,0,0,0
321,35.4000000000002,7,891.051234144538,0,0,19.8212199224821,0,0,0
321,35.4000000000002,8,543.427702328298,3.5,0,5.85208568009026,0,0,0
321,35.4000000000002,9,1019.66933767648,3.5,0,13.4189158778263,0,0,0
321,35.4000000000002,10,74.370654900363,11,0,0,0,0,0
321,35.4000000000002,11,400.507363552497,-4,0,0,0,0,0
321,35.5000000000002,1,346.335087105329,3.5,0,10.6849791170998,0,0,0
321,35.5000000000002,2,412.340797653389,0,0,12.6380995749878,0,0,0
321,35.5000000000002,3,776.58118546718,0,0,12.9219907519452,0,0,0
321,35.5000000000002,4,944.367104091497,3.5,0,18.5094142849279,0,0,0
321,35.5000000000002,5,809.18582395998,0,0,13.143528056775,0,0,0
321,35.5000000000002,6,493.773418016779,3.5,0,3.52181243122563,0,0,0
321,35.5000000000002,7,893.034069792496,0,0,19.8354930366747,0,0,0
321,35.5000000000002,8,544.014210040626,3.5,0,5.8780685664696,0,0,0
321,35.5000000000002,9,1021.00881496424,3.5,0,13.3706298773806,0,0,0
321,35.5000000000002,10,74.370654900363,11,0,0,0,0,0
321,35.5000000000002,11,400.507363552497,-4,0,0,0,0,0
321,35.6000000000002,1,347.403504074508,3.5,0,10.6833602664941,0,0,0
321,35.6000000000002,2,413.592107610888,0,0,12.3880995749878,0,0,0
321,35.6000000000002,3,777.881258767899,0,0,13.0794752624409,0,0,0
321,35.6000000000002,4,946.21804539118,3.5,0,18.5094117087424,0,0,0
321,35.6000000000002,5,810.49944047328,0,0,13.1288022092292,0,0,0
321,35.6000000000002,6,494.12632391783,3.5,0,3.53630558978093,0,0,0
321,35.6000000000002,7,895.018261386302,0,0,19.8483388394481,0,0,0
321,35.6000000000002,8,544.60318612716,3.5,0,5.90145316421101,0,0,0
321,35.6000000000002,9,1022.34370508196,3.5,0,13.3271724769794,0,0,0
321,35.6000000000002,10,74.370654900363,11,0,0,0,0,0
321,35.6000000000002,11,400.507363552497,-4,0,0,0,0,0
321,35.7000000000002,1,348.471758555267,3.5,0,10.6817293486876,0,0,0
321,35.7000000000002,2,414.818417568386,0,0,12.1380995749878,0,0,0
321,35.7000000000002,3,779.196293097115,0,0,13.221211321887,0,0,0
321,35.7000000000002,4,948.068986446126,3.5,0,18.5094093901755,0,0,0
321,35.7000000000002,5,811.811658031063,0,0,13.1155489464381,0,0,0
321,35.7000000000002,6,494.480606668943,3.5,0,3.5493494324807,0,0,0
321,35.7000000000002,7,897.003673331371,0,0,19.8599000619442,0,0,0
321,35.7000000000002,8,545.19438375048,3.5,0,5.92249930217828,0,0,0
321,35.7000000000002,9,1023.67446674664,3.5,0,13.2880608166184,0,0,0
321,35.7000000000002,10,74.370654900363,11,0,0,0,0,0
321,35.7000000000002,11,400.507363552497,-4,0,0,0,0,0
321,35.8000000000002,1,349.539849181169,3.5,0,10.6800831693505,0,0,0
321,35.8000000000002,2,416.019727525885,0,0,11.8880995749878,0,0,0
321,35.8000000000002,3,780.524792351979,0,0,13.3487737753885,0,0,0
321,35.8000000000002,4,949.919927280808,3.5,0,18.5094073034652,0,0,0
321,35.8000000000002,5,813.122616528881,0,0,13.103621009926,0,0,0
321,35.8000000000002,6,494.836128585112,3.5,0,3.56108889091049,0,0,0
321,35.8000000000002,7,898.990183592578,0,0,19.8703051621906,0,0,0
321,35.8000000000002,8,545.787580756906,3.5,0,5.94144082634882,0,0,0
321,35.8000000000002,9,1025.00151280359,3.5,0,13.2528603222934,0,0,0
321,35.8000000000002,10,74.370654900363,11,0,0,0,0,0
321,35.8000000000002,11,400.507363552497,-4,0,0,0,0,0
321,35.9000000000002,1,350.607774283488,3.5,0,10.6784188770281,0,0,0
321,35.9000000000002,2,417.196037483384,0,0,11.6380995749878,0,0,0
321,35.9000000000002,3,781.865410039926,0,0,13.4635799835398,0,0,0
321,35.9000000000002,4,951.770867917253,3.5,0,18.509405425426,0,0,0
321,35.9000000000002,5,814.432441872731,0,0,13.0928858670652,0,0,0
321,35.9000000000002,6,495.192765749833,3.5,0,3.5716544034973,0,0,0
321,35.9000000000002,7,900.977682338308,0,0,19.8796697524125,0,0,0
321,35.9000000000002,8,546.382577208129,3.5,0,5.95848819810231,0,0,0
321,35.9000000000002,9,1026.32521481357,3.5,0,13.221179877401,0,0,0
321,35.9000000000002,10,74.370654900363,11,0,0,0,0,0
321,35.9000000000002,11,400.507363552497,-4,0,0,0,0,0
321,36.0000000000002,1,351.675531923576,3.5,0,10.6767339247317,0,0,0
321,36.0000000000002,2,418.347347440883,0,0,11.3880995749878,0,0,0
321,36.0000000000002,3,783.216934317646,0,0,13.566905570876,0,0,0
321,36.0000000000002,4,953.621808375284,3.5,0,18.5094037351907,0,0,0
321,36.0000000000002,5,815.741247378009,0,0,13.0832242384904,0,0,0
321,36.0000000000002,6,495.550406638249,3.5,0,3.58116336482544,0,0,0
321,36.0000000000002,7,902.96607072011,0,0,19.8880978836121,0,0,0
321,36.0000000000002,8,546.979193159668,3.5,0,5.97383083268045,0,0,0
321,36.0000000000002,9,1027.64590718129,3.5,0,13.1926674769978,0,0,0
321,36.0000000000002,10,74.370654900363,11,0,0,0,0,0
321,36.0000000000002,11,400.507363552497,-4,0,0,0,0,0
321,36.1000000000002,1,352.743119921587,3.5,0,10.6750260354894,0,0,0
321,36.1000000000002,2,419.473657398382,0,0,11.1380995749878,0,0,0
321,36.1000000000002,3,784.578274526164,0,0,13.6598985994786,0,0,0
321,36.1000000000002,4,955.472748672742,3.5,0,18.5094022139789,0,0,0
321,36.1000000000002,5,817.049135028572,0,0,13.0745287727731,0,0,0
321,36.1000000000002,6,495.908950877991,3.5,0,3.58972143002076,0,0,0
321,36.1000000000002,7,904.955259774375,0,0,19.8956832016917,0,0,0
321,36.1000000000002,8,547.577266661492,3.5,0,5.98763920380077,0,0,0
321,36.1000000000002,9,1028.96389087097,3.5,0,13.1670063166349,0,0,0
321,36.1000000000002,10,74.370654900363,11,0,0,0,0,0
321,36.1000000000002,11,400.507363552497,-4,0,0,0,0,0
321,36.2000000000002,1,353.810535881934,3.5,0,10.6732931714437,0,0,0
321,36.2000000000002,2,420.57496735588,0,0,10.8880995749878,0,0,0
321,36.2000000000002,3,785.948449072399,0,0,13.7435923252209,0,0,0
321,36.2000000000002,4,957.323688825685,3.5,0,18.5094008448883,0,0,0
321,36.2000000000002,5,818.356196609892,0,0,13.0667028536276,0,0,0
321,36.2000000000002,6,496.268308133927,3.5,0,3.59742368869654,0,0,0
321,36.2000000000002,7,906.945169433858,0,0,19.9025099879634,0,0,0
321,36.2000000000002,8,548.176651958573,3.5,0,6.00006673780906,0,0,0
321,36.2000000000002,9,1030.27943675042,3.5,0,13.1439112723083,0,0,0
321,36.2000000000002,10,74.370654900363,11,0,0,0,0,0
321,36.2000000000002,11,400.507363552497,-4,0,0,0,0,0
321,36.3000000000002,1,354.877777215812,3.5,0,10.6715335061252,0,0,0
321,36.3000000000002,2,421.651277313379,0,0,10.6380995749878,0,0,0
321,36.3000000000002,3,787.326574522579,0,0,13.818916678389,0,0,0
321,36.3000000000002,4,959.174628848565,3.5,0,18.5093996127068,0,0,0
321,36.3000000000002,5,819.662514728893,0,0,13.0596595263966,0,0,0
321,36.3000000000002,6,496.628397104437,3.5,0,3.60435572150475,0,0,0
321,36.3000000000002,7,908.935727638036,0,0,19.908654095608,0,0,0
321,36.3000000000002,8,548.777217871384,3.5,0,6.01125151841653,0,0,0
321,36.3000000000002,9,1031.59278860066,3.5,0,13.1231257324144,0,0,0
321,36.3000000000002,10,74.370654900363,11,0,0,0,0,0
321,36.3000000000002,11,400.507363552497,-4,0,0,0,0,0
321,36.4000000000002,1,355.944841161097,3.5,0,10.6697453995748,0,0,0
321,36.4000000000002,2,422.702587270878,0,0,10.3880995749878,0,0,0
321,36.4000000000002,3,788.711855786311,0,0,13.8867085962403,0,0,0
321,36.4000000000002,4,961.025568754388,3.5,0,18.5093985037434,0,0,0
321,36.4000000000002,5,820.968163731808,0,0,13.0533205318887,0,0,0
321,36.4000000000002,6,496.989144618064,3.5,0,3.61059455103214,0,0,0
321,36.4000000000002,7,910.926869532441,0,0,19.914183792488,0,0,0
321,36.4000000000002,8,549.378846338353,3.5,0,6.02131782096324,0,0,0
321,36.4000000000002,9,1032.9041658246,3.5,0,13.1044187465098,0,0,0
321,36.4000000000002,10,74.370654900363,11,0,0,0,0,0
321,36.4000000000002,11,400.507363552497,-4,0,0,0,0,0
321,36.5000000000002,1,357.011724799877,3.5,0,10.66792737602,0,0,0
321,36.5000000000002,2,423.728897228377,0,0,10.1380995749878,0,0,0
321,36.5000000000002,3,790.103577282238,0,0,13.9477213223064,0,0,0
321,36.5000000000002,4,962.876508554859,3.5,0,18.5093975056764,0,0,0
321,36.5000000000002,5,822.273210530244,0,0,13.0476154368316,0,0,0
321,36.5000000000002,6,497.350484820496,3.5,0,3.61620949760679,0,0,0
321,36.5000000000002,7,912.918536748049,0,0,19.9191605196801,0,0,0
321,36.5000000000002,8,549.981431104064,3.5,0,6.03037749325529,0,0,0
321,36.5000000000002,9,1034.21376588489,3.5,0,13.0875824591958,0,0,0
321,36.5000000000002,10,74.370654900363,11,0,0,0,0,0
321,36.5000000000002,11,400.507363552497,-4,0,0,0,0,0
321,36.6000000000003,1,358.07842507387,3.5,0,10.6660781038422,0,0,0
321,36.6000000000003,2,424.730207185876,0,0,9.88809957498776,0,0,0
321,36.6000000000003,3,791.501094987142,0,0,14.002632775766,0,0,0
321,36.6000000000003,4,964.727448260513,3.5,0,18.5093966074161,0,0,0
321,36.6000000000003,5,823.577715344649,0,0,13.0424808512802,0,0,0
321,36.6000000000003,6,497.712358442852,3.5,0,3.62126294952397,0,0,0
321,36.6000000000003,7,914.910676752741,0,0,19.923639574153,0,0,0
321,36.6000000000003,8,550.584876538642,3.5,0,6.03853119831813,0,0,0
321,36.6000000000003,9,1035.52176649788,3.5,0,13.0724298006131,0,0,0
321,36.6000000000003,10,74.370654900363,11,0,0,0,0,0
321,36.6000000000003,11,400.507363552497,-4,0,0,0,0,0
321,36.7000000000003,1,359.144938797942,3.5,0,10.6641963776011,0,0,0
321,36.7000000000003,2,425.706517143374,0,0,9.63809957498776,0,0,0
321,36.7000000000003,3,792.903829280124,0,0,14.0520530838796,0,0,0
321,36.7000000000003,4,966.578387880833,3.5,0,18.5093957989818,0,0,0
321,36.7000000000003,5,824.881732373427,0,0,13.0378597242839,0,0,0
321,36.7000000000003,6,498.074712143141,3.5,0,3.62581105624944,0,0,0
321,36.7000000000003,7,916.903242267608,0,0,19.9276707231785,0,0,0
321,36.7000000000003,8,551.189096575202,3.5,0,6.04586953287468,0,0,0
321,36.7000000000003,9,1036.8283276083,3.5,0,13.0587924078887,0,0,0
321,36.7000000000003,10,74.370654900363,11,0,0,0,0,0
321,36.7000000000003,11,400.507363552497,-4,0,0,0,0,0
321,36.8000000000003,1,360.211262671918,3.5,0,10.6622811019048,0,0,0
321,36.8000000000003,2,426.659022920549,0,0,9.41201596851404,0,0,0
321,36.8000000000003,3,794.311258502377,0,0,14.0965313611818,0,0,0
321,36.8000000000003,4,968.429327424352,3.5,0,18.5093950713909,0,0,0
321,36.8000000000003,5,826.185310395141,0,0,13.0337007099873,0,0,0
321,36.8000000000003,6,498.437497913569,3.5,0,3.62990435230236,0,0,0
321,36.8000000000003,7,918.896190741632,0,0,19.9312987573015,0,0,0
321,36.8000000000003,8,551.794013753544,3.5,0,6.05247403397559,0,0,0
321,36.8000000000003,9,1038.13359316642,3.5,0,13.0465187544367,0,0,0
321,36.8000000000003,10,74.370654900363,11,0,0,0,0,0
321,36.8000000000003,11,400.507363552497,-4,0,0,0,0,0
321,36.9000000000003,1,361.27739329086,3.5,0,10.6603312769379,0,0,0
321,36.9000000000003,2,427.590050755109,0,0,9.20854072268768,0,0,0
321,36.9000000000003,3,795.722913160974,0,0,14.1365618107538,0,0,0
321,36.9000000000003,4,970.280266898749,3.5,0,18.5093944165591,0,0,0
321,36.9000000000003,5,827.488493310496,0,0,13.0299575971203,0,0,0
321,36.9000000000003,6,498.800672547121,3.5,0,3.63358831874999,0,0,0
321,36.9000000000003,7,920.889483878897,0,0,19.9345639880123,0,0,0
321,36.9000000000003,8,552.399558359491,3.5,0,6.0584180849664,0,0,0
321,36.9000000000003,9,1039.43769272746,3.5,0,13.0354724663299,0,0,0
321,36.9000000000003,10,74.370654900363,11,0,0,0,0,0
321,36.9000000000003,11,400.507363552497,-4,0,0,0,0,0
321,37.0000000000003,1,362.34332715398,3.5,0,10.6583459854763,0,0,0
321,37.0000000000003,2,428.501748441316,0,0,9.02541300144397,0,0,0
321,37.0000000000003,3,797.13837071228,0,0,14.1725892153686,0,0,0
321,37.0000000000003,4,972.131206310938,3.5,0,18.5093938272105,0,0,0
321,37.0000000000003,5,828.791320630129,0,0,13.02658879554,0,0,0
321,37.0000000000003,6,499.164197157486,3.5,0,3.63690388855285,0,0,0
321,37.0000000000003,7,922.88308721308,0,0,19.9375026956519,0,0,0
321,37.0000000000003,8,553.005667650283,3.5,0,6.06376773085813,0,0,0
321,37.0000000000003,9,1040.74074289112,3.5,0,13.0255308070338,0,0,0
321,37.0000000000003,10,74.370654900363,11,0,0,0,0,0
321,37.0000000000003,11,400.507363552497,-4,0,0,0,0,0
321,37.1000000000003,1,363.409060672316,3.5,0,10.6563243812395,0,0,0
321,37.1000000000003,2,429.396048994005,0,0,8.86059805232463,0,0,0
321,37.1000000000003,3,798.557250867025,0,0,14.2050138795219,0,0,0
321,37.1000000000003,4,973.982145667138,3.5,0,18.5093932967967,0,0,0
321,37.1000000000003,5,830.093827913612,0,0,13.0235568741178,0,0,0
321,37.1000000000003,6,499.528036746983,3.5,0,3.63988790137543,0,0,0
321,37.1000000000003,7,924.876969724489,0,0,19.9401475325276,0,0,0
321,37.1000000000003,8,553.612285157434,3.5,0,6.06858241216068,0,0,0
321,37.1000000000003,9,1042.04284859716,3.5,0,13.0165833136674,0,0,0
321,37.1000000000003,10,74.370654900363,11,0,0,0,0,0
321,37.1000000000003,11,400.507363552497,-4,0,0,0,0,0
321,37.2000000000003,1,364.4745901753,3.5,0,10.654265678442,0,0,0
321,37.2000000000003,2,430.274692126527,0,0,8.71226459811722,0,0,0
321,37.2000000000003,3,799.979211364864,0,0,14.2341960772599,0,0,0
321,37.2000000000003,4,975.833084972949,3.5,0,18.5093928194244,0,0,0
321,37.2000000000003,5,831.39604716456,0,0,13.0208281448378,0,0,0
321,37.2000000000003,6,499.892159817697,3.5,0,3.64257351291575,0,0,0
321,37.2000000000003,7,926.871103495401,0,0,19.9425278857157,0,0,0
321,37.2000000000003,8,554.219360059308,3.5,0,6.07291562533298,0,0,0
321,37.2000000000003,9,1043.34410429133,3.5,0,13.0085305696375,0,0,0
321,37.2000000000003,10,74.370654900363,11,0,0,0,0,0
321,37.2000000000003,11,400.507363552497,-4,0,0,0,0,0
321,37.3000000000003,1,365.539911916343,3.5,0,10.6521691424208,0,0,0
321,37.3000000000003,2,431.139243580899,0,0,8.57876448933055,0,0,0
321,37.3000000000003,3,801.403944171488,0,0,14.2604600552241,0,0,0
321,37.3000000000003,4,977.68402423341,3.5,0,18.5093923897892,0,0,0
321,37.3000000000003,5,832.698007186226,0,0,13.0183722884857,0,0,0
321,37.3000000000003,6,500.256538021508,3.5,0,3.64499056330204,0,0,0
321,37.3000000000003,7,928.865463399866,0,0,19.944670203585,0,0,0
321,37.3000000000003,8,554.826846616434,3.5,0,6.07681551718805,0,0,0
321,37.3000000000003,9,1044.64459497481,3.5,0,13.0012831000107,0,0,0
321,37.3000000000003,10,74.370654900363,11,0,0,0,0,0
321,37.3000000000003,11,400.507363552497,-4,0,0,0,0,0
321,37.4000000000003,1,366.605022077526,3.5,0,10.6500340812308,0,0,0
321,37.4000000000003,2,431.991112524937,0,0,8.45861439142255,0,0,0
321,37.4000000000003,3,802.831172056019,0,0,14.2840976353919,0,0,0
321,37.4000000000003,4,979.534963453055,3.5,0,18.5093920031176,0,0,0
321,37.4000000000003,5,833.999733901539,0,0,13.0161620177689,0,0,0
321,37.4000000000003,6,500.621145845106,3.5,0,3.6471659086497,0,0,0
321,37.4000000000003,7,930.860026824529,0,0,19.9465982896674,0,0,0
321,37.4000000000003,8,555.434703663287,3.5,0,6.08032541985762,0,0,0
321,37.4000000000003,9,1045.94439714868,3.5,0,12.9947603773465,0,0,0
321,37.4000000000003,10,74.370654900363,11,0,0,0,0,0
321,37.4000000000003,11,400.507363552497,-4,0,0,0,0,0
321,37.5000000000003,1,367.669916773493,3.5,0,10.6478598381057,0,0,0
321,37.5000000000003,2,432.831567209673,0,0,8.35047930330535,0,0,0
321,37.5000000000003,3,804.260645510666,0,0,14.3053714575429,0,0,0
321,37.5000000000003,4,981.385902635967,3.5,0,18.5093916551132,0,0,0
321,37.5000000000003,5,835.301250641134,0,0,13.0141727741238,0,0,0
321,37.5000000000003,6,500.985960326512,3.5,0,3.64912371946259,0,0,0
321,37.5000000000003,7,932.85477341737,0,0,19.9483335671415,0,0,0
321,37.5000000000003,8,556.042894150892,3.5,0,6.08348433226023,0,0,0
321,37.5000000000003,9,1047.24357966389,3.5,0,12.9888899269487,0,0,0
321,37.5000000000003,10,74.370654900363,11,0,0,0,0,0
321,37.5000000000003,11,400.507363552497,-4,0,0,0,0,0
321,37.6000000000003,1,368.734592054633,3.5,0,10.6456457846986,0,0,0
321,37.6000000000003,2,433.661749061038,0,0,8.25315772399987,0,0,0
321,37.6000000000003,3,805.692139978417,0,0,14.3245178974787,0,0,0
321,37.6000000000003,4,983.236841785818,3.5,0,18.5093913419091,0,0,0
321,37.6000000000003,5,836.602578402582,0,0,13.0123824548432,0,0,0
321,37.6000000000003,6,501.350960799944,3.5,0,3.6508857491942,0,0,0
321,37.6000000000003,7,934.84968486157,0,0,19.9498953168682,0,0,0
321,37.6000000000003,8,556.651384735177,3.5,0,6.08632735342257,0,0,0
321,37.6000000000003,9,1048.54220448632,3.5,0,12.9836065215908,0,0,0
321,37.6000000000003,10,74.370654900363,11,0,0,0,0,0
321,37.6000000000003,11,400.507363552497,-4,0,0,0,0,0
321,37.7000000000003,1,369.799043909619,3.5,0,10.6433913150179,0,0,0
321,37.7000000000003,2,434.482685362369,0,0,8.16556830262494,0,0,0
321,37.7000000000003,3,807.125453357962,0,0,14.3417496934211,0,0,0
321,37.7000000000003,4,985.087780905914,3.5,0,18.5093910600255,0,0,0
321,37.7000000000003,5,837.903736083699,0,0,13.0107711674906,0,0,0
321,37.7000000000003,6,501.716128666202,3.5,0,3.65247157595264,0,0,0
321,37.7000000000003,7,936.844744671994,0,0,19.9513008916223,0,0,0
321,37.7000000000003,8,557.260145406471,3.5,0,6.08888607246868,0,0,0
321,37.7000000000003,9,1049.84032738524,3.5,0,12.9788514567686,0,0,0
321,37.7000000000003,10,74.370654900363,11,0,0,0,0,0
321,37.7000000000003,11,400.507363552497,-4,0,0,0,0,0
321,37.8000000000003,1,370.863268267369,3.5,0,10.6410958399899,0,0,0
321,37.8000000000003,2,435.29530066867,0,0,8.0867378233875,0,0,0
321,37.8000000000003,3,808.560403758121,0,0,14.3572583097691,0,0,0
321,37.8000000000003,4,986.938719999232,3.5,0,18.5093908063303,0,0,0
321,37.8000000000003,5,839.204740692517,0,0,13.0093210088733,0,0,0
321,37.8000000000003,6,502.081447186001,3.5,0,3.65389882003524,0,0,0
321,37.8000000000003,7,938.839938012021,0,0,19.9525659089009,0,0,0
321,37.8000000000003,8,557.869149156075,3.5,0,6.09118891961018,0,0,0
321,37.8000000000003,9,1051.13799855299,3.5,0,12.9745718984286,0,0,0
321,37.8000000000003,10,74.370654900363,11,0,0,0,0,0
321,37.8000000000003,11,400.507363552497,-4,0,0,0,0,0
321,37.9000000000003,1,371.927260998498,3.5,0,10.6387587825803,0,0,0
321,37.9000000000003,2,436.100427079443,0,0,8.0157903920738,0,0,0
321,37.9000000000003,3,809.996827476834,0,0,14.3712160644824,0,0,0
321,37.9000000000003,4,988.789659068449,3.5,0,18.5093905780046,0,0,0
321,37.9000000000003,5,840.505607536267,0,0,13.0080158661177,0,0,0
321,37.9000000000003,6,502.446901293988,3.5,0,3.65518333970958,0,0,0
321,37.9000000000003,7,940.835251528688,0,0,19.9537044244517,0,0,0
321,37.9000000000003,8,558.478371676157,3.5,0,6.09326148203754,0,0,0
321,37.9000000000003,9,1052.43526316271,3.5,0,12.9707202959227,0,0,0
321,37.9000000000003,10,74.370654900363,11,0,0,0,0,0
321,37.9000000000003,11,400.507363552497,-4,0,0,0,0,0
321,38.0000000000003,1,372.991017916297,3.5,0,10.6363795734163,0,0,0
321,38.0000000000003,2,436.898813484241,0,0,7.95193770389147,0,0,0
321,38.0000000000003,3,811.434577182244,0,0,14.3837780437243,0,0,0
321,38.0000000000003,4,990.640598115975,3.5,0,18.5093903725114,0,0,0
321,38.0000000000003,5,841.806350391454,0,0,13.0068412376377,0,0,0
321,38.0000000000003,6,502.812477431345,3.5,0,3.65633940741648,0,0,0
321,38.0000000000003,7,942.830673204333,0,0,19.9547290884474,0,0,0
321,38.0000000000003,8,559.08779108967,3.5,0,6.09512678822215,0,0,0
321,38.0000000000003,9,1053.73216187019,3.5,0,12.9672538536673,0,0,0
321,38.0000000000003,10,74.370654900363,11,0,0,0,0,0
321,38.0000000000003,11,400.507363552497,-4,0,0,0,0,0
321,38.1000000000003,1,374.054534777311,3.5,0,10.6339576468569,0,0,0
321,38.1000000000003,2,437.691133883662,0,0,7.89447028452738,0,0,0
321,38.1000000000003,3,812.873520275682,0,0,14.3950838250421,0,0,0
321,38.1000000000003,4,992.503841552426,3.5,0,18.755478356518,0,0,0
321,38.1000000000003,5,843.106981656936,0,0,13.0057840720057,0,0,0
321,38.1000000000003,6,503.178163395133,3.5,0,3.6573798683527,0,0,0
321,38.1000000000003,7,944.826192223058,0,0,19.9556512860435,0,0,0
321,38.1000000000003,8,559.697387707271,3.5,0,6.0968055637883,0,0,0
321,38.1000000000003,9,1055.02873126566,3.5,0,12.9641340556375,0,0,0
321,38.1000000000003,10,74.370654900363,11,0,0,0,0,0
321,38.1000000000003,11,400.507363552497,-4,0,0,0,0,0
321,38.2000000000003,1,375.117807281527,3.5,0,10.6314924374639,0,0,0
321,38.2000000000003,2,438.477994878244,0,0,7.8427496070997,0,0,0
321,38.2000000000003,3,814.313537418346,0,0,14.4052590282281,0,0,0
321,38.2000000000003,4,994.390463347358,3.5,0,18.9769575421239,0,0,0
321,38.2000000000003,5,844.407512491684,0,0,13.0048326229369,0,0,0
321,38.2000000000003,6,503.54394820271,3.5,0,3.65831628319529,0,0,0
321,38.2000000000003,7,946.821798850554,0,0,19.95648126388,0,0,0
321,38.2000000000003,8,560.30714380855,3.5,0,6.09831646179784,0,0,0
321,38.2000000000003,9,1056.32500428031,3.5,0,12.9613262374106,0,0,0
321,38.2000000000003,10,74.370654900363,11,0,0,0,0,0
321,38.2000000000003,11,400.507363552497,-4,0,0,0,0,0
321,38.3000000000003,1,376.180831072242,3.5,0,10.6289833768289,0,0,0
321,38.3000000000003,2,439.259942408469,0,0,7.79620099741478,0,0,0
321,38.3000000000003,3,815.754521205312,0,0,14.4144167110954,0,0,0
321,38.3000000000003,4,996.298125664923,3.5,0,19.1762888091692,0,0,0
321,38.3000000000003,5,845.707952938769,0,0,13.003976318775,0,0,0
321,38.3000000000003,6,503.909821969698,3.5,0,3.65915905655363,0,0,0
321,38.3000000000003,7,948.817484325945,0,0,19.9572282439329,0,0,0
321,38.3000000000003,8,560.91704344514,3.5,0,6.09967627000643,0,0,0
321,38.3000000000003,9,1057.62101055223,3.5,0,12.9587992010065,0,0,0
321,38.3000000000003,10,74.370654900363,11,0,0,0,0,0
321,38.3000000000003,11,400.507363552497,-4,0,0,0,0,0
321,38.4000000000003,1,377.243601735619,3.5,0,10.6264298907192,0,0,0
321,38.4000000000003,2,440.037467820775,0,0,7.75430724869836,0,0,0
321,38.4000000000003,3,817.196374972151,0,0,14.4226586256761,0,0,0
321,38.4000000000003,4,998.224724452857,3.5,0,19.35568694951,0,0,0
321,38.4000000000003,5,847.008312036959,0,0,13.0032056450292,0,0,0
321,38.4000000000003,6,504.275775800154,3.5,0,3.65991755257613,0,0,0
321,38.4000000000003,7,950.81324076444,0,0,19.9579005259805,0,0,0
321,38.4000000000003,8,561.52707226351,3.5,0,6.10090009739415,0,0,0
321,38.4000000000003,9,1058.91677675569,3.5,0,12.9565248682427,0,0,0
321,38.4000000000003,10,74.370654900363,11,0,0,0,0,0
321,38.4000000000003,11,400.507363552497,-4,0,0,0,0,0
321,38.5000000000003,1,378.306114799981,3.5,0,10.6238313965076,0,0,0
321,38.5000000000003,2,440.811013326953,0,0,7.71660287485357,0,0,0
321,38.5000000000003,3,818.639011720874,0,0,14.4300763487986,0,0,0
321,38.5000000000003,4,1000.16836606412,3.5,0,19.5171452758167,0,0,0
321,38.5000000000003,5,848.308597921144,0,0,13.0025120386581,0,0,0
321,38.5000000000003,6,504.641801687733,3.5,0,3.66060019899638,0,0,0
321,38.5000000000003,7,952.80906106973,0,0,19.9585055798233,0,0,0
321,38.5000000000003,8,562.137217345482,3.5,0,6.10200154204311,0,0,0
321,38.5000000000003,9,1060.21232689754,3.5,0,12.9544779687553,0,0,0
321,38.5000000000003,10,74.370654900363,11,0,0,0,0,0
321,38.5000000000003,11,400.507363552497,-4,0,0,0,0,0
321,38.6000000000003,1,379.368365734849,3.5,0,10.6211873008529,0,0,0
321,38.6000000000003,2,441.580976917615,0,0,7.68266893839327,0,0,0
321,38.6000000000003,3,820.082353153295,0,0,14.436752299609,0,0,0
321,38.6000000000003,4,1002.12734621639,3.5,0,19.6624577694928,0,0,0
321,38.6000000000003,5,849.608817912723,0,0,13.001887792924,0,0,0
321,38.6000000000003,6,505.007892426722,3.5,0,3.6612145807746,0,0,0
321,38.6000000000003,7,954.804938855136,0,0,19.9590501282818,0,0,0
321,38.6000000000003,8,562.747467064696,3.5,0,6.10299284222717,0,0,0
321,38.6000000000003,9,1061.50768258394,3.5,0,12.9526357592167,0,0,0
321,38.6000000000003,10,74.370654900363,11,0,0,0,0,0
321,38.6000000000003,11,400.507363552497,-4,0,0,0,0,0
321,38.7000000000003,1,380.430349949772,3.5,0,10.6184969976048,0,0,0
321,38.7000000000003,2,442.347716784314,0,0,7.652128395579,0,0,0
321,38.7000000000003,3,821.526328801042,0,0,14.4427606553382,0,0,0
321,38.7000000000003,4,1004.10013105555,3.5,0,19.7932390138012,0,0,0
321,38.7000000000003,5,850.908978600957,0,0,13.0013259717634,0,0,0
321,38.7000000000003,6,505.374041531979,3.5,0,3.66176752437501,0,0,0
321,38.7000000000003,7,956.800868372644,0,0,19.9595402218945,0,0,0
321,38.7000000000003,8,563.357810957427,3.5,0,6.10388501239282,0,0,0
321,38.7000000000003,9,1062.80286326043,3.5,0,12.9509777706319,0,0,0
321,38.7000000000003,10,74.370654900363,11,0,0,0,0,0
321,38.7000000000003,11,400.507363552497,-4,0,0,0,0,0
321,38.8000000000003,1,381.492062792947,3.5,0,10.6157598659061,0,0,0
321,38.8000000000003,2,443.111555299445,0,0,7.62464190704615,0,0,0
321,38.8000000000003,3,822.970875242584,0,0,14.4481681754946,0,0,0
321,38.8000000000003,4,1006.08534011293,3.5,0,19.9109421336788,0,0,0
321,38.8000000000003,5,852.209085916181,0,0,13.0008203327188,0,0,0
321,38.8000000000003,6,505.740243166879,3.5,0,3.66226517361537,0,0,0
321,38.8000000000003,7,958.796844449046,0,0,19.9599813061459,0,0,0
321,38.8000000000003,8,563.968239606324,3.5,0,6.10468796554191,0,0,0
321,38.8000000000003,9,1064.09788642801,3.5,0,12.9494855809056,0,0,0
321,38.8000000000003,10,74.370654900363,11,0,0,0,0,0
321,38.8000000000003,11,400.507363552497,-4,0,0,0,0,0
321,38.9000000000003,1,382.553499549666,3.5,0,10.6129752684698,0,0,0
321,38.9000000000003,2,443.872782598166,0,0,7.59990406736659,0,0,0
321,38.9000000000003,3,824.41593539854,0,0,14.4530349436353,0,0,0
321,38.9000000000003,4,1008.08173096669,3.5,0,20.0168749415686,0,0,0
321,38.9000000000003,5,853.509145195696,0,0,13.0003652575787,0,0,0
321,38.9000000000003,6,506.106492078456,3.5,0,3.66271305793169,0,0,0
321,38.9000000000003,7,960.792862428452,0,0,19.9603782819722,0,0,0
321,38.9000000000003,8,564.57874453577,3.5,0,6.10541062337608,0,0,0
321,38.9000000000003,9,1065.39276783756,3.5,0,12.948142610152,0,0,0
321,38.9000000000003,10,74.370654900363,11,0,0,0,0,0
321,38.9000000000003,11,400.507363552497,-4,0,0,0,0,0
321,39.0000000000003,1,383.61465544059,3.5,0,10.61014255001,0,0,0
321,39.0000000000003,2,444.631659802117,0,0,7.57764001165498,0,0,0
321,39.0000000000003,3,825.86145789747,0,0,14.457415034962,0,0,0
321,39.0000000000003,4,1010.0881854372,3.5,0,20.1122144686695,0,0,0
321,39.0000000000003,5,854.809161243073,0,0,12.9999556899526,0,0,0
321,39.0000000000003,6,506.472783539043,3.5,0,3.66311615381639,0,0,0
321,39.0000000000003,7,962.788918120562,0,0,19.9607355602159,0,0,0
321,39.0000000000003,8,565.18931811771,3.5,0,6.10606101542685,0,0,0
321,39.0000000000003,9,1066.68752166489,3.5,0,12.9469339364737,0,0,0
321,39.0000000000003,10,74.370654900363,11,0,0,0,0,0
321,39.0000000000003,11,400.507363552497,-4,0,0,0,0,0
321,39.1000000000003,1,384.675525619881,3.5,0,10.6072610358079,0,0,0
321,39.1000000000003,2,445.388421920775,0,0,7.55760236151454,0,0,0
321,39.1000000000003,3,827.307396505076,0,0,14.461357117156,0,0,0
321,39.1000000000003,4,1012.10369716279,3.5,0,20.1980200430603,0,0,0
321,39.1000000000003,5,856.109138381525,0,0,12.9995870790891,0,0,0
321,39.1000000000003,6,506.83911329374,3.5,0,3.66347894011261,0,0,0
321,39.1000000000003,7,964.785007754104,0,0,19.9610571106351,0,0,0
321,39.1000000000003,8,565.799953486895,3.5,0,6.10664636827253,0,0,0
321,39.1000000000003,9,1067.98216066823,3.5,0,12.9458461301632,0,0,0
321,39.1000000000003,10,74.370654900363,11,0,0,0,0,0
321,39.1000000000003,11,400.507363552497,-4,0,0,0,0,0
321,39.2000000000003,1,385.736105173191,3.5,0,10.6043300303959,0,0,0
321,39.2000000000003,2,446.14328046267,0,0,7.53956847638814,0,0,0
321,39.2000000000003,3,828.75370961049,0,0,14.4649049911305,0,0,0
321,39.2000000000003,4,1014.12736041794,3.5,0,20.275245060012,0,0,0
321,39.2000000000003,5,857.409080501945,0,0,12.9992553293119,0,0,0
321,39.2000000000003,6,507.205477513134,3.5,0,3.66380544777921,0,0,0
321,39.2000000000003,7,966.781127934937,0,0,19.9613465060125,0,0,0
321,39.2000000000003,8,566.4106444646,3.5,0,6.10717318583365,0,0,0
321,39.2000000000003,9,1069.27669632996,3.5,0,12.9448671044838,0,0,0
321,39.2000000000003,10,74.370654900363,11,0,0,0,0,0
321,39.2000000000003,11,400.507363552497,-4,0,0,0,0,0
321,39.3000000000003,1,386.796389115528,3.5,0,10.6013488163449,0,0,0
321,39.3000000000003,2,446.896425785478,0,0,7.52333797977438,0,0,0
321,39.3000000000003,3,830.200359763932,0,0,14.4680980777077,0,0,0
321,39.3000000000003,4,1016.15836004971,3.5,0,20.3447475752685,0,0,0
321,39.3000000000003,5,858.708991106136,0,0,12.9989567545125,0,0,0
321,39.3000000000003,6,507.571872750757,3.5,0,3.66409930467916,0,0,0
321,39.3000000000003,7,968.77727560833,0,0,19.9616069618521,0,0,0
321,39.3000000000003,8,567.021385489974,3.5,0,6.10764732163865,0,0,0
321,39.3000000000003,9,1070.57113898425,3.5,0,12.9439859813723,0,0,0
321,39.3000000000003,10,74.370654900363,11,0,0,0,0,0
321,39.3000000000003,11,400.507363552497,-4,0,0,0,0,0
321,39.4000000000003,1,387.856372389002,3.5,0,10.5983166531402,0,0,0
321,39.4000000000003,2,447.648029211108,0,0,7.50873053282199,0,0,0
321,39.4000000000003,3,831.647313260599,0,0,14.4709718556271,0,0,0
321,39.4000000000003,4,1018.19596242042,3.5,0,20.4072998389993,0,0,0
321,39.4000000000003,5,859.996386781587,0,0,12.7489567545125,0,0,0
321,39.4000000000003,6,507.938295904786,3.5,0,3.6643637758891,0,0,0
321,39.4000000000003,7,970.773448025028,0,0,19.9618413721078,0,0,0
321,39.4000000000003,8,567.632171558249,3.5,0,6.10807404386315,0,0,0
321,39.4000000000003,9,1071.86549793185,3.5,0,12.943192970572,0,0,0
321,39.4000000000003,10,74.370654900363,11,0,0,0,0,0
321,39.4000000000003,11,400.507363552497,-4,0,0,0,0,0
321,39.5000000000003,1,388.916049860466,3.5,0,10.5952327761345,0,0,0
321,39.5000000000003,2,448.398244929278,0,0,7.49558383056485,0,0,0
321,39.5000000000003,3,833.094539766168,0,0,14.4735582557546,0,0,0
321,39.5000000000003,4,1020.23950725619,3.5,0,20.4635968763571,0,0,0
321,39.5000000000003,5,861.258782457038,0,0,12.4989567545125,0,0,0
321,39.5000000000003,6,508.304744183579,3.5,0,3.66460179997806,0,0,0
321,39.5000000000003,7,972.7696427107,0,0,19.9620523413379,0,0,0
321,39.5000000000003,8,568.242998165135,3.5,0,6.10845809386521,0,0,0
321,39.5000000000003,9,1073.15978154342,3.5,0,12.9424792608517,0,0,0
321,39.5000000000003,10,74.370654900363,11,0,0,0,0,0
321,39.5000000000003,11,400.507363552497,-4,0,0,0,0,0
321,39.6000000000003,1,389.975416319051,3.5,0,10.5920963955661,0,0,0
321,39.6000000000003,2,449.147211710732,0,0,7.48375179853342,0,0,0
321,39.6000000000003,3,834.542011979749,0,0,14.4758860158693,0,0,0
321,39.6000000000003,4,1022.2884003105,3.5,0,20.5142642099791,0,0,0
321,39.6000000000003,5,862.49617813249,0,0,12.2489567545125,0,0,0
321,39.6000000000003,6,508.671215074661,3.5,0,3.66481602165811,0,0,0
321,39.6000000000003,7,974.765857438449,0,0,19.9622422136449,0,0,0
321,39.6000000000003,8,568.853861256772,3.5,0,6.10880373886706,0,0,0
321,39.6000000000003,9,1074.45399735257,3.5,0,12.9418369221034,0,0,0
321,39.6000000000003,10,74.370654900363,11,0,0,0,0,0
321,39.6000000000003,11,400.507363552497,-4,0,0,0,0,0
321,39.7000000000003,1,391.034466473611,3.5,0,10.5889066956323,0,0,0
321,39.7000000000003,2,449.895054449144,0,0,7.47310296970513,0,0,0
321,39.7000000000003,3,835.989705330542,0,0,14.4779809999725,0,0,0
321,39.7000000000003,4,1024.34210676151,3.5,0,20.5598648102389,0,0,0
321,39.7000000000003,5,863.708573807941,0,0,11.9989567545125,0,0,0
321,39.7000000000003,6,509.037706316802,3.5,0,3.66500882117017,0,0,0
321,39.7000000000003,7,976.762090204068,0,0,19.9624130987213,0,0,0
321,39.7000000000003,8,569.464757184683,3.5,0,6.10911481936872,0,0,0
321,39.7000000000003,9,1075.74815213953,3.5,0,12.94125881723,0,0,0
321,39.7000000000003,10,74.370654900363,11,0,0,0,0,0
321,39.7000000000003,11,400.507363552497,-4,0,0,0,0,0
321,39.8000000000003,1,392.093194950073,3.5,0,10.5856628336096,0,0,0
321,39.8000000000003,2,450.641885548818,0,0,7.46351902375967,0,0,0
321,39.8000000000003,3,837.437597704823,0,0,14.4798664856655,0,0,0
321,39.8000000000003,4,1026.40014526955,3.5,0,20.6009053504728,0,0,0
321,39.8000000000003,5,864.895969483392,0,0,11.7489567545125,0,0,0
321,39.8000000000003,6,509.404215874897,3.5,0,3.66518234073101,0,0,0
321,39.8000000000003,7,978.758339203768,0,0,19.9625668952901,0,0,0
321,39.8000000000003,8,570.075682665243,3.5,0,6.10939479182022,0,0,0
321,39.8000000000003,9,1077.04225200654,3.5,0,12.9407385228439,0,0,0
321,39.8000000000003,10,74.370654900363,11,0,0,0,0,0
321,39.8000000000003,11,400.507363552497,-4,0,0,0,0,0
321,39.9000000000003,1,393.151596288704,3.5,0,10.5823639390109,0,0,0
321,39.9000000000003,2,451.387806173626,0,0,7.45489347240876,0,0,0
321,39.9000000000003,3,838.885669200246,0,0,14.4815634227891,0,0,0
321,39.9000000000003,4,1028.46208262891,3.5,0,20.6378418366832,0,0,0
321,39.9000000000003,5,866.058365158843,0,0,11.4989567545125,0,0,0
321,39.9000000000003,6,509.770741917351,3.5,0,3.66533850833578,0,0,0
321,39.9000000000003,7,980.754602814143,0,0,19.9627053122019,0,0,0
321,39.9000000000003,8,570.686634743185,3.5,0,6.10964676702656,0,0,0
321,39.9000000000003,9,1078.33630244557,3.5,0,12.9402702578964,0,0,0
321,39.9000000000003,10,74.370654900363,11,0,0,0,0,0
321,39.9000000000003,11,400.507363552497,-4,0,0,0,0,0
321,40.0000000000003,1,394.209664941293,3.5,0,10.5790091127738,0,0,0
321,40.0000000000003,2,452.132907371056,0,0,7.44713047619293,0,0,0
321,40.0000000000003,3,840.333901904696,0,0,14.4830906662004,0,0,0
321,40.0000000000003,4,1030.52752895446,3.5,0,20.6710846742726,0,0,0
321,40.0000000000003,5,867.195760834294,0,0,11.2489567545125,0,0,0
321,40.0000000000003,6,510.137282795727,3.5,0,3.66547905918006,0,0,0
321,40.0000000000003,7,982.750879574124,0,0,19.9628298874226,0,0,0
321,40.0000000000003,8,571.297610758772,3.5,0,6.10987354471228,0,0,0
321,40.0000000000003,9,1079.63030839944,3.5,0,12.9398488194436,0,0,0
321,40.0000000000003,10,74.370654900363,11,0,0,0,0,0
321,40.0000000000003,11,400.507363552497,-4,0,0,0,0,0
321,40.1000000000003,1,395.267395268256,3.5,0,10.5755974264724,0,0,0
321,40.1000000000003,2,452.877271083846,0,0,7.44014377959869,0,0,0
321,40.1000000000003,3,841.782279697269,0,0,14.4844651852705,0,0,0
321,40.1000000000003,4,1032.59613334957,3.5,0,20.701003228103,0,0,0
321,40.1000000000003,5,868.308156509746,0,0,10.9989567545125,0,0,0
321,40.1000000000003,6,510.503837026433,3.5,0,3.66560555493992,0,0,0
321,40.1000000000003,7,984.747168168751,0,0,19.9629420051212,0,0,0
321,40.1000000000003,8,571.908608318239,3.5,0,6.11007764462942,0,0,0
321,40.1000000000003,9,1080.92427431666,3.5,0,12.9394695248362,0,0,0
321,40.1000000000003,10,74.370654900363,11,0,0,0,0,0
321,40.1000000000003,11,400.507363552497,-4,0,0,0,0,0
321,40.2000000000003,1,396.324781535657,3.5,0,10.5721279215466,0,0,0
321,40.2000000000003,2,453.620971060459,0,0,7.43385575266388,0,0,0
321,40.2000000000003,3,843.230788069155,0,0,14.4857022524336,0,0,0
321,40.2000000000003,4,1034.66758000731,3.5,0,20.7279299265505,0,0,0
321,40.2000000000003,5,869.395552185197,0,0,10.7489567545125,0,0,0
321,40.2000000000003,6,510.870403274236,3.5,0,3.66571940112379,0,0,0
321,40.2000000000003,7,986.74346741456,0,0,19.96304291105,0,0,0
321,40.2000000000003,8,572.519625267199,3.5,0,6.11026133455485,0,0,0
321,40.2000000000003,9,1082.21820420088,3.5,0,12.9391281596895,0,0,0
321,40.2000000000003,10,74.370654900363,11,0,0,0,0,0
321,40.2000000000003,11,400.507363552497,-4,0,0,0,0,0
321,40.3000000000003,1,397.381817912161,3.5,0,10.5685996085433,0,0,0
321,40.3000000000003,2,454.364073674513,0,0,7.42819652842254,0,0,0
321,40.3000000000003,3,844.67941396242,0,0,14.4868156128805,0,0,0
321,40.3000000000003,4,1036.74158470139,3.5,0,20.7521639551531,0,0,0
321,40.3000000000003,5,870.457947860648,0,0,10.4989567545125,0,0,0
321,40.3000000000003,6,511.236980337426,3.5,0,3.66582186268927,0,0,0
321,40.3000000000003,7,988.739776246432,0,0,19.9631337263858,0,0,0
321,40.3000000000003,8,573.130659666701,3.5,0,6.11042665548773,0,0,0
321,40.3000000000003,9,1083.51210165542,3.5,0,12.9388209310574,0,0,0
321,40.3000000000003,10,74.370654900363,11,0,0,0,0,0
321,40.3000000000003,11,400.507363552497,-4,0,0,0,0,0
321,40.4000000000003,1,398.438498465906,3.5,0,10.5650114663649,0,0,0
321,40.4000000000003,2,455.106638662265,0,0,7.42310322660534,0,0,0
321,40.4000000000003,3,846.128145624928,0,0,14.4878176372826,0,0,0
321,40.4000000000003,4,1038.81789162819,3.5,0,20.7739745808955,0,0,0
321,40.4000000000003,5,871.495343536099,0,0,10.2489567545125,0,0,0
321,40.4000000000003,6,511.603567134466,3.5,0,3.66591407809821,0,0,0
321,40.4000000000003,7,990.73609370576,0,0,19.9632154601881,0,0,0
321,40.4000000000003,8,573.741709771691,3.5,0,6.11057544432733,0,0,0
321,40.4000000000003,9,1084.80596992324,3.5,0,12.9385444252886,0,0,0
321,40.4000000000003,10,74.370654900363,11,0,0,0,0,0
321,40.4000000000003,11,400.507363552497,-4,0,0,0,0,0
321,40.5000000000003,1,399.494817161301,3.5,0,10.56136244152,0,0,0
321,40.5000000000003,2,455.848719786343,0,0,7.41851925496986,0,0,0
321,40.5000000000003,3,847.576972479755,0,0,14.4887194592445,0,0,0
321,40.5000000000003,4,1040.89627056444,3.5,0,20.7936041440637,0,0,0
321,40.5000000000003,5,872.50773921155,0,0,9.99895675451248,0,0,0
321,40.5000000000003,6,511.970162691969,3.5,0,3.66599707196625,0,0,0
321,40.5000000000003,7,992.7324189298,0,0,19.9632890206102,0,0,0
321,40.5000000000003,8,574.352774011622,3.5,0,6.11070935428296,0,0,0
321,40.5000000000003,9,1086.09981192301,3.5,0,12.9382955700966,0,0,0
321,40.5000000000003,10,74.370654900363,11,0,0,0,0,0
321,40.5000000000003,11,400.507363552497,-4,0,0,0,0,0
321,40.6000000000003,1,400.550767855745,3.5,0,10.5576514473721,0,0,0
321,40.6000000000003,2,456.590365433117,0,0,7.41439368049793,0,0,0
321,40.6000000000003,3,849.025885007667,0,0,14.4895310990102,0,0,0
321,40.6000000000003,4,1042.97651430919,3.5,0,20.811270750915,0,0,0
321,40.6000000000003,5,873.495134887002,0,0,9.74895675451248,0,0,0
321,40.6000000000003,6,512.33676613389,3.5,0,3.66607176644749,0,0,0
321,40.6000000000003,7,994.716247831861,0,0,19.7132890206102,0,0,0
321,40.6000000000003,8,574.963850972998,3.5,0,6.11082987324304,0,0,0
321,40.6000000000003,9,1087.39363028153,3.5,0,12.9380716004239,0,0,0
321,40.6000000000003,10,74.370654900363,11,0,0,0,0,0
321,40.6000000000003,11,400.507363552497,-4,0,0,0,0,0
321,40.7000000000003,1,401.606344296283,3.5,0,10.5538773633834,0,0,0
321,40.7000000000003,2,457.331619150315,0,0,7.41068066347319,0,0,0
321,40.7000000000003,3,850.474874641358,0,0,14.4902615747994,0,0,0
321,40.7000000000003,4,1045.05843638159,3.5,0,20.8271706970813,0,0,0
321,40.7000000000003,5,874.457530562453,0,0,9.49895675451248,0,0,0
321,40.7000000000003,6,512.703376671786,3.5,0,3.6661389914806,0,0,0
321,40.7000000000003,7,996.675076733922,0,0,19.4632890206102,0,0,0
321,40.7000000000003,8,575.574939383676,3.5,0,6.1109383403071,0,0,0
321,40.7000000000003,9,1088.68742736294,3.5,0,12.9378700277184,0,0,0
321,40.7000000000003,10,74.370654900363,11,0,0,0,0,0
321,40.7000000000003,11,400.507363552497,-4,0,0,0,0,0
321,40.8000000000003,1,402.66154011617,3.5,0,10.5500390343489,0,0,0
321,40.8000000000003,2,458.072520130896,0,0,7.40733894815093,0,0,0
321,40.8000000000003,3,851.923933670248,0,0,14.4909190030096,0,0,0
321,40.8000000000003,4,1047.14186894888,3.5,0,20.8414806486308,0,0,0
321,40.8000000000003,5,875.394926237904,0,0,9.24895675451248,0,0,0
321,40.8000000000003,6,513.069993596061,3.5,0,3.66619949401041,0,0,0
321,40.8000000000003,7,998.608905635983,0,0,19.2132890206102,0,0,0
321,40.8000000000003,8,576.186038098724,3.5,0,6.11103596066476,0,0,0
321,40.8000000000003,9,1089.98120529494,3.5,0,12.9376886122834,0,0,0
321,40.8000000000003,10,74.370654900363,11,0,0,0,0,0
321,40.8000000000003,11,400.507363552497,-4,0,0,0,0,0
321,40.9000000000003,1,403.716348831368,3.5,0,10.5461352696187,0,0,0
321,40.9000000000003,2,458.813103648522,0,0,7.40433140436089,0,0,0
321,40.9000000000003,3,853.373055154819,0,0,14.4915106883989,0,0,0
321,40.9000000000003,4,1049.22666096156,3.5,0,20.8543596050255,0,0,0
321,40.9000000000003,5,876.30749458902,0,0,9.00241026780053,0,0,0
321,40.9000000000003,6,513.436616268076,3.5,0,3.66625394628723,0,0,0
321,40.9000000000003,7,1000.51773453804,0,0,18.9632890206102,0,0,0
321,40.9000000000003,8,576.797146087707,3.5,0,6.11112381898665,0,0,0
321,40.9000000000003,9,1091.27496599247,3.5,0,12.937525338392,0,0,0
321,40.9000000000003,10,74.370654900363,11,0,0,0,0,0
321,40.9000000000003,11,400.507363552497,-4,0,0,0,0,0
321,41.0000000000003,1,404.770763836964,3.5,0,10.5421648423051,0,0,0
321,41.0000000000003,2,459.553401449488,0,0,7.40162461494985,0,0,0
321,41.0000000000003,3,854.822232849501,0,0,14.4920432052492,0,0,0
321,41.0000000000003,4,1051.3126764751,3.5,0,20.8659506657806,0,0,0
321,41.0000000000003,5,877.196641023898,0,0,8.78051842975978,0,0,0
321,41.0000000000003,6,513.803244113057,3.5,0,3.66630295333637,0,0,0
321,41.0000000000003,7,1002.40156344011,0,0,18.7132890206102,0,0,0
321,41.0000000000003,8,577.40826242323,3.5,0,6.11120289147636,0,0,0
321,41.0000000000003,9,1092.56871117899,3.5,0,12.9373783918897,0,0,0
321,41.0000000000003,10,74.370654900363,11,0,0,0,0,0
321,41.0000000000003,11,400.507363552497,-4,0,0,0,0,0
321,41.1000000000003,1,405.824778403503,3.5,0,10.5381264884719,0,0,0
321,41.1000000000003,2,460.293442105459,0,0,7.39918850447992,0,0,0
321,41.1000000000003,3,856.271461133284,0,0,14.4925224704144,0,0,0
321,41.1000000000003,4,1053.39979313941,3.5,0,20.8763826204603,0,0,0
321,41.1000000000003,5,878.064707734162,0,0,8.5808157755231,0,0,0
321,41.1000000000003,6,514.169876613708,3.5,0,3.6663470596806,0,0,0
321,41.1000000000003,7,1004.26039234217,0,0,18.4632890206102,0,0,0
321,41.1000000000003,8,578.01938627064,3.5,0,6.11127405671709,0,0,0
321,41.1000000000003,9,1093.86244240558,3.5,0,12.9372461400376,0,0,0
321,41.1000000000003,10,74.370654900363,11,0,0,0,0,0
321,41.1000000000003,11,400.507363552497,-4,0,0,0,0,0
321,41.2000000000003,1,406.878385673242,3.5,0,10.5340189063036,0,0,0
321,41.2000000000003,2,461.033251330936,0,0,7.39699600505698,0,0,0
321,41.2000000000003,3,857.720734947258,0,0,14.4929538090632,0,0,0
321,41.2000000000003,4,1055.48790083942,3.5,0,20.885771379672,0,0,0
321,41.2000000000003,5,878.913802692273,0,0,8.40108338671009,0,0,0
321,41.2000000000003,6,514.536513304461,3.5,0,3.6663867553904,0,0,0
321,41.2000000000003,7,1006.09422124423,0,0,18.2132890206102,0,0,0
321,41.2000000000003,8,578.630516878747,3.5,0,6.11133810543375,0,0,0
321,41.2000000000003,9,1095.15616106825,3.5,0,12.9371271133708,0,0,0
321,41.2000000000003,10,74.370654900363,11,0,0,0,0,0
321,41.2000000000003,11,400.507363552497,-4,0,0,0,0,0
321,41.3000000000003,1,407.93157865632,3.5,0,10.5298407552513,0,0,0
321,41.3000000000003,2,461.772852268967,0,0,7.39502275557634,0,0,0
321,41.3000000000003,3,859.170049738404,0,0,14.493342013847,0,0,0
321,41.3000000000003,4,1057.57690047155,3.5,0,20.8942212629625,0,0,0
321,41.3000000000003,5,879.745823073448,0,0,8.23932423677838,0,0,0
321,41.3000000000003,6,514.903153766307,3.5,0,3.66642248152922,0,0,0
321,41.3000000000003,7,1007.90305014629,0,0,17.9632890206102,0,0,0
321,41.3000000000003,8,579.241653571483,3.5,0,6.11139574927874,0,0,0
321,41.3000000000003,9,1096.44986842339,3.5,0,12.9370199893706,0,0,0
321,41.3000000000003,10,74.370654900363,11,0,0,0,0,0
321,41.3000000000003,11,400.507363552497,-4,0,0,0,0,0
321,41.4000000000003,1,408.98435022684,3.5,0,10.5255906551553,0,0,0
321,41.4000000000003,2,462.512265748298,0,0,7.39324683104376,0,0,0
321,41.4000000000003,3,860.619401409004,0,0,14.4936913981525,0,0,0
321,41.4000000000003,4,1059.66670284259,3.5,0,20.901826157924,0,0,0
321,41.4000000000003,5,880.562476335379,0,0,8.09374100183984,0,0,0
321,41.4000000000003,6,515.269797622136,3.5,0,3.66645463505416,0,0,0
321,41.4000000000003,7,1009.68687904835,0,0,17.7132890206102,0,0,0
321,41.4000000000003,8,579.852795740384,3.5,0,6.11144762873924,0,0,0
321,41.4000000000003,9,1097.74356560175,3.5,0,12.9369235777704,0,0,0
321,41.4000000000003,10,74.370654900363,11,0,0,0,0,0
321,41.4000000000003,11,400.507363552497,-4,0,0,0,0,0
321,41.5000000000003,1,410.036693118865,3.5,0,10.5212671853394,0,0,0
321,41.5000000000003,2,463.251510514799,0,0,7.39164849896444,0,0,0
321,41.5000000000003,3,862.068786271113,0,0,14.4940058440274,0,0,0
321,41.5000000000003,4,1061.75722767866,3.5,0,20.9086705633893,0,0,0
321,41.5000000000003,5,881.36529918999,0,0,7.96271609039516,0,0,0
321,41.5000000000003,6,515.636444532551,3.5,0,3.66648357322661,0,0,0
321,41.5000000000003,7,1011.44570795041,0,0,17.4632890206102,0,0,0
321,41.5000000000003,8,580.463942837833,3.5,0,6.11149432025368,0,0,0
321,41.5000000000003,9,1099.037253621,3.5,0,12.9368368073303,0,0,0
321,41.5000000000003,10,74.370654900363,11,0,0,0,0,0
321,41.5000000000003,11,400.507363552497,-4,0,0,0,0,0
321,41.6000000000003,1,411.088599922316,3.5,0,10.5168688836779,0,0,0
321,41.6000000000003,2,463.990603439752,0,0,7.39021000009305,0,0,0
321,41.6000000000003,3,863.51820100558,0.116666666666668,0,14.4942888453149,0,0,0
321,41.6000000000003,4,1063.84840273325,3.5,0,20.9148305283081,0,0,0
321,41.6000000000003,5,882.155674678015,0,0,7.84479367009494,0,0,0
321,41.6000000000003,6,516.003094192091,3.5,0,3.66650961758181,0,0,0
321,41.6000000000003,7,1013.17953685247,0,0,17.2132890206102,0,0,0
321,41.6000000000003,8,581.075094370977,3.5,0,6.11153634261668,0,0,0
321,41.6000000000003,9,1100.33093339707,3.5,0,12.9367587139341,0,0,0
321,41.6000000000003,10,74.370654900363,11,0,0,0,0,0
321,41.6000000000003,11,400.507363552497,-4,0,0,0,0,0
321,41.7000000000003,1,412.140063078781,3.5,0,10.5123942456313,0,0,0
321,41.7000000000003,2,464.729559707312,0,0,7.3889153511088,0,0,0
321,41.7000000000003,3,864.967642625169,0.233333333333337,0,14.4945435464736,0,0,0
321,41.7000000000003,4,1065.9401629845,3.5,0,20.920374496735,0,0,0
321,41.7000000000003,5,882.934847536111,0,0,7.73866349182475,0,0,0
321,41.7000000000003,6,516.369746325845,3.5,0,3.66653305750149,0,0,0
321,41.7000000000003,7,1014.88836575453,0,0,16.9632890206102,0,0,0
321,41.7000000000003,8,581.686249896245,3.5,0,6.11157416274339,0,0,0
321,41.7000000000003,9,1101.62460575426,3.5,0,12.9366884298776,0,0,0
321,41.7000000000003,10,74.370654900363,11,0,0,0,0,0
321,41.7000000000003,11,400.507363552497,-4,0,0,0,0,0
321,41.8000000000003,1,413.191074877225,3.5,0,10.5078417232507,0,0,0
321,41.8000000000003,2,465.468392983218,0,0,7.38775016702297,0,0,0
321,41.8000000000003,3,866.417108441369,0.350000000000005,0,14.4947727775164,0,0,0
321,41.8000000000003,4,1068.03244991275,3.5,0,20.9253640683192,0,0,0
321,41.8000000000003,5,883.703938027271,0,0,7.64314633138157,0,0,0
321,41.8000000000003,6,516.736400686392,3.5,0,3.66655415342921,0,0,0
321,41.8000000000003,7,1016.57219465659,0,0,16.7132890206102,0,0,0
321,41.8000000000003,8,582.297409014425,3.5,0,6.11160820085742,0,0,0
321,41.8000000000003,9,1102.91827143446,3.5,0,12.9366251742268,0,0,0
321,41.8000000000003,10,74.370654900363,11,0,0,0,0,0
321,41.8000000000003,11,400.507363552497,-4,0,0,0,0,0
321,41.9000000000003,1,414.241627449595,3.5,0,10.503209724148,0,0,0
321,41.9000000000003,2,466.207115566637,0,0,7.38670150134573,0,0,0
321,41.9000000000003,3,867.866596034517,0.466666666666673,0,14.4949790854549,0,0,0
321,41.9000000000003,4,1070.1252108503,3.5,0,20.929854682745,0,0,0
321,41.9000000000003,5,884.46395438819,0,0,7.55718088698271,0,0,0
321,41.9000000000003,6,517.103057051051,3.5,0,3.66657313976415,0,0,0
321,41.9000000000003,7,1018.23102355865,0,0,16.4632890206102,0,0,0
321,41.9000000000003,8,582.908571366226,3.5,0,6.11163883516004,0,0,0
321,41.9000000000003,9,1104.21193110538,3.5,0,12.936568244141,0,0,0
321,41.9000000000003,10,74.370654900363,11,0,0,0,0,0
321,41.9000000000003,11,400.507363552497,-4,0,0,0,0,0
321,42.0000000000003,1,415.291712766324,3.5,0,10.4984966104315,0,0,0
321,42.0000000000003,2,466.945738526816,0,0,7.38575770223621,0,0,0
321,42.0000000000003,3,869.31610322692,0.583333333333342,0,14.4951647625996,0,0,0
321,42.0000000000003,4,1072.21839839623,3.5,0,20.9338962357282,0,0,0
321,42.0000000000003,5,885.21580403189,0,0,7.47981198702374,0,0,0
321,42.0000000000003,6,517.469715219413,3.5,0,3.6665902274656,0,0,0
321,42.0000000000003,7,1019.86485246071,0,0,16.2132890206102,0,0,0
321,42.0000000000003,8,583.519736628286,3.5,0,6.11166640603241,0,0,0
321,42.0000000000003,9,1105.50558536794,3.5,0,12.9365170070638,0,0,0
321,42.0000000000003,10,74.370654900363,11,0,0,0,0,0
321,42.0000000000003,11,400.507363552497,-4,0,0,0,0,0
321,42.1000000000003,1,416.341322631726,3.5,0,10.4937006976041,0,0,0
321,42.1000000000003,2,467.68427182608,0,0,7.38490828303764,0,0,0
321,42.1000000000003,3,870.765628058652,0.70000000000001,0,14.4953318720298,0,0,0
321,42.1000000000003,4,1074.31196988968,3.5,0,20.9375336334131,0,0,0
321,42.1000000000003,5,885.960303630094,0,0,7.41017997706066,0,0,0
321,42.1000000000003,6,517.836375011106,3.5,0,3.6666056063969,0,0,0
321,42.1000000000003,7,1021.47368136278,0,0,15.9632890206102,0,0,0
321,42.1000000000003,8,584.130904509578,3.5,0,6.11169121981754,0,0,0
321,42.1000000000003,9,1106.79923476298,3.5,0,12.9364708936943,0,0,0
321,42.1000000000003,10,74.370654900363,11,0,0,0,0,0
321,42.1000000000003,11,400.507363552497,-4,0,0,0,0,0
321,42.2000000000003,1,417.390448679277,3.5,0,10.4888202534245,0,0,0
321,42.2000000000003,2,468.422724430519,0,0,7.38414380575893,0,0,0
321,42.2000000000003,3,872.215168765779,0.816666666666678,0,14.495482270517,0,0,0
321,42.2000000000003,4,1076.40588693592,3.5,0,20.9408072913295,0,0,0
321,42.2000000000003,5,886.698188187352,0,0,7.3475111680939,0,0,0
321,42.2000000000003,6,518.203036263798,3.5,0,3.66661944743508,0,0,0
321,42.2000000000003,7,1023.05751026484,0,0,15.7132890206102,0,0,0
321,42.2000000000003,8,584.74207474818,3.5,0,6.11171355222415,0,0,0
321,42.2000000000003,9,1108.09287977725,3.5,0,12.9364293916618,0,0,0
321,42.2000000000003,10,74.370654900363,11,0,0,0,0,0
321,42.2000000000003,11,400.507363552497,-4,0,0,0,0,0
321,42.3000000000003,1,418.439082366785,3.5,0,10.4838534967282,0,0,0
321,42.3000000000003,2,469.161104409618,0,0,7.38345577620809,0,0,0
321,42.3000000000003,3,873.664723760763,0.933333333333347,0,14.4956176291555,0,0,0
321,42.3000000000003,4,1078.50011497966,3.5,0,20.9437535834543,0,0,0
321,42.3000000000003,5,887.430119207758,0,0,7.29110924002381,0,0,0
321,42.3000000000003,6,518.569698831388,3.5,0,3.66663190436943,0,0,0
321,42.3000000000003,7,1024.6163391669,0,0,15.4632890206102,0,0,0
321,42.3000000000003,8,585.353247108361,3.5,0,6.11173365139011,0,0,0
321,42.3000000000003,9,1109.38652084882,3.5,0,12.9363920398325,0,0,0
321,42.3000000000003,10,74.370654900363,11,0,0,0,0,0
321,42.3000000000003,11,400.507363552497,-4,0,0,0,0,0
321,42.4000000000003,1,419.487214971432,3.5,0,10.4787985962078,0,0,0
321,42.4000000000003,2,469.899419025909,0,0,7.38283654961234,0,0,0
321,42.4000000000003,3,875.114291614817,1.05000000000001,0,14.4957394519301,0,0,0
321,42.4000000000003,4,1080.59462292115,3.5,0,20.9464052463666,0,0,0
321,42.4000000000003,5,888.156692044997,0,0,7.24034750476073,0,0,0
321,42.4000000000003,6,518.936362582387,3.5,0,3.66664311561035,0,0,0
321,42.4000000000003,7,1026.15016806896,0,0,15.2132890206102,0,0,0
321,42.4000000000003,8,585.964421377962,3.5,0,6.11175174063946,0,0,0
321,42.4000000000003,9,1110.68015837197,3.5,0,12.9363584231861,0,0,0
321,42.4000000000003,10,74.370654900363,11,0,0,0,0,0
321,42.4000000000003,11,400.507363552497,-4,0,0,0,0,0
321,42.5000000000003,1,420.5348375847,3.5,0,10.4736536691522,0,0,0
321,42.5000000000003,2,470.637674815673,0,0,7.38227924567616,0,0,0
321,42.5000000000003,3,876.563871042035,1.16666666666668,0,14.4958490924273,0,0,0
321,42.5000000000003,4,1082.68938277062,3.5,0,20.9487917429876,0,0,0
321,42.5000000000003,5,888.878442517386,0,0,7.19466194302395,0,0,0
321,42.5000000000003,6,519.303027398454,3.5,0,3.66665320572718,0,0,0
321,42.5000000000003,7,1027.65899697102,0,0,14.9632890206102,0,0,0
321,42.5000000000003,8,586.575597366042,3.5,0,6.11176802096389,0,0,0
321,42.5000000000003,9,1111.97379270154,3.5,0,12.9363281682044,0,0,0
321,42.5000000000003,10,74.370654900363,11,0,0,0,0,0
321,42.5000000000003,11,400.507363552497,-4,0,0,0,0,0
321,42.6000000000003,1,421.581941107164,3.5,0,10.4684167801408,0,0,0
321,42.6000000000003,2,471.375877661564,0,0,7.38177767213359,0,0,0
321,42.6000000000003,3,878.0134608851,1.28333333333335,0,14.4959477688748,0,0,0
321,42.6000000000003,4,1084.78436933727,3.5,0,20.9509395899466,0,0,0
321,42.6000000000003,5,889.595852861411,0,0,7.15354493746086,0,0,0
321,42.6000000000003,6,519.669693173082,3.5,0,3.66666228683232,0,0,0
321,42.6000000000003,7,1029.14282587308,0,0,14.7132890206102,0,0,0
321,42.6000000000003,8,587.186774900753,3.5,0,6.11178267325587,0,0,0
321,42.6000000000003,9,1113.26742415689,3.5,0,12.9363009387209,0,0,0
321,42.6000000000003,10,74.370654900363,11,0,0,0,0,0
321,42.6000000000003,11,400.507363552497,-4,0,0,0,0,0
321,42.7000000000003,1,422.628516243156,3.5,0,10.4630859396951,0,0,0
321,42.7000000000003,2,472.114032857968,0,0,7.38132625594529,0,0,0
321,42.7000000000003,3,879.463060102427,1.40000000000002,0,14.4960365776775,0,0,0
321,42.7000000000003,4,1086.87955994937,3.5,0,20.9528726522096,0,0,0
321,42.7000000000003,5,890.309357089906,0,0,7.11653963245407,0,0,0
321,42.7000000000003,6,520.036359810415,3.5,0,3.66667045982696,0,0,0
321,42.7000000000003,7,1030.60165477514,0,0,14.4632890206102,0,0,0
321,42.7000000000003,8,587.797953827432,3.5,0,6.11179586031865,0,0,0
321,42.7000000000003,9,1114.56105302543,3.5,0,12.9362764321857,0,0,0
321,42.7000000000003,10,74.370654900363,11,0,0,0,0,0
321,42.7000000000003,11,400.507363552497,-4,0,0,0,0,0
321,42.8000000000003,1,423.674553495285,3.5,0,10.4576591028831,0,0,0
321,42.8000000000003,2,472.852145169834,0,0,7.38091998137581,0,0,0
321,42.8000000000003,3,880.912667756591,1.51666666666669,0,14.4961165055999,0,0,0
321,42.8000000000003,4,1088.9749342024,3.5,0,20.9546124082464,0,0,0
321,42.8000000000003,5,891.019345814427,0,0,7.08323485794796,0,0,0
321,42.8000000000003,6,520.403027224182,3.5,0,3.66667781552212,0,0,0
321,42.8000000000003,7,1032.0354836772,0,0,14.2132890206102,0,0,0
321,42.8000000000003,8,588.409134006882,3.5,0,6.11180772867515,0,0,0
321,42.8000000000003,9,1115.85467956586,3.5,0,12.936254376304,0,0,0
321,42.8000000000003,10,74.370654900363,11,0,0,0,0,0
321,42.8000000000003,11,400.507363552497,-4,0,0,0,0,0
321,42.9000000000003,1,424.720043158823,3.5,0,10.4521341678771,0,0,0
321,42.9000000000003,2,473.590218885616,0,0,7.38055433426329,0,0,0
321,42.9000000000003,3,882.362283003908,1.63333333333336,0,14.4961884407301,0,0,0
321,42.9000000000003,4,1091.07047373224,3.5,0,20.9561781886795,0,0,0
321,42.9000000000003,5,891.726170585369,0,0,7.05326056089246,0,0,0
321,42.9000000000003,6,520.769695336741,3.5,0,3.66668443564777,0,0,0
321,42.9000000000003,7,1033.44431257926,0,0,13.9632890206102,0,0,0
321,42.9000000000003,8,589.020315313825,3.5,0,6.11181841019601,0,0,0
321,42.9000000000003,9,1117.14830401097,3.5,0,12.9362345260105,0,0,0
321,42.9000000000003,10,74.370654900363,11,0,0,0,0,0
321,42.9000000000003,11,400.507363552497,-4,0,0,0,0,0
321,43.0000000000003,1,425.76497531594,3.5,0,10.4465089744637,0,0,0
321,43.0000000000003,2,474.328257864922,0,0,7.38022525186201,0,0,0
321,43.0000000000003,3,883.811905085062,1.75000000000002,0,14.4962531823473,0,0,0
321,43.0000000000003,4,1093.16616201123,3.5,0,20.9575873910692,0,0,0
321,43.0000000000003,5,892.43014779809,0,0,7.02628369354252,0,0,0
321,43.0000000000003,6,521.136364078211,3.5,0,3.66669039376086,0,0,0
321,43.0000000000003,7,1034.82814148132,0,0,13.7132890206102,0,0,0
321,43.0000000000003,8,589.631497635513,3.5,0,6.11182802356478,0,0,0
321,43.0000000000003,9,1118.44192657031,3.5,0,12.9362166607464,0,0,0
321,43.0000000000003,10,74.370654900363,11,0,0,0,0,0
321,43.0000000000003,11,400.507363552497,-4,0,0,0,0,0
321,43.1000000000003,1,426.809339829788,3.5,0,10.4407813025036,0,0,0
321,43.1000000000003,2,475.0662655814,0,0,7.37992907770086,0,0,0
321,43.1000000000003,3,885.261533316669,1.86666666666669,0,14.4963114498027,0,0,0
321,43.1000000000003,4,1095.26198416444,3.5,0,20.95885567322,0,0,0
321,43.1000000000003,5,893.131562208414,0,0,7.00200451292756,0,0,0
321,43.1000000000003,6,521.503033385702,3.5,0,3.66669575606264,0,0,0
321,43.1000000000003,7,1036.18697038339,0,0,13.4632890206102,0,0,0
321,43.1000000000003,8,590.242680870472,3.5,0,6.11183667559667,0,0,0
321,43.1000000000003,9,1119.73554743245,3.5,0,12.9362005820086,0,0,0
321,43.1000000000003,10,74.370654900363,11,0,0,0,0,0
321,43.1000000000003,11,400.507363552497,-4,0,0,0,0,0
321,43.2000000000003,1,427.853126338431,3.5,0,10.4349488703417,0,0,0
321,43.2000000000003,2,475.804245161333,0,0,7.37966252095583,0,0,0
321,43.2000000000003,3,886.711167083685,1.98333333333336,0,14.4963638905126,0,0,0
321,43.2000000000003,4,1097.35792680446,3.5,0,20.9599971271557,0,0,0
321,43.2000000000003,5,893.830670096579,0,0,6.98015325037411,0,0,0
321,43.2000000000003,6,521.869703202612,3.5,0,3.66670058213424,0,0,0
321,43.2000000000003,7,1037.52079928545,0,0,13.2132890206102,0,0,0
321,43.2000000000003,8,590.853864927373,3.5,0,6.11184446242537,0,0,0
321,43.2000000000003,9,1121.02916676711,3.5,0,12.9361861111447,0,0,0
321,43.2000000000003,10,74.370654900363,11,0,0,0,0,0
321,43.2000000000003,11,400.507363552497,-4,0,0,0,0,0
321,43.3000000000003,1,428.896324248606,3.5,0,10.4290093331652,0,0,0
321,43.3000000000003,2,476.542199418375,0,0,7.3794226198853,0,0,0
321,43.3000000000003,3,888.160805832568,2.10000000000003,0,14.4964110871515,0,0,0
321,43.3000000000003,4,1099.45397788261,3.5,0,20.9610244356979,0,0,0
321,43.3000000000003,5,894.527702114801,0,0,6.960487114076,0,0,0
321,43.3000000000003,6,522.236373477999,3.5,0,3.66670492559868,0,0,0
321,43.3000000000003,7,1038.82962818751,0,0,12.9632890206102,0,0,0
321,43.3000000000003,8,591.465049724022,3.5,0,6.1118514705712,0,0,0
321,43.3000000000003,9,1122.32278472703,3.5,0,12.9361730873671,0,0,0
321,43.3000000000003,10,74.370654900363,11,0,0,0,0,0
321,43.3000000000003,11,400.507363552497,-4,0,0,0,0,0
321,43.4000000000003,1,429.93892272933,3.5,0,10.4229602813079,0,0,0
321,43.4000000000003,2,477.280130884815,0,0,7.37920670892183,0,0,0
321,43.4000000000003,3,889.610449065132,2.2166666666667,0,14.4964535641266,0,0,0
321,43.4000000000003,4,1101.55012655506,3.5,0,20.9619490133858,0,0,0
321,43.4000000000003,5,895.222865850075,0,0,6.9427875914077,0,0,0
321,43.4000000000003,6,522.603044166015,3.5,0,3.66670883471667,0,0,0
321,43.4000000000003,7,1040.11345708957,0,0,12.7132890206102,0,0,0
321,43.4000000000003,8,592.076235186446,3.5,0,6.11185777790245,0,0,0
321,43.4000000000003,9,1123.6164014497,3.5,0,12.9361613659673,0,0,0
321,43.4000000000003,10,74.370654900363,11,0,0,0,0,0
321,43.4000000000003,11,400.507363552497,-4,0,0,0,0,0
321,43.5000000000003,1,430.98091070532,3.5,0,10.4167992385023,0,0,0
321,43.5000000000003,2,478.018041839714,0,0,7.3790123890547,0,0,0
321,43.5000000000003,3,891.060096333009,2.33333333333337,0,14.4964917934041,0,0,0
321,43.5000000000003,4,1103.64636306239,3.5,0,20.9627811333049,0,0,0
321,43.5000000000003,5,895.916348130696,0,0,6.92685802100623,0,0,0
321,43.5000000000003,6,522.969715225396,3.5,0,3.66671235292287,0,0,0
321,43.5000000000003,7,1041.37228599163,0,0,12.4632890206102,0,0,0
321,43.5000000000003,8,592.687421248066,3.5,0,6.11186345450058,0,0,0
321,43.5000000000003,9,1124.91001705883,3.5,0,12.9361508167075,0,0,0
321,43.5000000000003,10,74.370654900363,11,0,0,0,0,0
321,43.5000000000003,11,400.507363552497,-4,0,0,0,0,0
321,43.6000000000003,1,432.022276850249,3.5,0,10.4105236600747,0,0,0
321,43.6000000000003,2,478.755934334226,0,0,7.37883750117428,0,0,0
321,43.6000000000003,3,892.497245512349,2.45000000000003,0,14.2464917934041,0,0,0
321,43.6000000000003,4,1105.74267862112,3.5,0,20.9635300412322,0,0,0
321,43.6000000000003,5,896.608317102129,0,0,6.9125214076449,0,0,0
321,43.6000000000003,6,523.336386619008,3.5,0,3.66671551930844,0,0,0
321,43.6000000000003,7,1042.60611489369,0,0,12.2132890206102,0,0,0
321,43.6000000000003,8,593.298607848963,3.5,0,6.11186856343889,0,0,0
321,43.6000000000003,9,1126.20363166579,3.5,0,12.9361413223736,0,0,0
321,43.6000000000003,10,74.370654900363,11,0,0,0,0,0
321,43.6000000000003,11,400.507363552497,-4,0,0,0,0,0
321,43.7000000000004,1,433.063009579807,3.5,0,10.4041309310852,0,0,0
321,43.7000000000004,2,479.493810214388,0,0,7.37868010208191,0,0,0
321,43.7000000000004,3,893.909394691689,2.5666666666667,0,13.9964917934041,0,0,0
321,43.7000000000004,4,1107.8390653261,3.5,0,20.9642040583667,0,0,0
321,43.7000000000004,5,897.298924095292,0,0,6.89961845561971,0,0,0
321,43.7000000000004,6,523.703058313426,3.5,0,3.66671836905546,0,0,0
321,43.7000000000004,7,1043.81494379575,0,0,11.9632890206102,0,0,0
321,43.7000000000004,8,593.909794935209,3.5,0,6.11187316148337,0,0,0
321,43.7000000000004,9,1127.49724537078,3.5,0,12.9361327774731,0,0,0
321,43.7000000000004,10,74.370654900363,11,0,0,0,0,0
321,43.7000000000004,11,400.507363552497,-4,0,0,0,0,0
321,43.8000000000004,1,434.103097044582,3.5,0,10.3976183644097,0,0,0
321,43.8000000000004,2,480.231671141637,0,0,7.37853844289877,0,0,0
321,43.8000000000004,3,895.29654387103,2.68333333333337,0,13.7464917934041,0,0,0
321,43.8000000000004,4,1109.93551606271,3.5,0,20.9648106737877,0,0,0
321,43.8000000000004,5,897.988305308013,0,0,6.88800579879704,0,0,0
321,43.8000000000004,6,524.06973027857,3.5,0,3.66672093382778,0,0,0
321,43.8000000000004,7,1044.99877269781,0,0,11.7132890206102,0,0,0
321,43.8000000000004,8,594.52098245827,3.5,0,6.1118772997234,0,0,0
321,43.8000000000004,9,1128.790858264,3.5,0,12.9361250870627,0,0,0
321,43.8000000000004,10,74.370654900363,11,0,0,0,0,0
321,43.8000000000004,11,400.507363552497,-4,0,0,0,0,0
321,43.9000000000004,1,435.14252712274,3.5,0,10.3909831987643,0,0,0
321,43.9000000000004,2,480.969518611264,0,0,7.37841094963395,0,0,0
321,43.9000000000004,3,896.65869305037,2.80000000000004,0,13.4964917934041,0,0,0
321,43.9000000000004,4,1112.03202442778,3.38333333333333,0,20.9653566276667,0,0,0
321,43.9000000000004,5,898.676583318335,0,0,6.87755440765663,0,0,0
321,43.9000000000004,6,524.436402487368,3.5,0,3.66672324212287,0,0,0
321,43.9000000000004,7,1046.15760159987,0,0,11.4632890206102,0,0,0
321,43.9000000000004,8,595.132170374463,3.5,0,6.11188102413943,0,0,0
321,43.9000000000004,9,1130.08447042664,3.5,0,12.9361181656934,0,0,0
321,43.9000000000004,10,74.370654900363,11,0,0,0,0,0
321,43.9000000000004,11,400.507363552497,-4,0,0,0,0,0
321,44.0000000000004,1,436.181287412512,3.5,0,10.3842225966692,0,0,0
321,44.0000000000004,2,481.70735396903,0,0,7.37829620569561,0,0,0
321,44.0000000000004,3,897.99584222971,2.91666666666671,0,13.2464917934041,0,0,0
321,44.0000000000004,4,1114.12858465847,3.26666666666666,0,20.9658479861577,0,0,0
321,44.0000000000004,5,899.3638684465,0,0,6.86814815563027,0,0,0
321,44.0000000000004,6,524.803074915454,3.5,0,3.66672531958844,0,0,0
321,44.0000000000004,7,1047.30482801074,0,0,11.4812391967301,0,0,0
321,44.0000000000004,8,595.743358644475,3.5,0,6.11188437611386,0,0,0
321,44.0000000000004,9,1131.37808193175,3.5,0,12.9361119364609,0,0,0
321,44.0000000000004,10,74.370654900363,11,0,0,0,0,0
321,44.0000000000004,11,400.507363552497,-4,0,0,0,0,0
321,44.1000000000004,1,437.219365224463,3.5,0,10.3773336423527,0,0,0
321,44.1000000000004,2,482.445178426123,0,0,7.3781929361511,0,0,0
321,44.1000000000004,3,899.307991409051,3.03333333333338,0,12.9964917934041,0,0,0
321,44.1000000000004,4,1116.22519156822,3.15,0,20.9662902087997,0,0,0
321,44.1000000000004,5,900.050259980722,0,0,6.85968252880654,0,0,0
321,44.1000000000004,6,525.169747540898,3.5,0,3.66672718930746,0,0,0
321,44.1000000000004,7,1048.45375968834,0,0,11.497394355238,0,0,0
321,44.1000000000004,8,596.354547232926,3.5,0,6.11188739289084,0,0,0
321,44.1000000000004,9,1132.67169284508,3.5,0,12.9361063301517,0,0,0
321,44.1000000000004,10,74.370654900363,11,0,0,0,0,0
321,44.1000000000004,11,400.507363552497,-4,0,0,0,0,0
321,44.2000000000004,1,438.256747573561,3.5,0,10.370313339594,0,0,0
321,44.2000000000004,2,483.182993072608,0,0,7.37809999356104,0,0,0
321,44.2000000000004,3,900.595140588391,3.15000000000004,0,12.7464917934041,0,0,0
321,44.2000000000004,4,1118.32184048912,3.03333333333333,0,20.9666882091774,0,0,0
321,44.2000000000004,5,900.735847280395,0,0,6.85206346466519,0,0,0
321,44.2000000000004,6,525.536420343966,3.5,0,3.66672887205458,0,0,0
321,44.2000000000004,7,1049.604226106,0,0,11.5119339978951,0,0,0
321,44.2000000000004,8,596.96573610797,3.5,0,6.11189010799012,0,0,0
321,44.2000000000004,9,1133.96530322581,3.5,0,12.9361012844735,0,0,0
321,44.2000000000004,10,74.370654900363,11,0,0,0,0,0
321,44.2000000000004,11,400.507363552497,-4,0,0,0,0,0
321,44.3000000000004,1,439.293421171015,3.5,0,10.3631586095032,0,0,0
321,44.3000000000004,2,483.920798889548,0,0,7.37801634522999,0,0,0
321,44.3000000000004,3,901.857289767732,3.26666666666671,0,12.4964917934041,0,0,0
321,44.3000000000004,4,1120.41852722006,2.91666666666666,0,20.9670464095174,0,0,0
321,44.3000000000004,5,901.420710768975,0,0,6.84520630693797,0,0,0
321,44.3000000000004,6,525.903093306896,3.5,0,3.66673038652698,0,0,0
321,44.3000000000004,7,1050.7560737897,0,0,11.5250196762865,0,0,0
321,44.3000000000004,8,597.576925240948,3.5,0,6.11189255157948,0,0,0
321,44.3000000000004,9,1135.2589131272,3.5,0,12.936096743363,0,0,0
321,44.3000000000004,10,74.370654900363,11,0,0,0,0,0
321,44.3000000000004,11,400.507363552497,-4,0,0,0,0,0
321,44.4000000000004,1,440.329372415902,3.5,0,10.3558662882382,0,0,0
321,44.4000000000004,2,484.658596759896,0,0,7.37794106173205,0,0,0
321,44.4000000000004,3,903.094438947072,3.38333333333338,0,12.2464917934041,0,0,0
321,44.4000000000004,4,1122.51524798002,2.79999999999999,0,20.9673687898234,0,0,0
321,44.4000000000004,5,902.104922827571,0,0,6.83903486498347,0,0,0
321,44.4000000000004,6,526.2697664137,3.5,0,3.66673174955215,0,0,0
321,44.4000000000004,7,1051.90916461286,0,0,11.5367967868387,0,0,0
321,44.4000000000004,8,598.188114606068,3.5,0,6.1118947508099,0,0,0
321,44.4000000000004,9,1136.55252259719,3.5,0,12.9360926563636,0,0,0
321,44.4000000000004,10,74.370654900363,11,0,0,0,0,0
321,44.4000000000004,11,400.507363552497,-4,0,0,0,0,0
321,44.5000000000004,1,441.364587386547,3.5,0,10.3484331246575,0,0,0
321,44.5000000000004,2,485.396387478312,0,0,7.3778733065839,0,0,0
321,44.5000000000004,3,904.306588126412,3.5,0,11.9964917934041,0,0,0
321,44.5000000000004,4,1124.61199936612,2.68333333333332,0,20.9676589320987,0,0,0
321,44.5000000000004,5,902.788548599182,0,0,6.83348056722442,0,0,0
321,44.5000000000004,6,526.636439649991,3.5,0,3.6667329762748,0,0,0
321,44.5000000000004,7,1053.06337426152,0,0,11.5473961863358,0,0,0
321,44.5000000000004,8,598.799304180114,3.5,0,6.11189673011728,0,0,0
321,44.5000000000004,9,1137.84613167891,3.5,0,12.9360889780641,0,0,0
321,44.5000000000004,10,74.370654900363,11,0,0,0,0,0
321,44.5000000000004,11,400.507363552497,-4,0,0,0,0,0
321,44.6000000000004,1,442.399051831676,3.5,0,10.3408557779086,0,0,0
321,44.6000000000004,2,486.134171759989,0,0,7.37781232695056,0,0,0
321,44.6000000000004,3,905.493737305753,3.5,0,11.7464917934041,0,0,0
321,44.6000000000004,4,1126.70877831573,2.56666666666665,0,20.9679200601466,0,0,0
321,44.6000000000004,5,903.471646712505,0,0,6.82848169924128,0,0,0
321,44.6000000000004,6,527.003113002821,3.5,0,3.66673408032518,0,0,0
321,44.6000000000004,7,1054.21859085313,0,0,11.5569356458831,0,0,0
321,44.6000000000004,8,599.410493942195,3.5,0,6.11189851149392,0,0,0
321,44.6000000000004,9,1139.13974041119,3.5,0,12.9360856675946,0,0,0
321,44.6000000000004,10,74.370654900363,11,0,0,0,0,0
321,44.6000000000004,11,400.507363552497,-4,0,0,0,0,0
321,44.7000000000004,1,443.432751161318,3.5,0,10.3331308149507,0,0,0
321,44.7000000000004,2,486.8719502486,0,0,7.37775744528056,0,0,0
321,44.7000000000004,3,906.655886485093,3.5,0,11.4964917934041,0,0,0
321,44.7000000000004,4,1128.80558207251,2.44999999999999,0,20.9681550753896,0,0,0
321,44.7000000000004,5,904.15426993337,0,0,6.82398271805645,0,0,0
321,44.7000000000004,6,527.369786460536,3.5,0,3.66673507397053,0,0,0
321,44.7000000000004,7,1055.3747136934,0,0,11.5655211594757,0,0,0
321,44.7000000000004,8,600.021683873506,3.5,0,6.1119001147329,0,0,0
321,44.7000000000004,9,1140.43334882898,3.5,0,12.9360826881721,0,0,0
321,44.7000000000004,10,74.370654900363,11,0,0,0,0,0
321,44.7000000000004,11,400.507363552497,-4,0,0,0,0,0
321,44.8000000000004,1,444.465670437467,3.5,0,10.3252547080112,0,0,0
321,44.8000000000004,2,487.609723523453,0,0,7.37770805177755,0,0,0
321,44.8000000000004,3,907.793035664433,3.5,0,11.2464917934041,0,0,0
321,44.8000000000004,4,1130.90240815573,2.33333333333332,0,20.9683665891084,0,0,0
321,44.8000000000004,5,904.836465751022,0,0,6.8199336349901,0,0,0
321,44.8000000000004,6,527.736460012647,3.5,0,3.66673596825134,0,0,0
321,44.8000000000004,7,1056.53165215746,0,0,11.573248121709,0,0,0
321,44.8000000000004,8,600.632873957125,3.5,0,6.11190155764798,0,0,0
321,44.8000000000004,9,1141.72695696373,3.5,0,12.9360800066918,0,0,0
321,44.8000000000004,10,74.370654900363,11,0,0,0,0,0
321,44.8000000000004,11,400.507363552497,-4,0,0,0,0,0
321,44.9000000000004,1,445.497794364466,3.5,0,10.317223831976,0,0,0
321,44.9000000000004,2,488.347492105923,0,0,7.37766359762485,0,0,0
321,44.9000000000004,3,908.905184843774,3.5,0,10.9964917934041,0,0,0
321,44.9000000000004,4,1132.99925433276,2.21666666666665,0,20.9685569514553,0,0,0
321,44.9000000000004,5,905.518276905783,0,0,6.81628946023039,0,0,0
321,44.9000000000004,6,528.103133649714,3.5,0,3.66673677310407,0,0,0
321,44.9000000000004,7,1057.68932468293,0,0,11.580202387719,0,0,0
321,44.9000000000004,8,601.244064177821,3.5,0,6.11190285627155,0,0,0
321,44.9000000000004,9,1143.02056484373,3.5,0,12.9360775933595,0,0,0
321,44.9000000000004,10,74.370654900363,11,0,0,0,0,0
321,44.9000000000004,11,400.507363552497,-4,0,0,0,0,0
321,45.0000000000004,1,446.52910727915,3.5,0,10.3090344617129,0,0,0
321,45.0000000000004,2,489.085256465249,0,0,7.37762358888742,0,0,0
321,45.0000000000004,3,909.992334023114,3.5,0,10.7464917934041,0,0,0
321,45.0000000000004,4,1135.09611859421,2.09999999999998,0,20.9687282775675,0,0,0
321,45.0000000000004,5,906.199741863942,0,0,6.81300970294665,0,0,0
321,45.0000000000004,6,528.469807363243,3.5,0,3.66673749747152,0,0,0
321,45.0000000000004,7,1058.84765786367,0,0,11.586461227128,0,0,0
321,45.0000000000004,8,601.855254521886,3.5,0,6.11190402503276,0,0,0
321,45.0000000000004,9,1144.31417249446,3.5,0,12.9360754213604,0,0,0
321,45.0000000000004,10,74.370654900363,11,0,0,0,0,0
321,45.0000000000004,11,400.507363552497,-4,0,0,0,0,0
321,45.1000000000004,1,447.559593140702,3.5,0,10.3006827693281,0,0,0
321,45.1000000000004,2,489.823017023744,0,0,7.37758758102373,0,0,0
321,45.1000000000004,3,911.054483202455,3.5,0,10.4964917934041,0,0,0
321,45.1000000000004,4,1137.19299913164,1.98333333333331,0,20.9688824710684,0,0,0
321,45.1000000000004,5,906.880895245159,0,0,6.81005792139129,0,0,0
321,45.1000000000004,6,528.836481145587,3.5,0,3.66673814940223,0,0,0
321,45.1000000000004,7,1060.00658563416,0,0,11.5920941825961,0,0,0
321,45.1000000000004,8,602.466444976984,3.5,0,6.11190507691786,0,0,0
321,45.1000000000004,9,1145.60777993886,3.5,0,12.9360734665613,0,0,0
321,45.1000000000004,10,74.370654900363,11,0,0,0,0,0
321,45.1000000000004,11,400.507363552497,-4,0,0,0,0,0
321,45.2000000000004,1,448.589235520237,3.5,0,10.2921648213552,0,0,0
321,45.2000000000004,2,490.560774161493,0,0,7.37755517394641,0,0,0
321,45.2000000000004,3,912.091632381795,3.5,0,10.2464917934041,0,0,0
321,45.2000000000004,4,1139.28989431746,1.86666666666664,0,20.9690212452193,0,0,0
321,45.2000000000004,5,907.561768207128,0,0,6.80740131799146,0,0,0
321,45.2000000000004,6,529.203154989864,3.5,0,3.66673873613987,0,0,0
321,45.2000000000004,7,1061.16604853541,0,0,11.5971638425174,0,0,0
321,45.2000000000004,8,603.077635532011,3.5,0,6.11190602361444,0,0,0
321,45.2000000000004,9,1146.90138719755,3.5,0,12.9360717072421,0,0,0
321,45.2000000000004,10,74.370654900363,11,0,0,0,0,0
321,45.2000000000004,11,400.507363552497,-4,0,0,0,0,0
321,45.3000000000004,1,449.618017590098,3.5,0,10.2834765758778,0,0,0
321,45.3000000000004,2,491.298528220569,0,0,7.37752600757683,0,0,0
321,45.3000000000004,3,913.103781561135,3.5,0,9.9964917934041,0,0,0
321,45.3000000000004,4,1141.38680268682,1.74999999999998,0,20.9691461419551,0,0,0
321,45.3000000000004,5,908.242388791774,0,0,6.80501037493161,0,0,0
321,45.3000000000004,6,529.569828889881,3.5,0,3.66673926420375,0,0,0
321,45.3000000000004,7,1062.32599305436,0,0,11.6017265364466,0,0,0
321,45.3000000000004,8,603.688826176973,3.5,0,6.11190687564137,0,0,0
321,45.3000000000004,9,1148.19499428911,3.5,0,12.9360701238547,0,0,0
321,45.3000000000004,10,74.370654900363,11,0,0,0,0,0
321,45.3000000000004,11,400.507363552497,-4,0,0,0,0,0
321,45.4000000000004,1,450.645922112871,3.5,0,10.2746138795847,0,0,0
321,45.4000000000004,2,492.03627950884,0,0,7.3774997578442,0,0,0
321,45.4000000000004,3,914.090930740476,3.5,0,9.7464917934041,0,0,0
321,45.4000000000004,4,1143.48372292137,1.63333333333331,0,20.9692585490173,0,0,0
321,45.4000000000004,5,908.92278223683,0,0,6.80285852617775,0,0,0
321,45.4000000000004,6,529.936502840064,3.5,0,3.66673973946124,0,0,0
321,45.4000000000004,7,1063.48637102923,0,0,11.6058329609828,0,0,0
321,45.4000000000004,8,604.300016902879,3.5,0,6.1119076424656,0,0,0
321,45.4000000000004,9,1149.48860123024,3.5,0,12.9360686988062,0,0,0
321,45.4000000000004,10,74.370654900363,11,0,0,0,0,0
321,45.4000000000004,11,400.507363552497,-4,0,0,0,0,0
321,45.5000000000004,1,451.672931430089,3.5,0,10.2655724647594,0,0,0
321,45.5000000000004,2,492.774028303387,0,0,7.37747613308483,0,0,0
321,45.5000000000004,3,915.053079919816,3.5,0,9.4964917934041,0,0,0
321,45.5000000000004,4,1145.58065383458,1.51666666666664,0,20.9693597153733,0,0,0
321,45.5000000000004,5,909.602971256254,0,0,6.80092186229927,0,0,0
321,45.5000000000004,6,530.303176835397,3.5,0,3.66674016719298,0,0,0
321,45.5000000000004,7,1064.64713911444,0,0,11.6095287430655,0,0,0
321,45.5000000000004,8,604.911207701632,3.5,0,6.11190833260741,0,0,0
321,45.5000000000004,9,1150.78220803599,3.5,0,12.9360674162625,0,0,0
321,45.5000000000004,10,74.370654900363,11,0,0,0,0,0
321,45.5000000000004,11,400.507363552497,-4,0,0,0,0,0
321,45.6000000000004,1,452.699027450637,3.5,0,10.2563479462034,0,0,0
321,45.6000000000004,2,493.511774853581,0,0,7.3774548708014,0,0,0
321,45.6000000000004,3,915.990229099156,3.5,0,9.2464917934041,0,0,0
321,45.6000000000004,4,1147.67759435861,1.39999999999997,0,20.9694507650937,0,0,0
321,45.6000000000004,5,910.282976292609,0,0,6.79917886480865,0,0,0
321,45.6000000000004,6,530.669850871364,3.5,0,3.66674055215154,0,0,0
321,45.6000000000004,7,1065.80825829894,0,0,11.6128549469398,0,0,0
321,45.6000000000004,8,605.522398565949,3.5,0,6.11190895373504,0,0,0
321,45.6000000000004,9,1152.0758147199,3.5,0,12.9360662619731,0,0,0
321,45.6000000000004,10,74.370654900363,11,0,0,0,0,0
321,45.6000000000004,11,400.507363552497,-4,0,0,0,0,0
321,45.7000000000004,1,453.724191638852,3.5,0,10.2469358180959,0,0,0
321,45.7000000000004,2,494.249519383858,0,0,7.37743573474632,0,0,0
321,45.7000000000004,3,916.902378278497,3.5,0,8.9964917934041,0,0,0
321,45.7000000000004,4,1149.77454353235,1.2833333333333,0,20.969532709842,0,0,0
321,45.7000000000004,5,910.962815744203,0,0,6.79761016706708,0,0,0
321,45.7000000000004,6,531.036524943903,3.5,0,3.66674089861425,0,0,0
321,45.7000000000004,7,1066.9696934728,0,0,11.6158485304267,0,0,0
321,45.7000000000004,8,606.133589489274,3.5,0,6.1119095127499,0,0,0
321,45.7000000000004,9,1153.36942129416,3.5,0,12.9360652231127,0,0,0
321,45.7000000000004,10,74.370654900363,11,0,0,0,0,0
321,45.7000000000004,11,400.507363552497,-4,0,0,0,0,0
321,45.8000000000004,1,454.748405002296,3.5,0,10.2373314507894,0,0,0
321,45.8000000000004,2,494.98726209621,0,0,7.37741851229674,0,0,0
321,45.8000000000004,3,917.789527457837,3.5,0,8.7464917934041,0,0,0
321,45.8000000000004,4,1151.87150049085,1.16666666666663,0,20.9696064601155,0,0,0
321,45.8000000000004,5,911.642506169511,0,0,6.79619833909967,0,0,0
321,45.8000000000004,6,531.403199049355,3.5,0,3.66674121043069,0,0,0
321,45.8000000000004,7,1068.1314130371,0,0,11.618542755565,0,0,0
321,45.8000000000004,8,606.744780465704,3.5,0,6.11191001586328,0,0,0
321,45.8000000000004,9,1154.66302776972,3.5,0,12.9360642881383,0,0,0
321,45.8000000000004,10,74.370654900363,11,0,0,0,0,0
321,45.8000000000004,11,400.507363552497,-4,0,0,0,0,0
321,45.9000000000004,1,455.771648079213,3.5,0,10.2275300875436,0,0,0
321,45.9000000000004,2,495.72500317243,0,0,7.37740301209212,0,0,0
321,45.9000000000004,3,918.651676637178,3.5,0,8.4964917934041,0,0,0
321,45.9000000000004,4,1153.96846445563,1.04999999999997,0,20.9696728353617,0,0,0
321,45.9000000000004,5,912.322062471163,0,0,6.794927693929,0,0,0
321,45.9000000000004,6,531.76987318443,3.5,0,3.66674149106548,0,0,0
321,45.9000000000004,7,1069.29338855279,0,0,11.6209675581894,0,0,0
321,45.9000000000004,8,607.355971489931,3.5,0,6.11191046866532,0,0,0
321,45.9000000000004,9,1155.95663415646,3.5,0,12.9360634466614,0,0,0
321,45.9000000000004,10,74.370654900363,11,0,0,0,0,0
321,45.9000000000004,11,400.507363552497,-4,0,0,0,0,0
321,46.0000000000004,1,456.79390092565,3.5,0,10.2175268411998,0,0,0
321,46.0000000000004,2,496.46274277613,0,0,7.37738906190796,0,0,0
321,46.0000000000004,3,919.488825816518,3.5,0,8.2464917934041,0,0,0
321,46.0000000000004,4,1156.06543472605,0.933333333333297,0,20.9697325730832,0,0,0
321,46.0000000000004,5,913.001498061523,0,0,6.7937841132754,0,0,0
321,46.0000000000004,6,532.136547346165,3.5,0,3.6667417436368,0,0,0
321,46.0000000000004,7,1070.45559442473,0,0,11.6231498805514,0,0,0
321,46.0000000000004,8,607.967162557173,3.5,0,6.11191087618716,0,0,0
321,46.0000000000004,9,1157.25024046326,3.5,0,12.9360626893322,0,0,0
321,46.0000000000004,10,74.370654900363,11,0,0,0,0,0
321,46.0000000000004,11,400.507363552497,-4,0,0,0,0,0
321,46.1000000000004,1,457.81514310225,3.5,0,10.2073166907975,0,0,0
321,46.1000000000004,2,497.200481054562,0,0,7.37737650674222,0,0,0
321,46.1000000000004,3,920.300974995858,3.5,0,7.9964917934041,0,0,0
321,46.1000000000004,4,1158.16241067155,0.816666666666628,0,20.9697863370326,0,0,0
321,46.1000000000004,5,913.693376472851,0,0,7.0437841132754,0,0,0
321,46.1000000000004,6,532.503221531894,3.5,0,3.66674197095098,0,0,0
321,46.1000000000004,7,1071.61800761729,0,0,11.6251139706771,0,0,0
321,46.1000000000004,8,608.578353663131,3.5,0,6.11191124295681,0,0,0
321,46.1000000000004,9,1158.54384669811,3.5,0,12.9360620077358,0,0,0
321,46.1000000000004,10,74.370654900363,11,0,0,0,0,0
321,46.1000000000004,11,400.507363552497,-4,0,0,0,0,0
321,46.2000000000004,1,458.835353660696,3.5,0,10.196894478136,0,0,0
321,46.2000000000004,2,497.938218140254,0,0,7.37736520709305,0,0,0
321,46.2000000000004,3,921.088124175199,3.5,0,7.7464917934041,0,0,0
321,46.2000000000004,4,1160.25939172464,0.69999999999996,0,20.9698347245871,0,0,0
321,46.2000000000004,5,914.410254884178,0,0,7.2937841132754,0,0,0
321,46.2000000000004,6,532.869895739218,3.5,0,3.66674217553375,0,0,0
321,46.2000000000004,7,1072.78060739841,0,0,11.6268816517903,0,0,0
321,46.2000000000004,8,609.185218915068,3.5,0,6.02539379579734,0,0,0
321,46.2000000000004,9,1159.83745286822,3.5,0,12.9360613942992,0,0,0
321,46.2000000000004,10,74.370654900363,11,0,0,0,0,0
321,46.2000000000004,11,400.507363552497,-4,0,0,0,0,0
321,46.3000000000004,1,459.854511129817,3.5,0,10.1862549042847,0,0,0
321,46.3000000000004,2,498.675954152479,0,0,7.3773550374088,0,0,0
321,46.3000000000004,3,921.850273354539,3.5,0,7.4964917934041,0,0,0
321,46.3000000000004,4,1162.35637737453,0.583333333333292,0,20.9698782733861,0,0,0
321,46.3000000000004,5,915.152133295506,0,0,7.5437841132754,0,0,0
321,46.3000000000004,6,533.236569965978,3.5,0,3.66674235965824,0,0,0
321,46.3000000000004,7,1073.94337510924,0,0,11.6284725647922,0,0,0
321,46.3000000000004,8,609.783865009526,3.5,0,5.94752809335383,0,0,0
321,46.3000000000004,9,1161.13105898004,3.5,0,12.9360608422061,0,0,0
321,46.3000000000004,10,74.370654900363,11,0,0,0,0,0
321,46.3000000000004,11,400.507363552497,-4,0,0,0,0,0
321,46.4000000000004,1,460.872593501334,3.5,0,10.1753925260444,0,0,0
321,46.4000000000004,2,499.413689198584,0,0,7.37734588469297,0,0,0
321,46.4000000000004,3,922.60880263814,3.5,0,7.67409387861083,0,0,0
321,46.4000000000004,4,1164.45336716157,0.466666666666623,0,20.9699174673052,0,0,0
321,46.4000000000004,5,915.919011706833,0,0,7.7937841132754,0,0,0
321,46.4000000000004,6,533.603244210229,3.5,0,3.66674252537028,0,0,0
321,46.4000000000004,7,1075.10629395681,0,0,11.6299043864939,0,0,0
321,46.4000000000004,8,610.375113862251,3.5,0,5.87744896115466,0,0,0
321,46.4000000000004,9,1162.42466503942,3.5,0,12.9360603453224,0,0,0
321,46.4000000000004,10,74.370654900363,11,0,0,0,0,0
321,46.4000000000004,11,400.507363552497,-4,0,0,0,0,0
321,46.5000000000004,1,461.889578215254,3.5,0,10.1643017523656,0,0,0
321,46.5000000000004,2,500.151423375181,0,0,7.37733764724873,0,0,0
321,46.5000000000004,3,923.384204119835,3.5,0,7.83393575529688,0,0,0
321,46.5000000000004,4,1166.55036067203,0.349999999999955,0,20.9699527418324,0,0,0
321,46.5000000000004,5,916.710890118161,0,0,8.0437841132754,0,0,0
321,46.5000000000004,6,533.969918470223,3.5,0,3.66674267451111,0,0,0
321,46.5000000000004,7,1076.26934882743,0,0,11.6311930260254,0,0,0
321,46.5000000000004,8,610.959705197418,3.5,0,5.81437774217541,0,0,0
321,46.5000000000004,9,1163.71827105159,3.5,0,12.9360598981271,0,0,0
321,46.5000000000004,10,74.370654900363,11,0,0,0,0,0
321,46.5000000000004,11,400.507363552497,-4,0,0,0,0,0
321,46.6000000000004,1,462.905442144909,3.5,0,10.1529768407267,0,0,0
321,46.6000000000004,2,500.889156769221,0,0,7.37733023354891,0,0,0
321,46.6000000000004,3,924.174790579816,3.5,0,7.97779344431434,0,0,0
321,46.6000000000004,4,1168.64735753356,0.233333333333287,0,20.9699844889069,0,0,0
321,46.6000000000004,5,917.527768529489,0,0,8.2937841132754,0,0,0
321,46.6000000000004,6,534.336592744386,3.5,0,3.66674280873786,0,0,0
321,46.6000000000004,7,1077.43252611881,0,0,11.6323528016038,0,0,0
321,46.6000000000004,8,611.538304766781,3.5,0,5.75761364509408,0,0,0
321,46.6000000000004,9,1165.01187702128,3.5,0,12.9360594956513,0,0,0
321,46.6000000000004,10,74.370654900363,11,0,0,0,0,0
321,46.6000000000004,11,400.507363552497,-4,0,0,0,0,0
321,46.7000000000004,1,463.920161581619,3.5,0,10.1414118934793,0,0,0
321,46.7000000000004,2,501.62688945896,0,0,7.37732356121907,0,0,0
321,46.7000000000004,3,924.979043520253,3.5,0,8.10726536443004,0,0,0
321,46.7000000000004,4,1170.74435741107,0.116666666666618,0,20.9700130612739,0,0,0
321,46.7000000000004,5,918.369646940816,0,0,8.5437841132754,0,0,0
321,46.7000000000004,6,534.7032670313,3.5,0,3.66674292954194,0,0,0
321,46.7000000000004,7,1078.59581358888,0,0,11.6333965996243,0,0,0
321,46.7000000000004,8,612.111511746922,3.5,0,5.70652595772089,0,0,0
321,46.7000000000004,9,1166.30548295273,3.5,0,12.936059133423,0,0,0
321,46.7000000000004,10,74.370654900363,11,0,0,0,0,0
321,46.7000000000004,11,400.507363552497,-4,0,0,0,0,0
321,46.8000000000004,1,464.933712219001,3.5,0,10.1296008541652,0,0,0
321,46.8000000000004,2,502.364621514827,0,0,7.37731755612222,0,0,0
321,46.8000000000004,3,925.795596293101,3.5,0,8.22379009253418,0,0,0
321,46.8000000000004,4,1172.84136000296,0,0,20.9700387764042,0,0,0
321,46.8000000000004,5,919.236525352144,0,0,8.7937841132754,0,0,0
321,46.8000000000004,6,535.06994132969,3.5,0,3.66674303826561,0,0,0
321,46.8000000000004,7,1079.75920021975,0,0,11.6343360178428,0,0,0
321,46.8000000000004,8,612.679865396763,3.5,0,5.66054703908501,0,0,0
321,46.8000000000004,9,1167.59908884977,3.5,0,12.9360588074176,0,0,0
321,46.8000000000004,10,74.370654900363,11,0,0,0,0,0
321,46.8000000000004,11,400.507363552497,-4,0,0,0,0,0
321,46.9000000000004,1,465.9460691369,3.5,0,10.1175375038123,0,0,0
321,46.9000000000004,2,503.10235300021,0,0,7.37731215153505,0,0,0
321,46.9000000000004,3,926.623218915119,3.5,0,8.3286623478279,0,0,0
321,46.9000000000004,4,1174.93836503778,0,0,20.9700619200215,0,0,0
321,46.9000000000004,5,920.128403763471,0,0,9.0437841132754,0,0,0
321,46.9000000000004,6,535.436615638409,3.5,0,3.66674313611691,0,0,0
321,46.9000000000004,7,1080.92267609535,0,0,11.6351814942394,0,0,0
321,46.9000000000004,8,613.243851049333,3.5,0,5.61916601231273,0,0,0
321,46.9000000000004,9,1168.89269471585,3.5,0,12.9360585140128,0,0,0
321,46.9000000000004,10,74.370654900363,11,0,0,0,0,0
321,46.9000000000004,11,400.507363552497,-4,0,0,0,0,0
321,47.0000000000004,1,466.957206784952,3.5,0,10.1052154572182,0,0,0
321,47.0000000000004,2,503.840083972157,0,0,7.3773072874066,0,0,0
321,47.0000000000004,3,927.46080440139,3.5,0,8.42304737759225,0,0,0
321,47.0000000000004,4,1177.03537227124,0,0,20.9700827492771,0,0,0
321,47.0000000000004,5,921.045282174799,0,0,9.2937841132754,0,0,0
321,47.0000000000004,6,535.803289956424,3.5,0,3.66674322418308,0,0,0
321,47.0000000000004,7,1082.08623229122,0,0,11.6359424229964,0,0,0
321,47.0000000000004,8,613.803905504359,3.5,0,5.58192308821767,0,0,0
321,47.0000000000004,9,1170.18630055404,3.5,0,12.9360582499484,0,0,0
321,47.0000000000004,10,74.370654900363,11,0,0,0,0,0
321,47.0000000000004,11,400.507363552497,-4,0,0,0,0,0
321,47.1000000000004,1,467.967098965774,3.5,0,10.0926281592283,0,0,0
321,47.1000000000004,2,504.577814482011,0,0,7.37730290969099,0,0,0
321,47.1000000000004,3,928.307356465489,3.5,0,8.50799390438017,0,0,0
321,47.1000000000004,4,1179.13238148349,0,0,20.9701014956071,0,0,0
321,47.1000000000004,5,921.987160586127,0,0,9.5437841132754,0,0,0
321,47.1000000000004,6,536.169964282806,3.5,0,3.66674330344264,0,0,0
321,47.1000000000004,7,1083.24986077531,0,0,11.6366272588776,0,0,0
321,47.1000000000004,8,614.360421881596,3.5,0,5.54840445653212,0,0,0
321,47.1000000000004,9,1171.47990636716,3.5,0,12.9360580122905,0,0,0
321,47.1000000000004,10,74.370654900363,11,0,0,0,0,0
321,47.1000000000004,11,400.507363552497,-4,0,0,0,0,0
321,47.2000000000004,1,468.975718817787,3.5,0,10.0797688810195,0,0,0
321,47.2000000000004,2,505.315544575983,0,0,7.37729896974695,0,0,0
321,47.2000000000004,3,929.161978449633,3.5,0,8.58444577848929,0,0,0
321,47.2000000000004,4,1181.22939247663,0,0,20.9701183673041,0,0,0
321,47.2000000000004,5,922.953670780888,0,0,9.78641978195244,0,0,0
321,47.2000000000004,6,536.536638616717,3.5,0,3.66674337477624,0,0,0
321,47.2000000000004,7,1084.41355431881,0,0,11.6372436111708,0,0,0
321,47.2000000000004,8,614.913753988824,3.5,0,5.51823768801512,0,0,0
321,47.2000000000004,9,1172.76101216838,3.5,0,12.6860580122905,0,0,0
321,47.2000000000004,10,74.370654900363,11,0,0,0,0,0
321,47.2000000000004,11,400.507363552497,-4,0,0,0,0,0
321,47.3000000000004,1,469.983038797657,3.5,0,10.0666307163986,0,0,0
321,47.3000000000004,2,506.053274295661,0,0,7.37729542379731,0,0,0
321,47.3000000000004,3,930.023863361816,3.5,0,8.6532524651875,0,0,0
321,47.3000000000004,4,1183.32640507259,0,0,20.9701335518314,0,0,0
321,47.3000000000004,5,923.943231364174,0,0,10.0047918837618,0,0,0
321,47.3000000000004,6,536.903312957404,3.5,0,3.66674343897648,0,0,0
321,47.3000000000004,7,1085.57730641578,0,0,11.6377983282346,0,0,0
321,47.3000000000004,8,615.464220253042,3.5,0,5.49108759634982,0,0,0
321,47.3000000000004,9,1174.01711796961,3.5,0,12.4360580122905,0,0,0
321,47.3000000000004,10,74.370654900363,11,0,0,0,0,0
321,47.3000000000004,11,400.507363552497,-4,0,0,0,0,0
321,47.4000000000004,1,470.989030662384,3.5,0,10.0532065781287,0,0,0
321,47.4000000000004,2,506.791003678473,0,0,7.37729223244263,0,0,0
321,47.4000000000004,3,930.892284909237,3.5,0,8.71517848321589,0,0,0
321,47.4000000000004,4,1185.42341911108,0,0,20.970147217906,0,0,0
321,47.4000000000004,5,924.953537297131,0,0,10.2013267753902,0,0,0
321,47.4000000000004,6,537.269987304191,3.5,0,3.66674349675669,0,0,0
321,47.4000000000004,7,1086.74111121087,0,0,11.6382975735921,0,0,0
321,47.4000000000004,8,616.012107258552,3.5,0,5.46665251385105,0,0,0
321,47.4000000000004,9,1175.24822377084,3.5,0,12.1860580122905,0,0,0
321,47.4000000000004,10,74.370654900363,11,0,0,0,0,0
321,47.4000000000004,11,400.507363552497,-4,0,0,0,0,0
321,47.5000000000004,1,471.993665451005,3.5,0,10.0394891942952,0,0,0
321,47.5000000000004,2,507.528732758106,0,0,7.37728936022342,0,0,0
321,47.5000000000004,3,931.766589428369,3.5,0,8.77091189944145,0,0,0
321,47.5000000000004,4,1187.50793383287,0,0,20.720147217906,0,0,0
321,47.5000000000004,5,925.982514044793,0,0,10.3782081778557,0,0,0
321,47.5000000000004,6,537.636661656467,3.5,0,3.66674354875889,0,0,0
321,47.5000000000004,7,1087.90496343427,0,0,11.6387468944138,0,0,0
321,47.5000000000004,8,616.557672931225,3.5,0,5.44466093960216,0,0,0
321,47.5000000000004,9,1176.45432957207,3.5,0,11.9360580122905,0,0,0
321,47.5000000000004,10,74.370654900363,11,0,0,0,0,0
321,47.5000000000004,11,400.507363552497,-4,0,0,0,0,0
321,47.6000000000004,1,472.996913465956,3.5,0,10.0254711047258,0,0,0
321,47.6000000000004,2,508.266461564878,0,0,7.37728677522613,0,0,0
321,47.6000000000004,3,932.646188622044,3.5,0,8.82107197404444,0,0,0
321,47.6000000000004,4,1189.56744855466,0,0,20.470147217906,0,0,0
321,47.6000000000004,5,927.02829452569,0,0,10.5374014400747,0,0,0
321,47.6000000000004,6,538.012970090572,3.5,0,3.85942513334891,0,0,0
321,47.6000000000004,7,1089.06885834315,0,0,11.6391512831533,0,0,0
321,47.6000000000004,8,617.101149404344,3.5,0,5.42486852277816,0,0,0
321,47.6000000000004,9,1177.6354353733,3.5,0,11.6860580122905,0,0,0
321,47.6000000000004,10,74.370654900363,11,0,0,0,0,0
321,47.6000000000004,11,400.507363552497,-4,0,0,0,0,0
321,47.7000000000004,1,473.998829097253,3.5,0,10.0128415212167,0,0,0
321,47.7000000000004,2,509.004190126076,0,0,7.37728444872857,0,0,0
321,47.7000000000004,3,933.530553022805,3.5,0,8.86621604118714,0,0,0
321,47.7000000000004,4,1191.60196327645,0,0,20.220147217906,0,0,0
321,47.7000000000004,5,928.089198366497,0,0,10.6806753760718,0,0,0
321,47.7000000000004,6,538.407583275214,3.5,0,4.03283855947994,0,0,0
321,47.7000000000004,7,1090.23279166896,0,0,11.6395152330189,0,0,0
321,47.7000000000004,8,617.642745597865,3.5,0,5.40705534763656,0,0,0
321,47.7000000000004,9,1178.79154117453,3.5,0,11.4360580122905,0,0,0
321,47.7000000000004,10,74.370654900363,11,0,0,0,0,0
321,47.7000000000004,11,400.507363552497,-4,0,0,0,0,0
321,47.8000000000004,1,474.999540601398,3.5,0,10.0013885616877,0,0,0
321,47.8000000000004,2,509.741918466257,0,0,7.37728235488077,0,0,0
321,47.8000000000004,3,934.419206109945,3.5,0,8.90684570161557,0,0,0
321,47.8000000000004,4,1193.61147799824,0,0,19.970147217906,0,0,0
321,47.8000000000004,5,929.163713231224,0,0,10.8096219184692,0,0,0
321,47.8000000000004,6,538.818670735337,3.5,0,4.18891064299786,0,0,0
321,47.8000000000004,7,1091.39675957001,0,0,11.6398427878979,0,0,0
321,47.8000000000004,8,618.182649539747,3.5,0,5.39102349000912,0,0,0
321,47.8000000000004,9,1179.92264697576,3.5,0,11.1860580122905,0,0,0
321,47.8000000000004,10,74.370654900363,11,0,0,0,0,0
321,47.8000000000004,11,400.507363552497,-4,0,0,0,0,0
321,47.9000000000004,1,475.999156321818,3.5,0,9.99092584669913,0,0,0
321,47.9000000000004,2,510.479646607522,0,0,7.37728047041775,0,0,0
321,47.9000000000004,3,935.311719014826,3.5,0,8.94341239600115,0,0,0
321,47.9000000000004,4,1195.59599272003,0,0,19.720147217906,0,0,0
321,47.9000000000004,5,930.250478017479,0,0,10.9256738066269,0,0,0
321,47.9000000000004,6,539.244585043396,3.5,0,4.32937551816399,0,0,0
321,47.9000000000004,7,1092.56075858877,0,0,11.640137587289,0,0,0
321,47.9000000000004,8,618.721030455155,3.5,0,5.37659481814442,0,0,0
321,47.9000000000004,9,1181.02875277699,3.5,0,10.9360580122905,0,0,0
321,47.9000000000004,10,74.370654900363,11,0,0,0,0,0
321,47.9000000000004,11,400.507363552497,-4,0,0,0,0,0
321,48.0000000000004,1,476.99776707466,3.5,0,9.98128921014829,0,0,0
321,48.0000000000004,2,511.217374569763,0,0,7.37727877440102,0,0,0
321,48.0000000000004,3,936.207705755673,3.5,0,8.97632242094818,0,0,0
321,48.0000000000004,4,1197.55550744182,0,0,19.470147217906,0,0,0
321,48.0000000000004,5,931.348267733109,0,0,11.0301205059688,0,0,0
321,48.0000000000004,6,539.683843514595,3.5,0,4.45579390581351,0,0,0
321,48.0000000000004,7,1093.72478561347,0,0,11.640402906741,0,0,0
321,48.0000000000004,8,619.258040646735,3.5,0,5.3636090134662,0,0,0
321,48.0000000000004,9,1182.10985857822,3.5,0,10.6860580122905,0,0,0
321,48.0000000000004,10,74.370654900363,11,0,0,0,0,0
321,48.0000000000004,11,400.507363552497,-4,0,0,0,0,0
321,48.1000000000004,1,477.995448229679,3.5,0,9.9723338902253,0,0,0
321,48.1000000000004,2,511.942602447203,0,0,7.12727877440102,0,0,0
321,48.1000000000004,3,937.106818948891,3.5,0,9.0059414434005,0,0,0
321,48.1000000000004,4,1199.49002216361,0,0,19.220147217906,0,0,0
321,48.1000000000004,5,932.455979885176,0,0,11.1241225353765,0,0,0
321,48.1000000000004,6,540.13511173262,3.5,0,4.56957045469808,0,0,0
321,48.1000000000004,7,1094.88883784352,0,0,11.6406416942478,0,0,0
321,48.1000000000004,8,619.793817186871,3.5,0,5.35192178925579,0,0,0
321,48.1000000000004,9,1183.16596437945,3.5,0,10.4360580122905,0,0,0
321,48.1000000000004,10,74.370654900363,11,0,0,0,0,0
321,48.1000000000004,11,400.507363552497,-4,0,0,0,0,0
321,48.2000000000004,1,478.992261530209,3.5,0,9.96393212038693,0,0,0
321,48.2000000000004,2,512.642830324643,0,0,6.87727877440102,0,0,0
321,48.2000000000004,3,938.008745949241,3.5,0,9.03259856360759,0,0,0
321,48.2000000000004,4,1201.3995368854,0,0,18.970147217906,0,0,0
321,48.2000000000004,5,933.572622230037,0,0,11.2087243618434,0,0,0
321,48.2000000000004,6,540.59718872279,3.5,0,4.67196934869418,0,0,0
321,48.2000000000004,7,1096.05291275838,0,0,11.6408566030039,0,0,0
321,48.2000000000004,8,620.328483440707,3.5,0,5.34140328746643,0,0,0
321,48.2000000000004,9,1184.19707018067,3.5,0,10.1860580122905,0,0,0
321,48.2000000000004,10,74.370654900363,11,0,0,0,0,0
321,48.2000000000004,11,400.507363552497,-4,0,0,0,0,0
321,48.3000000000004,1,479.988256688982,3.5,0,9.9559710550693,0,0,0
321,48.3000000000004,2,513.318058202083,0,0,6.62727877440102,0,0,0
321,48.3000000000004,3,938.913205376011,3.5,0,9.05658997179397,0,0,0
321,48.3000000000004,4,1203.28405160719,0,0,18.720147217906,0,0,0
321,48.3000000000004,5,934.697301748412,0,0,11.2848660056636,0,0,0
321,48.3000000000004,6,541.068993607889,3.5,0,4.76412835329068,0,0,0
321,48.3000000000004,7,1097.21700808957,0,0,11.6410500208844,0,0,0
321,48.3000000000004,8,620.862150436874,3.5,0,5.331936635856,0,0,0
321,48.3000000000004,9,1185.2031759819,3.5,0,9.93605801229045,0,0,0
321,48.3000000000004,10,74.370654900363,11,0,0,0,0,0
321,48.3000000000004,11,400.507363552497,-4,0,0,0,0,0
321,48.4000000000004,1,480.983472790575,3.5,0,9.9483509767783,0,0,0
321,48.4000000000004,2,513.968286079523,0,0,6.37727877440102,0,0,0
321,48.4000000000004,3,939.819943986559,3.5,0,9.07818223916171,0,0,0
321,48.4000000000004,4,1205.14425507167,0,0,18.4839220716731,0,0,0
321,48.4000000000004,5,935.829214722951,0,0,11.3533934851018,0,0,0
321,48.4000000000004,6,541.549553598425,3.5,0,4.84707145742753,0,0,0
321,48.4000000000004,7,1098.38112179547,0,0,11.6412240969769,0,0,0
321,48.4000000000004,8,621.394918101137,3.5,0,5.32341664940661,0,0,0
321,48.4000000000004,9,1186.18428178313,3.5,0,9.68605801229045,0,0,0
321,48.4000000000004,10,74.370654900363,11,0,0,0,0,0
321,48.4000000000004,11,400.507363552497,-4,0,0,0,0,0
321,48.5000000000004,1,481.97793952645,3.5,0,9.94098374073785,0,0,0
321,48.5000000000004,2,514.593513956963,0,0,6.12727877440102,0,0,0
321,48.5000000000004,3,940.728733862507,3.5,0,9.09761527979268,0,0,0
321,48.5000000000004,4,1206.98201714726,0,0,18.2713194400634,0,0,0
321,48.5000000000004,5,936.967637808036,0,0,11.4150682165962,0,0,0
321,48.5000000000004,6,542.037993183854,3.5,0,4.92172025115069,0,0,0
321,48.5000000000004,7,1099.54525203859,0,0,11.6413807654601,0,0,0
321,48.5000000000004,8,621.926876366687,3.5,0,5.31574866160217,0,0,0
321,48.5000000000004,9,1187.14038758436,3.5,0,9.43605801229045,0,0,0
321,48.5000000000004,10,74.370654900363,11,0,0,0,0,0
321,48.5000000000004,11,400.507363552497,-4,0,0,0,0,0
321,48.6000000000004,1,482.971678284535,3.5,0,9.93379142095734,0,0,0
321,48.6000000000004,2,515.193741834403,0,0,5.87727877440102,0,0,0
321,48.6000000000004,3,941.639369877314,3.5,0,9.11510501636056,0,0,0
321,48.6000000000004,4,1208.79958197284,0,0,18.0799770716148,0,0,0
321,48.6000000000004,5,938.111919992612,0,0,11.4705754749412,0,0,0
321,48.6000000000004,6,542.533524404686,3.5,0,4.98890416550154,0,0,0
321,48.6000000000004,7,1100.70939716522,0,0,11.641521767095,0,0,0
321,48.6000000000004,8,622.458106173396,3.5,0,5.30884747257817,0,0,0
321,48.6000000000004,9,1188.07149338559,3.5,0,9.18605801229045,0,0,0
321,48.6000000000004,10,74.370654900363,11,0,0,0,0,0
321,48.6000000000004,11,400.507363552497,-4,0,0,0,0,0
321,48.7000000000004,1,483.964703111973,3.5,0,9.92670512779053,0,0,0
321,48.7000000000004,2,515.768969711843,0,0,5.62727877440102,0,0,0
321,48.7000000000004,3,942.551667417096,3.5,0,9.13084577927164,0,0,0
321,48.7000000000004,4,1210.59896927342,0,0,17.907768940011,0,0,0
321,48.7000000000004,5,939.261475366732,0,0,11.5205320074516,0,0,0
321,48.7000000000004,6,543.035438097382,3.5,0,5.0493696884173,0,0,0
321,48.7000000000004,7,1101.873555687,0,0,11.6416486685664,0,0,0
321,48.7000000000004,8,622.988680367148,3.5,0,5.30263640245656,0,0,0
321,48.7000000000004,9,1188.97759918682,3.5,0,8.93605801229045,0,0,0
321,48.7000000000004,10,74.370654900363,11,0,0,0,0,0
321,48.7000000000004,11,400.507363552497,-4,0,0,0,0,0
321,48.8000000000004,1,484.957021566967,3.5,0,9.91966397210268,0,0,0
321,48.8000000000004,2,516.319197589283,0,0,5.37727877440102,0,0,0
321,48.8000000000004,3,943.465460329354,3.5,0,9.14501246589162,0,0,0
321,48.8000000000004,4,1212.3819968015,0,0,17.7527816215676,0,0,0
321,48.8000000000004,5,940.41577661144,0,0,11.565492886711,0,0,0
321,48.8000000000004,6,543.543096014755,3.5,0,5.10378865904149,0,0,0
321,48.8000000000004,7,1103.03772626442,0,0,11.6417628798907,0,0,0
321,48.8000000000004,8,623.518664509238,3.5,0,5.29704643934712,0,0,0
321,48.8000000000004,9,1189.85870498805,3.5,0,8.68605801229045,0,0,0
321,48.8000000000004,10,74.370654900363,11,0,0,0,0,0
321,48.8000000000004,11,400.507363552497,-4,0,0,0,0,0
321,48.9000000000004,1,485.948635473336,3.5,0,9.91261415527622,0,0,0
321,48.9000000000004,2,516.844425466723,0,0,5.12727877440102,0,0,0
321,48.9000000000004,3,944.380599076841,3.5,0,9.1577624838496,0,0,0
321,48.9000000000004,4,1214.15030053433,0,0,17.6132930349685,0,0,0
321,48.9000000000004,5,941.574349139678,0,0,11.6059576780445,0,0,0
321,48.9000000000004,6,544.055923734337,3.5,0,5.15276573260326,0,0,0
321,48.9000000000004,7,1104.20190769192,0,0,11.6418656700825,0,0,0
321,48.9000000000004,8,624.048117604833,3.5,0,5.29201547254862,0,0,0
321,48.9000000000004,9,1190.71481078928,3.5,0,8.43605801229045,0,0,0
321,48.9000000000004,10,74.370654900363,11,0,0,0,0,0
321,48.9000000000004,11,400.507363552497,-4,0,0,0,0,0
321,49.0000000000004,1,486.939541589483,3.5,0,9.90550816765127,0,0,0
321,49.0000000000004,2,517.344653344163,0,0,4.87727877440102,0,0,0
321,49.0000000000004,3,945.296949076034,3.5,0,9.16923750001178,0,0,0
321,49.0000000000004,4,1215.90535285143,0,0,17.4877533070293,0,0,0
321,49.0000000000004,5,942.736765823092,0,0,11.6423759902446,0,0,0
321,49.0000000000004,6,544.573404275908,3.5,0,5.19684509880885,0,0,0
321,49.0000000000004,7,1105.36609888449,0,0,11.6419581812552,0,0,0
321,49.0000000000004,8,624.577092758582,3.5,0,5.28748760242998,0,0,0
321,49.0000000000004,9,1191.54591659051,3.5,0,8.18605801229045,0,0,0
321,49.0000000000004,10,74.370654900363,11,0,0,0,0,0
321,49.0000000000004,11,400.507363552497,-4,0,0,0,0,0
321,49.1000000000004,1,487.929732201903,3.5,0,9.89830408076235,0,0,0
321,49.1000000000004,2,517.819881221603,0,0,4.62727877440102,0,0,0
321,49.1000000000004,3,946.214389201763,3.5,0,9.17956501455774,0,0,0
321,49.1000000000004,4,1217.64847889437,0,0,17.3747675518841,0,0,0
321,49.1000000000004,5,943.902642246166,0,0,11.6751524712248,0,0,0
321,49.1000000000004,6,545.095072357268,3.5,0,5.23651652839388,0,0,0
321,49.1000000000004,7,1106.53029886562,0,0,11.6420414413106,0,0,0
321,49.1000000000004,8,625.105637764669,3.5,0,5.28341251932319,0,0,0
321,49.1000000000004,9,1192.35202239174,3.5,0,7.93605801229045,0,0,0
321,49.1000000000004,10,74.370654900363,11,0,0,0,0,0
321,49.1000000000004,11,400.507363552497,-4,0,0,0,0,0
321,49.2000000000004,1,488.919195651992,3.5,0,9.89096492101103,0,0,0
321,49.2000000000004,2,518.270109099043,0,0,4.37727877440102,0,0,0
321,49.2000000000004,3,947.132810441373,3.5,0,9.18885977764911,0,0,0
321,49.2000000000004,4,1219.38087129058,0,0,17.2730803722534,0,0,0
321,49.2000000000004,5,945.071632434932,0,0,11.7046513041069,0,0,0
321,49.2000000000004,6,545.620509224439,3.5,0,5.27222081502041,0,0,0
321,49.2000000000004,7,1107.69450675645,0,0,11.6421163753604,0,0,0
321,49.2000000000004,8,625.633795637862,3.5,0,5.27974494452709,0,0,0
321,49.2000000000004,9,1193.13312819296,3.5,0,7.68605801229045,0,0,0
321,49.2000000000004,10,74.370654900363,11,0,0,0,0,0
321,49.2000000000004,11,400.507363552497,-4,0,0,0,0,0
321,49.3000000000004,1,489.907916803757,3.5,0,9.88345811429785,0,0,0
321,49.3000000000004,2,518.695336976483,0,0,4.12727877440102,0,0,0
321,49.3000000000004,3,948.052114683477,3.5,0,9.19722506443134,0,0,0
321,49.3000000000004,4,1221.10360340472,0,0,17.1815619105857,0,0,0
321,49.3000000000004,5,946.243425012823,0,0,11.7312002537007,0,0,0
321,49.3000000000004,6,546.149337998839,3.5,0,5.30435467298428,0,0,0
321,49.3000000000004,7,1108.85872176602,0,0,11.6421838160053,0,0,0
321,49.3000000000004,8,626.161605091449,3.5,0,5.27644412721059,0,0,0
321,49.3000000000004,9,1193.88923399419,3.5,0,7.43605801229045,0,0,0
321,49.3000000000004,10,74.370654900363,11,0,0,0,0,0
321,49.3000000000004,11,400.507363552497,-4,0,0,0,0,0
321,49.4000000000004,1,490.895877459107,3.5,0,9.87575499269956,0,0,0
321,49.4000000000004,2,519.095564853924,0,0,3.87727877440102,0,0,0
321,49.4000000000004,3,948.972213627826,3.5,0,9.20475382253534,0,0,0
321,49.4000000000004,4,1222.81764126501,0,0,17.0991952950848,0,0,0
321,49.4000000000004,5,947.417739740925,0,0,11.7550943083352,0,0,0
321,49.4000000000004,6,546.681219489746,3.5,0,5.33327514515177,0,0,0
321,49.4000000000004,7,1110.02294318245,0,0,11.6422445125857,0,0,0
321,49.4000000000004,8,626.689100967391,3.5,0,5.27347339162575,0,0,0
321,49.4000000000004,9,1194.62033979542,3.5,0,7.18605801229045,0,0,0
321,49.4000000000004,10,74.370654900363,11,0,0,0,0,0
321,49.4000000000004,11,400.507363552497,-4,0,0,0,0,0
321,49.5000000000004,1,491.883056726521,3.5,0,9.86783035557778,0,0,0
321,49.5000000000004,2,519.470792731364,0,0,3.62727877440102,0,0,0
321,49.5000000000004,3,949.893027804194,3.5,0,9.21152970482895,0,0,0
321,49.5000000000004,4,1224.52385429682,0,0,17.025065341134,0,0,0
321,49.5000000000004,5,948.594324404217,0,0,11.7765989575063,0,0,0
321,49.5000000000004,6,547.215848425509,3.5,0,5.35930357010251,0,0,0
321,49.5000000000004,7,1111.18717036505,0,0,11.642299139508,0,0,0
321,49.5000000000004,8,627.216314623452,3.5,0,5.27079972959939,0,0,0
321,49.5000000000004,9,1195.32644559665,3.5,0,6.93605801229045,0,0,0
321,49.5000000000004,10,74.370654900363,11,0,0,0,0,0
321,49.5000000000004,11,400.507363552497,-4,0,0,0,0,0
321,49.6000000000004,1,492.869431348229,3.5,0,9.85966207859082,0,0,0
321,49.6000000000004,2,519.821020608804,0,0,3.37727877440102,0,0,0
321,49.6000000000004,3,950.81448568938,3.5,0,9.2176279988932,0,0,0
321,49.6000000000004,4,1226.223024983,0,0,16.9583483825783,0,0,0
321,49.6000000000004,5,949.77295200918,0,0,11.7959531417602,0,0,0
321,49.6000000000004,6,547.752950061642,3.5,0,5.38272915255818,0,0,0
321,49.6000000000004,7,1112.35140273722,0,0,11.6423483037381,0,0,0
321,49.6000000000004,8,627.743274281621,3.5,0,5.26839343377566,0,0,0
321,49.6000000000004,9,1196.00755139788,3.5,0,6.68605801229045,0,0,0
321,49.6000000000004,10,74.370654900363,11,0,0,0,0,0
321,49.6000000000004,11,400.507363552497,-4,0,0,0,0,0
321,49.7000000000004,1,493.854975990408,3.5,0,9.85123076498955,0,0,0
321,49.7000000000004,2,520.146248486244,0,0,3.12727877440102,0,0,0
321,49.7000000000004,3,951.736522912502,3.5,0,9.22311646355102,0,0,0
321,49.7000000000004,4,1227.91585755813,0,0,16.8983031198782,0,0,0
321,49.7000000000004,5,950.953418261647,0,0,11.8133719075888,0,0,0
321,49.7000000000004,6,548.292277128108,3.5,0,5.40381217676828,0,0,0
321,49.7000000000004,7,1113.51563977998,0,0,11.6423925515452,0,0,0
321,49.7000000000004,8,628.270005341686,3.5,0,5.26622776753431,0,0,0
321,49.7000000000004,9,1196.66365719911,3.5,0,6.43605801229045,0,0,0
321,49.7000000000004,10,74.370654900363,11,0,0,0,0,0
321,49.7000000000004,11,400.507363552497,-4,0,0,0,0,0
321,49.8000000000004,1,494.839663500375,3.5,0,9.84251943434247,0,0,0
321,49.8000000000004,2,520.446476363684,0,0,2.87727877440102,0,0,0
321,49.8000000000004,3,952.659081539767,3.5,0,9.22805608174306,0,0,0
321,49.8000000000004,4,1229.60298583329,0,0,16.844262383448,0,0,0
321,49.8000000000004,5,952.135539296868,0,0,11.8290487968345,0,0,0
321,49.8000000000004,6,548.833607081874,3.5,0,5.42278689855736,0,0,0
321,49.8000000000004,7,1114.67988102629,0,0,11.6424323745716,0,0,0
321,49.8000000000004,8,628.796530663459,3.5,0,5.2642786679171,0,0,0
321,49.8000000000004,9,1197.29476300034,3.5,0,6.18605801229045,0,0,0
321,49.8000000000004,10,74.370654900363,11,0,0,0,0,0
321,49.8000000000004,11,400.507363552497,-4,0,0,0,0,0
321,49.9000000000004,1,495.823465134316,3.5,0,9.83351324447969,0,0,0
321,49.9000000000004,2,520.721887165157,0,0,2.63093725506557,0,0,0
321,49.9000000000004,3,953.58210943076,3.5,0,9.23250173811589,0,0,0
321,49.9000000000004,4,1231.2849802385,0,0,16.7956257206609,0,0,0
321,49.9000000000004,5,953.319149636568,0,0,11.8431579971556,0,0,0
321,49.9000000000004,6,549.37673963421,3.5,0,5.43986414816754,0,0,0
321,49.9000000000004,7,1115.84412605578,0,0,11.6424682152953,0,0,0
321,49.9000000000004,8,629.322870820768,3.5,0,5.2625244782616,0,0,0
321,49.9000000000004,9,1197.90086880157,3.5,0,5.93605801229045,0,0,0
321,49.9000000000004,10,74.370654900363,11,0,0,0,0,0
321,49.9000000000004,11,400.507363552497,-4,0,0,0,0,0
321,50.0000000000004,1,496.80635075869,3.5,0,9.82419924299094,0,0,0
321,50.0000000000004,2,520.973895522294,0,0,2.40922988766366,0,0,0
321,50.0000000000004,3,954.505559659108,3.5,0,9.23650282885144,0,0,0
321,50.0000000000004,4,1232.96235416074,0,0,16.7518527241525,0,0,0
321,50.0000000000004,5,954.504100350298,0,0,11.8558562774446,0,0,0
321,50.0000000000004,6,549.92149452526,3.5,0,5.45523367281671,0,0,0
321,50.0000000000004,7,1117.00837449014,0,0,11.6425004719467,0,0,0
321,50.0000000000004,8,629.849044330059,3.5,0,5.26094570757166,0,0,0
321,50.0000000000004,9,1198.4819746028,3.5,0,5.68605801229045,0,0,0
321,50.0000000000004,10,74.370654900363,11,0,0,0,0,0
321,50.0000000000004,11,400.507363552497,-4,0,0,0,0,0
321,50.1000000000004,1,497.788289028093,3.5,0,9.81456614507626,0,0,0
321,50.1000000000004,2,521.204841679527,0,0,2.20969325700195,0,0,0
321,50.1000000000004,3,955.429389991076,3.5,0,9.24010381051344,0,0,0
321,50.1000000000004,4,1234.63556964831,0,0,16.7124570272949,0,0,0
321,50.1000000000004,5,955.690257400655,0,0,11.8672847297047,0,0,0
321,50.1000000000004,6,550.46770952115,3.5,0,5.46906624500095,0,0,0
321,50.1000000000004,7,1118.17262598888,0,0,11.6425295029329,0,0,0
321,50.1000000000004,8,630.375067856136,3.5,0,5.25952481395071,0,0,0
321,50.1000000000004,9,1199.03808040403,3.5,0,5.43605801229045,0,0,0
321,50.1000000000004,10,74.370654900363,11,0,0,0,0,0
321,50.1000000000004,11,400.507363552497,-4,0,0,0,0,0
321,50.2000000000004,1,498.769247542094,3.5,0,9.80460413494333,0,0,0
321,50.2000000000004,2,521.416831856847,0,0,2.0301102894064,0,0,0
321,50.2000000000004,3,956.353562416302,3.5,0,9.24334469400924,0,0,0
321,50.2000000000004,4,1236.30504254468,0,0,16.6770009001231,0,0,0
321,50.2000000000004,5,956.877500153978,0,0,11.8775703367388,0,0,0
321,50.2000000000004,6,551.015238611399,3.5,0,5.48151555996677,0,0,0
321,50.2000000000004,7,1119.33688024557,0,0,11.6425556308206,0,0,0
321,50.2000000000004,8,630.900956397318,3.5,0,5.25824600969185,0,0,0
321,50.2000000000004,9,1199.56918620525,3.5,0,5.18605801229045,0,0,0
321,50.2000000000004,10,74.370654900363,11,0,0,0,0,0
321,50.2000000000004,11,400.507363552497,-4,0,0,0,0,0
321,50.3000000000004,1,499.749192983255,3.5,0,9.79430468828336,0,0,0
321,50.3000000000004,2,521.611761652246,0,0,1.86848561857041,0,0,0
321,50.3000000000004,3,957.278042725461,3.5,0,9.24626148915545,0,0,0
321,50.3000000000004,4,1237.97114710897,0,0,16.6450903856685,0,0,0
321,50.3000000000004,5,958.065720039968,0,0,11.8868273830695,0,0,0
321,50.3000000000004,6,551.563950386569,3.5,0,5.49271994343601,0,0,0
321,50.3000000000004,7,1120.50113698441,0,0,11.6425791459194,0,0,0
321,50.3000000000004,8,631.426723452095,3.5,0,5.25709508585888,0,0,0
321,50.3000000000004,9,1200.07529200648,3.5,0,4.93605801229045,0,0,0
321,50.3000000000004,10,74.370654900363,11,0,0,0,0,0
321,50.3000000000004,11,400.507363552497,-4,0,0,0,0,0
321,50.4000000000004,1,500.728091238352,3.5,0,9.78366041364858,0,0,0
321,50.4000000000004,2,521.791337103915,0,0,1.72302341481802,0,0,0
321,50.4000000000004,3,958.202800130158,3.5,0,9.24888660478705,0,0,0
321,50.4000000000004,4,1239.63422017439,0,0,16.6163709226593,0,0,0
321,50.4000000000004,5,959.25481934536,0,0,11.8951587247671,0,0,0
321,50.4000000000004,6,552.113726578169,3.5,0,5.50280388855833,0,0,0
321,50.4000000000004,7,1121.66539595718,0,0,11.6426003095084,0,0,0
321,50.4000000000004,8,631.952381169109,3.5,0,5.25605925440921,0,0,0
321,50.4000000000004,9,1200.55639780771,3.5,0,4.68605801229045,0,0,0
321,50.4000000000004,10,74.370654900363,11,0,0,0,0,0
321,50.4000000000004,11,400.507363552497,-4,0,0,0,0,0
321,50.5000000000004,1,501.705907504575,3.5,0,9.77266491080487,0,0,0
321,50.5000000000004,2,521.957093646228,0,0,1.59210743144087,0,0,0
321,50.5000000000004,3,959.12780692084,3.5,0,9.25124920885548,0,0,0
321,50.5000000000004,4,1241.29456489082,0,0,16.5905234059511,0,0,0
321,50.5000000000004,5,960.444710128213,0,0,11.902656932295,0,0,0
321,50.5000000000004,6,552.664460744555,3.5,0,5.51187943916841,0,0,0
321,50.5000000000004,7,1122.82965694049,0,0,11.6426193567384,0,0,0
321,50.5000000000004,8,632.477940482134,3.5,0,5.2551270061045,0,0,0
321,50.5000000000004,9,1201.01250360894,3.5,0,4.43605801229045,0,0,0
321,50.5000000000004,10,74.370654900363,11,0,0,0,0,0
321,50.5000000000004,11,400.507363552497,-4,0,0,0,0,0
321,50.6000000000004,1,502.682606382332,3.5,0,9.76131264435044,0,0,0
321,50.6000000000004,2,522.11041317012,0,0,1.47428304640143,0,0,0
321,50.6000000000004,3,960.053038158909,3.5,0,9.25337555251708,0,0,0
321,50.6000000000004,4,1242.95245409316,0,0,16.5672606409137,0,0,0
321,50.6000000000004,5,961.635313240781,0,0,11.9094053190701,0,0,0
321,50.6000000000004,6,553.216057088249,3.5,0,5.52004743471749,0,0,0
321,50.6000000000004,7,1123.99391973329,0,0,11.6426364992455,0,0,0
321,50.6000000000004,8,633.003411231571,3.5,0,5.25428798263026,0,0,0
321,50.6000000000004,9,1201.44360941017,3.5,0,4.18605801229045,0,0,0
321,50.6000000000004,10,74.370654900363,11,0,0,0,0,0
321,50.6000000000004,11,400.507363552497,-4,0,0,0,0,0
321,50.7000000000005,1,503.658151956104,3.5,0,9.7495988310803,0,0,0
321,50.7000000000005,2,522.252539377434,0,0,1.36824109986594,0,0,0
321,50.7000000000005,3,960.978471399625,3.5,0,9.25528926181251,0,0,0
321,50.7000000000005,4,1244.60813333282,0,0,16.54632415238,0,0,0
321,50.7000000000005,5,962.826557450093,0,0,11.9154788671676,0,0,0
321,50.7000000000005,6,553.768429391521,3.5,0,5.52739863071166,0,0,0
321,50.7000000000005,7,1125.15818415463,0,0,11.6426519275019,0,0,0
321,50.7000000000005,8,633.528802273778,3.5,0,5.25353286150345,0,0,0
321,50.7000000000005,9,1201.8497152114,3.5,0,3.93605801229045,0,0,0
321,50.7000000000005,10,74.370654900363,11,0,0,0,0,0
321,50.7000000000005,11,400.507363552497,-4,0,0,0,0,0
321,50.8000000000005,1,504.632507864645,3.5,0,9.73751933974114,0,0,0
321,50.8000000000005,2,522.384591599826,0,0,1.27280334798399,0,0,0
321,50.8000000000005,3,961.904086442725,3.5,0,9.2570116001784,0,0,0
321,50.8000000000005,4,1246.26182360608,0,0,16.5274813126997,0,0,0
321,50.8000000000005,5,964.018378646474,0,0,11.9209450604555,0,0,0
321,50.8000000000005,6,554.321500058412,3.5,0,5.53401470710641,0,0,0
321,50.8000000000005,7,1126.32245004165,0,0,11.6426658129326,0,0,0
321,50.8000000000005,8,634.054121579477,3.5,0,5.25285325248932,0,0,0
321,50.8000000000005,9,1202.25582101263,3.5,0,4.18605801229045,0,0,0
321,50.8000000000005,10,74.370654900363,11,0,0,0,0,0
321,50.8000000000005,11,400.507363552497,-4,0,0,0,0,0
321,50.9000000000005,1,505.60563736173,3.5,0,9.72507060196572,0,0,0
321,50.9000000000005,2,522.50757723579,0,0,1.18690937129024,0,0,0
321,50.9000000000005,3,962.829865107969,3.5,0,9.2585617047077,0,0,0
321,50.9000000000005,4,1247.91372380956,0,0,16.5105227569874,0,0,0
321,50.9000000000005,5,965.210719131218,0,0,11.9258646344145,0,0,0
321,50.9000000000005,6,554.87519925256,3.5,0,5.53996917586168,0,0,0
321,50.9000000000005,7,1127.48671724779,0,0,11.6426783098202,0,0,0
321,50.9000000000005,8,634.579376322321,3.5,0,5.25224160437661,0,0,0
321,50.9000000000005,9,1202.68692681386,3.5,0,4.43605801229045,0,0,0
321,50.9000000000005,10,74.370654900363,11,0,0,0,0,0
321,50.9000000000005,11,400.507363552497,-4,0,0,0,0,0
321,51.0000000000005,1,506.577503368494,3.5,0,9.71224953330276,0,0,0
321,51.0000000000005,2,522.622402943968,0,0,1.10960479226587,0,0,0
321,51.0000000000005,3,963.755791033144,3.5,0,9.25995679878407,0,0,0
321,51.0000000000005,4,1249.56401295025,0,0,16.4952600568463,0,0,0
321,51.0000000000005,5,966.403526975487,0,0,11.9302922509776,0,0,0
321,51.0000000000005,6,555.42946412124,3.5,0,5.54532819774143,0,0,0
321,51.0000000000005,7,1128.65098564113,0,0,11.6426895570191,0,0,0
321,51.0000000000005,8,635.104572958593,3.5,0,5.25169112107516,0,0,0
321,51.0000000000005,9,1203.14303261509,3.5,0,4.68605801229045,0,0,0
321,51.0000000000005,10,74.370654900363,11,0,0,0,0,0
321,51.0000000000005,11,400.507363552497,-4,0,0,0,0,0
321,51.1000000000005,1,507.548068518327,3.5,0,9.6990534633705,0,0,0
321,51.1000000000005,2,522.729884717138,0,0,1.04003067114393,0,0,0
321,51.1000000000005,3,964.681849492255,3.5,0,9.2612123834528,0,0,0
321,51.1000000000005,4,1251.21285213443,0,0,16.4815236267194,0,0,0
321,51.1000000000005,5,967.596755443331,0,0,11.9342771058844,0,0,0
321,51.1000000000005,6,555.984238096999,3.5,0,5.5501513174332,0,0,0
321,51.1000000000005,7,1129.81525510296,0,0,11.6426996794981,0,0,0
321,51.1000000000005,8,635.629717298952,3.5,0,5.25119568610386,0,0,0
321,51.1000000000005,9,1203.62413841632,3.5,0,4.93605801229045,0,0,0
321,51.1000000000005,10,74.370654900363,11,0,0,0,0,0
321,51.1000000000005,11,400.507363552497,-4,0,0,0,0,0
321,51.2000000000005,1,508.517295195209,3.5,0,9.68548007426118,0,0,0
321,51.2000000000005,2,522.830756948802,0,0,0.977413962134186,0,0,0
321,51.2000000000005,3,965.608027231911,3.5,0,9.26234240965466,0,0,0
321,51.2000000000005,4,1252.86038635775,0,0,16.4691608396051,0,0,0
321,51.2000000000005,5,968.79036247239,0,0,11.9378634753006,0,0,0
321,51.2000000000005,6,556.539470269128,3.5,0,5.5544921251558,0,0,0
321,51.2000000000005,7,1130.97952552642,0,0,11.6427087897292,0,0,0
321,51.2000000000005,8,636.154814572989,3.5,0,5.25074979462969,0,0,0
321,51.2000000000005,9,1204.13024421754,3.5,0,5.18605801229045,0,0,0
321,51.2000000000005,10,74.370654900363,11,0,0,0,0,0
321,51.2000000000005,11,400.507363552497,-4,0,0,0,0,0
321,51.3000000000005,1,509.485145566243,3.5,0,9.67152734641181,0,0,0
321,51.3000000000005,2,522.92568059311,0,0,0.921058924025417,0,0,0
321,51.3000000000005,3,966.534312324055,3.5,0,9.26335943323634,0,0,0
321,51.3000000000005,4,1254.50674611629,0,0,16.4580343312023,0,0,0
321,51.3000000000005,5,969.984310206544,0,0,11.9410912077751,0,0,0
321,51.3000000000005,6,557.095114817991,3.5,0,5.55839885210614,0,0,0
321,51.3000000000005,7,1132.14379681535,0,0,11.6427169889372,0,0,0
321,51.3000000000005,8,636.679869487336,3.5,0,5.25034849230293,0,0,0
321,51.3000000000005,9,1204.66135001877,3.5,0,5.43605801229045,0,0,0
321,51.3000000000005,10,74.370654900363,11,0,0,0,0,0
321,51.3000000000005,11,400.507363552497,-4,0,0,0,0,0
321,51.4000000000005,1,510.451581609125,3.5,0,9.65719351123492,0,0,0
321,51.4000000000005,2,523.015250508798,0,0,0.870339389727525,0,0,0
321,51.4000000000005,3,967.46069403344,3.5,0,9.26427475445984,0,0,0
321,51.4000000000005,4,1256.15204885653,0,0,16.4480204736397,0,0,0
321,51.4000000000005,5,971.178564575283,0,0,11.9439961670021,0,0,0
321,51.4000000000005,6,557.651130505915,3.5,0,5.56191490636144,0,0,0
321,51.4000000000005,7,1133.31760509627,0,0,11.8334486294629,0,0,0
321,51.4000000000005,8,637.204886277961,3.5,0,5.24998732020885,0,0,0
321,51.4000000000005,9,1205.21745582,3.5,0,5.68605801229045,0,0,0
321,51.4000000000005,10,74.370654900363,11,0,0,0,0,0
321,51.4000000000005,11,400.507363552497,-4,0,0,0,0,0
321,51.5000000000005,1,511.41656513518,3.5,0,9.64247700987309,0,0,0
321,51.5000000000005,2,523.100002068727,0,0,0.824691808859422,0,0,0
321,51.5000000000005,3,968.387162698341,3.5,0,9.265098543561,0,0,0
321,51.5000000000005,4,1257.79640028031,0,0,16.4390080018335,0,0,0
321,51.5000000000005,5,972.373094915148,0,0,11.9466106303065,0,0,0
321,51.5000000000005,6,558.207480218992,3.5,0,5.56507935519121,0,0,0
321,51.5000000000005,7,1134.50953288304,0,0,12.005107105936,0,0,0
321,51.5000000000005,8,637.729868757238,3.5,0,5.24966226532418,0,0,0
321,51.5000000000005,9,1205.79856162123,3.5,0,5.93605801229045,0,0,0
321,51.5000000000005,10,74.370654900363,11,0,0,0,0,0
321,51.5000000000005,11,400.507363552497,-4,0,0,0,0,0
321,51.6000000000005,1,512.380057808549,3.5,0,9.62737645750343,0,0,0
321,51.6000000000005,2,523.180417108474,0,0,0.783608986078129,0,0,0
321,51.6000000000005,3,969.313709623207,3.5,0,9.26583995375204,0,0,0
321,51.6000000000005,4,1259.43989551926,0,0,16.4308967772078,0,0,0
321,51.6000000000005,5,973.567873629027,0,0,11.9489636472804,0,0,0
321,51.6000000000005,6,558.764130554709,3.5,0,5.56792735913801,0,0,0
321,51.6000000000005,7,1135.71776822508,0,0,12.1595997347618,0,0,0
321,51.6000000000005,8,638.2548203563,3.5,0,5.24936971592798,0,0,0
321,51.6000000000005,9,1206.40466742246,3.5,0,6.18605801229045,0,0,0
321,51.6000000000005,10,74.370654900363,11,0,0,0,0,0
321,51.6000000000005,11,400.507363552497,-4,0,0,0,0,0
321,51.7000000000005,1,513.342021162058,3.5,0,9.61189061267454,0,0,0
321,51.7000000000005,2,523.256929280057,0,0,0.746634445574965,0,0,0
321,51.7000000000005,3,970.24032698204,3.5,0,9.26650722292398,0,0,0
321,51.7000000000005,4,1261.08262019187,0,0,16.4235966750447,0,0,0
321,51.7000000000005,5,974.762875879519,0,0,11.951081362557,0,0,0
321,51.7000000000005,6,559.3210514508,3.5,0,5.57049056269012,0,0,0
321,51.7000000000005,7,1136.94068036685,0,0,12.2986431007051,0,0,0
321,51.7000000000005,8,638.77974416317,3.5,0,5.2491064214714,0,0,0
321,51.7000000000005,9,1207.03577322369,3.5,0,6.43605801229045,0,0,0
321,51.7000000000005,10,74.370654900363,11,0,0,0,0,0
321,51.7000000000005,11,400.507363552497,-4,0,0,0,0,0
321,51.8000000000005,1,514.302416610252,3.5,0,9.59601835120857,0,0,0
321,51.8000000000005,2,523.344092724614,0,0,0.996634445574965,0,0,0
321,51.8000000000005,3,971.167007731446,3.5,0,9.26710776517872,0,0,0
321,51.8000000000005,4,1262.72465135478,0,0,16.4170265830979,0,0,0
321,51.8000000000005,5,975.958079312962,0,0,11.9529873063058,0,0,0
321,51.8000000000005,6,559.878215851229,3.5,0,5.57279744588703,0,0,0
321,51.8000000000005,7,1138.17680162839,0,0,12.423782130054,0,0,0
321,51.8000000000005,8,639.304642957067,3.5,0,5.24886945646047,0,0,0
321,51.8000000000005,9,1207.69187902492,3.5,0,6.68605801229045,0,0,0
321,51.8000000000005,10,74.370654900363,11,0,0,0,0,0
321,51.8000000000005,11,400.507363552497,-4,0,0,0,0,0
321,51.9000000000005,1,515.261205460025,3.5,0,9.57975864424655,0,0,0
321,51.9000000000005,2,523.456256169172,0,0,1.24663444557497,0,0,0
321,51.9000000000005,3,972.093745532365,3.5,0,9.26764825320799,0,0,0
321,51.9000000000005,4,1264.36605835895,0,0,16.4111135003458,0,0,0
321,51.9000000000005,5,977.153463811062,0,0,11.9547026556798,0,0,0
321,51.9000000000005,6,560.435599405562,3.5,0,5.57487364076424,0,0,0
321,51.9000000000005,7,1139.42481109771,0,0,12.536407256468,0,0,0
321,51.9000000000005,8,639.829519239287,3.5,0,5.24865618795064,0,0,0
321,51.9000000000005,9,1208.37298482615,3.5,0,6.93605801229045,0,0,0
321,51.9000000000005,10,74.370654900363,11,0,0,0,0,0
321,51.9000000000005,11,400.507363552497,-4,0,0,0,0,0
321,52.0000000000005,1,516.21834891924,3.5,0,9.56311054005568,0,0,0
321,52.0000000000005,2,523.593419613729,0,0,1.49663444557497,0,0,0
321,52.0000000000005,3,973.020534679647,3.5,0,9.26813469243433,0,0,0
321,52.0000000000005,4,1266.00690362026,0,0,16.4057917258689,0,0,0
321,52.0000000000005,5,978.349011267351,0,0,11.9562464701164,0,0,0
321,52.0000000000005,6,560.993180198408,3.5,0,5.57674221615373,0,0,0
321,52.0000000000005,7,1140.68351995405,0,0,12.6377698702406,0,0,0
321,52.0000000000005,8,640.354375261,3.5,0,5.24846424629179,0,0,0
321,52.0000000000005,9,1209.07909062738,3.5,0,7.18605801229045,0,0,0
321,52.0000000000005,10,74.370654900363,11,0,0,0,0,0
321,52.0000000000005,11,400.507363552497,-4,0,0,0,0,0
321,52.1000000000005,1,517.173808103706,3.5,0,9.54607314925413,0,0,0
321,52.1000000000005,2,523.755583058287,0,0,1.74663444557497,0,0,0
321,52.1000000000005,3,973.947370038656,3.5,0,9.26857248773804,0,0,0
321,52.1000000000005,4,1267.647243313,0,0,16.4010021288397,0,0,0
321,52.1000000000005,5,979.544705386013,0,0,11.9576359031094,0,0,0
321,52.1000000000005,6,561.550938505916,3.5,0,5.57842393400428,0,0,0
321,52.1000000000005,7,1141.95185825869,0,0,12.728996222636,0,0,0
321,52.1000000000005,8,640.879213048254,3.5,0,5.24829149879883,0,0,0
321,52.1000000000005,9,1209.81019642861,3.5,0,7.43605801229045,0,0,0
321,52.1000000000005,10,74.370654900363,11,0,0,0,0,0
321,52.1000000000005,11,400.507363552497,-4,0,0,0,0,0
321,52.2000000000005,1,518.127544042825,3.5,0,9.52864563314191,0,0,0
321,52.2000000000005,2,523.942746502844,0,0,1.99663444557497,0,0,0
321,52.2000000000005,3,974.874246988218,3.5,0,9.26896650351137,0,0,0
321,52.2000000000005,4,1269.28712799401,0,0,16.3966914915134,0,0,0
321,52.2000000000005,5,980.740531500808,0,0,11.958886392803,0,0,0
321,52.2000000000005,6,562.108856576619,3.5,0,5.57993748006976,0,0,0
321,52.2000000000005,7,1143.22886306681,0,0,12.8110999397918,0,0,0
321,52.2000000000005,8,641.404034424497,3.5,0,5.24813602605516,0,0,0
321,52.2000000000005,9,1210.56630222984,3.5,0,7.68605801229045,0,0,0
321,52.2000000000005,10,74.370654900363,11,0,0,0,0,0
321,52.2000000000005,11,400.507363552497,-4,0,0,0,0,0
321,52.3000000000005,1,519.079517684225,3.5,0,9.51082719485614,0,0,0
321,52.3000000000005,2,524.154909947402,0,0,2.24663444557497,0,0,0
321,52.3000000000005,3,975.801161369279,3.5,0,9.26932111770738,0,0,0
321,52.3000000000005,4,1270.92660316449,0,0,16.3928119179198,0,0,0
321,52.3000000000005,5,981.923920140089,0,0,11.708886392803,0,0,0
321,52.3000000000005,6,562.666918434199,3.5,0,5.5812996715287,0,0,0
321,52.3000000000005,7,1144.51366772807,0,0,12.884993285232,0,0,0
321,52.3000000000005,8,641.928841030829,3.5,0,5.24799610058586,0,0,0
321,52.3000000000005,9,1211.34740803106,3.5,0,7.93605801229045,0,0,0
321,52.3000000000005,10,74.370654900363,11,0,0,0,0,0
321,52.3000000000005,11,400.507363552497,-4,0,0,0,0,0
321,52.4000000000005,1,520.029689897623,3.5,0,9.492617073096,0,0,0
321,52.4000000000005,2,524.392073391959,0,0,2.49663444557497,0,0,0
321,52.4000000000005,3,976.728109438689,3.5,0,9.26964027048378,0,0,0
321,52.4000000000005,4,1272.56570977547,0,0,16.3893203016855,0,0,0
321,52.4000000000005,5,983.082308779369,0,0,11.458886392803,0,0,0
321,52.4000000000005,6,563.225109699968,3.5,0,5.58252564384175,0,0,0
321,52.4000000000005,7,1145.80549225713,0,0,12.9514972961282,0,0,0
321,52.4000000000005,8,642.453634344241,3.5,0,5.24787016766349,0,0,0
321,52.4000000000005,9,1212.15351383229,3.5,0,8.18605801229045,0,0,0
321,52.4000000000005,10,74.370654900363,11,0,0,0,0,0
321,52.4000000000005,11,400.507363552497,-4,0,0,0,0,0
321,52.5000000000005,1,520.978021478187,3.5,0,9.47401453818673,0,0,0
321,52.5000000000005,2,524.654236836517,0,0,2.74663444557497,0,0,0
321,52.5000000000005,3,977.655087827612,3.5,0,9.26992750798254,0,0,0
321,52.5000000000005,4,1274.2044846829,0,0,16.3861778470746,0,0,0
321,52.5000000000005,5,984.215697418649,0,0,11.208886392803,0,0,0
321,52.5000000000005,6,563.783417433106,3.5,0,5.58362901892349,0,0,0
321,52.5000000000005,7,1147.10363466724,0,0,13.0113509059348,0,0,0
321,52.5000000000005,8,642.978415694026,3.5,0,5.24775682803335,0,0,0
321,52.5000000000005,9,1212.98461963352,3.5,0,8.43605801229045,0,0,0
321,52.5000000000005,10,74.370654900363,11,0,0,0,0,0
321,52.5000000000005,11,400.507363552497,-4,0,0,0,0,0
321,52.6000000000005,1,521.92447314961,3.5,0,9.4550188902739,0,0,0
321,52.6000000000005,2,524.941400281074,0,0,2.99663444557497,0,0,0
321,52.6000000000005,3,978.582093504098,3.5,0,9.27018602173143,0,0,0
321,52.6000000000005,4,1275.84296105715,0,0,16.3833496379248,0,0,0
321,52.6000000000005,5,985.324086057929,0,0,10.958886392803,0,0,0
321,52.6000000000005,6,564.341829986877,3.5,0,5.58462205649706,0,0,0
321,52.6000000000005,7,1148.40746317027,0,0,13.0652191547608,0,0,0
321,52.6000000000005,8,643.503186276546,3.5,0,5.24765482236623,0,0,0
321,52.6000000000005,9,1213.84072543475,3.5,0,8.68605801229045,0,0,0
321,52.6000000000005,10,74.370654900363,11,0,0,0,0,0
321,52.6000000000005,11,400.507363552497,-4,0,0,0,0,0
321,52.7000000000005,1,522.869005567097,3.5,0,9.43562945945855,0,0,0
321,52.7000000000005,2,525.253563725632,0,0,3.24663444557497,0,0,0
321,52.7000000000005,3,979.509123739389,3.5,0,9.27041868410543,0,0,0
321,52.7000000000005,4,1277.48116875153,0,0,16.38080424969,0,0,0
321,52.7000000000005,5,986.40747469721,0,0,10.708886392803,0,0,0
321,52.7000000000005,6,564.900336879217,3.5,0,5.58551579031327,0,0,0
321,52.7000000000005,7,1149.71640915694,0,0,13.1137005787041,0,0,0
321,52.7000000000005,8,644.027947168528,3.5,0,5.24756301726582,0,0,0
321,52.7000000000005,9,1214.72183123598,3.5,0,8.93605801229045,0,0,0
321,52.7000000000005,10,74.370654900363,11,0,0,0,0,0
321,52.7000000000005,11,400.507363552497,-4,0,0,0,0,0
321,52.8000000000005,1,523.811579320454,3.5,0,9.41584560770157,0,0,0
321,52.8000000000005,2,525.59072717019,0,0,3.49663444557497,0,0,0
321,52.8000000000005,3,980.436176077607,3.5,0,9.27062808024202,0,0,0
321,52.8000000000005,4,1279.11913463403,0,0,16.3785134002787,0,0,0
321,52.8000000000005,5,987.46586333649,0,0,10.458886392803,0,0,0
321,52.8000000000005,6,565.45892867627,3.5,0,5.58632015074786,0,0,0
321,52.8000000000005,7,1151.02996087889,0,0,13.1573338602531,0,0,0
321,52.8000000000005,8,644.552699339025,3.5,0,5.24748039267546,0,0,0
321,52.8000000000005,9,1215.62793703721,3.5,0,9.18605801229045,0,0,0
321,52.8000000000005,10,74.370654900363,11,0,0,0,0,0
321,52.8000000000005,11,400.507363552497,-4,0,0,0,0,0
321,52.9000000000005,1,524.752154937457,3.5,0,9.39566673234122,0,0,0
321,52.9000000000005,2,525.952890614747,0,0,3.74663444557497,0,0,0
321,52.9000000000005,3,981.363248308457,3.5,0,9.27081653676496,0,0,0
321,52.9000000000005,4,1280.75688288584,0,0,16.3764516358085,0,0,0
321,52.9000000000005,5,988.49925197577,0,0,10.208886392803,0,0,0
321,52.9000000000005,6,566.017596887565,3.5,0,5.58704407513899,0,0,0
321,52.9000000000005,7,1152.34765776259,0,0,13.1966038136472,0,0,0
321,52.9000000000005,8,645.077443660186,3.5,0,5.24740603054413,0,0,0
321,52.9000000000005,9,1216.55904283844,3.5,0,9.43605801229045,0,0,0
321,52.9000000000005,10,74.370654900363,11,0,0,0,0,0
321,52.9000000000005,11,400.507363552497,-4,0,0,0,0,0
321,53.0000000000005,1,525.690692887628,3.5,0,9.37509227108164,0,0,0
321,53.0000000000005,2,526.340054059305,0,0,3.99663444557497,0,0,0
321,53.0000000000005,3,982.290338442677,3.5,0,9.27098614763561,0,0,0
321,53.0000000000005,4,1282.39443527002,0,0,16.3745960477853,0,0,0
321,53.0000000000005,5,989.50764061505,0,0,9.95888639280299,0,0,0
321,53.0000000000005,6,566.576333871676,3.5,0,5.58769560709101,0,0,0
321,53.0000000000005,7,1153.66908529186,0,0,13.2319467717019,0,0,0
321,53.0000000000005,8,645.602180916944,3.5,0,5.24733910462593,0,0,0
321,53.0000000000005,9,1217.51514863967,3.5,0,9.68605801229045,0,0,0
321,53.0000000000005,10,74.370654900363,11,0,0,0,0,0
321,53.0000000000005,11,400.507363552497,-4,0,0,0,0,0
321,53.1000000000005,1,526.627153586598,3.5,0,9.35412170832282,0,0,0
321,53.1000000000005,2,526.752217503862,0,0,4.24663444557497,0,0,0
321,53.1000000000005,3,983.21744468993,3.5,0,9.27113879741919,0,0,0
321,53.1000000000005,4,1284.03181137333,0,0,16.3729260185645,0,0,0
321,53.1000000000005,5,990.491029254331,0,0,9.70888639280299,0,0,0
321,53.1000000000005,6,567.135132751323,3.5,0,5.58828198584782,0,0,0
321,53.1000000000005,7,1154.99387040214,0,0,13.2637554339511,0,0,0
321,53.1000000000005,8,646.126911815741,3.5,0,5.24727887129955,0,0,0
321,53.1000000000005,9,1218.49608598371,3.5,0,9.93268886858732,0,0,0
321,53.1000000000005,10,74.370654900363,11,0,0,0,0,0
321,53.1000000000005,11,400.507363552497,-4,0,0,0,0,0
321,53.2000000000005,1,527.56149740115,3.5,0,9.33275458271344,0,0,0
321,53.2000000000005,2,527.18938094842,0,0,4.49663444557497,0,0,0
321,53.2000000000005,3,984.144565438912,3.5,0,9.27127618222441,0,0,0
321,53.2000000000005,4,1285.66902882388,0,0,16.3714229922657,0,0,0
321,53.2000000000005,5,991.450491778799,0,0,9.48036409656306,0,0,0
321,53.2000000000005,6,567.693987336952,3.5,0,5.58880972672896,0,0,0
321,53.2000000000005,7,1156.32167733533,0,0,13.2923832299754,0,0,0
321,53.2000000000005,8,646.651636992371,3.5,0,5.24722466130581,0,0,0
321,53.2000000000005,9,1219.5004532591,3.5,0,10.1546566392545,0,0,0
321,53.2000000000005,10,74.370654900363,11,0,0,0,0,0
321,53.2000000000005,11,400.507363552497,-4,0,0,0,0,0
321,53.3000000000005,1,528.493684655076,3.5,0,9.31099049581758,0,0,0
321,53.3000000000005,2,527.650874130647,0,0,4.73322919896487,0,0,0
321,53.3000000000005,3,985.071699239451,3.5,0,9.27139982854911,0,0,0
321,53.3000000000005,4,1287.30610348692,0,0,16.3700702685968,0,0,0
321,53.3000000000005,5,992.388244685124,0,0,9.27469402994712,0,0,0
321,53.3000000000005,6,568.252892057965,3.5,0,5.58928469352198,0,0,0
321,53.3000000000005,7,1157.65220390915,0,0,13.3181482463973,0,0,0
321,53.3000000000005,8,647.176357019052,3.5,0,5.24717587231144,0,0,0
321,53.3000000000005,9,1220.52590747271,3.5,0,10.354427632855,0,0,0
321,53.3000000000005,10,74.370654900363,11,0,0,0,0,0
321,53.3000000000005,11,400.507363552497,-4,0,0,0,0,0
321,53.4000000000005,1,529.423675635957,3.5,0,9.28882912179509,0,0,0
321,53.4000000000005,2,528.134843814446,0,0,4.94616447701578,0,0,0
321,53.4000000000005,3,985.99884478639,3.5,0,9.27151111024134,0,0,0
321,53.4000000000005,4,1288.94304964121,0,0,16.3688528172948,0,0,0
321,53.4000000000005,5,993.306458935121,0,0,9.08959096999277,0,0,0
321,53.4000000000005,6,568.811841900823,3.5,0,5.5897121636357,0,0,0
321,53.4000000000005,7,1158.98517815953,0,0,13.341336761177,0,0,0
321,53.4000000000005,8,647.701072410778,3.5,0,5.24713196221651,0,0,0
321,53.4000000000005,9,1221.57033993071,3.5,0,10.5342215270954,0,0,0
321,53.4000000000005,10,74.370654900363,11,0,0,0,0,0
321,53.4000000000005,11,400.507363552497,-4,0,0,0,0,0
321,53.5000000000005,1,530.351430602947,3.5,0,9.26627021800236,0,0,0
321,53.5000000000005,2,528.63904234966,0,0,5.1378062272616,0,0,0
321,53.5000000000005,3,986.926000905091,3.5,0,9.27161126376435,0,0,0
321,53.5000000000005,4,1290.57988013763,0,0,16.367757111123,0,0,0
321,53.5000000000005,5,994.207088394423,0,0,8.92299821603386,0,0,0
321,53.5000000000005,6,569.370832353341,3.5,0,5.59009688673804,0,0,0
321,53.5000000000005,7,1160.32035531881,0,0,13.3622064244787,0,0,0
321,53.5000000000005,8,648.225783631046,3.5,0,5.24709244313108,0,0,0
321,53.5000000000005,9,1222.63185280866,3.5,0,10.6960360319117,0,0,0
321,53.5000000000005,10,74.370654900363,11,0,0,0,0,0
321,53.5000000000005,11,400.507363552497,-4,0,0,0,0,0
321,53.6000000000005,1,531.276909795668,3.5,0,9.24331363642722,0,0,0
321,53.6000000000005,2,529.161446851147,0,0,5.31028380248283,0,0,0
321,53.6000000000005,3,987.853166538376,3.5,0,9.27170140193505,0,0,0
321,53.6000000000005,4,1292.21660654197,0,0,16.3667709755684,0,0,0
321,53.6000000000005,5,995.091891542098,0,0,8.77306473747084,0,0,0
321,53.6000000000005,6,569.929859354555,3.5,0,5.59044313753015,0,0,0
321,53.6000000000005,7,1161.65751509611,0,0,13.3809891214503,0,0,0
321,53.6000000000005,8,648.750491097,3.5,0,5.24705687595418,0,0,0
321,53.6000000000005,9,1223.70873806456,3.5,0,10.8416690862465,0,0,0
321,53.6000000000005,10,74.370654900363,11,0,0,0,0,0
321,53.6000000000005,11,400.507363552497,-4,0,0,0,0,0
321,53.7000000000005,1,532.200073444283,3.5,0,9.2199593358763,0,0,0
321,53.7000000000005,2,529.70023672228,0,0,5.46551362018195,0,0,0
321,53.7000000000005,3,988.780340734787,3.5,0,9.27178252628869,0,0,0
321,53.7000000000005,4,1293.85323926343,0,0,16.3658834535693,0,0,0
321,53.7000000000005,5,995.96245100931,0,0,8.63812460676412,0,0,0
321,53.7000000000005,6,570.488919249593,3.5,0,5.59075476324306,0,0,0
321,53.7000000000005,7,1162.99645922962,0,0,13.3978935487246,0,0,0
321,53.7000000000005,8,649.275195184072,3.5,0,5.24702486549498,0,0,0
321,53.7000000000005,9,1224.79945846063,3.5,0,10.9727388351477,0,0,0
321,53.7000000000005,10,74.370654900363,11,0,0,0,0,0
321,53.7000000000005,11,400.507363552497,-4,0,0,0,0,0
321,53.8000000000005,1,533.120881780819,3.5,0,9.19620739483855,0,0,0
321,53.8000000000005,2,530.253773426095,0,0,5.60522045611115,0,0,0
321,53.8000000000005,3,989.707522638012,3.5,0,9.27185553820696,0,0,0
321,53.8000000000005,4,1295.48978767029,0,0,16.36508468377,0,0,0
321,53.8000000000005,5,996.820191164104,0,0,8.51667848912808,0,0,0
321,53.8000000000005,6,571.048008749075,3.5,0,5.59103522638467,0,0,0
321,53.8000000000005,7,1164.33700928372,0,0,13.4131075332716,0,0,0
321,53.8000000000005,8,649.799896230151,3.5,0,5.2469960560817,0,0,0
321,53.8000000000005,9,1225.90263048285,3.5,0,11.0907016091589,0,0,0
321,53.8000000000005,10,74.370654900363,11,0,0,0,0,0
321,53.8000000000005,11,400.507363552497,-4,0,0,0,0,0
321,53.9000000000005,1,534.039295051809,3.5,0,9.17205802495169,0,0,0
321,53.9000000000005,2,530.820582279323,0,0,5.73095660844743,0,0,0
321,53.9000000000005,3,990.634711477369,3.5,0,9.2719212489334,0,0,0
321,53.9000000000005,4,1297.12626019403,0,0,16.3643657909507,0,0,0
321,53.9000000000005,5,997.666393937723,0,0,8.40737698325563,0,0,0
321,53.9000000000005,6,571.607124892555,3.5,0,5.59128764321212,0,0,0
321,53.9000000000005,7,1165.67900466635,0,0,13.4268001193639,0,0,0
321,53.9000000000005,8,650.324594539336,3.5,0,5.24697012760974,0,0,0
321,53.9000000000005,9,1227.0170089686,3.5,0,11.1968681057689,0,0,0
321,53.9000000000005,10,74.370654900363,11,0,0,0,0,0
321,53.9000000000005,11,400.507363552497,-4,0,0,0,0,0
321,54.0000000000005,1,534.955273532306,3.5,0,9.14751158500175,0,0,0
321,54.0000000000005,2,531.399336067023,0,0,5.84411914555009,0,0,0
321,54.0000000000005,3,991.561906559245,3.5,0,9.2719803885872,0,0,0
321,54.0000000000005,4,1298.76266442295,0,0,16.3637187874133,0,0,0
321,54.0000000000005,5,998.502213068285,0,0,8.30900562797044,0,0,0
321,54.0000000000005,6,572.166265015633,3.5,0,5.59151481835682,0,0,0
321,54.0000000000005,7,1167.02230084466,0,0,13.4391234468469,0,0,0
321,54.0000000000005,8,650.849290385315,3.5,0,5.24694679198498,0,0,0
321,54.0000000000005,9,1228.14147327152,3.5,0,11.2924179527179,0,0,0
321,54.0000000000005,10,74.370654900363,11,0,0,0,0,0
321,54.0000000000005,11,400.507363552497,-4,0,0,0,0,0
321,54.1000000000005,1,535.868777541326,3.5,0,9.12256859538798,0,0,0
321,54.1000000000005,2,531.988840295747,0,0,5.94596542894248,0,0,0
321,54.1000000000005,3,992.489107259388,3.5,0,9.27203361427562,0,0,0
321,54.1000000000005,4,1300.39900718653,0,0,16.3631364842297,0,0,0
321,54.1000000000005,5,999.328686920094,0,0,8.22047140821376,0,0,0
321,54.1000000000005,6,572.72542672035,3.5,0,5.59171927598706,0,0,0
321,54.1000000000005,7,1168.36676773908,0,0,13.4502144415816,0,0,0
321,54.1000000000005,8,651.373984014411,3.5,0,5.2469257899227,0,0,0
321,54.1000000000005,9,1229.27501480991,3.5,0,11.378412814972,0,0,0
321,54.1000000000005,10,74.370654900363,11,0,0,0,0,0
321,54.1000000000005,11,400.507363552497,-4,0,0,0,0,0
321,54.2000000000005,1,536.779767458745,3.5,0,9.09722975298729,0,0,0
321,54.2000000000005,2,532.588019921394,0,0,6.03762708399563,0,0,0
321,54.2000000000005,3,993.416313015971,3.5,0,9.2720815173952,0,0,0
321,54.2000000000005,4,1302.03529463131,0,0,16.3626124113644,0,0,0
321,54.2000000000005,5,1000.14675002103,0,0,8.14079061043275,0,0,0
321,54.2000000000005,6,573.284607848542,3.5,0,5.59190328785427,0,0,0
321,54.2000000000005,7,1169.712288278,0,0,13.4601963368429,0,0,0
321,54.2000000000005,8,651.89867564831,3.5,0,5.24690688806664,0,0,0
321,54.2000000000005,9,1230.4167258602,3.5,0,11.4558081910007,0,0,0
321,54.2000000000005,10,74.370654900363,11,0,0,0,0,0
321,54.2000000000005,11,400.507363552497,-4,0,0,0,0,0
321,54.3000000000005,1,537.688203743712,3.5,0,9.07149594635317,0,0,0
321,54.3000000000005,2,533.195907404271,0,0,6.12012257354346,0,0,0
321,54.3000000000005,3,994.343523323351,3.5,0,9.27212463020282,0,0,0
321,54.3000000000005,4,1303.67153228917,0,0,16.3621407457856,0,0,0
321,54.3000000000005,5,1000.95724344617,0,0,8.06907789242984,0,0,0
321,54.3000000000005,6,573.843806457862,3.5,0,5.59206889853476,0,0,0
321,54.3000000000005,7,1171.05875709698,0,0,13.469180042578,0,0,0
321,54.3000000000005,8,652.435866337117,3.5,0,5.49690688806664,0,0,0
321,54.3000000000005,9,1231.56578947123,3.5,0,11.5254640294266,0,0,0
321,54.3000000000005,10,74.370654900363,11,0,0,0,0,0
321,54.3000000000005,11,400.507363552497,-4,0,0,0,0,0
321,54.4000000000005,1,538.594046954589,3.5,0,9.04536827118524,0,0,0
321,54.4000000000005,2,533.811631958655,0,0,6.19436851413651,0,0,0
321,54.4000000000005,3,995.270737726448,3.5,0,9.27216343172968,0,0,0
321,54.4000000000005,4,1305.30772513879,0,0,16.3617162467647,0,0,0
321,54.4000000000005,5,1001.7609241631,0,0,8.00453644622722,0,0,0
321,54.4000000000005,6,574.403020800196,3.5,0,5.5922179481472,0,0,0
321,54.4000000000005,7,1172.40607936799,0,0,13.4772653777396,0,0,0
321,54.4000000000005,8,652.997991378345,3.5,0,5.74559393649579,0,0,0
321,54.4000000000005,9,1232.7214703869,3.5,0,11.5881542840098,0,0,0
321,54.4000000000005,10,74.370654900363,11,0,0,0,0,0
321,54.4000000000005,11,400.507363552497,-4,0,0,0,0,0
321,54.5000000000005,1,539.497257770448,3.5,0,9.01884804600507,0,0,0
321,54.5000000000005,2,534.434409877395,0,0,6.26118986067026,0,0,0
321,54.5000000000005,3,996.19795581569,3.5,0,9.27219835310385,0,0,0
321,54.5000000000005,4,1306.94387766101,0,0,16.361334197646,0,0,0
321,54.5000000000005,5,1002.55847344265,0,0,7.94644914464487,0,0,0
321,54.5000000000005,6,574.962249302243,3.5,0,5.59235209279839,0,0,0
321,54.5000000000005,7,1173.75416974585,0,0,13.4845421793851,0,0,0
321,54.5000000000005,8,653.583741689174,3.5,0,5.96941228008203,0,0,0
321,54.5000000000005,9,1233.88310687675,3.5,0,11.6445755131348,0,0,0
321,54.5000000000005,10,74.370654900363,11,0,0,0,0,0
321,54.5000000000005,11,400.507363552497,-4,0,0,0,0,0
321,54.6000000000005,1,540.397797014147,3.5,0,8.99193682797436,0,0,0
321,54.6000000000005,2,535.063535824056,0,0,6.32132907255063,0,0,0
321,54.6000000000005,3,997.125177222462,3.5,0,9.27222978234061,0,0,0
321,54.6000000000005,4,1308.57999388857,0,0,16.360990353439,0,0,0
321,54.6000000000005,5,1003.35050442854,0,0,7.89417057322075,0,0,0
321,54.6000000000005,6,575.521490548032,3.5,0,5.59247282298447,0,0,0
321,54.6000000000005,7,1175.10295141986,0,0,13.491091300866,0,0,0
321,54.6000000000005,8,654.190754742644,3.5,0,6.17084878930964,0,0,0
321,54.6000000000005,9,1235.05010338338,3.5,0,11.6953546193472,0,0,0
321,54.6000000000005,10,74.370654900363,11,0,0,0,0,0
321,54.6000000000005,11,400.507363552497,-4,0,0,0,0,0
321,54.7000000000005,1,541.295625676985,3.5,0,8.96463642879044,0,0,0
321,54.7000000000005,2,535.698374995846,0,0,6.37545436324296,0,0,0
321,54.7000000000005,3,998.064900200696,3.5,0,9.52222978234061,0,0,0
321,54.7000000000005,4,1310.21607745092,0,0,16.3606808936528,0,0,0
321,54.7000000000005,5,1004.13756895015,0,0,7.84711985893904,0,0,0
321,54.7000000000005,6,576.080743263189,3.5,0,5.59258148015194,0,0,0
321,54.7000000000005,7,1176.45235526041,0,0,13.4969855101988,0,0,0
321,54.7000000000005,8,654.81690426449,3.5,0,6.35214164761449,0,0,0
321,54.7000000000005,9,1236.22192390509,3.5,0,11.7410558149384,0,0,0
321,54.7000000000005,10,74.370654900363,11,0,0,0,0,0
321,54.7000000000005,11,400.507363552497,-4,0,0,0,0,0
321,54.8000000000005,1,542.190704944954,3.5,0,8.93694893059366,0,0,0
321,54.8000000000005,2,536.338356070252,0,0,6.42416712486606,0,0,0
321,54.8000000000005,3,999.02962317893,3.5,0,9.77222978234061,0,0,0
321,54.8000000000005,4,1311.8521316146,0,0,16.3604023798452,0,0,0
321,54.8000000000005,5,1004.9201636539,0,0,7.8047742160855,0,0,0
321,54.8000000000005,6,576.640006300777,3.5,0,5.59267927160266,0,0,0
321,54.8000000000005,7,1177.80231905085,0,0,13.5022902985983,0,0,0
321,54.8000000000005,8,655.460276607875,3.5,0,6.51530522008885,0,0,0
321,54.8000000000005,9,1237.39808604039,3.5,0,11.7821868909705,0,0,0
321,54.8000000000005,10,74.370654900363,11,0,0,0,0,0
321,54.8000000000005,11,400.507363552497,-4,0,0,0,0,0
321,54.9000000000005,1,543.082996226575,3.5,0,8.90887670181979,0,0,0
321,54.9000000000005,2,536.982964857011,0,0,6.46800861032686,0,0,0
321,54.9000000000005,3,1000.01934615716,3.5,0,10.0222297823406,0,0,0
321,54.9000000000005,4,1313.48815931946,0,0,16.3601517174184,0,0,0
321,54.9000000000005,5,1005.69873552158,0,0,7.76666313751732,0,0,0
321,54.9000000000005,6,577.199278628553,3.5,0,5.59276728390831,0,0,0
321,54.9000000000005,7,1179.15278679619,0,0,13.5070646081579,0,0,0
321,54.9000000000005,8,656.119149490645,3.5,0,6.66215243531578,0,0,0
321,54.9000000000005,9,1238.57815562791,3.5,0,11.8192048593993,0,0,0
321,54.9000000000005,10,74.370654900363,11,0,0,0,0,0
321,54.9000000000005,11,400.507363552497,-4,0,0,0,0,0
321,55.0000000000005,1,543.972461182312,3.5,0,8.8804224129294,0,0,0
321,55.0000000000005,2,537.63173858489,0,0,6.50746594724157,0,0,0
321,55.0000000000005,3,1001.0340691354,3.5,0,10.2722297823406,0,0,0
321,55.0000000000005,4,1315.12416321139,0,0,16.3599261212342,0,0,0
321,55.0000000000005,5,1006.47368683679,0,0,7.73236316680595,0,0,0
321,55.0000000000005,6,577.758559317497,3.5,0,5.5928464949834,0,0,0
321,55.0000000000005,7,1180.50370810094,0,0,13.5113614867615,0,0,0
321,55.0000000000005,8,656.791972858862,3.5,0,6.79431492902001,0,0,0
321,55.0000000000005,9,1239.76174192243,3.5,0,11.8525210309853,0,0,0
321,55.0000000000005,10,74.370654900363,11,0,0,0,0,0
321,55.0000000000005,11,400.507363552497,-4,0,0,0,0,0
321,55.1000000000005,1,544.859061755556,3.5,0,8.8515890519449,0,0,0
321,55.1000000000005,2,538.284260759775,0,0,6.54297755046481,0,0,0
321,55.1000000000005,3,1002.07379211363,3.5,0,10.5222297823406,0,0,0
321,55.1000000000005,4,1316.76014567169,0,0,16.3597230846685,0,0,0
321,55.1000000000005,5,1007.24537965479,0,0,7.70149319316572,0,0,0
321,55.1000000000005,6,578.317847531494,3.5,0,5.59291778495097,0,0,0
321,55.1000000000005,7,1181.85503760915,0,0,13.5152286775048,0,0,0
321,55.1000000000005,8,657.477351663981,3.5,0,6.91326117335383,0,0,0
321,55.1000000000005,9,1240.94849325325,3.5,0,11.8825055854127,0,0,0
321,55.1000000000005,10,74.370654900363,11,0,0,0,0,0
321,55.1000000000005,11,400.507363552497,-4,0,0,0,0,0
321,55.2000000000005,1,545.74276020514,3.5,0,8.82237993972415,0,0,0
321,55.2000000000005,2,538.940156536966,0,0,6.57493799336573,0,0,0
321,55.2000000000005,3,1003.13851509187,3.5,0,10.7722297823406,0,0,0
321,55.2000000000005,4,1318.39610884351,0,0,16.3595403517593,0,0,0
321,55.2000000000005,5,1008.0141398253,0,0,7.67371021688951,0,0,0
321,55.2000000000005,6,578.877142518037,3.5,0,5.59298194592179,0,0,0
321,55.2000000000005,7,1183.20673450048,0,0,13.5187091491737,0,0,0
321,55.2000000000005,8,658.174030362311,3.5,0,7.02031279325426,0,0,0
321,55.2000000000005,9,1242.13809311674,3.5,0,11.9094916843973,0,0,0
321,55.2000000000005,10,74.370654900363,11,0,0,0,0,0
321,55.2000000000005,11,400.507363552497,-4,0,0,0,0,0
321,55.3000000000005,1,546.623519139371,3.5,0,8.79279874489812,0,0,0
321,55.3000000000005,2,539.599088556233,0,0,6.60370239197655,0,0,0
321,55.3000000000005,3,1004.2282380701,3.5,0,11.0222297823406,0,0,0
321,55.3000000000005,4,1320.0320546557,0,0,16.3593758921411,0,0,0
321,55.3000000000005,5,1008.78026061305,0,0,7.64870553824093,0,0,0
321,55.3000000000005,6,579.436443599873,3.5,0,5.59303969079553,0,0,0
321,55.3000000000005,7,1184.55876203663,0,0,13.5218415736758,0,0,0
321,55.3000000000005,8,658.880878964532,3.5,0,7.11665925116464,0,0,0
321,55.3000000000005,9,1243.33025665963,3.5,0,11.9337791734835,0,0,0
321,55.3000000000005,10,74.370654900363,11,0,0,0,0,0
321,55.3000000000005,11,400.507363552497,-4,0,0,0,0,0
321,55.4000000000005,1,547.501301551536,3.5,0,8.76284949839884,0,0,0
321,55.4000000000005,2,540.260753193369,0,0,6.62959035072629,0,0,0
321,55.4000000000005,3,1005.34296104833,3.5,0,11.2722297823406,0,0,0
321,55.4000000000005,4,1321.66798484424,0,0,16.3592278784846,0,0,0
321,55.4000000000005,5,1009.54400595634,0,0,7.6262013274572,0,0,0
321,55.4000000000005,6,579.995750167472,3.5,0,5.59309166118189,0,0,0
321,55.4000000000005,7,1185.9110871531,0,0,13.5246607557276,0,0,0
321,55.4000000000005,8,659.596880480255,3.5,0,7.20337106328399,0,0,0
321,55.4000000000005,9,1244.52472751399,3.5,0,11.9556379136611,0,0,0
321,55.4000000000005,10,74.370654900363,11,0,0,0,0,0
321,55.4000000000005,11,400.507363552497,-4,0,0,0,0,0
321,55.5000000000005,1,548.376070856831,3.5,0,8.73253660750185,0,0,0
321,55.5000000000005,2,540.924877186585,0,0,6.65288951360106,0,0,0
321,55.5000000000005,3,1006.48268402657,3.5,0,11.5222297823406,0,0,0
321,55.5000000000005,4,1323.30390097147,0,0,16.3590946661939,0,0,0
321,55.5000000000005,5,1010.3056133996,0,0,7.60594753775185,0,0,0
321,55.5000000000005,6,580.555061672258,3.5,0,5.59313843452962,0,0,0
321,55.5000000000005,7,1187.26368009186,0,0,13.5271980195743,0,0,0
321,55.5000000000005,8,660.321119618128,3.5,0,7.28141169419141,0,0,0
321,55.5000000000005,9,1245.72127494866,3.5,0,11.9753107798209,0,0,0
321,55.5000000000005,10,74.370654900363,11,0,0,0,0,0
321,55.5000000000005,11,400.507363552497,-4,0,0,0,0,0
321,55.6000000000005,1,549.247790930671,3.5,0,8.70186486930672,0,0,0
321,55.6000000000005,2,541.591214600274,0,0,6.67385876018835,0,0,0
321,55.6000000000005,3,1007.6474070048,3.5,0,11.7722297823406,0,0,0
321,55.6000000000005,4,1324.93980444354,0,0,16.3589747751322,0,0,0
321,55.6000000000005,5,1011.06529673284,0,0,7.58771912701703,0,0,0
321,55.6000000000005,6,581.114377620511,3.5,0,5.59318053054258,0,0,0
321,55.6000000000005,7,1188.61651407069,0,0,13.5294815570363,0,0,0
321,55.6000000000005,8,661.052772615938,3.5,0,7.35164826200808,0,0,0
321,55.6000000000005,9,1246.91969130562,3.5,0,11.9930163593647,0,0,0
321,55.6000000000005,10,74.370654900363,11,0,0,0,0,0
321,55.6000000000005,11,400.507363552497,-4,0,0,0,0,0
321,55.7000000000005,1,550.116426148315,3.5,0,8.67083948357763,0,0,0
321,55.7000000000005,2,542.25954409239,0,0,6.69273108211691,0,0,0
321,55.7000000000005,3,1008.83712998304,3.5,0,12.0222297823406,0,0,0
321,55.7000000000005,4,1326.57569652595,0,0,16.3588668731766,0,0,0
321,55.7000000000005,5,1011.82324836706,0,0,7.57131355735569,0,0,0
321,55.7000000000005,6,581.673697567886,3.5,0,5.59321841695423,0,0,0
321,55.7000000000005,7,1189.96956498558,0,0,13.5315367407521,0,0,0
321,55.7000000000005,8,661.791098087691,3.5,0,7.41486117304309,0,0,0
321,55.7000000000005,9,1248.11978969264,3.5,0,12.0089513809541,0,0,0
321,55.7000000000005,10,74.370654900363,11,0,0,0,0,0
321,55.7000000000005,11,400.507363552497,-4,0,0,0,0,0
321,55.8000000000005,1,550.981941425738,3.5,0,8.63946606486542,0,0,0
321,55.8000000000005,2,542.929666455088,0,0,6.70971617185262,0,0,0
321,55.8000000000005,3,1010.05185296127,3.5,0,12.2722297823406,0,0,0
321,55.8000000000005,4,1328.21157835768,0,0,16.3587697614166,0,0,0
321,55.8000000000005,5,1012.57964147216,0,0,7.55654854466049,0,0,0
321,55.8000000000005,6,582.23302111447,3.5,0,5.59325251472473,0,0,0
321,55.8000000000005,7,1191.32281114292,0,0,13.5333864060963,0,0,0
321,55.8000000000005,8,662.535428785992,3.5,0,7.47175279297459,0,0,0
321,55.8000000000005,9,1249.3214019067,3.5,0,12.0232929003846,0,0,0
321,55.8000000000005,10,74.370654900363,11,0,0,0,0,0
321,55.8000000000005,11,400.507363552497,-4,0,0,0,0,0
321,55.9000000000005,1,551.844302261673,3.5,0,8.60775065383173,0,0,0
321,55.9000000000005,2,543.601402401311,0,0,6.72500275261476,0,0,0
321,55.9000000000005,3,1011.29157593951,3.5,0,12.5222297823406,0,0,0
321,55.9000000000005,4,1329.84745096379,0,0,16.3586823608327,0,0,0
321,55.9000000000005,5,1013.33463190105,0,0,7.5432600332348,0,0,0
321,55.9000000000005,6,582.792347900342,3.5,0,5.59328320271817,0,0,0
321,55.9000000000005,7,1192.67623301847,0,0,13.5350511049061,0,0,0
321,55.9000000000005,8,663.285164188186,3.5,0,7.52295525091294,0,0,0
321,55.9000000000005,9,1250.52437656512,3.5,0,12.0362002678721,0,0,0
321,55.9000000000005,10,74.370654900363,11,0,0,0,0,0
321,55.9000000000005,11,400.507363552497,-4,0,0,0,0,0
321,56.0000000000005,1,552.703474780749,3.5,0,8.57569972769575,0,0,0
321,56.0000000000005,2,544.274590572707,0,0,6.73876067530068,0,0,0
321,56.0000000000005,3,1012.55629891774,3.5,0,12.7722297823406,0,0,0
321,56.0000000000005,4,1331.48331526685,0,0,16.3586037003071,0,0,0
321,56.0000000000005,5,1014.08835992136,0,0,7.53130037295169,0,0,0
321,56.0000000000005,6,583.351677601574,3.5,0,5.59331082191227,0,0,0
321,56.0000000000005,7,1194.02981304041,0,0,13.5365493338349,0,0,0
321,56.0000000000005,8,664.039763823885,3.5,0,7.56903746305746,0,0,0
321,56.0000000000005,9,1251.72857742344,3.5,0,12.0478168986108,0,0,0
321,56.0000000000005,10,74.370654900363,11,0,0,0,0,0
321,56.0000000000005,11,400.507363552497,-4,0,0,0,0,0
321,56.1000000000005,1,553.55942577762,3.5,0,8.54332020972431,0,0,0
321,56.1000000000005,2,544.949085746758,0,0,6.75114280571801,0,0,0
321,56.1000000000005,3,1013.84602189597,3.5,0,13.0222297823406,0,0,0
321,56.1000000000005,4,1333.11917209716,0,0,16.3585329058341,0,0,0
321,56.1000000000005,5,1014.84095177394,0,0,7.52053667869689,0,0,0
321,56.1000000000005,6,583.911009926629,3.5,0,5.59333567918696,0,0,0
321,56.1000000000005,7,1195.3835353941,0,0,13.5378977398708,0,0,0
321,56.1000000000005,8,664.798741269737,3.5,0,7.61051145398753,0,0,0
321,56.1000000000005,9,1252.93388186168,3.5,0,12.0582718662756,0,0,0
321,56.1000000000005,10,74.370654900363,11,0,0,0,0,0
321,56.1000000000005,11,400.507363552497,-4,0,0,0,0,0
321,56.2000000000005,1,554.41212276199,3.5,0,8.5106194776865,0,0,0
321,56.2000000000005,2,545.624757223199,0,0,6.7622867230936,0,0,0
321,56.2000000000005,3,1015.16074487421,3.5,0,13.2722297823406,0,0,0
321,56.2000000000005,4,1334.75502220199,0,0,16.3584691908083,0,0,0
321,56.2000000000005,5,1015.59252107557,0,0,7.51084935386756,0,0,0
321,56.2000000000005,6,584.470344613125,3.5,0,5.59335805073418,0,0,0
321,56.2000000000005,7,1196.73738584636,0,0,13.5391113053031,0,0,0
321,56.2000000000005,8,665.561658744728,3.5,0,7.64783804582459,0,0,0
321,56.2000000000005,9,1254.14017952186,3.5,0,12.067681337174,0,0,0
321,56.2000000000005,10,74.370654900363,11,0,0,0,0,0
321,56.2000000000005,11,400.507363552497,-4,0,0,0,0,0
321,56.3000000000005,1,555.261534004435,3.5,0,8.47760537119522,0,0,0
321,56.3000000000005,2,546.30148737179,0,0,6.77231624873164,0,0,0
321,56.3000000000005,3,1016.50046785244,3.5,0,13.5222297823406,0,0,0
321,56.3000000000005,4,1336.39086625389,0,0,16.3584118472852,0,0,0
321,56.3000000000005,5,1016.34317008134,0,0,7.50213076152117,0,0,0
321,56.3000000000005,6,585.029681424918,3.5,0,5.59337818512668,0,0,0
321,56.3000000000005,7,1198.09135158733,0,0,13.5402035141922,0,0,0
321,56.3000000000005,8,666.328122245943,3.5,0,7.68143197847794,0,0,0
321,56.3000000000005,9,1255.34737108177,3.5,0,12.0761498609825,0,0,0
321,56.3000000000005,10,74.370654900363,11,0,0,0,0,0
321,56.3000000000005,11,400.507363552497,-4,0,0,0,0,0
321,56.4000000000005,1,556.107628582887,3.5,0,8.44428619785962,0,0,0
321,56.4000000000005,2,546.979170325317,0,0,6.78134282180587,0,0,0
321,56.4000000000005,3,1017.86519083068,3.5,0,13.7722297823406,0,0,0
321,56.4000000000005,4,1338.02670485816,0,0,16.3583602381144,0,0,0
321,56.4000000000005,5,1017.09299082084,0,0,7.49428402840942,0,0,0
321,56.4000000000005,6,585.589020149478,3.5,0,5.59339630607993,0,0,0
321,56.4000000000005,7,1199.44542108815,0,0,13.5411865021924,0,0,0
321,56.4000000000005,8,667.09777717076,3.5,0,7.71166651786596,0,0,0
321,56.4000000000005,9,1256.55536715143,3.5,0,12.0837715324101,0,0,0
321,56.4000000000005,10,74.370654900363,11,0,0,0,0,0
321,56.4000000000005,11,400.507363552497,-4,0,0,0,0,0
321,56.5000000000005,1,556.950376429689,3.5,0,8.41067073817463,0,0,0
321,56.5000000000005,2,547.657710803286,0,0,6.78946673757268,0,0,0
321,56.5000000000005,3,1019.25491380891,3.5,0,14.0222297823406,0,0,0
321,56.5000000000005,4,1339.66253855956,0,0,16.3583137898606,0,0,0
321,56.5000000000005,5,1017.84206612069,0,0,7.48722196860884,0,0,0
321,56.5000000000005,6,586.148360595529,3.5,0,5.59341261493785,0,0,0
321,56.5000000000005,7,1200.79958397283,0,0,13.5420711913926,0,0,0
321,56.5000000000005,8,667.870304376819,3.5,0,7.73887760331518,0,0,0
321,56.5000000000005,9,1257.76408727989,3.5,0,12.090631036695,0,0,0
321,56.5000000000005,10,74.370654900363,11,0,0,0,0,0
321,56.5000000000005,11,400.507363552497,-4,0,0,0,0,0
321,56.6000000000005,1,557.789748379052,3.5,0,8.37676824907648,0,0,0
321,56.6000000000005,2,548.337023053252,0,0,6.79677826176281,0,0,0
321,56.6000000000005,3,1020.66963678714,3.5,0,14.2722297823406,0,0,0
321,56.6000000000005,4,1341.29836784838,0,0,16.3582719864322,0,0,0
321,56.6000000000005,5,1018.59047052486,0,0,7.48086611478833,0,0,0
321,56.6000000000005,6,586.707702590921,3.5,0,5.59342729290998,0,0,0
321,56.6000000000005,7,1202.15383090298,0,0,13.5428674116728,0,0,0
321,56.6000000000005,8,668.645416635996,3.5,0,7.76336758021948,0,0,0
321,56.6000000000005,9,1258.97345906125,3.5,0,12.0968045905514,0,0,0
321,56.6000000000005,10,74.370654900363,11,0,0,0,0,0
321,56.6000000000005,11,400.507363552497,-4,0,0,0,0,0
321,56.7000000000005,1,558.62571621481,3.5,0,8.34258846609666,0,0,0
321,56.7000000000005,2,549.017029898017,0,0,6.80335863353393,0,0,0
321,56.7000000000005,3,1022.10935976538,3.5,0,14.5222297823406,0,0,0
321,56.7000000000005,4,1342.93419316587,0,0,16.3582343633467,0,0,0
321,56.7000000000005,5,1019.33827112291,0,0,7.47514584634986,0,0,0
321,56.7000000000005,6,587.267045980721,3.5,0,5.5934405030849,0,0,0
321,56.7000000000005,7,1203.50815347406,0,0,13.5435840099249,0,0,0
321,56.7000000000005,8,669.422855442978,3.5,0,7.78540855943334,0,0,0
321,56.7000000000005,9,1260.18341733023,3.5,0,12.1023607890222,0,0,0
321,56.7000000000005,10,74.370654900363,11,0,0,0,0,0
321,56.7000000000005,11,400.507363552497,-4,0,0,0,0,0
321,56.8000000000005,1,559.458252718318,3.5,0,8.30814160405047,0,0,0
321,56.8000000000005,2,549.6976618781,0,0,6.80928096812793,0,0,0
321,56.8000000000005,3,1023.57408274361,3.5,0,14.7722297823406,0,0,0
321,56.8000000000005,4,1344.57001490916,0,0,16.3582005025697,0,0,0
321,56.8000000000005,5,1020.08552829547,0,0,7.46999760475524,0,0,0
321,56.8000000000005,6,587.826390625487,3.5,0,5.59345239224233,0,0,0
321,56.8000000000005,7,1204.86254412198,0,0,13.5442289483518,0,0,0
321,56.8000000000005,8,670.202388142986,3.5,0,7.80524544072582,0,0,0
321,56.8000000000005,9,1261.39390343806,3.5,0,12.1073613676459,0,0,0
321,56.8000000000005,10,74.370654900363,11,0,0,0,0,0
321,56.8000000000005,11,400.507363552497,-4,0,0,0,0,0
321,56.9000000000005,1,560.28733171633,3.5,0,8.27343835620153,0,0,0
321,56.9000000000005,2,550.37885647997,0,0,6.81461106926254,0,0,0
321,56.9000000000005,3,1025.06380572185,3.5,0,15.0222297823406,0,0,0
321,56.9000000000005,4,1346.20583343568,0,0,16.3581700278704,0,0,0
321,56.9000000000005,5,1020.83229638507,0,0,7.46536418732008,0,0,0
321,56.9000000000005,6,588.385736399724,3.5,0,5.59346309248401,0,0,0
321,56.9000000000005,7,1206.21699603904,0,0,13.5448093929361,0,0,0
321,56.9000000000005,8,670.983805346717,3.5,0,7.82309863388905,0,0,0
321,56.9000000000005,9,1262.60486460087,3.5,0,12.1118618884072,0,0,0
321,56.9000000000005,10,74.370654900363,11,0,0,0,0,0
321,56.9000000000005,11,400.507363552497,-4,0,0,0,0,0
321,57.0000000000005,1,561.112928128733,3.5,0,8.23848989184832,0,0,0
321,57.0000000000005,2,551.060557441447,0,0,6.81940816028368,0,0,0
321,57.0000000000005,3,1026.57852870008,3.5,0,15.2722297823406,0,0,0
321,57.0000000000005,4,1347.84164906711,0,0,16.3581426006411,0,0,0
321,57.0000000000005,5,1021.57862430002,0,0,7.46119411162844,0,0,0
321,57.0000000000005,6,588.945083190483,3.5,0,5.59347272270153,0,0,0
321,57.0000000000005,7,1207.57150309834,0,0,13.5453317930619,0,0,0
321,57.0000000000005,8,671.766918603798,3.5,0,7.83916650773596,0,0,0
321,57.0000000000005,9,1263.81625331314,3.5,0,12.1159123570924,0,0,0
321,57.0000000000005,10,74.370654900363,11,0,0,0,0,0
321,57.0000000000005,11,400.507363552497,-4,0,0,0,0,0
321,57.1000000000005,1,561.935018015939,3.5,0,8.20330785228539,0,0,0
321,57.1000000000005,2,551.742714126572,0,0,6.82372554220271,0,0,0
321,57.1000000000005,3,1028.11825167831,3.5,0,15.5222297823406,0,0,0
321,57.1000000000005,4,1349.47746209295,0,0,16.3581179161346,0,0,0
321,57.1000000000005,5,1022.32455605778,0,0,7.45744104350596,0,0,0
321,57.1000000000005,6,589.504430896113,3.5,0,5.59348138989729,0,0,0
321,57.1000000000005,7,1208.92605978565,0,0,13.5458019531751,0,0,0
321,57.1000000000005,8,672.551558308895,3.5,0,7.85362759419818,0,0,0
321,57.1000000000005,9,1265.02802681994,3.5,0,12.1195577789091,0,0,0
321,57.1000000000005,10,74.370654900363,11,0,0,0,0,0
321,57.1000000000005,11,400.507363552497,-4,0,0,0,0,0
321,57.2000000000005,1,562.753578625808,3.5,0,8.16790434509816,0,0,0
321,57.2000000000005,2,552.425280962978,0,0,6.82761118592984,0,0,0
321,57.2000000000005,3,1029.68297465655,3.5,0,15.7722297823406,0,0,0
321,57.2000000000005,4,1351.12275390795,0,0,16.5477183838159,0,0,0
321,57.2000000000005,5,1023.07013127406,0,0,7.45406328219573,0,0,0
321,57.2000000000005,6,590.063779425127,3.5,0,5.59348919037348,0,0,0
321,57.2000000000005,7,1210.28066113817,0,0,13.546225097277,0,0,0
321,57.2000000000005,8,673.337571817206,3.5,0,7.86664257201417,0,0,0
321,57.2000000000005,9,1266.24014664181,3.5,0,12.1228386585441,0,0,0
321,57.2000000000005,10,74.370654900363,11,0,0,0,0,0
321,57.2000000000005,11,400.507363552497,-4,0,0,0,0,0
321,57.3000000000005,1,563.568588439901,3.5,0,8.13229193675752,0,0,0
321,57.3000000000005,2,553.108216935539,0,0,6.83110826528425,0,0,0
321,57.3000000000005,3,1031.27269763478,3.5,0,16.0222297823406,0,0,0
321,57.3000000000005,4,1352.78605776737,0,0,16.7183588047291,0,0,0
321,57.3000000000005,5,1023.81538560302,0,0,7.45102329701652,0,0,0
321,57.3000000000005,6,590.623128695185,3.5,0,5.59349621080205,0,0,0
321,57.3000000000005,7,1211.63530268939,0,0,13.5466059269687,0,0,0
321,57.3000000000005,8,674.124821748409,3.5,0,7.87835605204857,0,0,0
321,57.3000000000005,9,1267.45257814725,3.5,0,12.1257914502156,0,0,0
321,57.3000000000005,10,74.370654900363,11,0,0,0,0,0
321,57.3000000000005,11,400.507363552497,-4,0,0,0,0,0
321,57.4000000000005,1,564.380027218914,3.5,0,8.09648364348852,0,0,0
321,57.4000000000005,2,553.791485130638,0,0,6.83425563670322,0,0,0
321,57.4000000000005,3,1032.88742061302,3.5,0,16.2722297823406,0,0,0
321,57.4000000000005,4,1354.46557246679,0,0,16.8719351835509,0,0,0
321,57.4000000000005,5,1024.56035113339,0,0,7.44828731035524,0,0,0
321,57.4000000000005,6,591.182478632185,3.5,0,5.59350252918776,0,0,0
321,57.4000000000005,7,1212.98998041942,0,0,13.5469486736913,0,0,0
321,57.4000000000005,8,674.913184460215,3.5,0,7.88889818407952,0,0,0
321,57.4000000000005,9,1268.6652901679,3.5,0,12.1284489627199,0,0,0
321,57.4000000000005,10,74.370654900363,11,0,0,0,0,0
321,57.4000000000005,11,400.507363552497,-4,0,0,0,0,0
321,57.5000000000005,1,565.187876047108,3.5,0,8.06049292039551,0,0,0
321,57.5000000000005,2,554.475052326022,0,0,6.8370882709803,0,0,0
321,57.5000000000005,3,1034.52714359125,3.5,0,16.5222297823406,0,0,0
321,57.5000000000005,4,1356.15967692219,0,0,17.0101539244905,0,0,0
321,57.5000000000005,5,1025.30505674503,0,0,7.44582492236008,0,0,0
321,57.5000000000005,6,591.741829169431,3.5,0,5.5935082157349,0,0,0
321,57.5000000000005,7,1214.34469071039,0,0,13.5472571457416,0,0,0
321,57.5000000000005,8,675.702548674564,3.5,0,7.89838610290739,0,0,0
321,57.5000000000005,9,1269.87825465223,3.5,0,12.1308407239738,0,0,0
321,57.5000000000005,10,74.370654900363,11,0,0,0,0,0
321,57.5000000000005,11,400.507363552497,-4,0,0,0,0,0
321,57.6000000000005,1,565.992117375569,3.5,0,8.02433364883522,0,0,0
321,57.6000000000005,2,555.158888621663,0,0,6.83963764182967,0,0,0
321,57.6000000000005,3,1036.19186656949,3.5,0,16.7722297823406,0,0,0
321,57.6000000000005,4,1357.86691215798,0,0,17.1345507913362,0,0,0
321,57.6000000000005,5,1026.0495284298,0,0,7.44360877316444,0,0,0
321,57.6000000000005,6,592.301180246899,3.5,0,5.59351333362732,0,0,0
321,57.6000000000005,7,1215.69943030621,0,0,13.5475347705868,0,0,0
321,57.6000000000005,8,676.492814241202,3.5,0,7.90692522985246,0,0,0
321,57.6000000000005,9,1271.09144635389,3.5,0,12.1329933091024,0,0,0
321,57.6000000000005,10,74.370654900363,11,0,0,0,0,0
321,57.6000000000005,11,400.507363552497,-4,0,0,0,0,0
321,57.7000000000005,1,566.792735064113,3.5,0,7.98802012203854,0,0,0
321,57.7000000000005,2,555.842967107534,0,0,6.8419320755941,0,0,0
321,57.7000000000005,3,1037.88158954772,3.5,0,17.0222297823406,0,0,0
321,57.7000000000005,4,1359.58596509612,0,0,17.2465079714973,0,0,0
321,57.7000000000005,5,1026.79378958041,0,0,7.44161423888836,0,0,0
321,57.7000000000005,6,592.860531810567,3.5,0,5.59351793973051,0,0,0
321,57.7000000000005,7,1217.05419627638,0,0,13.5477846329475,0,0,0
321,57.7000000000005,8,677.2838910249,3.5,0,7.91461044410303,0,0,0
321,57.7000000000005,9,1272.30484255113,3.5,0,12.134930635718,0,0,0
321,57.7000000000005,10,74.370654900363,11,0,0,0,0,0
321,57.7000000000005,11,400.507363552497,-4,0,0,0,0,0
321,57.8000000000006,1,567.589714421665,3.5,0,7.95156702899158,0,0,0
321,57.8000000000006,2,556.527263564613,0,0,6.84399706598208,0,0,0
321,57.8000000000006,3,1039.59631252595,3.5,0,17.2722297823406,0,0,0
321,57.8000000000006,4,1361.31565396638,0,0,17.3472694336423,0,0,0
321,57.8000000000006,5,1027.53786125025,0,0,7.43981915803989,0,0,0
321,57.8000000000006,6,593.419883811815,3.5,0,5.59352208522337,0,0,0
321,57.8000000000006,7,1218.40898598349,0,0,13.5480095090722,0,0,0
321,57.8000000000006,8,678.075697903952,3.5,0,7.92152713692854,0,0,0
321,57.8000000000006,9,1273.5184227944,3.5,0,12.1366742296722,0,0,0
321,57.8000000000006,10,74.370654900363,11,0,0,0,0,0
321,57.8000000000006,11,400.507363552497,-4,0,0,0,0,0
321,57.9000000000006,1,568.383042244944,3.5,0,7.91498943659639,0,0,0
321,57.9000000000006,2,557.211756195779,0,0,6.84585555733127,0,0,0
321,57.9000000000006,3,1041.33603550419,3.5,0,17.5222297823406,0,0,0
321,57.9000000000006,4,1363.05491517554,0,0,17.4379547495729,0,0,0
321,57.9000000000006,5,1028.28176238742,0,0,7.43820358527627,0,0,0
321,57.9000000000006,6,593.979236206884,3.5,0,5.59352581616695,0,0,0
321,57.9000000000006,7,1219.76379705382,0,0,13.5482118975844,0,0,0
321,57.9000000000006,8,678.868161868822,3.5,0,7.9277521604715,0,0,0
321,57.9000000000006,9,1274.73216867909,3.5,0,12.1382434642308,0,0,0
321,57.9000000000006,10,74.370654900363,11,0,0,0,0,0
321,57.9000000000006,11,400.507363552497,-4,0,0,0,0,0
321,58.0000000000006,1,569.172706855281,3.5,0,7.87830277014251,0,0,0
321,58.0000000000006,2,557.896425383622,0,0,6.84752819954554,0,0,0
321,58.0000000000006,3,1043.10075848242,3.5,0,17.7722297823406,0,0,0
321,58.0000000000006,4,1364.80279148971,0,0,17.5195715339103,0,0,0
321,58.0000000000006,5,1029.02551004517,0,0,7.436749569789,0,0,0
321,58.0000000000006,6,594.538588956393,3.5,0,5.59352917401617,0,0,0
321,58.0000000000006,7,1221.11862735106,0,0,13.5483940472454,0,0,0
321,58.0000000000006,8,679.661217210928,3.5,0,7.93335468166016,0,0,0
321,58.0000000000006,9,1275.94606364107,3.5,0,12.1396557753337,0,0,0
321,58.0000000000006,10,74.370654900363,11,0,0,0,0,0
321,58.0000000000006,11,400.507363552497,-4,0,0,0,0,0
321,58.1000000000006,1,569.958698133395,3.5,0,7.84152279213024,0,0,0
321,58.1000000000006,2,558.581253472477,0,0,6.84903357753839,0,0,0
321,58.1000000000006,3,1044.89048146066,3.5,0,18.0222297823406,0,0,0
321,58.1000000000006,4,1366.5584213984,0,0,17.593026639814,0,0,0
321,58.1000000000006,5,1029.76911957145,0,0,7.43544095585047,0,0,0
321,58.1000000000006,6,595.097942024898,3.5,0,5.59353219608047,0,0,0
321,58.1000000000006,7,1222.47347495252,0,0,13.5485579819403,0,0,0
321,58.1000000000006,8,680.454804792548,3.5,0,7.93839695072996,0,0,0
321,58.1000000000006,9,1277.1600927726,3.5,0,12.1409268553262,0,0,0
321,58.1000000000006,10,74.370654900363,11,0,0,0,0,0
321,58.1000000000006,11,400.507363552497,-4,0,0,0,0,0
321,58.2000000000006,1,570.741007551976,3.5,0,7.8046655794978,0,0,0
321,58.2000000000006,2,559.26622457224,0,0,6.85038841773195,0,0,0
321,58.2000000000006,3,1046.70520443889,3.5,0,18.2722297823406,0,0,0
321,58.2000000000006,4,1368.32102954215,0,0,17.6591362351274,0,0,0
321,58.2000000000006,5,1030.51260477941,0,0,7.43426320330579,0,0,0
321,58.2000000000006,6,595.657295380499,3.5,0,5.59353491593834,0,0,0
321,58.2000000000006,7,1223.82833812777,0,0,13.5487055231656,0,0,0
321,58.2000000000006,8,681.248871389729,3.5,0,7.94293499289277,0,0,0
321,58.2000000000006,9,1278.37424265674,3.5,0,12.1420708273195,0,0,0
321,58.2000000000006,10,74.370654900363,11,0,0,0,0,0
321,58.2000000000006,11,400.507363552497,-4,0,0,0,0,0
321,58.3000000000006,1,571.519628205917,3.5,0,7.76774749931417,0,0,0
321,58.3000000000006,2,559.951324381822,0,0,6.85160777390615,0,0,0
321,58.3000000000006,3,1048.54492741712,3.5,0,18.5222297823406,0,0,0
321,58.3000000000006,4,1370.08991809745,0,0,17.7186348709094,0,0,0
321,58.3000000000006,5,1031.25597810088,0,0,7.43320322601558,0,0,0
321,58.3000000000006,6,596.216648994487,3.5,0,5.59353736381042,0,0,0
321,58.3000000000006,7,1225.18321531945,0,0,13.5488383102685,0,0,0
321,58.3000000000006,8,682.043369100916,3.5,0,7.94701923083931,0,0,0
321,58.3000000000006,9,1279.58850121821,3.5,0,12.1431004021135,0,0,0
321,58.3000000000006,10,74.370654900363,11,0,0,0,0,0
321,58.3000000000006,11,400.507363552497,-4,0,0,0,0,0
321,58.4000000000006,1,572.294554840033,3.5,0,7.73078518301059,0,0,0
321,58.4000000000006,2,560.636540030241,0,0,6.85270519446293,0,0,0
321,58.4000000000006,3,1050.40965039536,3.5,0,18.7722297823406,0,0,0
321,58.4000000000006,4,1371.86445902315,0,0,17.7721836431132,0,0,0
321,58.4000000000006,5,1031.9992507245,0,0,7.43224924645438,0,0,0
321,58.4000000000006,6,596.776002841022,3.5,0,5.5935395668953,0,0,0
321,58.4000000000006,7,1226.53810512589,0,0,13.5489578186611,0,0,0
321,58.4000000000006,8,682.838254814707,3.5,0,7.95069504499119,0,0,0
321,58.4000000000006,9,1280.80285758929,3.5,0,12.144027019428,0,0,0
321,58.4000000000006,10,74.370654900363,11,0,0,0,0,0
321,58.4000000000006,11,400.507363552497,-4,0,0,0,0,0
321,58.5000000000006,1,573.065783874145,3.5,0,7.69379549923278,0,0,0
321,58.5000000000006,2,561.321859933612,0,0,6.85369287296404,0,0,0
321,58.5000000000006,3,1052.29937337359,3.5,0,19.0222297823406,0,0,0
321,58.5000000000006,4,1373.64408708221,0,0,17.8203775380966,0,0,0
321,58.5000000000006,5,1032.74243272007,0,0,7.43139066484931,0,0,0
321,58.5000000000006,6,597.33535689685,3.5,0,5.59354154967169,0,0,0
321,58.5000000000006,7,1227.89300628564,0,0,13.5490653762144,0,0,0
321,58.5000000000006,8,683.633489730843,3.5,0,7.95400327772789,0,0,0
321,58.5000000000006,9,1282.01730198901,3.5,0,12.1448609750111,0,0,0
321,58.5000000000006,10,74.370654900363,11,0,0,0,0,0
321,58.5000000000006,11,400.507363552497,-4,0,0,0,0,0
321,58.6000000000006,1,573.833313425377,3.5,0,7.65679552540658,0,0,0
321,58.6000000000006,2,562.007273666441,0,0,6.85458178361503,0,0,0
321,58.6000000000006,3,1054.21408430621,3.5,0,19.27198886993,0,0,0
321,58.6000000000006,4,1375.42829356129,0,0,17.8637520435817,0,0,0
321,58.6000000000006,5,1033.48553315038,0,0,7.43061794140475,0,0,0
321,58.6000000000006,6,597.894711141042,3.5,0,5.59354333417043,0,0,0
321,58.6000000000006,7,1229.24791766335,0,0,13.5491621780124,0,0,0
321,58.6000000000006,8,684.429038929089,3.5,0,7.95698068719091,0,0,0
321,58.6000000000006,9,1283.23182561451,3.5,0,12.1456115350359,0,0,0
321,58.6000000000006,10,74.370654900363,11,0,0,0,0,0
321,58.6000000000006,11,400.507363552497,-4,0,0,0,0,0
321,58.7000000000006,1,574.597143327553,3.5,0,7.61980251811829,0,0,0
321,58.7000000000006,2,562.692771845782,0,0,6.85538180320092,0,0,0
321,58.7000000000006,3,1056.15252235214,3.5,0,19.4967720487605,0,0,0
321,58.7000000000006,4,1377.2166206184,0,0,17.9027890985182,0,0,0
321,58.7000000000006,5,1034.22856017196,0,0,7.42992249030464,0,0,0
321,58.7000000000006,6,598.454065554762,3.5,0,5.59354494021931,0,0,0
321,58.7000000000006,7,1230.60283823723,0,0,13.5492492996305,0,0,0
321,58.7000000000006,8,685.224870981234,3.5,0,7.95966035570763,0,0,0
321,58.7000000000006,9,1284.44642054321,3.5,0,12.1462870390582,0,0,0
321,58.7000000000006,10,74.370654900363,11,0,0,0,0,0
321,58.7000000000006,11,400.507363552497,-4,0,0,0,0,0
321,58.8000000000006,1,575.35727514758,3.5,0,7.58283388242,0,0,0
321,58.8000000000006,2,563.378346026983,0,0,6.85610182082823,0,0,0
321,58.8000000000006,3,1058.11231480006,3.5,0,19.6990769097079,0,0,0
321,58.8000000000006,4,1379.00865619572,0,0,17.9379224479612,0,0,0
321,58.8000000000006,5,1034.9715211257,0,0,7.42929658431454,0,0,0
321,58.8000000000006,6,599.013420121056,3.5,0,5.59354638566329,0,0,0
321,58.8000000000006,7,1231.95776708767,0,0,13.5493277090869,0,0,0
321,58.8000000000006,8,686.020957601888,3.5,0,7.96207205737268,0,0,0
321,58.8000000000006,9,1285.6610796448,3.5,0,12.1468949926783,0,0,0
321,58.8000000000006,10,74.370654900363,11,0,0,0,0,0
321,58.8000000000006,11,400.507363552497,-4,0,0,0,0,0
321,58.9000000000006,1,576.11371219871,3.5,0,7.54590714017826,0,0,0
321,58.9000000000006,2,564.063988609859,0,0,6.8567498366928,0,0,0
321,58.9000000000006,3,1060.09132620978,3.5,0,19.8811512845606,0,0,0
321,58.9000000000006,4,1380.80402944124,0,0,17.9695424624598,0,0,0
321,58.9000000000006,5,1035.71442261836,0,0,7.42873326892345,0,0,0
321,58.9000000000006,6,599.572774824667,3.5,0,5.59354768656288,0,0,0
321,58.9000000000006,7,1233.312703387,0,0,13.5493982775976,0,0,0
321,58.9000000000006,8,686.8172733342,3.5,0,7.96424258887123,0,0,0
321,58.9000000000006,9,1286.87579650198,3.5,0,12.1474421509364,0,0,0
321,58.9000000000006,10,74.370654900363,11,0,0,0,0,0
321,58.9000000000006,11,400.507363552497,-4,0,0,0,0,0
321,59.0000000000006,1,576.866459550599,3.5,0,7.50903989759165,0,0,0
321,59.0000000000006,2,564.749692754242,0,0,6.85733305097092,0,0,0
321,59.0000000000006,3,1062.0876346851,3.5,0,20.045018221928,0,0,0
321,59.0000000000006,4,1382.60240658814,0,0,17.9980004755085,0,0,0
321,59.0000000000006,5,1036.45727059606,0,0,7.42822628507147,0,0,0
321,59.0000000000006,6,600.132129651864,3.5,0,5.59354885737251,0,0,0
321,59.0000000000006,7,1234.66764639034,0,0,13.5494617892573,0,0,0
321,59.0000000000006,8,687.613795267005,3.5,0,7.96619606721992,0,0,0
321,59.0000000000006,9,1288.0905653392,3.5,0,12.1479345933687,0,0,0
321,59.0000000000006,10,74.370654900363,11,0,0,0,0,0
321,59.0000000000006,11,400.507363552497,-4,0,0,0,0,0
321,59.1000000000006,1,577.615524036079,3.5,0,7.47224981200952,0,0,0
321,59.1000000000006,2,565.435452303982,0,0,6.85785794382123,0,0,0
321,59.1000000000006,3,1064.09951051948,3.5,0,20.1924984655587,0,0,0
321,59.1000000000006,4,1384.40348724628,0,0,18.0236126872524,0,0,0
321,59.1000000000006,5,1037.20007041029,0,0,7.42776999960469,0,0,0
321,59.1000000000006,6,600.691484590288,3.5,0,5.59354991110117,0,0,0
321,59.1000000000006,7,1236.02259542729,0,0,13.549518949751,0,0,0
321,59.1000000000006,8,688.410502780252,3.5,0,7.96795419773374,0,0,0
321,59.1000000000006,9,1289.30538095844,3.5,0,12.1483777915577,0,0,0
321,59.1000000000006,10,74.370654900363,11,0,0,0,0,0
321,59.1000000000006,11,400.507363552497,-4,0,0,0,0,0
321,59.2000000000006,1,578.360914254588,3.5,0,7.43555455818947,0,0,0
321,59.2000000000006,2,566.121261718542,0,0,6.8583303473865,0,0,0
321,59.2000000000006,3,1066.125396977,3.5,0,20.3252306848263,0,0,0
321,59.2000000000006,4,1386.20700106453,0,0,18.0466636778219,0,0,0
321,59.2000000000006,5,1037.9428268774,0,0,7.42735934268459,0,0,0
321,59.2000000000006,6,601.250839628816,3.5,0,5.59355085945697,0,0,0
321,59.2000000000006,7,1237.37754989449,0,0,13.5495703941953,0,0,0
321,59.2000000000006,8,689.207377315899,3.5,0,7.96953651519618,0,0,0
321,59.2000000000006,9,1290.52023868152,3.5,0,12.1487766699279,0,0,0
321,59.2000000000006,10,74.370654900363,11,0,0,0,0,0
321,59.2000000000006,11,400.507363552497,-4,0,0,0,0,0
321,59.3000000000006,1,579.102640572205,3.5,0,7.39897179413626,0,0,0
321,59.3000000000006,2,566.807116011441,0,0,6.85875551059525,0,0,0
321,59.3000000000006,3,1068.16389299534,3.5,0,20.4446896821671,0,0,0
321,59.3000000000006,4,1388.01270472689,0,0,18.0674095693345,0,0,0
321,59.3000000000006,5,1038.68554433211,0,0,7.42698975145649,0,0,0
321,59.3000000000006,6,601.810194757437,3.5,0,5.59355171297719,0,0,0
321,59.3000000000006,7,1238.73250924891,0,0,13.5496166941952,0,0,0
321,59.3000000000006,8,690.004402171704,3.5,0,7.97096060091238,0,0,0
321,59.3000000000006,9,1291.73513429804,3.5,0,12.149135660461,0,0,0
321,59.3000000000006,10,74.370654900363,11,0,0,0,0,0
321,59.3000000000006,11,400.507363552497,-4,0,0,0,0,0
321,59.4000000000006,1,579.840715118245,3.5,0,7.36251912666798,0,0,0
321,59.4000000000006,2,567.493010694845,0,0,6.85913815748312,0,0,0
321,59.4000000000006,3,1070.21373761844,3.5,0,20.5522027797739,0,0,0
321,59.4000000000006,4,1389.82037924894,0,0,18.0860808716958,0,0,0
321,59.4000000000006,5,1039.42822667565,0,0,7.42665711935121,0,0,0
321,59.4000000000006,6,602.369549967144,3.5,0,5.59355248114539,0,0,0
321,59.4000000000006,7,1240.08747300183,0,0,13.5496583641951,0,0,0
321,59.4000000000006,8,690.801562315653,3.5,0,7.97224227805695,0,0,0
321,59.4000000000006,9,1292.95006401866,3.5,0,12.1494587519408,0,0,0
321,59.4000000000006,10,74.370654900363,11,0,0,0,0,0
321,59.4000000000006,11,400.507363552497,-4,0,0,0,0,0
321,59.5000000000006,1,580.575151778421,3.5,0,7.32621407685829,0,0,0
321,59.5000000000006,2,568.178941729704,0,0,6.85948253968221,0,0,0
321,59.5000000000006,3,1072.27379598581,3.5,0,20.64896456762,0,0,0
321,59.5000000000006,4,1391.62982754472,0,0,18.1028850438209,0,0,0
321,59.5000000000006,5,1040.17087741914,0,0,7.42635775045646,0,0,0
321,59.5000000000006,6,602.938981585411,3.5,0,5.79507988420366,0,0,0
321,59.5000000000006,7,1241.4424407134,0,0,13.549695867195,0,0,0
321,59.5000000000006,8,691.59884421893,3.5,0,7.97339578748707,0,0,0
321,59.5000000000006,9,1294.16502443297,3.5,0,12.1497495342726,0,0,0
321,59.5000000000006,10,74.370654900363,11,0,0,0,0,0
321,59.5000000000006,11,400.507363552497,-4,0,0,0,0,0
321,59.6000000000006,1,581.306332316078,3.5,0,7.29739667626722,0,0,0
321,59.6000000000006,2,568.864905480871,0,0,6.85979248366138,0,0,0
321,59.6000000000006,3,1074.34304672303,3.5,0,20.7360501766814,0,0,0
321,59.6000000000006,4,1393.44087223685,0,0,18.1180087987336,0,0,0
321,59.6000000000006,5,1040.91349972259,0,0,7.42608831845118,0,0,0
321,59.6000000000006,6,603.527558306969,3.5,0,5.9764545469561,0,0,0
321,59.6000000000006,7,1242.79741198775,0,0,13.5497296198949,0,0,0
321,59.6000000000006,8,692.396235705603,3.5,0,7.97443394597418,0,0,0
321,59.6000000000006,9,1295.3800124716,3.5,0,12.1500112383713,0,0,0
321,59.6000000000006,10,74.370654900363,11,0,0,0,0,0
321,59.6000000000006,11,400.507363552497,-4,0,0,0,0,0
321,59.7000000000006,1,582.034951584281,3.5,0,7.27498868780216,0,0,0
321,59.7000000000006,2,569.550898676716,0,0,6.86007143324264,0,0,0
321,59.7000000000006,3,1076.4205705931,3.5,0,20.8144272248368,0,0,0
321,59.7000000000006,4,1395.25335368569,0,0,18.131620178155,0,0,0
321,59.7000000000006,5,1041.66012854206,0,0,7.50648807093306,0,0,0
321,59.7000000000006,6,604.133365621488,3.5,0,6.1396917434333,0,0,0
321,59.7000000000006,7,1244.15238646861,0,0,13.5497599973248,0,0,0
321,59.7000000000006,8,693.193725817332,3.5,0,7.97536828861257,0,0,0
321,59.7000000000006,9,1296.59502537212,3.5,0,12.1502467720601,0,0,0
321,59.7000000000006,10,74.370654900363,11,0,0,0,0,0
321,59.7000000000006,11,400.507363552497,-4,0,0,0,0,0
321,59.8000000000006,1,582.761604681631,3.5,0,7.25807325918963,0,0,0
321,59.8000000000006,2,570.236918372771,0,0,6.86032248786578,0,0,0
321,59.8000000000006,3,1078.50554028275,3.5,0,20.8849665681766,0,0,0
321,59.8000000000006,4,1397.06712821558,0,0,18.1438704196342,0,0,0
321,59.8000000000006,5,1042.41439533801,0,0,7.57884784816676,0,0,0
321,59.8000000000006,6,604.754680469673,3.5,0,6.28660522026278,0,0,0
321,59.8000000000006,7,1245.50736383533,0,0,13.5497873370118,0,0,0
321,59.8000000000006,8,693.991304691612,3.5,0,7.97620919698713,0,0,0
321,59.8000000000006,9,1297.81006064834,3.5,0,12.15045875238,0,0,0
321,59.8000000000006,10,74.370654900363,11,0,0,0,0,0
321,59.8000000000006,11,400.507363552497,-4,0,0,0,0,0
321,59.9000000000006,1,583.486801664009,3.5,0,7.24586638838008,0,0,0
321,59.9000000000006,2,570.922961919016,0,0,6.8605484370266,0,0,0
321,59.9000000000006,3,1080.59721121002,3.5,0,20.9484519771824,0,0,0
321,59.9000000000006,4,1398.88206651841,0,0,18.1548956369655,0,0,0
321,59.9000000000006,5,1043.1755363128,0,0,7.64397164767708,0,0,0
321,59.9000000000006,6,605.389952098157,3.5,0,6.41882734940931,0,0,0
321,59.9000000000006,7,1246.86234379932,0,0,13.54981194273,0,0,0
321,59.9000000000006,8,694.788963452188,3.5,0,7.97696601452423,0,0,0
321,59.9000000000006,9,1299.03646148813,3.5,0,12.3775580433097,0,0,0
321,59.9000000000006,10,74.370654900363,11,0,0,0,0,0
321,59.9000000000006,11,400.507363552497,-4,0,0,0,0,0
321,60.0000000000006,1,584.210979704915,3.5,0,7.2376944297339,0,0,0
321,60.0000000000006,2,571.609026930431,0,0,6.86075179127133,0,0,0
321,60.0000000000006,3,1082.69491325114,3.5,0,21.0055888452876,0,0,0
321,60.0000000000006,4,1400.69805221689,0,0,18.1648183325637,0,0,0
321,60.0000000000006,5,1043.94286404855,0,0,7.70258306723638,0,0,0
321,60.0000000000006,6,606.037784828909,3.5,0,6.53782726564119,0,0,0
321,60.0000000000006,7,1248.21732610085,0,0,13.5498340878764,0,0,0
321,60.0000000000006,8,695.58669411043,3.5,0,7.97764715030762,0,0,0
321,60.0000000000006,9,1300.28443676055,3.5,0,12.5819474051465,0,0,0
321,60.0000000000006,10,74.370654900363,11,0,0,0,0,0
321,60.0000000000006,11,400.507363552497,-4,0,0,0,0,0
321,60.1000000000006,1,584.93451323437,3.5,0,7.23297615935632,0,0,0
321,60.1000000000006,2,572.295111260499,0,0,6.8609348100916,0,0,0
321,60.1000000000006,3,1084.79804329474,3.5,0,21.0570120265823,0,0,0
321,60.1000000000006,4,1402.51498057145,0,0,18.1737487586021,0,0,0
321,60.1000000000006,5,1044.71575986915,0,0,7.75533334483974,0,0,0
321,60.1000000000006,6,606.696922551704,3.5,0,6.64492719024988,0,0,0
321,60.1000000000006,7,1249.57231050617,0,0,13.5498540185082,0,0,0
321,60.1000000000006,8,696.384489476571,3.5,0,7.97826017251267,0,0,0
321,60.1000000000006,9,1301.55182902235,3.5,0,12.7658978307996,0,0,0
321,60.1000000000006,10,74.370654900363,11,0,0,0,0,0
321,60.1000000000006,11,400.507363552497,-4,0,0,0,0,0
321,60.2000000000006,1,585.657722458674,3.5,0,7.23120832672653,0,0,0
321,60.2000000000006,2,572.981212977355,0,0,6.86109952702984,0,0,0
321,60.2000000000006,3,1086.90605854055,3.5,0,21.1032928897476,0,0,0
321,60.2000000000006,4,1404.33275731648,0,0,18.1817861420366,0,0,0
321,60.2000000000006,5,1045.49366696613,0,0,7.80280859468277,0,0,0
321,60.2000000000006,6,607.366234767336,3.5,0,6.7413171223977,0,0,0
321,60.2000000000006,7,1250.9272968049,0,0,13.5498719560768,0,0,0
321,60.2000000000006,8,697.182343079821,3.5,0,7.97881189249722,0,0,0
321,60.2000000000006,9,1302.83669657458,3.5,0,12.9314532138874,0,0,0
321,60.2000000000006,10,74.370654900363,11,0,0,0,0,0
321,60.2000000000006,11,400.507363552497,-4,0,0,0,0,0
321,60.3000000000006,1,586.380880570219,3.5,0,7.23195390418103,0,0,0
321,60.3000000000006,2,573.66733034232,0,0,6.86124777227425,0,0,0
321,60.3000000000006,3,1089.01847046837,3.5,0,21.1449456665963,0,0,0
321,60.3000000000006,4,1406.15129761294,0,0,18.1890197871277,0,0,0
321,60.3000000000006,5,1046.27608421184,0,0,7.84553631954149,0,0,0
321,60.3000000000006,6,608.044704026523,3.5,0,6.82806806133074,0,0,0
321,60.3000000000006,7,1252.2822848077,0,0,13.5498880998885,0,0,0
321,60.3000000000006,8,697.98024909647,3.5,0,7.97930844048331,0,0,0
321,60.3000000000006,9,1304.13729188821,3.5,0,13.0804530586665,0,0,0
321,60.3000000000006,10,74.370654900363,11,0,0,0,0,0
321,60.3000000000006,11,400.507363552497,-4,0,0,0,0,0
321,60.4000000000006,1,587.104219887774,3.5,0,7.23483244691881,0,0,0
321,60.4000000000006,2,574.353461790584,0,0,6.86138119299422,0,0,0
321,60.4000000000006,3,1091.13483940999,3.5,0,21.1824331657601,0,0,0
321,60.4000000000006,4,1407.97052510568,0,0,18.1955300677097,0,0,0
321,60.4000000000006,5,1047.06256059141,0,0,7.88399127191434,0,0,0
321,60.4000000000006,6,608.731414624908,3.5,0,6.90614390637048,0,0,0
321,60.4000000000006,7,1253.63727434416,0,0,13.5499026293191,0,0,0
321,60.4000000000006,8,698.778202285178,3.5,0,7.97975533367079,0,0,0
321,60.4000000000006,9,1305.45204218709,3.5,0,13.2145529189676,0,0,0
321,60.4000000000006,10,74.370654900363,11,0,0,0,0,0
321,60.4000000000006,11,400.507363552497,-4,0,0,0,0,0
321,60.5000000000006,1,587.827937116147,3.5,0,7.23951212054121,0,0,0
321,60.5000000000006,2,575.039605913816,0,0,6.8615012716422,0,0,0
321,60.5000000000006,3,1093.25476966403,3.5,0,21.2161719150076,0,0,0
321,60.5000000000006,4,1409.79037107508,0,0,18.2013893202334,0,0,0
321,60.5000000000006,5,1047.85269019146,0,0,7.91860072904991,0,0,0
321,60.5000000000006,6,609.425542428572,3.5,0,6.97641216690624,0,0,0
321,60.5000000000006,7,1254.99226526091,0,0,13.5499157058066,0,0,0
321,60.5000000000006,8,699.576197928738,3.5,0,7.98015753753953,0,0,0
321,60.5000000000006,9,1306.7795319727,3.5,0,13.3352427932386,0,0,0
321,60.5000000000006,10,74.370654900363,11,0,0,0,0,0
321,60.5000000000006,11,400.507363552497,-4,0,0,0,0,0
321,60.6000000000006,1,588.552197875084,3.5,0,7.24570305819068,0,0,0
321,60.6000000000006,2,575.725761444519,0,0,6.86160934242537,0,0,0
321,60.6000000000006,3,1095.37790509925,3.5,0,21.2465367893303,0,0,0
321,60.6000000000006,4,1411.61077367346,0,0,18.2066626475048,0,0,0
321,60.6000000000006,5,1048.64610768994,0,0,7.94974924047192,0,0,0
321,60.6000000000006,6,610.126345716986,3.5,0,7.03965360138842,0,0,0
321,60.6000000000006,7,1256.34725741993,0,0,13.5499274746454,0,0,0
321,60.6000000000006,8,700.374231781666,3.5,0,7.98051952102139,0,0,0
321,60.6000000000006,9,1308.11848729637,3.5,0,13.4438636800825,0,0,0
321,60.6000000000006,10,74.370654900363,11,0,0,0,0,0
321,60.6000000000006,11,400.507363552497,-4,0,0,0,0,0
321,60.7000000000006,1,589.277140617333,3.5,0,7.25315178680037,0,0,0
321,60.7000000000006,2,576.411927241947,0,0,6.86170660613023,0,0,0
321,60.7000000000006,3,1097.50392519752,3.5,0,21.2738651762207,0,0,0
321,60.7000000000006,4,1413.43167723794,0,0,18.2114086420491,0,0,0
321,60.7000000000006,5,1049.442484297,0,0,7.97778290075173,0,0,0
321,60.7000000000006,6,610.833156941677,3.5,0,7.09657089242239,0,0,0
321,60.7000000000006,7,1257.702250697,0,0,13.5499380666002,0,0,0
321,60.7000000000006,8,701.172300023025,3.5,0,7.98084530615506,0,0,0
321,60.7000000000006,9,1309.46776160428,3.5,0,13.541622478242,0,0,0
321,60.7000000000006,10,74.370654900363,11,0,0,0,0,0
321,60.7000000000006,11,400.507363552497,-4,0,0,0,0,0
321,60.8000000000006,1,590.002880032661,3.5,0,7.26163651974894,0,0,0
321,60.8000000000006,2,577.098102279427,0,0,6.86179414346461,0,0,0
321,60.8000000000006,3,1099.63254149255,3.5,0,21.2984607244221,0,0,0
321,60.8000000000006,4,1415.2530316719,0,0,18.2156800371389,0,0,0
321,60.8000000000006,5,1050.24152410179,0,0,8.00301319500356,0,0,0
321,60.8000000000006,6,611.545375309016,3.5,0,7.14779645435296,0,0,0
321,60.8000000000006,7,1259.0572449803,0,0,13.5499475993596,0,0,0
321,60.8000000000006,8,701.970399213972,3.5,0,7.98113851277537,0,0,0
321,60.8000000000006,9,1310.82632299803,3.5,0,13.6296053965856,0,0,0
321,60.8000000000006,10,74.370654900363,11,0,0,0,0,0
321,60.8000000000006,11,400.507363552497,-4,0,0,0,0,0
321,60.9000000000006,1,590.729510016488,3.5,0,7.27096315680576,0,0,0
321,60.9000000000006,2,577.784285632953,0,0,6.86187292706554,0,0,0
321,60.9000000000006,3,1101.76349436467,3.5,0,21.3205967178034,0,0,0
321,60.9000000000006,4,1417.07479188839,0,0,18.2195242927198,0,0,0
321,60.9000000000006,5,1051.04296078453,0,0,8.02572045983021,0,0,0
321,60.9000000000006,6,612.262460104738,3.5,0,7.19389946009047,0,0,0
321,60.9000000000006,7,1260.41224016921,0,0,13.5499561788431,0,0,0
321,60.9000000000006,8,702.768526259547,3.5,0,7.98140239873364,0,0,0
321,60.9000000000006,9,1312.19324276901,3.5,0,13.7087900230948,0,0,0
321,60.9000000000006,10,74.370654900363,11,0,0,0,0,0
321,60.9000000000006,11,400.507363552497,-4,0,0,0,0,0
321,61.0000000000006,1,591.457106267602,3.5,0,7.28096186547137,0,0,0
321,61.0000000000006,2,578.470476470922,0,0,6.86194383230639,0,0,0
321,61.0000000000006,3,1103.89655015615,3.5,0,21.3405191118465,0,0,0
321,61.0000000000006,4,1418.89691730917,0,0,18.2229841227425,0,0,0
321,61.0000000000006,5,1051.84655465743,0,0,8.04615699817419,0,0,0
321,61.0000000000006,6,612.983924686005,3.5,0,7.23539216525424,0,0,0
321,61.0000000000006,7,1261.76723617317,0,0,13.5499639003782,0,0,0
321,61.0000000000006,8,703.566678374289,3.5,0,7.98163989609609,0,0,0
321,61.0000000000006,9,1313.56768507951,3.5,0,13.7800561869531,0,0,0
321,61.0000000000006,10,74.370654900363,11,0,0,0,0,0
321,61.0000000000006,11,400.507363552497,-4,0,0,0,0,0
321,61.1000000000006,1,592.185728568044,3.5,0,7.29148414337214,0,0,0
321,61.1000000000006,2,579.156674044888,0,0,6.86200764702315,0,0,0
321,61.1000000000006,3,1106.03149857507,3.5,0,21.3584492664854,0,0,0
321,61.1000000000006,4,1420.71937141379,0,0,18.226097969763,0,0,0
321,61.1000000000006,5,1052.65209000147,0,0,8.06454988268377,0,0,0
321,61.1000000000006,6,613.709331074263,3.5,0,7.27273559990162,0,0,0
321,61.1000000000006,7,1263.12223291067,0,0,13.5499708497598,0,0,0
321,61.1000000000006,8,704.36485305128,3.5,0,7.9818536437223,0,0,0
321,61.1000000000006,9,1314.94889767558,3.5,0,13.8441957344255,0,0,0
321,61.1000000000006,10,74.370654900363,11,0,0,0,0,0
321,61.1000000000006,11,400.507363552497,-4,0,0,0,0,0
321,61.2000000000006,1,592.915422789273,3.5,0,7.30240028119362,0,0,0
321,61.2000000000006,2,579.842877681253,0,0,6.86206508026823,0,0,0
321,61.2000000000006,3,1108.16815035867,3.5,0,21.3745864056603,0,0,0
321,61.2000000000006,4,1422.54212133388,0,0,18.2289004320815,0,0,0
321,61.2000000000006,5,1053.45937266954,0,0,8.08110347874239,0,0,0
321,61.2000000000006,6,614.438285088812,3.5,0,7.30634469108427,0,0,0
321,61.2000000000006,7,1264.47723030837,0,0,13.5499771042032,0,0,0
321,61.2000000000006,8,705.163048034295,3.5,0,7.98204601658588,0,0,0
321,61.2000000000006,9,1316.33620352866,3.5,0,13.9019213271507,0,0,0
321,61.2000000000006,10,74.370654900363,11,0,0,0,0,0
321,61.2000000000006,11,400.507363552497,-4,0,0,0,0,0
321,61.3000000000006,1,593.646222661389,3.5,0,7.31359716113703,0,0,0
321,61.3000000000006,2,580.529086773775,0,0,6.8621167701888,0,0,0
321,61.3000000000006,3,1110.3063351705,3.5,0,21.3891098309177,0,0,0
321,61.3000000000006,4,1424.3651374879,0,0,18.231422648168,0,0,0
321,61.3000000000006,5,1054.26822792924,0,0,8.09600171519516,0,0,0
321,61.3000000000006,6,615.170431967024,3.5,0,7.33659287314865,0,0,0
321,61.3000000000006,7,1265.83222830024,0,0,13.5499827332023,0,0,0
321,61.3000000000006,8,705.961261292732,3.5,0,7.98221915216311,0,0,0
321,61.3000000000006,9,1317.72899331305,3.5,0,13.9538743606034,0,0,0
321,61.3000000000006,10,74.370654900363,11,0,0,0,0,0
321,61.3000000000006,11,400.507363552497,-4,0,0,0,0,0
321,61.4000000000006,1,594.37815133635,3.5,0,7.32497633808891,0,0,0
321,61.4000000000006,2,581.227798450794,0,0,7.1121167701888,0,0,0
321,61.4000000000006,3,1112.44589970773,3.5,0,21.4021809136494,0,0,0
321,61.4000000000006,4,1426.18839325244,0,0,18.233692642646,0,0,0
321,61.4000000000006,5,1055.0784985214,0,0,8.10941012800264,0,0,0
321,61.4000000000006,6,615.905452422532,3.5,0,7.36381623700659,0,0,0
321,61.4000000000006,7,1267.18722682687,0,0,13.5499877993015,0,0,0
321,61.4000000000006,8,706.75949099905,3.5,0,7.98237497418261,0,0,0
321,61.4000000000006,9,1319.12671863561,3.5,0,14.0006320907109,0,0,0
321,61.4000000000006,10,74.370654900363,11,0,0,0,0,0
321,61.4000000000006,11,400.507363552497,-4,0,0,0,0,0
321,61.5000000000006,1,595.111222771273,3.5,0,7.33645236036516,0,0,0
321,61.5000000000006,2,581.951510127813,0,0,7.3621167701888,0,0,0
321,61.5000000000006,3,1114.58670599782,3.5,0,21.413944888108,0,0,0
321,61.5000000000006,4,1428.01186466645,0,0,18.2357356376761,0,0,0
321,61.5000000000006,5,1055.89004291278,0,0,8.12147769952938,0,0,0
321,61.5000000000006,6,616.643059097606,3.5,0,7.38831726447874,0,0,0
321,61.5000000000006,7,1268.54222583477,0,0,13.5499923587908,0,0,0
321,61.5000000000006,8,707.557735508459,3.5,0,7.98251521400016,0,0,0
321,61.5000000000006,9,1320.52888594254,3.5,0,14.0427140478075,0,0,0
321,61.5000000000006,10,74.370654900363,11,0,0,0,0,0
321,61.5000000000006,11,400.507363552497,-4,0,0,0,0,0
321,61.6000000000006,1,595.845442954021,3.5,0,7.34795129460025,0,0,0
321,61.6000000000006,2,582.700221804832,0,0,7.6121167701888,0,0,0
321,61.6000000000006,3,1116.72862986548,3.5,0,21.4245324651206,0,0,0
321,61.6000000000006,4,1429.835530165,0,0,18.2375743332032,0,0,0
321,61.6000000000006,5,1056.70273372345,0,0,8.13233851390344,0,0,0
321,61.6000000000006,6,617.38299337029,3.5,0,7.41036818920368,0,0,0
321,61.6000000000006,7,1269.89722527583,0,0,13.5499964623311,0,0,0
321,61.6000000000006,8,708.355993340651,3.5,0,7.98264142983596,0,0,0
321,61.6000000000006,9,1321.93505103539,3.5,0,14.0805878091946,0,0,0
321,61.6000000000006,10,74.370654900363,11,0,0,0,0,0
321,61.6000000000006,11,400.507363552497,-4,0,0,0,0,0
321,61.7000000000006,1,596.580810990028,3.5,0,7.35940942552944,0,0,0
321,61.7000000000006,2,583.473933481851,0,0,7.8621167701888,0,0,0
321,61.7000000000006,3,1118.87155955296,3.5,0,21.434061284432,0,0,0
321,61.7000000000006,4,1431.65937033962,0,0,18.2392291591777,0,0,0
321,61.7000000000006,5,1057.51645631148,0,0,8.1421132468401,0,0,0
321,61.7000000000006,6,618.125022480823,3.5,0,7.43021402145612,0,0,0
321,61.7000000000006,7,1271.25222510672,0,0,13.5500001555174,0,0,0
321,61.7000000000006,8,709.154263163347,3.5,0,7.98275502408818,0,0,0
321,61.7000000000006,9,1323.34481413557,3.5,0,14.1146741944429,0,0,0
321,61.7000000000006,10,74.370654900363,11,0,0,0,0,0
321,61.7000000000006,11,400.507363552497,-4,0,0,0,0,0
321,61.8000000000006,1,597.317320066624,3.5,0,7.37077210638709,0,0,0
321,61.8000000000006,2,584.27264515887,0,0,8.1121167701888,0,0,0
321,61.8000000000006,3,1121.01539447827,3.5,0,21.4426372218123,0,0,0
321,61.8000000000006,4,1433.4833677227,0,0,18.2407185025546,0,0,0
321,61.8000000000006,5,1058.33110749915,0,0,8.15091050648309,0,0,0
321,61.8000000000006,6,618.86893694542,3.5,0,7.44807527048332,0,0,0
321,61.8000000000006,7,1272.60722528847,0,0,13.5500034793851,0,0,0
321,61.8000000000006,8,709.952543777497,3.5,0,7.98285725891517,0,0,0
321,61.8000000000006,9,1324.75781544235,3.5,0,14.1453519411663,0,0,0
321,61.8000000000006,10,74.370654900363,11,0,0,0,0,0
321,61.8000000000006,11,400.507363552497,-4,0,0,0,0,0
321,61.9000000000006,1,598.054958308926,3.5,0,7.3819927396681,0,0,0
321,61.9000000000006,2,585.096356835889,0,0,8.3621167701888,0,0,0
321,61.9000000000006,3,1123.16004411763,3.5,0,21.4503555654546,0,0,0
321,61.9000000000006,4,1435.30750659341,0,0,18.2420589115939,0,0,0
321,61.9000000000006,5,1059.14659442648,0,0,8.15882804016178,0,0,0
321,61.9000000000006,6,619.614548228674,3.5,0,7.4641503946078,0,0,0
321,61.9000000000006,7,1273.96222578598,0,0,13.550006470866,0,0,0
321,61.9000000000006,8,710.750834103956,3.5,0,7.98294927025947,0,0,0
321,61.9000000000006,9,1326.17373113507,3.5,0,14.1729619132175,0,0,0
321,61.9000000000006,10,74.370654900363,11,0,0,0,0,0
321,61.9000000000006,11,400.507363552497,-4,0,0,0,0,0
321,62.0000000000006,1,598.793709539473,3.5,0,7.39303187126918,0,0,0
321,62.0000000000006,2,585.945068512908,0,0,8.6121167701888,0,0,0
321,62.0000000000006,3,1125.30542699964,3.5,0,21.4573020747326,0,0,0
321,62.0000000000006,4,1437.13177280298,0,0,18.2432652797293,0,0,0
321,62.0000000000006,5,1059.96283351952,0,0,8.16595382047261,0,0,0
321,62.0000000000006,6,620.361686648721,3.5,0,7.47861800631983,0,0,0
321,62.0000000000006,7,1275.31722656768,0,0,13.5500091631988,0,0,0
321,62.0000000000006,8,711.549133171492,3.5,0,7.98303208046933,0,0,0
321,62.0000000000006,9,1327.59226977514,3.5,0,14.1978108880635,0,0,0
321,62.0000000000006,10,74.370654900363,11,0,0,0,0,0
321,62.0000000000006,11,400.507363552497,-4,0,0,0,0,0
321,62.1000000000006,1,599.533553952221,3.5,0,7.40385638369447,0,0,0
321,62.1000000000006,2,586.818780189927,0,0,8.8621167701888,0,0,0
321,62.1000000000006,3,1127.45146980003,3.5,0,21.4635539330828,0,0,0
321,62.1000000000006,4,1438.95615361751,0,0,18.2443510110511,0,0,0
321,62.1000000000006,5,1060.77974956168,0,0,8.17236702275235,0,0,0
321,62.1000000000006,6,621.11019949188,3.5,0,7.49163885686065,0,0,0
321,62.1000000000006,7,1276.67222760516,0,0,13.5500115862983,0,0,0
321,62.1000000000006,8,712.347440105999,3.5,0,7.98310660965821,0,0,0
321,62.1000000000006,9,1329.01316906781,3.5,0,14.2201749654249,0,0,0
321,62.1000000000006,10,74.370654900363,11,0,0,0,0,0
321,62.1000000000006,11,400.507363552497,-4,0,0,0,0,0
321,62.2000000000006,1,600.274468710216,3.5,0,7.41443877619473,0,0,0
321,62.2000000000006,2,587.717491866946,0,0,9.1121167701888,0,0,0
321,62.2000000000006,3,1129.59810652697,3.5,0,21.469180605598,0,0,0
321,62.2000000000006,4,1440.78063757653,0,0,18.2453281692407,0,0,0
321,62.2000000000006,5,1061.59727485805,0,0,8.17813890480412,0,0,0
321,62.2000000000006,6,621.85994931584,3.5,0,7.5033576223474,0,0,0
321,62.2000000000006,7,1278.02722887283,0,0,13.5500137670879,0,0,0
321,62.2000000000006,8,713.145754120778,3.5,0,7.98317368592821,0,0,0
321,62.2000000000006,9,1330.43619294783,3.5,0,14.2403026350502,0,0,0
321,62.2000000000006,10,74.370654900363,11,0,0,0,0,0
321,62.2000000000006,11,400.507363552497,-4,0,0,0,0,0
321,62.3000000000006,1,601.016428475101,3.5,0,7.42475652150682,0,0,0
321,62.3000000000006,2,588.641203543965,0,0,9.3621167701888,0,0,0
321,62.3000000000006,3,1131.74527778779,3.5,0,21.4742446108617,0,0,0
321,62.3000000000006,4,1442.60521436557,0,0,18.2462076116114,0,0,0
321,62.3000000000006,5,1062.41534848323,0,0,8.18333359865071,0,0,0
321,62.3000000000006,6,622.610812422522,3.5,0,7.51390451128547,0,0,0
321,62.3000000000006,7,1279.38223034767,0,0,13.5500157297986,0,0,0
321,62.3000000000006,8,713.944074507803,3.5,0,7.9832340545712,0,0,0
321,62.3000000000006,9,1331.86112895647,3.5,0,14.2584175377129,0,0,0
321,62.3000000000006,10,74.370654900363,11,0,0,0,0,0
321,62.3000000000006,11,400.507363552497,-4,0,0,0,0,0
321,62.4000000000006,1,601.759405875693,3.5,0,7.43479149034416,0,0,0
321,62.4000000000006,2,589.589915220984,0,0,9.6121167701888,0,0,0
321,62.4000000000006,3,1133.89293012911,3.5,0,21.478802215599,0,0,0
321,62.4000000000006,4,1444.42987470164,0,0,18.246999109745,0,0,0
321,62.4000000000006,5,1063.23391560432,0,0,8.18800882311264,0,0,0
321,62.4000000000006,6,623.362677483653,3.5,0,7.52339671132973,0,0,0
321,62.4000000000006,7,1280.73723200897,0,0,13.5500174962381,0,0,0
321,62.4000000000006,8,714.742400629849,3.5,0,7.98328838634989,0,0,0
321,62.4000000000006,9,1333.28778588086,3.5,0,14.2747209501094,0,0,0
321,62.4000000000006,10,74.370654900363,11,0,0,0,0,0
321,62.4000000000006,11,400.507363552497,-4,0,0,0,0,0
321,62.5000000000006,1,602.503371922012,3.5,0,7.44452943601954,0,0,0
321,62.5000000000006,2,590.563626898003,0,0,9.8621167701888,0,0,0
321,62.5000000000006,3,1136.04101544289,3.5,0,21.4829040598625,0,0,0
321,62.5000000000006,4,1446.25461023003,0,0,18.2477114580652,0,0,0
321,62.5000000000006,5,1064.05292687173,0,0,8.19221652512838,0,0,0
321,62.5000000000006,6,624.115444303788,3.5,0,7.53193969136956,0,0,0
321,62.5000000000006,7,1282.09223383809,0,0,13.5500190860337,0,0,0
321,62.5000000000006,8,715.540731913414,3.5,0,7.98333728495072,0,0,0
321,62.5000000000006,9,1334.71599162943,3.5,0,14.2893940212662,0,0,0
321,62.5000000000006,10,74.370654900363,11,0,0,0,0,0
321,62.5000000000006,11,400.507363552497,-4,0,0,0,0,0
321,62.6000000000006,1,603.248296370443,3.5,0,7.45395953260691,0,0,0
321,62.6000000000006,2,591.562338575021,0,0,10.1121167701888,0,0,0
321,62.6000000000006,3,1138.18949043186,3.5,0,21.4865957196998,0,0,0
321,62.6000000000006,4,1448.07941343151,0,0,18.2483525715534,0,0,0
321,62.6000000000006,5,1064.87233787083,0,0,8.19600345694254,0,0,0
321,62.6000000000006,6,624.869022707026,3.5,0,7.53962837340542,0,0,0
321,62.6000000000006,7,1283.44723581823,0,0,13.5500205168498,0,0,0
321,62.6000000000006,8,716.339067842346,3.5,0,7.98338129369146,0,0,0
321,62.6000000000006,9,1336.14559131976,3.5,0,14.3025997853074,0,0,0
321,62.6000000000006,10,74.370654900363,11,0,0,0,0,0
321,62.6000000000006,11,400.507363552497,-4,0,0,0,0,0
321,62.7000000000006,1,603.994148045118,3.5,0,7.46307396090644,0,0,0
321,62.7000000000006,2,592.58605025204,0,0,10.3621167701888,0,0,0
321,62.7000000000006,3,1140.33831612853,3.5,0,21.4899182135533,0,0,0
321,62.7000000000006,4,1449.90427753877,0,0,18.2489295736928,0,0,0
321,62.7000000000006,5,1065.69210862846,0,0,8.19941169557529,0,0,0
321,62.7000000000006,6,625.623331535058,3.5,0,7.54654818723768,0,0,0
321,62.7000000000006,7,1284.8022379343,0,0,13.5500218045842,0,0,0
321,62.7000000000006,8,717.137407952109,3.5,0,7.98342090155812,0,0,0
321,62.7000000000006,9,1337.57644555767,3.5,0,14.3144849729444,0,0,0
321,62.7000000000006,10,74.370654900363,11,0,0,0,0,0
321,62.7000000000006,11,400.507363552497,-4,0,0,0,0,0
321,62.8000000000006,1,604.740895120024,3.5,0,7.4718675371981,0,0,0
321,62.8000000000006,2,593.634761929059,0,0,10.6121167701888,0,0,0
321,62.8000000000006,3,1142.48745746211,3.5,0,21.4929084580214,0,0,0
321,62.8000000000006,4,1451.72919646124,0,0,18.2494488756183,0,0,0
321,62.8000000000006,5,1066.51220316875,0,0,8.20247911034476,0,0,0
321,62.8000000000006,6,626.378297745405,3.5,0,7.55277601968672,0,0,0
321,62.8000000000006,7,1286.15724017271,0,0,13.5500229635452,0,0,0
321,62.8000000000006,8,717.935751824619,3.5,0,7.98345654863813,0,0,0
321,62.8000000000006,9,1339.00842888841,3.5,0,14.3251816418177,0,0,0
321,62.8000000000006,10,74.370654900363,11,0,0,0,0,0
321,62.8000000000006,11,400.507363552497,-4,0,0,0,0,0
321,62.9000000000006,1,605.488505365902,3.5,0,7.4803373803783,0,0,0
321,62.9000000000006,2,594.707332956363,0,0,10.8393037758896,0,0,0
321,62.9000000000006,3,1144.63688286891,3.5,0,21.4955996780427,0,0,0
321,62.9000000000006,4,1453.55416471739,0,0,18.2499162473512,0,0,0
321,62.9000000000006,5,1067.33258911345,0,0,8.20523978363729,0,0,0
321,62.9000000000006,6,627.133855599834,3.5,0,7.55838106889086,0,0,0
321,62.9000000000006,7,1287.51224252122,0,0,13.5500240066101,0,0,0
321,62.9000000000006,8,718.734099083601,3.5,0,7.98348863101013,0,0,0
321,62.9000000000006,9,1340.44142840269,3.5,0,14.3348086438037,0,0,0
321,62.9000000000006,10,74.370654900363,11,0,0,0,0,0
321,62.9000000000006,11,400.507363552497,-4,0,0,0,0,0
321,63.0000000000006,1,606.236946365601,3.5,0,7.48848261359171,0,0,0
321,63.0000000000006,2,595.801486749209,0,0,11.0437720810204,0,0,0
321,63.0000000000006,3,1146.78656394161,3.5,0,21.4980217760619,0,0,0
321,63.0000000000006,4,1455.37917737385,0,0,18.2503368819108,0,0,0
321,63.0000000000006,5,1068.15323732211,0,0,8.20772438960056,0,0,0
321,63.0000000000006,6,627.889945933937,3.5,0,7.56342561317458,0,0,0
321,63.0000000000006,7,1288.86724496881,0,0,13.5500249453685,0,0,0
321,63.0000000000006,8,719.532449390409,3.5,0,7.98351750514493,0,0,0
321,63.0000000000006,9,1341.87534248216,3.5,0,14.3434729455911,0,0,0
321,63.0000000000006,10,74.370654900363,11,0,0,0,0,0
321,63.0000000000006,11,400.507363552497,-4,0,0,0,0,0
321,63.1000000000006,1,606.986185701126,3.5,0,7.49630409691208,0,0,0
321,63.1000000000006,2,596.915065031042,0,0,11.227793555638,0,0,0
321,63.1000000000006,3,1148.93647511363,3.5,0,21.5002016642792,0,0,0
321,63.1000000000006,4,1457.2042299906,0,0,18.2507154530145,0,0,0
321,63.1000000000006,5,1068.97412156834,0,0,8.20996053496751,0,0,0
321,63.1000000000006,6,628.646515499747,3.5,0,7.56796570302994,0,0,0
321,63.1000000000006,7,1290.2222475056,0,0,13.5500257902511,0,0,0
321,63.1000000000006,8,720.330802440259,3.5,0,7.98354349186625,0,0,0
321,63.1000000000006,9,1343.3100796703,3.5,0,14.3512708171998,0,0,0
321,63.1000000000006,10,74.370654900363,11,0,0,0,0,0
321,63.1000000000006,11,400.507363552497,-4,0,0,0,0,0
321,63.2000000000006,1,607.736191115372,3.5,0,7.50380418800546,0,0,0
321,63.2000000000006,2,598.046125352963,0,0,11.3934128827939,0,0,0
321,63.2000000000006,3,1151.08659337503,3.5,0,21.5021635636748,0,0,0
321,63.2000000000006,4,1459.0293185716,0,0,18.2510561670078,0,0,0
321,63.2000000000006,5,1069.79521824838,0,0,8.21197306579776,0,0,0
321,63.2000000000006,6,629.403516374094,3.5,0,7.57205178389975,0,0,0
321,63.2000000000006,7,1291.57725012264,0,0,13.5500265506454,0,0,0
321,63.2000000000006,8,721.129157958849,3.5,0,7.98356687991544,0,0,0
321,63.2000000000006,9,1344.74555765624,3.5,0,14.3582889016476,0,0,0
321,63.2000000000006,10,74.370654900363,11,0,0,0,0,0
321,63.2000000000006,11,400.507363552497,-4,0,0,0,0,0
321,63.3000000000006,1,608.486930651174,3.5,0,7.51098652803704,0,0,0
321,63.3000000000006,2,599.192919510965,0,0,11.5424702772342,0,0,0
321,63.3000000000006,3,1153.23689801687,3.5,0,21.5039292731308,0,0,0
321,63.3000000000006,4,1460.85443952043,0,0,18.2513628096017,0,0,0
321,63.3000000000006,5,1070.61650611885,0,0,8.21378434354498,0,0,0
321,63.3000000000006,6,630.160905426123,3.5,0,7.57572925668259,0,0,0
321,63.3000000000006,7,1292.93225281192,0,0,13.5500272350003,0,0,0
321,63.3000000000006,8,721.927515699302,3.5,0,7.98358792915971,0,0,0
321,63.3000000000006,9,1346.18170236021,3.5,0,14.3646051776506,0,0,0
321,63.3000000000006,10,74.370654900363,11,0,0,0,0,0
321,63.3000000000006,11,400.507363552497,-4,0,0,0,0,0
321,63.4000000000006,1,609.238372770095,3.5,0,7.51785585036743,0,0,0
321,63.4000000000006,2,600.353874121438,0,0,11.6766219322305,0,0,0
321,63.4000000000006,3,1155.38737040111,3.5,0,21.5055184116412,0,0,0
321,63.4000000000006,4,1462.67958960031,0,0,18.2516387879363,0,0,0
321,63.4000000000006,5,1071.4379660607,0,0,8.21541449351749,0,0,0
321,63.4000000000006,6,630.918643838066,3.5,0,7.57903898218714,0,0,0
321,63.4000000000006,7,1294.28725556622,0,0,13.5500278509196,0,0,0
321,63.4000000000006,8,722.725875439434,3.5,0,7.98360687347955,0,0,0
321,63.4000000000006,9,1347.61844711039,3.5,0,14.3702898260533,0,0,0
321,63.4000000000006,10,74.370654900363,11,0,0,0,0,0
321,63.4000000000006,11,400.507363552497,-4,0,0,0,0,0
321,63.5000000000006,1,609.990486453104,3.5,0,7.52441780983272,0,0,0
321,63.5000000000006,2,601.527573139136,0,0,11.7973584217271,0,0,0
321,63.5000000000006,3,1157.5379937535,3.5,0,21.5069486363005,0,0,0
321,63.5000000000006,4,1464.50476589812,0,0,18.2518871684374,0,0,0
321,63.5000000000006,5,1072.2595808668,0,0,8.21688162849274,0,0,0
321,63.5000000000006,6,631.676696673933,3.5,0,7.58201773514123,0,0,0
321,63.5000000000006,7,1295.64225837903,0,0,13.5500284052471,0,0,0
321,63.5000000000006,8,723.524236979277,3.5,0,7.98362392336741,0,0,0
321,63.5000000000006,9,1349.05573190218,3.5,0,14.3754060096157,0,0,0
321,63.5000000000006,10,74.370654900363,11,0,0,0,0,0
321,63.5000000000006,11,400.507363552497,-4,0,0,0,0,0
321,63.6000000000006,1,610.743241285127,3.5,0,7.53067883062155,0,0,0
321,63.6000000000006,2,602.712742123336,0,0,11.9060212622741,0,0,0
321,63.6000000000006,3,1159.68875297724,3.5,0,21.5082358384939,0,0,0
321,63.6000000000006,4,1466.32996579209,0,0,18.2521107108884,0,0,0
321,63.6000000000006,5,1073.08133505073,0,0,8.21820204997047,0,0,0
321,63.6000000000006,6,632.43503249133,3.5,0,7.58469861279992,0,0,0
321,63.6000000000006,7,1296.9972612445,0,0,13.5500289041418,0,0,0
321,63.6000000000006,8,724.322600138858,3.5,0,7.98363926826648,0,0,0
321,63.6000000000006,9,1350.4935027314,3.5,0,14.3800105748219,0,0,0
321,63.6000000000006,10,74.370654900363,11,0,0,0,0,0
321,63.6000000000006,11,400.507363552497,-4,0,0,0,0,0
321,63.7000000000006,1,611.496607525206,3.5,0,7.53664597095467,0,0,0
321,63.7000000000006,2,603.908234077388,0,0,12.0038178187664,0,0,0
321,63.7000000000006,3,1161.83963448519,3.5,0,21.509394320468,0,0,0
321,63.7000000000006,4,1468.15518692259,0,0,18.2523118990943,0,0,0
321,63.7000000000006,5,1073.90321467469,0,0,8.21939042930042,0,0,0
321,63.7000000000006,6,633.193622992104,3.5,0,7.58711140269274,0,0,0
321,63.7000000000006,7,1298.35226415736,0,0,13.550029353147,0,0,0
321,63.7000000000006,8,725.120964756205,3.5,0,7.98365307867564,0,0,0
321,63.7000000000006,9,1351.93171099432,3.5,0,14.3841546835075,0,0,0
321,63.7000000000006,10,74.370654900363,11,0,0,0,0,0
321,63.7000000000006,11,400.507363552497,-4,0,0,0,0,0
321,63.8000000000006,1,612.250556163901,3.5,0,7.54232680294413,0,0,0
321,63.8000000000006,2,605.113016704307,0,0,12.0918347196095,0,0,0
321,63.8000000000006,3,1163.99062604893,3.5,0,21.5104369542447,0,0,0
321,63.8000000000006,4,1469.98042716597,0,0,18.2524929684796,0,0,0
321,63.8000000000006,5,1074.72520719469,0,0,8.22045997069738,0,0,0
321,63.8000000000006,6,633.952442707919,3.5,0,7.58928291359627,0,0,0
321,63.8000000000006,7,1299.70726711288,0,0,13.5500297572518,0,0,0
321,63.8000000000006,8,725.906830064073,3.5,0,7.73365307867564,0,0,0
321,63.8000000000006,9,1353.37031294756,3.5,0,14.3878843813245,0,0,0
321,63.8000000000006,10,74.370654900363,11,0,0,0,0,0
321,63.8000000000006,11,400.507363552497,-4,0,0,0,0,0
321,63.9000000000006,1,613.005058969356,3.5,0,7.54772930616173,0,0,0
321,63.9000000000006,2,606.326160936805,0,0,12.1710499303682,0,0,0
321,63.9000000000006,3,1166.14171666287,3.5,0,21.5113753246437,0,0,0
321,63.9000000000006,4,1471.80568461094,0,0,18.2526559309264,0,0,0
321,63.9000000000006,5,1075.54730132112,0,0,8.22142255795465,0,0,0
321,63.9000000000006,6,634.711468717269,3.5,0,7.59123727340945,0,0,0
321,63.9000000000006,7,1301.06227010679,0,0,13.550030120946,0,0,0
321,63.9000000000006,8,726.667695371941,3.5,0,7.48365307867564,0,0,0
321,63.9000000000006,9,1354.80926922209,3.5,0,14.3912411093598,0,0,0
321,63.9000000000006,10,74.370654900363,11,0,0,0,0,0
321,63.9000000000006,11,400.507363552497,-4,0,0,0,0,0
321,64.0000000000006,1,613.760088523343,3.5,0,7.55286177358278,0,0,0
321,64.0000000000006,2,607.546830614326,0,0,12.2423436200511,0,0,0
321,64.0000000000006,3,1168.292896422,3.5,0,21.5122198580028,0,0,0
321,64.0000000000006,4,1473.63095753734,0,0,18.2528025971285,0,0,0
321,64.0000000000006,5,1076.36948689334,0,0,8.22228888648618,0,0,0
321,64.0000000000006,6,635.470680390801,3.5,0,7.59299619724132,0,0,0
321,64.0000000000006,7,1302.41727313525,0,0,13.5500304482708,0,0,0
321,64.0000000000006,8,727.403560679808,3.5,0,7.23365307867564,0,0,0
321,64.0000000000006,9,1356.24854438579,3.5,0,14.3942621645916,0,0,0
321,64.0000000000006,10,74.370654900363,11,0,0,0,0,0
321,64.0000000000006,11,400.507363552497,-4,0,0,0,0,0
321,64.1000000000006,1,614.515618248457,3.5,0,7.55773272869448,0,0,0
321,64.1000000000006,2,608.774273192367,0,0,12.3065079407657,0,0,0
321,64.1000000000006,3,1170.44415641181,3.5,0,21.512979938026,0,0,0
321,64.1000000000006,4,1475.45624439703,0,0,18.2529345967104,0,0,0
321,64.1000000000006,5,1077.19175476678,0,0,8.22306858216457,0,0,0
321,64.1000000000006,6,636.230059162098,3.5,0,7.59457922869,0,0,0
321,64.1000000000006,7,1303.75977618008,0,0,13.3000304482708,0,0,0
321,64.1000000000006,8,728.114425987676,3.5,0,6.98365307867564,0,0,0
321,64.1000000000006,9,1357.68810654973,3.5,0,14.3969811143002,0,0,0
321,64.1000000000006,10,74.370654900363,11,0,0,0,0,0
321,64.1000000000006,11,400.507363552497,-4,0,0,0,0,0
321,64.2000000000006,1,615.271622427525,3.5,0,7.56235085266866,0,0,0
321,64.2000000000006,2,610.007811380876,0,0,12.3642558294088,0,0,0
321,64.2000000000006,3,1172.59548860921,3.5,0,21.5136640100469,0,0,0
321,64.2000000000006,4,1477.28154379668,0,0,18.2530533963341,0,0,0
321,64.2000000000006,5,1078.0140967113,0,0,8.22377030827511,0,0,0
321,64.2000000000006,6,636.989588321382,3.5,0,7.5960039569938,0,0,0
321,64.2000000000006,7,1305.07727922491,0,0,13.0500304482708,0,0,0
321,64.2000000000006,8,728.800291295543,3.5,0,6.73365307867564,0,0,0
321,64.2000000000006,9,1359.1279270139,3.5,0,14.399428169038,0,0,0
321,64.2000000000006,10,74.370654900363,11,0,0,0,0,0
321,64.2000000000006,11,400.507363552497,-4,0,0,0,0,0
321,64.3000000000006,1,616.028076216189,3.5,0,7.56672492059917,0,0,0
321,64.3000000000006,2,611.246835618806,0,0,12.4162289291876,0,0,0
321,64.3000000000006,3,1174.74688579346,3.5,0,21.5142796748656,0,0,0
321,64.3000000000006,4,1479.1068544823,0,0,18.2531603159954,0,0,0
321,64.3000000000006,5,1078.8365053198,0,0,8.2244018617746,0,0,0
321,64.3000000000006,6,637.749252829855,3.5,0,7.59728621246723,0,0,0
321,64.3000000000006,7,1306.36978226973,0,0,12.8000304482708,0,0,0
321,64.3000000000006,8,729.461156603411,3.5,0,6.48365307867564,0,0,0
321,64.3000000000006,9,1360.56797994827,3.5,0,14.4016305183019,0,0,0
321,64.3000000000006,10,74.370654900363,11,0,0,0,0,0
321,64.3000000000006,11,400.507363552497,-4,0,0,0,0,0
321,64.4000000000006,1,616.784955649513,3.5,0,7.57086374589487,0,0,0
321,64.4000000000006,2,612.490797301215,0,0,12.4630047189885,0,0,0
321,64.4000000000006,3,1176.89834146586,3.5,0,21.5148337732026,0,0,0
321,64.4000000000006,4,1480.93217532529,0,0,18.2532565436906,0,0,0
321,64.4000000000006,5,1079.65897392589,0,0,8.22497025992414,0,0,0
321,64.4000000000006,6,638.509039152598,3.5,0,7.59844024239332,0,0,0
321,64.4000000000006,7,1307.63728531456,0,0,12.5500304482708,0,0,0
321,64.4000000000006,8,730.097021911278,3.5,0,6.23365307867564,0,0,0
321,64.4000000000006,9,1362.00824210581,3.5,0,14.4036126326395,0,0,0
321,64.4000000000006,10,74.370654900363,11,0,0,0,0,0
321,64.4000000000006,11,400.507363552497,-4,0,0,0,0,0
321,64.5000000000006,1,617.542237643408,3.5,0,7.5747761320021,0,0,0
321,64.5000000000006,2,613.739202683654,0,0,12.5051029298094,0,0,0
321,64.5000000000006,3,1179.0498497776,3.5,0,21.5153324617058,0,0,0
321,64.5000000000006,4,1482.74500097965,0,0,18.0032565436906,0,0,0
321,64.5000000000006,5,1080.48149652979,0,0,8.22548181825873,0,0,0
321,64.5000000000006,6,639.268935108184,3.5,0,7.5994788693268,0,0,0
321,64.5000000000006,7,1308.87978835939,0,0,12.3000304482708,0,0,0
321,64.5000000000006,8,730.707887219146,3.5,0,5.98365307867564,0,0,0
321,64.5000000000006,9,1363.44869256422,3.5,0,14.4053965355433,0,0,0
321,64.5000000000006,10,74.370654900363,11,0,0,0,0,0
321,64.5000000000006,11,400.507363552497,-4,0,0,0,0,0
321,64.6000000000006,1,618.299899991544,3.5,0,7.57847083070545,0,0,0
321,64.6000000000006,2,614.991607396122,0,0,12.5429913195481,0,0,0
321,64.6000000000006,3,1181.20140546476,3.5,0,21.5157812813587,0,0,0
321,64.6000000000006,4,1484.53282663402,0,0,17.7532565436906,0,0,0
321,64.6000000000006,5,1081.30406773175,0,0,8.22594222075986,0,0,0
321,64.6000000000006,6,640.028929733329,3.5,0,7.60041363356693,0,0,0
321,64.6000000000006,7,1310.0976721412,0,0,12.0576451879109,0,0,0
321,64.6000000000006,8,731.293752527013,3.5,0,5.73365307867564,0,0,0
321,64.6000000000006,9,1364.88931249341,3.5,0,14.4070020481567,0,0,0
321,64.6000000000006,10,74.370654900363,11,0,0,0,0,0
321,64.6000000000006,11,400.507363552497,-4,0,0,0,0,0
321,64.7000000000006,1,619.057921358395,3.5,0,7.58195650632459,0,0,0
321,64.7000000000006,2,616.247611505615,0,0,12.577090870313,0,0,0
321,64.7000000000006,3,1183.35300378978,3.5,0,21.5161852190463,0,0,0
321,64.7000000000006,4,1486.29565228839,0,0,17.5032565436906,0,0,0
321,64.7000000000006,5,1082.12668267193,0,0,8.22635658301087,0,0,0
321,64.7000000000006,6,640.789013161077,3.5,0,7.60125492138304,0,0,0
321,64.7000000000006,7,1311.29252932327,0,0,11.8394984535869,0,0,0
321,64.7000000000006,8,731.854617834881,3.5,0,5.48365307867564,0,0,0
321,64.7000000000006,9,1366.33008494629,3.5,0,14.4084470095088,0,0,0
321,64.7000000000006,10,74.370654900363,11,0,0,0,0,0
321,64.7000000000006,11,400.507363552497,-4,0,0,0,0,0
321,64.8000000000006,1,619.816281268971,3.5,0,7.58524170518718,0,0,0
321,64.8000000000006,2,617.506855072431,0,0,12.6077804660014,0,0,0
321,64.8000000000006,3,1185.50464048888,3.5,0,21.5165487629651,0,0,0
321,64.8000000000006,4,1488.03347794276,0,0,17.2532565436906,0,0,0
321,64.8000000000006,5,1082.94933697654,0,0,8.22672950903679,0,0,0
321,64.8000000000006,6,641.549176511167,3.5,0,7.60201208041755,0,0,0
321,64.8000000000006,7,1312.46666256558,0,0,11.6431663926954,0,0,0
321,64.8000000000006,8,732.391471754706,3.5,0,5.25342531782941,0,0,0
321,64.8000000000006,9,1367.7709946705,3.5,0,14.4097474747257,0,0,0
321,64.8000000000006,10,74.370654900363,11,0,0,0,0,0
321,64.8000000000006,11,400.507363552497,-4,0,0,0,0,0
321,64.9000000000006,1,620.574960095721,3.5,0,7.58833482981549,0,0,0
321,64.9000000000006,2,618.769014150837,0,0,12.635401102121,0,0,0
321,64.9000000000006,3,1187.65631172465,3.5,0,21.5168759524921,0,0,0
321,64.9000000000006,4,1489.74630359713,0,0,17.0032565436906,0,0,0
321,64.9000000000006,5,1083.77202670911,0,0,8.22706514246011,0,0,0
321,64.9000000000006,6,642.309411791365,3.5,0,7.6026935235486,0,0,0
321,64.9000000000006,7,1313.62214426211,0,0,11.466467537893,0,0,0
321,64.9000000000006,8,732.906454037251,3.5,0,5.0462203330678,0,0,0
321,64.9000000000006,9,1369.21202793891,3.5,0,14.4109178934209,0,0,0
321,64.9000000000006,10,74.370654900363,11,0,0,0,0,0
321,64.9000000000006,11,400.507363552497,-4,0,0,0,0,0
321,65.0000000000006,1,621.333939043078,3.5,0,7.59124411731626,0,0,0
321,65.0000000000006,2,620.033797189675,0,0,12.6602596746286,0,0,0
321,65.0000000000006,3,1189.80801404343,3.5,0,21.5171704230663,0,0,0
321,65.0000000000006,4,1491.4341292515,0,0,16.7532565436906,0,0,0
321,65.0000000000006,5,1084.59474832686,0,0,8.2273672125411,0,0,0
321,65.0000000000006,6,643.069711808661,3.5,0,7.60330682236655,0,0,0
321,65.0000000000006,7,1314.76083956744,0,0,11.3074385685709,0,0,0
321,65.0000000000006,8,733.401751846243,3.5,0,4.85973584678235,0,0,0
321,65.0000000000006,9,1370.65317239709,3.5,0,14.4119712702466,0,0,0
321,65.0000000000006,10,74.370654900363,11,0,0,0,0,0
321,65.0000000000006,11,400.507363552497,-4,0,0,0,0,0
321,65.1000000000006,1,622.093200130019,3.5,0,7.5939776215113,0,0,0
321,65.1000000000006,2,621.3009417929,0,0,12.6826323898854,0,0,0
321,65.1000000000006,3,1191.95974433691,3.5,0,21.5174354465832,0,0,0
321,65.1000000000006,4,1493.09695490587,0,0,16.5032565436906,0,0,0
321,65.1000000000006,5,1085.41749864127,0,0,8.22763907561399,0,0,0
321,65.1000000000006,6,643.830070089344,3.5,0,7.60385879130271,0,0,0
321,65.1000000000006,7,1315.88442712067,0,0,11.1643124961809,0,0,0
321,65.1000000000006,8,733.879333629039,3.5,0,4.69189980912545,0,0,0
321,65.1000000000006,9,1372.09441692608,3.5,0,14.4129193093897,0,0,0
321,65.1000000000006,10,74.370654900363,11,0,0,0,0,0
321,65.1000000000006,11,400.507363552497,-4,0,0,0,0,0
321,65.2000000000006,1,622.852726171014,3.5,0,7.59654319838996,0,0,0
321,65.2000000000006,2,622.570211804075,0,0,12.7027678336166,0,0,0
321,65.2000000000006,3,1194.11149980763,3.5,0,21.5176739677483,0,0,0
321,65.2000000000006,4,1494.73478056024,0,0,16.2532565436906,0,0,0
321,65.2000000000006,5,1086.24027478267,0,0,8.2278837523796,0,0,0
321,65.2000000000006,6,644.590480807076,3.5,0,7.60435556334524,0,0,0
321,65.2000000000006,7,1316.99441769704,0,0,11.03549903103,0,0,0
321,65.2000000000006,8,734.340970988257,3.5,0,4.54084737523423,0,0,0
321,65.2000000000006,9,1373.53575151878,3.5,0,14.4137725446185,0,0,0
321,65.2000000000006,10,74.370654900363,11,0,0,0,0,0
321,65.2000000000006,11,400.507363552497,-4,0,0,0,0,0
321,65.3000000000006,1,623.612500755659,3.5,0,7.59894849450459,0,0,0
321,65.3000000000006,2,623.841394682405,0,0,12.7208897329746,0,0,0
321,65.3000000000006,3,1196.26327793786,3.5,0,21.517888636797,0,0,0
321,65.3000000000006,4,1496.34760621461,0,0,16.0032565436906,0,0,0
321,65.3000000000006,5,1087.06307416836,0,0,8.22810396146864,0,0,0
321,65.3000000000006,6,645.350938718153,3.5,0,7.60480265818353,0,0,0
321,65.3000000000006,7,1318.09217099421,0,0,10.9195669123942,0,0,0
321,65.3000000000006,8,734.788258366255,3.5,0,4.40490018473214,0,0,0
321,65.3000000000006,9,1374.97716716882,3.5,0,14.4145404563244,0,0,0
321,65.3000000000006,10,74.370654900363,11,0,0,0,0,0
321,65.3000000000006,11,400.507363552497,-4,0,0,0,0,0
321,65.4000000000006,1,624.372508227282,3.5,0,7.60120093796633,0,0,0
321,65.4000000000006,2,625.114299141174,0,0,12.7371994423968,0,0,0
321,65.4000000000006,3,1198.41507646164,3.5,0,21.5180818389408,0,0,0
321,65.4000000000006,4,1497.93543186898,0,0,15.7532565436906,0,0,0
321,65.4000000000006,5,1087.88589447392,0,0,8.22830214964877,0,0,0
321,65.4000000000006,6,646.111439103239,3.5,0,7.60520504353799,0,0,0
321,65.4000000000006,7,1319.17891074011,0,0,10.8152280056219,0,0,0
321,65.4000000000006,8,735.222630761156,3.5,0,4.28254771328025,0,0,0
321,65.4000000000006,9,1376.41865577048,3.5,0,14.4152315768597,0,0,0
321,65.4000000000006,10,74.370654900363,11,0,0,0,0,0
321,65.4000000000006,11,400.507363552497,-4,0,0,0,0,0
321,65.5000000000006,1,625.132733660767,3.5,0,7.60330773173224,0,0,0
321,65.5000000000006,2,626.388753022337,0,0,12.7518781808768,0,0,0
321,65.5000000000006,3,1200.56689333963,3.5,0,21.5182557208702,0,0,0
321,65.5000000000006,4,1499.49825752334,0,0,15.5032565436906,0,0,0
321,65.5000000000006,5,1088.70873360735,0,0,8.2284805190109,0,0,0
321,65.5000000000006,6,646.871977714934,3.5,0,7.605567190357,0,0,0
321,65.5000000000006,7,1320.25573828986,0,0,10.7213229895269,0,0,0
321,65.5000000000006,8,735.645379671269,3.5,0,4.17243048897356,0,0,0
321,65.5000000000006,9,1377.86021002859,3.5,0,14.4158535853415,0,0,0
321,65.5000000000006,10,74.370654900363,11,0,0,0,0,0
321,65.5000000000006,11,400.507363552497,-4,0,0,0,0,0
321,65.6000000000005,1,625.893162839799,3.5,0,7.6052758489048,0,0,0
321,65.6000000000005,2,627.664601383657,0,0,12.7650890455089,0,0,0
321,65.6000000000005,3,1202.71872673641,3.5,0,21.5184122146066,0,0,0
321,65.6000000000005,4,1501.03608317771,0,0,15.2532565436906,0,0,0
321,65.6000000000005,5,1089.53158968587,0,0,8.22864105143681,0,0,0
321,65.6000000000005,6,647.632550730576,3.5,0,7.60589312249411,0,0,0
321,65.6000000000005,7,1321.32364486309,0,0,10.6368084750413,0,0,0
321,65.6000000000005,8,736.057667445072,3.5,0,4.07332498709753,0,0,0
321,65.6000000000005,9,1379.30182337751,3.5,0,14.4164133929751,0,0,0
321,65.6000000000005,10,74.370654900363,11,0,0,0,0,0
321,65.6000000000005,11,400.507363552497,-4,0,0,0,0,0
321,65.7000000000005,1,626.653782233734,3.5,0,7.60711202979283,0,0,0
321,65.7000000000005,2,628.941704777116,0,0,12.7769788236777,0,0,0
321,65.7000000000005,3,1204.87057500009,3.5,0,21.5185530589694,0,0,0
321,65.7000000000005,4,1502.54890883208,0,0,15.0032565436906,0,0,0
321,65.7000000000005,5,1090.35446101498,0,0,8.22878553062013,0,0,0
321,65.7000000000005,6,648.393154709772,3.5,0,7.60618646141751,0,0,0
321,65.7000000000005,7,1322.38352255745,0,0,10.5607454120044,0,0,0
321,65.7000000000005,8,736.460540196197,3.5,0,3.98413003540911,0,0,0
321,65.7000000000005,9,1380.74348990815,3.5,0,14.4169172198454,0,0,0
321,65.7000000000005,10,74.370654900363,11,0,0,0,0,0
321,65.7000000000005,11,400.507363552497,-4,0,0,0,0,0
321,65.8000000000005,1,627.414578974249,3.5,0,7.60882278050797,0,0,0
321,65.8000000000005,2,630.219937699501,0,0,12.7876796240296,0,0,0
321,65.8000000000005,3,1207.02243664398,3.5,0,21.518679818896,0,0,0
321,65.8000000000005,4,1504.03673448645,0,0,14.7532565436906,0,0,0
321,65.8000000000005,5,1091.1773460696,0,0,8.22891556188512,0,0,0
321,65.8000000000005,6,649.153786556165,3.5,0,7.60645046644856,0,0,0
321,65.8000000000005,7,1323.43617426081,0,0,10.4922886552711,0,0,0
321,65.8000000000005,8,736.854939426912,3.5,0,3.90385457888953,0,0,0
321,65.8000000000005,9,1382.18520430234,3.5,0,14.4173706640286,0,0,0
321,65.8000000000005,10,74.370654900363,11,0,0,0,0,0
321,65.8000000000005,11,400.507363552497,-4,0,0,0,0,0
321,65.9000000000005,1,628.175540831919,3.5,0,7.610414372894,0,0,0
321,65.9000000000005,2,631.49918719792,0,0,12.7973103443463,0,0,0
321,65.9000000000005,3,1209.17431033007,3.5,0,21.5187939028298,0,0,0
321,65.9000000000005,4,1505.49956014082,0,0,14.5032565436906,0,0,0
321,65.9000000000005,5,1092.0002434772,0,0,8.22903259002361,0,0,0
321,65.9000000000005,6,649.914443483037,3.5,0,7.60668807097652,0,0,0
321,65.9000000000005,7,1324.48232257228,0,0,10.4306775742111,0,0,0
321,65.9000000000005,8,737.241712489258,3.5,0,3.83160666802191,0,0,0
321,65.9000000000005,9,1383.62696177373,3.5,0,14.4177787637935,0,0,0
321,65.9000000000005,10,74.370654900363,11,0,0,0,0,0
321,65.9000000000005,11,400.507363552497,-4,0,0,0,0,0
321,66.0000000000005,1,628.936656192844,3.5,0,7.611892845607,0,0,0
321,66.0000000000005,2,632.779351614769,0,0,12.8059779926314,0,0,0
321,66.0000000000005,3,1211.31368972035,3.5,0,21.2687939028298,0,0,0
321,66.0000000000005,4,1506.93738579519,0,0,14.2532565436906,0,0,0
321,66.0000000000005,5,1092.82315200246,0,0,8.22913791534825,0,0,0
321,66.0000000000005,6,650.674199119218,3.5,0,7.58842465265645,0,0,0
321,66.0000000000005,7,1325.52261783106,0,0,10.3752276012572,0,0,0
321,66.0000000000005,8,737.621622000071,3.5,0,3.76658354824105,0,0,0
321,66.0000000000005,9,1385.0687580146,3.5,0,14.4181460535819,0,0,0
321,66.0000000000005,10,74.370654900363,11,0,0,0,0,0
321,66.0000000000005,11,400.507363552497,-4,0,0,0,0,0
321,66.1000000000005,1,629.697883051841,3.5,0,7.61264433432372,0,0,0
321,66.1000000000005,2,634.060339458205,0,0,12.8137788760879,0,0,0
321,66.1000000000005,3,1213.42806911063,3.5,0,21.0187939028298,0,0,0
321,66.1000000000005,4,1508.35021144956,0,0,14.0032565436906,0,0,0
321,66.1000000000005,5,1093.64607053364,0,0,8.22923270814043,0,0,0
321,66.1000000000005,6,651.432219730659,3.5,0,7.57198757616839,0,0,0
321,66.1000000000005,7,1326.5576453424,0,0,10.3253226255986,0,0,0
321,66.1000000000005,8,737.995354314505,3.5,0,3.70806274043827,0,0,0
321,66.1000000000005,9,1386.510589148,3.5,0,14.4184766143915,0,0,0
321,66.1000000000005,10,74.370654900363,11,0,0,0,0,0
321,66.1000000000005,11,400.507363552497,-4,0,0,0,0,0
321,66.2000000000005,1,630.459153103576,3.5,0,7.61275670038837,0,0,0
321,66.2000000000005,2,635.342068385569,0,0,12.8207996711989,0,0,0
321,66.2000000000005,3,1215.51744850091,3.5,0,20.7687939028298,0,0,0
321,66.2000000000005,4,1509.73803710393,0,0,13.7532565436906,0,0,0
321,66.2000000000005,5,1094.46899807013,0,0,8.22931802165339,0,0,0
321,66.2000000000005,6,652.188678819834,3.5,0,7.55719420732913,0,0,0
321,66.2000000000005,7,1327.58793188105,0,0,10.2804081475059,0,0,0
321,66.2000000000005,8,738.363527152198,3.5,0,3.65539401341577,0,0,0
321,66.2000000000005,9,1387.95245168468,3.5,0,14.4187741191201,0,0,0
321,66.2000000000005,10,74.370654900363,11,0,0,0,0,0
321,66.2000000000005,11,400.507363552497,-4,0,0,0,0,0
321,66.3000000000005,1,631.220406390797,3.5,0,7.61230904402464,0,0,0
321,66.3000000000005,2,636.624464288469,0,0,12.8271183867987,0,0,0
321,66.3000000000005,3,1217.5818278912,3.5,0,20.5187939028298,0,0,0
321,66.3000000000005,4,1511.1008627583,0,0,13.5032565436906,0,0,0
321,66.3000000000005,5,1095.2919337114,0,0,8.22939480381505,0,0,0
321,66.3000000000005,6,652.943732538969,3.5,0,7.5438801753738,0,0,0
321,66.3000000000005,7,1328.61395154429,0,0,10.2399851172225,0,0,0
321,66.3000000000005,8,738.726696460823,3.5,0,3.60799215909553,0,0,0
321,66.3000000000005,9,1389.3943424843,3.5,0,14.4190418733759,0,0,0
321,66.3000000000005,10,74.370654900363,11,0,0,0,0,0
321,66.3000000000005,11,400.507363552497,-4,0,0,0,0,0
321,66.4000000000005,1,631.981590466594,3.5,0,7.61137247190493,0,0,0
321,66.4000000000005,2,637.907460469351,0,0,12.8328052308385,0,0,0
321,66.4000000000005,3,1219.62120728148,3.5,0,20.2687939028298,0,0,0
321,66.4000000000005,4,1512.43868841267,0,0,13.2532565436906,0,0,0
321,66.4000000000005,5,1096.11487664698,0,0,8.22946390776055,0,0,0
321,66.4000000000005,6,653.697521425069,3.5,0,7.53189754661401,0,0,0
321,66.4000000000005,7,1329.63613101965,0,0,10.2036043899674,0,0,0
321,66.4000000000005,8,739.085362593289,3.5,0,3.5653304902073,0,0,0
321,66.4000000000005,9,1390.83625872058,3.5,0,14.4192828522061,0,0,0
321,66.4000000000005,10,74.370654900363,11,0,0,0,0,0
321,66.4000000000005,11,400.507363552497,-4,0,0,0,0,0
321,66.5000000000005,1,632.742659630856,3.5,0,7.6100108133487,0,0,0
321,66.5000000000005,2,639.190996900417,0,0,12.8379233904743,0,0,0
321,66.5000000000005,3,1221.63558667176,3.5,0,20.0187939028298,0,0,0
321,66.5000000000005,4,1513.75151406703,0,0,13.0032565436906,0,0,0
321,66.5000000000005,5,1096.93782614743,0,0,8.2295261013115,0,0,0
321,66.5000000000005,6,654.450171961436,3.5,0,7.52111318073019,0,0,0
321,66.5000000000005,7,1330.65485432592,0,0,10.1708617354378,0,0,0
321,66.5000000000005,8,739.439975867209,3.5,0,3.5269349882079,0,0,0
321,66.5000000000005,9,1392.27819784985,3.5,0,14.4194997331532,0,0,0
321,66.5000000000005,10,74.370654900363,11,0,0,0,0,0
321,66.5000000000005,11,400.507363552497,-4,0,0,0,0,0
321,66.6000000000005,1,633.503574235788,3.5,0,7.60828128528426,0,0,0
321,66.6000000000005,2,640.475019556648,0,0,12.8425297341466,0,0,0
321,66.6000000000005,3,1223.62496606205,3.5,0,19.7687939028298,0,0,0
321,66.6000000000005,4,1515.0393397214,0,0,12.7532565436906,0,0,0
321,66.6000000000005,5,1097.76078155628,0,0,8.22958207550735,0,0,0
321,66.6000000000005,6,655.201797983044,3.5,0,7.51140725143476,0,0,0
321,66.6000000000005,7,1331.67046708001,0,0,10.1413933463612,0,0,0
321,66.6000000000005,8,739.79094156844,3.5,0,3.49237903640844,0,0,0
321,66.6000000000005,9,1393.72015758281,3.5,0,14.4196949260057,0,0,0
321,66.6000000000005,10,74.370654900363,11,0,0,0,0,0
321,66.6000000000005,11,400.507363552497,-4,0,0,0,0,0
321,66.7000000000005,1,634.264300055403,3.5,0,7.60623510701022,0,0,0
321,66.7000000000005,2,641.759479815528,0,0,12.8466754434516,0,0,0
321,66.7000000000005,3,1225.58934545233,3.5,0,19.5187939028298,0,0,0
321,66.7000000000005,4,1516.30216537577,0,0,12.5032565436906,0,0,0
321,66.7000000000005,5,1098.58374228266,0,0,8.22963245228362,0,0,0
321,66.7000000000005,6,655.95250194137,3.5,0,7.50267191506887,0,0,0
321,66.7000000000005,7,1332.68328033714,0,0,10.1148717961922,0,0,0
321,66.7000000000005,8,740.13862445425,3.5,0,3.46127867978893,0,0,0
321,66.7000000000005,9,1395.16213585909,3.5,0,14.4198705995729,0,0,0
321,66.7000000000005,10,74.370654900363,11,0,0,0,0,0
321,66.7000000000005,11,400.507363552497,-4,0,0,0,0,0
321,66.8000000000005,1,635.024807714076,3.5,0,7.60391806644879,0,0,0
321,66.8000000000005,2,643.044333916792,0,0,12.8504065818262,0,0,0
321,66.8000000000005,3,1227.52872484261,3.5,0,19.2687939028298,0,0,0
321,66.8000000000005,4,1517.53999103014,0,0,12.2532565436906,0,0,0
321,66.8000000000005,5,1099.40670779485,0,0,8.22967779138226,0,0,0
321,66.8000000000005,6,656.70237604274,3.5,0,7.49481011233956,0,0,0
321,66.8000000000005,7,1333.693574047,0,0,10.0910024010401,0,0,0
321,66.8000000000005,8,740.483352806181,3.5,0,3.43328835883137,0,0,0
321,66.8000000000005,9,1396.60413082435,3.5,0,14.4200287057833,0,0,0
321,66.8000000000005,10,74.370654900363,11,0,0,0,0,0
321,66.8000000000005,11,400.507363552497,-4,0,0,0,0,0
321,66.9000000000005,1,635.7850721694,3.5,0,7.60137104004149,0,0,0
321,66.9000000000005,2,644.329542476201,0,0,12.8537646063632,0,0,0
321,66.9000000000005,3,1229.44310423289,3.5,0,19.0187939028298,0,0,0
321,66.9000000000005,4,1518.75281668451,0,0,12.0032565436906,0,0,0
321,66.9000000000005,5,1100.22967761425,0,0,8.22971859657103,0,0,0
321,66.9000000000005,6,657.451503272851,3.5,0,7.48773448988319,0,0,0
321,66.9000000000005,7,1334.70160016432,0,0,10.0695199454033,0,0,0
321,66.9000000000005,8,740.825422077621,3.5,0,3.40809706996956,0,0,0
321,66.9000000000005,9,1398.04614080971,3.5,0,14.4201710013728,0,0,0
321,66.9000000000005,10,74.370654900363,11,0,0,0,0,0
321,66.9000000000005,11,400.507363552497,-4,0,0,0,0,0
321,67.0000000000005,1,636.545072244839,3.5,0,7.59863046873955,0,0,0
321,67.0000000000005,2,645.615070047942,0,0,12.8567868284466,0,0,0
321,67.0000000000005,3,1231.33248362318,3.5,0,18.7687939028298,0,0,0
321,67.0000000000005,4,1519.94098443946,0,0,11.7600985552984,0,0,0
321,67.0000000000005,5,1101.05265131014,0,0,8.22975532124093,0,0,0
321,67.0000000000005,6,658.199958318829,3.5,0,7.48136642967246,0,0,0
321,67.0000000000005,7,1335.70758544836,0,0,10.0501857353301,0,0,0
321,67.0000000000005,8,741.165098176619,3.5,0,3.38542490999393,0,0,0
321,67.0000000000005,9,1399.48816431315,3.5,0,14.4202990674033,0,0,0
321,67.0000000000005,10,74.370654900363,11,0,0,0,0,0
321,67.0000000000005,11,400.507363552497,-4,0,0,0,0,0
321,67.1000000000005,1,637.304790207912,3.5,0,7.59572879271927,0,0,0
321,67.1000000000005,2,646.90088473078,0,0,12.8595068283216,0,0,0
321,67.1000000000005,3,1233.19686301346,3.5,0,18.5187939028298,0,0,0
321,67.1000000000005,4,1521.10605218551,0,0,11.5412563657455,0,0,0
321,67.1000000000005,5,1101.87562849487,0,0,8.22978837344384,0,0,0
321,67.1000000000005,6,658.947808399087,3.5,0,7.47563517548279,0,0,0
321,67.1000000000005,7,1336.71173398244,0,0,10.0327849462642,0,0,0
321,67.1000000000005,8,741.50262042042,3.5,0,3.36501996601587,0,0,0
321,67.1000000000005,9,1400.93019998286,3.5,0,14.4204143268307,0,0,0
321,67.1000000000005,10,74.370654900363,11,0,0,0,0,0
321,67.1000000000005,11,400.507363552497,-4,0,0,0,0,0
321,67.2000000000005,1,638.064211389925,3.5,0,7.59269484753588,0,0,0
321,67.2000000000005,2,648.186957813607,0,0,12.8619548282092,0,0,0
321,67.2000000000005,3,1235.03624240374,3.5,0,18.2687939028298,0,0,0
321,67.2000000000005,4,1522.25032992356,0,0,11.3442983951478,0,0,0
321,67.2000000000005,5,1102.69860881956,0,0,8.22981812042646,0,0,0
321,67.2000000000005,6,659.695114010197,3.5,0,7.4704770467121,0,0,0
321,67.2000000000005,7,1337.71422944156,0,0,10.017124236105,0,0,0
321,67.2000000000005,8,741.838204194543,3.5,0,3.34665551643561,0,0,0
321,67.2000000000005,9,1402.37224660222,3.5,0,14.4205180603154,0,0,0
321,67.2000000000005,10,74.370654900363,11,0,0,0,0,0
321,67.2000000000005,11,400.507363552497,-4,0,0,0,0,0
321,67.3000000000005,1,638.823323843524,3.5,0,7.58955422443961,0,0,0
321,67.3000000000005,2,649.473263456423,0,0,12.864158028108,0,0,0
321,67.3000000000005,3,1236.85062179403,3.5,0,18.0187939028298,0,0,0
321,67.3000000000005,4,1523.37589665439,0,0,11.1670362216099,0,0,0
321,67.3000000000005,5,1103.52159197022,0,0,8.22984489271081,0,0,0
321,67.3000000000005,6,660.441929599073,3.5,0,7.46583473081847,0,0,0
321,67.3000000000005,7,1338.71523713321,0,0,10.0030295969616,0,0,0
321,67.3000000000005,8,742.172043345955,3.5,0,3.33012751181338,0,0,0
321,67.3000000000005,9,1403.81430307626,3.5,0,14.4206114204516,0,0,0
321,67.3000000000005,10,74.370654900363,11,0,0,0,0,0
321,67.3000000000005,11,400.507363552497,-4,0,0,0,0,0
321,67.4000000000004,1,639.582118034622,3.5,0,7.58632959753445,0,0,0
321,67.4000000000004,2,650.759778403229,0,0,12.8661409080169,0,0,0
321,67.4000000000004,3,1238.64000118431,3.5,0,17.7687939028298,0,0,0
321,67.4000000000004,4,1524.48462347875,0,0,11.0075002654258,0,0,0
321,67.4000000000004,5,1104.34457766424,0,0,8.22986898776673,0,0,0
321,67.4000000000004,6,661.18830416794,3.5,0,7.46165664651421,0,0,0
321,67.4000000000004,7,1339.71490583414,0,0,9.99034442173262,0,0,0
321,67.4000000000004,8,742.504312336928,3.5,0,3.31525230765337,0,0,0
321,67.4000000000004,9,1405.25636841951,3.5,0,14.4206954445742,0,0,0
321,67.4000000000004,10,74.370654900363,11,0,0,0,0,0
321,67.4000000000004,11,400.507363552497,-4,0,0,0,0,0
321,67.5000000000004,1,640.340586565518,3.5,0,7.58304102037702,0,0,0
321,67.5000000000004,2,652.046481723626,0,0,12.8679254999349,0,0,0
321,67.5000000000004,3,1240.40438057459,3.5,0,17.5187939028298,0,0,0
321,67.5000000000004,4,1525.57819438726,0,0,10.8639179048601,0,0,0
321,67.5000000000004,5,1105.1675656473,0,0,8.22989067331706,0,0,0
321,67.5000000000004,6,661.934281818797,3.5,0,7.45789637064037,0,0,0
321,67.5000000000004,7,1340.71336944343,0,0,9.97892776402652,0,0,0
321,67.5000000000004,8,742.835168183506,3.5,0,3.30186462390937,0,0,0
321,67.5000000000004,9,1406.69844174505,3.5,0,14.4207710662846,0,0,0
321,67.5000000000004,10,74.370654900363,11,0,0,0,0,0
321,67.5000000000004,11,400.507363552497,-4,0,0,0,0,0
321,67.6000000000004,1,641.098723926262,3.5,0,7.57970619450304,0,0,0
321,67.6000000000004,2,653.333354580256,0,0,12.8695316326611,0,0,0
321,67.6000000000004,3,1242.14375996488,3.5,0,17.2687939028298,0,0,0
321,67.6000000000004,4,1526.65812497152,0,0,10.7346937803509,0,0,0
321,67.6000000000004,5,1105.99055569048,0,0,8.22991019031236,0,0,0
321,67.6000000000004,6,662.679902243447,3.5,0,7.45451212235392,0,0,0
321,67.6000000000004,7,1341.71074847024,0,0,9.96865277209102,0,0,0
321,67.6000000000004,8,743.164752200129,3.5,0,3.28981570853976,0,0,0
321,67.6000000000004,9,1408.14052225466,3.5,0,14.4208391258239,0,0,0
321,67.6000000000004,10,74.370654900363,11,0,0,0,0,0
321,67.6000000000004,11,400.507363552497,-4,0,0,0,0,0
321,67.7000000000004,1,641.856526271599,3.5,0,7.57634071224031,0,0,0
321,67.7000000000004,2,654.620380019495,0,0,12.8709771521147,0,0,0
321,67.7000000000004,3,1243.85813935516,3.5,0,17.0187939028298,0,0,0
321,67.7000000000004,4,1527.72577926395,0,0,10.6183920682927,0,0,0
321,67.7000000000004,5,1106.81354758778,0,0,8.22992775560812,0,0,0
321,67.7000000000004,6,663.42520116451,3.5,0,7.45146629889611,0,0,0
321,67.7000000000004,7,1342.70715137281,0,0,9.95940527934907,0,0,0
321,67.7000000000004,8,743.493191569791,3.5,0,3.27897168470711,0,0,0
321,67.7000000000004,9,1409.58260922992,3.5,0,14.4209003794093,0,0,0
321,67.7000000000004,10,74.370654900363,11,0,0,0,0,0
321,67.7000000000004,11,400.507363552497,-4,0,0,0,0,0
321,67.8000000000004,1,642.613991221012,3.5,0,7.5729582760283,0,0,0
321,67.8000000000004,2,655.907542783082,0,0,12.8722781196229,0,0,0
321,67.8000000000004,3,1245.54751874544,3.5,0,16.7687939028298,0,0,0
321,67.8000000000004,4,1528.78238489374,0,0,10.5137205274403,0,0,0
321,67.8000000000004,5,1107.63654115378,0,0,8.22994356437431,0,0,0
321,67.8000000000004,6,664.170210732344,3.5,0,7.44872505778409,0,0,0
321,67.8000000000004,7,1343.70267576357,0,0,9.95108253588132,0,0,0
321,67.8000000000004,8,743.820600757189,3.5,0,3.26921206325773,0,0,0
321,67.8000000000004,9,1411.02470202427,3.5,0,14.4209555076361,0,0,0
321,67.8000000000004,10,74.370654900363,11,0,0,0,0,0
321,67.8000000000004,11,400.507363552497,-4,0,0,0,0,0
321,67.9000000000004,1,643.37111767963,3.5,0,7.56957089631957,0,0,0
321,67.9000000000004,2,657.194829138582,0,0,12.8734489903803,0,0,0
321,67.9000000000004,3,1247.21189813572,3.5,0,16.5187939028298,0,0,0
321,67.9000000000004,4,1529.82904672715,0,0,10.4195161406732,0,0,0
321,67.9000000000004,5,1108.45953622161,0,0,8.22995779226388,0,0,0
321,67.9000000000004,6,664.914959882272,3.5,0,7.44625794078326,0,0,0
321,67.9000000000004,7,1344.6974094937,0,0,9.94359206676034,0,0,0
321,67.9000000000004,8,744.14708278055,3.5,0,3.26042840395329,0,0,0
321,67.9000000000004,9,1412.46680005581,3.5,0,14.4210051230403,0,0,0
321,67.9000000000004,10,74.370654900363,11,0,0,0,0,0
321,67.9000000000004,11,400.507363552497,-4,0,0,0,0,0
321,68.0000000000004,1,644.127905677945,3.5,0,7.56618906999259,0,0,0
321,68.0000000000004,2,658.482226726804,0,0,12.874502774062,0,0,0
321,68.0000000000004,3,1248.85127752601,3.5,0,16.2687939028298,0,0,0
321,68.0000000000004,4,1530.86675914381,0,0,10.3347321925827,0,0,0
321,68.0000000000004,5,1109.28253264109,0,0,8.2299705973645,0,0,0
321,68.0000000000004,6,665.659474656085,3.5,0,7.44403753548252,0,0,0
321,68.0000000000004,7,1345.69143162927,0,0,9.93685064455146,0,0,0
321,68.0000000000004,8,744.472730356277,3.5,0,3.25252311057929,0,0,0
321,68.0000000000004,9,1413.9089028008,3.5,0,14.421049776904,0,0,0
321,68.0000000000004,10,74.370654900363,11,0,0,0,0,0
321,68.0000000000004,11,400.507363552497,-4,0,0,0,0,0
321,68.1000000000004,1,644.884356228498,3.5,0,7.56282194106205,0,0,0
321,68.1000000000004,2,659.769724424476,0,0,12.8754511793755,0,0,0
321,68.1000000000004,3,1250.46565691629,3.5,0,16.0187939028298,0,0,0
321,68.1000000000004,4,1531.8964170854,0,0,10.2584266393013,0,0,0
321,68.1000000000004,5,1110.10553027705,0,0,8.22998212195505,0,0,0
321,68.1000000000004,6,666.403778491395,3.5,0,7.44203917071185,0,0,0
321,68.1000000000004,7,1346.68481332973,0,0,9.93078336456347,0,0,0
321,68.1000000000004,8,744.797626929133,3.5,0,3.24540834654269,0,0,0
321,68.1000000000004,9,1415.35100978792,3.5,0,14.4210899653814,0,0,0
321,68.1000000000004,10,74.370654900363,11,0,0,0,0,0
321,68.1000000000004,11,400.507363552497,-4,0,0,0,0,0
321,68.2000000000004,1,645.640471197818,3.5,0,7.55947744533298,0,0,0
321,68.2000000000004,2,661.057312220652,0,0,12.8763047441576,0,0,0
321,68.2000000000004,3,1252.05503630657,3.5,0,15.7687939028298,0,0,0
321,68.2000000000004,4,1532.91882599944,0,0,10.1897516413481,0,0,0
321,68.2000000000004,5,1110.92852900786,0,0,8.22999249408655,0,0,0
321,68.2000000000004,6,667.147892482051,3.5,0,7.44024064241825,0,0,0
321,68.2000000000004,7,1347.67761863858,0,0,9.92532281257428,0,0,0
321,68.2000000000004,8,745.121847599405,3.5,0,3.23900505890975,0,0,0
321,68.2000000000004,9,1416.79312059294,3.5,0,14.421126135011,0,0,0
321,68.2000000000004,10,74.370654900363,11,0,0,0,0,0
321,68.2000000000004,11,400.507363552497,-4,0,0,0,0,0
321,68.3000000000004,1,646.39625319211,3.5,0,7.55616244051123,0,0,0
321,68.3000000000004,2,662.344981105483,0,0,12.8770729524615,0,0,0
321,68.3000000000004,3,1253.61941569686,3.5,0,15.5187939028298,0,0,0
321,68.3000000000004,4,1533.93471078866,0,0,10.1279441431901,0,0,0
321,68.3000000000004,5,1111.75152872401,0,0,8.23000182900489,0,0,0
321,68.3000000000004,6,667.89183561252,3.5,0,7.43862196695401,0,0,0
321,68.3000000000004,7,1348.669905195,0,0,9.92040831578401,0,0,0
321,68.3000000000004,8,745.445459957353,3.5,0,3.23324210004011,0,0,0
321,68.3000000000004,9,1418.23523483407,3.5,0,14.4211586876777,0,0,0
321,68.3000000000004,10,74.370654900363,11,0,0,0,0,0
321,68.3000000000004,11,400.507363552497,-4,0,0,0,0,0
321,68.4000000000004,1,647.151705455293,3.5,0,7.55288282315618,0,0,0
321,68.4000000000004,2,663.632722970103,0,0,12.8777643399351,0,0,0
321,68.4000000000004,3,1255.15879508714,3.5,0,15.2687939028298,0,0,0
321,68.4000000000004,4,1534.94472386556,0,0,10.072317394848,0,0,0
321,68.4000000000004,5,1112.57452932698,0,0,8.23001023043141,0,0,0
321,68.4000000000004,6,668.635624968819,3.5,0,7.43716515903619,0,0,0
321,68.4000000000004,7,1349.66172487422,0,0,9.91598526867276,0,0,0
321,68.4000000000004,8,745.768524834208,3.5,0,3.22805543705743,0,0,0
321,68.4000000000004,9,1419.67735216771,3.5,0,14.4211879850777,0,0,0
321,68.4000000000004,10,74.370654900363,11,0,0,0,0,0
321,68.4000000000004,11,400.507363552497,-4,0,0,0,0,0
321,68.5000000000004,1,647.906831778138,3.5,0,7.54964363374182,0,0,0
321,68.5000000000004,2,664.920530516533,0,0,12.8783865886613,0,0,0
321,68.5000000000004,3,1256.67317447742,3.5,0,15.0187939028298,0,0,0
321,68.5000000000004,4,1535.94945240137,0,0,10.0222533213401,0,0,0
321,68.5000000000004,5,1113.39753072809,0,0,8.23001779171527,0,0,0
321,68.5000000000004,6,669.379275928367,3.5,0,7.43585403191016,0,0,0
321,68.5000000000004,7,1350.65312436397,0,0,9.91200452627264,0,0,0
321,68.5000000000004,8,746.091096978079,3.5,0,3.22338744037301,0,0,0
321,68.5000000000004,9,1421.1194722846,3.5,0,14.4212143527377,0,0,0
321,68.5000000000004,10,74.370654900363,11,0,0,0,0,0
321,68.5000000000004,11,400.507363552497,-4,0,0,0,0,0
321,68.6000000000004,1,648.661636417375,3.5,0,7.54644915098074,0,0,0
321,68.6000000000004,2,666.208397176592,0,0,12.8789466125148,0,0,0
321,68.6000000000004,3,1258.1625538677,3.5,0,14.7687939028298,0,0,0
321,68.6000000000004,4,1536.9494248502,0,0,9.97719565518295,0,0,0
321,68.6000000000004,5,1114.22053284752,0,0,8.23002459687074,0,0,0
321,68.6000000000004,6,670.122802330837,3.5,0,7.43467401749673,0,0,0
321,68.6000000000004,7,1351.64414568319,0,0,9.90842185811253,0,0,0
321,68.6000000000004,8,746.413225662266,3.5,0,3.21918624335704,0,0,0
321,68.6000000000004,9,1422.56159490642,3.5,0,14.4212380836317,0,0,0
321,68.6000000000004,10,74.370654900363,11,0,0,0,0,0
321,68.6000000000004,11,400.507363552497,-4,0,0,0,0,0
321,68.7000000000004,1,649.416124023747,3.5,0,7.54330297646163,0,0,0
321,68.7000000000004,2,667.496317038917,0,0,12.8794506339831,0,0,0
321,68.7000000000004,3,1259.62693325799,3.5,0,14.5187939028298,0,0,0
321,68.7000000000004,4,1537.94511682074,0,0,9.93664375564153,0,0,0
321,68.7000000000004,5,1115.04045560119,0,0,8.16843047661964,0,0,0
321,68.7000000000004,6,670.866216631938,3.5,0,7.43361200452464,0,0,0
321,68.7000000000004,7,1352.63482664893,0,0,9.90519745676843,0,0,0
321,68.7000000000004,8,746.734955232736,3.5,0,3.21540516604267,0,0,0
321,68.7000000000004,9,1424.00371978267,3.5,0,14.4212594414363,0,0,0
321,68.7000000000004,10,74.370654900363,11,0,0,0,0,0
321,68.7000000000004,11,400.507363552497,-4,0,0,0,0,0
321,68.8000000000004,1,650.170299578098,3.5,0,7.54020811055479,0,0,0
321,68.8000000000004,2,668.784284783281,0,0,12.8799042533044,0,0,0
321,68.8000000000004,3,1261.06712895466,3.5,0,14.2851200306503,0,0,0
321,68.8000000000004,4,1538.93695636083,0,0,9.90014704605425,0,0,0
321,68.8000000000004,5,1115.85452691344,0,0,8.11299576839364,0,0,0
321,68.8000000000004,6,671.609530041807,3.5,0,7.43265619284976,0,0,0
321,68.8000000000004,7,1353.62520129655,0,0,9.90229549555874,0,0,0
321,68.8000000000004,8,747.056325600861,3.5,0,3.21200219645973,0,0,0
321,68.8000000000004,9,1425.44584668792,3.5,0,14.4212786634604,0,0,0
321,68.8000000000004,10,74.370654900363,11,0,0,0,0,0
321,68.8000000000004,11,400.507363552497,-4,0,0,0,0,0
321,68.9000000000004,1,650.924168334648,3.5,0,7.53716702045139,0,0,0
321,68.9000000000004,2,670.072295621481,0,0,12.8803125106937,0,0,0
321,68.9000000000004,3,1262.48512563348,3.5,0,14.0748135456886,0,0,0
321,68.9000000000004,4,1539.9253287135,0,0,9.8673000074257,0,0,0
321,68.9000000000004,5,1116.66333192841,0,0,8.06310453099024,0,0,0
321,68.9000000000004,6,672.352752649567,3.5,0,7.43179596234237,0,0,0
321,68.9000000000004,7,1354.61530025785,0,0,9.89968373047002,0,0,0
321,68.9000000000004,8,747.377372686876,3.5,0,3.20893952383509,0,0,0
321,68.9000000000004,9,1426.88797541925,3.5,0,14.4212959632821,0,0,0
321,68.9000000000004,10,74.370654900363,11,0,0,0,0,0
321,68.9000000000004,11,400.507363552497,-4,0,0,0,0,0
321,69.0000000000004,1,651.677735770726,3.5,0,7.53418170112097,0,0,0
321,69.0000000000004,2,671.360345244133,0,0,12.880679942344,0,0,0
321,69.0000000000004,3,1263.88314319622,3.5,0,13.8855377092232,0,0,0
321,69.0000000000004,4,1540.9105805975,0,0,9.83773767266001,0,0,0
321,69.0000000000004,5,1117.46739727583,0,0,8.01820241732718,0,0,0
321,69.0000000000004,6,673.095893535428,3.5,0,7.43102175488571,0,0,0
321,69.0000000000004,7,1355.60515110147,0,0,9.89733314189017,0,0,0
321,69.0000000000004,8,747.698128818991,3.5,0,3.20618311847291,0,0,0
321,69.0000000000004,9,1428.33010579407,3.5,0,14.4213115331217,0,0,0
321,69.0000000000004,10,74.370654900363,11,0,0,0,0,0
321,69.0000000000004,11,400.507363552497,-4,0,0,0,0,0
321,69.1000000000003,1,652.431007542277,3.5,0,7.53125372989684,0,0,0
321,69.1000000000003,2,672.648429772792,0,0,12.8810106308293,0,0,0
321,69.1000000000003,3,1265.26317955451,3.5,0,13.7151894564043,0,0,0
321,69.1000000000003,4,1541.89302405971,0,0,9.81113157137089,0,0,0
321,69.1000000000003,5,1118.26719692245,0,0,7.97779051503043,0,0,0
321,69.1000000000003,6,673.838960871581,3.5,0,7.43032496817473,0,0,0
321,69.1000000000003,7,1356.59477863917,0,0,9.89521761216831,0,0,0
321,69.1000000000003,8,748.018623092597,3.5,0,3.20370235364695,0,0,0
321,69.1000000000003,9,1429.77223764803,3.5,0,14.4213255459773,0,0,0
321,69.1000000000003,10,74.370654900363,11,0,0,0,0,0
321,69.1000000000003,11,400.507363552497,-4,0,0,0,0,0
321,69.2000000000003,1,653.183989444539,3.5,0,7.52838431533111,0,0,0
321,69.2000000000003,2,673.936545716856,0,0,12.8813082504661,0,0,0
321,69.2000000000003,3,1266.62703282877,3.5,0,13.5618760288673,0,0,0
321,69.2000000000003,4,1542.87293994228,0,0,9.78718608021067,0,0,0
321,69.2000000000003,5,1119.06315743835,0,0,7.94141980296335,0,0,0
321,69.2000000000003,6,674.581962012997,3.5,0,7.42969786013484,0,0,0
321,69.2000000000003,7,1357.58420520155,0,0,9.89331363541863,0,0,0
321,69.2000000000003,8,748.338881693545,3.5,0,3.20146966530359,0,0,0
321,69.2000000000003,9,1431.2143708332,3.5,0,14.4213381575473,0,0,0
321,69.2000000000003,10,74.370654900363,11,0,0,0,0,0
321,69.2000000000003,11,400.507363552497,-4,0,0,0,0,0
321,69.3000000000003,1,653.93668737735,3.5,0,7.5255743408987,0,0,0
321,69.3000000000003,2,675.224689934787,0,0,12.8815761081392,0,0,0
321,69.3000000000003,3,1267.97632132742,3.5,0,13.4238939440839,0,0,0
321,69.3000000000003,4,1543.8505810032,0,0,9.76563513816648,0,0,0
321,69.3000000000003,5,1119.8556627366,0,0,7.90868616210298,0,0,0
321,69.3000000000003,6,675.324903579148,3.5,0,7.42913346289894,0,0,0
321,69.3000000000003,7,1358.57345088614,0,0,9.89160005634393,0,0,0
321,69.3000000000003,8,748.658928189099,3.5,0,3.19946024579456,0,0,0
321,69.3000000000003,9,1432.65650521648,3.5,0,14.4213495079603,0,0,0
321,69.3000000000003,10,74.370654900363,11,0,0,0,0,0
321,69.3000000000003,11,400.507363552497,-4,0,0,0,0,0
321,69.4000000000003,1,654.689107314599,3.5,0,7.52282440407339,0,0,0
321,69.4000000000003,2,676.512859599196,0,0,12.8818171800449,0,0,0
321,69.4000000000003,3,1269.31250152801,3.5,0,13.299710067779,0,0,0
321,69.4000000000003,4,1544.82617472463,0,0,9.74623929032671,0,0,0
321,69.4000000000003,5,1120.64505833897,0,0,7.87922588532865,0,0,0
321,69.4000000000003,6,676.067791527563,3.5,0,7.42862550538663,0,0,0
321,69.4000000000003,7,1359.56253378072,0,0,9.89005783517669,0,0,0
321,69.4000000000003,8,748.978783789801,3.5,0,3.19765176823643,0,0,0
321,69.4000000000003,9,1434.09864067804,3.5,0,14.4213597233321,0,0,0
321,69.4000000000003,10,74.370654900363,11,0,0,0,0,0
321,69.4000000000003,11,400.507363552497,-4,0,0,0,0,0
321,69.5000000000003,1,655.441255277365,3.5,0,7.52013485124742,0,0,0
321,69.5000000000003,2,677.801052165436,0,0,12.8820341447601,0,0,0
321,69.5000000000003,3,1270.63688426035,3.5,0,13.1879445791045,0,0,0
321,69.5000000000003,4,1545.79992584051,0,0,9.72878302727091,0,0,0
321,69.5000000000003,5,1121.43165521505,0,0,7.85271163623175,0,0,0
321,69.5000000000003,6,676.810631220013,3.5,0,7.42816834362555,0,0,0
321,69.5000000000003,7,1360.55147016428,0,0,9.88866983612617,0,0,0
321,69.5000000000003,8,749.298467585135,3.5,0,3.19602413843412,0,0,0
321,69.5000000000003,9,1435.54077711007,3.5,0,14.4213689171666,0,0,0
321,69.5000000000003,10,74.370654900363,11,0,0,0,0,0
321,69.5000000000003,11,400.507363552497,-4,0,0,0,0,0
321,69.6000000000003,1,656.193137310373,3.5,0,7.51750580891946,0,0,0
321,69.6000000000003,2,679.089265343324,0,0,12.8822294130038,0,0,0
321,69.6000000000003,3,1271.95064927127,3.5,0,13.0873556392974,0,0,0
321,69.6000000000003,4,1546.7720186114,0,0,9.7130723905207,0,0,0
321,69.6000000000003,5,1122.21573323746,0,0,7.82884881204454,0,0,0
321,69.6000000000003,6,677.553427482097,3.5,0,7.42775689804058,0,0,0
321,69.6000000000003,7,1361.54027468794,0,0,9.88742063698071,0,0,0
321,69.6000000000003,8,749.617996755637,3.5,0,3.19455927161204,0,0,0
321,69.6000000000003,9,1436.98291441551,3.5,0,14.4213771916177,0,0,0
321,69.6000000000003,10,74.370654900363,11,0,0,0,0,0
321,69.6000000000003,11,400.507363552497,-4,0,0,0,0,0
321,69.7000000000003,1,656.944759461396,3.5,0,7.5149372115339,0,0,0
321,69.7000000000003,2,680.377497071696,0,0,12.8824051544231,0,0,0
321,69.7000000000003,3,1273.25485833291,3.5,0,12.9968255934711,0,0,0
321,69.7000000000003,4,1547.7426188718,0,0,9.69893281744551,0,0,0
321,69.7000000000003,5,1122.99754429158,0,0,7.80737227027606,0,0,0
321,69.7000000000003,6,678.296184656849,3.5,0,7.42738659701411,0,0,0
321,69.7000000000003,7,1362.52896053767,0,0,9.88629635774979,0,0,0
321,69.7000000000003,8,749.937386763791,3.5,0,3.19324089147216,0,0,0
321,69.7000000000003,9,1438.42505250702,3.5,0,14.4213846386237,0,0,0
321,69.7000000000003,10,74.370654900363,11,0,0,0,0,0
321,69.7000000000003,11,400.507363552497,-4,0,0,0,0,0
321,69.8000000000003,1,657.696127763288,3.5,0,7.51242882631585,0,0,0
321,69.8000000000003,2,681.665745495502,0,0,12.8825633217005,0,0,0
321,69.8000000000003,3,1274.5504670402,3.5,0,12.9153485522274,0,0,0
321,69.8000000000003,4,1548.71187587275,0,0,9.68620720167783,0,0,0
321,69.8000000000003,5,1123.77731507423,0,0,7.78804338268442,0,0,0
321,69.8000000000003,6,679.038906653005,3.5,0,7.42705332609028,0,0,0
321,69.8000000000003,7,1363.51753958088,0,0,9.88528450644197,0,0,0
321,69.8000000000003,8,750.256651525832,3.5,0,3.19205434934628,0,0,0
321,69.8000000000003,9,1439.867191306,3.5,0,14.4213913409291,0,0,0
321,69.8000000000003,10,74.370654900363,11,0,0,0,0,0
321,69.8000000000003,11,400.507363552497,-4,0,0,0,0,0
321,69.9000000000003,1,658.447248218375,3.5,0,7.50998027541184,0,0,0
321,69.9000000000003,2,682.954008945199,0,0,12.8827056722502,0,0,0
321,69.9000000000003,3,1275.83833542856,3.5,0,12.8420192151081,0,0,0
321,69.9000000000003,4,1549.67992394021,0,0,9.67475414748692,0,0,0
321,69.9000000000003,5,1124.55524961255,0,0,7.77064738385194,0,0,0
321,69.9000000000003,6,679.781596988422,3.5,0,7.42675338225884,0,0,0
321,69.9000000000003,7,1364.50602249822,0,0,9.88437384026493,0,0,0
321,69.9000000000003,8,750.575803566371,3.5,0,3.19098646143298,0,0,0
321,69.9000000000003,9,1441.3093307417,3.5,0,14.421397373004,0,0,0
321,69.9000000000003,10,74.370654900363,11,0,0,0,0,0
321,69.9000000000003,11,400.507363552497,-4,0,0,0,0,0
321,70.0000000000003,1,659.198126784926,3.5,0,7.50759105561507,0,0,0
321,70.0000000000003,2,684.242285918199,0,0,12.8828337877448,0,0,0
321,70.0000000000003,3,1277.1192375299,3.5,0,12.7760228117007,0,0,0
321,70.0000000000003,4,1550.64688396752,0,0,9.66444639871511,0,0,0
321,70.0000000000003,5,1125.33153153099,0,0,7.75499098490271,0,0,0
321,70.0000000000003,6,680.524258829176,3.5,0,7.42648343281054,0,0,0
321,70.0000000000003,7,1365.49441890227,0,0,9.88355424070559,0,0,0
321,70.0000000000003,8,750.894854157558,3.5,0,3.19002536231101,0,0,0
321,70.0000000000003,9,1442.75147075044,3.5,0,14.4214028018713,0,0,0
321,70.0000000000003,10,74.370654900363,11,0,0,0,0,0
321,70.0000000000003,11,400.507363552497,-4,0,0,0,0,0
321,70.1000000000003,1,659.948769365503,3.5,0,7.50526055592589,0,0,0
321,70.1000000000003,2,685.530575062171,0,0,12.8829490916901,0,0,0
321,70.1000000000003,3,1278.39386997292,3.5,0,12.716626048634,0,0,0
321,70.1000000000003,4,1551.6128647587,0,0,9.65516942482047,0,0,0
321,70.1000000000003,5,1126.10632609153,0,0,7.74090022584841,0,0,0
321,70.1000000000003,6,681.266895024731,3.5,0,7.42624047830707,0,0,0
321,70.1000000000003,7,1366.48273744436,0,0,9.88281660110218,0,0,0
321,70.1000000000003,8,751.213813444329,3.5,0,3.18916037310124,0,0,0
321,70.1000000000003,9,1444.19361127493,3.5,0,14.421407687852,0,0,0
321,70.1000000000003,10,74.370654900363,11,0,0,0,0,0
321,70.1000000000003,11,400.507363552497,-4,0,0,0,0,0
321,70.2000000000003,1,660.699181796958,3.5,0,7.50298807317259,0,0,0
321,70.2000000000003,2,686.818875160017,0,0,12.8830528652407,0,0,0
321,70.2000000000003,3,1279.66285972345,3.5,0,12.663168961874,0,0,0
321,70.2000000000003,4,1552.57796423735,0,0,9.6468201483153,0,0,0
321,70.2000000000003,5,1126.87978202996,0,0,7.72821854269953,0,0,0
321,70.2000000000003,6,682.009508139609,3.5,0,7.42602181925395,0,0,0
321,70.2000000000003,7,1367.47098591068,0,0,9.88215272545912,0,0,0
321,70.2000000000003,8,751.532690557125,3.5,0,3.18838188281245,0,0,0
321,70.2000000000003,9,1445.63575226358,3.5,0,14.4214120852345,0,0,0
321,70.2000000000003,10,74.370654900363,11,0,0,0,0,0
321,70.2000000000003,11,400.507363552497,-4,0,0,0,0,0
321,70.3000000000003,1,661.449369841911,3.5,0,7.50077282589509,0,0,0
321,70.3000000000003,2,688.107185116351,0,0,12.8831462614364,0,0,0
321,70.3000000000003,3,1280.92677105073,3.5,0,12.61505758379,0,0,0
321,70.3000000000003,4,1553.54227053474,0,0,9.63930579946065,0,0,0
321,70.3000000000003,5,1127.65203320849,0,0,7.71680502786555,0,0,0
321,70.3000000000003,6,682.752100481877,3.5,0,7.42582502610613,0,0,0
321,70.3000000000003,7,1368.45917130883,0,0,9.88155523738036,0,0,0
321,70.3000000000003,8,751.851493713343,3.5,0,3.18768124155253,0,0,0
321,70.3000000000003,9,1447.07789366999,3.5,0,14.4214160428789,0,0,0
321,70.3000000000003,10,74.370654900363,11,0,0,0,0,0
321,70.3000000000003,11,400.507363552497,-4,0,0,0,0,0
321,70.4000000000003,1,662.19933918154,3.5,0,7.49861396667311,0,0,0
321,70.4000000000003,2,689.395503945324,0,0,12.8832303180124,0,0,0
321,70.4000000000003,3,1282.1861117971,3.5,0,12.5717573435144,0,0,0
321,70.4000000000003,4,1554.50586296899,0,0,9.63254288549146,0,0,0
321,70.4000000000003,5,1128.4232001031,0,0,7.70653286451496,0,0,0
321,70.4000000000003,6,683.494674128796,3.5,0,7.42564791227311,0,0,0
321,70.4000000000003,7,1369.4472999456,0,0,9.88101749810948,0,0,0
321,70.4000000000003,8,752.170230308641,3.5,0,3.18705066441861,0,0,0
321,70.4000000000003,9,1448.52003545237,3.5,0,14.4214196047587,0,0,0
321,70.4000000000003,10,74.370654900363,11,0,0,0,0,0
321,70.4000000000003,11,400.507363552497,-4,0,0,0,0,0
321,70.5000000000003,1,662.949095409526,3.5,0,7.49651059306214,0,0,0
321,70.5000000000003,2,690.683830759671,0,0,12.8833059689309,0,0,0
321,70.5000000000003,3,1283.44133902063,3.5,0,12.5327871272664,0,0,0
321,70.5000000000003,4,1555.46881292641,0,0,9.62645626291919,0,0,0
321,70.5000000000003,5,1129.19339114221,0,0,7.69728791749943,0,0,0
321,70.5000000000003,6,684.237230949901,3.5,0,7.42548850982338,0,0,0
321,70.5000000000003,7,1370.43537749714,0,0,9.88053353276569,0,0,0
321,70.5000000000003,8,752.488906999112,3.5,0,3.18648314499808,0,0,0
321,70.5000000000003,9,1449.96217757313,3.5,0,14.4214228104506,0,0,0
321,70.5000000000003,10,74.370654900363,11,0,0,0,0,0
321,70.5000000000003,11,400.507363552497,-4,0,0,0,0,0
321,70.6000000000003,1,663.698644027044,3.5,0,7.49446175728358,0,0,0
321,70.6000000000003,2,691.972164760855,0,0,12.8833740547575,0,0,0
321,70.6000000000003,3,1284.69286407363,3.5,0,12.4977139326432,0,0,0
321,70.6000000000003,4,1556.43118465469,0,0,9.62097830260415,0,0,0
321,70.6000000000003,5,1129.96270391134,0,0,7.68896746518545,0,0,0
321,70.6000000000003,6,684.979772627773,3.5,0,7.42534504761863,0,0,0
321,70.6000000000003,7,1371.42340907198,0,0,9.88009796395627,0,0,0
321,70.6000000000003,8,752.807529775238,3.5,0,3.1859723775196,0,0,0
321,70.6000000000003,9,1451.40431999843,3.5,0,14.4214256955733,0,0,0
321,70.6000000000003,10,74.370654900363,11,0,0,0,0,0
321,70.6000000000003,11,400.507363552497,-4,0,0,0,0,0
321,70.7000000000003,1,664.447990438648,3.5,0,7.49246647480059,0,0,0
321,70.7000000000003,2,693.260505230193,0,0,12.8834353320014,0,0,0
321,70.7000000000003,3,1285.94105717314,3.5,0,12.4661480574823,0,0,0
321,70.7000000000003,4,1557.39303597673,0,0,9.61604813832061,0,0,0
321,70.7000000000003,5,1130.7312262375,0,0,7.68147905810287,0,0,0
321,70.7000000000003,6,685.722300676736,3.5,0,7.42521593163435,0,0,0
321,70.7000000000003,7,1372.41139926778,0,0,9.8797059520278,0,0,0
321,70.7000000000003,8,753.126104028454,3.5,0,3.18551268678897,0,0,0
321,70.7000000000003,9,1452.84646269782,3.5,0,14.4214282921838,0,0,0
321,70.7000000000003,10,74.370654900363,11,0,0,0,0,0
321,70.7000000000003,11,400.507363552497,-4,0,0,0,0,0
321,70.8000000000003,1,665.197139948983,3.5,0,7.4905237318976,0,0,0
321,70.8000000000003,2,694.548851520869,0,0,12.883490481521,0,0,0
321,70.8000000000003,3,1287.1862515145,3.5,0,12.4377387698374,0,0,0
321,70.8000000000003,4,1558.35441893317,0,0,9.61161099046542,0,0,0
321,70.8000000000003,5,1131.499037165,0,0,7.67473949172855,0,0,0
321,70.8000000000003,6,686.46481645968,3.5,0,7.4250997272485,0,0,0
321,70.8000000000003,7,1373.39935222245,0,0,9.87935314129218,0,0,0
321,70.8000000000003,8,753.44463461105,3.5,0,3.1850989651314,0,0,0
321,70.8000000000003,9,1454.28860564388,3.5,0,14.4214306291332,0,0,0
321,70.8000000000003,10,74.370654900363,11,0,0,0,0,0
321,70.8000000000003,11,400.507363552497,-4,0,0,0,0,0
321,70.9000000000002,1,665.946097760196,3.5,0,7.48863249236919,0,0,0
321,70.9000000000002,2,695.83720305075,0,0,12.8835401160886,0,0,0
321,70.9000000000002,3,1288.42874697354,3.5,0,12.4121704109571,0,0,0
321,70.9000000000002,4,1559.31538036057,0,0,9.60761755739576,0,0,0
321,70.9000000000002,5,1132.26620783368,0,0,7.66867388199166,0,0,0
321,70.9000000000002,6,687.207321203208,3.5,0,7.42499514330123,0,0,0
321,70.9000000000002,7,1374.38727166009,0,0,9.87903561163011,0,0,0
321,70.9000000000002,8,753.763125890088,3.5,0,3.18472661563959,0,0,0
321,70.9000000000002,9,1455.73074881196,3.5,0,14.4214327323876,0,0,0
321,70.9000000000002,10,74.370654900363,11,0,0,0,0,0
321,70.9000000000002,11,400.507363552497,-4,0,0,0,0,0
321,71.0000000000002,1,666.694868969985,3.5,0,7.48679170341333,0,0,0
321,71.0000000000002,2,697.125559295914,0,0,12.8835847871994,0,0,0
321,71.0000000000002,3,1289.66881343849,3.5,0,12.3891588879648,0,0,0
321,71.0000000000002,4,1560.27596241182,0,0,9.60402346763306,0,0,0
321,71.0000000000002,5,1133.03280226944,0,0,7.66321483322846,0,0,0
321,71.0000000000002,6,687.94981601126,3.5,0,7.42490101774869,0,0,0
321,71.0000000000002,7,1375.37516093242,0,0,9.87874983493426,0,0,0
321,71.0000000000002,8,754.081581795925,3.5,0,3.18439150109696,0,0,0
321,71.0000000000002,9,1457.17289217984,3.5,0,14.4214346253166,0,0,0
321,71.0000000000002,10,74.370654900363,11,0,0,0,0,0
321,71.0000000000002,11,400.507363552497,-4,0,0,0,0,0
321,71.1000000000002,1,667.443458570197,3.5,0,7.48500030081395,0,0,0
321,71.1000000000002,2,698.413919784834,0,0,12.8836249911992,0,0,0
321,71.1000000000002,3,1290.90669380875,3.5,0,12.3684485172717,0,0,0
321,71.1000000000002,4,1561.23620302454,0,0,9.60078878684663,0,0,0
321,71.1000000000002,5,1133.79887809557,0,0,7.65830168934158,0,0,0
321,71.1000000000002,6,688.692301877385,3.5,0,7.42481630475141,0,0,0
321,71.1000000000002,7,1376.36302305596,0,0,9.87849263590799,0,0,0
321,71.1000000000002,8,754.40000586588,3.5,0,3.1840898980086,0,0,0
321,71.1000000000002,9,1458.61503572756,3.5,0,14.4214363289527,0,0,0
321,71.1000000000002,10,74.370654900363,11,0,0,0,0,0
321,71.1000000000002,11,400.507363552497,-4,0,0,0,0,0
321,71.2000000000002,1,668.191871445912,3.5,0,7.4832572134892,0,0,0
321,71.2000000000002,2,699.702284093134,0,0,12.8836611747989,0,0,0
321,71.2000000000002,3,1292.1426066938,3.5,0,12.349809183648,0,0,0
321,71.2000000000002,4,1562.19613634259,0,0,9.59787757413884,0,0,0
321,71.2000000000002,5,1134.56448717303,0,0,7.65387985984339,0,0,0
321,71.2000000000002,6,689.434779695775,3.5,0,7.42474006305385,0,0,0
321,71.2000000000002,7,1377.3508607456,0,0,9.87826115678434,0,0,0
321,71.2000000000002,8,754.718401283542,3.5,0,3.18381845522907,0,0,0
321,71.2000000000002,9,1460.05717943712,3.5,0,14.4214378622252,0,0,0
321,71.2000000000002,10,74.370654900363,11,0,0,0,0,0
321,71.2000000000002,11,400.507363552497,-4,0,0,0,0,0
321,71.3000000000002,1,668.94011237496,3.5,0,7.48156136747361,0,0,0
321,71.3000000000002,2,700.990651838876,0,0,12.8836937400387,0,0,0
321,71.3000000000002,3,1293.37674884215,3.5,0,12.3330337833866,0,0,0
321,71.3000000000002,4,1563.15579309543,0,0,9.59525748270183,0,0,0
321,71.3000000000002,5,1135.32967617669,0,0,7.64990021329502,0,0,0
321,71.3000000000002,6,690.177250271204,3.5,0,7.42467144552605,0,0,0
321,71.3000000000002,7,1378.33867644471,0,0,9.87805282557306,0,0,0
321,71.3000000000002,8,755.03677091414,3.5,0,3.18357415672749,0,0,0
321,71.3000000000002,9,1461.49932329234,3.5,0,14.4214392421705,0,0,0
321,71.3000000000002,10,74.370654900363,11,0,0,0,0,0
321,71.3000000000002,11,400.507363552497,-4,0,0,0,0,0
321,71.4000000000002,1,669.688186027803,3.5,0,7.47991168939551,0,0,0
321,71.4000000000002,2,702.279022678316,0,0,12.8837230487546,0,0,0
321,71.4000000000002,3,1294.60929732747,3.5,0,12.3179359231513,0,0,0
321,71.4000000000002,4,1564.11520093959,0,0,9.59289940040853,0,0,0
321,71.4000000000002,5,1136.09448711392,0,0,7.64631853140148,0,0,0
321,71.4000000000002,6,690.919714327968,3.5,0,7.42460968975103,0,0,0
321,71.4000000000002,7,1379.32647235237,0,0,9.87786532748291,0,0,0
321,71.4000000000002,8,755.35511733638,3.5,0,3.18335428807607,0,0,0
321,71.4000000000002,9,1462.94146727865,3.5,0,14.4214404841212,0,0,0
321,71.4000000000002,10,74.370654900363,11,0,0,0,0,0
321,71.4000000000002,11,400.507363552497,-4,0,0,0,0,0
321,71.5000000000002,1,670.436096967748,3.5,0,7.47830710950449,0,0,0
321,71.5000000000002,2,703.567396302083,0,0,12.8837494265988,0,0,0
321,71.5000000000002,3,1295.84041151608,3.5,0,12.3043478489396,0,0,0
321,71.5000000000002,4,1565.07438476593,0,0,9.59077712634455,0,0,0
321,71.5000000000002,5,1136.85895779138,0,0,7.6430950176973,0,0,0
321,71.5000000000002,6,691.662172517934,3.5,0,7.42455410955351,0,0,0
321,71.5000000000002,7,1380.3142504477,0,0,9.87769657920177,0,0,0
321,71.5000000000002,8,755.673442871098,3.5,0,3.1831564062898,0,0,0
321,71.5000000000002,9,1464.38361138295,3.5,0,14.4214416018768,0,0,0
321,71.5000000000002,10,74.370654900363,11,0,0,0,0,0
321,71.5000000000002,11,400.507363552497,-4,0,0,0,0,0
321,71.6000000000002,1,671.183849651438,3.5,0,7.47674656429804,0,0,0
321,71.6000000000002,2,704.855772431746,0,0,12.8837731666586,0,0,0
321,71.6000000000002,3,1297.07023483763,3.5,0,12.2921185821491,0,0,0
321,71.6000000000002,4,1566.03336697623,0,0,9.58886707968697,0,0,0
321,71.6000000000002,5,1137.62312223503,0,0,7.64019385536354,0,0,0
321,71.6000000000002,6,692.40462542778,3.5,0,7.42450408737574,0,0,0
321,71.6000000000002,7,1381.31452010562,0,0,10.1276965792018,0,0,0
321,71.6000000000002,8,755.991749607047,3.5,0,3.18297831268215,0,0,0
321,71.6000000000002,9,1465.82575559344,3.5,0,14.4214426078569,0,0,0
321,71.6000000000002,10,74.370654900363,11,0,0,0,0,0
321,71.6000000000002,11,400.507363552497,-4,0,0,0,0,0
321,71.7000000000002,1,671.931448429593,3.5,0,7.47522899879144,0,0,0
321,71.7000000000002,2,706.144150816715,0,0,12.8837945327125,0,0,0
321,71.7000000000002,3,1298.29889637884,3.5,0,12.2811122420376,0,0,0
321,71.7000000000002,4,1566.9921677321,0,0,9.58714803769515,0,0,0
321,71.7000000000002,5,1138.38701106826,0,0,7.63758280926315,0,0,0
321,71.7000000000002,6,693.14707358552,3.5,0,7.42445906741575,0,0,0
321,71.7000000000002,7,1382.33978976354,0,0,10.3776965792018,0,0,0
321,71.7000000000002,8,756.310039424103,3.5,0,3.18281802843526,0,0,0
321,71.7000000000002,9,1467.26789989949,3.5,0,14.421443513239,0,0,0
321,71.7000000000002,10,74.370654900363,11,0,0,0,0,0
321,71.7000000000002,11,400.507363552497,-4,0,0,0,0,0
321,71.8000000000002,1,672.678897547956,3.5,0,7.47375336847015,0,0,0
321,71.8000000000002,2,707.432531231458,0,0,12.8838137621609,0,0,0
321,71.8000000000002,3,1299.52651231774,3.5,0,12.2712065359372,0,0,0
321,71.8000000000002,4,1567.95080517898,0,0,9.58560089990251,0,0,0
321,71.8000000000002,5,1139.15065185211,0,0,7.6352328677728,0,0,0
321,71.8000000000002,6,693.889517466363,3.5,0,7.42441854945176,0,0,0
321,71.8000000000002,7,1383.39005942146,0,0,10.6276965792018,0,0,0
321,71.8000000000002,8,756.628314014155,3.5,0,3.18267377261307,0,0,0
321,71.8000000000002,9,1468.71004429156,3.5,0,14.4214443280828,0,0,0
321,71.8000000000002,10,74.370654900363,11,0,0,0,0,0
321,71.8000000000002,11,400.507363552497,-4,0,0,0,0,0
321,71.9000000000002,1,673.426201148427,3.5,0,7.47231864096006,0,0,0
321,71.9000000000002,2,708.720913473,0,0,12.8838310686645,0,0,0
321,71.9000000000002,3,1300.75318721456,3.5,0,12.2622914004469,0,0,0
321,71.9000000000002,4,1568.90929564777,0,0,9.58420847588914,0,0,0
321,71.9000000000002,5,1139.91406939152,0,0,7.63311792043149,0,0,0
321,71.9000000000002,6,694.631957498,3.5,0,7.42438208328417,0,0,0
321,71.9000000000002,7,1384.46532907938,0,0,10.8776965792018,0,0,0
321,71.9000000000002,8,756.948679845825,3.5,0,3.22464286078267,0,0,0
321,71.9000000000002,9,1470.15218876104,3.5,0,14.4214450614423,0,0,0
321,71.9000000000002,10,74.370654900363,11,0,0,0,0,0
321,71.9000000000002,11,400.507363552497,-4,0,0,0,0,0
321,72.0000000000002,1,674.173363270348,3.5,0,7.47092379744714,0,0,0
321,72.0000000000002,2,710.009297358659,0,0,12.8838466445178,0,0,0
321,72.0000000000002,3,1301.97901517351,3.5,0,12.2542677785056,0,0,0
321,72.0000000000002,4,1569.86765383627,0,0,9.5829552942771,0,0,0
321,72.0000000000002,5,1140.67728601094,0,0,7.6312144678243,0,0,0
321,72.0000000000002,6,695.374394065351,3.5,0,7.42434926373334,0,0,0
321,72.0000000000002,7,1385.5655987373,0,0,11.1276965792018,0,0,0
321,72.0000000000002,8,757.273032740871,3.5,0,3.26241504013532,0,0,0
321,72.0000000000002,9,1471.59433330018,3.5,0,14.4214457214659,0,0,0
321,72.0000000000002,10,74.370654900363,11,0,0,0,0,0
321,72.0000000000002,11,400.507363552497,-4,0,0,0,0,0
321,72.1000000000002,1,674.920387851914,3.5,0,7.4695678338746,0,0,0
321,72.1000000000002,2,711.297682724024,0,0,12.8838606627857,0,0,0
321,72.1000000000002,3,1303.20408088837,3.5,0,12.2470465187585,0,0,0
321,72.1000000000002,4,1570.82589297253,0,0,9.58182743082627,0,0,0
321,72.1000000000002,5,1141.44032180235,0,0,7.62950136047784,0,0,0
321,72.1000000000002,6,696.116827514844,3.5,0,7.42431972613759,0,0,0
321,72.1000000000002,7,1386.69059637701,0,0,11.3722562149117,0,0,0
321,72.1000000000002,8,757.600973992955,3.5,0,3.2964100015527,0,0,0
321,72.1000000000002,9,1473.03647790203,3.5,0,14.421446315487,0,0,0
321,72.1000000000002,10,74.370654900363,11,0,0,0,0,0
321,72.1000000000002,11,400.507363552497,-4,0,0,0,0,0
321,72.2000000000002,1,675.667278731705,3.5,0,7.46824976194289,0,0,0
321,72.2000000000002,2,712.586069421125,0,0,12.8838732792268,0,0,0
321,72.2000000000002,3,1304.42846058356,3.5,0,12.240547384986,0,0,0
321,72.2000000000002,4,1571.78402496176,0,0,9.58081235372052,0,0,0
321,72.2000000000002,5,1142.20319484857,0,0,7.62795956386602,0,0,0
321,72.2000000000002,6,696.859258158266,3.5,0,7.42429314230141,0,0,0
321,72.2000000000002,7,1387.83882718211,0,0,11.5923598870507,0,0,0
321,72.2000000000002,8,757.932144766374,3.5,0,3.32700546682835,0,0,0
321,72.2000000000002,9,1474.47862256031,3.5,0,14.4214468501061,0,0,0
321,72.2000000000002,10,74.370654900363,11,0,0,0,0,0
321,72.2000000000002,11,400.507363552497,-4,0,0,0,0,0
321,72.3000000000002,1,676.414039650298,3.5,0,7.46696860993513,0,0,0
321,72.3000000000002,2,713.874457316787,0,0,12.8838846340238,0,0,0
321,72.3000000000002,3,1305.65222286104,3.5,0,12.2346981645908,0,0,0
321,72.3000000000002,4,1572.75460619713,0,0,9.83081235372052,0,0,0
321,72.3000000000002,5,1142.96592142411,0,0,7.62657194691539,0,0,0
321,72.3000000000002,6,697.601686276224,3.5,0,7.42426921684886,0,0,0
321,72.3000000000002,7,1389.00796783606,0,0,11.7904531919757,0,0,0
321,72.3000000000002,8,758.266222108995,3.5,0,3.35454138557643,0,0,0
321,72.3000000000002,9,1475.92076726938,3.5,0,14.4214473312633,0,0,0
321,72.3000000000002,10,74.370654900363,11,0,0,0,0,0
321,72.3000000000002,11,400.507363552497,-4,0,0,0,0,0
321,72.4000000000002,1,677.160674251965,3.5,0,7.46572342338798,0,0,0
321,72.4000000000002,2,715.162846291155,0,0,12.8838948533411,0,0,0
321,72.4000000000002,3,1306.87542946258,3.5,0,12.2294338662352,0,0,0
321,72.4000000000002,4,1573.7501874325,0,0,10.0808123537205,0,0,0
321,72.4000000000002,5,1143.72851617604,0,0,7.62532309165981,0,0,0
321,72.4000000000002,6,698.344112121263,3.5,0,7.42424768394155,0,0,0
321,72.4000000000002,7,1390.19592735398,0,0,11.9687371664083,0,0,0
321,72.4000000000002,8,758.602915363896,3.5,0,3.3793237124497,0,0,0
321,72.4000000000002,9,1477.36291202415,3.5,0,14.4214477643047,0,0,0
321,72.4000000000002,10,74.370654900363,11,0,0,0,0,0
321,72.4000000000002,11,400.507363552497,-4,0,0,0,0,0
321,72.5000000000002,1,677.907186086415,3.5,0,7.46451326562611,0,0,0
321,72.5000000000002,2,716.451236236359,0,0,12.8839040507267,0,0,0
321,72.5000000000002,3,1308.09813595578,3.5,0,12.2246959977151,0,0,0
321,72.5000000000002,4,1574.77076866787,0,0,10.3308123537205,0,0,0
321,72.5000000000002,5,1144.49099228672,0,0,7.6241991219298,0,0,0
321,72.5000000000002,6,699.086535920676,3.5,0,7.42422830432498,0,0,0
321,72.5000000000002,7,1391.40082384947,0,0,12.1291927433976,0,0,0
321,72.5000000000002,8,758.94196293985,3.5,0,3.40162780663564,0,0,0
321,72.5000000000002,9,1478.80505682007,3.5,0,14.421448154042,0,0,0
321,72.5000000000002,10,74.370654900363,11,0,0,0,0,0
321,72.5000000000002,11,400.507363552497,-4,0,0,0,0,0
321,72.6000000000002,1,678.653578610606,3.5,0,7.46333721817632,0,0,0
321,72.6000000000002,2,717.739627055314,0,0,12.8839123283737,0,0,0
321,72.6000000000002,3,1309.32039235146,3.5,0,12.220431916047,0,0,0
321,72.6000000000002,4,1575.81634990325,0,0,10.5808123537205,0,0,0
321,72.6000000000002,5,1145.25336162027,0,0,7.62318754917279,0,0,0
321,72.6000000000002,6,699.828957879026,3.5,0,7.42421086267007,0,0,0
321,72.6000000000002,7,1392.62096362477,0,0,12.2736027626879,0,0,0
321,72.6000000000002,8,759.283129404752,3.5,0,3.42170149140299,0,0,0
321,72.6000000000002,9,1480.24720165301,3.5,0,14.4214485048056,0,0,0
321,72.6000000000002,10,74.370654900363,11,0,0,0,0,0
321,72.6000000000002,11,400.507363552497,-4,0,0,0,0,0
321,72.7000000000001,1,679.399855190568,3.5,0,7.46219438107563,0,0,0
321,72.7000000000001,2,719.028018660645,0,0,12.8839197782561,0,0,0
321,72.7000000000001,3,1310.54224365939,3.5,0,12.2165942425457,0,0,0
321,72.7000000000001,4,1576.88693113862,0,0,10.8308123537205,0,0,0
321,72.7000000000001,5,1146.01563485441,0,0,7.62227713369147,0,0,0
321,72.7000000000001,6,700.571378180418,3.5,0,7.42419516518065,0,0,0
321,72.7000000000001,7,1393.85482235191,0,0,12.4035717800492,0,0,0
321,72.7000000000001,8,759.626202869707,3.5,0,3.43976780769361,0,0,0
321,72.7000000000001,9,1481.68934651928,3.5,0,14.4214488204928,0,0,0
321,72.7000000000001,10,74.370654900363,11,0,0,0,0,0
321,72.7000000000001,11,400.507363552497,-4,0,0,0,0,0
321,72.8000000000001,1,680.146019103276,3.5,0,7.46108387308621,0,0,0
321,72.8000000000001,2,720.316410973716,0,0,12.8839264831501,0,0,0
321,72.8000000000001,3,1311.76373038834,3.5,0,12.2131403363945,0,0,0
321,72.8000000000001,4,1577.98251237399,0,0,11.0808123537205,0,0,0
321,72.8000000000001,5,1146.77782159909,0,0,7.62145775975829,0,0,0
321,72.8000000000001,6,701.31379699055,3.5,0,7.42418103744017,0,0,0
321,72.8000000000001,7,1395.10102813569,0,0,12.5205438956744,0,0,0
321,72.8000000000001,8,759.97099263471,3.5,0,3.45602749235516,0,0,0
321,72.8000000000001,9,1483.13149141553,3.5,0,14.4214491046113,0,0,0
321,72.8000000000001,10,74.370654900363,11,0,0,0,0,0
321,72.8000000000001,11,400.507363552497,-4,0,0,0,0,0
321,72.9000000000001,1,680.892073538522,3.5,0,7.46000483182856,0,0,0
321,72.9000000000001,2,721.604803923751,0,0,12.8839325175548,0,0,0
321,72.9000000000001,3,1312.9848889962,3.5,0,12.2100318208585,0,0,0
321,72.9000000000001,4,1579.10219601523,0,0,11.3128604711158,0,0,0
321,72.9000000000001,5,1147.53993050324,0,0,7.62072032321843,0,0,0
321,72.9000000000001,6,702.056214458545,3.5,0,7.42416832247373,0,0,0
321,72.9000000000001,7,1396.35834627047,0,0,12.6258187997371,0,0,0
321,72.9000000000001,8,760.317327069755,3.5,0,3.47066120855056,0,0,0
321,72.9000000000001,9,1484.57363633878,3.5,0,14.4214493603179,0,0,0
321,72.9000000000001,10,74.370654900363,11,0,0,0,0,0
321,72.9000000000001,11,400.507363552497,-4,0,0,0,0,0
321,73.0000000000001,1,681.638021600806,3.5,0,7.45895641384314,0,0,0
321,73.0000000000001,2,722.893197447055,0,0,12.883937948519,0,0,0
321,73.0000000000001,3,1314.20575229509,3.5,0,12.207234156876,0,0,0
321,73.0000000000001,4,1580.24392422763,0,0,11.5217037767716,0,0,0
321,73.0000000000001,5,1148.30196935091,0,0,7.62005663033255,0,0,0
321,73.0000000000001,6,702.798630718619,3.5,0,7.42415687900394,0,0,0
321,73.0000000000001,7,1397.62566552112,0,0,12.7205662133935,0,0,0
321,73.0000000000001,8,760.665051707839,3.5,0,3.48383155312642,0,0,0
321,73.0000000000001,9,1486.01578128632,3.5,0,14.4214495904539,0,0,0
321,73.0000000000001,10,74.370654900363,11,0,0,0,0,0
321,73.0000000000001,11,400.507363552497,-4,0,0,0,0,0
321,73.1000000000001,1,682.383866311227,3.5,0,7.45793779458956,0,0,0
321,73.1000000000001,2,724.1815914863,0,0,12.8839428363868,0,0,0
321,73.1000000000001,3,1315.4263498159,3.5,0,12.2047162592918,0,0,0
321,73.1000000000001,4,1581.40549255406,0,0,11.7096627518617,0,0,0
321,73.1000000000001,5,1149.06394514777,0,0,7.61945930673526,0,0,0
321,73.1000000000001,6,703.541045891563,3.5,0,7.42414657988113,0,0,0
321,73.1000000000001,7,1398.90198577608,0,0,12.8058388856843,0,0,0
321,73.1000000000001,8,761.014027528657,3.5,0,3.49568486324469,0,0,0
321,73.1000000000001,9,1487.45792625572,3.5,0,14.4214497975763,0,0,0
321,73.1000000000001,10,74.370654900363,11,0,0,0,0,0
321,73.1000000000001,11,400.507363552497,-4,0,0,0,0,0
321,73.2000000000001,1,683.129610609376,3.5,0,7.45694816839136,0,0,0
321,73.2000000000001,2,725.469985989893,0,0,12.8839472354678,0,0,0
321,73.2000000000001,3,1316.64670813644,3.5,0,12.2024501514661,0,0,0
321,73.2000000000001,4,1582.58491698312,0,0,11.8788258294429,0,0,0
321,73.2000000000001,5,1149.82586419888,0,0,7.6189217154977,0,0,0
321,73.2000000000001,6,704.283460086091,3.5,0,7.4241373106706,0,0,0
321,73.2000000000001,7,1400.1864069349,0,0,12.882584290746,0,0,0
321,73.2000000000001,8,761.364129413937,3.5,0,3.50635284235114,0,0,0
321,73.2000000000001,9,1488.9000712448,3.5,0,14.4214499839864,0,0,0
321,73.2000000000001,10,74.370654900363,11,0,0,0,0,0
321,73.2000000000001,11,400.507363552497,-4,0,0,0,0,0
321,73.3000000000001,1,683.875257355213,3.5,0,7.45598674833373,0,0,0
321,73.3000000000001,2,726.758380911398,0,0,12.8839511946408,0,0,0
321,73.3000000000001,3,1317.86685117673,3.5,0,12.2004106544229,0,0,0
321,73.3000000000001,4,1583.78041190456,0,0,12.031072599266,0,0,0
321,73.3000000000001,5,1150.58773217882,0,0,7.6184378833839,0,0,0
321,73.3000000000001,6,705.025873400044,3.5,0,7.42412896838113,0,0,0
321,73.3000000000001,7,1401.4781189072,0,0,12.9516551553015,0,0,0
321,73.3000000000001,8,761.715244757232,3.5,0,3.51595402354694,0,0,0
321,73.3000000000001,9,1490.34221625159,3.5,0,14.4214501517555,0,0,0
321,73.3000000000001,10,74.370654900363,11,0,0,0,0,0
321,73.3000000000001,11,400.507363552497,-4,0,0,0,0,0
321,73.4000000000001,1,684.620809330935,3.5,0,7.45505276612035,0,0,0
321,73.4000000000001,2,728.046776209025,0,0,12.8839547578964,0,0,0
321,73.4000000000001,3,1319.08680046481,3.5,0,12.198575107084,0,0,0
321,73.4000000000001,4,1584.99037026913,0,0,12.1680946921067,0,0,0
321,73.4000000000001,5,1151.34955419472,0,0,7.61800243448148,0,0,0
321,73.4000000000001,6,705.768285921479,3.5,0,7.4241214603206,0,0,0
321,73.4000000000001,7,1402.77639261163,0,0,13.0138189334015,0,0,0
321,73.4000000000001,8,762.06727221274,3.5,0,3.52459508662316,0,0,0
321,73.4000000000001,9,1491.78436127431,3.5,0,14.4214503027477,0,0,0
321,73.4000000000001,10,74.370654900363,11,0,0,0,0,0
321,73.4000000000001,11,400.507363552497,-4,0,0,0,0,0
321,73.5000000000001,1,685.366269242836,3.5,0,7.45414547189526,0,0,0
321,73.5000000000001,2,729.335171845161,0,0,12.8839579648264,0,0,0
321,73.5000000000001,3,1320.30657537588,3.5,0,12.196923114479,0,0,0
321,73.5000000000001,4,1586.21334573252,0,0,12.2914145756634,0,0,0
321,73.5000000000001,5,1152.11133484296,0,0,7.61761053046929,0,0,0
321,73.5000000000001,6,706.510697729648,3.5,0,7.42411470306612,0,0,0
321,73.5000000000001,7,1404.08057187499,0,0,13.0697663336914,0,0,0
321,73.5000000000001,8,762.420120569241,3.5,0,3.53237204339176,0,0,0
321,73.5000000000001,9,1493.21400630459,3.5,0,14.1714503027477,0,0,0
321,73.5000000000001,10,74.370654900363,11,0,0,0,0,0
321,73.5000000000001,11,400.507363552497,-4,0,0,0,0,0
321,73.6000000000001,1,686.111639723132,3.5,0,7.45326413403472,0,0,0
321,73.6000000000001,2,730.624809411674,0,0,12.9087933654218,0,0,0
321,73.6000000000001,3,1321.52619334767,3.5,0,12.1954363211345,0,0,0
321,73.6000000000001,4,1587.44803658484,0,0,12.4024024708644,0,0,0
321,73.6000000000001,5,1152.87307826033,0,0,7.61725781685833,0,0,0
321,73.6000000000001,6,707.253108895878,3.5,0,7.4241086215371,0,0,0
321,73.6000000000001,7,1405.39006614137,0,0,13.1201189939524,0,0,0
321,73.6000000000001,8,762.773707736635,3.5,0,3.5393713044835,0,0,0
321,73.6000000000001,9,1494.61865133486,3.5,0,13.9214503027477,0,0,0
321,73.6000000000001,10,74.370654900363,11,0,0,0,0,0
321,73.6000000000001,11,400.507363552497,-4,0,0,0,0,0
321,73.7000000000001,1,686.85692333178,3.5,0,7.45240803891361,0,0,0
321,73.7000000000001,2,731.916806341243,0,0,12.9311452259576,0,0,0
321,73.7000000000001,3,1322.74567007408,3.5,0,12.1940982071245,0,0,0
321,73.7000000000001,4,1588.69327128721,0,0,12.5022915765453,0,0,0
321,73.7000000000001,5,1153.6347881699,0,0,7.61694037460846,0,0,0
321,73.7000000000001,6,707.995519484363,3.5,0,7.42410314816097,0,0,0
321,73.7000000000001,7,1406.70434391048,0,0,13.1654363881873,0,0,0
321,73.7000000000001,8,763.127959833832,3.5,0,3.54567063946606,0,0,0
321,73.7000000000001,9,1495.99829636514,3.5,0,13.6714503027477,0,0,0
321,73.7000000000001,10,74.370654900363,11,0,0,0,0,0
321,73.7000000000001,11,400.507363552497,-4,0,0,0,0,0
321,73.8000000000001,1,687.602122558258,3.5,0,7.45157649065021,0,0,0
321,73.8000000000001,2,733.210926697562,0,0,12.9512619004398,0,0,0
321,73.8000000000001,3,1323.96501967966,3.5,0,12.1928939045154,0,0,0
321,73.8000000000001,4,1589.94799545462,0,0,12.5921917716581,0,0,0
321,73.8000000000001,5,1154.39646792246,0,0,7.61665467658358,0,0,0
321,73.8000000000001,6,708.737929552877,3.5,0,7.42409822212246,0,0,0
321,73.8000000000001,7,1408.02292683204,0,0,13.2062220429987,0,0,0
321,73.8000000000001,8,763.482810367853,3.5,0,3.55134004095037,0,0,0
321,73.8000000000001,9,1497.35315595879,3.5,0,13.4257415703978,0,0,0
321,73.8000000000001,10,74.370654900363,11,0,0,0,0,0
321,73.8000000000001,11,400.507363552497,-4,0,0,0,0,0
321,73.9000000000001,1,688.347239823332,3.5,0,7.45076881083314,0,0,0
321,73.9000000000001,2,734.506958137958,0,0,12.9693669074738,0,0,0
321,73.9000000000001,3,1325.18425487649,3.5,0,12.1918100321673,0,0,0
321,73.9000000000001,4,1591.21126014057,0,0,12.6731019472596,0,0,0
321,73.9000000000001,5,1155.15812053371,0,0,7.61639754836119,0,0,0
321,73.9000000000001,6,709.480339153418,3.5,0,7.4240937886878,0,0,0
321,73.9000000000001,7,1409.3453843908,0,0,13.2429291323289,0,0,0
321,73.9000000000001,8,763.838199495015,3.5,0,3.55644250228625,0,0,0
321,73.9000000000001,9,1498.68467322288,3.5,0,13.2046037112828,0,0,0
321,73.9000000000001,10,74.370654900363,11,0,0,0,0,0
321,73.9000000000001,11,400.507363552497,-4,0,0,0,0,0
321,74.0000000000001,1,689.092277480786,3.5,0,7.44998433823333,0,0,0
321,74.0000000000001,2,735.804709554022,0,0,12.9856614138044,0,0,0
321,74.0000000000001,3,1326.40338710546,3.5,0,12.190834547054,0,0,0
321,74.0000000000001,4,1592.4822112932,0,0,12.745921105301,0,0,0
321,74.0000000000001,5,1155.91974871778,0,0,7.61616613296104,0,0,0
321,74.0000000000001,6,710.222748332782,3.5,0,7.4240897985966,0,0,0
321,74.0000000000001,7,1410.67132912306,0,0,13.2759655127262,0,0,0
321,74.0000000000001,8,764.194073356004,3.5,0,3.56103471748854,0,0,0
321,74.0000000000001,9,1499.99518239035,3.5,0,13.0055796380793,0,0,0
321,74.0000000000001,10,74.370654900363,11,0,0,0,0,0
321,74.0000000000001,11,400.507363552497,-4,0,0,0,0,0
321,74.1000000000001,1,689.837237819122,3.5,0,7.44922242850392,0,0,0
321,74.1000000000001,2,737.104008948187,0,0,13.000326469502,0,0,0
321,74.1000000000001,3,1327.62242666333,3.5,0,12.189956610452,0,0,0
321,74.1000000000001,4,1593.76008026584,0,0,12.8114583475382,0,0,0
321,74.1000000000001,5,1156.68135491738,0,0,7.6159578591009,0,0,0
321,74.1000000000001,6,710.965157133087,3.5,0,7.42408620751452,0,0,0
321,74.1000000000001,7,1412.00041231145,0,0,13.3056982550837,0,0,0
321,74.1000000000001,8,764.550383477437,3.5,0,3.5651677111706,0,0,0
321,74.1000000000001,9,1501.28678427086,3.5,0,12.8264579721962,0,0,0
321,74.1000000000001,10,74.370654900363,11,0,0,0,0,0
321,74.1000000000001,11,400.507363552497,-4,0,0,0,0,0
321,74.2000000000001,1,690.582123063241,3.5,0,7.44848245387056,0,0,0
321,74.2000000000001,2,738.404701522644,0,0,13.0135250196298,0,0,0
321,74.2000000000001,3,1328.84138281723,3.5,0,12.1891664675102,0,0,0
321,74.2000000000001,4,1595.04417527649,0,0,12.8704418655517,0,0,0
321,74.2000000000001,5,1157.44294133097,0,0,7.61577041262678,0,0,0
321,74.2000000000001,6,711.70756559224,3.5,0,7.42408297554066,0,0,0
321,74.2000000000001,7,1413.33232011036,0,0,13.3324577232054,0,0,0
321,74.2000000000001,8,764.907086233269,3.5,0,3.56888740548445,0,0,0
321,74.2000000000001,9,1502.56136959311,3.5,0,12.6652484729014,0,0,0
321,74.2000000000001,10,74.370654900363,11,0,0,0,0,0
321,74.2000000000001,11,400.507363552497,-4,0,0,0,0,0
321,74.3000000000001,1,691.326935376075,3.5,0,7.44776380281409,0,0,0
321,74.3000000000001,2,739.706647959363,0,0,13.0254037147448,0,0,0
321,74.3000000000001,3,1330.06026390755,3.5,0,12.1884553388626,0,0,0
321,74.3000000000001,4,1596.33387372136,0,0,12.9235270317639,0,0,0
321,74.3000000000001,5,1158.20450993714,0,0,7.61560171080007,0,0,0
321,74.3000000000001,6,712.449973744355,3.5,0,7.42408006676417,0,0,0
321,74.3000000000001,7,1414.66677005875,0,0,13.356541244515,0,0,0
321,74.3000000000001,8,765.264142360062,3.5,0,3.57223513036692,0,0,0
321,74.3000000000001,9,1503.82064001294,3.5,0,12.520159923536,0,0,0
321,74.3000000000001,10,74.370654900363,11,0,0,0,0,0
321,74.3000000000001,11,400.507363552497,-4,0,0,0,0,0
321,74.4,1,692.071676860204,3.5,0,7.44706587974767,0,0,0
321,74.4,2,741.009722872117,0,0,13.0360945403483,0,0,0
321,74.4,3,1331.27907744065,3.5,0,12.1878153230797,0,0,0
321,74.4,4,1597.62861525701,0,0,12.9713036813549,0,0,0
321,74.4,5,1158.96606251663,0,0,7.61544987915603,0,0,0
321,74.4,6,713.192381620137,3.5,0,7.42407744886534,0,0,0
321,74.4,7,1416.00350794166,0,0,13.3782164136936,0,0,0
321,74.4,8,765.621516520718,3.5,0,3.57524808276114,0,0,0
321,74.4,9,1505.06612702057,3.5,0,12.3895802291072,0,0,0
321,74.4,10,74.370654900363,11,0,0,0,0,0
321,74.4,11,400.507363552497,-4,0,0,0,0,0
321,74.5,1,692.816349559425,3.5,0,7.44638810468995,0,0,0
321,74.5,2,742.313813413304,0,0,13.0457162833915,0,0,0
321,74.5,3,1332.49783017224,3.5,0,12.1872393088752,0,0,0
321,74.5,4,1598.92789557438,0,0,13.0143026659867,0,0,0
321,74.5,5,1159.72760067213,0,0,7.61531323067639,0,0,0
321,74.5,6,713.934789247218,3.5,0,7.42407509275639,0,0,0
321,74.5,7,1417.34230496564,0,0,13.3977240659544,0,0,0
321,74.5,8,765.979176911852,3.5,0,3.57795973991594,0,0,0
321,74.5,9,1506.29920895723,3.5,0,12.2720585041213,0,0,0
321,74.5,10,74.370654900363,11,0,0,0,0,0
321,74.5,11,400.507363552497,-4,0,0,0,0,0
321,74.6,1,693.560955460307,3.5,0,7.44572991293568,0,0,0
321,74.6,2,743.61881802008,0,0,13.0543758521303,0,0,0
321,74.6,3,1333.71652818249,3.5,0,12.1867208960911,0,0,0
321,74.6,4,1600.23126079529,0,0,13.0530017521554,0,0,0
321,74.6,5,1160.48912584601,0,0,7.61519024704472,0,0,0
321,74.6,6,714.677196650469,3.5,0,7.42407297225834,0,0,0
321,74.6,7,1418.68295521659,0,0,13.4152809529891,0,0,0
321,74.6,8,766.337094910416,3.5,0,3.58040023135526,0,0,0
321,74.6,9,1507.52112633002,3.5,0,12.166288951634,0,0,0
321,74.6,10,74.370654900363,11,0,0,0,0,0
321,74.6,11,400.507363552497,-4,0,0,0,0,0
321,74.7,1,694.30549649369,3.5,0,7.44509075472514,0,0,0
321,74.7,2,744.924645285887,0,0,13.0621694639953,0,0,0
321,74.7,3,1334.93517694352,3.5,0,12.1862543245854,0,0,0
321,74.7,4,1601.53830242938,0,0,13.0878309297072,0,0,0
321,74.7,5,1161.25063933645,0,0,7.61507956177621,0,0,0
321,74.7,6,715.419603852272,3.5,0,7.42407106381009,0,0,0
321,74.7,7,1420.0252733718,0,0,13.4310821513203,0,0,0
321,74.7,8,766.695244755666,3.5,0,3.58259667365065,0,0,0
321,74.7,9,1508.73299559532,3.5,0,12.0710963543954,0,0,0
321,74.7,10,74.370654900363,11,0,0,0,0,0
321,74.7,11,400.507363552497,-4,0,0,0,0,0
321,74.8,1,695.049974536172,3.5,0,7.44447009491343,0,0,0
321,74.8,2,746.23121294482,0,0,13.0691837146737,0,0,0
321,74.8,3,1336.15378138027,3.5,0,12.1858344102302,0,0,0
321,74.8,4,1602.84865283534,0,0,13.1191771895038,0,0,0
321,74.8,5,1162.01214231179,0,0,7.61497994503456,0,0,0
321,74.8,6,716.162010872773,3.5,0,7.42406934620666,0,0,0
321,74.8,7,1421.36909264086,0,0,13.4453032298184,0,0,0
321,74.8,8,767.053603262935,3.5,0,3.5845734717165,0,0,0
321,74.8,9,1509.93582156388,3.5,0,11.9854230168807,0,0,0
321,74.8,10,74.370654900363,11,0,0,0,0,0
321,74.8,11,400.507363552497,-4,0,0,0,0,0
321,74.9,1,695.794391411549,3.5,0,7.44386741264056,0,0,0
321,74.9,2,747.538446957568,0,0,13.0754965402843,0,0,0
321,74.9,3,1337.37234592514,3.5,0,12.1854564873106,0,0,0
321,74.9,4,1604.16198113598,0,0,13.1473888233208,0,0,0
321,74.9,5,1162.77363582354,0,0,7.61489028996707,0,0,0
321,74.9,6,716.904417730102,3.5,0,7.42406780036358,0,0,0
321,74.9,7,1422.71426291238,0,0,13.4581022004667,0,0,0
321,74.9,8,767.412149566019,3.5,0,3.58635258997576,0,0,0
321,74.9,9,1511.13050856538,3.5,0,11.9083170131174,0,0,0
321,74.9,10,74.370654900363,11,0,0,0,0,0
321,74.9,11,400.507363552497,-4,0,0,0,0,0
321,75,1,696.538748892231,3.5,0,7.44328220100331,0,0,0
321,75,2,748.846280688749,0,0,13.0811780833339,0,0,0
321,75,3,1338.59087456734,3.5,0,12.185116356683,0,0,0
321,75,4,1605.47798954184,0,0,13.172779293756,0,0,0
321,75,5,1163.53512081806,0,0,7.61480960040633,0,0,0
321,75,6,717.646824440575,3.5,0,7.42406640910481,0,0,0
321,75,7,1424.0606490861,0,0,13.4696212740501,0,0,0
321,75,8,767.770864885338,3.5,0,3.5879537964091,0,0,0
321,75,9,1512.31787049652,3.5,0,11.8389216097305,0,0,0
321,75,10,74.370654900363,11,0,0,0,0,0
321,75,11,400.507363552497,-4,0,0,0,0,0
321,75.1,1,697.283048700618,3.5,0,7.4427139667294,0,0,0
321,75.1,2,750.15465416652,0,0,13.0862914720785,0,0,0
321,75.1,3,1339.80937089713,3.5,0,12.1848102391181,0,0,0
321,75.1,4,1606.79641004238,0,0,13.1956307171478,0,0,0
321,75.1,5,1164.29659814707,0,0,7.61473697980166,0,0,0
321,75.1,6,718.389231018879,3.5,0,7.42406515697191,0,0,0
321,75.1,7,1425.40812957182,0,0,13.4799884402752,0,0,0
321,75.1,8,768.129732319269,3.5,0,3.58939488219911,0,0,0
321,75.1,9,1513.49863986434,3.5,0,11.7764657466822,0,0,0
321,75.1,10,74.370654900363,11,0,0,0,0,0
321,75.1,11,400.507363552497,-4,0,0,0,0,0
321,75.2,1,698.027292510447,3.5,0,7.44216222985476,0,0,0
321,75.2,2,751.463513416221,0,0,13.0908935219486,0,0,0
321,75.2,3,1341.02783814575,3.5,0,12.1845347333097,0,0,0
321,75.2,4,1608.11700142815,0,0,13.2161969982003,0,0,0
321,75.2,5,1165.05806857713,0,0,7.61467162125746,0,0,0
321,75.2,6,719.13163747823,3.5,0,7.4240640300523,0,0,0
321,75.2,7,1426.75659493832,0,0,13.4893188898778,0,0,0
321,75.2,8,768.488736656349,3.5,0,3.59069185941011,0,0,0
321,75.2,9,1514.67347592518,3.5,0,11.7202554699388,0,0,0
321,75.2,10,74.370654900363,11,0,0,0,0,0
321,75.2,11,400.507363552497,-4,0,0,0,0,0
321,75.3,1,698.77148194811,3.5,0,7.44162652340429,0,0,0
321,75.3,2,752.77280986066,0,0,13.0950353668318,0,0,0
321,75.3,3,1342.24627922132,3.5,0,12.1842867780821,0,0,0
321,75.3,4,1609.43954661062,0,0,13.2347066511476,0,0,0
321,75.3,5,1165.81953279812,0,0,7.61461279856768,0,0,0
321,75.3,6,719.874043830524,3.5,0,7.42406301582466,0,0,0
321,75.3,7,1428.10594669754,0,0,13.4977162945202,0,0,0
321,75.3,8,768.847864206265,3.5,0,3.59185913890001,0,0,0
321,75.3,9,1515.84297200972,3.5,0,11.6696662208697,0,0,0
321,75.3,10,74.370654900363,11,0,0,0,0,0
321,75.3,11,400.507363552497,-4,0,0,0,0,0
321,75.4,1,699.515618593934,3.5,0,7.44110639307666,0,0,0
321,75.4,2,754.082499780363,0,0,13.0987630272266,0,0,0
321,75.4,3,1343.46469674115,3.5,0,12.1840636183773,0,0,0
321,75.4,4,1610.76385021011,0,0,13.2513653388002,0,0,0
321,75.4,5,1166.58099143095,0,0,7.61455985814688,0,0,0
321,75.4,6,720.616450086466,3.5,0,7.42406210301978,0,0,0
321,75.4,7,1429.45609621021,0,0,13.5052739586983,0,0,0
321,75.4,8,769.207102647732,3.5,0,3.59290969044093,0,0,0
321,75.4,9,1517.00766211559,3.5,0,11.6241358967076,0,0,0
321,75.4,10,74.370654900363,11,0,0,0,0,0
321,75.4,11,400.507363552497,-4,0,0,0,0,0
321,75.5,1,700.259703983435,3.5,0,7.44060139693355,0,0,0
321,75.5,2,755.392543827803,0,0,13.1021179215819,0,0,0
321,75.5,3,1344.6830930608,3.5,0,12.183862774643,0,0,0
321,75.5,4,1612.08973638494,0,0,13.2663581576875,0,0,0
321,75.5,5,1167.34244503445,0,0,7.61451221176816,0,0,0
321,75.5,6,721.358856255692,3.5,0,7.42406128149538,0,0,0
321,75.5,7,1430.80696370096,0,0,13.5120758564585,0,0,0
321,75.5,8,769.566440891595,3.5,0,3.59385518682775,0,0,0
321,75.5,9,1518.16802684068,3.5,0,11.5831586049616,0,0,0
321,75.5,10,74.370654900363,11,0,0,0,0,0
321,75.5,11,400.507363552497,-4,0,0,0,0,0
321,75.6,1,701.003739608536,3.5,0,7.44011110509347,0,0,0
321,75.6,2,756.702906590207,0,0,13.1051373265017,0,0,0
321,75.6,3,1345.90147030029,3.5,0,12.1836820152821,0,0,0
321,75.6,4,1613.41704687756,0,0,13.2798516946861,0,0,0
321,75.6,5,1168.10389411154,0,0,7.61446933002731,0,0,0
321,75.6,6,722.101262346873,3.5,0,7.42406054212343,0,0,0
321,75.6,7,1432.15847737201,0,0,13.5181975644428,0,0,0
321,75.6,8,769.925868957616,3.5,0,3.59470613357589,0,0,0
321,75.6,9,1519.32449872305,3.5,0,11.5462790423902,0,0,0
321,75.6,10,74.370654900363,11,0,0,0,0,0
321,75.6,11,400.507363552497,-4,0,0,0,0,0
321,75.7,1,701.747726918762,3.5,0,7.43963509943068,0,0,0
321,75.7,2,758.013556196079,0,0,13.1078547909295,0,0,0
321,75.7,3,1347.11983036765,3.5,0,12.1835193318573,0,0,0
321,75.7,4,1614.74563925619,0,0,13.2919958779848,0,0,0
321,75.7,5,1168.86533911486,0,0,7.61443073646054,0,0,0
321,75.7,6,722.843668367814,3.5,0,7.42405987668867,0,0,0
321,75.7,7,1433.51057260531,0,0,13.5237071016287,0,0,0
321,75.7,8,770.285377863577,3.5,0,3.59547198564921,0,0,0
321,75.7,9,1520.47746704697,3.5,0,11.513087436076,0,0,0
321,75.7,10,74.370654900363,11,0,0,0,0,0
321,75.7,11,400.507363552497,-4,0,0,0,0,0
321,75.8,1,702.491667322398,3.5,0,7.43917297327923,0,0,0
321,75.8,2,759.324463961071,0,0,13.1103005089146,0,0,0
321,75.8,3,1348.33817498008,3.5,0,12.183372916775,0,0,0
321,75.8,4,1616.07538533224,0,0,13.3029256429537,0,0,0
321,75.8,5,1169.6267804518,0,0,7.61439600225046,0,0,0
321,75.8,6,723.586074325538,3.5,0,7.42405927779739,0,0,0
321,75.8,7,1434.86319124465,0,0,13.5286656850959,0,0,0
321,75.8,8,770.644959525485,3.5,0,3.59616125251521,0,0,0
321,75.8,9,1521.62728216829,3.5,0,11.4832149903932,0,0,0
321,75.8,10,74.370654900363,11,0,0,0,0,0
321,75.8,11,400.507363552497,-4,0,0,0,0,0
321,75.9,1,703.235562187619,3.5,0,7.43872433114233,0,0,0
321,75.9,2,760.635604069272,0,0,13.1125016551011,0,0,0
321,75.9,3,1349.55216874844,3.5,0,12.0965024503108,0,0,0
321,75.9,4,1617.40616973596,0,0,13.3127624314257,0,0,0
321,75.9,5,1170.38821848898,0,0,7.61436474146138,0,0,0
321,75.9,6,724.328480226368,3.5,0,7.42405873879523,0,0,0
321,75.9,7,1436.21628094941,0,0,13.5331284102164,0,0,0
321,75.9,8,771.004606667746,3.5,0,3.5967815926946,0,0,0
321,75.9,9,1522.77425940728,3.5,0,11.4563297892787,0,0,0
321,75.9,10,74.370654900363,11,0,0,0,0,0
321,75.9,11,400.507363552497,-4,0,0,0,0,0
321,76,1,703.979412843596,3.5,0,7.43828878840729,0,0,0
321,76,2,761.946953286361,0,0,13.114482686669,0,0,0
321,76,3,1350.75790982248,3.5,0,12.0183190304931,0,0,0
321,76,4,1618.73788863458,0,0,13.3216155410504,0,0,0
321,76,5,1171.14965355639,0,0,7.6143366067512,0,0,0
321,76,6,725.070886075992,3.5,0,7.42405825369329,0,0,0
321,76,7,1437.56979461307,0,0,13.5371448628249,0,0,0
321,76,8,771.364312742323,3.5,0,3.59733989885606,0,0,0
321,76,9,1523.91868255215,3.5,0,11.4321331082756,0,0,0
321,76,10,74.370654900363,11,0,0,0,0,0
321,76,11,400.507363552497,-4,0,0,0,0,0
321,76.1,1,704.72322058157,3.5,0,7.43786597106597,0,0,0
321,76.1,2,763.258490701448,0,0,13.1162656150801,0,0,0
321,76.1,3,1351.95622347163,3.5,0,11.9479539526572,0,0,0
321,76.1,4,1620.07044857862,0,0,13.3295833397127,0,0,0
321,76.1,5,1171.91108595101,0,0,7.61431128551205,0,0,0
321,76.1,6,725.813291879532,3.5,0,7.42405781710155,0,0,0
321,76.1,7,1438.92368983972,0,0,13.5407596701725,0,0,0
321,76.1,8,771.724071855986,3.5,0,3.59784237440136,0,0,0
321,76.1,9,1525.06080701234,3.5,0,11.4103560953729,0,0,0
321,76.1,10,74.370654900363,11,0,0,0,0,0
321,76.1,11,400.507363552497,-4,0,0,0,0,0
321,76.1999999999999,1,705.466986655895,3.5,0,7.43745551544093,0,0,0
321,76.1999999999999,2,764.570197494735,0,0,13.1178702506501,0,0,0
321,76.1999999999999,3,1353.1478524384,3.5,0,11.8846253826048,0,0,0
321,76.1999999999999,4,1621.40376546353,0,0,13.3367543585088,0,0,0
321,76.1999999999999,5,1172.6725159401,0,0,7.61428849639681,0,0,0
321,76.1999999999999,6,726.555697641595,3.5,0,7.42405742416898,0,0,0
321,76.1999999999999,7,1440.27792847306,0,0,13.5440129967854,0,0,0
321,76.1999999999999,8,772.083878704826,3.5,0,3.59829460239214,0,0,0
321,76.1999999999999,9,1526.20086265629,3.5,0,11.3907567837604,0,0,0
321,76.1999999999999,10,74.370654900363,11,0,0,0,0,0
321,76.1999999999999,11,400.507363552497,-4,0,0,0,0,0
321,76.2999999999999,1,706.210712285063,3.5,0,7.43705706791724,0,0,0
321,76.2999999999999,2,765.8820567284,0,0,13.119314422663,0,0,0
321,76.2999999999999,3,1354.33346519101,3.5,0,11.8276296695577,0,0,0
321,76.2999999999999,4,1622.73776359523,0,0,13.3432082754253,0,0,0
321,76.2999999999999,5,1173.43394376423,0,0,7.6142679861931,0,0,0
321,76.2999999999999,6,727.29810336633,3.5,0,7.42405707052966,0,0,0
321,76.2999999999999,7,1441.63247617244,0,0,13.546940990737,0,0,0
321,76.2999999999999,8,772.443728515325,3.5,0,3.59870160758384,0,0,0
321,76.2999999999999,9,1527.33905636565,3.5,0,11.3731174033092,0,0,0
321,76.2999999999999,10,74.370654900363,11,0,0,0,0,0
321,76.2999999999999,11,400.507363552497,-4,0,0,0,0,0
321,76.3999999999999,1,706.954398652693,3.5,0,7.43667028468012,0,0,0
321,76.3999999999999,2,767.194053158407,0,0,13.1206141774747,0,0,0
321,76.3999999999999,3,1355.51366335087,3.5,0,11.7763335278153,0,0,0
321,76.3999999999999,4,1624.07237484903,0,0,13.3490168006501,0,0,0
321,76.3999999999999,5,1174.19536963989,0,0,7.61424952700975,0,0,0
321,76.3999999999999,6,728.04050905747,3.5,0,7.42405675225428,0,0,0
321,76.3999999999999,7,1442.98730203124,0,0,13.5495761852934,0,0,0
321,76.3999999999999,8,772.803616991317,3.5,0,3.59906791225637,0,0,0
321,76.3999999999999,9,1528.47557433386,3.5,0,11.3572419609031,0,0,0
321,76.3999999999999,10,74.370654900363,11,0,0,0,0,0
321,76.3999999999999,11,400.507363552497,-4,0,0,0,0,0
321,76.4999999999999,1,707.6980469085,3.5,0,7.43629483145814,0,0,0
321,76.4999999999999,2,768.506173065121,0,0,13.1217839568052,0,0,0
321,76.4999999999999,3,1356.68898837728,3.5,0,11.7301670002471,0,0,0
321,76.4999999999999,4,1625.40753791273,0,0,13.3542444733524,0,0,0
321,76.4999999999999,5,1174.95679376193,0,0,7.61423291374474,0,0,0
321,76.4999999999999,6,728.782914718373,3.5,0,7.42405646580644,0,0,0
321,76.4999999999999,7,1444.34237823353,0,0,13.5519478603942,0,0,0
321,76.4999999999999,8,773.163540266253,3.5,0,3.59939758646165,0,0,0
321,76.4999999999999,9,1529.61058413504,3.5,0,11.3429540627376,0,0,0
321,76.4999999999999,10,74.370654900363,11,0,0,0,0,0
321,76.4999999999999,11,400.507363552497,-4,0,0,0,0,0
321,76.5999999999999,1,708.441658169237,3.5,0,7.43593038327232,0,0,0
321,76.5999999999999,2,769.818404100871,0,0,13.1228367582027,0,0,0
321,76.5999999999999,3,1357.85992758356,3.5,0,11.6886171254358,0,0,0
321,76.5999999999999,4,1626.74319760534,0,0,13.3589493787845,0,0,0
321,76.5999999999999,5,1175.71821630571,0,0,7.61421796180624,0,0,0
321,76.5999999999999,6,729.525320352063,3.5,0,7.42405620800338,0,0,0
321,76.5999999999999,7,1445.69767974494,0,0,13.5540823679849,0,0,0
321,76.5999999999999,8,773.523494860238,3.5,0,3.5996942932464,0,0,0
321,76.5999999999999,9,1530.7442365859,3.5,0,11.3300949543886,0,0,0
321,76.5999999999999,10,74.370654900363,11,0,0,0,0,0
321,76.5999999999999,11,400.507363552497,-4,0,0,0,0,0
321,76.6999999999999,1,709.18523351961,3.5,0,7.43557662419078,0,0,0
321,76.6999999999999,2,771.130735152754,0,0,13.1237842794604,0,0,0
321,76.6999999999999,3,1359.02691955174,3.5,0,11.6512222381055,0,0,0
321,76.6999999999999,4,1628.07930426396,0,0,13.3631837936734,0,0,0
321,76.6999999999999,5,1176.48972214019,0,0,7.81589872775653,0,0,0
321,76.6999999999999,6,730.267725961262,3.5,0,7.42405597598062,0,0,0
321,76.6999999999999,7,1447.05318403458,0,0,13.5560034248165,0,0,0
321,76.6999999999999,8,773.883477641368,3.5,0,3.59996132935267,0,0,0
321,76.6999999999999,9,1531.87666742146,3.5,0,11.3185217568745,0,0,0
321,76.6999999999999,10,74.370654900363,11,0,0,0,0,0
321,76.6999999999999,11,400.507363552497,-4,0,0,0,0,0
321,76.7999999999999,1,709.928774013174,3.5,0,7.43523324708907,0,0,0
321,76.7999999999999,2,772.443156219157,0,0,13.1246370485924,0,0,0
321,76.7999999999999,3,1360.19035900562,3.5,0,11.6175668395084,0,0,0
321,76.7999999999999,4,1629.415813192,0,0,13.3669947670734,0,0,0
321,76.7999999999999,5,1177.28038764743,0,0,7.99741141711178,0,0,0
321,76.7999999999999,6,731.010131548419,3.5,0,7.42405576716015,0,0,0
321,76.7999999999999,7,1448.40887082462,0,0,13.557732375965,0,0,0
321,76.7999999999999,8,774.243485790928,3.5,0,3.60020166184832,0,0,0
321,76.7999999999999,9,1533.00799880326,3.5,0,11.3081058791119,0,0,0
321,76.7999999999999,10,74.370654900363,11,0,0,0,0,0
321,76.7999999999999,11,400.507363552497,-4,0,0,0,0,0
321,76.8999999999999,1,710.672280673199,3.5,0,7.43489995341617,0,0,0
321,76.8999999999999,2,773.755658298627,0,0,13.1254045408111,0,0,0
321,76.8999999999999,3,1361.35060119663,3.5,0,11.5872769807709,0,0,0
321,76.8999999999999,4,1630.75268416251,0,0,13.3704246431334,0,0,0
321,76.8999999999999,5,1178.08829686016,0,0,8.16077283753152,0,0,0
321,76.8999999999999,6,731.752537115738,3.5,0,7.42405557922172,0,0,0
321,76.8999999999999,7,1449.76472186502,0,0,13.5592884319986,0,0,0
321,76.8999999999999,8,774.603516772075,3.5,0,3.6004179610944,0,0,0
321,76.8999999999999,9,1534.13834067667,3.5,0,11.2987315891255,0,0,0
321,76.8999999999999,10,74.370654900363,11,0,0,0,0,0
321,76.8999999999999,11,400.507363552497,-4,0,0,0,0,0
321,76.9999999999999,1,711.415754493518,3.5,0,7.4345764529659,0,0,0
321,76.9999999999999,2,775.068233289858,0,0,13.126095283808,0,0,0
321,76.9999999999999,3,1362.50796585107,3.5,0,11.5600161079071,0,0,0
321,76.9999999999999,4,1632.08988097124,0,0,13.3735115315874,0,0,0
321,76.9999999999999,5,1178.91172540783,0,0,8.30779811590928,0,0,0
321,76.9999999999999,6,732.494942665203,3.5,0,7.42405541007713,0,0,0
321,76.9999999999999,7,1451.12072073074,0,0,13.5606888824289,0,0,0
321,76.9999999999999,8,774.963568301651,3.5,0,3.60061263041588,0,0,0
321,76.9999999999999,9,1535.26779199253,3.5,0,11.2902947281378,0,0,0
321,76.9999999999999,10,74.370654900363,11,0,0,0,0,0
321,76.9999999999999,11,400.507363552497,-4,0,0,0,0,0
321,77.0999999999999,1,712.159196439349,3.5,0,7.43426246365389,0,0,0
321,77.0999999999999,2,776.380873901674,0,0,13.1267169525052,0,0,0
321,77.0999999999999,3,1363.66274072258,3.5,0,11.5354813223298,0,0,0
321,77.0999999999999,4,1633.42737103438,0,0,13.376289731196,0,0,0
321,77.0999999999999,5,1179.74912135695,0,0,8.44012086644926,0,0,0
321,77.0999999999999,6,733.237348198599,3.5,0,7.424055257847,0,0,0
321,77.0999999999999,7,1452.47685263926,0,0,13.5619492878161,0,0,0
321,77.0999999999999,8,775.323638324812,3.5,0,3.6007878328052,0,0,0
321,77.0999999999999,9,1536.3964418066,3.5,0,11.2827015532488,0,0,0
321,77.0999999999999,10,74.370654900363,11,0,0,0,0,0
321,77.0999999999999,11,400.507363552497,-4,0,0,0,0,0
321,77.1999999999999,1,712.902607448097,3.5,0,7.43395771129989,0,0,0
321,77.1999999999999,2,777.693573572016,0,0,13.1272764543327,0,0,0
321,77.1999999999999,3,1364.81518478946,3.5,0,11.5134000153102,0,0,0
321,77.1999999999999,4,1634.76512502648,0,0,13.3787901108437,0,0,0
321,77.1999999999999,5,1180.59908796737,0,0,8.55921134193525,0,0,0
321,77.1999999999999,6,733.979753717534,3.5,0,7.42405512083988,0,0,0
321,77.1999999999999,7,1453.83310428628,0,0,13.5630836526646,0,0,0
321,77.1999999999999,8,775.6837249922,3.5,0,3.6009455149556,0,0,0
321,77.1999999999999,9,1537.52437026906,3.5,0,11.2758676958487,0,0,0
321,77.1999999999999,10,74.370654900363,11,0,0,0,0,0
321,77.1999999999999,11,400.507363552497,-4,0,0,0,0,0
321,77.2999999999999,1,713.645988430133,3.5,0,7.43366192941544,0,0,0
321,77.2999999999999,2,779.006326395031,0,0,13.1277800059774,0,0,0
321,77.2999999999999,3,1365.96553113218,3.5,0,11.4935268389925,0,0,0
321,77.2999999999999,4,1636.10311655465,0,0,13.3810404525267,0,0,0
321,77.2999999999999,5,1181.46036817296,0,0,8.66639276987264,0,0,0
321,77.2999999999999,6,734.722159223452,3.5,0,7.42405499753348,0,0,0
321,77.2999999999999,7,1455.18946369796,0,0,13.5641045810283,0,0,0
321,77.2999999999999,8,776.043826639392,3.5,0,3.60108742889095,0,0,0
321,77.2999999999999,9,1538.65164951506,3.5,0,11.2697172241886,0,0,0
321,77.2999999999999,10,74.370654900363,11,0,0,0,0,0
321,77.2999999999999,11,400.507363552497,-4,0,0,0,0,0
321,77.3999999999999,1,714.389340269553,3.5,0,7.43337485899666,0,0,0
321,77.3999999999999,2,780.319127055453,0,0,13.1282332024576,0,0,0
321,77.3999999999999,3,1367.11398952314,3.5,0,11.4756409803066,0,0,0
321,77.3999999999999,4,1637.44132186528,0,0,13.3830657600414,0,0,0
321,77.3999999999999,5,1182.33183061421,0,0,8.76285605501629,0,0,0
321,77.3999999999999,6,735.464564717657,3.5,0,7.42405488655772,0,0,0
321,77.3999999999999,7,1456.54592009784,0,0,13.5650234165556,0,0,0
321,77.3999999999999,8,776.403941768408,3.5,0,3.60121515143277,0,0,0
321,77.3999999999999,9,1539.77834446625,3.5,0,11.2641817996946,0,0,0
321,77.3999999999999,10,74.370654900363,11,0,0,0,0,0
321,77.3999999999999,11,400.507363552497,-4,0,0,0,0,0
321,77.4999999999999,1,715.132663824919,3.5,0,7.43309624832229,0,0,0
321,77.4999999999999,2,781.63197076954,0,0,13.1286410792899,0,0,0
321,77.4999999999999,3,1368.26074875753,3.5,0,11.4595437074893,0,0,0
321,77.4999999999999,4,1638.77971958012,0,0,13.3848885368046,0,0,0
321,77.4999999999999,5,1183.21245706754,0,0,8.84967301164557,0,0,0
321,77.4999999999999,6,736.206970201319,3.5,0,7.42405478667953,0,0,0
321,77.4999999999999,7,1457.9024637871,0,0,13.5658503685301,0,0,0
321,77.4999999999999,8,776.764069031066,3.5,0,3.60133010172041,0,0,0
321,77.4999999999999,9,1540.90451355212,3.5,0,11.2591999176499,0,0,0
321,77.4999999999999,10,74.370654900363,11,0,0,0,0,0
321,77.4999999999999,11,400.507363552497,-4,0,0,0,0,0
321,77.5999999999999,1,715.875959929973,3.5,0,7.43282585275672,0,0,0
321,77.5999999999999,2,782.944853231927,0,0,13.1290081684389,0,0,0
321,77.5999999999999,3,1369.405978751,3.5,0,11.4450561619537,0,0,0
321,77.5999999999999,4,1640.11829045876,0,0,13.3865290358914,0,0,0
321,77.5999999999999,5,1184.10133113175,0,0,8.92780827261193,0,0,0
321,77.5999999999999,6,736.949375675492,3.5,0,7.42405469678916,0,0,0
321,77.5999999999999,7,1459.25908603679,0,0,13.5665946253072,0,0,0
321,77.5999999999999,8,777.124207214001,3.5,0,3.60143355697928,0,0,0
321,77.5999999999999,9,1542.03020935919,3.5,0,11.2547162238097,0,0,0
321,77.5999999999999,10,74.370654900363,11,0,0,0,0,0
321,77.5999999999999,11,400.507363552497,-4,0,0,0,0,0
321,77.6999999999999,1,716.619229394339,3.5,0,7.43256343455795,0,0,0
321,77.6999999999999,2,784.257770567782,0,0,13.129338548673,0,0,0
321,77.6999999999999,3,1370.54983242765,3.5,0,11.4320173709717,0,0,0
321,77.6999999999999,4,1641.45701718481,0,0,13.3880054850696,0,0,0
321,77.6999999999999,5,1184.99762804576,0,0,8.99813000748165,0,0,0
321,77.6999999999999,6,737.691781141126,3.5,0,7.42405461588783,0,0,0
321,77.6999999999999,7,1460.61577899087,0,0,13.5672644564066,0,0,0
321,77.6999999999999,8,777.484355225186,3.5,0,3.60152666671227,0,0,0
321,77.6999999999999,9,1543.15547921535,3.5,0,11.2506808993536,0,0,0
321,77.6999999999999,10,74.370654900363,11,0,0,0,0,0
321,77.6999999999999,11,400.507363552497,-4,0,0,0,0,0
321,77.7999999999999,1,717.362473004201,3.5,0,7.43230876269041,0,0,0
321,77.7999999999999,2,785.57071928976,0,0,13.1296358908837,0,0,0
321,77.7999999999999,3,1371.69244741915,3.5,0,11.4202824590879,0,0,0
321,77.7999999999999,4,1642.79588417353,0,0,13.38933428933,0,0,0
321,77.7999999999999,5,1185.90060552457,0,0,9.06141956886439,0,0,0
321,77.7999999999999,6,738.434186599074,3.5,0,7.42405454307663,0,0,0
321,77.7999999999999,7,1461.97253557891,0,0,13.5678673043961,0,0,0
321,77.7999999999999,8,777.844512081795,3.5,0,3.60161046547196,0,0,0
321,77.7999999999999,9,1544.28036571569,3.5,0,11.247049107343,0,0,0
321,77.7999999999999,10,74.370654900363,11,0,0,0,0,0
321,77.7999999999999,11,400.507363552497,-4,0,0,0,0,0
321,77.8999999999998,1,718.105691522968,3.5,0,7.43206161264259,0,0,0
321,77.8999999999998,2,786.883696259248,0,0,13.1299034988733,0,0,0
321,77.8999999999998,3,1372.83394759403,3.5,0,11.4097210383925,0,0,0
321,77.8999999999998,4,1644.13487739865,0,0,13.3905302131644,0,0,0
321,77.8999999999998,5,1186.80959551172,0,0,9.11838017410887,0,0,0
321,77.8999999999998,6,739.176592050105,3.5,0,7.42405447754655,0,0,0
321,77.8999999999998,7,1463.32934943751,0,0,13.5684098675866,0,0,0
321,77.8999999999998,8,778.204676899286,3.5,0,3.60168588435568,0,0,0
321,77.8999999999998,9,1545.40490719578,3.5,0,11.2437804945335,0,0,0
321,77.8999999999998,10,74.370654900363,11,0,0,0,0,0
321,77.8999999999998,11,400.507363552497,-4,0,0,0,0,0
321,77.9999999999998,1,718.848885691913,3.5,0,7.43182176624923,0,0,0
321,77.9999999999998,2,788.196698651495,0,0,13.1301443460639,0,0,0
321,77.9999999999998,3,1373.97444443393,3.5,0,11.4002157597666,0,0,0
321,77.9999999999998,4,1645.47398423654,0,0,13.3916065446153,0,0,0
321,77.9999999999998,5,1187.72399675637,0,0,9.16964471882889,0,0,0
321,77.9999999999998,6,739.913027731353,3.5,0,7.3046591474057,0,0,0
321,77.9999999999998,7,1464.68621483962,0,0,13.5688981744581,0,0,0
321,77.9999999999998,8,778.564848881571,3.5,0,3.60175376135102,0,0,0
321,77.9999999999998,9,1546.52913815766,3.5,0,11.240838743005,0,0,0
321,77.9999999999998,10,74.370654900363,11,0,0,0,0,0
321,77.9999999999998,11,400.507363552497,-4,0,0,0,0,0
321,78.0999999999998,1,719.591846660864,3.5,0,7.42739761277309,0,0,0
321,78.0999999999998,2,789.509723924225,0,0,13.1303611085355,0,0,0
321,78.0999999999998,3,1375.11403827237,3.5,0,11.3916610090033,0,0,0
321,78.0999999999998,4,1646.81319332592,0,0,13.3925752429211,0,0,0
321,78.0999999999998,5,1188.64326813276,0,0,9.21578280907692,0,0,0
321,78.0999999999998,6,740.638120856237,3.5,0,7.19720335027894,0,0,0
321,78.0999999999998,7,1466.04312663087,0,0,13.5693376506424,0,0,0
321,78.0999999999998,8,778.925027312171,3.5,0,3.60181485064683,0,0,0
321,78.0999999999998,9,1547.65308965314,3.5,0,11.2381911666293,0,0,0
321,78.0999999999998,10,74.370654900363,11,0,0,0,0,0
321,78.0999999999998,11,400.507363552497,-4,0,0,0,0,0
321,78.1999999999998,1,720.334181280063,3.5,0,7.41929477121906,0,0,0
321,78.1999999999998,2,790.82276978939,0,0,13.13055619476,0,0,0
321,78.1999999999998,3,1376.25281940949,3.5,0,11.3839617333163,0,0,0
321,78.1999999999998,4,1648.15249444163,0,0,13.3934470713963,0,0,0
321,78.1999999999998,5,1189.56692262773,0,0,9.25730709030014,0,0,0
321,78.1999999999998,6,741.353005680394,3.5,0,7.10049313286486,0,0,0
321,78.1999999999998,7,1467.40008017236,0,0,13.5697331792083,0,0,0
321,78.1999999999998,8,779.285211546254,3.5,0,3.60186983101307,0,0,0
321,78.1999999999998,9,1548.77678962887,3.5,0,11.2358083478912,0,0,0
321,78.1999999999998,10,74.370654900363,11,0,0,0,0,0
321,78.1999999999998,11,400.507363552497,-4,0,0,0,0,0
321,78.2999999999998,1,721.075545102023,3.5,0,7.40798166797106,0,0,0
321,78.2999999999998,2,792.135834187746,0,0,13.130731772362,0,0,0
321,78.2999999999998,3,1377.39086911541,3.5,0,11.3770323851981,0,0,0
321,78.2999999999998,4,1649.49187838105,0,0,13.394231717024,0,0,0
321,78.2999999999998,5,1190.49452192942,0,0,9.29467894340104,0,0,0
321,78.2999999999998,6,742.058703033897,3.5,0,7.01345393719218,0,0,0
321,78.2999999999998,7,1468.75707128907,0,0,13.5700891549175,0,0,0
321,78.2999999999998,8,779.645401003472,3.5,0,3.60191931334267,0,0,0
321,78.2999999999998,9,1549.90026323681,3.5,0,11.2336638110268,0,0,0
321,78.2999999999998,10,74.370654900363,11,0,0,0,0,0
321,78.2999999999998,11,400.507363552497,-4,0,0,0,0,0
321,78.3999999999998,1,721.815638634381,3.5,0,7.39388897918703,0,0,0
321,78.3999999999998,2,793.448915265974,0,0,13.1308897922038,0,0,0
321,78.3999999999998,3,1378.52826053327,3.5,0,11.3707959718916,0,0,0
321,78.3999999999998,4,1650.83133686181,0,0,13.3949378980889,0,0,0
321,78.3999999999998,5,1191.42567155715,0,0,9.32831361119185,0,0,0
321,78.3999999999998,6,742.756131663811,3.5,0,6.93511866108677,0,0,0
321,78.3999999999998,7,1470.11409622347,0,0,13.5704095330559,0,0,0
321,78.3999999999998,8,780.005595161511,3.5,0,3.60196384743932,0,0,0
321,78.3999999999998,9,1551.02353311376,3.5,0,11.231733727849,0,0,0
321,78.3999999999998,10,74.370654900363,11,0,0,0,0,0
321,78.3999999999998,11,400.507363552497,-4,0,0,0,0,0
321,78.4999999999998,1,722.554203584522,3.5,0,7.37741002363075,0,0,0
321,78.4999999999998,2,794.762011356087,0,0,13.1310320100614,0,0,0
321,78.4999999999998,3,1379.66505949186,3.5,0,11.3651831999158,0,0,0
321,78.4999999999998,4,1652.17086242977,0,0,13.3955734610474,0,0,0
321,78.4999999999998,5,1192.36001647832,0,0,9.35858481220357,0,0,0
321,78.4999999999998,6,743.446118442495,3.5,0,6.8646169125919,0,0,0
321,78.4999999999998,7,1471.47115159379,0,0,13.5706978733804,0,0,0
321,78.4999999999998,8,780.36579355029,3.5,0,3.6020039281263,0,0,0
321,78.4999999999998,9,1552.1466196328,3.5,0,11.2299966529889,0,0,0
321,78.4999999999998,10,74.370654900363,11,0,0,0,0,0
321,78.4999999999998,11,400.507363552497,-4,0,0,0,0,0
321,78.5999999999998,1,723.291019178863,3.5,0,7.35890186318828,0,0,0
321,78.5999999999998,2,796.075120956897,0,0,13.1311600061332,0,0,0
321,78.5999999999998,3,1380.80132523711,3.5,0,11.3601317051376,0,0,0
321,78.5999999999998,4,1653.5104483762,0,0,13.39614546771,0,0,0
321,78.5999999999998,5,1193.29723716358,0,0,9.38582889311413,0,0,0
321,78.5999999999998,6,744.129407555072,3.5,0,6.80116533894652,0,0,0
321,78.5999999999998,7,1472.82823435644,0,0,13.5709573796725,0,0,0
321,78.5999999999998,8,780.725995746733,3.5,0,3.60204000074459,0,0,0
321,78.5999999999998,9,1553.26954112973,3.5,0,11.2284332856148,0,0,0
321,78.5999999999998,10,74.370654900363,11,0,0,0,0,0
321,78.5999999999998,11,400.507363552497,-4,0,0,0,0,0
321,78.6999999999998,1,724.025898617449,3.5,0,7.33868690853749,0,0,0
321,78.6999999999998,2,797.388242717334,0,0,13.1312752025979,0,0,0
321,78.6999999999998,3,1381.93711109036,3.5,0,11.3555853598372,0,0,0
321,78.6999999999998,4,1654.85008866327,0,0,13.3966602737063,0,0,0
321,78.6999999999998,5,1194.23704603654,0,0,9.41034856593363,0,0,0
321,78.6999999999998,6,744.806668768153,3.5,0,6.74405892266568,0,0,0
321,78.6999999999998,7,1474.18534177219,0,0,13.5711909353354,0,0,0
321,78.6999999999998,8,781.086201370076,3.5,0,3.60207246610104,0,0,0
321,78.6999999999998,9,1554.39231410676,3.5,0,11.2270262549781,0,0,0
321,78.6999999999998,10,74.370654900363,11,0,0,0,0,0
321,78.6999999999998,11,400.507363552497,-4,0,0,0,0,0
321,78.7999999999998,1,724.758685706096,3.5,0,7.31705486439734,0,0,0
321,78.7999999999998,2,798.701375421434,0,0,13.1313788794161,0,0,0
321,78.7999999999998,3,1383.07246504081,3.5,0,11.3514936490668,0,0,0
321,78.7999999999998,4,1656.18977785691,0,0,13.397123599103,0,0,0
321,78.7999999999998,5,1195.17918427841,0,0,9.43241627147118,0,0,0
321,78.7999999999998,6,745.478504871686,3.5,0,6.69266314801292,0,0,0
321,78.7999999999998,7,1475.54247137573,0,0,13.571401135432,0,0,0
321,78.7999999999998,8,781.446410077627,3.5,0,3.60210168492185,0,0,0
321,78.7999999999998,9,1555.51495341588,3.5,0,11.2257599274051,0,0,0
321,78.7999999999998,10,74.370654900363,11,0,0,0,0,0
321,78.7999999999998,11,400.507363552497,-4,0,0,0,0,0
321,78.8999999999998,1,725.489251693405,3.5,0,7.29426488179149,0,0,0
321,78.8999999999998,2,800.014517974833,0,0,13.1314721885525,0,0,0
321,78.8999999999998,3,1384.20743027873,3.5,0,11.3478111093735,0,0,0
321,78.8999999999998,4,1657.52951106647,0,0,13.3975405919601,0,0,0
321,78.8999999999998,5,1196.1234189523,0,0,9.45227720645497,0,0,0
321,78.8999999999998,6,746.145458376628,3.5,0,6.64640695082544,0,0,0
321,78.8999999999998,7,1476.89962094828,0,0,13.5715903155189,0,0,0
321,78.8999999999998,8,781.806621560966,3.5,0,3.60212798186058,0,0,0
321,78.8999999999998,9,1556.63747242388,3.5,0,11.2246202325894,0,0,0
321,78.8999999999998,10,74.370654900363,11,0,0,0,0,0
321,78.8999999999998,11,400.507363552497,-4,0,0,0,0,0
321,78.9999999999998,1,726.21749232817,3.5,0,7.27054781350074,0,0,0
321,78.9999999999998,2,801.327669392599,0,0,13.1315561667752,0,0,0
321,78.9999999999998,3,1385.34204567538,3.5,0,11.3444968236495,0,0,0
321,78.9999999999998,4,1658.86928389034,0,0,13.3979158855314,0,0,0
321,78.9999999999998,5,1197.06954041502,0,0,9.47015204794039,0,0,0
321,78.9999999999998,6,746.808017542838,3.5,0,6.6047763733567,0,0,0
321,78.9999999999998,7,1478.25678849293,0,0,13.5717605775971,0,0,0
321,78.9999999999998,8,782.166835542514,3.5,0,3.60215164910544,0,0,0
321,78.9999999999998,9,1557.75988316087,3.5,0,11.2235945072553,0,0,0
321,78.9999999999998,10,74.370654900363,11,0,0,0,0,0
321,78.9999999999998,11,400.507363552497,-4,0,0,0,0,0
321,79.0999999999998,1,726.943325143512,3.5,0,7.2461084933388,0,0,0
321,79.0999999999998,2,802.640828788297,0,0,13.1316317471757,0,0,0
321,79.0999999999998,3,1386.47634621489,3.5,0,11.3415139664979,0,0,0
321,79.0999999999998,4,1660.20909236711,0,0,13.3982536497456,0,0,0
321,79.0999999999998,5,1198.01735998768,0,0,9.48623940527726,0,0,0
321,79.0999999999998,6,747.466621804187,3.5,0,6.56730885363484,0,0,0
321,79.0999999999998,7,1479.61397221249,0,0,13.5719138134675,0,0,0
321,79.0999999999998,8,782.52705177245,3.5,0,3.60217294962581,0,0,0
321,79.0999999999998,9,1558.88219645395,3.5,0,11.2226713544545,0,0,0
321,79.0999999999998,10,74.370654900363,11,0,0,0,0,0
321,79.0999999999998,11,400.507363552497,-4,0,0,0,0,0
321,79.1999999999998,1,727.666686967193,3.5,0,7.22112798027466,0,0,0
321,79.1999999999998,2,803.953995364132,0,0,13.1316997695361,0,0,0
321,79.1999999999998,3,1387.61036338297,3.5,0,11.3388293950615,0,0,0
321,79.1999999999998,4,1661.54893293147,0,0,13.3985576375384,0,0,0
321,79.1999999999998,5,1198.96670785929,0,0,9.50071802688045,0,0,0
321,79.1999999999998,6,748.121666651163,3.5,0,6.53358808588516,0,0,0
321,79.1999999999998,7,1480.97117048945,0,0,13.5720517257509,0,0,0
321,79.1999999999998,8,782.887270025936,3.5,0,3.60219212009414,0,0,0
321,79.1999999999998,9,1560.00442204752,3.5,0,11.2218405169339,0,0,0
321,79.1999999999998,10,74.370654900363,11,0,0,0,0,0
321,79.1999999999998,11,400.507363552497,-4,0,0,0,0,0
321,79.2999999999998,1,728.387531652461,3.5,0,7.19576572509244,0,0,0
321,79.2999999999998,2,805.267168402092,0,0,13.1317609896605,0,0,0
321,79.2999999999998,3,1388.74412551676,3.5,0,11.3364132807687,0,0,0
321,79.2999999999998,4,1662.88880237467,0,0,13.3988312265519,0,0,0
321,79.2999999999998,5,1199.91743119995,0,0,9.51374878632332,0,0,0
321,79.2999999999998,6,748.773508025203,3.5,0,6.50323939491046,0,0,0
321,79.2999999999998,7,1482.32838186808,0,0,13.5721758468059,0,0,0
321,79.2999999999998,8,783.247490100617,3.5,0,3.60220937351564,0,0,0
321,79.2999999999998,9,1561.12656871153,3.5,0,11.2210927631653,0,0,0
321,79.2999999999998,10,74.370654900363,11,0,0,0,0,0
321,79.2999999999998,11,400.507363552497,-4,0,0,0,0,0
321,79.3999999999998,1,729.105828020248,3.5,0,7.17016163065345,0,0,0
321,79.3999999999998,2,806.580347255964,0,0,13.1318160877724,0,0,0
321,79.3999999999998,3,1389.87765811969,3.5,0,11.3342387779052,0,0,0
321,79.3999999999998,4,1664.22869780884,0,0,13.399077456664,0,0,0
321,79.3999999999998,5,1200.86939246276,0,0,9.5254764698219,0,0,0
321,79.3999999999998,6,749.4224662736,3.5,0,6.47592557303322,0,0,0
321,79.3999999999998,7,1483.68560503821,0,0,13.5722875557555,0,0,0
321,79.3999999999998,8,783.607711814372,3.5,0,3.60222490159499,0,0,0
321,79.3999999999998,9,1562.24864433893,3.5,0,11.2204197847736,0,0,0
321,79.3999999999998,10,74.370654900363,11,0,0,0,0,0
321,79.3999999999998,11,400.507363552497,-4,0,0,0,0,0
321,79.4999999999998,1,729.821558001149,3.5,0,7.1444379873568,0,0,0
321,79.4999999999998,2,807.893531344156,0,0,13.1318656760732,0,0,0
321,79.4999999999998,3,1391.01098414485,3.5,0,11.332281725328,0,0,0
321,79.4999999999998,4,1665.57140176661,0,0,13.4550016988511,0,0,0
321,79.4999999999998,5,1201.8224678555,0,0,9.53603138497062,0,0,0
321,79.4999999999998,6,750.068829708919,3.5,0,6.45134313334371,0,0,0
321,79.4999999999998,7,1485.04283882068,0,0,13.57238809381,0,0,0
321,79.4999999999998,8,783.967935003295,3.5,0,3.60223887686641,0,0,0
321,79.4999999999998,9,1563.37065603338,3.5,0,11.219814104221,0,0,0
321,79.4999999999998,10,74.370654900363,11,0,0,0,0,0
321,79.4999999999998,11,400.507363552497,-4,0,0,0,0,0
321,79.5999999999998,1,730.534714964193,3.5,0,7.11870127352949,0,0,0
321,79.5999999999998,2,809.206720143237,0,0,13.1319103055438,0,0,0
321,79.5999999999998,3,1392.14412425002,3.5,0,11.3305203780086,0,0,0
321,79.5999999999998,4,1666.9194185274,0,0,13.5053335168195,0,0,0
321,79.5999999999998,5,1202.77654596518,0,0,9.54553080860447,0,0,0
321,79.5999999999998,6,750.712857812467,3.5,0,6.42921893762315,0,0,0
321,79.5999999999998,7,1486.40008215428,0,0,13.5724785780591,0,0,0
321,79.5999999999998,8,784.328159519869,3.5,0,3.60225145461068,0,0,0
321,79.5999999999998,9,1564.49261018817,3.5,0,11.2192689917237,0,0,0
321,79.5999999999998,10,74.370654900363,11,0,0,0,0,0
321,79.5999999999998,11,400.507363552497,-4,0,0,0,0,0
321,79.6999999999997,1,731.245302218701,3.5,0,7.0930438166273,0,0,0
321,79.6999999999997,2,810.519913182118,0,0,13.1319504720675,0,0,0
321,79.6999999999997,3,1393.27709702719,3.5,0,11.3289351654211,0,0,0
321,79.6999999999997,4,1668.27221681089,0,0,13.5506321529911,0,0,0
321,79.6999999999997,5,1203.7315265201,0,0,9.55408028987493,0,0,0
321,79.6999999999997,6,751.354784117422,3.5,0,6.40930716147464,0,0,0
321,79.6999999999997,7,1487.75733408387,0,0,13.5725600138834,0,0,0
321,79.6999999999997,8,784.688385231329,3.5,0,3.60226277458053,0,0,0
321,79.6999999999997,9,1565.61451255728,3.5,0,11.2187783904762,0,0,0
321,79.6999999999997,10,74.370654900363,11,0,0,0,0,0
321,79.6999999999997,11,400.507363552497,-4,0,0,0,0,0
321,79.7999999999997,1,731.953331675315,3.5,0,7.06754531566467,0,0,0
321,79.7999999999997,2,811.833110036818,0,0,13.1319866219387,0,0,0
321,79.7999999999997,3,1394.40991920917,3.5,0,11.3275084740923,0,0,0
321,79.7999999999997,4,1669.62931846481,0,0,13.5914009255455,0,0,0
321,79.7999999999997,5,1204.68731927575,0,0,9.56177482301835,0,0,0
321,79.7999999999997,6,751.994818803643,3.5,0,6.39138656294098,0,0,0
321,79.7999999999997,7,1489.11459374987,0,0,13.5726333061251,0,0,0
321,79.7999999999997,8,785.048612018186,3.5,0,3.60227296255339,0,0,0
321,79.7999999999997,9,1566.73636831927,3.5,0,11.2183368493533,0,0,0
321,79.7999999999997,10,74.370654900363,11,0,0,0,0,0
321,79.7999999999997,11,400.507363552497,-4,0,0,0,0,0
321,79.8999999999997,1,732.658822652525,3.5,0,7.04227422853779,0,0,0
321,79.8999999999997,2,813.146310325756,0,0,13.1320191568228,0,0,0
321,79.8999999999997,3,1395.54260585547,3.5,0,11.3262244518965,0,0,0
321,79.8999999999997,4,1670.99029315213,0,0,13.6280928208445,0,0,0
321,79.8999999999997,5,1205.64384301204,0,0,9.56869990284743,0,0,0
321,79.8999999999997,6,752.633151033003,3.5,0,6.37525802426069,0,0,0
321,79.8999999999997,7,1490.47186037864,0,0,13.5726992691427,0,0,0
321,79.8999999999997,8,785.4088397729,3.5,0,3.60228213172897,0,0,0
321,79.8999999999997,9,1567.85818213486,3.5,0,11.2179394623428,0,0,0
321,79.8999999999997,10,74.370654900363,11,0,0,0,0,0
321,79.8999999999997,11,400.507363552497,-4,0,0,0,0,0
321,79.9999999999997,1,733.361800815459,3.5,0,7.01728903013414,0,0,0
321,79.9999999999997,2,814.459513705508,0,0,13.1320484382185,0,0,0
321,79.9999999999997,3,1396.67517051966,3.5,0,11.3250688319202,0,0,0
321,79.9999999999997,4,1672.3547535695,0,0,13.6611155266136,0,0,0
321,79.9999999999997,5,1206.60102463092,0,0,9.5749324746936,0,0,0
321,79.9999999999997,6,753.269951051189,3.5,0,6.36074233944843,0,0,0
321,79.9999999999997,7,1491.82913327389,0,0,13.5727586358586,0,0,0
321,79.9999999999997,8,785.769068398685,3.5,0,3.60229038398698,0,0,0
321,79.9999999999997,9,1568.97995819868,3.5,0,11.2175818140333,0,0,0
321,79.9999999999997,10,74.370654900363,11,0,0,0,0,0
321,79.9999999999997,11,400.507363552497,-4,0,0,0,0,0
321,80.0999999999997,1,734.062297234394,3.5,0,6.99263934856285,0,0,0
321,80.0999999999997,2,815.772719866993,0,0,13.1320747914747,0,0,0
321,80.0999999999997,3,1397.80762539995,3.5,0,11.3240287739415,0,0,0
321,80.0999999999997,4,1673.72235114393,0,0,13.6908359618057,0,0,0
321,80.0999999999997,5,1207.55879834412,0,0,9.58054178935515,0,0,0
321,80.0999999999997,6,753.905372079317,3.5,0,6.3476782231174,0,0,0
321,80.0999999999997,7,1493.18641180898,0,0,13.5728120659028,0,0,0
321,80.0999999999997,8,786.129297808436,3.5,0,3.6022978110192,0,0,0
321,80.0999999999997,9,1570.10170028591,3.5,0,11.2172599305548,0,0,0
321,80.0999999999997,10,74.370654900363,11,0,0,0,0,0
321,80.0999999999997,11,400.507363552497,-4,0,0,0,0,0
321,80.1999999999997,1,734.760347551206,3.5,0,6.96836698768026,0,0,0
321,80.1999999999997,2,817.085928532037,0,0,13.1320985094052,0,0,0
321,80.1999999999997,3,1398.93998147473,3.5,0,11.3230927217607,0,0,0
321,80.1999999999997,4,1675.09277215969,0,0,13.7175843534787,0,0,0
321,80.1999999999997,5,1208.51710494221,0,0,9.58559017255055,0,0,0
321,80.1999999999997,6,754.539552016394,3.5,0,6.33592051841947,0,0,0
321,80.1999999999997,7,1494.54369541992,0,0,13.5728601529427,0,0,0
321,80.1999999999997,8,786.489527923754,3.5,0,3.60230449534819,0,0,0
321,80.1999999999997,9,1571.22341179421,3.5,0,11.2169702354241,0,0,0
321,80.1999999999997,10,74.370654900363,11,0,0,0,0,0
321,80.1999999999997,11,400.507363552497,-4,0,0,0,0,0
321,80.2999999999997,1,735.455991242814,3.5,0,6.94450684447566,0,0,0
321,80.2999999999997,2,818.399139450284,0,0,13.1321198555427,0,0,0
321,80.2999999999997,3,1400.07224862456,3.5,0,11.322250274798,0,0,0
321,80.2999999999997,4,1676.46573427266,0,0,13.7416579059843,0,0,0
321,80.2999999999997,5,1209.47589113671,0,0,9.59013371742641,0,0,0
321,80.2999999999997,6,755.172614971524,3.5,0,6.32533858419133,0,0,0
321,80.2999999999997,7,1495.90098359913,0,0,13.5729034312785,0,0,0
321,80.2999999999997,8,786.849758674084,3.5,0,3.60231051124429,0,0,0
321,80.2999999999997,9,1572.34509578147,3.5,0,11.2167095098065,0,0,0
321,80.2999999999997,10,74.370654900363,11,0,0,0,0,0
321,80.2999999999997,11,400.507363552497,-4,0,0,0,0,0
321,80.3999999999997,1,736.149270971535,3.5,0,6.9210877299439,0,0,0
321,80.3999999999997,2,819.712352396414,0,0,13.1321390670664,0,0,0
321,80.3999999999997,3,1401.20443574193,3.5,0,11.3214920725316,0,0,0
321,80.3999999999997,4,1677.84098337312,0,0,13.7633241032394,0,0,0
321,80.3999999999997,5,1210.43510896797,0,0,9.59422290781468,0,0,0
321,80.3999999999997,6,755.804672642903,3.5,0,6.31581484338601,0,0,0
321,80.3999999999997,7,1497.25827588978,0,0,13.5729423817808,0,0,0
321,80.3999999999997,8,787.209989995923,3.5,0,3.60231592555077,0,0,0
321,80.3999999999997,9,1573.46675499979,3.5,0,11.2164748567507,0,0,0
321,80.3999999999997,10,74.370654900363,11,0,0,0,0,0
321,80.3999999999997,11,400.507363552497,-4,0,0,0,0,0
321,80.4999999999997,1,736.840232013127,3.5,0,6.89813310189861,0,0,0
321,80.4999999999997,2,821.02556716764,0,0,13.1321563574377,0,0,0
321,80.4999999999997,3,1402.33655083008,3.5,0,11.3208096904918,0,0,0
321,80.4999999999997,4,1679.21829076232,0,0,13.782823680769,0,0,0
321,80.4999999999997,5,1211.39471527232,0,0,9.59790317916412,0,0,0
321,80.4999999999997,6,756.435825558906,3.5,0,6.30724347666121,0,0,0
321,80.4999999999997,7,1498.61557188073,0,0,13.5729774372328,0,0,0
321,80.4999999999997,8,787.570221832122,3.5,0,3.60232079842661,0,0,0
321,80.4999999999997,9,1574.58839192608,3.5,0,11.2162636690004,0,0,0
321,80.4999999999997,10,74.370654900363,11,0,0,0,0,0
321,80.4999999999997,11,400.507363552497,-4,0,0,0,0,0
321,80.5999999999997,1,737.528921754114,3.5,0,6.87566171784636,0,0,0
321,80.5999999999997,2,822.33878358145,0,0,13.132171918772,0,0,0
321,80.5999999999997,3,1403.46860109194,3.5,0,11.320195546656,0,0,0
321,80.5999999999997,4,1680.59745061139,0,0,13.8003733005456,0,0,0
321,80.5999999999997,5,1212.35467120245,0,0,9.60121542337862,0,0,0
321,80.5999999999997,6,757.066164195069,3.5,0,6.2995292466089,0,0,0
321,80.5999999999997,7,1499.97287120195,0,0,13.5730089871397,0,0,0
321,80.5999999999997,8,787.930454131244,3.5,0,3.60232518401486,0,0,0
321,80.5999999999997,9,1575.71000878953,3.5,0,11.2160736000252,0,0,0
321,80.5999999999997,10,74.370654900363,11,0,0,0,0,0
321,80.5999999999997,11,400.507363552497,-4,0,0,0,0,0
321,80.6999999999997,1,738.215389250787,3.5,0,6.85368821560363,0,0,0
321,80.6999999999997,2,823.652001473587,0,0,13.1321859239727,0,0,0
321,80.6999999999997,3,1404.60059301013,3.5,0,11.3196428172037,0,0,0
321,80.6999999999997,4,1681.97827767434,0,0,13.8161679583446,0,0,0
321,80.6999999999997,5,1213.31494179578,0,0,9.60419644317167,0,0,0
321,80.6999999999997,6,757.695769979378,3.5,0,6.29258643956182,0,0,0
321,80.6999999999997,7,1501.33017352041,0,0,13.5730373820558,0,0,0
321,80.6999999999997,8,788.290686846997,3.5,0,3.60232913104429,0,0,0
321,80.6999999999997,9,1576.83160759643,3.5,0,11.2159025379475,0,0,0
321,80.6999999999997,10,74.370654900363,11,0,0,0,0,0
321,80.6999999999997,11,400.507363552497,-4,0,0,0,0,0
321,80.7999999999997,1,738.899684843009,3.5,0,6.83222362883816,0,0,0
321,80.7999999999997,2,824.965220696219,0,0,13.1321985286535,0,0,0
321,80.7999999999997,3,1405.73253241903,3.5,0,11.3191453606967,0,0,0
321,80.7999999999997,4,1683.36060522977,0,0,13.8303831503636,0,0,0
321,80.7999999999997,5,1214.27549558599,0,0,9.60687936098542,0,0,0
321,80.7999999999997,6,758.324716197017,3.5,0,6.28633791321945,0,0,0
321,80.7999999999997,7,1502.68747853639,0,0,13.5730629374804,0,0,0
321,80.7999999999997,8,788.650919937718,3.5,0,3.60233268337078,0,0,0
321,80.7999999999997,9,1577.95319015243,3.5,0,11.2157485820775,0,0,0
321,80.7999999999997,10,74.370654900363,11,0,0,0,0,0
321,80.7999999999997,11,400.507363552497,-4,0,0,0,0,0
321,80.8999999999997,1,739.58185981666,3.5,0,6.81127584418482,0,0,0
321,80.8999999999997,2,826.278441116295,0,0,13.1322098728661,0,0,0
321,80.8999999999997,3,1406.86442456955,3.5,0,11.3186976498404,0,0,0
321,80.8999999999997,4,1684.74428322845,0,0,13.8431768231808,0,0,0
321,80.8999999999997,5,1215.23630425339,0,0,9.60929398701779,0,0,0
321,80.8999999999997,6,758.953068804653,3.5,0,6.28071423951131,0,0,0
321,80.8999999999997,7,1504.04478598013,0,0,13.5730859373624,0,0,0
321,80.8999999999997,8,789.01115336591,3.5,0,3.60233588046461,0,0,0
321,80.8999999999997,9,1579.07475808263,3.5,0,11.2156100217946,0,0,0
321,80.8999999999997,10,74.370654900363,11,0,0,0,0,0
321,80.8999999999997,11,400.507363552497,-4,0,0,0,0,0
321,80.9999999999997,1,740.261966109171,3.5,0,6.79085000604691,0,0,0
321,80.9999999999997,2,827.591662614071,0,0,13.1322200826575,0,0,0
321,80.9999999999997,3,1407.99627418755,3.5,0,11.3182947100697,0,0,0
321,80.9999999999997,4,1686.12917662604,0,0,13.8546911287162,0,0,0
321,80.9999999999997,5,1216.19734231026,0,0,9.61146715044692,0,0,0
321,80.9999999999997,6,759.580887163287,3.5,0,6.27565293317399,0,0,0
321,80.9999999999997,7,1505.40209560886,0,0,13.5731066372563,0,0,0
321,80.9999999999997,8,789.371387097826,3.5,0,3.60233875784907,0,0,0
321,80.9999999999997,9,1580.19631284959,3.5,0,11.2154853175399,0,0,0
321,80.9999999999997,10,74.370654900363,11,0,0,0,0,0
321,80.9999999999997,11,400.507363552497,-4,0,0,0,0,0
321,81.0999999999997,1,740.940056053207,3.5,0,6.77094887466292,0,0,0
321,81.0999999999997,2,828.904885081777,0,0,13.1322292714697,0,0,0
321,81.0999999999997,3,1409.12808552627,3.5,0,11.3179320642761,0,0,0
321,81.0999999999997,4,1687.51516388266,0,0,13.8650540036981,0,0,0
321,81.0999999999997,5,1217.15858681766,0,0,9.61342299753314,0,0,0
321,81.0999999999997,6,760.20822469782,3.5,0,6.2710977574704,0,0,0
321,81.0999999999997,7,1506.75940720408,0,0,13.5731252671608,0,0,0
321,81.0999999999997,8,789.731621103093,3.5,0,3.60234134749508,0,0,0
321,81.0999999999997,9,1581.31785576966,3.5,0,11.2153730837107,0,0,0
321,81.0999999999997,10,74.370654900363,11,0,0,0,0,0
321,81.0999999999997,11,400.507363552497,-4,0,0,0,0,0
321,81.1999999999997,1,741.616182154065,3.5,0,6.75157314250708,0,0,0
321,81.1999999999997,2,830.218108422421,0,0,13.1322375414007,0,0,0
321,81.1999999999997,3,1410.25986241363,3.5,0,11.3176056830619,0,0,0
321,81.1999999999997,4,1688.90213561241,0,0,13.8743805911818,0,0,0
321,81.1999999999997,5,1218.12001713053,0,0,9.61518325991074,0,0,0
321,81.1999999999997,6,760.83512949066,3.5,0,6.26699809933717,0,0,0
321,81.1999999999997,7,1508.11672056914,0,0,13.5731420340749,0,0,0
321,81.1999999999997,8,790.091855354376,3.5,0,3.60234367817648,0,0,0
321,81.1999999999997,9,1582.43938802751,3.5,0,11.2152720732645,0,0,0
321,81.1999999999997,10,74.370654900363,11,0,0,0,0,0
321,81.1999999999997,11,400.507363552497,-4,0,0,0,0,0
321,81.2999999999997,1,742.290396896871,3.5,0,6.73272171360719,0,0,0
321,81.2999999999997,2,831.531332548707,0,0,13.1322449843387,0,0,0
321,81.2999999999997,3,1411.39160829478,3.5,0,11.317311939969,0,0,0
321,81.2999999999997,4,1690.28999336796,0,0,13.8827745199172,0,0,0
321,81.2999999999997,5,1219.08161466833,0,0,9.61676749605058,0,0,0
321,81.2999999999997,6,761.461644815978,3.5,0,6.26330840701726,0,0,0
321,81.2999999999997,7,1509.47403552706,0,0,13.5731571242975,0,0,0
321,81.2999999999997,8,790.452089827075,3.5,0,3.60234577578975,0,0,0
321,81.2999999999997,9,1583.56091068936,3.5,0,11.2151811638628,0,0,0
321,81.2999999999997,10,74.370654900363,11,0,0,0,0,0
321,81.2999999999997,11,400.507363552497,-4,0,0,0,0,0
321,81.3999999999997,1,742.962752580047,3.5,0,6.714391949909,0,0,0
321,81.3999999999997,2,832.844557382074,0,0,13.1322516829828,0,0,0
321,81.3999999999997,3,1412.52332627034,3.5,0,11.3170475711855,0,0,0
321,81.3999999999997,4,1691.67864854675,0,0,13.890329055779,0,0,0
321,81.3999999999997,5,1220.04336270856,0,0,9.61819330857643,0,0,0
321,81.3999999999997,6,762.087809620525,3.5,0,6.25998768392934,0,0,0
321,81.3999999999997,7,1510.83135191855,0,0,13.5731707054979,0,0,0
321,81.3999999999997,8,790.812324499046,3.5,0,3.60234766364169,0,0,0
321,81.3999999999997,9,1584.68242471482,3.5,0,11.2150993454013,0,0,0
321,81.3999999999997,10,74.370654900363,11,0,0,0,0,0
321,81.3999999999997,11,400.507363552497,-4,0,0,0,0,0
321,81.4999999999996,1,743.633301171962,3.5,0,6.69657988839575,0,0,0
321,81.4999999999996,2,834.145282550372,0,0,12.8822516829828,0,0,0
321,81.4999999999996,3,1413.65501913086,3.5,0,11.3168096392803,0,0,0
321,81.4999999999996,4,1693.06802140644,0,0,13.8971281380546,0,0,0
321,81.4999999999996,5,1221.00524620098,0,0,9.6194765398497,0,0,0
321,81.4999999999996,6,762.713658956379,3.5,0,6.25699903315022,0,0,0
321,81.4999999999996,7,1512.18866960026,0,0,13.5731829285782,0,0,0
321,81.4999999999996,8,791.172559350364,3.5,0,3.60234936270843,0,0,0
321,81.4999999999996,9,1585.80393096753,3.5,0,11.215025708786,0,0,0
321,81.4999999999996,10,74.370654900363,11,0,0,0,0,0
321,81.4999999999996,11,400.507363552497,-4,0,0,0,0,0
321,81.5999999999996,1,744.302094187996,3.5,0,6.67928043228434,0,0,0
321,81.5999999999996,2,835.42100771867,0,0,12.6322516829828,0,0,0
321,81.5999999999996,3,1414.78668938786,3.5,0,11.3165955005656,0,0,0
321,81.5999999999996,4,1694.45804017895,0,0,13.9032473121026,0,0,0
321,81.5999999999996,5,1221.96725160037,0,0,9.62063144799565,0,0,0
321,81.5999999999996,6,763.339224370409,3.5,0,6.25430924744901,0,0,0
321,81.5999999999996,7,1513.54598844315,0,0,13.5731939293505,0,0,0
321,81.5999999999996,8,791.532794363093,3.5,0,3.6023508918685,0,0,0
321,81.5999999999996,9,1586.92543022477,3.5,0,11.2149594358322,0,0,0
321,81.5999999999996,10,74.370654900363,11,0,0,0,0,0
321,81.5999999999996,11,400.507363552497,-4,0,0,0,0,0
321,81.6999999999996,1,744.969182585574,3.5,0,6.66248751926606,0,0,0
321,81.6999999999996,2,836.671732886968,0,0,12.3822516829828,0,0,0
321,81.6999999999996,3,1415.91833930167,3.5,0,11.3164027757224,0,0,0
321,81.6999999999996,4,1695.84864027299,0,0,13.9087545687459,0,0,0
321,81.6999999999996,5,1222.92936671604,0,0,9.62167086532699,0,0,0
321,81.6999999999996,6,763.964534254797,3.5,0,6.25188844031791,0,0,0
321,81.6999999999996,7,1514.90330833112,0,0,13.5732038300456,0,0,0
321,81.6999999999996,8,791.893029521092,3.5,0,3.60235226811257,0,0,0
321,81.6999999999996,9,1588.04692318607,3.5,0,11.2148997901738,0,0,0
321,81.6999999999996,10,74.370654900363,11,0,0,0,0,0
321,81.6999999999996,11,400.507363552497,-4,0,0,0,0,0
321,81.7999999999996,1,745.634616675009,3.5,0,6.64619426943854,0,0,0
321,81.7999999999996,2,837.897458055266,0,0,12.1322516829828,0,0,0
321,81.7999999999996,3,1417.04997090663,3.5,0,11.3162293233635,0,0,0
321,81.7999999999996,4,1697.23976355641,0,0,13.9137110997248,0,0,0
321,81.7999999999996,5,1223.89158057635,0,0,9.62260634092521,0,0,0
321,81.7999999999996,6,764.589614162508,3.5,0,6.24970971389993,0,0,0
321,81.7999999999996,7,1516.26062915966,0,0,13.5732127406711,0,0,0
321,81.7999999999996,8,792.253264809834,3.5,0,3.60235350673223,0,0,0
321,81.7999999999996,9,1589.16841048103,3.5,0,11.2148461090812,0,0,0
321,81.7999999999996,10,74.370654900363,11,0,0,0,0,0
321,81.7999999999996,11,400.507363552497,-4,0,0,0,0,0
321,81.8999999999996,1,746.298446044245,3.5,0,6.63039311528493,0,0,0
321,81.8999999999996,2,839.098183223565,0,0,11.8822516829828,0,0,0
321,81.8999999999996,3,1418.18158603361,3.5,0,11.3160732162405,0,0,0
321,81.8999999999996,4,1698.63135771028,0,0,13.9181719776059,0,0,0
321,81.8999999999996,5,1224.85388330685,0,0,9.6234482689636,0,0,0
321,81.8999999999996,6,765.214487091209,3.5,0,6.24774886012375,0,0,0
321,81.8999999999996,7,1517.6179508347,0,0,13.5732207602341,0,0,0
321,81.8999999999996,8,792.613500216245,3.5,0,3.60235462148992,0,0,0
321,81.8999999999996,9,1590.28989267629,3.5,0,11.2147977960979,0,0,0
321,81.8999999999996,10,74.370654900363,11,0,0,0,0,0
321,81.8999999999996,11,400.507363552497,-4,0,0,0,0,0
321,81.9999999999996,1,746.960719495799,3.5,0,6.6150759157942,0,0,0
321,81.9999999999996,2,840.273908391863,0,0,11.6322516829828,0,0,0
321,81.9999999999996,3,1419.31318633041,3.5,0,11.3159327198299,0,0,0
321,81.9999999999996,4,1700.02337564754,0,0,13.9221867676988,0,0,0
321,81.9999999999996,5,1225.81626602051,0,0,9.62420600419815,0,0,0
321,81.9999999999996,6,765.839173738802,3.5,0,6.24598409172518,0,0,0
321,81.9999999999996,7,1518.97527327161,0,0,13.5732279778408,0,0,0
321,81.9999999999996,8,792.973735728558,3.5,0,3.60235562477184,0,0,0
321,81.9999999999996,9,1591.41137028181,3.5,0,11.2147543144129,0,0,0
321,81.9999999999996,10,74.370654900363,11,0,0,0,0,0
321,81.9999999999996,11,400.507363552497,-4,0,0,0,0,0
321,82.0999999999996,1,747.621484994418,3.5,0,6.60023405658149,0,0,0
321,82.0999999999996,2,841.424633560161,0,0,11.3822516829828,0,0,0
321,82.0999999999996,3,1420.44477328005,3.5,0,11.3158062730602,0,0,0
321,82.0999999999996,4,1701.41577498987,0,0,13.9258000787824,0,0,0
321,82.0999999999996,5,1226.77872071901,0,0,9.62488796590925,0,0,0
321,82.0999999999996,6,766.463692733396,3.5,0,6.24439580016647,0,0,0
321,82.0999999999996,7,1520.33259639418,0,0,13.5732344736869,0,0,0
321,82.0999999999996,8,793.344387492137,3.5,0,3.81067964680397,0,0,0
321,82.0999999999996,9,1592.53284375658,3.5,0,11.2147151808964,0,0,0
321,82.0999999999996,10,74.370654900363,11,0,0,0,0,0
321,82.0999999999996,11,400.507363552497,-4,0,0,0,0,0
321,82.1999999999996,1,748.28078962413,3.5,0,6.58585853765622,0,0,0
321,82.1999999999996,2,842.550358728459,0,0,11.1322516829828,0,0,0
321,82.1999999999996,3,1421.57634821726,3.5,0,11.3156924709676,0,0,0
321,82.1999999999996,4,1702.80851759675,0,0,13.9290520587577,0,0,0
321,82.1999999999996,5,1227.74124020388,0,0,9.62550173144924,0,0,0
321,82.1999999999996,6,767.088060840293,3.5,0,6.24296633776363,0,0,0
321,82.1999999999996,7,1521.68992013386,0,0,13.5732403199483,0,0,0
321,82.1999999999996,8,793.734830037809,3.5,0,3.99817126663288,0,0,0
321,82.1999999999996,9,1593.65431351366,3.5,0,11.2146799607316,0,0,0
321,82.1999999999996,10,74.370654900363,11,0,0,0,0,0
321,82.1999999999996,11,400.507363552497,-4,0,0,0,0,0
321,82.2999999999996,1,748.938679553528,3.5,0,6.57194005029758,0,0,0
321,82.2999999999996,2,843.651083896758,0,0,10.8822516829828,0,0,0
321,82.2999999999996,3,1422.70791234326,3.5,0,11.3155900490842,0,0,0
321,82.2999999999996,4,1704.20156914172,0,0,13.9319788407355,0,0,0
321,82.2999999999996,5,1228.70381799647,0,0,9.62605412043523,0,0,0
321,82.2999999999996,6,767.712293148261,3.5,0,6.24167982160108,0,0,0
321,82.2999999999996,7,1523.04724442894,0,0,13.5732455815836,0,0,0
321,82.2999999999996,8,794.143084287364,3.5,0,4.16691372447891,0,0,0
321,82.2999999999996,9,1594.77577992482,3.5,0,11.2146482625832,0,0,0
321,82.2999999999996,10,74.370654900363,11,0,0,0,0,0
321,82.2999999999996,11,400.507363552497,-4,0,0,0,0,0
321,82.3999999999996,1,749.595200008259,3.5,0,6.55846904432864,0,0,0
321,82.3999999999996,2,844.726809065056,0,0,10.6322516829828,0,0,0
321,82.3999999999996,3,1423.83946673918,3.5,0,11.3154978693891,0,0,0
321,82.3999999999996,4,1705.59489873098,0,0,13.9346129445154,0,0,0
321,82.3999999999996,5,1229.66644826602,0,0,9.62655127052262,0,0,0
321,82.3999999999996,6,768.336403237194,3.5,0,6.24052195705478,0,0,0
321,82.3999999999996,7,1524.40456922387,0,0,13.5732503170554,0,0,0
321,82.3999999999996,8,794.567369070415,3.5,0,4.31878193654033,0,0,0
321,82.3999999999996,9,1595.89724332467,3.5,0,11.2146197342497,0,0,0
321,82.3999999999996,10,74.370654900363,11,0,0,0,0,0
321,82.3999999999996,11,400.507363552497,-4,0,0,0,0,0
321,82.4999999999996,1,750.250395249822,3.5,0,6.54543578693097,0,0,0
321,82.4999999999996,2,845.777534233354,0,0,10.3822516829828,0,0,0
321,82.4999999999996,3,1424.97101237803,3.5,0,11.3154149076636,0,0,0
321,82.4999999999996,4,1706.9884785601,0,0,13.9369836379174,0,0,0
321,82.4999999999996,5,1230.62912576483,0,0,9.62699870560127,0,0,0
321,82.4999999999996,6,768.960403328995,3.5,0,6.23947987896311,0,0,0
321,82.4999999999996,7,1525.76189446868,0,0,13.5732545789799,0,0,0
321,82.4999999999996,8,795.006081333612,3.5,0,4.4554633273956,0,0,0
321,82.4999999999996,9,1597.01870401432,3.5,0,11.2145940587495,0,0,0
321,82.4999999999996,10,74.370654900363,11,0,0,0,0,0
321,82.4999999999996,11,400.507363552497,-4,0,0,0,0,0
321,82.5999999999996,1,750.904308559869,3.5,0,6.53283041400837,0,0,0
321,82.5999999999996,2,846.803259401652,0,0,10.1322516829828,0,0,0
321,82.5999999999996,3,1426.10255013552,3.5,0,11.3153402421106,0,0,0
321,82.5999999999996,4,1708.3822836051,0,0,13.9391172619792,0,0,0
321,82.5999999999996,5,1231.59184576997,0,0,9.62740139717205,0,0,0
321,82.5999999999996,6,769.584304423377,3.5,0,6.23854200868061,0,0,0
321,82.5999999999996,7,1527.11922011836,0,0,13.5732584147121,0,0,0
321,82.5999999999996,8,795.45777832894,3.5,0,4.57847657916536,0,0,0
321,82.5999999999996,9,1598.14016226479,3.5,0,11.2145709507994,0,0,0
321,82.5999999999996,10,74.370654900363,11,0,0,0,0,0
321,82.5999999999996,11,400.507363552497,-4,0,0,0,0,0
321,82.6999999999996,1,751.556982229319,3.5,0,6.52064297499026,0,0,0
321,82.6999999999996,2,847.805142482841,0,0,9.90540994079782,0,0,0
321,82.6999999999996,3,1427.23408079978,3.5,0,11.3152730431129,0,0,0
321,82.6999999999996,4,1709.77629134438,0,0,13.9410375236348,0,0,0
321,82.6999999999996,5,1232.5546040308,0,0,9.62776381958576,0,0,0
321,82.6999999999996,6,770.208116420082,3.5,0,6.23769792542636,0,0,0
321,82.6999999999996,7,1528.47654613244,0,0,13.573261866871,0,0,0
321,82.6999999999996,8,795.921161583186,3.5,0,4.68918850575813,0,0,0
321,82.6999999999996,9,1599.26161832002,3.5,0,11.2145501536443,0,0,0
321,82.6999999999996,10,74.370654900363,11,0,0,0,0,0
321,82.6999999999996,11,400.507363552497,-4,0,0,0,0,0
321,82.7999999999996,1,752.208457551661,3.5,0,6.50886347186054,0,0,0
321,82.7999999999996,2,848.785475598523,0,0,9.70125237283136,0,0,0
321,82.7999999999996,3,1428.36560508014,3.5,0,11.3152125640149,0,0,0
321,82.7999999999996,4,1711.17048150852,0,0,13.9427657591248,0,0,0
321,82.7999999999996,5,1233.51739672177,0,0,9.6280899997581,0,0,0
321,82.7999999999996,6,770.831848228879,3.5,0,6.23693825049753,0,0,0
321,82.7999999999996,7,1529.83387247447,0,0,13.573264973814,0,0,0
321,82.7999999999996,8,796.395062470459,3.5,0,4.78882923969163,0,0,0
321,82.7999999999996,9,1600.38307239951,3.5,0,11.2145314362046,0,0,0
321,82.7999999999996,10,74.370654900363,11,0,0,0,0,0
321,82.7999999999996,11,400.507363552497,-4,0,0,0,0,0
321,82.8999999999996,1,752.85877481991,3.5,0,6.49748189310486,0,0,0
321,82.8999999999996,2,849.746413745247,0,0,9.51751056166154,0,0,0
321,82.8999999999996,3,1429.49712361498,3.5,0,11.3151581328268,0,0,0
321,82.8999999999996,4,1712.56483585503,0,0,13.9443211710659,0,0,0
321,82.8999999999996,5,1234.48022039985,0,0,9.6283835619132,0,0,0
321,82.8999999999996,6,771.455507868557,3.5,0,6.23625454306158,0,0,0
321,82.8999999999996,7,1531.19119911167,0,0,13.5732677700627,0,0,0
321,82.8999999999996,8,796.878429227455,3.5,0,4.87850590023178,0,0,0
321,82.8999999999996,9,1601.50452470084,3.5,0,11.214514590509,0,0,0
321,82.8999999999996,10,74.370654900363,11,0,0,0,0,0
321,82.8999999999996,11,400.507363552497,-4,0,0,0,0,0
321,82.9999999999996,1,753.507973326724,3.5,0,6.4864882431872,0,0,0
321,82.9999999999996,2,850.689896419911,0,0,9.3521429316087,0,0,0
321,82.9999999999996,3,1430.62863697886,3.5,0,11.3151091447575,0,0,0
321,82.9999999999996,4,1713.95933796567,0,0,13.9457210418128,0,0,0
321,82.9999999999996,5,1235.44307196634,0,0,9.62864776785279,0,0,0
321,82.9999999999996,6,772.079102556028,3.5,0,6.23563920636924,0,0,0
321,82.9999999999996,7,1532.5485260145,0,0,13.5732702866866,0,0,0
321,82.9999999999996,8,797.370315267202,3.5,0,4.95921489471791,0,0,0
321,82.9999999999996,9,1602.62597540184,3.5,0,11.2144994293829,0,0,0
321,82.9999999999996,10,74.370654900363,11,0,0,0,0,0
321,82.9999999999996,11,400.507363552497,-4,0,0,0,0,0
321,83.0999999999996,1,754.156091367288,3.5,0,6.47587256809378,0,0,0
321,83.0999999999996,2,851.61766916972,0,0,9.20331206456115,0,0,0
321,83.0999999999996,3,1431.76014568887,3.5,0,11.3150650554951,0,0,0
321,83.0999999999996,4,1715.35397306404,0,0,13.946980925485,0,0,0
321,83.0999999999996,5,1236.40594863239,0,0,9.62888555319842,0,0,0
321,83.0999999999996,6,772.702638786514,3.5,0,6.23508540334612,0,0,0
321,83.0999999999996,7,1533.90585315642,0,0,13.573272551648,0,0,0
321,83.0999999999996,8,797.869868661426,3.5,0,5.03185298975543,0,0,0
321,83.0999999999996,9,1603.74742466253,3.5,0,11.2144857843694,0,0,0
321,83.0999999999996,10,74.370654900363,11,0,0,0,0,0
321,83.0999999999996,11,400.507363552497,-4,0,0,0,0,0
321,83.1999999999995,1,754.803166244564,3.5,0,6.46562497741846,0,0,0
321,83.1999999999995,2,852.531302987158,0,0,9.06936428421835,0,0,0
321,83.1999999999995,3,1432.89165021041,3.5,0,11.3150253751589,0,0,0
321,83.1999999999995,4,1716.74872785135,0,0,13.94811482079,0,0,0
321,83.1999999999995,5,1237.36884788805,0,0,9.62909956000949,0,0,0
321,83.1999999999995,6,773.326122405712,3.5,0,6.23458698062532,0,0,0
321,83.1999999999995,7,1535.26318051351,0,0,13.5732745901133,0,0,0
321,83.1999999999995,8,798.376322674678,3.5,0,5.0972272752892,0,0,0
321,83.1999999999995,9,1604.86887262694,3.5,0,11.2144735038573,0,0,0
321,83.1999999999995,10,74.370654900363,11,0,0,0,0,0
321,83.1999999999995,11,400.507363552497,-4,0,0,0,0,0
321,83.2999999999995,1,755.449234276605,3.5,0,6.45573566340681,0,0,0
321,83.2999999999995,2,853.432211765465,0,0,8.94881128190983,0,0,0
321,83.2999999999995,3,1434.02315096231,3.5,0,11.3149896628564,0,0,0
321,83.2999999999995,4,1718.14359035872,0,0,13.9491353265646,0,0,0
321,83.2999999999995,5,1238.33176747436,0,0,9.62929216613946,0,0,0
321,83.2999999999995,6,773.949558674753,3.5,0,6.23413840017659,0,0,0
321,83.2999999999995,7,1536.62050806425,0,0,13.5732764247321,0,0,0
321,83.2999999999995,8,798.888987245056,3.5,0,5.15606413226959,0,0,0
321,83.2999999999995,9,1605.9903194247,3.5,0,11.2144624513963,0,0,0
321,83.2999999999995,10,74.370654900363,11,0,0,0,0,0
321,83.2999999999995,11,400.507363552497,-4,0,0,0,0,0
321,83.3999999999995,1,756.094330805642,3.5,0,6.44619491732613,0,0,0
321,83.3999999999995,2,854.321668008552,0,0,8.84031357983217,0,0,0
321,83.3999999999995,3,1435.15464832154,3.5,0,11.3149575217841,0,0,0
321,83.3999999999995,4,1719.53854981413,0,0,13.9500537817616,0,0,0
321,83.3999999999995,5,1239.29470535825,0,0,9.62946551165642,0,0,0
321,83.3999999999995,6,774.57295232865,3.5,0,6.23373467777274,0,0,0
321,83.3999999999995,7,1537.97783578928,0,0,13.573278075889,0,0,0
321,83.3999999999995,8,799.407241316847,3.5,0,5.20901730355194,0,0,0
321,83.3999999999995,9,1607.11176517248,3.5,0,11.2144525041815,0,0,0
321,83.3999999999995,10,74.370654900363,11,0,0,0,0,0
321,83.3999999999995,11,400.507363552497,-4,0,0,0,0,0
321,83.4999999999995,1,756.738490208682,3.5,0,6.43699314348467,0,0,0
321,83.4999999999995,2,855.200816969942,0,0,8.74266564796227,0,0,0
321,83.4999999999995,3,1436.28614262737,3.5,0,11.3149285948191,0,0,0
321,83.4999999999995,4,1720.93359652279,0,0,13.950880391439,0,0,0
321,83.4999999999995,5,1240.25765970997,0,0,9.62962152262169,0,0,0
321,83.4999999999995,6,775.196307628919,3.5,0,6.23337132760928,0,0,0
321,83.4999999999995,7,1539.33516367117,0,0,13.5732795619303,0,0,0
321,83.4999999999995,8,799.93052593991,3.5,0,5.25667515770606,0,0,0
321,83.4999999999995,9,1608.23320997527,3.5,0,11.2144435516882,0,0,0
321,83.4999999999995,10,74.370654900363,11,0,0,0,0,0
321,83.4999999999995,11,400.507363552497,-4,0,0,0,0,0
321,83.5999999999995,1,757.381745909416,3.5,0,6.4281208711841,0,0,0
321,83.5999999999995,2,856.070689377804,0,0,8.65478250927936,0,0,0
321,83.5999999999995,3,1437.41763418514,3.5,0,11.3149025605505,0,0,0
321,83.5999999999995,4,1722.32872175937,0,0,13.9516243401486,0,0,0
321,83.5999999999995,5,1241.23312186223,0,0,9.87962152262169,0,0,0
321,83.5999999999995,6,775.819628410923,3.5,0,6.23304431246216,0,0,0
321,83.5999999999995,7,1540.69249169424,0,0,13.5732808993674,0,0,0
321,83.5999999999995,8,800.458338059118,3.5,0,5.29956722644477,0,0,0
321,83.5999999999995,9,1609.36553052172,3.5,0,11.4319673772566,0,0,0
321,83.5999999999995,10,74.370654900363,11,0,0,0,0,0
321,83.5999999999995,11,400.507363552497,-4,0,0,0,0,0
321,83.6999999999995,1,758.024130391218,3.5,0,6.4195687648554,0,0,0
321,83.6999999999995,2,856.932212887491,0,0,8.57568768446474,0,0,0
321,83.6999999999995,3,1438.54912326965,3.5,0,11.3148791297088,0,0,0
321,83.6999999999995,4,1723.72391767108,0,0,13.9522938939873,0,0,0
321,83.6999999999995,5,1242.23358401449,0,0,10.1296215226217,0,0,0
321,83.6999999999995,6,776.442918126487,3.5,0,6.23274999882975,0,0,0
321,83.6999999999995,7,1542.04981984436,0,0,13.5732821030607,0,0,0
321,83.6999999999995,8,800.990224924855,3.5,0,5.3381700883096,0,0,0
321,83.6999999999995,9,1610.5185158316,3.5,0,11.6277388202682,0,0,0
321,83.6999999999995,10,74.370654900363,11,0,0,0,0,0
321,83.6999999999995,11,400.507363552497,-4,0,0,0,0,0
321,83.7999999999995,1,758.66567521109,3.5,0,6.41132763259783,0,0,0
321,83.7999999999995,2,857.786222388821,0,0,8.50450234213158,0,0,0
321,83.7999999999995,3,1439.68061012823,3.5,0,11.3148580419513,0,0,0
321,83.7999999999995,4,1725.1191771904,0,0,13.9528964924421,0,0,0
321,83.7999999999995,5,1243.25790846119,0,0,10.3568674114086,0,0,0
321,83.7999999999995,6,777.066179882257,3.5,0,6.23248511656058,0,0,0
321,83.7999999999995,7,1543.40714810883,0,0,13.5732831863848,0,0,0
321,83.7999999999995,8,801.52577906247,3.5,0,5.37291266398795,0,0,0
321,83.7999999999995,9,1611.69009942856,3.5,0,11.8039331189786,0,0,0
321,83.7999999999995,10,74.370654900363,11,0,0,0,0,0
321,83.7999999999995,11,400.507363552497,-4,0,0,0,0,0
321,83.8999999999995,1,759.306411014386,3.5,0,6.40338843331423,0,0,0
321,83.8999999999995,2,858.633469282629,0,0,8.44043553403174,0,0,0
321,83.8999999999995,3,1440.81209498348,3.5,0,11.3148390629695,0,0,0
321,83.8999999999995,4,1726.51449395658,0,0,13.9534388310514,0,0,0
321,83.8999999999995,5,1244.30382126733,0,0,10.5613887113169,0,0,0
321,83.8999999999995,6,777.689416474211,3.5,0,6.23224672251833,0,0,0
321,83.8999999999995,7,1544.76447647622,0,0,13.5732841613764,0,0,0
321,83.8999999999995,8,802.064633744775,3.5,0,5.40418098209847,0,0,0
321,83.8999999999995,9,1612.8784214839,3.5,0,11.9625079878179,0,0,0
321,83.8999999999995,10,74.370654900363,11,0,0,0,0,0
321,83.8999999999995,11,400.507363552497,-4,0,0,0,0,0
321,83.9999999999995,1,759.946367550182,3.5,0,6.39574228261259,0,0,0
321,83.9999999999995,2,859.474629829668,0,0,8.38277540674189,0,0,0
321,83.9999999999995,3,1441.94357803572,3.5,0,11.3148219818859,0,0,0
321,83.9999999999995,4,1727.90986224492,0,0,13.9539269357997,0,0,0
321,83.9999999999995,5,1245.36916359696,0,0,10.7454578812343,0,0,0
321,83.9999999999995,6,778.31263041873,3.5,0,6.23203216788031,0,0,0
321,83.9999999999995,7,1546.12180493623,0,0,13.5732850388689,0,0,0
321,83.9999999999995,8,802.6064589173,3.5,0,5.43232246839793,0,0,0
321,83.9999999999995,9,1614.08180815178,3.5,0,12.1052253697734,0,0,0
321,83.9999999999995,10,74.370654900363,11,0,0,0,0,0
321,83.9999999999995,11,400.507363552497,-4,0,0,0,0,0
321,84.0999999999995,1,760.585573687194,3.5,0,6.38838045762297,0,0,0
321,84.0999999999995,2,860.310312664614,0,0,8.33088129218101,0,0,0
321,84.0999999999995,3,1443.07505946526,3.5,0,11.3148066089107,0,0,0
321,84.0999999999995,4,1729.30527690321,0,0,13.9543662300733,0,0,0
321,84.0999999999995,5,1246.45199249773,0,0,10.91112013416,0,0,0
321,84.0999999999995,6,778.93582398056,3.5,0,6.23183906870609,0,0,0
321,84.0999999999995,7,1547.47913347961,0,0,13.5732858286121,0,0,0
321,84.0999999999995,8,803.150957531023,3.5,0,5.45764980606745,0,0,0
321,84.0999999999995,9,1615.29875297094,3.5,0,12.2336710135333,0,0,0
321,84.0999999999995,10,74.370654900363,11,0,0,0,0,0
321,84.0999999999995,11,400.507363552497,-4,0,0,0,0,0
321,84.1999999999995,1,761.224057430118,3.5,0,6.38129440086125,0,0,0
321,84.1999999999995,2,861.141065558677,0,0,8.28417658907623,0,0,0
321,84.1999999999995,3,1444.20653943437,3.5,0,11.314792773233,0,0,0
321,84.1999999999995,4,1730.70073329446,0,0,13.9547615949195,0,0,0
321,84.1999999999995,5,1247.55055931252,0,0,11.0602161617931,0,0,0
321,84.1999999999995,6,779.558999197968,3.5,0,6.23166527944929,0,0,0
321,84.1999999999995,7,1548.83646209801,0,0,13.573286539381,0,0,0
321,84.1999999999995,8,803.697862241825,3.5,0,5.48044440997002,0,0,0
321,84.1999999999995,9,1616.52790012627,3.5,0,12.3492720929172,0,0,0
321,84.1999999999995,10,74.370654900363,11,0,0,0,0,0
321,84.1999999999995,11,400.507363552497,-4,0,0,0,0,0
321,84.2999999999995,1,761.861845936324,3.5,0,6.37447572325467,0,0,0
321,84.2999999999995,2,861.967381505945,0,0,8.24214235628192,0,0,0
321,84.2999999999995,3,1445.33801808909,3.5,0,11.3147803211231,0,0,0
321,84.2999999999995,4,1732.09622724537,0,0,13.9551174232811,0,0,0
321,84.2999999999995,5,1248.66329024995,0,0,11.1944025866629,0,0,0
321,84.2999999999995,6,780.182157905396,3.5,0,6.23150886911817,0,0,0
321,84.2999999999995,7,1550.19379078393,0,0,13.5732871790731,0,0,0
321,84.2999999999995,8,804.246932439997,3.5,0,5.50095955348233,0,0,0
321,84.2999999999995,9,1617.76802938413,3.5,0,12.4533130643627,0,0,0
321,84.2999999999995,10,74.370654900363,11,0,0,0,0,0
321,84.2999999999995,11,400.507363552497,-4,0,0,0,0,0
321,84.3999999999995,1,762.498965532808,3.5,0,6.36791620643097,0,0,0
321,84.3999999999995,2,862.789704201097,0,0,8.20431154676705,0,0,0
321,84.3999999999995,3,1446.46949556086,3.5,0,11.3147691142241,0,0,0
321,84.3999999999995,4,1733.49175499998,0,0,13.9554376688065,0,0,0
321,84.3999999999995,5,1249.78876889773,0,0,11.3151703690457,0,0,0
321,84.3999999999995,6,780.805301753843,3.5,0,6.23136809982016,0,0,0
321,84.3999999999995,7,1551.55111953062,0,0,13.5732877547959,0,0,0
321,84.3999999999995,8,804.797951576803,3.5,0,5.51942318264341,0,0,0
321,84.3999999999995,9,1619.01804253428,3.5,0,12.5469499386637,0,0,0
321,84.3999999999995,10,74.370654900363,11,0,0,0,0,0
321,84.3999999999995,11,400.507363552497,-4,0,0,0,0,0
321,84.4999999999995,1,763.135441733348,3.5,0,6.36160780435972,0,0,0
321,84.4999999999995,2,863.608432969346,0,0,8.17026381820366,0,0,0
321,84.4999999999995,3,1447.60097196797,3.5,0,11.3147590280151,0,0,0
321,84.4999999999995,4,1734.8873131779,0,0,13.9557258897793,0,0,0
321,84.4999999999995,5,1250.92572048484,0,0,11.4238613731902,0,0,0
321,84.4999999999995,6,781.428432229207,3.5,0,6.23124140745195,0,0,0
321,84.4999999999995,7,1552.90844833201,0,0,13.5732882729464,0,0,0
321,84.4999999999995,8,805.35072475838,3.5,0,5.53604044888838,0,0,0
321,84.4999999999995,9,1620.27695118749,3.5,0,12.6312231255345,0,0,0
321,84.4999999999995,10,74.370654900363,11,0,0,0,0,0
321,84.4999999999995,11,400.507363552497,-4,0,0,0,0,0
321,84.5999999999995,1,763.771299255787,3.5,0,6.35554264442467,0,0,0
321,84.5999999999995,2,864.423927203381,0,0,8.13962086249661,0,0,0
321,84.5999999999995,3,1448.73244741689,3.5,0,11.3147499504269,0,0,0
321,84.5999999999995,4,1736.28289873683,0,0,13.9559852886549,0,0,0
321,84.5999999999995,5,1252.07299771735,0,0,11.5216832769203,0,0,0
321,84.5999999999995,6,782.051550668795,3.5,0,6.23112738432057,0,0,0
321,84.5999999999995,7,1554.26577718262,0,0,13.5732887392819,0,0,0
321,84.5999999999995,8,805.90507658025,3.5,0,5.55099598850885,0,0,0
321,84.5999999999995,9,1621.54386579345,3.5,0,12.7070689937183,0,0,0
321,84.5999999999995,10,74.370654900363,11,0,0,0,0,0
321,84.5999999999995,11,400.507363552497,-4,0,0,0,0,0
321,84.6999999999995,1,764.406562039408,3.5,0,6.34971302799558,0,0,0
321,84.6999999999995,2,865.236510356624,0,0,8.11204220236027,0,0,0
321,84.6999999999995,3,1449.86392200344,3.5,0,11.3147417805976,0,0,0
321,84.6999999999995,4,1737.67850893864,0,0,13.9562187476429,0,0,0
321,84.6999999999995,5,1253.22956803071,0,0,11.6097229902774,0,0,0
321,84.6999999999995,6,782.674658276186,3.5,0,6.23102476350232,0,0,0
321,84.6999999999995,7,1555.62310607753,0,0,13.5732891589838,0,0,0
321,84.6999999999995,8,806.460849178384,3.5,0,5.56445597416728,0,0,0
321,84.6999999999995,9,1622.81798575689,3.5,0,12.7753302750837,0,0,0
321,84.6999999999995,10,74.370654900363,11,0,0,0,0,0
321,84.6999999999995,11,400.507363552497,-4,0,0,0,0,0
321,84.7999999999995,1,765.041253262336,3.5,0,6.34411143056051,0,0,0
321,84.7999999999995,2,866.046473537153,0,0,8.08722140823756,0,0,0
321,84.7999999999995,3,1450.99539581386,3.5,0,11.3147344277512,0,0,0
321,84.7999999999995,4,1739.07414131906,0,0,13.9564288607322,0,0,0
321,84.7999999999995,5,1254.39450211684,0,0,11.6889587322988,0,0,0
321,84.7999999999995,6,783.2977561346,3.5,0,6.2309324047659,0,0,0
321,84.7999999999995,7,1556.98043501232,0,0,13.5732895367156,0,0,0
321,84.7999999999995,8,807.017900475155,3.5,0,5.57656996125986,0,0,0
321,84.7999999999995,9,1624.09859054206,3.5,0,12.8367654283126,0,0,0
321,84.7999999999995,10,74.370654900363,11,0,0,0,0,0
321,84.7999999999995,11,400.507363552497,-4,0,0,0,0,0
321,84.8999999999995,1,765.675395358937,3.5,0,6.33873050147157,0,0,0
321,84.8999999999995,2,866.854078742242,0,0,8.06488269352712,0,0,0
321,84.8999999999995,3,1452.12686892576,3.5,0,11.3147278101894,0,0,0
321,84.8999999999995,4,1740.46979366022,0,0,13.9566179625125,0,0,0
321,84.8999999999995,5,1255.56696359846,0,0,11.760270900118,0,0,0
321,84.8999999999995,6,783.920845218933,3.5,0,6.23084928190312,0,0,0
321,84.8999999999995,7,1558.33776398299,0,0,13.5732898766741,0,0,0
321,84.8999999999995,8,807.5761026007,3.5,0,5.58747254964319,0,0,0
321,84.8999999999995,9,1625.38503166679,3.5,0,12.8920570662185,0,0,0
321,84.8999999999995,10,74.370654900363,11,0,0,0,0,0
321,84.8999999999995,11,400.507363552497,-4,0,0,0,0,0
321,84.9999999999994,1,766.309010037178,3.5,0,6.33356306335134,0,0,0
321,84.9999999999994,2,867.659561769432,0,0,8.04477785028773,0,0,0
321,84.9999999999994,3,1453.25834140898,3.5,0,11.3147218543838,0,0,0
321,84.9999999999994,4,1741.86546396605,0,0,13.9567881541147,0,0,0
321,84.9999999999994,5,1256.74619973602,0,0,11.8244518511553,0,0,0
321,84.9999999999994,6,784.543926406595,3.5,0,6.23077447132661,0,0,0
321,84.9999999999994,7,1559.69509298595,0,0,13.5732901826368,0,0,0
321,84.9999999999994,8,808.135340472142,3.5,0,5.59728487918818,0,0,0
321,84.9999999999994,9,1626.67672549712,3.5,0,12.9418195403339,0,0,0
321,84.9999999999994,10,74.370654900363,11,0,0,0,0,0
321,84.9999999999994,11,400.507363552497,-4,0,0,0,0,0
321,85.0999999999994,1,766.942118295906,3.5,0,6.32860211120121,0,0,0
321,85.0999999999994,2,868.463134836515,0,0,8.02668349137227,0,0,0
321,85.0999999999994,3,1454.38981332641,3.5,0,11.3147164941588,0,0,0
321,85.0999999999994,4,1743.26115044009,0,0,13.9569413265568,0,0,0
321,85.0999999999994,5,1257.93153306393,0,0,11.8822147070889,0,0,0
321,85.0999999999994,6,785.167000487251,3.5,0,6.23070714180776,0,0,0
321,85.0999999999994,7,1561.05242201799,0,0,13.5732904580033,0,0,0
321,85.0999999999994,8,808.69551051489,3.5,0,5.60611597577867,0,0,0
321,85.0999999999994,9,1627.97314676249,3.5,0,12.9866057670378,0,0,0
321,85.0999999999994,10,74.370654900363,11,0,0,0,0,0
321,85.0999999999994,11,400.507363552497,-4,0,0,0,0,0
321,85.1999999999994,1,767.574740442028,3.5,0,6.32384081124811,0,0,0
321,85.1999999999994,2,869.264988939501,0,0,8.01039856834836,0,0,0
321,85.1999999999994,3,1455.52128473462,3.5,0,11.3147116699563,0,0,0
321,85.1999999999994,4,1744.6568514655,0,0,13.9570791817546,0,0,0
321,85.1999999999994,5,1259.12235386316,0,0,11.9342012774291,0,0,0
321,85.1999999999994,6,785.790068171604,3.5,0,6.23064654524079,0,0,0
321,85.1999999999994,7,1562.40975107618,0,0,13.5732907058331,0,0,0
321,85.1999999999994,8,809.256519511815,3.5,0,5.61406396271012,0,0,0
321,85.1999999999994,9,1629.27382271939,3.5,0,13.0269133710712,0,0,0
321,85.1999999999994,10,74.370654900363,11,0,0,0,0,0
321,85.1999999999994,11,400.507363552497,-4,0,0,0,0,0
321,85.2999999999994,1,768.206896107569,3.5,0,6.31927249956186,0,0,0
321,85.2999999999994,2,870.0652959748,0,0,7.99574213762684,0,0,0
321,85.2999999999994,3,1456.65275568452,3.5,0,11.314707328174,0,0,0
321,85.2999999999994,4,1746.05256558716,0,0,13.9572032514327,0,0,0
321,85.2999999999994,5,1260.31811338657,0,0,11.9809891907353,0,0,0
321,85.2999999999994,6,786.413130099282,3.5,0,6.23059200833052,0,0,0
321,85.2999999999994,7,1563.76708015791,0,0,13.5732909288799,0,0,0
321,85.2999999999994,8,809.818283567497,3.5,0,5.62121715094842,0,0,0
321,85.2999999999994,9,1630.57832789868,3.5,0,13.0631902147013,0,0,0
321,85.2999999999994,10,74.370654900363,11,0,0,0,0,0
321,85.2999999999994,11,400.507363552497,-4,0,0,0,0,0
321,85.3999999999994,1,768.838604266571,3.5,0,6.31489068047155,0,0,0
321,85.3999999999994,2,870.86421064918,0,0,7.98255134997748,0,0,0
321,85.3999999999994,3,1457.77172641734,3.5,0,11.064707328174,0,0,0
321,85.3999999999994,4,1747.44829149544,0,0,13.9573149141429,0,0,0
321,85.3999999999994,5,1261.51831776174,0,0,12.0230983127109,0,0,0
321,85.3999999999994,6,787.036186845954,3.5,0,6.23054292511128,0,0,0
321,85.3999999999994,7,1565.12440926084,0,0,13.573291129622,0,0,0
321,85.3999999999994,8,810.380727176063,3.5,0,5.62765502036289,0,0,0
321,85.3999999999994,9,1631.88627937811,3.5,0,13.0958393739684,0,0,0
321,85.3999999999994,10,74.370654900363,11,0,0,0,0,0
321,85.3999999999994,11,400.507363552497,-4,0,0,0,0,0
321,85.4999999999994,1,769.469883251835,3.5,0,6.31068902480598,0,0,0
321,85.4999999999994,2,871.661872198734,0,0,7.97067964109305,0,0,0
321,85.4999999999994,3,1458.86569715016,3.5,0,10.814707328174,0,0,0
321,85.4999999999994,4,1748.84402801168,0,0,13.9574154105822,0,0,0
321,85.4999999999994,5,1262.7225225035,0,0,12.0609965224889,0,0,0
321,85.4999999999994,6,787.659238929721,3.5,0,6.23049875021396,0,0,0
321,85.4999999999994,7,1566.4942383738,0,0,13.823291129622,0,0,0
321,85.4999999999994,8,810.943782382223,3.5,0,5.63344910283591,0,0,0
321,85.4999999999994,9,1633.19733252768,3.5,0,13.1252236173088,0,0,0
321,85.4999999999994,10,74.370654900363,11,0,0,0,0,0
321,85.4999999999994,11,400.507363552497,-4,0,0,0,0,0
321,85.5999999999994,1,770.100750771474,3.5,0,6.30666136798055,0,0,0
321,85.5999999999994,2,872.458405935943,0,0,7.95999510309706,0,0,0
321,85.5999999999994,3,1459.93466788298,3.5,0,10.564707328174,0,0,0
321,85.5999999999994,4,1750.23977407508,0,0,13.9575058573775,0,0,0
321,85.5999999999994,5,1263.93032757519,0,0,12.0951049112891,0,0,0
321,85.5999999999994,6,788.282286816872,3.5,0,6.23045899280637,0,0,0
321,85.5999999999994,7,1567.88906748676,0,0,14.073291129622,0,0,0
321,85.5999999999994,8,811.507388026218,3.5,0,5.63866377706163,0,0,0
321,85.5999999999994,9,1634.51117718036,3.5,0,13.1516694363152,0,0,0
321,85.5999999999994,10,74.370654900363,11,0,0,0,0,0
321,85.5999999999994,11,400.507363552497,-4,0,0,0,0,0
321,85.6999999999994,1,770.73122392527,3.5,0,6.30280170795013,0,0,0
321,85.6999999999994,2,873.253924642043,0,0,7.95037901890067,0,0,0
321,85.6999999999994,3,1460.97863861579,3.5,0,10.314707328174,0,0,0
321,85.6999999999994,4,1751.63552873092,0,0,13.9575872594932,0,0,0
321,85.6999999999994,5,1265.14137294381,0,0,12.1258024612093,0,0,0
321,85.6999999999994,6,788.905330927069,3.5,0,6.23042321113955,0,0,0
321,85.6999999999994,7,1569.30889659973,0,0,14.323291129622,0,0,0
321,85.6999999999994,8,812.071489064264,3.5,0,5.64335698386478,0,0,0
321,85.6999999999994,9,1635.82753418585,3.5,0,13.1754706734209,0,0,0
321,85.6999999999994,10,74.370654900363,11,0,0,0,0,0
321,85.6999999999994,11,400.507363552497,-4,0,0,0,0,0
321,85.7999999999994,1,771.36131922082,3.5,0,6.29910420304555,0,0,0
321,85.7999999999994,2,874.048529820144,0,0,7.94172454312392,0,0,0
321,85.7999999999994,3,1461.99760934861,3.5,0,10.064707328174,0,0,0
321,85.7999999999994,4,1753.03129111996,0,0,13.9576605213974,0,0,0
321,85.7999999999994,5,1266.35533457968,0,0,12.1534302561375,0,0,0
321,85.7999999999994,6,789.528371638008,3.5,0,6.2303910076394,0,0,0
321,85.7999999999994,7,1570.75372571269,0,0,14.573291129622,0,0,0
321,85.7999999999994,8,812.636035956957,3.5,0,5.64758086998761,0,0,0
321,85.7999999999994,9,1637.14615230886,3.5,0,13.196891786816,0,0,0
321,85.7999999999994,10,74.370654900363,11,0,0,0,0,0
321,85.7999999999994,11,400.507363552497,-4,0,0,0,0,0
321,85.8999999999994,1,771.991052589458,3.5,0,6.29556316970911,0,0,0
321,85.8999999999994,2,874.842312823047,0,0,7.93393551492485,0,0,0
321,85.8999999999994,3,1462.99158008143,3.5,0,9.81470732817403,0,0,0
321,85.8999999999994,4,1754.42706046889,0,0,13.9577264571112,0,0,0
321,85.8999999999994,5,1267.57192085607,0,0,12.1782952715729,0,0,0
321,85.8999999999994,6,790.151409289615,3.5,0,6.23036202448927,0,0,0
321,85.8999999999994,7,1572.22355482565,0,0,14.823291129622,0,0,0
321,85.8999999999994,8,813.200984118831,3.5,0,5.65138236749816,0,0,0
321,85.8999999999994,9,1638.46680543764,3.5,0,13.2161707888716,0,0,0
321,85.8999999999994,10,74.370654900363,11,0,0,0,0,0
321,85.8999999999994,11,400.507363552497,-4,0,0,0,0,0
321,85.9999999999994,1,772.62043940195,3.5,0,6.29217308014304,0,0,0
321,85.9999999999994,2,875.63535586827,0,0,7.92692538954568,0,0,0
321,85.9999999999994,3,1463.96055081425,3.5,0,9.56470732817403,0,0,0
321,85.9999999999994,4,1755.82283608171,0,0,13.9577857992536,0,0,0
321,85.9999999999994,5,1268.79086930892,0,0,12.2006737854647,0,0,0
321,85.9999999999994,6,790.774444187822,3.5,0,6.23033593965415,0,0,0
321,85.9999999999994,7,1573.71838393861,0,0,15.073291129622,0,0,0
321,85.9999999999994,8,813.766293422969,3.5,0,5.65480371525766,0,0,0
321,85.9999999999994,9,1639.78929007162,3.5,0,13.2335218907217,0,0,0
321,85.9999999999994,10,74.370654900363,11,0,0,0,0,0
321,85.9999999999994,11,400.507363552497,-4,0,0,0,0,0
321,86.0999999999994,1,773.249494483952,3.5,0,6.28892855988325,0,0,0
321,86.0999999999994,2,876.427732951583,0,0,7.92061627670443,0,0,0
321,86.0999999999994,3,1464.90452154706,3.5,0,9.31470732817403,0,0,0
321,86.0999999999994,4,1757.21861733203,0,0,13.9578392071818,0,0,0
321,86.0999999999994,5,1270.01194372059,0,0,12.2208144479673,0,0,0
321,86.0999999999994,6,791.397476607969,3.5,0,6.23031246330254,0,0,0
321,86.0999999999994,7,1575.23821305157,0,0,15.323291129622,0,0,0
321,86.0999999999994,8,814.331927755144,3.5,0,5.6578829282412,0,0,0
321,86.0999999999994,9,1641.11342306028,3.5,0,13.2491378823868,0,0,0
321,86.0999999999994,10,74.370654900363,11,0,0,0,0,0
321,86.0999999999994,11,400.507363552497,-4,0,0,0,0,0
321,86.1999999999994,1,773.878232131211,3.5,0,6.28582438530929,0,0,0
321,86.1999999999994,2,877.219510669175,0,0,7.9149380751473,0,0,0
321,86.1999999999994,3,1465.82349227988,3.5,0,9.06470732817403,0,0,0
321,86.1999999999994,4,1758.6144036561,0,0,13.9578872743171,0,0,0
321,86.1999999999994,5,1271.2349314952,0,0,12.2389410442197,0,0,0
321,86.1999999999994,6,792.020506797864,3.5,0,6.2302913345861,0,0,0
321,86.1999999999994,7,1576.78304216454,0,0,15.573291129622,0,0,0
321,86.1999999999994,8,814.897854612552,3.5,0,5.66065421992639,0,0,0
321,86.1999999999994,9,1642.43903956814,3.5,0,13.2631922748853,0,0,0
321,86.1999999999994,10,74.370654900363,11,0,0,0,0,0
321,86.1999999999994,11,400.507363552497,-4,0,0,0,0,0
321,86.2999999999994,1,774.506666124532,3.5,0,6.28285548110057,0,0,0
321,86.2999999999994,2,878.01074895762,0,0,7.90982769374589,0,0,0
321,86.2999999999994,3,1466.7174630127,3.5,0,8.81470732817403,0,0,0
321,86.2999999999994,4,1760.01019454656,0,0,13.9579305347389,0,0,0
321,86.2999999999994,5,1272.45964129645,0,0,12.2552549808468,0,0,0
321,86.2999999999994,6,792.64353498053,3.5,0,6.2302723187413,0,0,0
321,86.2999999999994,7,1578.3528712775,0,0,15.823291129622,0,0,0
321,86.2999999999994,8,815.464044742671,3.5,0,5.66314838244306,0,0,0
321,86.2999999999994,9,1643.76599124329,3.5,0,13.275841228134,0,0,0
321,86.2999999999994,10,74.370654900363,11,0,0,0,0,0
321,86.2999999999994,11,400.507363552497,-4,0,0,0,0,0
321,86.3999999999994,1,775.134809744469,3.5,0,6.2800169176475,0,0,0
321,86.3999999999994,2,878.801501759832,0,0,7.90522835048462,0,0,0
321,86.3999999999994,3,1467.58643374551,3.5,0,8.56470732817403,0,0,0
321,86.3999999999994,4,1761.40598954675,0,0,13.9579694691185,0,0,0
321,86.3999999999994,5,1273.68590092169,0,0,12.2699375238113,0,0,0
321,86.3999999999994,6,793.266561356691,3.5,0,6.23025520448098,0,0,0
321,86.3999999999994,7,1579.94770039046,0,0,16.073291129622,0,0,0
321,86.3999999999994,8,816.030471818228,3.5,0,5.66539312870807,0,0,0
321,86.3999999999994,9,1645.094144569,3.5,0,13.2872252860579,0,0,0
321,86.3999999999994,10,74.370654900363,11,0,0,0,0,0
321,86.3999999999994,11,400.507363552497,-4,0,0,0,0,0
321,86.4999999999994,1,775.762675785773,3.5,0,6.27730390842567,0,0,0
321,86.4999999999994,2,879.591817624433,0,0,7.90108894154947,0,0,0
321,86.4999999999994,3,1468.43040447833,3.5,0,8.31470732817403,0,0,0
321,86.4999999999994,4,1762.80178824571,0,0,13.9580045100602,0,0,0
321,86.4999999999994,5,1274.9135553885,0,0,12.2831518124792,0,0,0
321,86.4999999999994,6,793.889586106998,3.5,0,6.23023980164669,0,0,0
321,86.4999999999994,7,1581.56752950342,0,0,16.323291129622,0,0,0
321,86.4999999999994,8,816.597112144681,3.5,0,5.66741340034657,0,0,0
321,86.4999999999994,9,1646.42337938021,3.5,0,13.2974709381893,0,0,0
321,86.4999999999994,10,74.370654900363,11,0,0,0,0,0
321,86.4999999999994,11,400.507363552497,-4,0,0,0,0,0
321,86.5999999999994,1,776.390276571561,3.5,0,6.27471180734022,0,0,0
321,86.5999999999994,2,880.381740245186,0,0,7.89736347350784,0,0,0
321,86.5999999999994,3,1469.24937521115,3.5,0,8.06470732817403,0,0,0
321,86.5999999999994,4,1764.19759027356,0,0,13.9580360469077,0,0,0
321,86.5999999999994,5,1276.14246521274,0,0,12.2950446722804,0,0,0
321,86.5999999999994,6,794.512609394035,3.5,0,6.23022593909583,0,0,0
321,86.5999999999994,7,1583.21235861639,0,0,16.573291129622,0,0,0
321,86.5999999999994,8,817.163944396939,3.5,0,5.66923164482123,0,0,0
321,86.5999999999994,9,1647.75358752838,3.5,0,13.3066920251076,0,0,0
321,86.5999999999994,10,74.370654900363,11,0,0,0,0,0
321,86.5999999999994,11,400.507363552497,-4,0,0,0,0,0
321,86.6999999999993,1,777.01762396723,3.5,0,6.27223610604684,0,0,0
321,86.6999999999993,2,881.171308946475,0,0,7.89401055227038,0,0,0
321,86.6999999999993,3,1470.04334594397,3.5,0,7.81470732817403,0,0,0
321,86.6999999999993,4,1765.59339529741,0,0,13.9580644300705,0,0,0
321,86.6999999999993,5,1277.37250485866,0,0,12.3057482461015,0,0,0
321,86.6999999999993,6,795.13563136413,3.5,0,6.23021346280005,0,0,0
321,86.6999999999993,7,1584.88218772935,0,0,16.823291129622,0,0,0
321,86.6999999999993,8,817.730949382423,3.5,0,5.67086806484842,0,0,0
321,86.6999999999993,9,1649.0846716798,3.5,0,13.3149910033341,0,0,0
321,86.6999999999993,10,74.370654900363,11,0,0,0,0,0
321,86.6999999999993,11,400.507363552497,-4,0,0,0,0,0
321,86.7999999999993,1,777.644729394096,3.5,0,6.26987243125528,0,0,0
321,86.7999999999993,2,881.960559120246,0,0,7.89099292315666,0,0,0
321,86.7999999999993,3,1470.81231667678,3.5,0,7.56470732817403,0,0,0
321,86.7999999999993,4,1766.98920301766,0,0,13.9580899749169,0,0,0
321,86.7999999999993,5,1278.60356134409,0,0,12.3153814625405,0,0,0
321,86.7999999999993,6,795.758652148976,3.5,0,6.23020223413386,0,0,0
321,86.7999999999993,7,1586.57701684231,0,0,17.073291129622,0,0,0
321,86.7999999999993,8,818.298109827809,3.5,0,5.67234084287289,0,0,0
321,86.7999999999993,9,1650.41654423415,3.5,0,13.3224600837379,0,0,0
321,86.7999999999993,10,74.370654900363,11,0,0,0,0,0
321,86.7999999999993,11,400.507363552497,-4,0,0,0,0,0
321,86.8999999999993,1,778.271603842759,3.5,0,6.26761654202078,0,0,0
321,86.8999999999993,2,882.749522619252,0,0,7.88827705695431,0,0,0
321,86.8999999999993,3,1471.5562874096,3.5,0,7.31470732817403,0,0,0
321,86.8999999999993,4,1768.38501316466,0,0,13.9581129652787,0,0,0
321,86.8999999999993,5,1279.83553298508,0,0,12.3240513573355,0,0,0
321,86.8999999999993,6,796.3816718671,3.5,0,6.23019212833428,0,0,0
321,86.8999999999993,7,1588.2957583024,0,0,17.3015380721278,0,0,0
321,86.8999999999993,8,818.865410187107,3.5,0,5.67366634309491,0,0,0
321,86.8999999999993,9,1651.74912635115,3.5,0,13.3291822561013,0,0,0
321,86.8999999999993,10,74.370654900363,11,0,0,0,0,0
321,86.8999999999993,11,400.507363552497,-4,0,0,0,0,0
321,86.9999999999993,1,778.898257886212,3.5,0,6.26546432702816,0,0,0
321,86.9999999999993,2,883.538228110968,0,0,7.88583277737219,0,0,0
321,86.9999999999993,3,1472.27525814242,3.5,0,7.06470732817403,0,0,0
321,86.9999999999993,4,1769.78082549576,0,0,13.9581336566044,0,0,0
321,86.9999999999993,5,1281.06832826608,0,0,12.3318542626511,0,0,0
321,86.9999999999993,6,797.004690625172,3.5,0,6.23018303311466,0,0,0
321,86.9999999999993,7,1590.03618322202,0,0,17.5069603203831,0,0,0
321,86.9999999999993,8,819.432836468927,3.5,0,5.67485929329473,0,0,0
321,86.9999999999993,9,1653.08234707451,3.5,0,13.3352322112284,0,0,0
321,86.9999999999993,10,74.370654900363,11,0,0,0,0,0
321,86.9999999999993,11,400.507363552497,-4,0,0,0,0,0
321,87.0999999999993,1,779.524701692657,3.5,0,6.26341180187312,0,0,0
321,87.0999999999993,2,884.326701396124,0,0,7.88363292574829,0,0,0
321,87.0999999999993,3,1472.96922887524,3.5,0,6.81470732817403,0,0,0
321,87.0999999999993,4,1771.17663979253,0,0,13.9581522787975,0,0,0
321,87.0999999999993,5,1282.30186482309,0,0,12.3388768774351,0,0,0
321,87.0999999999993,6,797.627708519199,3.5,0,6.230174847417,0,0,0
321,87.0999999999993,7,1591.79612325523,0,0,17.6918403438128,0,0,0
321,87.0999999999993,8,820.000376081015,3.5,0,5.67593294847457,0,0,0
321,87.0999999999993,9,1654.41614254362,3.5,0,13.3406771708428,0,0,0
321,87.0999999999993,10,74.370654900363,11,0,0,0,0,0
321,87.0999999999993,11,400.507363552497,-4,0,0,0,0,0
321,87.1999999999993,1,780.150945038068,3.5,0,6.26145510634455,0,0,0
321,87.1999999999993,2,885.114965695376,0,0,7.88165305928678,0,0,0
321,87.1999999999993,3,1473.63819960805,3.5,0,6.56470732817403,0,0,0
321,87.1999999999993,4,1772.57245585841,0,0,13.9581690387712,0,0,0
321,87.1999999999993,5,1283.5360685285,0,0,12.3451972307407,0,0,0
321,87.1999999999993,6,798.250725635584,3.5,0,6.23016748028911,0,0,0
321,87.1999999999993,7,1593.57362689067,0,0,17.8582323648995,0,0,0
321,87.1999999999993,8,820.568017690346,3.5,0,5.67689923813642,0,0,0
321,87.1999999999993,9,1655.75045528388,3.5,0,13.3455776344958,0,0,0
321,87.1999999999993,10,74.370654900363,11,0,0,0,0,0
321,87.1999999999993,11,400.507363552497,-4,0,0,0,0,0
321,87.2999999999993,1,780.776997318471,3.5,0,6.2595905017119,0,0,0
321,87.2999999999993,2,885.903041907314,0,0,7.87987117947142,0,0,0
321,87.2999999999993,3,1474.28217034087,3.5,0,6.31470732817403,0,0,0
321,87.2999999999993,4,1773.96827351648,0,0,13.9581841227476,0,0,0
321,87.2999999999993,5,1284.77087266747,0,0,12.3508855487157,0,0,0
321,87.2999999999993,6,798.873742052092,3.5,0,6.23016084987401,0,0,0
321,87.2999999999993,7,1595.36693776811,0,0,18.0079851838776,0,0,0
321,87.2999999999993,8,821.135751097194,3.5,0,5.67776889883209,0,0,0
321,87.2999999999993,9,1657.0852335682,3.5,0,13.3499880517834,0,0,0
321,87.2999999999993,10,74.370654900363,11,0,0,0,0,0
321,87.2999999999993,11,400.507363552497,-4,0,0,0,0,0
321,87.3999999999993,1,781.402867561957,3.5,0,6.2578143680206,0,0,0
321,87.3999999999993,2,886.690948840669,0,0,7.8782674876376,0,0,0
321,87.3999999999993,3,1474.90114107369,3.5,0,6.06470732817403,0,0,0
321,87.3999999999993,4,1775.36409260754,0,0,13.9581976983264,0,0,0
321,87.3999999999993,5,1286.00621719665,0,0,12.3560050348933,0,0,0
321,87.3999999999993,6,799.496757838711,3.5,0,6.23015488250042,0,0,0
321,87.3999999999993,7,1597.17447516335,0,0,18.1427627209579,0,0,0
321,87.3999999999993,8,821.703567121809,3.5,0,5.67855159345819,0,0,0
321,87.3999999999993,9,1658.42043084215,3.5,0,13.3539574273423,0,0,0
321,87.3999999999993,10,74.370654900363,11,0,0,0,0,0
321,87.3999999999993,11,400.507363552497,-4,0,0,0,0,0
321,87.4999999999993,1,782.028564440428,3.5,0,6.25612320139894,0,0,0
321,87.4999999999993,2,887.478703423301,0,0,7.87682416498715,0,0,0
321,87.4999999999993,3,1475.49511180651,3.5,0,5.81470732817403,0,0,0
321,87.4999999999993,4,1776.75991298827,0,0,13.9582099163473,0,0,0
321,87.4999999999993,5,1287.24204807702,0,0,12.360612572453,0,0,0
321,87.4999999999993,6,800.119773058429,3.5,0,6.23014951186418,0,0,0
321,87.4999999999993,7,1598.99481642461,0,0,18.2640625043301,0,0,0
321,87.4999999999993,8,822.271457502413,3.5,0,5.67925601862169,0,0,0
321,87.4999999999993,9,1659.75600520679,3.5,0,13.3575298653453,0,0,0
321,87.4999999999993,10,74.370654900363,11,0,0,0,0,0
321,87.4999999999993,11,400.507363552497,-4,0,0,0,0,0
321,87.5999999999993,1,782.654096281067,3.5,0,6.25451361137911,0,0,0
321,87.5999999999993,2,888.26632089028,0,0,7.87552517460175,0,0,0
321,87.5999999999993,3,1476.06408253932,3.5,0,5.56470732817403,0,0,0
321,87.5999999999993,4,1778.15573452972,0,0,13.9582209125661,0,0,0
321,87.5999999999993,5,1288.47831667345,0,0,12.3647593562568,0,0,0
321,87.5999999999993,6,800.742787767937,3.5,0,6.23014467829158,0,0,0
321,87.5999999999993,7,1600.8266811653,0,0,18.3732323093651,0,0,0
321,87.5999999999993,8,822.839414803407,3.5,0,5.67989000126883,0,0,0
321,87.5999999999993,9,1661.09191895303,3.5,0,13.360745059548,0,0,0
321,87.5999999999993,10,74.370654900363,11,0,0,0,0,0
321,87.5999999999993,11,400.507363552497,-4,0,0,0,0,0
321,87.6999999999993,1,783.279471077548,3.5,0,6.25298231823501,0,0,0
321,87.6999999999993,2,889.053814953173,0,0,7.8743560832549,0,0,0
321,87.6999999999993,3,1476.60805327214,3.5,0,5.31470732817403,0,0,0
321,87.6999999999993,4,1779.56405662097,0,0,14.2082209125661,0,0,0
321,87.6999999999993,5,1289.71497921435,0,0,12.3684914616803,0,0,0
321,87.6999999999993,6,801.365802018256,3.5,0,6.23014032807623,0,0,0
321,87.6999999999993,7,1602.66891703746,0,0,18.4714851338966,0,0,0
321,87.6999999999993,8,823.407432332753,3.5,0,5.68046058565126,0,0,0
321,87.6999999999993,9,1662.42813814273,3.5,0,13.3636387343304,0,0,0
321,87.6999999999993,10,74.370654900363,11,0,0,0,0,0
321,87.6999999999993,11,400.507363552497,-4,0,0,0,0,0
321,87.7999999999993,1,783.904696500977,3.5,0,6.25152615033936,0,0,0
321,87.7999999999993,2,889.841197952388,0,0,7.87330390104272,0,0,0
321,87.7999999999993,3,1477.12702400496,3.5,0,5.06470732817403,0,0,0
321,87.7999999999993,4,1780.99737871223,0,0,14.4582209125661,0,0,0
321,87.7999999999993,5,1290.95199630526,0,0,12.3718503565613,0,0,0
321,87.7999999999993,6,801.988815855304,3.5,0,6.23013641288241,0,0,0
321,87.7999999999993,7,1604.52048692795,0,0,18.559912675975,0,0,0
321,87.7999999999993,8,823.975504067616,3.5,0,5.68097411159544,0,0,0
321,87.7999999999993,9,1663.76463223153,3.5,0,13.3662430416346,0,0,0
321,87.7999999999993,10,74.370654900363,11,0,0,0,0,0
321,87.7999999999993,11,400.507363552497,-4,0,0,0,0,0
321,87.8999999999993,1,784.529779910571,3.5,0,6.25014204154222,0,0,0
321,87.8999999999993,2,890.628480994292,0,0,7.87235693705177,0,0,0
321,87.8999999999993,3,1477.62099473777,3.5,0,4.81470732817403,0,0,0
321,87.8999999999993,4,1782.45570080349,0,0,14.7082209125661,0,0,0
321,87.8999999999993,5,1292.18933249119,0,0,12.3748733619543,0,0,0
321,87.8999999999993,6,802.611829320408,3.5,0,6.23013288920798,0,0,0
321,87.8999999999993,7,1606.38045743495,0,0,18.6394974638455,0,0,0
321,87.8999999999993,8,824.543624587443,3.5,0,5.68143628494521,0,0,0
321,87.8999999999993,9,1665.10137372952,3.5,0,13.3685869182084,0,0,0
321,87.8999999999993,10,74.370654900363,11,0,0,0,0,0
321,87.8999999999993,11,400.507363552497,-4,0,0,0,0,0
321,87.9999999999993,1,785.154728364077,3.5,0,6.248827028573,0,0,0
321,87.9999999999993,2,891.415674074618,0,0,7.87150466945991,0,0,0
321,87.9999999999993,3,1478.08996547059,3.5,0,4.56470732817403,0,0,0
321,87.9999999999993,4,1783.93902289474,0,0,14.9582209125661,0,0,0
321,87.9999999999993,5,1293.42695586263,0,0,12.377594066808,0,0,0
321,87.9999999999993,6,803.234842450763,3.5,0,6.23012971790099,0,0,0
321,87.9999999999993,7,1608.24798849678,0,0,18.711123772929,0,0,0
321,87.9999999999993,8,825.111789013738,3.5,0,5.68185224096,0,0,0
321,87.9999999999993,9,1666.43833789578,3.5,0,13.3706964071248,0,0,0
321,87.9999999999993,10,74.370654900363,11,0,0,0,0,0
321,87.9999999999993,11,400.507363552497,-4,0,0,0,0,0
321,88.0999999999993,1,785.779548627929,3.5,0,6.24757824846785,0,0,0
321,88.0999999999993,2,892.202786189522,0,0,7.87073762862724,0,0,0
321,88.0999999999993,3,1478.53393620341,3.5,0,4.31470732817403,0,0,0
321,88.0999999999993,4,1785.447344986,0,0,15.2082209125661,0,0,0
321,88.0999999999993,5,1294.66483770102,0,0,12.3800427011763,0,0,0
321,88.0999999999993,6,803.857855279845,3.5,0,6.2301268637247,0,0,0
321,88.0999999999993,7,1610.12232405799,0,0,18.7755874511041,0,0,0
321,88.0999999999993,8,825.679992955855,3.5,0,5.68222660137331,0,0,0
321,88.0999999999993,9,1667.7755024635,3.5,0,13.3725949471495,0,0,0
321,88.0999999999993,10,74.370654900363,11,0,0,0,0,0
321,88.0999999999993,11,400.507363552497,-4,0,0,0,0,0
321,88.1999999999993,1,786.404247187153,3.5,0,6.24639293602421,0,0,0
321,88.1999999999993,2,892.989825435547,0,0,7.87004729187783,0,0,0
321,88.1999999999993,3,1478.97790693623,3.5,0,4.56470732817403,0,0,0
321,88.1999999999993,4,1786.98066707726,0,0,15.4582209125661,0,0,0
321,88.1999999999993,5,1295.90295215969,0,0,12.3822464721078,0,0,0
321,88.1999999999993,6,804.480867837779,3.5,0,6.23012429496604,0,0,0
321,88.1999999999993,7,1612.00278366861,0,0,18.8336047614617,0,0,0
321,88.1999999999993,8,826.248232462211,3.5,0,5.68256352574529,0,0,0
321,88.1999999999993,9,1669.11284739251,3.5,0,13.3743036331718,0,0,0
321,88.1999999999993,10,74.370654900363,11,0,0,0,0,0
321,88.1999999999993,11,400.507363552497,-4,0,0,0,0,0
321,88.2999999999993,1,787.028830255019,3.5,0,6.24526842128402,0,0,0
321,88.2999999999993,2,893.776799099581,0,0,7.86942598880336,0,0,0
321,88.2999999999993,3,1479.44687766904,3.5,0,4.81470732817403,0,0,0
321,88.2999999999993,4,1788.53898916851,0,0,15.7082209125661,0,0,0
321,88.2999999999993,5,1297.14127597659,0,0,12.3842298659461,0,0,0
321,88.2999999999993,6,805.103880151682,3.5,0,6.23012198308324,0,0,0
321,88.2999999999993,7,1613.88875492373,0,0,18.8858203407836,0,0,0
321,88.2999999999993,8,826.816503976382,3.5,0,5.68286675768007,0,0,0
321,88.2999999999993,9,1670.4503546467,3.5,0,13.3758414505919,0,0,0
321,88.2999999999993,10,74.370654900363,11,0,0,0,0,0
321,88.2999999999993,11,400.507363552497,-4,0,0,0,0,0
321,88.3999999999993,1,787.653303782435,3.5,0,6.24420212704705,0,0,0
321,88.3999999999993,2,894.563713739823,0,0,7.86886681603634,0,0,0
321,88.3999999999993,3,1479.94084840186,3.5,0,5.06470732817403,0,0,0
321,88.3999999999993,4,1790.12231125977,0,0,15.9582209125661,0,0,0
321,88.3999999999993,5,1298.37978821591,0,0,12.3860149204006,0,0,0
321,88.3999999999993,6,805.726892245955,3.5,0,6.23011990238873,0,0,0
321,88.3999999999993,7,1615.77968665888,0,0,18.9328143621733,0,0,0
321,88.3999999999993,8,827.384804297587,3.5,0,5.68313966642138,0,0,0
321,88.3999999999993,9,1671.78800799355,3.5,0,13.3772254862699,0,0,0
321,88.3999999999993,10,74.370654900363,11,0,0,0,0,0
321,88.3999999999993,11,400.507363552497,-4,0,0,0,0,0
321,88.4999999999992,1,788.277673467108,3.5,0,6.24319156641588,0,0,0
321,88.4999999999992,2,895.350575258653,0,0,7.86836356054603,0,0,0
321,88.4999999999992,3,1480.45981913468,3.5,0,5.31470732817403,0,0,0
321,88.4999999999992,4,1791.73063335103,0,0,16.2082209125661,0,0,0
321,88.4999999999992,5,1299.6184700354,0,0,12.3876214694097,0,0,0
321,88.4999999999992,6,806.349904142563,3.5,0,6.23011802976367,0,0,0
321,88.4999999999992,7,1617.67508282606,0,0,18.975108981424,0,0,0
321,88.4999999999992,8,827.953130545122,3.5,0,5.68338528428855,0,0,0
321,88.4999999999992,9,1673.12579282378,3.5,0,13.3784711183802,0,0,0
321,88.4999999999992,10,74.370654900363,11,0,0,0,0,0
321,88.4999999999992,11,400.507363552497,-4,0,0,0,0,0
321,88.5999999999992,1,788.901944762448,3.5,0,6.24223434037341,0,0,0
321,88.5999999999992,2,896.13738896821,0,0,7.86791063060474,0,0,0
321,88.5999999999992,3,1481.0037898675,3.5,0,5.56470732817403,0,0,0
321,88.5999999999992,4,1793.36395544228,0,0,16.4582209125661,0,0,0
321,88.5999999999992,5,1300.85730447705,0,0,12.3890673635178,0,0,0
321,88.5999999999992,6,806.972915861271,3.5,0,6.23011634440111,0,0,0
321,88.5999999999992,7,1619.57449698206,0,0,19.0131741387496,0,0,0
321,88.5999999999992,8,828.521480126355,3.5,0,5.68360634036901,0,0,0
321,88.5999999999992,9,1674.46369598906,3.5,0,13.3795921872794,0,0,0
321,88.5999999999992,10,74.370654900363,11,0,0,0,0,0
321,88.5999999999992,11,400.507363552497,-4,0,0,0,0,0
321,88.6999999999992,1,789.526122886236,3.5,0,6.24132813539442,0,0,0
321,88.6999999999992,2,896.924159649423,0,0,7.86750299365758,0,0,0
321,88.6999999999992,3,1481.57276060031,3.5,0,5.81470732817403,0,0,0
321,88.6999999999992,4,1795.02227753354,0,0,16.7082209125661,0,0,0
321,88.6999999999992,5,1302.09627627863,0,0,12.3903686682151,0,0,0
321,88.6999999999992,6,807.59592741987,3.5,0,6.23011482757481,0,0,0
321,88.6999999999992,7,1621.47752732802,0,0,19.0474327803427,0,0,0
321,88.6999999999992,8,829.089850707916,3.5,0,5.68380529084142,0,0,0
321,88.6999999999992,9,1675.80170565589,3.5,0,13.3806011492887,0,0,0
321,88.6999999999992,10,74.370654900363,11,0,0,0,0,0
321,88.6999999999992,11,400.507363552497,-4,0,0,0,0,0
321,88.7999999999992,1,790.15021282906,3.5,0,6.24047072109176,0,0,0
321,88.7999999999992,2,897.710891605126,0,0,7.86713612040514,0,0,0
321,88.7999999999992,3,1482.1664820583,3.5,0,6.05972183158531,0,0,0
321,88.7999999999992,4,1796.7055996248,0,0,16.9582209125661,0,0,0
321,88.7999999999992,5,1303.33537170417,0,0,12.3915398424427,0,0,0
321,88.7999999999992,6,808.21893883437,3.5,0,6.23011346243113,0,0,0
321,88.7999999999992,7,1623.38381224492,0,0,19.0782655577764,0,0,0
321,88.7999999999992,8,829.658240189771,3.5,0,5.68398434626659,0,0,0
321,88.7999999999992,9,1677.13981117411,3.5,0,13.381509215097,0,0,0
321,88.7999999999992,10,74.370654900363,11,0,0,0,0,0
321,88.7999999999992,11,400.507363552497,-4,0,0,0,0,0
321,88.8999999999992,1,790.77421936251,3.5,0,6.2396599478985,0,0,0
321,88.8999999999992,2,898.49758870787,0,0,7.86680593447795,0,0,0
321,88.8999999999992,3,1482.78347989411,3.5,0,6.28023488465547,0,0,0
321,88.8999999999992,4,1798.41392171605,0,0,17.2082209125661,0,0,0
321,88.8999999999992,5,1304.57457839125,0,0,12.3925938992476,0,0,0
321,88.8999999999992,6,808.841950119182,3.5,0,6.23011223380183,0,0,0
321,88.8999999999992,7,1625.29302627569,0,0,19.1060150574668,0,0,0
321,88.8999999999992,8,830.226646681892,3.5,0,5.68414549614924,0,0,0
321,88.8999999999992,9,1678.47800295858,3.5,0,13.3823264743246,0,0,0
321,88.8999999999992,10,74.370654900363,11,0,0,0,0,0
321,88.8999999999992,11,400.507363552497,-4,0,0,0,0,0
321,88.9999999999992,1,791.398147047144,3.5,0,6.23889374478655,0,0,0
321,88.9999999999992,2,899.284254442952,0,0,7.86650876714347,0,0,0
321,88.9999999999992,3,1483.42142646997,3.5,0,6.47869663241861,0,0,0
321,88.9999999999992,4,1800.14724380731,0,0,17.4582209125661,0,0,0
321,88.9999999999992,5,1305.81388521373,0,0,12.3935425503719,0,0,0
321,88.9999999999992,6,809.464961287274,3.5,0,6.23011112803546,0,0,0
321,88.9999999999992,7,1627.20487650892,0,0,19.1309896071882,0,0,0
321,88.9999999999992,8,830.795068483252,3.5,0,5.68429053104363,0,0,0
321,88.9999999999992,9,1679.81627238268,3.5,0,13.3830620076293,0,0,0
321,88.9999999999992,10,74.370654900363,11,0,0,0,0,0
321,88.9999999999992,11,400.507363552497,-4,0,0,0,0,0
321,89.0999999999992,1,792.022000240235,3.5,0,6.23817011702261,0,0,0
321,89.0999999999992,2,900.070891947136,0,0,7.86624131654244,0,0,0
321,89.0999999999992,3,1484.07822691186,3.5,0,6.65731220540544,0,0,0
321,89.0999999999992,4,1801.90556589857,0,0,17.7082209125661,0,0,0
321,89.0999999999992,5,1307.05328215807,0,0,12.3943963363838,0,0,0
321,89.0999999999992,6,810.087972350318,3.5,0,6.23011013284572,0,0,0
321,89.0999999999992,7,1629.11909932438,0,0,19.1534667019374,0,0,0
321,89.0999999999992,8,831.363504062926,3.5,0,5.68442106244858,0,0,0
321,89.0999999999992,9,1681.15461168244,3.5,0,13.3837239876036,0,0,0
321,89.0999999999992,10,74.370654900363,11,0,0,0,0,0
321,89.0999999999992,11,400.507363552497,-4,0,0,0,0,0
321,89.1999999999992,1,792.645783103284,3.5,0,6.23748714396209,0,0,0
321,89.1999999999992,2,900.857504043513,0,0,7.86600061100151,0,0,0
321,89.1999999999992,3,1484.75199583318,3.5,0,6.81806622109358,0,0,0
321,89.1999999999992,4,1803.68774882244,0,0,17.9354375649842,0,0,0
321,89.1999999999992,5,1308.29276021208,0,0,12.3951647437946,0,0,0
321,89.1999999999992,6,810.710983318819,3.5,0,6.23010923717495,0,0,0
321,89.1999999999992,7,1631.03545746383,0,0,19.1736960872117,0,0,0
321,89.1999999999992,8,831.931952043084,3.5,0,5.68453854071303,0,0,0
321,89.1999999999992,9,1682.4930138703,3.5,0,13.3843197695805,0,0,0
321,89.1999999999992,10,74.370654900363,11,0,0,0,0,0
321,89.1999999999992,11,400.507363552497,-4,0,0,0,0,0
321,89.2999999999992,1,793.269499609326,3.5,0,6.23684297688156,0,0,0
321,89.2999999999992,2,901.644093272864,0,0,7.86578397601468,0,0,0
321,89.2999999999992,3,1485.441036386,3.5,0,6.96274483521291,0,0,0
321,89.2999999999992,4,1805.4915173283,0,0,18.1399325521605,0,0,0
321,89.2999999999992,5,1309.53231126479,0,0,12.3958563104642,0,0,0
321,89.2999999999992,6,811.333994202231,3.5,0,6.23010843107127,0,0,0
321,89.2999999999992,7,1632.95373739489,0,0,19.1919025339585,0,0,0
321,89.2999999999992,8,832.500411183678,3.5,0,5.68464427115104,0,0,0
321,89.2999999999992,9,1683.83147265745,3.5,0,13.3848559733597,0,0,0
321,89.2999999999992,10,74.370654900363,11,0,0,0,0,0
321,89.2999999999992,11,400.507363552497,-4,0,0,0,0,0
321,89.3999999999992,1,793.893153550013,3.5,0,6.23623583685024,0,0,0
321,89.3999999999992,2,902.430661921891,0,0,7.86558900452653,0,0,0
321,89.3999999999992,3,1486.14382140716,3.5,0,7.09295558792031,0,0,0
321,89.3999999999992,4,1807.31471285794,0,0,18.3239780406192,0,0,0
321,89.3999999999992,5,1310.77192801634,0,0,12.3964787204669,0,0,0
321,89.3999999999992,6,811.957005009064,3.5,0,6.23010770557795,0,0,0
321,89.3999999999992,7,1634.87374693839,0,0,19.2082883360307,0,0,0
321,89.3999999999992,8,833.068880368663,3.5,0,5.68473942854525,0,0,0
321,89.3999999999992,9,1685.16998238395,3.5,0,13.3853385567609,0,0,0
321,89.3999999999992,10,74.370654900363,11,0,0,0,0,0
321,89.3999999999992,11,400.507363552497,-4,0,0,0,0,0
321,89.4999999999992,1,794.516748542487,3.5,0,6.23566401264086,0,0,0
321,89.4999999999992,2,903.217212048627,0,0,7.86541353018719,0,0,0
321,89.4999999999992,3,1486.85897644982,3.5,0,7.21014526535697,0,0,0
321,89.4999999999992,4,1809.15539270898,0,0,18.4896189802321,0,0,0
321,89.4999999999992,5,1312.01160389683,0,0,12.3970388894693,0,0,0
321,89.4999999999992,6,812.580015746974,3.5,0,6.23010705263396,0,0,0
321,89.4999999999992,7,1636.79531313309,0,0,19.2230355578957,0,0,0
321,89.4999999999992,8,833.6373585936,3.5,0,5.68482507020003,0,0,0
321,89.4999999999992,9,1686.50853795588,3.5,0,13.3857728818221,0,0,0
321,89.4999999999992,10,74.370654900363,11,0,0,0,0,0
321,89.4999999999992,11,400.507363552497,-4,0,0,0,0,0
321,89.5999999999992,1,795.140288036053,3.5,0,6.23512585868037,0,0,0
321,89.5999999999992,2,904.0037455053,0,0,7.86525560328179,0,0,0
321,89.5999999999992,3,1487.58526451184,3.5,0,7.31561597504996,0,0,0
321,89.5999999999992,4,1811.01180844929,0,0,18.6386958258836,0,0,0
321,89.5999999999992,5,1313.25133299339,0,0,12.3975430415715,0,0,0
321,89.5999999999992,6,813.203026422855,3.5,0,6.23010646498438,0,0,0
321,89.5999999999992,7,1638.71828031386,0,0,19.2363080575741,0,0,0
321,89.5999999999992,8,834.205844954494,3.5,0,5.68490214768934,0,0,0
321,89.5999999999992,9,1687.84713478869,3.5,0,13.3861637743771,0,0,0
321,89.5999999999992,10,74.370654900363,11,0,0,0,0,0
321,89.5999999999992,11,400.507363552497,-4,0,0,0,0,0
321,89.6999999999992,1,795.763775318639,3.5,0,6.23461979304068,0,0,0
321,89.6999999999992,2,904.790263958917,0,0,7.86511346906693,0,0,0
321,89.6999999999992,3,1488.32157229128,3.5,0,7.41053961377365,0,0,0
321,89.6999999999992,4,1812.88238648993,0,0,18.77286498697,0,0,0
321,89.6999999999992,5,1314.49110998439,0,0,12.3979967784635,0,0,0
321,89.6999999999992,6,813.82603704291,3.5,0,6.23010593609975,0,0,0
321,89.6999999999992,7,1640.6425083821,0,0,19.2482533072847,0,0,0
321,89.6999999999992,8,834.77433863775,3.5,0,5.68497151742972,0,0,0
321,89.6999999999992,9,1689.18576875629,3.5,0,13.3865155776766,0,0,0
321,89.6999999999992,10,74.370654900363,11,0,0,0,0,0
321,89.6999999999992,11,400.507363552497,-4,0,0,0,0,0
321,89.7999999999992,1,796.387213523065,3.5,0,6.23414429546971,0,0,0
321,89.7999999999992,2,905.576768909784,0,0,7.86498554827355,0,0,0
321,89.7999999999992,3,1489.0668978164,3.5,0,7.49597088862498,0,0,0
321,89.7999999999992,4,1814.76571060088,0,0,18.8936172319478,0,0,0
321,89.7999999999992,5,1315.73093008039,0,0,12.3984051416662,0,0,0
321,89.7999999999992,6,814.450591571842,3.5,0,6.26098464255809,0,0,0
321,89.7999999999992,7,1642.56787124907,0,0,19.2590040320243,0,0,0
321,89.7999999999992,8,835.342838911131,3.5,0,5.68503395019606,0,0,0
321,89.7999999999992,9,1690.52443614521,3.5,0,13.3868322006462,0,0,0
321,89.7999999999992,10,74.370654900363,11,0,0,0,0,0
321,89.7999999999992,11,400.507363552497,-4,0,0,0,0,0
321,89.8999999999992,1,797.010664593086,3.5,0,6.23487710495579,0,0,0
321,89.8999999999992,2,906.363261708176,0,0,7.86487041955952,0,0,0
321,89.8999999999992,3,1489.82033931263,3.5,0,7.57285903599117,0,0,0
321,89.8999999999992,4,1816.6605061751,0,0,19.0022942524277,0,0,0
321,89.8999999999992,5,1316.9707889709,0,0,12.3987726685487,0,0,0
321,89.8999999999992,6,815.078079577889,3.5,0,6.28877547837059,0,0,0
321,89.8999999999992,7,1644.49425543488,0,0,19.2686796842899,0,0,0
321,89.8999999999992,8,835.911345115626,3.5,0,5.68509013968576,0,0,0
321,89.8999999999992,9,1691.86313361331,3.5,0,13.3871171613188,0,0,0
321,89.8999999999992,10,74.370654900363,11,0,0,0,0,0
321,89.8999999999992,11,400.507363552497,-4,0,0,0,0,0
321,89.9999999999992,1,797.634241427957,3.5,0,6.2366595924657,0,0,0
321,89.9999999999992,2,907.14974356934,0,0,7.86476680371688,0,0,0
321,89.9999999999992,3,1490.58108518286,3.5,0,7.64205836862074,0,0,0
321,89.9999999999992,4,1818.56562606626,0,0,19.1001035708597,0,0,0
321,89.9999999999992,5,1318.21068277647,0,0,12.3991034427429,0,0,0
321,89.9999999999992,6,815.708207713338,3.5,0,6.31378723060184,0,0,0
321,89.9999999999992,7,1646.42155880767,0,0,19.2773877713289,0,0,0
321,89.9999999999992,8,836.483256363285,3.5,0,5.75313481351245,0,0,0
321,89.9999999999992,9,1693.20185815267,3.5,0,13.3873736259242,0,0,0
321,89.9999999999992,10,74.370654900363,11,0,0,0,0,0
321,89.9999999999992,11,400.507363552497,-4,0,0,0,0,0
321,90.0999999999992,1,798.258041948796,3.5,0,6.23935082431928,0,0,0
321,90.0999999999992,2,907.936215586999,0,0,7.86467354945851,0,0,0
321,90.0999999999992,3,1491.34840498969,3.5,0,7.70433776798735,0,0,0
321,90.0999999999992,4,1820.48003784268,0,0,19.1881319574485,0,0,0
321,90.0999999999992,5,1319.45060800558,0,0,12.3994011395178,0,0,0
321,90.0999999999992,6,816.340711965248,3.5,0,6.33629780760997,0,0,0
321,90.0999999999992,7,1648.34968944872,0,0,19.2852250496641,0,0,0
321,90.0999999999992,8,837.061631854959,3.5,0,5.81437501995648,0,0,0
321,90.0999999999992,9,1694.54060705617,3.5,0,13.387604444069,0,0,0
321,90.0999999999992,10,74.370654900363,11,0,0,0,0,0
321,90.0999999999992,11,400.507363552497,-4,0,0,0,0,0
321,90.1999999999992,1,798.882150764216,3.5,0,6.24282548407165,0,0,0
321,90.1999999999992,2,908.722678745503,0,0,7.86458962062598,0,0,0
321,90.1999999999992,3,1492.12164133946,3.5,0,7.76038922741731,0,0,0
321,90.1999999999992,4,1822.40281231582,0,0,19.2673575053784,0,0,0
321,90.1999999999992,5,1320.69056151589,0,0,12.3996690666151,0,0,0
321,90.1999999999992,6,816.975354721975,3.5,0,6.35655732691729,0,0,0
321,90.1999999999992,7,1650.27856463121,0,0,19.2922786001657,0,0,0
321,90.1999999999992,8,837.645825166245,3.5,0,5.86949120575609,0,0,0
321,90.1999999999992,9,1695.87937788739,3.5,0,13.3878121803993,0,0,0
321,90.1999999999992,10,74.370654900363,11,0,0,0,0,0
321,90.1999999999992,11,400.507363552497,-4,0,0,0,0,0
321,90.2999999999991,1,799.506640642094,3.5,0,6.24697207349516,0,0,0
321,90.2999999999991,2,909.509133930768,0,0,7.8645140846767,0,0,0
321,90.2999999999991,3,1492.90020257788,3.5,0,7.81083554090426,0,0,0
321,90.2999999999991,4,1824.33311321601,0,0,19.3386604985153,0,0,0
321,90.2999999999991,5,1321.93054047927,0,0,12.3999102010027,0,0,0
321,90.2999999999991,6,817.611922133035,3.5,0,6.37479089429387,0,0,0
321,90.2999999999991,7,1652.208109901,0,0,19.2986267956171,0,0,0
321,90.2999999999991,8,838.235254515181,3.5,0,5.91909577297575,0,0,0
321,90.2999999999991,9,1697.21816845357,3.5,0,13.3879991430966,0,0,0
321,90.2999999999991,10,74.370654900363,11,0,0,0,0,0
321,90.2999999999991,11,400.507363552497,-4,0,0,0,0,0
321,90.3999999999991,1,800.131573813218,3.5,0,6.25169134898435,0,0,0
321,90.3999999999991,2,910.295581940118,0,0,7.86444610232235,0,0,0
321,90.3999999999991,3,1493.68355621608,3.5,0,7.85623722304253,0,0,0
321,90.3999999999991,4,1826.27018790055,0,0,19.4028331923385,0,0,0
321,90.3999999999991,5,1323.17054235042,0,0,12.4001272219515,0,0,0
321,90.3999999999991,6,818.250221732996,3.5,0,6.3912011049328,0,0,0
321,90.3999999999991,7,1654.13825824935,0,0,19.3043401715235,0,0,0
321,90.3999999999991,8,838.829396298004,3.5,0,5.96373988347344,0,0,0
321,90.3999999999991,9,1698.5569767812,3.5,0,13.3881674095242,0,0,0
321,90.3999999999991,10,74.370654900363,11,0,0,0,0,0
321,90.3999999999991,11,400.507363552497,-4,0,0,0,0,0
321,90.4999999999991,1,800.757003128544,3.5,0,6.2568949575364,0,0,0
321,90.4999999999991,2,911.082023491144,0,0,7.86438491820343,0,0,0
321,90.4999999999991,3,1494.47122301408,3.5,0,7.89709873696696,0,0,0
321,90.4999999999991,4,1828.21335899101,0,0,19.4605886167794,0,0,0
321,90.4999999999991,5,1324.41056483856,0,0,12.4003225408055,0,0,0
321,90.4999999999991,6,818.890080302968,3.5,0,6.40597029450783,0,0,0
321,90.4999999999991,7,1656.06894936842,0,0,19.3094822098391,0,0,0
321,90.4999999999991,8,839.427779271323,3.5,0,6.00391958292137,0,0,0
321,90.4999999999991,9,1699.89580109414,3.5,0,13.388318849309,0,0,0
321,90.4999999999991,10,74.370654900363,11,0,0,0,0,0
321,90.4999999999991,11,400.507363552497,-4,0,0,0,0,0
321,90.5999999999991,1,801.382973088557,3.5,0,6.26250424271973,0,0,0
321,90.5999999999991,2,911.868459229679,0,0,7.8643298524964,0,0,0
321,90.5999999999991,3,1495.2627716559,3.5,0,7.93387409949896,0,0,0
321,90.5999999999991,4,1830.16201684679,0,0,19.5125684987762,0,0,0
321,90.5999999999991,5,1325.65060588198,0,0,12.400498327774,0,0,0
321,90.5999999999991,6,819.53134194595,3.5,0,6.41926256512536,0,0,0
321,90.5999999999991,7,1658.00012898113,0,0,19.3141100443233,0,0,0
321,90.5999999999991,8,840.029979316091,3.5,0,6.0400813124245,0,0,0
321,90.5999999999991,9,1701.23463979386,3.5,0,13.3884551451153,0,0,0
321,90.5999999999991,10,74.370654900363,11,0,0,0,0,0
321,90.5999999999991,11,400.507363552497,-4,0,0,0,0,0
321,90.6999999999991,1,802.009520760497,3.5,0,6.26844919607982,0,0,0
321,90.6999999999991,2,912.654889736972,0,0,7.86428029336008,0,0,0
321,90.6999999999991,3,1496.05781395716,3.5,0,7.96697192577775,0,0,0
321,90.6999999999991,4,1832.11561279136,0,0,19.5593503925734,0,0,0
321,90.6999999999991,5,1326.89066362518,0,0,12.4006565360458,0,0,0
321,90.6999999999991,6,820.17386635464,3.5,0,6.43122560868113,0,0,0
321,90.6999999999991,7,1659.93174823811,0,0,19.318275095359,0,0,0
321,90.6999999999991,8,840.635614725161,3.5,0,6.07262686897731,0,0,0
321,90.6999999999991,9,1702.57349144168,3.5,0,13.388577811341,0,0,0
321,90.6999999999991,10,74.370654900363,11,0,0,0,0,0
321,90.6999999999991,11,400.507363552497,-4,0,0,0,0,0
321,90.7999999999991,1,802.636676596976,3.5,0,6.27466753350699,0,0,0
321,90.7999999999991,2,913.441315536147,0,0,7.86423569013739,0,0,0
321,90.7999999999991,3,1496.85600055192,3.5,0,7.99675996942866,0,0,0
321,90.7999999999991,4,1834.07365301583,0,0,19.6014540969908,0,0,0
321,90.7999999999991,5,1328.13073639815,0,0,12.4007989234903,0,0,0
321,90.7999999999991,6,820.817527252469,3.5,0,6.44199234788133,0,0,0
321,90.7999999999991,7,1661.86376317495,0,0,19.3220236412911,0,0,0
321,90.7999999999991,8,841.244341962103,3.5,0,6.10191786987485,0,0,0
321,90.7999999999991,9,1703.9123547428,3.5,0,13.3886882109441,0,0,0
321,90.7999999999991,10,74.370654900363,11,0,0,0,0,0
321,90.7999999999991,11,400.507363552497,-4,0,0,0,0,0
321,90.8999999999991,1,803.264465167622,3.5,0,6.28110387940687,0,0,0
321,90.8999999999991,2,914.227737098016,0,0,7.86419554723697,0,0,0
321,90.8999999999991,3,1497.65701701083,3.5,0,8.02356920871448,0,0,0
321,90.8999999999991,4,1836.03569309223,0,0,19.6393474309664,0,0,0
321,90.8999999999991,5,1329.37082269794,0,0,12.4009270721904,0,0,0
321,90.8999999999991,6,821.462210990521,3.5,0,6.45168241316151,0,0,0
321,90.8999999999991,7,1663.79613422364,0,0,19.32539733263,0,0,0
321,90.8999999999991,8,841.855851844131,3.5,0,6.12827977068263,0,0,0
321,90.8999999999991,9,1705.25122853188,3.5,0,13.388787570587,0,0,0
321,90.8999999999991,10,74.370654900363,11,0,0,0,0,0
321,90.8999999999991,11,400.507363552497,-4,0,0,0,0,0
321,90.9999999999991,1,803.892905813804,3.5,0,6.28770904422711,0,0,0
321,90.9999999999991,2,915.014154846309,0,0,7.86415941862659,0,0,0
321,90.9999999999991,3,1498.46058034747,3.5,0,8.04769752407172,0,0,0
321,90.9999999999991,4,1838.00133303536,0,0,19.6734514315446,0,0,0
321,90.9999999999991,5,1330.61092117185,0,0,12.4010424060204,0,0,0
321,90.9999999999991,6,822.107815284775,3.5,0,6.46040347191367,0,0,0
321,90.9999999999991,7,1665.72882577302,0,0,19.328433654835,0,0,0
321,90.9999999999991,8,842.469866106736,3.5,0,6.15200548140964,0,0,0
321,90.9999999999991,9,1706.59011176012,3.5,0,13.3888769942655,0,0,0
321,90.9999999999991,10,74.370654900363,11,0,0,0,0,0
321,90.9999999999991,11,400.507363552497,-4,0,0,0,0,0
321,91.0999999999991,1,804.522013235171,3.5,0,6.29443938312321,0,0,0
321,91.0999999999991,2,915.800569162384,0,0,7.86412690287725,0,0,0
321,91.0999999999991,3,1499.26643587407,3.5,0,8.06941300789324,0,0,0
321,91.0999999999991,4,1839.97021285854,0,0,19.7041450320649,0,0,0
321,91.0999999999991,5,1331.85103060247,0,0,12.4011462064675,0,0,0
321,91.0999999999991,6,822.75424807961,3.5,0,6.46825242479062,0,0,0
321,91.0999999999991,7,1667.661805773,0,0,19.3311663448196,0,0,0
321,91.0999999999991,8,843.086134311859,3.5,0,6.17335862106394,0,0,0
321,91.0999999999991,9,1707.92900348361,3.5,0,13.3889574755762,0,0,0
321,91.0999999999991,10,74.370654900363,11,0,0,0,0,0
321,91.0999999999991,11,400.507363552497,-4,0,0,0,0,0
321,91.1999999999991,1,805.151798015597,3.5,0,6.30125622538837,0,0,0
321,91.1999999999991,2,916.586980389463,0,0,7.86409763870284,0,0,0
321,91.1999999999991,3,1500.07435437163,3.5,0,8.0889569433326,0,0,0
321,91.1999999999991,4,1841.94200857377,0,0,19.7317692725331,0,0,0
321,91.1999999999991,5,1333.09114989414,0,0,12.4012396268699,0,0,0
321,91.1999999999991,6,823.401426524968,3.5,0,6.47531648237987,0,0,0
321,91.1999999999991,7,1669.59504537853,0,0,19.3336257658056,0,0,0
321,91.1999999999991,8,843.70443106525,3.5,0,6.19257644675281,0,0,0
321,91.1999999999991,9,1709.26790285283,3.5,0,13.3890299087558,0,0,0
321,91.1999999999991,10,74.370654900363,11,0,0,0,0,0
321,91.1999999999991,11,400.507363552497,-3.62956775703675,0,0,3.70432242966583,0,0
321,91.2999999999991,1,805.782267095156,3.5,0,6.30812536579992,0,0,0
321,91.2999999999991,2,917.385890153333,0,0,8.11409763870284,0,0,0
321,91.2999999999991,3,1500.88412954306,3.5,0,8.10654648522803,0,0,0
321,91.2999999999991,4,1843.91642859184,0,0,19.7566310889546,0,0,0
321,91.2999999999991,5,1334.33127806074,0,0,12.401323705232,0,0,0
321,91.2999999999991,6,824.049276055798,3.5,0,6.48167413421019,0,0,0
321,91.2999999999991,7,1671.52851862905,0,0,19.3358392446931,0,0,0
321,91.2999999999991,8,844.324553512081,3.5,0,6.2098724898728,0,0,0
321,91.2999999999991,9,1710.6068091032,3.5,0,13.3890950986174,0,0,0
321,91.2999999999991,10,74.370654900363,11,0,0,0,0,0
321,91.2999999999991,11,400.507363552497,-3.25913551407019,0,0,3.70432242966583,0,0
321,91.3999999999991,1,806.413424193961,3.5,0,6.31501661030862,0,0,0
321,91.3999999999991,2,918.209799917204,0,0,8.36409763870284,0,0,0
321,91.3999999999991,3,1501.69557572097,3.5,0,8.12237707293392,0,0,0
321,91.3999999999991,4,1845.89321048248,0,0,19.7790067237339,0,0,0
321,91.3999999999991,5,1335.57141421479,0,0,12.4013993757579,0,0,0
321,91.3999999999991,6,824.697729563551,3.5,0,6.48739602085749,0,0,0
321,91.3999999999991,7,1673.46220216007,0,0,19.3378313756918,0,0,0
321,91.3999999999991,8,844.946319083009,3.5,0,6.22543892868079,0,0,0
321,91.3999999999991,9,1711.9457215466,3.5,0,13.3891537694929,0,0,0
321,91.3999999999991,10,74.370654900363,11,0,0,0,0,0
321,91.3999999999991,11,400.507363552497,-2.88870327110363,0,0,3.70432242966583,0,0
321,91.4999999999991,1,807.045270192955,3.5,0,6.32190336956231,0,0,0
321,91.4999999999991,2,919.058709681074,0,0,8.61409763870284,0,0,0
321,91.4999999999991,3,1502.50852580471,3.5,0,8.13662460186922,0,0,0
321,91.4999999999991,4,1847.87211805841,0,0,19.7991447950352,0,0,0
321,91.4999999999991,5,1336.81155755754,0,0,12.4014674792312,0,0,0
321,91.4999999999991,6,825.346726650536,3.5,0,6.49254571884005,0,0,0
321,91.4999999999991,7,1675.39607494354,0,0,19.3396242935907,0,0,0
321,91.4999999999991,8,845.569563465624,3.5,0,6.23944872360797,0,0,0
321,91.4999999999991,9,1713.28463956374,3.5,0,13.3892065732809,0,0,0
321,91.4999999999991,10,74.370654900363,11,0,0,0,0,0
321,91.4999999999991,11,400.507363552497,-2.51827102813707,0,0,3.70432242966583,0,0
321,91.5999999999991,1,807.677803476166,3.5,0,6.32876229465111,0,0,0
321,91.5999999999991,2,919.932619444944,0,0,8.86409763870284,0,0,0
321,91.5999999999991,3,1503.3228294037,3.5,0,8.14944737791098,0,0,0
321,91.5999999999991,4,1849.85293875113,0,0,19.8172690592064,0,0,0
321,91.5999999999991,5,1338.05170737012,0,0,12.4015287723572,0,0,0
321,91.5999999999991,6,825.996212958829,3.5,0,6.49718044702436,0,0,0
321,91.5999999999991,7,1677.3301180542,0,0,19.3412379196996,0,0,0
321,91.5999999999991,8,846.194138778756,3.5,0,6.25205753904244,0,0,0
321,91.5999999999991,9,1714.62356259724,3.5,0,13.38925409669,0,0,0
321,91.5999999999991,10,74.370654900363,11,0,0,0,0,0
321,91.5999999999991,11,400.507363552497,-2.14783878517051,0,0,3.70432242966583,0,0
321,91.6999999999991,1,808.311020238409,3.5,0,6.33557295021639,0,0,0
321,91.6999999999991,2,920.831529208815,0,0,9.11409763870284,0,0,0
321,91.6999999999991,3,1504.13835116641,3.5,0,8.16098787634857,0,0,0
321,91.6999999999991,4,1851.83548124894,0,0,19.8335808969606,0,0,0
321,91.6999999999991,5,1339.29186300555,0,0,12.4015839361706,0,0,0
321,91.6999999999991,6,826.6461395663,3.5,0,6.50135170239023,0,0,0
321,91.6999999999991,7,1679.26431445935,0,0,19.3426901831977,0,0,0
321,91.6999999999991,8,846.819911929355,3.5,0,6.26340547293347,0,0,0
321,91.6999999999991,9,1715.96249014546,3.5,0,13.3892968677582,0,0,0
321,91.6999999999991,10,74.370654900363,11,0,0,0,0,0
321,91.6999999999991,11,400.507363552497,-1.77740654220394,0,0,3.70432242966583,0,0
321,91.7999999999991,1,808.944914761955,3.5,0,6.34231752070552,0,0,0
321,91.7999999999991,2,921.755438972685,0,0,9.36409763870284,0,0,0
321,91.7999999999991,3,1504.95496927647,3.5,0,8.1713743249424,0,0,0
321,91.7999999999991,4,1853.81957337133,0,0,19.8482615509393,0,0,0
321,91.7999999999991,5,1340.53202388154,0,0,12.4016335836026,0,0,0
321,91.7999999999991,6,827.296462443031,3.5,0,6.50510583221952,0,0,0
321,91.7999999999991,7,1681.19864882952,0,0,19.3439972203459,0,0,0
321,91.7999999999991,8,847.446763133673,3.5,0,6.27361861343539,0,0,0
321,91.7999999999991,9,1717.30142175693,3.5,0,13.3893353617196,0,0,0
321,91.7999999999991,10,74.370654900363,11,0,0,0,0,0
321,91.7999999999991,11,400.507363552497,-1.40697429923738,0,0,3.70432242966583,0,0
321,91.8999999999991,1,809.579479665295,3.5,0,6.3489805460976,0,0,0
321,91.8999999999991,2,922.704348736555,0,0,9.61409763870284,0,0,0
321,91.8999999999991,3,1505.77257409915,3.5,0,8.18072212867685,0,0,0
321,91.8999999999991,4,1855.80506015585,0,0,19.8614741395201,0,0,0
321,91.8999999999991,5,1341.77218947403,0,0,12.4016782662915,0,0,0
321,91.8999999999991,6,827.947141962095,3.5,0,6.50848454906588,0,0,0
321,91.8999999999991,7,1683.13310736823,0,0,19.3451735537794,0,0,0
321,91.8999999999991,8,848.074584586339,3.5,0,6.28281043988712,0,0,0
321,91.8999999999991,9,1718.64035702533,3.5,0,13.3893700062849,0,0,0
321,91.8999999999991,10,74.370654900363,11,0,0,0,0,0
321,91.8999999999991,11,400.507363552497,-1.03654205627082,0,0,3.70432242966583,0,0
321,91.999999999999,1,810.214706126795,3.5,0,6.35554868388936,0,0,0
321,91.999999999999,2,923.678258500426,0,0,9.86409763870284,0,0,0
321,91.999999999999,3,1506.59106696319,3.5,0,8.18913515203785,0,0,0
321,91.999999999999,4,1857.79180213629,0,0,19.8733654692428,0,0,0
321,91.999999999999,5,1343.01235931138,0,0,12.4017184807114,0,0,0
321,91.999999999999,6,828.59814245926,3.5,0,6.51152539422761,0,0,0
321,91.999999999999,7,1685.06767765861,0,0,19.3462322538695,0,0,0
321,91.999999999999,8,848.703279262518,3.5,0,6.29108308369367,0,0,0
321,91.999999999999,9,1719.97929558497,3.5,0,13.3894011863937,0,0,0
321,91.999999999999,10,74.370654900363,11,0,0,0,0,0
321,91.999999999999,11,400.507363552497,-0.666109813304258,0,0,3.70432242966583,0,0
321,92.099999999999,1,810.850584085715,3.5,0,6.36201049452693,0,0,0
321,92.099999999999,2,924.677168264296,0,0,10.1140976387028,0,0,0
321,92.099999999999,3,1507.41035906445,3.5,0,8.19670687306276,0,0,0
321,92.099999999999,4,1859.77967379305,0,0,19.8840676659933,0,0,0
321,92.099999999999,5,1344.2525329691,0,0,12.4017546736894,0,0,0
321,92.099999999999,6,829.249431836715,3.5,0,6.51426215487316,0,0,0
321,92.099999999999,7,1687.0023485255,0,0,19.3471850839505,0,0,0
321,92.099999999999,8,849.332759839859,3.5,0,6.29852846311957,0,0,0
321,92.099999999999,9,1721.31823710671,3.5,0,13.3894292484915,0,0,0
321,92.099999999999,10,74.370654900363,11,0,0,0,0,0
321,92.099999999999,11,400.507363552497,-0.295677570337696,0,0,3.70432242966583,0,0
321,92.199999999999,1,811.487102422832,3.5,0,6.36835624781008,0,0,0
321,92.199999999999,2,925.701078028166,0,0,10.3640976387028,0,0,0
321,92.199999999999,3,1508.2303704792,3.5,0,8.20352142198517,0,0,0
321,92.199999999999,4,1861.76856215851,0,0,19.8936996430687,0,0,0
321,92.199999999999,5,1345.49271006515,0,0,12.4017872473696,0,0,0
321,92.199999999999,6,829.900981206431,3.5,0,6.51672523945415,0,0,0
321,92.199999999999,7,1688.93710991125,0,0,19.3480426310235,0,0,0
321,92.199999999999,8,849.962947728245,3.5,0,6.30522930460288,0,0,0
321,92.199999999999,9,1722.65718129436,3.5,0,13.3894545043796,0,0,0
321,92.199999999999,10,74.370654900363,11,0,0,0,0,0
321,92.199999999999,11,400.507363552497,0.0747546726288668,0,0,3.70432242966583,0,0
321,92.299999999999,1,812.124249122627,3.5,0,6.37457774808911,0,0,0
321,92.299999999999,2,926.749987792037,0,0,10.6140976387028,0,0,0
321,92.299999999999,3,1509.0510292761,3.5,0,8.20965451601534,0,0,0
321,92.299999999999,4,1863.75836556178,0,0,19.9023684224366,0,0,0
321,92.299999999999,5,1346.73289025571,0,0,12.4018165636817,0,0,0
321,92.299999999999,6,830.552764569183,3.5,0,6.51894201557705,0,0,0
321,92.299999999999,7,1690.87195276397,0,0,19.3488144233892,0,0,0
321,92.299999999999,8,850.593772196572,3.5,0,6.31126006193786,0,0,0
321,92.299999999999,9,1723.99612788131,3.5,0,13.3894772346789,0,0,0
321,92.299999999999,10,74.370654900363,11,0,0,0,0,0
321,92.299999999999,11,400.507363552497,0.445186915595428,0,0,3.70432242966583,0,0
321,92.399999999999,1,812.762011418848,3.5,0,6.38066817632846,0,0,0
321,92.399999999999,2,927.823897555907,0,0,10.8640976387028,0,0,0
321,92.399999999999,3,1509.87227071693,3.5,0,8.2151743006425,0,0,0
321,92.399999999999,4,1865.7489924991,0,0,19.9101703238677,0,0,0
321,92.399999999999,5,1347.97307323131,0,0,12.4018429483627,0,0,0
321,92.399999999999,6,831.204758525666,3.5,0,6.52093711408766,0,0,0
321,92.399999999999,7,1692.80686893697,0,0,19.3495090365183,0,0,0
321,92.399999999999,8,851.225169586846,3.5,0,6.31668774353934,0,0,0
321,92.399999999999,9,1725.33507662764,3.5,0,13.3894976919482,0,0,0
321,92.399999999999,10,74.370654900363,11,0,0,0,0,0
321,92.399999999999,11,400.507363552497,0.815619158561991,0,0,3.70432242966583,0,0
321,92.499999999999,1,813.400375925031,3.5,0,6.38662194733109,0,0,0
321,92.499999999999,2,928.922807319777,0,0,11.1140976387028,0,0,0
321,92.499999999999,3,1510.6940365373,3.5,0,8.22014210680694,0,0,0
321,92.499999999999,4,1867.74036061705,0,0,19.9171920351557,0,0,0
321,92.499999999999,5,1349.21325871346,0,0,12.4018666945755,0,0,0
321,92.499999999999,6,831.856942016507,3.5,0,6.5227327027472,0,0,0
321,92.499999999999,7,1694.74185109821,0,0,19.3501341883345,0,0,0
321,92.499999999999,8,851.857082606872,3.5,0,6.32157265698067,0,0,0
321,92.499999999999,9,1726.67402731741,3.5,0,13.3895161034906,0,0,0
321,92.499999999999,10,74.370654900363,11,0,0,0,0,0
321,92.499999999999,11,400.507363552497,1.18605140152855,0,0,3.70432242966583,0,0
321,92.599999999999,1,814.039328751428,3.5,0,6.39243458060923,0,0,0
321,92.599999999999,2,930.046717083648,0,0,11.3640976387028,0,0,0
321,92.599999999999,3,1511.51627429926,3.5,0,8.22461313235493,0,0,0
321,92.599999999999,4,1869.73239579757,0,0,19.9235115753149,0,0,0
321,92.599999999999,5,1350.45344645149,0,0,12.4018880661671,0,0,0
321,92.599999999999,6,832.509296088272,3.5,0,6.5243487325408,0,0,0
321,92.599999999999,7,1696.67689264888,0,0,19.3506968249691,0,0,0
321,92.599999999999,8,852.489459693675,3.5,0,6.32596907907787,0,0,0
321,92.599999999999,9,1728.01297975628,3.5,0,13.3895326738788,0,0,0
321,92.599999999999,10,74.370654900363,11,0,0,0,0,0
321,92.599999999999,11,400.507363552497,1.55648364449511,0,0,3.70432242966583,0,0
321,92.699999999999,1,814.678855609637,3.5,0,6.39810258355401,0,0,0
321,92.699999999999,2,931.195626847518,0,0,11.6140976387028,0,0,0
321,92.699999999999,3,1512.33893680865,3.5,0,8.22863705534813,0,0,0
321,92.699999999999,4,1871.72503133441,0,0,19.9291991614581,0,0,0
321,92.699999999999,5,1351.69363621983,0,0,12.4019073005995,0,0,0
321,92.699999999999,6,833.161803682867,3.5,0,6.52580315935503,0,0,0
321,92.699999999999,7,1698.61198765002,0,0,19.3512031979402,0,0,0
321,92.699999999999,8,853.122254440577,3.5,0,6.32992585896535,0,0,0
321,92.699999999999,9,1729.35193376934,3.5,0,13.3895475872281,0,0,0
321,92.699999999999,10,74.370654900363,11,0,0,0,0,0
321,92.699999999999,11,400.507363552497,1.92691588746168,0,0,3.70432242966583,0,0
321,92.799999999999,1,815.318941906099,3.5,0,6.40362334570247,0,0,0
321,92.799999999999,2,932.369536611388,0,0,11.8640976387028,0,0,0
321,92.799999999999,3,1513.16198159072,3.5,0,8.232258586042,0,0,0
321,92.799999999999,4,1873.71820719193,0,0,19.9343179889871,0,0,0
321,92.799999999999,5,1352.93382781544,0,0,12.4019246115886,0,0,0
321,92.799999999999,6,833.814449448009,3.5,0,6.52711214348784,0,0,0
321,92.799999999999,7,1700.5471307566,0,0,19.3516589336142,0,0,0
321,92.799999999999,8,853.755425081569,3.5,0,6.33348696086409,0,0,0
321,92.799999999999,9,1730.69088919916,3.5,0,13.3895610092426,0,0,0
321,92.799999999999,10,74.370654900363,11,0,0,0,0,0
321,92.799999999999,11,400.507363552497,2.29734813042824,0,0,3.70432242966583,0,0
321,92.899999999999,1,815.959572825536,3.5,0,6.4089950430288,0,0,0
321,92.899999999999,2,933.568446375259,0,0,12.1140976387028,0,0,0
321,92.899999999999,3,1513.9853704182,3.5,0,8.23551796366649,0,0,0
321,92.899999999999,4,1875.71186933807,0,0,19.9389249337631,0,0,0
321,92.899999999999,5,1354.17402105559,0,0,12.4019401914789,0,0,0
321,92.899999999999,6,834.467219566644,3.5,0,6.52829022920737,0,0,0
321,92.899999999999,7,1702.48231715807,0,0,19.3520690957208,0,0,0
321,92.899999999999,8,854.388934027241,3.5,0,6.33669195257294,0,0,0
321,92.899999999999,9,1732.02984590407,3.5,0,13.3895730890555,0,0,0
321,92.899999999999,10,74.370654900363,11,0,0,0,0,0
321,92.899999999999,11,400.507363552497,2.6677803733948,0,0,3.70432242966583,0,0
321,92.999999999999,1,816.600733405252,3.5,0,6.4142165512991,0,0,0
321,92.999999999999,2,934.792356139129,0,0,12.3640976387028,0,0,0
321,92.999999999999,3,1514.80906888656,3.5,0,8.23845140352853,0,0,0
321,92.999999999999,4,1877.70596914396,0,0,19.9430711840615,0,0,0
321,92.999999999999,5,1355.41421577584,0,0,12.4019542133801,0,0,0
321,92.999999999999,6,835.120101603422,3.5,0,6.52935050635494,0,0,0
321,92.999999999999,7,1704.41754252493,0,0,19.3524382416168,0,0,0
321,92.999999999999,8,855.022747447125,3.5,0,6.33957644511092,0,0,0
321,92.999999999999,9,1733.36880375657,3.5,0,13.3895839608872,0,0,0
321,92.999999999999,10,74.370654900363,11,0,0,0,0,0
321,92.999999999999,11,400.507363552497,3.03821261636136,0,0,3.70432242966583,0,0
321,93.099999999999,1,817.242408601199,3.5,0,6.41928736762857,0,0,0
321,93.099999999999,2,936.041265902999,0,0,12.6140976387028,0,0,0
321,93.099999999999,3,1515.63304603171,3.5,0,8.24109149940437,0,0,0
321,93.099999999999,4,1879.70046284363,0,0,19.9468028093301,0,0,0
321,93.099999999999,5,1356.65441182816,0,0,12.4019668330912,0,0,0
321,93.099999999999,6,835.773084366529,3.5,0,6.53030475578776,0,0,0
321,93.099999999999,7,1706.35280296066,0,0,19.3527704729231,0,0,0
321,93.099999999999,8,855.6568348938,3.5,0,6.34217248839509,0,0,0
321,93.099999999999,9,1734.70776264189,3.5,0,13.3895937455357,0,0,0
321,93.099999999999,10,74.370654900363,11,0,0,0,0,0
321,93.099999999999,11,400.507363552497,3.40864485932793,0,0,3.70432242966583,0,0
321,93.199999999999,1,817.884583346554,3.5,0,6.42420753946755,0,0,0
321,93.199999999999,2,937.31517566687,0,0,12.8640976387028,0,0,0
321,93.199999999999,3,1516.45727398596,3.5,0,8.24346758569262,0,0,0
321,93.199999999999,4,1881.6953110477,0,0,19.9501612720719,0,0,0
321,93.199999999999,5,1357.89460907936,0,0,12.4019781908312,0,0,0
321,93.199999999999,6,836.426157783332,3.5,0,6.5311635802773,0,0,0
321,93.199999999999,7,1708.28809495836,0,0,19.3530694810988,0,0,0
321,93.199999999999,8,856.291168964587,3.5,0,6.34450892735085,0,0,0
321,93.199999999999,9,1736.05922201645,3.5,0,13.6395937455357,0,0,0
321,93.199999999999,10,74.370654900363,11,0,0,0,0,0
321,93.199999999999,11,400.507363552497,3.77907710229449,0,0,3.70432242966583,0,0
321,93.299999999999,1,818.527242603543,3.5,0,6.42897760032105,0,0,0
321,93.299999999999,2,938.613136820157,0,0,13.0951254270554,0,0,0
321,93.299999999999,3,1517.28172766841,3.5,0,8.24560606335204,0,0,0
321,93.299999999999,4,1883.69047830573,0,0,19.9531838885394,0,0,0
321,93.299999999999,5,1359.13480740954,0,0,12.4019884127972,0,0,0
321,93.299999999999,6,837.079312788462,3.5,0,6.53193652231788,0,0,0
321,93.299999999999,7,1710.22341536184,0,0,19.353338588457,0,0,0
321,93.299999999999,8,856.925724997075,3.5,0,6.34661172241103,0,0,0
321,93.299999999999,9,1737.435681391,3.5,0,13.8895937455357,0,0,0
321,93.299999999999,10,74.370654900363,11,0,0,0,0,0
321,93.299999999999,11,400.507363552497,4.14950934526105,0,0,3.70432242966583,0,0
321,93.399999999999,1,819.170371409138,3.5,0,6.43359851157517,0,0,0
321,93.399999999999,2,939.933045613339,0,0,13.3030504365726,0,0,0
321,93.399999999999,3,1518.10638450624,3.5,0,8.24753069324553,0,0,0
321,93.399999999999,4,1885.68593271233,0,0,19.9559042433602,0,0,0
321,93.399999999999,5,1360.37500671081,0,0,12.4019976125666,0,0,0
321,93.399999999999,6,837.732541223086,3.5,0,6.5326321701544,0,0,0
321,93.399999999999,7,1712.15876133052,0,0,19.3535807850793,0,0,0
321,93.399999999999,8,857.560480795094,3.5,0,6.3485042379652,0,0,0
321,93.399999999999,9,1738.83714076555,3.5,0,14.1395937455357,0,0,0
321,93.399999999999,10,74.370654900363,11,0,0,0,0,0
321,93.399999999999,11,400.507363552497,4.51994158822761,0,0,3.70432242966583,0,0
321,93.499999999999,1,819.81395491521,3.5,0,6.43807160986539,0,0,0
321,93.499999999999,2,941.272707282424,0,0,13.4901829451382,0,0,0
321,93.499999999999,3,1518.93122418391,3.5,0,8.24926286014966,0,0,0
321,93.499999999999,4,1887.68164555263,0,0,19.958352562699,0,0,0
321,93.499999999999,5,1361.61520688605,0,0,12.402005892359,0,0,0
321,93.499999999999,6,838.385835744254,3.5,0,6.53325825320728,0,0,0
321,93.499999999999,7,1714.09413030787,0,0,19.3537987620394,0,0,0
321,93.499999999999,8,858.195416382091,3.5,0,6.35020750196394,0,0,0
321,93.499999999999,9,1740.26360014011,3.5,0,14.3895937455357,0,0,0
321,93.499999999999,10,74.370654900363,11,0,0,0,0,0
321,93.499999999999,11,400.507363552497,4.89037383119417,0,0,3.70432242966583,0,0
321,93.599999999999,1,820.457978423677,3.5,0,6.44239855947678,0,0,0
321,93.599999999999,2,942.630146539824,0,0,13.6586022028472,0,0,0
321,93.599999999999,3,1519.75622841744,3.5,0,8.25082181036339,0,0,0
321,93.599999999999,4,1889.67759098327,0,0,19.9605560501038,0,0,0
321,93.599999999999,5,1362.85540784788,0,0,12.4020133441722,0,0,0
321,93.599999999999,6,839.039189743312,3.5,0,6.53382172795486,0,0,0
321,93.599999999999,7,1716.02951999304,0,0,19.3539949413035,0,0,0
321,93.599999999999,8,858.830513779167,3.5,0,6.35174043956282,0,0,0
321,93.599999999999,9,1741.71505951466,3.5,0,14.6395937455357,0,0,0
321,93.599999999999,10,74.370654900363,11,0,0,0,0,0
321,93.599999999999,11,400.507363552497,5.26080607416073,0,0,3.70432242966583,0,0
321,93.699999999999,1,821.102427417116,3.5,0,6.44658130931471,0,0,0
321,93.699999999999,2,944.003585626705,0,0,13.8101795347853,0,0,0
321,93.699999999999,3,1520.58138075124,3.5,0,8.25222486555574,0,0,0
321,93.699999999999,4,1891.67374574521,0,0,19.9625391887682,0,0,0
321,93.699999999999,5,1364.09560951763,0,0,12.4020200508041,0,0,0
321,93.699999999999,6,839.692597272471,3.5,0,6.53432885522769,0,0,0
321,93.699999999999,7,1717.96492831524,0,0,19.3541715026412,0,0,0
321,93.699999999999,8,859.465756805315,3.5,0,6.3531200834018,0,0,0
321,93.699999999999,9,1743.19151888921,3.5,0,14.8895937455357,0,0,0
321,93.699999999999,10,74.370654900363,11,0,0,0,0,0
321,93.699999999999,11,400.507363552497,5.6312383171273,0,0,3.70432242966583,0,0
321,93.7999999999989,1,821.747287585284,3.5,0,6.4506220540289,0,0,0
321,93.7999999999989,2,945.391424560121,0,0,13.9465991335296,0,0,0
321,93.7999999999989,3,1521.40666637527,3.5,0,8.25348761522885,0,0,0
321,93.7999999999989,4,1893.67008890533,0,0,19.9643240135661,0,0,0
321,93.7999999999989,5,1365.33581182451,0,0,12.4020260867728,0,0,0
321,93.7999999999989,6,840.346052978721,3.5,0,6.53478526977323,0,0,0
321,93.7999999999989,7,1719.90035341076,0,0,19.3543304078451,0,0,0
321,93.7999999999989,8,860.101130897628,3.5,0,6.35436176285689,0,0,0
321,93.7999999999989,9,1744.69297826377,3.5,0,15.1395937455357,0,0,0
321,93.7999999999989,10,74.370654900363,11,0,0,0,0,0
321,93.7999999999989,11,400.507363552497,6.00167056009386,0,0,3.70432242966583,0,0
321,93.8999999999989,1,822.392544847931,3.5,0,6.4545231989128,0,0,0
321,93.8999999999989,2,946.792223355417,0,0,14.0693767723994,0,0,0
321,93.8999999999989,3,1522.23207196053,3.5,0,8.25462408993466,0,0,0
321,93.8999999999989,4,1895.6666016238,0,0,19.9659303558843,0,0,0
321,93.8999999999989,5,1366.5760147048,0,0,12.4020315191446,0,0,0
321,93.8999999999989,6,840.999552044353,3.5,0,6.53519604286422,0,0,0
321,93.8999999999989,7,1721.83579360228,0,0,19.3544734225286,0,0,0
321,93.8999999999989,8,860.736622949489,3.5,0,6.35547927436647,0,0,0
321,93.8999999999989,9,1746.21943763832,3.5,0,15.3895937455357,0,0,0
321,93.8999999999989,10,74.370654900363,11,0,0,0,0,0
321,93.8999999999989,11,400.507363552497,6.37210280306042,0,0,3.70432242966583,0,0
321,93.9999999999989,1,823.038185374288,3.5,0,6.45828732823544,0,0,0
321,93.9999999999989,2,948.204686026407,0,0,14.1798766473823,0,0,0
321,93.9999999999989,3,1523.05758551089,3.5,0,8.25564691716988,0,0,0
321,93.9999999999989,4,1897.66326694479,0,0,19.9673760639706,0,0,0
321,93.9999999999989,5,1367.81621810117,0,0,12.4020364082793,0,0,0
321,93.9999999999989,6,841.653090133428,3.5,0,6.53556573864611,0,0,0
321,93.9999999999989,7,1723.77124738019,0,0,19.3546021357438,0,0,0
321,93.9999999999989,8,861.372221164944,3.5,0,6.35648503472509,0,0,0
321,93.9999999999989,9,1747.77089701288,3.5,0,15.6395937455357,0,0,0
321,93.9999999999989,10,74.370654900363,11,0,0,0,0,0
321,93.9999999999989,11,400.507363552497,6.74253504602699,0,0,3.70432242966583,0,0
321,94.0999999999989,1,823.684195599535,3.5,0,6.46191717669495,0,0,0
321,94.0999999999989,2,949.627646185519,0,0,14.2793265348669,0,0,0
321,94.0999999999989,3,1523.88319622983,3.5,0,8.25656746168158,0,0,0
321,94.0999999999989,4,1899.66006960806,0,0,19.9686772012483,0,0,0
321,94.0999999999989,5,1369.05642196201,0,0,12.4020408085005,0,0,0
321,94.0999999999989,6,842.306663343603,3.5,0,6.53589846484981,0,0,0
321,94.0999999999989,7,1725.70671338586,0,0,19.3547179776374,0,0,0
321,94.0999999999989,8,862.007914927633,3.5,0,6.35739021904785,0,0,0
321,94.0999999999989,9,1749.34735638743,3.5,0,15.8895937455357,0,0,0
321,94.0999999999989,10,74.370654900363,11,0,0,0,0,0
321,94.0999999999989,11,400.507363552497,7.11296728899355,0,0,3.70432242966583,0,0
321,94.1999999999989,1,824.330562238555,3.5,0,6.46541560371127,0,0,0
321,94.1999999999989,2,951.060054083942,0,0,14.368831433603,0,0,0
321,94.1999999999989,3,1524.7088944005,3.5,0,8.25739595174211,0,0,0
321,94.1999999999989,4,1901.65699587936,0,0,19.9698482247982,0,0,0
321,94.1999999999989,5,1370.29662624087,0,0,12.4020447686995,0,0,0
321,94.1999999999989,6,842.960268162767,3.5,0,6.53619791843314,0,0,0
321,94.1999999999989,7,1727.64219039651,0,0,19.3548222353417,0,0,0
321,94.1999999999989,8,862.643694682832,3.5,0,6.35820488493833,0,0,0
321,94.1999999999989,9,1750.94881576198,3.5,0,16.1395937455357,0,0,0
321,94.1999999999989,10,74.370654900363,11,0,0,0,0,0
321,94.1999999999989,11,400.507363552497,7.48339953196011,0,0,3.70432242966583,0,0
321,94.2999999999989,1,824.977272297255,3.5,0,6.46878557030152,0,0,0
321,94.2999999999989,2,952.500964947746,0,0,14.4493858424655,0,0,0
321,94.2999999999989,3,1525.53467127773,3.5,0,8.25814159279659,0,0,0
321,94.2999999999989,4,1903.6540333979,0,0,19.9709021459931,0,0,0
321,94.2999999999989,5,1371.53683089595,0,0,12.4020483328787,0,0,0
321,94.2999999999989,6,843.613901430022,3.5,0,6.53646742665814,0,0,0
321,94.2999999999989,7,1729.57767731164,0,0,19.3549160672756,0,0,0
321,94.2999999999989,8,863.279551831291,3.5,0,6.35893808423976,0,0,0
321,94.2999999999989,9,1752.57527513654,3.5,0,16.3895937455357,0,0,0
321,94.2999999999989,10,74.370654900363,11,0,0,0,0,0
321,94.2999999999989,11,400.507363552497,7.85383177492667,0,0,3.70432242966583,0,0
321,94.3999999999989,1,825.624313081686,3.5,0,6.47203011830462,0,0,0
321,94.3999999999989,2,953.949528480391,0,0,14.5218848104418,0,0,0
321,94.3999999999989,3,1526.36051899086,3.5,0,8.25881266974562,0,0,0
321,94.3999999999989,4,1905.65117103895,0,0,19.9718506750686,0,0,0
321,94.3999999999989,5,1372.77703588963,0,0,12.4020515406399,0,0,0
321,94.3999999999989,6,844.267560300558,3.5,0,6.53670998406064,0,0,0
321,94.3999999999989,7,1731.51317314081,0,0,19.355000516016,0,0,0
321,94.3999999999989,8,863.915478633683,3.5,0,6.35959796361105,0,0,0
321,94.3999999999989,9,1754.22673451109,3.5,0,16.6395937455357,0,0,0
321,94.3999999999989,10,74.370654900363,11,0,0,0,0,0
321,94.3999999999989,11,400.507363552497,8.22426401789323,0,0,3.70432242966583,0,0
321,94.4999999999989,1,826.271672205188,3.5,0,6.4751523517431,0,0,0
321,94.4999999999989,2,955.404979414994,0,0,14.5871338816204,0,0,0
321,94.4999999999989,3,1527.18643045629,3.5,0,8.25941663899974,0,0,0
321,94.4999999999989,4,1907.64839879027,0,0,19.9727043512365,0,0,0
321,94.4999999999989,5,1374.01724118804,0,0,12.402054427625,0,0,0
321,94.4999999999989,6,844.921242214047,3.5,0,6.53692828572289,0,0,0
321,94.4999999999989,7,1733.4486769926,0,0,19.3550765198825,0,0,0
321,94.4999999999989,8,864.551468124616,3.5,0,6.36019185504522,0,0,0
321,94.4999999999989,9,1755.90319388564,3.5,0,16.8895937455357,0,0,0
321,94.4999999999989,10,74.370654900363,11,0,0,0,0,0
321,94.4999999999989,11,400.507363552497,8.59469626085979,0,0,3.70432242966583,0,0
321,94.5999999999989,1,826.919337593782,3.5,0,6.47815542012876,0,0,0
321,94.5999999999989,2,956.866629011359,0,0,14.6458580456812,0,0,0
321,94.5999999999989,3,1528.01239929881,3.5,0,8.25996021132846,0,0,0
321,94.5999999999989,4,1909.63391386382,0,0,19.7375971197432,0,0,0
321,94.5999999999989,5,1375.25744676072,0,0,12.4020570259116,0,0,0
321,94.5999999999989,6,845.574944866194,3.5,0,6.53712475721891,0,0,0
321,94.5999999999989,7,1735.38418806476,0,0,19.3551449233622,0,0,0
321,94.5999999999989,8,865.187514035235,3.5,0,6.36072635733596,0,0,0
321,94.5999999999989,9,1757.6046532602,3.5,0,17.1395937455357,0,0,0
321,94.5999999999989,10,74.370654900363,11,0,0,0,0,0
321,94.5999999999989,11,400.507363552497,8.96512850382636,0,0,3.70432242966583,0,0
321,94.6999999999989,1,827.567297489965,3.5,0,6.4810425035363,0,0,0
321,94.6999999999989,2,958.33385740331,0,0,14.6987097933359,0,0,0
321,94.6999999999989,3,1528.8384197807,3.5,0,8.2604494264243,0,0,0
321,94.6999999999989,4,1911.59709375037,0,0,19.5260006113993,0,0,0
321,94.6999999999989,5,1376.49765258023,0,0,12.4020593643696,0,0,0
321,94.6999999999989,6,846.228666183133,3.5,0,6.53730158156533,0,0,0
321,94.6999999999989,7,1737.31970563526,0,0,19.355206486494,0,0,0
321,94.6999999999989,8,865.823610723572,3.5,0,6.36120740939763,0,0,0
321,94.6999999999989,9,1759.33007369859,3.5,0,17.3688150223384,0,0,0
321,94.6999999999989,10,74.370654900363,11,0,0,0,0,0
321,94.6999999999989,11,400.507363552497,9.33556074679292,0,0,3.70432242966583,0,0
321,94.7999999999989,1,828.215540455106,3.5,0,6.48381679928457,0,0,0
321,94.7999999999989,2,959.806106711288,0,0,14.7462763662251,0,0,0
321,94.7999999999989,3,1529.66448673802,3.5,0,8.26088972001056,0,0,0
321,94.7999999999989,4,1913.54017196864,0,0,19.3355637538898,0,0,0
321,94.7999999999989,5,1377.7378586219,0,0,12.4020614689817,0,0,0
321,94.7999999999989,6,846.882404298386,3.5,0,6.53746072347711,0,0,0
321,94.7999999999989,7,1739.25522905425,0,0,19.3552618933127,0,0,0
321,94.7999999999989,8,866.459753111854,3.5,0,6.36164035625314,0,0,0
321,94.7999999999989,9,1761.07727015828,3.5,0,17.5751141714608,0,0,0
321,94.7999999999989,10,74.370654900363,11,0,0,0,0,0
321,94.7999999999989,11,400.507363552497,9.70599298975948,0,0,3.70432242966583,0,0
321,94.8999999999989,1,828.864055370574,3.5,0,6.48648151007961,0,0,0
321,94.8999999999989,2,961.282874843691,0,0,14.7890862818254,0,0,0
321,94.8999999999989,3,1530.49059552323,3.5,0,8.26128598423819,0,0,0
321,94.8999999999989,4,1915.46515868544,0,0,19.1641705821312,0,0,0
321,94.8999999999989,5,1378.9780648635,0,0,12.4020633631327,0,0,0
321,94.8999999999989,6,847.536157532119,3.5,0,6.53760395119771,0,0,0
321,94.8999999999989,7,1741.19075773688,0,0,19.3553117594494,0,0,0
321,94.8999999999989,8,867.095936630088,3.5,0,6.36203000842309,0,0,0
321,94.8999999999989,9,1762.84406503714,3.5,0,17.7607834056709,0,0,0
321,94.8999999999989,10,74.370654900363,11,0,0,0,0,0
321,94.8999999999989,11,400.507363552497,10.076425232726,0,0,3.70432242966583,0,0
321,94.9999999999989,1,829.512831437753,3.5,0,6.48903983348594,0,0,0
321,94.9999999999989,2,962.763709918076,0,0,14.8276152058657,0,0,0
321,94.9999999999989,3,1531.31674195355,3.5,0,8.26164262204306,0,0,0
321,94.9999999999989,4,1917.37386305092,0,0,19.0099167275485,0,0,0
321,94.9999999999989,5,1380.21827128505,0,0,12.4020650678685,0,0,0
321,94.9999999999989,6,848.189924372487,3.5,0,6.53773285614625,0,0,0
321,94.9999999999989,7,1743.12629115681,0,0,19.3553566389725,0,0,0
321,94.9999999999989,8,867.732157165278,3.5,0,6.36238069537605,0,0,0
321,94.9999999999989,9,1764.62849849324,3.5,0,17.9278857164601,0,0,0
321,94.9999999999989,10,74.370654900363,11,0,0,0,0,0
321,94.9999999999989,11,400.507363552497,10.4468574756926,0,0,3.70432242966583,0,0
321,95.0999999999989,1,830.161858177057,3.5,0,6.49149495260504,0,0,0
321,95.0999999999989,2,964.248205240244,0,0,14.8622912375019,0,0,0
321,95.0999999999989,3,1532.14292226445,3.5,0,8.26196359606745,0,0,0
321,95.0999999999989,4,1919.26791330022,0,0,18.871088258424,0,0,0
321,95.0999999999989,5,1381.45847786855,0,0,12.4020666021308,0,0,0
321,95.0999999999989,6,848.843703458824,3.5,0,6.53784887059994,0,0,0
321,95.0999999999989,7,1745.06182884028,0,0,19.3553970305433,0,0,0
321,95.0999999999989,8,868.368411015729,3.5,0,6.36269631363371,0,0,0
321,95.0999999999989,9,1766.42880666888,3.5,0,18.0782777961703,0,0,0
321,95.0999999999989,10,74.370654900363,11,0,0,0,0,0
321,95.0999999999989,11,400.507363552497,10.8172897186592,0,0,3.70432242966583,0,0
321,95.1999999999989,1,830.81112542608,3.5,0,6.49385002785,0,0,0
321,95.1999999999989,2,965.735994785418,0,0,14.8934996659745,0,0,0
321,95.1999999999989,3,1532.96913306789,3.5,0,8.26225247268939,0,0,0
321,95.1999999999989,4,1921.14877484495,0,0,18.746142636212,0,0,0
321,95.1999999999989,5,1382.71118452877,0,0,12.6520666021308,0,0,0
321,95.1999999999989,6,849.497493566534,3.5,0,6.53795328360826,0,0,0
321,95.1999999999989,7,1746.99737036096,0,0,19.355433382957,0,0,0
321,95.1999999999989,8,869.004694849914,3.5,0,6.36298037006561,0,0,0
321,95.1999999999989,9,1768.24340209208,3.5,0,18.2136306679095,0,0,0
321,95.1999999999989,10,74.370654900363,11,0,0,0,0,0
321,95.1999999999989,11,400.507363552497,11,0,0,0,0,0
321,95.2999999999989,1,831.460623336958,3.5,0,6.49610818971542,0,0,0
321,95.2999999999989,2,967.226749131296,0,0,14.9215872515999,0,0,0
321,95.2999999999989,3,1533.79537131461,3.5,0,8.26251246164914,0,0,0
321,95.2999999999989,4,1923.01776655557,0,0,18.6336915762212,0,0,0
321,95.2999999999989,5,1383.98889118898,0,0,12.9020666021308,0,0,0
321,95.2999999999989,6,850.151293593481,3.5,0,6.53804725531575,0,0,0
321,95.2999999999989,7,1748.93291533511,0,0,19.3554661001293,0,0,0
321,95.2999999999989,8,869.64100566946,3.5,0,6.36323602085431,0,0,0
321,95.2999999999989,9,1770.0708560381,3.5,0,18.3354482524748,0,0,0
321,95.2999999999989,10,74.370654900363,11,0,0,0,0,0
321,95.2999999999989,11,400.507363552497,11,0,0,0,0,0
321,95.3999999999989,1,832.110342373066,3.5,0,6.49827253245028,0,0,0
321,95.3999999999989,2,968.72017179781,0,0,14.9468660786627,0,0,0
321,95.3999999999989,3,1534.62163426027,3.5,0,8.26274645171291,0,0,0
321,95.3999999999989,4,1924.8760754155,0,0,18.5324856222295,0,0,0
321,95.3999999999989,5,1385.29107576994,0,0,13.141625017011,0,0,0
321,95.3999999999989,6,850.805102547739,3.5,0,6.53813182985248,0,0,0
321,95.3999999999989,7,1750.8684634174,0,0,19.3554955455844,0,0,0
321,95.3999999999989,8,870.277340775831,3.5,0,6.36346610656415,0,0,0
321,95.3999999999989,9,1771.90988265465,3.5,0,18.4450840785836,0,0,0
321,95.3999999999989,10,74.370654900363,11,0,0,0,0,0
321,95.3999999999989,11,400.507363552497,11,0,0,0,0,0
321,95.4999999999988,1,832.760273305116,3.5,0,6.50034610854975,0,0,0
321,95.4999999999988,2,970.215995952894,0,0,14.9696170230193,0,0,0
321,95.4999999999988,3,1535.447919435,3.5,0,8.26295704277031,0,0,0
321,95.4999999999988,4,1926.72476970979,0,0,18.441400263637,0,0,0
321,95.4999999999988,5,1386.61601840031,0,0,13.3572275904032,0,0,0
321,95.4999999999988,6,851.458919536578,3.5,0,6.53820794693555,0,0,0
321,95.4999999999988,7,1752.804014297,0,0,19.355522046494,0,0,0
321,95.4999999999988,8,870.913697740344,3.5,0,6.363673183703,0,0,0
321,95.4999999999988,9,1773.75932467468,3.5,0,18.5437563220814,0,0,0
321,95.4999999999988,10,74.370654900363,11,0,0,0,0,0
321,95.4999999999988,11,400.507363552497,11,0,0,0,0,0
321,95.5999999999988,1,833.410407206743,3.5,0,6.502331923989,0,0,0
321,95.5999999999988,2,971.713981447692,0,0,14.9900928729401,0,0,0
321,95.5999999999988,3,1536.27422461587,3.5,0,8.26314657472197,0,0,0
321,95.5999999999988,4,1928.56481089502,0,0,18.3594234409037,0,0,0
321,95.5999999999988,5,1387.96144327515,0,0,13.5512699064562,0,0,0
321,95.5999999999988,6,852.112743756541,3.5,0,6.5382764523103,0,0,0
321,95.5999999999988,7,1754.73956769419,0,0,19.3555458973126,0,0,0
321,95.5999999999988,8,871.550074377186,3.5,0,6.36385955312797,0,0,0
321,95.5999999999988,9,1775.61814055785,3.5,0,18.6325613412295,0,0,0
321,95.5999999999988,10,74.370654900363,11,0,0,0,0,0
321,95.5999999999988,11,400.507363552497,11,0,0,0,0,0
321,95.6999999999988,1,834.060735449649,3.5,0,6.50423293412899,0,0,0
321,95.6999999999988,2,973.213912148232,0,0,15.0085211378689,0,0,0
321,95.6999999999988,3,1537.10054780228,3.5,0,8.26331715347846,0,0,0
321,95.6999999999988,4,1930.39706428208,0,0,18.2856443004437,0,0,0
321,95.6999999999988,5,1389.32530217002,0,0,13.7259079909039,0,0,0
321,95.6999999999988,6,852.766574484513,3.5,0,6.53833810714759,0,0,0
321,95.6999999999988,7,1756.67512335721,0,0,19.3555673630494,0,0,0
321,95.6999999999988,8,872.186468719123,3.5,0,6.36402728561044,0,0,0
321,95.6999999999988,9,1777.48539291783,3.5,0,18.7124858584628,0,0,0
321,95.6999999999988,10,74.370654900363,11,0,0,0,0,0
321,95.6999999999988,11,400.507363552497,11,0,0,0,0,0
321,95.7999999999988,1,834.711249698367,3.5,0,6.50605204023032,0,0,0
321,95.7999999999988,2,974.715593533941,0,0,15.0251065763049,0,0,0
321,95.7999999999988,3,1537.92688719367,3.5,0,8.2634706743593,0,0,0
321,95.7999999999988,4,1932.22230865081,0,0,18.2192430740297,0,0,0
321,95.7999999999988,5,1390.70575168291,0,0,13.8830822669068,0,0,0
321,95.7999999999988,6,853.420411069696,3.5,0,6.53839359650114,0,0,0
321,95.7999999999988,7,1758.61068105947,0,0,19.3555866822125,0,0,0
321,95.7999999999988,8,872.822878995645,3.5,0,6.36417824484466,0,0,0
321,95.7999999999988,9,1779.36023810696,3.5,0,18.7844179239728,0,0,0
321,95.7999999999988,10,74.370654900363,11,0,0,0,0,0
321,95.7999999999988,11,400.507363552497,11,0,0,0,0,0
321,95.8999999999988,1,835.361941904705,3.5,0,6.50779208651665,0,0,0
321,95.8999999999988,2,976.218850536301,0,0,15.0400334708972,0,0,0
321,95.8999999999988,3,1538.75324116955,3.5,0,8.26360884315206,0,0,0
321,95.8999999999988,4,1934.04124490302,0,0,18.1594819702571,0,0,0
321,95.8999999999988,5,1392.10113275202,0,0,14.0245391153094,0,0,0
321,95.8999999999988,6,854.074252926367,3.5,0,6.53844353691934,0,0,0
321,95.8999999999988,7,1760.54624059706,0,0,19.3556040694593,0,0,0
321,95.8999999999988,8,873.459303613295,3.5,0,6.36431410815546,0,0,0
321,95.8999999999988,9,1781.2419168423,3.5,0,18.8491567829317,0,0,0
321,95.8999999999988,10,74.370654900363,11,0,0,0,0,0
321,95.8999999999988,11,400.507363552497,11,0,0,0,0,0
321,95.9999999999988,1,836.012804301917,3.5,0,6.50945585773438,0,0,0
321,95.9999999999988,2,977.723525593647,0,0,15.0534676760303,0,0,0
321,95.9999999999988,3,1539.57960827146,3.5,0,8.26373319506555,0,0,0
321,95.9999999999988,4,1935.85450385038,0,0,18.1056969768618,0,0,0
321,95.9999999999988,5,1393.50995222173,0,0,14.1518502788718,0,0,0
321,95.9999999999988,6,854.728099527378,3.5,0,6.53848848329572,0,0,0
321,95.9999999999988,7,1762.48180178643,0,0,19.3556197179814,0,0,0
321,95.9999999999988,8,874.09574113796,3.5,0,6.36443638513518,0,0,0
321,95.9999999999988,9,1783.12974576925,3.5,0,18.9074217559948,0,0,0
321,95.9999999999988,10,74.370654900363,11,0,0,0,0,0
321,95.9999999999988,11,400.507363552497,11,0,0,0,0,0
321,96.0999999999988,1,836.663829398662,3.5,0,6.51104607716012,0,0,0
321,96.0999999999988,2,979.229476900481,0,0,15.0655584606501,0,0,0
321,96.0999999999988,3,1540.4059871868,3.5,0,8.26384511178768,0,0,0
321,96.0999999999988,4,1937.66265322336,0,0,18.057290482806,0,0,0
321,96.0999999999988,5,1394.93086625198,0,0,14.2664303260779,0,0,0
321,96.0999999999988,6,855.381950398294,3.5,0,6.53852893503446,0,0,0
321,96.0999999999988,7,1764.40486375823,0,0,19.1056197179814,0,0,0
321,96.0999999999988,8,874.732190278937,3.5,0,6.36454643441693,0,0,0
321,96.0999999999988,9,1785.02310986864,3.5,0,18.9598602317516,0,0,0
321,96.0999999999988,10,74.370654900363,11,0,0,0,0,0
321,96.0999999999988,11,400.507363552497,11,0,0,0,0,0
321,96.1999999999988,1,837.31500997277,3.5,0,6.51256540501132,0,0,0
321,96.1999999999988,2,980.736576831854,0,0,15.0764401668079,0,0,0
321,96.1999999999988,3,1541.23237673424,3.5,0,8.2639458368376,0,0,0
321,96.1999999999988,4,1939.46620397941,0,0,18.0137246381558,0,0,0
321,96.1999999999988,5,1396.36266538671,0,0,14.3695523685634,0,0,0
321,96.1999999999988,6,856.035805112126,3.5,0,6.53856534159932,0,0,0
321,96.1999999999988,7,1766.30292573002,0,0,18.8556197179814,0,0,0
321,96.1999999999988,8,875.368649874597,3.5,0,6.36464547877051,0,0,0
321,96.1999999999988,9,1786.92145562322,3.5,0,19.0070548599326,0,0,0
321,96.1999999999988,10,74.370654900363,11,0,0,0,0,0
321,96.1999999999988,11,400.507363552497,11,0,0,0,0,0
321,96.2999999999988,1,837.966339064882,3.5,0,6.51401643721975,0,0,0
321,96.2999999999988,2,982.244710525312,0,0,15.0862337023499,0,0,0
321,96.2999999999988,3,1542.05877585055,3.5,0,8.26403648938253,0,0,0
321,96.2999999999988,4,1941.26561598022,0,0,17.9745153779707,0,0,0
321,96.2999999999988,5,1397.80426111548,0,0,14.4623622068004,0,0,0
321,96.2999999999988,6,856.689663284581,3.5,0,6.5385981075077,0,0,0
321,96.2999999999988,7,1768.17598770182,0,0,18.6056197179814,0,0,0
321,96.2999999999988,8,876.00511887947,3.5,0,6.36473461868872,0,0,0
321,96.2999999999988,9,1788.82428486748,3.5,0,19.0495300252956,0,0,0
321,96.2999999999988,10,74.370654900363,11,0,0,0,0,0
321,96.2999999999988,11,400.507363552497,11,0,0,0,0,0
321,96.3999999999988,1,838.617809971969,3.5,0,6.51540170453083,0,0,0
321,96.3999999999988,2,983.753774604647,0,0,15.0950478843377,0,0,0
321,96.3999999999988,3,1542.88518357885,3.5,0,8.26411807667296,0,0,0
321,96.3999999999988,4,1943.0613031013,0,0,17.939227043804,0,0,0
321,96.3999999999988,5,1399.25467377888,0,0,14.5458910612136,0,0,0
321,96.3999999999988,6,857.343524569798,3.5,0,6.53862759682525,0,0,0
321,96.3999999999988,7,1770.02404967362,0,0,18.3556197179814,0,0,0
321,96.3999999999988,8,876.641596352635,3.5,0,6.36481484461512,0,0,0
321,96.3999999999988,9,1790.73114925245,3.5,0,19.0877576741223,0,0,0
321,96.3999999999988,10,74.370654900363,11,0,0,0,0,0
321,96.3999999999988,11,400.507363552497,11,0,0,0,0,0
321,96.4999999999988,1,839.269416240791,3.5,0,6.51672367189502,0,0,0
321,96.4999999999988,2,985.26367603127,0,0,15.1029806481268,0,0,0
321,96.4999999999988,3,1543.71159905794,3.5,0,8.26419150523436,0,0,0
321,96.4999999999988,4,1944.85363783065,0,0,17.907467543054,0,0,0
321,96.4999999999988,5,1400.71302168345,0,0,14.6210670301856,0,0,0
321,96.4999999999988,6,857.9973886565,3.5,0,6.53865413721103,0,0,0
321,96.4999999999988,7,1771.84711164542,0,0,18.1056197179814,0,0,0
321,96.4999999999988,8,877.278081447263,3.5,0,6.36488704794887,0,0,0
321,96.4999999999988,9,1792.64164526406,3.5,0,19.1221625580663,0,0,0
321,96.4999999999988,10,74.370654900363,11,0,0,0,0,0
321,96.4999999999988,11,400.507363552497,11,0,0,0,0,0
321,96.5999999999988,1,839.921151661291,3.5,0,6.51798473812073,0,0,0
321,96.5999999999988,2,986.774331070453,0,0,15.1101201355369,0,0,0
321,96.5999999999988,3,1544.53802151275,3.5,0,8.26425759093961,0,0,0
321,96.5999999999988,4,1946.64295540742,0,0,17.878883992379,0,0,0
321,96.5999999999988,5,1402.17851130507,0,0,14.6887254022603,0,0,0
321,96.5999999999988,6,858.651255264538,3.5,0,6.53867802355824,0,0,0
321,96.5999999999988,7,1773.64517361722,0,0,17.8556197179814,0,0,0
321,96.5999999999988,8,877.914573401208,3.5,0,6.36495203094925,0,0,0
321,96.5999999999988,9,1794.55540973965,3.5,0,19.1531269536159,0,0,0
321,96.5999999999988,10,74.370654900363,11,0,0,0,0,0
321,96.5999999999988,11,400.507363552497,11,0,0,0,0,0
321,96.6999999999988,1,840.573010259985,3.5,0,6.51918723576056,0,0,0
321,96.6999999999988,2,988.28566436094,0,0,15.116545674206,0,0,0
321,96.6999999999988,3,1545.3644502457,3.5,0,8.26431706807434,0,0,0
321,96.6999999999988,4,1948.42955754688,0,0,17.8531587967715,0,0,0
321,96.6999999999988,5,1403.65042847204,0,0,14.7496179371276,0,0,0
321,96.6999999999988,6,859.30512414178,3.5,0,6.53869952127073,0,0,0
321,96.6999999999988,7,1775.41823558901,0,0,17.6056197179814,0,0,0
321,96.6999999999988,8,878.551071528538,3.5,0,6.3650105156496,0,0,0
321,96.6999999999988,9,1796.47211583281,3.5,0,19.1809949096106,0,0,0
321,96.6999999999988,10,74.370654900363,11,0,0,0,0,0
321,96.6999999999988,11,400.507363552497,11,0,0,0,0,0
321,96.7999999999988,1,841.224986293334,3.5,0,6.52033343120544,0,0,0
321,96.7999999999988,2,989.797608077601,0,0,15.1223286590082,0,0,0
321,96.7999999999988,3,1546.19088462898,3.5,0,8.26437059749559,0,0,0
321,96.7999999999988,4,1950.21371579275,0,0,17.8300061207248,0,0,0
321,96.7999999999988,5,1405.12813042982,0,0,14.8044212185081,0,0,0
321,96.7999999999988,6,859.958995061304,3.5,0,6.53871886921197,0,0,0
321,96.7999999999988,7,1777.16629756081,0,0,17.3556197179814,0,0,0
321,96.7999999999988,8,879.187575211914,3.5,0,6.3650631518799,0,0,0
321,96.7999999999988,9,1798.39146938179,3.5,0,19.2060760700057,0,0,0
321,96.7999999999988,10,74.370654900363,11,0,0,0,0,0
321,96.7999999999988,11,400.507363552497,11,0,0,0,0,0
321,96.8999999999988,1,841.877074241142,3.5,0,6.52142552496345,0,0,0
321,96.8999999999988,2,991.310101177818,0,0,15.1275333453302,0,0,0
321,96.8999999999988,3,1547.01732409756,3.5,0,8.26441877397472,0,0,0
321,96.8999999999988,4,1951.9956745344,0,0,17.8091687122827,0,0,0
321,96.8999999999988,5,1406.61103869934,0,0,14.8537441717506,0,0,0
321,96.8999999999988,6,860.612867818882,3.5,0,6.53873628235909,0,0,0
321,96.8999999999988,7,1778.88935953261,0,0,17.1056197179814,0,0,0
321,96.8999999999988,8,879.824083895733,3.5,0,6.36511052448718,0,0,0
321,96.8999999999988,9,1800.31320564101,3.5,0,19.2286491143614,0,0,0
321,96.8999999999988,10,74.370654900363,11,0,0,0,0,0
321,96.8999999999988,11,400.507363552497,11,0,0,0,0,0
321,96.9999999999988,1,842.529268799996,3.5,0,6.52246565210205,0,0,0
321,96.9999999999988,2,992.823088723235,0,0,15.13221756302,0,0,0
321,96.9999999999988,3,1547.84376814289,3.5,0,8.26446213280594,0,0,0
321,96.9999999999988,4,1953.77565372225,0,0,17.7904150446848,0,0,0
321,96.9999999999988,5,1408.09863264941,0,0,14.8981348296689,0,0,0
321,96.9999999999988,6,861.26674223071,3.5,0,6.53875195419149,0,0,0
321,96.9999999999988,7,1780.58742150441,0,0,16.8556197179814,0,0,0
321,96.9999999999988,8,880.460597079949,3.5,0,6.36515315983373,0,0,0
321,96.9999999999988,9,1802.23708633944,3.5,0,19.2489648542815,0,0,0
321,96.9999999999988,10,74.370654900363,11,0,0,0,0,0
321,96.9999999999988,11,400.507363552497,11,0,0,0,0,0
321,97.0999999999988,1,843.181564876742,3.5,0,6.5234558828345,0,0,0
321,97.0999999999988,2,994.336521269333,0,0,15.1364333589408,0,0,0
321,97.0999999999988,3,1548.67021630732,3.5,0,8.26450115575403,0,0,0
321,97.0999999999988,4,1955.55385131168,0,0,17.7735367438467,0,0,0
321,97.0999999999988,5,1409.59044371198,0,0,14.9380864217953,0,0,0
321,97.0999999999988,6,861.920618131361,3.5,0,6.53876605884065,0,0,0
321,97.0999999999988,7,1782.26048347621,0,0,16.6056197179814,0,0,0
321,97.0999999999988,8,881.097114314523,3.5,0,6.36519153164562,0,0,0
321,97.0999999999988,9,1804.16289703316,3.5,0,19.2672490202096,0,0,0
321,97.0999999999988,10,74.370654900363,11,0,0,0,0,0
321,97.0999999999988,11,400.507363552497,11,0,0,0,0,0
321,97.1999999999988,1,843.833957582046,3.5,0,6.52439822323303,0,0,0
321,97.1999999999988,2,995.850354316044,0,0,15.1402275752695,0,0,0
321,97.1999999999988,3,1549.49666817893,3.5,0,8.26453627640732,0,0,0
321,97.1999999999988,4,1957.33044546252,0,0,17.7583462730925,0,0,0
321,97.1999999999988,5,1411.0860501758,0,0,14.974042854709,0,0,0
321,97.1999999999988,6,862.574495371955,3.5,0,6.5387787530249,0,0,0
321,97.1999999999988,7,1783.908545448,0,0,16.3556197179814,0,0,0
321,97.1999999999988,8,881.733635194419,3.5,0,6.36522606627633,0,0,0
321,97.1999999999988,9,1806.09044472265,3.5,0,19.2837047695449,0,0,0
321,97.1999999999988,10,74.370654900363,11,0,0,0,0,0
321,97.1999999999988,11,400.507363552497,11,0,0,0,0,0
321,97.2999999999987,1,844.48644222401,3.5,0,6.52529461605267,0,0,0
321,97.2999999999987,2,997.364547813306,0,0,15.1436423699654,0,0,0
321,97.2999999999987,3,1550.323123387,3.5,0,8.26456788499527,0,0,0
321,97.2999999999987,4,1959.10559651865,0,0,17.7446748494136,0,0,0
321,97.2999999999987,5,1412.58507250076,0,0,15.0064036443314,0,0,0
321,97.2999999999987,6,863.228373818495,3.5,0,6.53879017779072,0,0,0
321,97.2999999999987,7,1785.5316074198,0,0,16.1056197179814,0,0,0
321,97.2999999999987,8,882.370159355105,3.5,0,6.36525714744396,0,0,0
321,97.2999999999987,9,1808.01955570833,3.5,0,19.2985149439466,0,0,0
321,97.2999999999987,10,74.370654900363,11,0,0,0,0,0
321,97.2999999999987,11,400.507363552497,11,0,0,0,0,0
321,97.3999999999987,1,845.139014301895,3.5,0,6.52614694165138,0,0,0
321,97.3999999999987,2,998.879065716064,0,0,15.1467156851917,0,0,0
321,97.3999999999987,3,1551.14958159789,3.5,0,8.26459633272444,0,0,0
321,97.3999999999987,4,1960.87944878952,0,0,17.7323705681027,0,0,0
321,97.3999999999987,5,1414.08716910072,0,0,15.0355283549916,0,0,0
321,97.3999999999987,6,863.882253350389,3.5,0,6.53880046007996,0,0,0
321,97.3999999999987,7,1787.1296693916,0,0,15.8556197179814,0,0,0
321,97.3999999999987,8,883.006686468502,3.5,0,6.36528512049483,0,0,0
321,97.3999999999987,9,1809.95007366057,3.5,0,19.3118441009082,0,0,0
321,97.3999999999987,10,74.370654900363,11,0,0,0,0,0
321,97.3999999999987,11,400.507363552497,11,0,0,0,0,0
321,97.4999999999987,1,845.791669499927,3.5,0,6.52695701899333,0,0,0
321,97.4999999999987,2,1000.39387558377,0,0,15.1494816688953,0,0,0
321,97.4999999999987,3,1551.97604251131,3.5,0,8.26462193568068,0,0,0
321,97.4999999999987,4,1962.65213215368,0,0,17.7212967149228,0,0,0
321,97.4999999999987,5,1415.5920325482,0,0,15.0617405945857,0,0,0
321,97.4999999999987,6,864.5361338591,3.5,0,6.53880971414028,0,0,0
321,97.4999999999987,7,1788.7027313634,0,0,15.6056197179814,0,0,0
321,97.4999999999987,8,883.643216239339,3.5,0,6.36531029624062,0,0,0
321,97.4999999999987,9,1811.88185788272,3.5,0,19.3238403421736,0,0,0
321,97.4999999999987,10,74.370654900363,11,0,0,0,0,0
321,97.4999999999987,11,400.507363552497,11,0,0,0,0,0
321,97.5999999999987,1,846.444403681213,3.5,0,6.5277266067233,0,0,0
321,97.5999999999987,2,1001.90894821992,0,0,15.1519710542286,0,0,0
321,97.5999999999987,3,1552.80250585701,3.5,0,8.2646449783413,0,0,0
321,97.5999999999987,4,1964.42376350178,0,0,17.7113302470609,0,0,0
321,97.5999999999987,5,1417.09938615844,0,0,15.0853316102205,0,0,0
321,97.5999999999987,6,865.190015246947,3.5,0,6.53881804279456,0,0,0
321,97.5999999999987,7,1790.2507933352,0,0,15.3556197179814,0,0,0
321,97.5999999999987,8,884.279748401871,3.5,0,6.36533295441182,0,0,0
321,97.5999999999987,9,1813.8147817478,3.5,0,19.3346369593125,0,0,0
321,97.5999999999987,10,74.370654900363,11,0,0,0,0,0
321,97.5999999999987,11,400.507363552497,11,0,0,0,0,0
321,97.6999999999987,1,847.097212881765,3.5,0,6.52845740430161,0,0,0
321,97.6999999999987,2,1003.42425734769,0,0,15.1542115010286,0,0,0
321,97.6999999999987,3,1553.62897139176,3.5,0,8.26466571673586,0,0,0
321,97.6999999999987,4,1966.19444803543,0,0,17.7023604259852,0,0,0
321,97.6999999999987,5,1418.60898091517,0,0,15.1065635242917,0,0,0
321,97.6999999999987,6,865.843897426016,3.5,0,6.53882553858342,0,0,0
321,97.6999999999987,7,1791.77385530699,0,0,15.1056197179814,0,0,0
321,97.6999999999987,8,884.91628271693,3.5,0,6.36535334676591,0,0,0
321,97.6999999999987,9,1815.7487312915,3.5,0,19.3443539147375,0,0,0
321,97.6999999999987,10,74.370654900363,11,0,0,0,0,0
321,97.6999999999987,11,400.507363552497,11,0,0,0,0,0
321,97.7999999999987,1,847.750093304639,3.5,0,6.52915105318954,0,0,0
321,97.7999999999987,2,1004.9397793179,0,0,15.1562279031485,0,0,0
321,97.7999999999987,3,1554.45543889666,3.5,0,8.26468438129096,0,0,0
321,97.7999999999987,4,1967.96428043608,0,0,17.6942875870171,0,0,0
321,97.7999999999987,5,1420.12059270373,0,0,15.1256722469559,0,0,0
321,97.7999999999987,6,866.497780317185,3.5,0,6.53883228479339,0,0,0
321,97.7999999999987,7,1793.27191727879,0,0,14.8556197179814,0,0,0
321,97.7999999999987,8,885.552818969263,3.5,0,6.36537169988458,0,0,0
321,97.7999999999987,9,1817.68360394597,3.5,0,19.35309917462,0,0,0
321,97.7999999999987,10,74.370654900363,11,0,0,0,0,0
321,97.7999999999987,11,400.507363552497,11,0,0,0,0,0
321,97.8999999999987,1,848.403041314202,3.5,0,6.5298091380766,0,0,0
321,97.8999999999987,2,1006.45549284631,0,0,15.1580426650565,0,0,0
321,97.8999999999987,3,1555.2819081747,3.5,0,8.26470117939056,0,0,0
321,97.8999999999987,4,1969.73334591703,0,0,17.6870220319458,0,0,0
321,97.8999999999987,5,1421.63401982095,0,0,15.1428700973536,0,0,0
321,97.8999999999987,6,867.151663849243,3.5,0,6.53883835638236,0,0,0
321,97.8999999999987,7,1794.74497925059,0,0,14.6056197179814,0,0,0
321,97.8999999999987,8,886.189356965141,3.5,0,6.36538821769139,0,0,0
321,97.8999999999987,9,1819.61930740012,3.5,0,19.3609699085142,0,0,0
321,97.8999999999987,10,74.370654900363,11,0,0,0,0,0
321,97.8999999999987,11,400.507363552497,11,0,0,0,0,0
321,97.9999999999987,1,849.056053430513,3.5,0,6.53043318814158,0,0,0
321,97.9999999999987,2,1007.9713787771,0,0,15.1596759507736,0,0,0
321,97.9999999999987,3,1556.10837904855,3.5,0,8.26471629768019,0,0,0
321,97.9999999999987,4,1971.50172117024,0,0,17.6804830323816,0,0,0
321,97.9999999999987,5,1423.14908073395,0,0,15.1583481627115,0,0,0
321,97.9999999999987,6,867.805547958103,3.5,0,6.53884382081244,0,0,0
321,97.9999999999987,7,1796.19304122239,0,0,14.3556197179814,0,0,0
321,97.9999999999987,8,886.825896530212,3.5,0,6.36540308371752,0,0,0
321,97.9999999999987,9,1821.555758574,3.5,0,19.368053569019,0,0,0
321,97.9999999999987,10,74.370654900363,11,0,0,0,0,0
321,97.9999999999987,11,400.507363552497,11,0,0,0,0,0
321,98.0999999999987,1,849.709126323837,3.5,0,6.5310246783401,0,0,0
321,98.0999999999987,2,1009.48741987003,0,0,15.1611459079191,0,0,0
321,98.0999999999987,3,1556.93485135864,3.5,0,8.26472990414086,0,0,0
321,98.0999999999987,4,1973.2694752185,0,0,17.6745979327738,0,0,0
321,98.0999999999987,5,1424.66561206316,0,0,15.1722784215337,0,0,0
321,98.0999999999987,6,868.459432586084,3.5,0,6.53884873879951,0,0,0
321,98.0999999999987,7,1797.61610319419,0,0,14.1056197179814,0,0,0
321,98.0999999999987,8,887.462437507555,3.5,0,6.36541646314104,0,0,0
321,98.0999999999987,9,1823.49288269562,3.5,0,19.3744288634734,0,0,0
321,98.0999999999987,10,74.370654900363,11,0,0,0,0,0
321,98.0999999999987,11,400.507363552497,11,0,0,0,0,0
321,98.1999999999987,1,850.36225680929,3.5,0,6.53158503071225,0,0,0
321,98.1999999999987,2,1011.0036006089,0,0,15.16246886935,0,0,0
321,98.1999999999987,3,1557.76132496135,3.5,0,8.26474214995546,0,0,0
321,98.1999999999987,4,1975.0366701823,0,0,17.6693013431269,0,0,0
321,98.1999999999987,5,1426.18346676696,0,0,15.1848156544736,0,0,0
321,98.1999999999987,6,869.113317681273,3.5,0,6.53885316498787,0,0,0
321,98.1999999999987,7,1799.01416516599,0,0,13.8556197179814,0,0,0
321,98.1999999999987,8,888.098979755943,3.5,0,6.3654285046222,0,0,0
321,98.1999999999987,9,1825.43061247022,3.5,0,19.3801666284823,0,0,0
321,98.1999999999987,10,74.370654900363,11,0,0,0,0,0
321,98.1999999999987,11,400.507363552497,11,0,0,0,0,0
321,98.2999999999987,1,851.015441841611,3.5,0,6.53211561570451,0,0,0
321,98.2999999999987,2,1012.5199070291,0,0,15.1636595346378,0,0,0
321,98.2999999999987,3,1558.5877997274,3.5,0,8.2647531711886,0,0,0
321,98.2999999999987,4,1976.80336197007,0,0,17.6645344124446,0,0,0
321,98.2999999999987,5,1427.70251250789,0,0,15.1960991641195,0,0,0
321,98.2999999999987,6,869.76720319695,3.5,0,6.53885714855739,0,0,0
321,98.2999999999987,7,1800.38722713778,0,0,13.6056197179814,0,0,0
321,98.2999999999987,8,888.735523148272,3.5,0,6.36543934195525,0,0,0
321,98.2999999999987,9,1827.3688873325,3.5,0,19.3853306169903,0,0,0
321,98.2999999999987,10,74.370654900363,11,0,0,0,0,0
321,98.2999999999987,11,400.507363552497,11,0,0,0,0,0
321,98.3999999999987,1,851.668678510071,3.5,0,6.53261775350057,0,0,0
321,98.3999999999987,2,1014.0363265625,0,0,15.1647311333968,0,0,0
321,98.3999999999987,3,1559.41427554048,3.5,0,8.26476309029843,0,0,0
321,98.3999999999987,4,1978.56960089944,0,0,17.6602441748305,0,0,0
321,98.3999999999987,5,1429.22263018224,0,0,15.2062543228009,0,0,0
321,98.3999999999987,6,870.421089091067,3.5,0,6.53886073376997,0,0,0
321,98.3999999999987,7,1801.73528910958,0,0,13.3556197179814,0,0,0
321,98.3999999999987,8,889.372067570147,3.5,0,6.36544909555499,0,0,0
321,98.3999999999987,9,1829.30765277368,3.5,0,19.3899782066475,0,0,0
321,98.3999999999987,10,74.370654900363,11,0,0,0,0,0
321,98.3999999999987,11,400.507363552497,11,0,0,0,0,0
321,98.4999999999987,1,852.321964033514,3.5,0,6.53309271535641,0,0,0
321,98.4999999999987,2,1015.55284789778,0,0,15.16569557228,0,0,0
321,98.4999999999987,3,1560.24075229587,3.5,0,8.26477201749728,0,0,0
321,98.4999999999987,4,1980.33543225623,0,0,17.6563829609779,0,0,0
321,98.4999999999987,5,1430.74371259666,0,0,15.2153939656141,0,0,0
321,98.4999999999987,6,871.074975325778,3.5,0,6.53886396046128,0,0,0
321,98.4999999999987,7,1803.05835108138,0,0,13.1056197179814,0,0,0
321,98.4999999999987,8,890.008612918615,3.5,0,6.36545787379476,0,0,0
321,98.4999999999987,9,1831.24685973588,3.5,0,19.394161037339,0,0,0
321,98.4999999999987,10,74.370654900363,11,0,0,0,0,0
321,98.4999999999987,11,400.507363552497,11,0,0,0,0,0
321,98.5999999999987,1,852.975295755528,3.5,0,6.5335417249355,0,0,0
321,98.5999999999987,2,1017.05691745501,0,0,14.91569557228,0,0,0
321,98.5999999999987,3,1561.06722989934,3.5,0,8.26478005197624,0,0,0
321,98.5999999999987,4,1982.1008967977,0,0,17.6529078685105,0,0,0
321,98.5999999999987,5,1432.26566327715,0,0,15.223619644146,0,0,0
321,98.5999999999987,6,871.728861867025,3.5,0,6.53886686448347,0,0,0
321,98.5999999999987,7,1804.35641305318,0,0,12.8556197179814,0,0,0
321,98.5999999999987,8,890.645159101015,3.5,0,6.36546577421055,0,0,0
321,98.5999999999987,9,1833.18646406699,3.5,0,19.3979255849613,0,0,0
321,98.5999999999987,10,74.370654900363,11,0,0,0,0,0
321,98.5999999999987,11,400.507363552497,11,0,0,0,0,0
321,98.6999999999987,1,853.628671139757,3.5,0,6.53396595964025,0,0,0
321,98.6999999999987,2,1018.53598701224,0,0,14.66569557228,0,0,0
321,98.6999999999987,3,1561.89370826609,3.5,0,8.2647872830073,0,0,0
321,98.6999999999987,4,1983.86603120539,0,0,17.6497802852898,0,0,0
321,98.6999999999987,5,1433.78839539709,0,0,15.2310227548247,0,0,0
321,98.6999999999987,6,872.382748684155,3.5,0,6.53886947810343,0,0,0
321,98.6999999999987,7,1805.62947502498,0,0,12.6056197179814,0,0,0
321,98.6999999999987,8,891.281706033955,3.5,0,6.36547288458476,0,0,0
321,98.6999999999987,9,1835.12642603013,3.5,0,19.4013136778214,0,0,0
321,98.6999999999987,10,74.370654900363,11,0,0,0,0,0
321,98.6999999999987,11,400.507363552497,11,0,0,0,0,0
321,98.7999999999987,1,854.282087765336,3.5,0,6.53436655193648,0,0,0
321,98.7999999999987,2,1019.99005656946,0,0,14.41569557228,0,0,0
321,98.7999999999987,3,1562.73268699439,3.5,0,8.5147872830073,0,0,0
321,98.7999999999987,4,1985.63086849268,0,0,17.6469654603913,0,0,0
321,98.7999999999987,5,1435.31183081256,0,0,15.2376855544355,0,0,0
321,98.7999999999987,6,873.036635749578,3.5,0,6.5388718303614,0,0,0
321,98.7999999999987,7,1806.87753699677,0,0,12.3556197179814,0,0,0
321,98.7999999999987,8,891.91825364238,3.5,0,6.36547928392155,0,0,0
321,98.7999999999987,9,1837.06670986209,3.5,0,19.4043629613955,0,0,0
321,98.7999999999987,10,74.370654900363,11,0,0,0,0,0
321,98.7999999999987,11,400.507363552497,11,0,0,0,0,0
321,98.8999999999987,1,854.935543322466,3.5,0,6.53474459066788,0,0,0
321,98.8999999999987,2,1021.41912612669,0,0,14.16569557228,0,0,0
321,98.8999999999987,3,1563.59666572269,3.5,0,8.7647872830073,0,0,0
321,98.8999999999987,4,1987.39543837159,0,0,17.6444321179825,0,0,0
321,98.8999999999987,5,1436.83589919398,0,0,15.2436820740853,0,0,0
321,98.8999999999987,6,873.690523038466,3.5,0,6.53887394739357,0,0,0
321,98.8999999999987,7,1808.10059896857,0,0,12.1056197179814,0,0,0
321,98.8999999999987,8,892.554801858743,3.5,0,6.36548504332466,0,0,0
321,98.8999999999987,9,1839.00728337599,3.5,0,19.4071073166122,0,0,0
321,98.8999999999987,10,74.370654900363,11,0,0,0,0,0
321,98.8999999999987,11,400.507363552497,11,0,0,0,0,0
321,98.9999999999986,1,855.589035608118,3.5,0,6.53510112235783,0,0,0
321,98.9999999999986,2,1022.82319568392,0,0,13.91569557228,0,0,0
321,98.9999999999986,3,1564.48564445099,3.5,0,9.0147872830073,0,0,0
321,98.9999999999986,4,1989.15976758298,0,0,17.6421521098147,0,0,0
321,98.9999999999986,5,1438.36053724478,0,0,15.2490789417701,0,0,0
321,98.9999999999986,6,874.344410528472,3.5,0,6.53887585272253,0,0,0
321,98.9999999999986,7,1809.29866094037,0,0,11.8556197179814,0,0,0
321,98.9999999999986,8,893.178850363075,3.5,0,6.11548504332466,0,0,0
321,98.9999999999986,9,1840.94811760364,3.5,0,19.4095772363072,0,0,0
321,98.9999999999986,10,74.370654900363,11,0,0,0,0,0
321,98.9999999999986,11,400.507363552497,11,0,0,0,0,0
321,99.0999999999986,1,856.24256252186,3.5,0,6.53543715249644,0,0,0
321,99.0999999999986,2,1024.20332704008,0,0,13.6869315508932,0,0,0
321,99.0999999999986,3,1565.39962317929,3.5,0,9.2647872830073,0,0,0
321,99.0999999999986,4,1990.9238801936,0,0,17.6401001024636,0,0,0
321,99.0999999999986,5,1439.885687998,0,0,15.2539361226863,0,0,0
321,99.0999999999986,6,874.998298199484,3.5,0,6.53887756751859,0,0,0
321,99.0999999999986,7,1810.47172291217,0,0,11.6056197179814,0,0,0
321,99.0999999999986,8,893.777898867407,3.5,0,5.86548504332466,0,0,0
321,99.0999999999986,9,1842.88918647366,3.5,0,19.4118001640327,0,0,0
321,99.0999999999986,10,74.370654900363,11,0,0,0,0,0
321,99.0999999999986,11,400.507363552497,11,0,0,0,0,0
321,99.1999999999986,1,856.896122061826,3.5,0,6.53575364681052,0,0,0
321,99.1999999999986,2,1025.56172581421,0,0,13.4810439316451,0,0,0
321,99.1999999999986,3,1566.33860190759,3.5,0,9.5147872830073,0,0,0
321,99.1999999999986,4,1992.68779786351,0,0,17.6382532958477,0,0,0
321,99.1999999999986,5,1441.41130018341,0,0,15.258307585511,0,0,0
321,99.1999999999986,6,875.652186033401,3.5,0,6.53887911083504,0,0,0
321,99.1999999999986,7,1811.61978488397,0,0,11.3556197179814,0,0,0
321,99.1999999999986,8,894.35194737174,3.5,0,5.61548504332466,0,0,0
321,99.1999999999986,9,1844.83046652181,3.5,0,19.4138007989857,0,0,0
321,99.1999999999986,10,74.370654900363,11,0,0,0,0,0
321,99.1999999999986,11,400.507363552497,11,0,0,0,0,0
321,99.2999999999986,1,857.549712320792,3.5,0,6.53605153251506,0,0,0
321,99.2999999999986,2,1026.9005652645,0,0,13.2957450743219,0,0,0
321,99.2999999999986,3,1567.3025806359,3.5,0,9.7647872830073,0,0,0
321,99.2999999999986,4,1994.4515400868,0,0,17.6365911698933,0,0,0
321,99.2999999999986,5,1442.93732765779,0,0,15.2622419020532,0,0,0
321,99.2999999999986,6,876.306074013934,3.5,0,6.53888049981985,0,0,0
321,99.2999999999986,7,1812.74284685576,0,0,11.1056197179814,0,0,0
321,99.2999999999986,8,894.902106644121,3.5,0,5.38770040429537,0,0,0
321,99.2999999999986,9,1846.77193663028,3.5,0,19.4156013704434,0,0,0
321,99.2999999999986,10,74.370654900363,11,0,0,0,0,0
321,99.2999999999986,11,400.507363552497,11,0,0,0,0,0
321,99.3999999999986,1,858.203331482395,3.5,0,6.53633169954438,0,0,0
321,99.3999999999986,2,1028.22180132336,0,0,13.1289761027309,0,0,0
321,99.3999999999986,3,1568.2915593642,3.5,0,10.0147872830073,0,0,0
321,99.3999999999986,4,1996.21512440812,0,0,17.6350952565344,0,0,0
321,99.3999999999986,5,1444.46372889224,0,0,15.2657827869412,0,0,0
321,99.3999999999986,6,876.95996212642,3.5,0,6.53888174990618,0,0,0
321,99.3999999999986,7,1813.84090882756,0,0,10.8556197179814,0,0,0
321,99.3999999999986,8,895.430626375794,3.5,0,5.18269422916902,0,0,0
321,99.3999999999986,9,1848.71357779304,3.5,0,19.4172218847553,0,0,0
321,99.3999999999986,10,74.370654900363,11,0,0,0,0,0
321,99.3999999999986,11,400.507363552497,11,0,0,0,0,0
321,99.4999999999986,1,858.85697781746,3.5,0,6.53659500176193,0,0,0
321,99.4999999999986,2,1029.52719432991,0,0,12.9788840282991,0,0,0
321,99.4999999999986,3,1569.3055380925,3.5,0,10.2647872830073,0,0,0
321,99.4999999999986,4,1997.97856661767,0,0,17.6337489345113,0,0,0
321,99.4999999999986,5,1445.99046651075,0,0,15.2689695833404,0,0,0
321,99.4999999999986,6,877.613850357665,3.5,0,6.53888287498387,0,0,0
321,99.4999999999986,7,1814.91418451781,0,0,10.6098940869372,0,0,0
321,99.4999999999986,8,895.93967052083,3.5,0,4.99818867155529,0,0,0
321,99.4999999999986,9,1850.65537290466,3.5,0,19.418680347636,0,0,0
321,99.4999999999986,10,74.370654900363,11,0,0,0,0,0
321,99.4999999999986,11,400.507363552497,11,0,0,0,0,0
321,99.5999999999986,1,859.510649680456,3.5,0,6.53684225814743,0,0,0
321,99.5999999999986,2,1030.81832858939,0,0,12.8438011613104,0,0,0
321,99.5999999999986,3,1570.3445168208,3.5,0,10.5147872830073,0,0,0
321,99.5999999999986,4,1999.74188092664,0,0,17.6325372446906,0,0,0
321,99.5999999999986,5,1447.51750687492,0,0,15.2718377000996,0,0,0
321,99.5999999999986,6,878.267738695792,3.5,0,6.5388838875538,0,0,0
321,99.5999999999986,7,1815.96411627311,0,0,10.3887410189975,0,0,0
321,99.5999999999986,8,896.431186637893,3.5,0,4.83213366970294,0,0,0
321,99.5999999999986,9,1852.59730657025,3.5,0,19.4199929642286,0,0,0
321,99.5999999999986,10,74.370654900363,11,0,0,0,0,0
321,99.5999999999986,11,400.507363552497,11,0,0,0,0,0
321,99.6999999999986,1,860.164345506061,3.5,0,6.53707425396058,0,0,0
321,99.6999999999986,2,1032.09662997651,0,0,12.7222265810206,0,0,0
321,99.6999999999986,3,1571.4084955491,3.5,0,10.7647872830073,0,0,0
321,99.6999999999986,4,2001.50508012506,0,0,17.6314467238519,0,0,0
321,99.6999999999986,5,1449.04481971019,0,0,15.274419005183,0,0,0
321,99.6999999999986,6,878.921627130113,3.5,0,6.53888479886673,0,0,0
321,99.6999999999986,7,1816.99303848695,0,0,10.1897032578517,0,0,0
321,99.6999999999986,8,896.90692752978,3.5,0,4.68268416803583,0,0,0
321,99.6999999999986,9,1854.53936493442,3.5,0,19.421174319162,0,0,0
321,99.6999999999986,10,74.370654900363,11,0,0,0,0,0
321,99.6999999999986,11,400.507363552497,11,0,0,0,0,0
321,99.7999999999986,1,860.818063805853,3.5,0,6.53729174188042,0,0,0
321,99.7999999999986,2,1033.36338177849,0,0,12.6128094587598,0,0,0
321,99.7999999999986,3,1572.4974742774,3.5,0,11.0147872830073,0,0,0
321,99.7999999999986,4,2003.26817572401,0,0,17.6304652550971,0,0,0
321,99.7999999999986,5,1450.57237776943,0,0,15.276742179758,0,0,0
321,99.7999999999986,6,879.575515651009,3.38333333333334,0,6.53888561904837,0,0,0
321,99.7999999999986,7,1818.00305211348,0,0,10.0105692728205,0,0,0
321,99.7999999999986,8,897.368470719009,3.5,0,4.54817961653542,0,0,0
321,99.7999999999986,9,1856.48153552731,3.5,0,19.422237538602,0,0,0
321,99.7999999999986,10,74.370654900363,11,0,0,0,0,0
321,99.7999999999986,11,400.507363552497,11,0,0,0,0,0
321,99.8999999999986,1,861.471803165103,3.5,0,6.53749544311992,0,0,0
321,99.8999999999986,2,1034.61973895387,0,0,12.5143340487251,0,0,0
321,99.8999999999986,3,1573.6114530057,3.5,0,11.2647872830073,0,0,0
321,99.8999999999986,4,2005.03117808343,0,0,17.6295819332178,0,0,0
321,99.8999999999986,5,1452.10015653027,0,0,15.2788330368755,0,0,0
321,99.8999999999986,6,880.229404249822,3.26666666666668,0,6.53888635721184,0,0,0
321,99.8999999999986,7,1818.99604801144,0,0,9.84934868629244,0,0,0
321,99.8999999999986,8,897.817235975845,3.5,0,4.42712552018506,0,0,0
321,99.8999999999986,9,1858.42380712604,3.5,0,19.4231944360981,0,0,0
321,99.8999999999986,10,74.370654900363,11,0,0,0,0,0
321,99.8999999999986,11,400.507363552497,11,0,0,0,0,0
321,99.9999999999986,1,862.125562239685,3.5,0,6.5376860485151,0,0,0
321,99.9999999999986,2,1035.86674096529,0,0,12.4257061796938,0,0,0
321,99.9999999999986,3,1574.750431734,3.5,0,11.5147872830073,0,0,0
321,99.9999999999986,4,2006.79409652726,0,0,17.6287869435264,0,0,0
321,99.9999999999986,5,1453.62813392252,0,0,15.2807148082812,0,0,0
321,99.9999999999986,6,880.88329291876,3.15000000000002,0,6.53888702155897,0,0,0
321,99.9999999999986,7,1819.97372795367,0,0,9.70425015841718,0,0,0
321,99.9999999999986,8,898.254501093527,3.5,0,4.31817683346973,0,0,0
321,99.9999999999986,9,1860.36616963004,3.5,0,19.4240556438445,0,0,0
321,99.9999999999986,10,74.370654900363,11,0,0,0,0,0
321,99.9999999999986,11,400.507363552497,11,0,0,0,0,0
321,100.099999999999,1,862.77933975309,3.5,0,6.53786421958847,0,0,0
321,100.099999999999,2,1037.10532332915,0,0,12.3459410975657,0,0,0
321,100.099999999999,3,1575.9144104623,3.5,0,11.7647872830073,0,0,0
321,100.099999999999,4,2008.55693944708,0,0,17.6280714528042,0,0,0
321,100.099999999999,5,1455.15629008306,0,0,15.2824084025464,0,0,0
321,100.099999999999,6,881.537181650812,3.03333333333336,0,6.53888761947139,0,0,0
321,100.099999999999,7,1820.93762353576,0,0,9.57366148332944,0,0,0
321,100.099999999999,8,898.681416085972,3.5,0,4.22012301542594,0,0,0
321,100.099999999999,9,1862.30861394877,3.5,0,19.4248307308163,0,0,0
321,100.099999999999,10,74.370654900363,11,0,0,0,0,0
321,100.099999999999,11,400.507363552497,11,0,0,0,0,0
321,100.199999999999,1,863.433134493549,3.5,0,6.53803058958649,0,0,0
321,100.199999999999,2,1038.33632801021,0,0,12.2741525236504,0,0,0
321,100.199999999999,3,1577.1033891906,3.5,0,12.0147872830073,0,0,0
321,100.199999999999,4,2010.31971439528,0,0,17.6274275111542,0,0,0
321,100.199999999999,5,1456.68460713506,0,0,15.2839326373851,0,0,0
321,100.199999999999,6,882.191070439665,2.9166666666667,0,6.53888815759256,0,0,0
321,100.199999999999,7,1821.88911319371,0,0,9.45613167575048,0,0,0
321,100.199999999999,8,899.099015965703,3.5,0,4.13187457918652,0,0,0
321,100.199999999999,9,1864.25113190077,3.5,0,19.4255283090909,0,0,0
321,100.199999999999,10,74.370654900363,11,0,0,0,0,0
321,100.199999999999,11,400.507363552497,11,0,0,0,0,0
321,100.299999999999,1,864.086945311253,3.5,0,6.53818576449082,0,0,0
321,100.299999999999,2,1039.56051277675,0,0,12.2095428071266,0,0,0
321,100.299999999999,3,1578.3173679189,3.5,0,12.2647872830073,0,0,0
321,100.299999999999,4,2012.08242816902,0,0,17.6268479636692,0,0,0
321,100.299999999999,5,1458.21306898937,0,0,15.2853044487399,0,0,0
321,100.299999999999,6,882.84495927964,2.80000000000004,0,6.53888864190162,0,0,0
321,100.299999999999,7,1822.82943751995,0,0,9.35035484892942,0,0,0
321,100.299999999999,8,899.508232243991,3.5,0,4.05245098657105,0,0,0
321,100.299999999999,9,1866.1937161227,3.5,0,19.426156129538,0,0,0
321,100.299999999999,10,74.370654900363,11,0,0,0,0,0
321,100.299999999999,11,400.507363552497,11,0,0,0,0,0
321,100.399999999999,1,864.740771115678,3.5,0,6.53833032400338,0,0,0
321,100.399999999999,2,1040.77855962022,0,0,12.1513940622552,0,0,0
321,100.399999999999,3,1579.5563466472,3.5,0,12.5147872830073,0,0,0
321,100.399999999999,4,2013.84508688575,0,0,17.6263263709327,0,0,0
321,100.399999999999,5,1459.74166116575,0,0,15.2865390789592,0,0,0
321,100.399999999999,6,883.498848165624,2.68333333333338,0,6.53888907777977,0,0,0
321,100.399999999999,7,1823.75971304763,0,0,9.25515570479046,0,0,0
321,100.399999999999,8,899.90990328098,3.5,0,3.98096975321712,0,0,0
321,100.399999999999,9,1868.13635998757,3.5,0,19.4267211679405,0,0,0
321,100.399999999999,10,74.370654900363,11,0,0,0,0,0
321,100.399999999999,11,400.507363552497,11,0,0,0,0,0
321,100.499999999999,1,865.394610873003,3.5,0,6.53846482250517,0,0,0
321,100.499999999999,2,1041.99108233293,0,0,12.0990601918709,0,0,0
321,100.499999999999,3,1580.8203253755,3.5,0,12.7647872830073,0,0,0
321,100.499999999999,4,2015.60769605117,0,0,17.6258569374698,0,0,0
321,100.499999999999,5,1461.27037063201,0,0,15.2876502461566,0,0,0
321,100.499999999999,6,884.152737093016,2.56666666666672,0,6.5388894700701,0,0,0
321,100.499999999999,7,1824.68094465663,0,0,9.16947647506539,0,0,0
321,100.499999999999,8,900.304783600801,3.5,0,3.91663664319859,0,0,0
321,100.499999999999,9,1870.0790575311,3.5,0,19.4272297025027,0,0,0
321,100.499999999999,10,74.370654900363,11,0,0,0,0,0
321,100.499999999999,11,400.507363552497,11,0,0,0,0,0
321,100.599999999999,1,866.048463603628,3.5,0,6.53858978998895,0,0,0
321,100.599999999999,2,1043.19863332795,0,0,12.0519597085251,0,0,0
321,100.599999999999,3,1582.10930410381,3.5,0,13.0147872830073,0,0,0
321,100.599999999999,4,2017.37026062041,0,0,17.6254344473532,0,0,0
321,100.599999999999,5,1462.79918565915,0,0,15.2886502966342,0,0,0
321,100.599999999999,6,884.806626057676,2.45000000000006,0,6.5388898231314,0,0,0
321,100.599999999999,7,1825.5940367388,0,0,9.09236516831283,0,0,0
321,100.599999999999,8,900.69355227517,3.5,0,3.85873684418191,0,0,0
321,100.599999999999,9,1872.0218033854,3.5,0,19.4276873836086,0,0,0
321,100.599999999999,10,74.370654900363,11,0,0,0,0,0
321,100.599999999999,11,400.507363552497,11,0,0,0,0,0
321,100.699999999999,1,866.702328379776,3.5,0,6.53870573296584,0,0,0
321,100.699999999999,2,1044.40170977705,0,0,12.0095692735138,0,0,0
321,100.699999999999,3,1583.42328283211,3.5,0,13.2647872830073,0,0,0
321,100.699999999999,4,2019.13278505309,0,0,17.6250542062483,0,0,0
321,100.699999999999,5,1464.32809569108,0,0,15.2895503420641,0,0,0
321,100.699999999999,6,885.460515055877,2.3333333333334,0,6.53889014088658,0,0,0
321,100.699999999999,7,1826.49980324682,0,0,9.02296499223553,0,0,0
321,100.699999999999,8,901.076820468632,3.5,0,3.8066270250669,0,0,0
321,100.699999999999,9,1873.96459271941,3.5,0,19.428099296604,0,0,0
321,100.699999999999,10,74.370654900363,11,0,0,0,0,0
321,100.699999999999,11,400.507363552497,11,0,0,0,0,0
321,100.799999999999,1,867.356204323191,3.5,0,6.53881313534616,0,0,0
321,100.799999999999,2,1045.60075913483,0,0,11.9714178820037,0,0,0
321,100.799999999999,3,1584.76226156041,3.5,0,13.5147872830073,0,0,0
321,100.799999999999,4,2020.89527336286,0,0,17.6247119892539,0,0,0
321,100.799999999999,5,1465.85709122733,0,0,15.290360382951,0,0,0
321,100.799999999999,6,886.114404084265,2.21666666666674,0,6.53889042686623,0,0,0
321,100.799999999999,7,1827.39897673812,0,0,8.96050483376596,0,0,0
321,100.799999999999,8,901.455138229279,3.5,0,3.75972818786338,0,0,0
321,100.799999999999,9,1875.90742118516,3.5,0,19.4284700182999,0,0,0
321,100.799999999999,10,74.370654900363,11,0,0,0,0,0
321,100.799999999999,11,400.507363552497,11,0,0,0,0,0
321,100.899999999999,1,868.010090602923,3.5,0,6.5389124592946,0,0,0
321,100.899999999999,2,1046.79618411041,0,0,11.9370816296446,0,0,0
321,100.899999999999,3,1586.12624028871,3.5,0,13.7647872830073,0,0,0
321,100.899999999999,4,2022.65772916203,0,0,17.6244039939589,0,0,0
321,100.899999999999,5,1467.38616371747,0,0,15.2910894197492,0,0,0
321,100.899999999999,6,886.76829313982,2.10000000000008,0,6.53889068424792,0,0,0
321,100.899999999999,7,1828.29221651437,0,0,8.90429069114335,0,0,0
321,100.899999999999,8,901.829000600391,3.5,0,3.71751923438022,0,0,0
321,100.899999999999,9,1877.85028486946,3.5,0,19.4288036678261,0,0,0
321,100.899999999999,10,74.370654900363,11,0,0,0,0,0
321,100.899999999999,11,400.507363552497,11,0,0,0,0,0
321,100.999999999999,1,868.663986433191,3.5,0,6.53900414606012,0,0,0
321,100.999999999999,2,1047.98834714202,0,0,11.9061790025214,0,0,0
321,100.999999999999,3,1587.51521901701,3.5,0,14.0147872830073,0,0,0
321,100.999999999999,4,2024.42015570163,0,0,17.6241267981934,0,0,0
321,100.999999999999,5,1468.9153054661,0,0,15.2917455528676,0,0,0
321,100.999999999999,6,887.422182219827,1.98333333333342,0,6.53889091589144,0,0,0
321,100.999999999999,7,1829.18011594706,0,0,8.853697962783,0,0,0
321,100.999999999999,8,902.198853120922,3.5,0,3.67953117624538,0,0,0
321,100.999999999999,9,1879.79318025048,3.5,0,19.4291039523997,0,0,0
321,100.999999999999,10,74.370654900363,11,0,0,0,0,0
321,100.999999999999,11,400.507363552497,11,0,0,0,0,0
321,101.099999999999,1,869.317891071333,3.5,0,6.53908861678088,0,0,0
321,101.099999999999,2,1049.17757442405,0,0,11.8783666381105,0,0,0
321,101.099999999999,3,1588.92812168121,3.5,0,14.2432660010098,0,0,0
321,101.099999999999,4,2026.18255590764,0,0,17.6238773220045,0,0,0
321,101.099999999999,5,1470.44450954738,0,0,15.2923360726741,0,0,0
321,101.099999999999,6,888.07607132184,1.86666666666676,0,6.53889112437061,0,0,0
321,101.099999999999,7,1830.06320907057,0,0,8.80816450725868,0,0,0
321,101.099999999999,8,902.565096775931,3.5,0,3.64534192392402,0,0,0
321,101.099999999999,9,1881.73610415852,3.5,0,19.429374208516,0,0,0
321,101.099999999999,10,74.370654900363,11,0,0,0,0,0
321,101.099999999999,11,400.507363552497,11,0,0,0,0,0
321,101.199999999999,1,869.971803815835,3.5,0,6.5391662732644,0,0,0
321,101.199999999999,2,1050.36415953146,0,0,11.8533355101407,0,0,0
321,101.199999999999,3,1590.36272982362,3.5,0,14.448896847212,0,0,0
321,101.199999999999,4,2027.94493241342,0,0,17.6236527934344,0,0,0
321,101.199999999999,5,1471.97376972803,0,0,15.2928675405,0,0,0
321,101.199999999999,6,888.729960443659,1.7500000000001,0,6.53889131200186,0,0,0
321,101.199999999999,7,1830.94197651579,0,0,8.76718439728679,0,0,0
321,101.199999999999,8,902.928092451969,3.5,0,3.6145715968348,0,0,0
321,101.199999999999,9,1883.6790537409,3.5,0,19.4296174390206,0,0,0
321,101.199999999999,10,74.370654900363,11,0,0,0,0,0
321,101.199999999999,11,400.507363552497,11,0,0,0,0,0
321,101.299999999999,1,870.625724004436,3.5,0,6.53923749874365,0,0,0
321,101.299999999999,2,1051.54836668172,0,0,11.8308074949679,0,0,0
321,101.299999999999,3,1591.81687289642,3.5,0,14.633964608794,0,0,0
321,101.299999999999,4,2029.70728758897,0,0,17.6234507177214,0,0,0
321,101.299999999999,5,1473.50308039814,0,0,15.2933458615433,0,0,0
321,101.299999999999,6,889.383849583303,1.63333333333344,0,6.53889148086999,0,0,0
321,101.299999999999,7,1831.81685085057,0,0,8.7303022983121,0,0,0
321,101.299999999999,8,903.288164946933,3.5,0,3.5868783024545,0,0,0
321,101.299999999999,9,1885.62202643017,3.5,0,19.4298363464748,0,0,0
321,101.299999999999,10,74.370654900363,11,0,0,0,0,0
321,101.299999999999,11,400.507363552497,11,0,0,0,0,0
321,101.399999999999,1,871.279651012303,3.5,0,6.53930265860907,0,0,0
321,101.399999999999,2,1052.73043367053,0,0,11.8105322813123,0,0,0
321,101.399999999999,3,1593.28859740657,3.5,0,14.8005255942179,0,0,0
321,101.399999999999,4,2031.46962356734,0,0,17.6232688495796,0,0,0
321,101.399999999999,5,1475.03243650874,0,0,15.2937763504823,0,0,0
321,101.399999999999,6,890.037738738989,1.51666666666678,0,6.5388916328513,0,0,0
321,101.399999999999,7,1832.68822138595,0,0,8.69710840923487,0,0,0
321,101.399999999999,8,903.645606578932,3.5,0,3.56195433751222,0,0,0
321,101.399999999999,9,1887.56501991566,3.5,0,19.4300333631836,0,0,0
321,101.399999999999,10,74.370654900363,11,0,0,0,0,0
321,101.399999999999,11,400.507363552497,11,0,0,0,0,0
321,101.499999999999,1,871.93358425029,3.5,0,6.53936210111738,0,0,0
321,101.499999999999,2,1053.91057451405,0,0,11.7922845890223,0,0,0
321,101.499999999999,3,1594.77614521034,3.5,0,14.9504304810993,0,0,0
321,101.499999999999,4,2033.23194226823,0,0,17.6231051682521,0,0,0
321,101.499999999999,5,1476.56183351579,0,0,15.2941637905274,0,0,0
321,101.499999999999,6,890.691627909113,1.40000000000012,0,6.53889176963448,0,0,0
321,101.499999999999,7,1833.55643850187,0,0,8.66723390906536,0,0,0
321,101.499999999999,8,904.00068043426,3.5,0,3.53952276906418,0,0,0
321,101.499999999999,9,1889.50803211773,3.5,0,19.4302106782214,0,0,0
321,101.499999999999,10,74.370654900363,11,0,0,0,0,0
321,101.499999999999,11,400.507363552497,11,0,0,0,0,0
321,101.599999999999,1,872.58752316325,3.5,0,6.53941615807719,0,0,0
321,101.599999999999,2,1055.0889818268,0,0,11.7758616659614,0,0,0
321,101.599999999999,3,1596.27793397836,3.5,0,15.0853448792926,0,0,0
321,101.599999999999,4,2034.99424541939,0,0,17.6229578550573,0,0,0
321,101.599999999999,5,1478.09126732964,0,0,15.2945124865679,0,0,0
321,101.599999999999,6,891.345517092232,1.28333333333346,0,6.53889189273935,0,0,0
321,101.599999999999,7,1834.42181754027,0,0,8.64034685891281,0,0,0
321,101.599999999999,8,904.353623290587,3.5,0,3.51933435746094,0,0,0
321,101.599999999999,9,1891.45106116472,3.5,0,19.4303702617555,0,0,0
321,101.599999999999,10,74.370654900363,11,0,0,0,0,0
321,101.599999999999,11,400.507363552497,11,0,0,0,0,0
321,101.699999999998,1,873.241467228429,3.5,0,6.53946514551227,0,0,0
321,101.699999999998,2,1056.26582896185,0,0,11.7610810352065,0,0,0
321,101.699999999998,3,1597.7925396142,3.5,0,15.2067678376665,0,0,0
321,101.699999999998,4,2036.75653457581,0,0,17.6228252731819,0,0,0
321,101.699999999998,5,1479.62073426962,0,0,15.2948263130044,0,0,0
321,101.699999999998,6,892.002745469791,1.1666666666668,0,6.60567565844353,0,0,0
321,101.699999999998,7,1835.2846423089,0,0,8.61614851377551,0,0,0
321,101.699999999998,8,904.704648247811,3.5,0,3.50116478701803,0,0,0
321,101.699999999998,9,1893.39410537216,3.5,0,19.4305138869362,0,0,0
321,101.699999999998,10,74.370654900363,11,0,0,0,0,0
321,101.699999999998,11,400.507363552497,11,0,0,0,0,0
321,101.799999999998,1,873.895540785896,3.5,0,6.54200600382758,0,0,0
321,101.799999999998,2,1057.44127193699,0,0,11.7477784675271,0,0,0
321,101.799999999998,3,1599.3186804311,3.5,0,15.3160485002031,0,0,0
321,101.799999999998,4,2038.51881113694,0,0,17.6227059494941,0,0,0
321,101.799999999998,5,1481.15023102311,0,0,15.2951087567973,0,0,0
321,101.799999999998,6,892.666318305092,1.05000000000014,0,6.66578104757729,0,0,0
321,101.799999999998,7,1836.14516823475,0,0,8.59437000315194,0,0,0
321,101.799999999998,8,905.053947095842,3.5,0,3.4848121736194,0,0,0
321,101.799999999998,9,1895.33716322399,3.5,0,19.4306431495988,0,0,0
321,101.799999999998,10,74.370654900363,11,0,0,0,0,0
321,101.799999999998,11,400.507363552497,11,0,0,0,0,0
321,101.899999999998,1,874.549975626854,3.5,0,6.54669081533265,0,0,0
321,101.899999999998,2,1058.6154511682,0,0,11.7358061566156,0,0,0
321,101.899999999998,3,1600.85520291093,3.5,0,15.414401096486,0,0,0
321,101.899999999998,4,2040.28107636232,0,0,17.6225985581751,0,0,0
321,101.899999999998,5,1482.67975460876,0,0,15.2953629562109,0,0,0
321,101.899999999998,6,893.335601152361,0.933333333333479,0,6.71987589779768,0,0,0
321,101.899999999998,7,1837.00362520208,0,0,8.57476934359073,0,0,0
321,101.899999999998,8,905.401692445601,3.5,0,3.47009482156064,0,0,0
321,101.899999999998,9,1897.28023335577,3.5,0,19.4307594859952,0,0,0
321,101.899999999998,10,74.370654900363,11,0,0,0,0,0
321,101.899999999998,11,400.507363552497,11,0,0,0,0,0
321,101.999999999998,1,875.204970888343,3.5,0,6.55321441445029,0,0,0
321,101.999999999998,2,1059.78849302987,0,0,11.7250310767953,0,0,0
321,101.999999999998,3,1602.40106888741,3.5,0,15.5029184331406,0,0,0
321,101.999999999998,4,2042.04333138553,0,0,17.622501905988,0,0,0
321,101.999999999998,5,1484.20930234336,0,0,15.2955917356831,0,0,0
321,101.999999999998,6,894.0100230104,0.816666666666819,0,6.76856126299603,0,0,0
321,101.999999999998,7,1837.86022010676,0,0,8.55712874998564,0,0,0
321,101.999999999998,8,905.748039646915,3.5,0,3.45684920470775,0,0,0
321,101.999999999998,9,1899.2233145395,3.5,0,19.4308641887519,0,0,0
321,101.999999999998,10,74.370654900363,11,0,0,0,0,0
321,101.999999999998,11,400.507363552497,11,0,0,0,0,0
321,102.099999999998,1,875.860697037851,3.5,0,6.56130857570333,0,0,0
321,102.099999999998,2,1060.96051125896,0,0,11.715333504957,0,0,0
321,102.099999999998,3,1603.95534401088,3.5,0,15.5825840361298,0,0,0
321,102.099999999998,4,2043.80557722678,0,0,17.6224149190196,0,0,0
321,102.099999999998,5,1485.738871812,0,0,15.2957976372081,0,0,0
321,102.099999999998,6,894.689069978134,0.700000000000159,0,6.81237809167454,0,0,0
321,102.099999999998,7,1838.71513915505,0,0,8.54125221574106,0,0,0
321,102.099999999998,8,906.093128514627,3.5,0,3.44492814954016,0,0,0
321,102.099999999998,9,1901.16640567,3.5,0,19.430958421233,0,0,0
321,102.099999999998,10,74.370654900363,11,0,0,0,0,0
321,102.099999999998,11,400.507363552497,11,0,0,0,0,0
321,102.199999999998,1,876.517299323464,3.5,0,6.57073713655845,0,0,0
321,102.199999999998,2,1062.13160821872,0,0,11.7066056903026,0,0,0
321,102.199999999998,3,1605.51718736663,3.5,0,15.65428307882,0,0,0
321,102.199999999998,4,2045.56781480427,0,0,17.6223366307481,0,0,0
321,102.199999999998,5,1487.26846084129,0,0,15.2959829485806,0,0,0
321,102.199999999998,6,895.372279544592,0.583333333333499,0,6.8518132374852,0,0,0
321,102.199999999998,7,1839.56854993258,0,0,8.52696333492093,0,0,0
321,102.199999999998,8,906.437084882099,3.5,0,3.43419919988932,0,0,0
321,102.199999999998,9,1903.10950575259,3.5,0,19.4310432304659,0,0,0
321,102.199999999998,10,74.370654900363,11,0,0,0,0,0
321,102.199999999998,11,400.507363552497,11,0,0,0,0,0
321,102.299999999998,1,877.174900774255,3.5,0,6.58129187926626,0,0,0
321,102.299999999998,2,1063.30187603609,0,0,11.6987506571136,0,0,0
321,102.299999999998,3,1607.08584213143,3.5,0,15.7188122172412,0,0,0
321,102.299999999998,4,2047.33004494437,0,0,17.6222661713037,0,0,0
321,102.299999999998,5,1488.79806747516,0,0,15.2961497288158,0,0,0
321,102.299999999998,6,896.059235449902,0.466666666666839,0,6.88730486871479,0,0,0
321,102.299999999998,7,1840.42060326644,0,0,8.51410334218282,0,0,0
321,102.299999999998,8,906.780021999353,3.5,0,3.42454314520357,0,0,0
321,102.299999999998,9,1905.05261389205,3.5,0,19.4311195587755,0,0,0
321,102.299999999998,10,74.370654900363,11,0,0,0,0,0
321,102.299999999998,11,400.507363552497,11,0,0,0,0,0
321,102.399999999998,1,877.833604819886,3.5,0,6.59278903335366,0,0,0
321,102.399999999998,2,1064.47139762531,0,0,11.6916811272435,0,0,0
321,102.399999999998,3,1608.66062716438,3.5,0,15.7768884418203,0,0,0
321,102.399999999998,4,2049.09226839083,0,0,17.6222027578037,0,0,0
321,102.399999999998,5,1490.32768995315,0,0,15.2962998310275,0,0,0
321,102.399999999998,6,896.749563060179,0.350000000000179,0,6.91924733682143,0,0,0
321,102.399999999998,7,1841.27143490098,0,0,8.50252934871852,0,0,0
321,102.399999999998,8,907.122041791413,3.5,0,3.41585269598639,0,0,0
321,102.399999999998,9,1906.9957292827,3.5,0,19.4311882542542,0,0,0
321,102.399999999998,10,74.370654900363,11,0,0,0,0,0
321,102.399999999998,11,400.507363552497,11,0,0,0,0,0
321,102.499999999998,1,878.493497586006,3.5,0,6.60506628904983,0,0,0
321,102.499999999998,2,1065.64024760919,0,0,11.6853185503604,0,0,0
321,102.499999999998,3,1610.24092943867,3.5,0,15.8291570439415,0,0,0
321,102.499999999998,4,2050.854485813,0,0,17.6221456856537,0,0,0
321,102.499999999998,5,1491.85523845116,0,0,15.254670129162,0,0,0
321,102.499999999998,6,897.442925204926,0.233333333333519,0,6.9479955581174,0,0,0
321,102.499999999998,7,1842.12116700615,0,0,8.49211275460065,0,0,0
321,102.499999999998,8,907.463235990797,3.5,0,3.40803129169093,0,0,0
321,102.499999999998,9,1908.93885119942,3.5,0,19.431250080185,0,0,0
321,102.499999999998,10,74.370654900363,11,0,0,0,0,0
321,102.499999999998,11,400.507363552497,11,0,0,0,0,0
321,102.599999999998,1,879.154649912158,3.5,0,6.61798023397325,0,0,0
321,102.599999999998,2,1066.80849314826,0,0,11.6795922311656,0,0,0
321,102.599999999998,3,1611.82619723016,3.5,0,15.8761987858506,0,0,0
321,102.599999999998,4,2052.61669781332,0,0,17.6220943207188,0,0,0
321,102.599999999998,5,1493.3788321275,0,0,15.2172033974831,0,0,0
321,102.599999999998,6,898.139018430696,0.116666666666859,0,6.97386895728378,0,0,0
321,102.599999999998,7,1842.96990953487,0,0,8.48273781989457,0,0,0
321,102.599999999998,8,907.803687156773,3.5,0,3.40099202782501,0,0,0
321,102.599999999998,9,1910.88197898961,3.5,0,19.4313057235228,0,0,0
321,102.599999999998,10,74.370654900363,11,0,0,0,0,0
321,102.599999999998,11,400.507363552497,11,0,0,0,0,0
321,102.699999999998,1,879.817119130983,3.5,0,6.63140414253321,0,0,0
321,102.699999999998,2,1067.97619468702,0,0,11.6744385438903,0,0,0
321,102.699999999998,3,1613.41593398713,3.5,0,15.9185363535688,0,0,0
321,102.699999999998,4,2054.37890493397,0,0,17.6220480922773,0,0,0
321,102.699999999998,5,1494.89886646432,0,0,15.183483338972,0,0,0
321,102.699999999998,6,898.837569629387,1.98951966012828e-13,0,6.99715501653352,0,0,0
321,102.699999999998,7,1843.8177614448,0,0,8.47430037865909,0,0,0
321,102.699999999998,8,908.143469592681,3.5,0,3.39465669034569,0,0,0
321,102.699999999998,9,1912.82511206591,3.5,0,19.4313558025267,0,0,0
321,102.699999999998,10,74.370654900363,11,0,0,0,0,0
321,102.699999999998,11,400.507363552497,11,0,0,0,0,0
321,102.799999999998,1,880.480950641155,3.5,0,6.64522606091126,0,0,0
321,102.799999999998,2,1069.14340662548,0,0,11.6698002253425,0,0,0
321,102.799999999998,3,1615.00969281303,3.5,0,15.9566401645151,0,0,0
321,102.799999999998,4,2056.14110766292,0,0,17.62200648668,0,0,0
321,102.799999999998,5,1496.41569739558,0,0,15.1531352863121,0,0,0
321,102.799999999998,6,899.538333003706,0,0,7.01811246985828,0,0,0
321,102.799999999998,7,1844.66481179781,0,0,8.46670668154717,0,0,0
321,102.799999999998,8,908.482650171529,3.5,0,3.3889548866143,0,0,0
321,102.799999999998,9,1914.76824989972,3.5,0,19.4314008736303,0,0,0
321,102.799999999998,10,74.370654900363,11,0,0,0,0,0
321,102.799999999998,11,400.507363552497,11,0,0,0,0,0
321,102.899999999998,1,881.146566430946,3.5,0,6.66708973490769,0,0,0
321,102.899999999998,2,1070.31017792368,0,0,11.6656257386495,0,0,0
321,102.899999999998,3,1616.60707150098,3.5,0,15.9909335943668,0,0,0
321,102.899999999998,4,2057.90330643933,0,0,17.6219690416424,0,0,0
321,102.899999999998,5,1497.92964526184,0,0,15.1258220389182,0,0,0
321,102.899999999998,6,900.241087336092,0,0,7.03697417785057,0,0,0
321,102.899999999998,7,1845.5111407496,0,0,8.45987235414643,0,0,0
321,102.899999999998,8,908.821289079023,3.5,0,3.38382326325605,0,0,0
321,102.899999999998,9,1916.71139201528,3.5,0,19.4314414376235,0,0,0
321,102.899999999998,10,74.370654900363,11,0,0,0,0,0
321,102.899999999998,11,400.507363552497,11,0,0,0,0,0
321,102.999999999998,1,881.814149916716,3.5,0,6.68457998048179,0,0,0
321,102.999999999998,2,1071.47655264564,0,0,11.6618687006258,0,0,0
321,102.999999999998,3,1618.20770806476,3.5,0,16.0217976812333,0,0,0
321,102.999999999998,4,2059.66550165847,0,0,17.6219353411085,0,0,0
321,102.999999999998,5,1499.4409983696,0,0,15.1012401162636,0,0,0
321,102.999999999998,6,900.945633530736,0,0,7.05394971504363,0,0,0
321,102.999999999998,7,1846.35682044028,0,0,8.45372145948577,0,0,0
321,102.999999999998,8,909.159440482297,3.5,0,3.37920480223362,0,0,0
321,102.999999999998,9,1918.65453798442,3.5,0,19.4314779452174,0,0,0
321,102.999999999998,10,74.370654900363,11,0,0,0,0,0
321,102.999999999998,11,400.507363552497,11,0,0,0,0,0
321,103.099999999998,1,882.483266401288,3.5,0,6.69774971095926,0,0,0
321,103.099999999998,2,1072.64257044899,0,0,11.6584873664045,0,0,0
321,103.099999999998,3,1619.81127671679,3.5,0,16.0495753594132,0,0,0
321,103.099999999998,4,2061.42769367606,0,0,17.6219050106281,0,0,0
321,103.099999999998,5,1500.95001619471,0,0,15.0791163858745,0,0,0
321,103.099999999998,6,901.651792401414,0,0,7.06922769851738,0,0,0
321,103.099999999998,7,1847.20191579597,0,0,8.44818565429118,0,0,0
321,103.099999999998,8,909.497153131775,3.5,0,3.37504818731344,0,0,0
321,103.099999999998,9,1920.59768742179,3.5,0,19.4315108020519,0,0,0
321,103.099999999998,10,74.370654900363,11,0,0,0,0,0
321,103.099999999998,11,400.507363552497,11,0,0,0,0,0
321,103.199999999998,1,883.153486993548,3.5,0,6.70666213425192,0,0,0
321,103.199999999998,2,1073.80826702559,0,0,11.6554441656053,0,0,0
321,103.199999999998,3,1621.41748424825,3.5,0,16.0745752697751,0,0,0
321,103.199999999998,4,2063.18988281225,0,0,17.6218777131957,0,0,0
321,103.199999999998,5,1502.45693226543,0,0,15.0592050285243,0,0,0
321,103.199999999998,6,902.359402680522,0,0,7.08297788364376,0,0,0
321,103.199999999998,7,1848.04648525016,0,0,8.44320342961604,0,0,0
321,103.199999999998,8,909.834470902834,3.5,0,3.37130723388527,0,0,0
321,103.199999999998,9,1922.54083998055,3.5,0,19.4315403732029,0,0,0
321,103.199999999998,10,74.370654900363,11,0,0,0,0,0
321,103.199999999998,11,400.507363552497,11,0,0,0,0,0
