ScenarioID,Time,ActorID,X,Y,Z,Vx,Vy,Vz,Yaw
436,0.1,1,2.44992481203008,3.58931909853629e-75,0,12.3984962406015,3.5558639884201e-74,0,1.64323152667378e-73
436,0.1,2,572,-139.4,0,3.67394039744206e-16,6,0,90
436,0.1,3,1182,-139.3,0,4.28626379701574e-16,7,0,90
436,0.1,4,1182,-164.000327586207,0,6.11922222173956e-16,9.99344827586207,0,90
436,0.1,5,31.4986666666667,0,0,14.9733333333333,0,0,0
436,0.1,6,1772.86693846061,0,0,0.3,0,0,0
436,0.2,1,3.6996992481203,7.04526330232107e-75,0,12.596992481203,3.32124447569377e-74,0,1.5106247897849e-73
436,0.2,2,572,-138.8,0,3.67394039744206e-16,6,0,90
436,0.2,3,1182,-138.6,0,4.28626379701574e-16,7,0,90
436,0.2,4,1182,-163.001310344828,0,6.11521044774235e-16,9.98689655172414,0,90
436,0.2,5,32.9946666666667,0,0,14.9466666666667,0,0,0
436,0.2,6,1772.89693846061,0,0,0.3,0,0,0
436,0.3,1,4.96932330827068,1.015907920455e-74,0,12.7954887218045,2.86841364960972e-74,0,1.28442140502451e-73
436,0.3,2,572,-138.2,0,3.67394039744206e-16,6,0,90
436,0.3,3,1182,-137.9,0,4.28626379701574e-16,7,0,90
436,0.3,4,1182,-162.002948275862,0,6.11119867374514e-16,9.98034482758621,0,90
436,0.3,5,34.488,0,0,14.92,0,0,0
436,0.3,6,1772.92693846061,0,0,0.3,0,0,0
436,0.4,1,6.2587969924812,1.27028498129498e-74,0,12.993984962406,2.17783529009183e-74,0,9.60296406051916e-74
436,0.4,2,572,-137.6,0,3.67394039744206e-16,6,0,90
436,0.4,3,1182,-137.2,0,4.28626379701574e-16,7,0,90
436,0.4,4,1182,-161.00524137931,0,6.10718689974794e-16,9.97379310344828,0,90
436,0.4,5,35.9786666666667,0,0,14.8933333333333,0,0,0
436,0.4,6,1772.95693846061,0,0,0.3,0,0,0
436,0.5,1,7.56812030075188,1.44287453763081e-74,0,13.1924812030075,1.22921814720989e-74,0,5.3385720890746e-74
436,0.5,2,572,-137,0,3.67394039744206e-16,6,0,90
436,0.5,3,1182,-136.5,0,4.28626379701574e-16,7,0,90
436,0.5,4,1182,-160.008189655172,0,6.10317512575073e-16,9.96724137931034,0,90
436,0.5,5,37.4666666666667,0,0,14.8666666666667,0,0,0
436,0.5,6,1772.98693846061,0,0,0.3,0,0,0
436,0.6,1,8.8972932330827,1.50682624982352e-74,0,13.390977443609,1.50422841181266e-77,0,6.4361201251717e-77
436,0.6,2,572,-136.4,0,3.67394039744206e-16,6,0,90
436,0.6,3,1182,-135.8,0,4.28626379701574e-16,7,0,90
436,0.6,4,1182,-159.011793103448,0,6.09916335175353e-16,9.96068965517241,0,90
436,0.6,5,38.952,0,0,14.84,0,0,0
436,0.6,6,1773.01693846061,0,0,0.3,0,0,0
436,0.7,1,10.2463157894737,1.43314515381587e-74,0,13.5894736842105,-1.52714291424406e-74,0,-6.43872203830512e-74
436,0.7,2,572,-135.8,0,3.67394039744206e-16,6,0,90
436,0.7,3,1182,-135.1,0,4.28626379701574e-16,7,0,90
436,0.7,4,1182,-158.016051724138,0,6.09515157775632e-16,9.95413793103448,0,90
436,0.7,5,40.4346666666667,0,0,14.8133333333333,0,0,0
436,0.7,6,1773.04693846061,0,0,0.3,0,0,0
436,0.8,1,11.6151879699248,1.19061322995496e-74,0,13.787969924812,-3.37934989685675e-74,0,-1.4042856754382e-73
436,0.8,2,572,-135.2,0,3.67394039744206e-16,6,0,90
436,0.8,3,1182,-134.4,0,4.28626379701574e-16,7,0,90
436,0.8,4,1182,-157.020965517241,0,6.09113980375911e-16,9.94758620689655,0,90
436,0.8,5,41.9146666666667,0,0,14.7866666666667,0,0,0
436,0.8,6,1773.07693846061,0,0,0.3,0,0,0
436,0.9,1,13.0039097744361,7.45709800538145e-75,0,13.9864661654135,-5.57854521645036e-74,0,-2.28525985724608e-73
436,0.9,2,572,-134.6,0,3.67394039744206e-16,6,0,90
436,0.9,3,1182,-133.7,0,4.28626379701574e-16,7,0,90
436,0.9,4,1182,-156.026534482759,0,6.0871280297619e-16,9.94103448275862,0,90
436,0.9,5,43.392,0,0,14.76,0,0,0
436,0.9,6,1773.10693846061,0,0,0.3,0,0,0
436,1,1,14.4124812030075,6.25307560821351e-76,0,14.184962406015,-8.14897096374182e-74,0,-3.29152542130866e-73
436,1,2,572,-134,0,3.67394039744206e-16,6,0,90
436,1,3,1182,-133,0,4.28626379701574e-16,7,0,90
436,1,4,1182,-155.03275862069,0,6.0831162557647e-16,9.93448275862069,0,90
436,1,5,44.8666666666667,0,0,14.7333333333333,0,0,0
436,1,6,1773.13693846061,0,0,0.3,0,0,0
436,1.1,1,15.8330145618432,-8.7052525328405e-75,0,14.2127741251306,-1.02959709478852e-73,0,-4.15060195926186e-73
436,1.1,2,572,-133.4,0,3.67394039744206e-16,6,0,90
436,1.1,3,1182,-132.3,0,4.28626379701574e-16,7,0,90
436,1.1,4,1182,-154.039637931034,0,6.07910448176749e-16,9.92793103448276,0,90
436,1.1,5,46.3386666666667,0,0,14.7066666666667,0,0,0
436,1.1,6,1773.16693846061,0,0,0.3,0,0,0
436,1.2,1,17.2549830335846,-1.95389453646062e-74,0,14.2265953096981,-1.11570399498492e-73,0,-4.49335408134818e-73
436,1.2,2,572,-132.8,0,3.67394039744206e-16,6,0,90
436,1.2,3,1182,-131.6,0,4.28626379701574e-16,7,0,90
436,1.2,4,1182,-153.047172413793,0,6.07509270777028e-16,9.92137931034483,0,90
436,1.2,5,47.808,0,0,14.68,0,0,0
436,1.2,6,1773.19693846061,0,0,0.3,0,0,0
436,1.3,1,18.6783336237828,-3.05893297764644e-74,0,14.2404164942656,-1.07281003745395e-73,0,-4.31641078687096e-73
436,1.3,2,572,-132.2,0,3.67394039744206e-16,6,0,90
436,1.3,3,1182,-130.9,0,4.28626379701574e-16,7,0,90
436,1.3,4,1182,-152.055362068966,0,6.07108093377308e-16,9.9148275862069,0,90
436,1.3,5,49.2746666666667,0,0,14.6533333333333,0,0,0
436,1.3,6,1773.22693846061,0,0,0.3,0,0,0
436,1.4,1,20.1030663324377,-4.05626329444103e-74,0,14.2542376788331,-9.00162068176284e-74,0,-3.61825644740411e-73
436,1.4,2,572,-131.6,0,3.67394039744206e-16,6,0,90
436,1.4,3,1182,-130.2,0,4.28626379701574e-16,7,0,90
436,1.4,4,1182,-151.064206896552,0,6.06706915977587e-16,9.90827586206897,0,90
436,1.4,5,50.7386666666667,0,0,14.6266666666667,0,0,0
436,1.4,6,1773.25693846061,0,0,0.3,0,0,0
436,1.5,1,21.5291811595494,-4.81575413610938e-74,0,14.2680588634006,-5.97005104206347e-74,0,-2.3973739627984e-73
436,1.5,2,572,-131,0,3.67394039744206e-16,6,0,90
436,1.5,3,1182,-129.5,0,4.28626379701574e-16,7,0,90
436,1.5,4,1182,-150.073706896552,0,6.06305738577866e-16,9.90172413793104,0,90
436,1.5,5,52.2,0,0,14.6,0,0,0
436,1.5,6,1773.28693846061,0,0,0.3,0,0,0
436,1.6,1,22.9566781051178,-5.2065182537682e-74,0,14.2818800479682,-1.62582331897274e-74,0,-6.52244761181443e-74
436,1.6,2,572,-130.4,0,3.67394039744206e-16,6,0,90
436,1.6,3,1182,-128.8,0,4.28626379701574e-16,7,0,90
436,1.6,4,1182,-149.083862068966,0,6.05904561178146e-16,9.8951724137931,0,90
436,1.6,5,53.6586666666667,0,0,14.5733333333333,0,0,0
436,1.6,6,1773.31693846061,0,0,0.3,0,0,0
436,1.7,1,24.385557169143,-5.09691066879704e-74,0,14.2957012325357,4.03864894874192e-74,0,1.61865120104231e-73
436,1.7,2,572,-129.8,0,3.67394039744206e-16,6,0,90
436,1.7,3,1182,-128.1,0,4.28626379701574e-16,7,0,90
436,1.7,4,1182,-148.094672413793,0,6.05503383778425e-16,9.88862068965517,0,90
436,1.7,5,55.1146666666667,0,0,14.5466666666667,0,0,0
436,1.7,6,1773.34693846061,0,0,0.3,0,0,0
436,1.8,1,25.815818351625,-4.3545268394744e-74,0,14.3095224171032,1.10309705648277e-73,0,4.41683543919154e-73
436,1.8,2,572,-129.2,0,3.67394039744206e-16,6,0,90
436,1.8,3,1182,-127.4,0,4.28626379701574e-16,7,0,90
436,1.8,4,1182,-147.106137931034,0,6.05102206378704e-16,9.88206896551724,0,90
436,1.8,5,56.568,0,0,14.52,0,0,0
436,1.8,6,1773.37693846061,0,0,0.3,0,0,0
436,1.9,1,27.2474616525637,-2.84620082583871e-74,0,14.3233436016707,1.93587646932976e-73,0,7.74383094030812e-73
436,1.9,2,572,-128.6,0,3.67394039744206e-16,6,0,90
436,1.9,3,1182,-126.7,0,4.28626379701574e-16,7,0,90
436,1.9,4,1182,-146.11825862069,0,6.04701028978984e-16,9.87551724137931,0,90
436,1.9,5,58.0186666666667,0,0,14.4933333333333,0,0,0
436,1.9,6,1773.40693846061,0,0,0.3,0,0,0
436,2,1,28.6804870719591,-4.38003452774191e-75,0,14.3371647862382,2.90296728761805e-73,0,1.16011621631571e-72
436,2,2,572,-128,0,3.67394039744206e-16,6,0,90
436,2,3,1182,-126,0,4.28626379701574e-16,7,0,90
436,2,4,1182,-145.131034482759,0,6.04299851579263e-16,9.86896551724138,0,90
436,2,5,59.4666666666667,0,0,14.4666666666667,0,0,0
436,2,6,1773.43693846061,0,0,0.3,0,0,0
436,2.1,1,30.1139933799174,2.93667116435916e-74,0,14.3298549913187,3.76795891290499e-73,0,1.50656195208498e-72
436,2.1,2,572,-127.4,0,3.67394039744206e-16,6,0,90
436,2.1,3,1182,-125.3,0,4.28626379701574e-16,7,0,90
436,2.1,4,1182,-144.144465517241,0,6.03898674179542e-16,9.86241379310345,0,90
436,2.1,5,60.912,0,0,14.44,0,0,0
436,2.1,6,1773.46693846061,0,0,0.3,0,0,0
436,2.2,1,31.5464313023394,6.93058107874171e-74,0,14.3189034571213,4.13624496869206e-73,0,1.65508050562638e-72
436,2.2,2,572,-126.8,0,3.67394039744206e-16,6,0,90
436,2.2,3,1182,-124.6,0,4.28626379701574e-16,7,0,90
436,2.2,4,1182,-143.158551724138,0,6.03497496779822e-16,9.85586206896552,0,90
436,2.2,5,62.3546666666667,0,0,14.4133333333333,0,0,0
436,2.2,6,1773.49693846061,0,0,0.3,0,0,0
436,2.3,1,32.9777740713417,1.1042312010772e-73,0,14.307951922924,4.00398360524489e-73,0,1.60338365026617e-72
436,2.3,2,572,-126.2,0,3.67394039744206e-16,6,0,90
436,2.3,3,1182,-123.9,0,4.28626379701574e-16,7,0,90
436,2.3,4,1182,-142.173293103448,0,6.03096319380101e-16,9.84931034482759,0,90
436,2.3,5,63.7946666666667,0,0,14.3866666666667,0,0,0
436,2.3,6,1773.52693846061,0,0,0.3,0,0,0
436,2.4,1,34.4080216869242,1.47724637809152e-73,0,14.2970003887266,3.37346857064029e-73,0,1.35193051802759e-72
436,2.4,2,572,-125.6,0,3.67394039744206e-16,6,0,90
436,2.4,3,1182,-123.2,0,4.28626379701574e-16,7,0,90
436,2.4,4,1182,-141.188689655172,0,6.0269514198038e-16,9.84275862068965,0,90
436,2.4,5,65.232,0,0,14.36,0,0,0
436,2.4,6,1773.55693846061,0,0,0.3,0,0,0
436,2.5,1,35.837174149087,1.76239277643067e-73,0,14.2860488545293,2.24698922670141e-73,0,9.01179889641346e-73
436,2.5,2,572,-125,0,3.67394039744206e-16,6,0,90
436,2.5,3,1182,-122.5,0,4.28626379701574e-16,7,0,90
436,2.5,4,1182,-140.20474137931,0,6.0229396458066e-16,9.83620689655172,0,90
436,2.5,5,66.6666666666667,0,0,14.3333333333333,0,0,0
436,2.5,6,1773.58693846061,0,0,0.3,0,0,0
436,2.6,1,37.2652314578301,1.9101882506177e-73,0,14.2750973203319,6.26830552355062e-74,0,2.51590194545618e-73
436,2.6,2,572,-124.4,0,3.67394039744206e-16,6,0,90
436,2.6,3,1182,-121.8,0,4.28626379701574e-16,7,0,90
436,2.6,4,1182,-139.221448275862,0,6.01892787180939e-16,9.82965517241379,0,90
436,2.6,5,68.0986666666667,0,0,14.3066666666667,0,0,0
436,2.6,6,1773.61693846061,0,0,0.3,0,0,0
436,2.7,1,38.6921936131534,1.87137893406344e-73,0,14.2641457861345,-1.48472685301102e-73,0,-5.9638048911392e-73
436,2.7,2,572,-123.8,0,3.67394039744206e-16,6,0,90
436,2.7,3,1182,-121.1,0,4.28626379701574e-16,7,0,90
436,2.7,4,1182,-138.238810344828,0,6.01491609781218e-16,9.82310344827586,0,90
436,2.7,5,69.528,0,0,14.28,0,0,0
436,2.7,6,1773.64693846061,0,0,0.3,0,0,0
436,2.8,1,40.118060615057,1.5969388012804e-73,0,14.2531942519372,-4.08540676619082e-73,0,-1.64227443448411e-72
436,2.8,2,572,-123.2,0,3.67394039744206e-16,6,0,90
436,2.8,3,1182,-120.4,0,4.28626379701574e-16,7,0,90
436,2.8,4,1182,-137.256827586207,0,6.01090432381497e-16,9.81655172413793,0,90
436,2.8,5,70.9546666666667,0,0,14.2533333333333,0,0,0
436,2.8,6,1773.67693846061,0,0,0.3,0,0,0
436,2.9,1,41.5428324635408,1.03806923043251e-73,0,14.2422427177398,-7.17293733680275e-73,0,-2.88563426600433e-72
436,2.9,2,572,-122.6,0,3.67394039744206e-16,6,0,90
436,2.9,3,1182,-119.7,0,4.28626379701574e-16,7,0,90
436,2.9,4,1182,-136.2755,0,6.00689254981777e-16,9.81,0,90
436,2.9,5,72.3786666666667,0,0,14.2266666666667,0,0,0
436,2.9,6,1773.70693846061,0,0,0.3,0,0,0
436,3,1,42.9665091586049,1.46198566220495e-74,0,14.2312911835425,-1.07450510839324e-72,0,-4.32600295940644e-72
436,3,2,572,-122,0,3.67394039744206e-16,6,0,90
436,3,3,1182,-119,0,4.28626379701574e-16,7,0,90
436,3,4,1182,-135.294827586207,0,6.00288077582056e-16,9.80344827586207,0,90
436,3,5,73.8,0,0,14.2,0,0,0
436,3,6,1773.73693846061,0,0,0.3,0,0,0
436,3.1,1,44.3892569985164,-1.10173613567749e-73,0,14.2241754233225,-1.39234436347885e-72,0,-5.60844149358314e-72
436,3.1,2,572,-121.4,0,3.67394039744206e-16,6,0,90
436,3.1,3,1182,-118.3,0,4.28626379701574e-16,7,0,90
436,3.1,4,1182,-134.314810344828,0,5.99886900182335e-16,9.79689655172414,0,90
436,3.1,5,75.2186666666667,0,0,14.1733333333333,0,0,0
436,3.1,6,1773.76693846061,0,0,0.3,0,0,0
436,3.2,1,45.8113481504786,-2.57678056143466e-73,0,14.2176476159214,-1.52688482026293e-72,0,-6.15320187748147e-72
436,3.2,2,572,-120.8,0,3.67394039744206e-16,6,0,90
436,3.2,3,1182,-117.6,0,4.28626379701574e-16,7,0,90
436,3.2,4,1182,-133.335448275862,0,5.99485722782615e-16,9.79034482758621,0,90
436,3.2,5,76.6346666666667,0,0,14.1466666666667,0,0,0
436,3.2,6,1773.79693846061,0,0,0.3,0,0,0
436,3.3,1,47.2327865217007,-4.09387133305589e-73,0,14.2111198085202,-1.47652192812162e-72,0,-5.95297738529845e-72
436,3.3,2,572,-120.2,0,3.67394039744206e-16,6,0,90
436,3.3,3,1182,-116.9,0,4.28626379701574e-16,7,0,90
436,3.3,4,1182,-132.35674137931,0,5.99084545382894e-16,9.78379310344828,0,90
436,3.3,5,78.048,0,0,14.12,0,0,0
436,3.3,6,1773.82693846061,0,0,0.3,0,0,0
436,3.4,1,48.6535721121826,-5.46835962295815e-73,0,14.2045920011191,-1.24176463234701e-72,0,-5.0087938165695e-72
436,3.4,2,572,-119.6,0,3.67394039744206e-16,6,0,90
436,3.4,3,1182,-116.2,0,4.28626379701574e-16,7,0,90
436,3.4,4,1182,-131.378689655172,0,5.98683367983173e-16,9.77724137931034,0,90
436,3.4,5,79.4586666666667,0,0,14.0933333333333,0,0,0
436,3.4,6,1773.85693846061,0,0,0.3,0,0,0
436,3.5,1,50.0737049219245,-6.5161052567174e-73,0,14.198064193718,-8.23121294009759e-73,0,-3.32167649974234e-72
436,3.5,2,572,-119,0,3.67394039744206e-16,6,0,90
436,3.5,3,1182,-115.5,0,4.28626379701574e-16,7,0,90
436,3.5,4,1182,-130.401293103448,0,5.98282190583453e-16,9.77068965517241,0,90
436,3.5,5,80.8666666666667,0,0,14.0666666666667,0,0,0
436,3.5,6,1773.88693846061,0,0,0.3,0,0,0
436,3.6,1,51.4931849509262,-7.05347612898138e-73,0,14.1915363863168,-2.21099690227495e-73,0,-8.92650292176937e-73
436,3.6,2,572,-118.4,0,3.67394039744206e-16,6,0,90
436,3.6,3,1182,-114.8,0,4.28626379701574e-16,7,0,90
436,3.6,4,1182,-129.424551724138,0,5.97881013183732e-16,9.76413793103448,0,90
436,3.6,5,82.272,0,0,14.04,0,0,0
436,3.6,6,1773.91693846061,0,0,0.3,0,0,0
436,3.7,1,52.9120121991879,-6.89734761965077e-73,0,14.1850085789157,5.63792985566853e-73,0,2.27726041985446e-72
436,3.7,2,572,-117.8,0,3.67394039744206e-16,6,0,90
436,3.7,3,1182,-114.1,0,4.28626379701574e-16,7,0,90
436,3.7,4,1182,-128.448465517241,0,5.97479835784011e-16,9.75758620689655,0,90
436,3.7,5,83.6746666666667,0,0,14.0133333333333,0,0,0
436,3.7,6,1773.94693846061,0,0,0.3,0,0,0
436,3.8,1,54.3301866667094,-5.86510201032861e-73,0,14.1784807715146,1.53105012335669e-72,0,6.18703172116735e-72
436,3.8,2,572,-117.2,0,3.67394039744206e-16,6,0,90
436,3.8,3,1182,-113.4,0,4.28626379701574e-16,7,0,90
436,3.8,4,1182,-127.473034482759,0,5.97078658384291e-16,9.75103448275862,0,90
436,3.8,5,85.0746666666667,0,0,13.9866666666667,0,0,0
436,3.8,6,1773.97693846061,0,0,0.3,0,0,0
436,3.9,1,55.7477083534908,-3.77462790103821e-73,0,14.1719529641135,2.68016569627338e-72,0,1.0835640167665e-71
436,3.9,2,572,-116.6,0,3.67394039744206e-16,6,0,90
436,3.9,3,1182,-112.7,0,4.28626379701574e-16,7,0,90
436,3.9,4,1182,-126.49825862069,0,5.9667748098457e-16,9.74448275862069,0,90
436,3.9,5,86.472,0,0,13.96,0,0,0
436,3.9,6,1774.00693846061,0,0,0.3,0,0,0
436,4,1,57.1645772595321,-4.44319627209365e-74,0,14.1654251567123,4.01063426032792e-72,0,1.62220627863382e-71
436,4,2,572,-116,0,3.67394039744206e-16,6,0,90
436,4,3,1182,-112,0,4.28626379701574e-16,7,0,90
436,4,4,1182,-125.524137931034,0,5.96276303584849e-16,9.73793103448276,0,90
436,4,5,87.8666666666667,0,0,13.9333333333333,0,0,0
436,4,6,1774.03693846061,0,0,0.3,0,0,0
436,4.1,1,58.5794683311628,4.19873747439453e-73,0,14.1291648526295,5.16255145529252e-72,0,2.09348827756322e-71
436,4.1,2,572,-115.4,0,3.67394039744206e-16,6,0,90
436,4.1,3,1182,-111.3,0,4.28626379701574e-16,7,0,90
436,4.1,4,1182,-124.550672413793,0,5.95875126185129e-16,9.73137931034483,0,90
436,4.1,5,89.2586666666667,0,0,13.9066666666667,0,0,0
436,4.1,6,1774.06693846061,0,0,0.3,0,0,0
436,4.2,1,59.9903905287874,9.64919121029655e-73,0,14.0892790998613,5.62346574716453e-72,0,2.28685123820197e-71
436,4.2,2,572,-114.8,0,3.67394039744206e-16,6,0,90
436,4.2,3,1182,-110.6,0,4.28626379701574e-16,7,0,90
436,4.2,4,1182,-123.577862068966,0,5.95473948785408e-16,9.7248275862069,0,90
436,4.2,5,90.648,0,0,13.88,0,0,0
436,4.2,6,1774.09693846061,0,0,0.3,0,0,0
436,4.3,1,61.3973241511351,1.52178235310463e-72,0,14.0493933470931,5.40084099156699e-72,0,2.20255342699238e-71
436,4.3,2,572,-114.2,0,3.67394039744206e-16,6,0,90
436,4.3,3,1182,-109.9,0,4.28626379701574e-16,7,0,90
436,4.3,4,1182,-122.605706896552,0,5.95072771385687e-16,9.71827586206897,0,90
436,4.3,5,92.0346666666667,0,0,13.8533333333333,0,0,0
436,4.3,6,1774.12693846061,0,0,0.3,0,0,0
436,4.4,1,62.800269198206,2.02268788283337e-72,0,14.0095075943249,4.5062304139824e-72,0,1.84294831560868e-71
436,4.4,2,572,-113.6,0,3.67394039744206e-16,6,0,90
436,4.4,3,1182,-109.2,0,4.28626379701574e-16,7,0,90
436,4.4,4,1182,-121.634206896552,0,5.94671593985966e-16,9.71172413793103,0,90
436,4.4,5,93.4186666666667,0,0,13.8266666666667,0,0,0
436,4.4,6,1774.15693846061,0,0,0.3,0,0,0
436,4.5,1,64.1992256700001,2.40101137995268e-72,0,13.9696218415567,2.95110543898915e-72,0,1.2103827037693e-71
436,4.5,2,572,-113,0,3.67394039744206e-16,6,0,90
436,4.5,3,1182,-108.5,0,4.28626379701574e-16,7,0,90
436,4.5,4,1182,-120.663362068966,0,5.94270416586246e-16,9.7051724137931,0,90
436,4.5,5,94.8,0,0,13.8,0,0,0
436,4.5,6,1774.18693846061,0,0,0.3,0,0,0
436,4.6,1,65.5941935665173,2.59127157628821e-72,0,13.9297360887885,7.46855922491439e-73,0,3.07196719236846e-72
436,4.6,2,572,-112.4,0,3.67394039744206e-16,6,0,90
436,4.6,3,1182,-107.8,0,4.28626379701574e-16,7,0,90
436,4.6,4,1182,-119.693172413793,0,5.93869239186525e-16,9.69862068965517,0,90
436,4.6,5,96.1786666666667,0,0,13.7733333333333,0,0,0
436,4.6,6,1774.21693846061,0,0,0.3,0,0,0
436,4.7,1,66.9851728877578,2.52912212049861e-72,0,13.8898503360203,-2.09520961605063e-72,0,-8.64276182181833e-72
436,4.7,2,572,-111.8,0,3.67394039744206e-16,6,0,90
436,4.7,3,1182,-107.1,0,4.28626379701574e-16,7,0,90
436,4.7,4,1182,-118.723637931034,0,5.93468061786804e-16,9.69206896551724,0,90
436,4.7,5,97.5546666666666,0,0,13.7466666666667,0,0,0
436,4.7,6,1774.24693846061,0,0,0.3,0,0,0
436,4.8,1,68.3721636337214,2.15134345604257e-72,0,13.8499645832521,-5.5638637613911e-72,0,-2.3017092166357e-71
436,4.8,2,572,-111.2,0,3.67394039744206e-16,6,0,90
436,4.8,3,1182,-106.4,0,4.28626379701574e-16,7,0,90
436,4.8,4,1182,-117.75475862069,0,5.93066884387084e-16,9.68551724137931,0,90
436,4.8,5,98.928,0,0,13.72,0,0,0
436,4.8,6,1774.27693846061,0,0,0.3,0,0,0
436,4.9,1,69.7551658044082,1.39583472236891e-72,0,13.8100788304839,-9.64795997026817e-72,0,-4.00278227222952e-71
436,4.9,2,572,-110.6,0,3.67394039744206e-16,6,0,90
436,4.9,3,1182,-105.7,0,4.28626379701574e-16,7,0,90
436,4.9,4,1182,-116.786534482759,0,5.92665706987363e-16,9.67896551724138,0,90
436,4.9,5,100.298666666667,0,0,13.6933333333333,0,0,0
436,4.9,6,1774.30693846061,0,0,0.3,0,0,0
436,5,1,71.1341793998181,2.01605679329673e-73,0,13.7701930777156,-1.43364323391742e-71,0,-5.96518190902384e-71
436,5,2,572,-110,0,3.67394039744206e-16,6,0,90
436,5,3,1182,-105,0,4.28626379701574e-16,7,0,90
436,5,4,1182,-115.818965517241,0,5.92264529587642e-16,9.67241379310345,0,90
436,5,5,101.666666666667,0,0,13.6666666666667,0,0,0
436,5,6,1774.33693846061,0,0,0.3,0,0,0
436,5.1,1,72.5114338588399,-1.46169661208996e-72,0,13.7819940812391,-1.85627211249639e-71,0,-7.71706598094215e-71
436,5.1,2,572,-109.4,0,3.67394039744206e-16,6,0,90
436,5.1,3,1182,-104.3,0,4.28626379701574e-16,7,0,90
436,5.1,4,1182,-114.852051724138,0,5.91863352187922e-16,9.66586206896552,0,90
436,5.1,5,103.032,0,0,13.64,0,0,0
436,5.1,6,1774.36693846061,0,0,0.3,0,0,0
436,5.2,1,73.8906347115583,-3.43073499666359e-72,0,13.8020229731289,-2.04143143992082e-71,0,-8.47451173646767e-71
436,5.2,2,572,-108.8,0,3.67394039744206e-16,6,0,90
436,5.2,3,1182,-103.6,0,4.28626379701574e-16,7,0,90
436,5.2,4,1182,-113.885793103448,0,5.91462174788201e-16,9.65931034482759,0,90
436,5.2,5,104.394666666667,0,0,13.6133333333333,0,0,0
436,5.2,6,1774.39693846061,0,0,0.3,0,0,0
436,5.3,1,75.2718384534656,-5.46345993033273e-72,0,13.8220518650187,-1.98329182609413e-71,0,-8.22122882244257e-71
436,5.3,2,572,-108.2,0,3.67394039744206e-16,6,0,90
436,5.3,3,1182,-102.9,0,4.28626379701574e-16,7,0,90
436,5.3,4,1182,-112.920189655172,0,5.9106099738848e-16,9.65275862068965,0,90
436,5.3,5,105.754666666667,0,0,13.5866666666667,0,0,0
436,5.3,6,1774.42693846061,0,0,0.3,0,0,0
436,5.4,1,76.655045084562,-7.31551103523536e-72,0,13.8420807569085,-1.67972911459129e-71,0,-6.95281227450534e-71
436,5.4,2,572,-107.6,0,3.67394039744206e-16,6,0,90
436,5.4,3,1182,-102.2,0,4.28626379701574e-16,7,0,90
436,5.4,4,1182,-111.95524137931,0,5.9065981998876e-16,9.64620689655172,0,90
436,5.4,5,107.112,0,0,13.56,0,0,0
436,5.4,6,1774.45693846061,0,0,0.3,0,0,0
436,5.5,1,78.0402546048473,-8.74039992561397e-72,0,13.8621096487983,-1.12861144418557e-71,0,-4.6648507406377e-71
436,5.5,2,572,-107,0,3.67394039744206e-16,6,0,90
436,5.5,3,1182,-101.5,0,4.28626379701574e-16,7,0,90
436,5.5,4,1182,-110.990948275862,0,5.90258642589039e-16,9.63965517241379,0,90
436,5.5,5,108.466666666667,0,0,13.5333333333333,0,0,0
436,5.5,6,1774.48693846061,0,0,0.3,0,0,0
436,5.6,1,79.4274670143216,-9.48950249743151e-72,0,13.8821385406881,-3.27799237683869e-72,0,-1.35292648116451e-71
436,5.6,2,572,-106.4,0,3.67394039744206e-16,6,0,90
436,5.6,3,1182,-100.8,0,4.28626379701574e-16,7,0,90
436,5.6,4,1182,-110.027310344828,0,5.89857465189318e-16,9.63310344827586,0,90
436,5.6,5,109.818666666667,0,0,13.5066666666667,0,0,0
436,5.6,6,1774.51693846061,0,0,0.3,0,0,0
436,5.7,1,80.816682312985,-9.31205120682273e-72,0,13.9021674325779,7.2485480923793e-72,0,2.98738463124614e-71
436,5.7,2,572,-105.8,0,3.67394039744206e-16,6,0,90
436,5.7,3,1182,-100.1,0,4.28626379701574e-16,7,0,90
436,5.7,4,1182,-109.064327586207,0,5.89456287789598e-16,9.62655172413793,0,90
436,5.7,5,111.168,0,0,13.48,0,0,0
436,5.7,6,1774.54693846061,0,0,0.3,0,0,0
436,5.8,1,82.2079005008372,-7.9551273373808e-72,0,13.9221963244677,2.03150573919966e-71,0,8.36051311158303e-71
436,5.8,2,572,-105.2,0,3.67394039744206e-16,6,0,90
436,5.8,3,1182,-99.4,0,4.28626379701574e-16,7,0,90
436,5.8,4,1182,-108.102,0,5.89055110389877e-16,9.62,0,90
436,5.8,5,112.514666666667,0,0,13.4533333333333,0,0,0
436,5.8,6,1774.57693846061,0,0,0.3,0,0,0
436,5.9,1,83.6011215778785,-5.16365325627922e-72,0,13.9422252163574,3.59431634428151e-71,0,1.47708958624917e-70
436,5.9,2,572,-104.6,0,3.67394039744206e-16,6,0,90
436,5.9,3,1182,-98.7,0,4.28626379701574e-16,7,0,90
436,5.9,4,1182,-107.140327586207,0,5.88653932990156e-16,9.61344827586207,0,90
436,5.9,5,113.858666666667,0,0,13.4266666666667,0,0,0
436,5.9,6,1774.60693846061,0,0,0.3,0,0,0
436,5.99999999999999,1,84.9963455441087,-6.80384659229217e-73,0,13.9622541082472,5.41545717718875e-71,0,2.22229761742746e-70
436,5.99999999999999,2,572,-104,0,3.67394039744206e-16,6,0,90
436,5.99999999999999,3,1182,-98,0,4.28626379701574e-16,7,0,90
436,5.99999999999999,4,1182,-106.179310344828,0,5.88252755590436e-16,9.60689655172414,0,90
436,5.99999999999999,5,115.2,0,0,13.4,0,0,0
436,5.99999999999999,6,1774.63693846061,0,0,0.3,0,0,0
436,6.09999999999999,1,86.3912475742262,5.60538990708259e-72,0,13.9292712597076,6.99961969551397e-71,0,2.87917909897905e-70
436,6.09999999999999,2,572,-103.4,0,3.67394039744206e-16,6,0,90
436,6.09999999999999,3,1182,-97.3,0,4.28626379701574e-16,7,0,90
436,6.09999999999999,4,1182,-105.218948275862,0,5.87851578190715e-16,9.60034482758621,0,90
436,6.09999999999999,5,116.538666666667,0,0,13.3733333333333,0,0,0
436,6.09999999999999,6,1774.66693846061,0,0,0.3,0,0,0
436,6.19999999999999,1,87.7821541493094,1.29969437176712e-71,0,13.8888602419568,7.62382058993936e-71,0,3.14505824062437e-70
436,6.19999999999999,2,572,-102.8,0,3.67394039744206e-16,6,0,90
436,6.19999999999999,3,1182,-96.6000000000001,0,4.28626379701574e-16,7,0,90
436,6.19999999999999,4,1182,-104.25924137931,0,5.87450400790994e-16,9.59379310344828,0,90
436,6.19999999999999,5,117.874666666667,0,0,13.3466666666667,0,0,0
436,6.19999999999999,6,1774.69693846061,0,0,0.3,0,0,0
436,6.29999999999999,1,89.1690196226175,2.05364601277426e-71,0,13.848449224206,7.29830459294522e-71,0,3.01955868131279e-70
436,6.29999999999999,2,572,-102.2,0,3.67394039744206e-16,6,0,90
436,6.29999999999999,3,1182,-95.9,0,4.28626379701574e-16,7,0,90
436,6.29999999999999,4,1182,-103.300189655172,0,5.87049223391273e-16,9.58724137931035,0,90
436,6.29999999999999,5,119.208,0,0,13.32,0,0,0
436,6.29999999999999,6,1774.72693846061,0,0,0.3,0,0,0
436,6.39999999999999,1,90.5518439941505,2.72824812899754e-71,0,13.8080382064551,6.03956975310731e-71,0,2.50608994379915e-70
436,6.39999999999999,2,572,-101.6,0,3.67394039744206e-16,6,0,90
436,6.39999999999999,3,1182,-95.2,0,4.28626379701574e-16,7,0,90
436,6.39999999999999,4,1182,-102.341793103448,0,5.86648045991553e-16,9.58068965517241,0,90
436,6.39999999999999,5,120.538666666667,0,0,13.2933333333333,0,0,0
436,6.39999999999999,6,1774.75693846061,0,0,0.3,0,0,0
436,6.49999999999999,1,91.9306272639085,3.23099873451536e-71,0,13.7676271887043,3.86399405645222e-71,0,1.60805161604018e-70
436,6.49999999999999,2,572,-101,0,3.67394039744206e-16,6,0,90
436,6.49999999999999,3,1182,-94.5000000000001,0,4.28626379701574e-16,7,0,90
436,6.49999999999999,4,1182,-101.384051724138,0,5.86246868591832e-16,9.57413793103448,0,90
436,6.49999999999999,5,121.866666666667,0,0,13.2666666666667,0,0,0
436,6.49999999999999,6,1774.78693846061,0,0,0.3,0,0,0
436,6.59999999999999,1,93.3053694318914,3.47102765347937e-71,0,13.7272161709535,7.87835776810679e-72,0,3.28833351194521e-71
436,6.59999999999999,2,572,-100.4,0,3.67394039744206e-16,6,0,90
436,6.59999999999999,3,1182,-93.8000000000001,0,4.28626379701574e-16,7,0,90
436,6.59999999999999,4,1182,-100.426965517241,0,5.85845691192111e-16,9.56758620689655,0,90
436,6.59999999999999,5,123.192,0,0,13.24,0,0,0
436,6.59999999999999,6,1774.81693846061,0,0,0.3,0,0,0
436,6.69999999999999,1,94.6760704980992,3.35908456641254e-71,0,13.6868051532027,-3.17276617382922e-71,0,-1.32818513237728e-70
436,6.69999999999999,2,572,-99.8,0,3.67394039744206e-16,6,0,90
436,6.69999999999999,3,1182,-93.1000000000001,0,4.28626379701574e-16,7,0,90
436,6.69999999999999,4,1182,-99.4705344827587,0,5.85444513792391e-16,9.56103448275862,0,90
436,6.69999999999999,5,124.514666666667,0,0,13.2133333333333,0,0,0
436,6.69999999999999,6,1774.84693846061,0,0,0.3,0,0,0
436,6.79999999999999,1,96.0427304625319,2.80752709154258e-71,0,13.6463941354518,-8.00179189496866e-71,0,-3.35963405111275e-70
436,6.79999999999999,2,572,-99.2,0,3.67394039744206e-16,6,0,90
436,6.79999999999999,3,1182,-92.4000000000001,0,4.28626379701574e-16,7,0,90
436,6.79999999999999,4,1182,-98.5147586206897,0,5.8504333639267e-16,9.55448275862069,0,90
436,6.79999999999999,5,125.834666666667,0,0,13.1866666666667,0,0,0
436,6.79999999999999,6,1774.87693846061,0,0,0.3,0,0,0
436,6.89999999999999,1,97.4053493251896,1.73030890117068e-71,0,13.605983117701,-1.36833401472448e-70,0,-5.76215355624753e-70
436,6.89999999999999,2,572,-98.6000000000001,0,3.67394039744206e-16,6,0,90
436,6.89999999999999,3,1182,-91.7000000000001,0,4.28626379701574e-16,7,0,90
436,6.89999999999999,4,1182,-97.5596379310346,0,5.84642158992949e-16,9.54793103448276,0,90
436,6.89999999999999,5,127.152,0,0,13.16,0,0,0
436,6.89999999999999,6,1774.90693846061,0,0,0.3,0,0,0
436,6.99999999999999,1,98.7639270860721,4.2967873075543e-73,0,13.5655720999502,-2.02016280020777e-70,0,-8.53239373381534e-70
436,6.99999999999999,2,572,-98.0000000000001,0,3.67394039744206e-16,6,0,90
436,6.99999999999999,3,1182,-91.0000000000001,0,4.28626379701574e-16,7,0,90
436,6.99999999999999,4,1182,-96.6051724137932,0,5.84240981593229e-16,9.54137931034483,0,90
436,6.99999999999999,5,128.466666666667,0,0,13.1333333333333,0,0,0
436,6.99999999999999,6,1774.93693846061,0,0,0.3,0,0,0
436,7.09999999999999,1,100.118497664992,-2.27145587183813e-71,0,13.5258541665567,-2.55226634740236e-70,0,-1.08114495468239e-69
436,7.09999999999999,2,572,-97.4000000000001,0,3.67394039744206e-16,6,0,90
436,7.09999999999999,3,1182,-90.3000000000001,0,4.28626379701574e-16,7,0,90
436,7.09999999999999,4,1182,-95.6513620689656,0,5.83839804193508e-16,9.5348275862069,0,90
436,7.09999999999999,5,129.778666666667,0,0,13.1066666666667,0,0,0
436,7.09999999999999,6,1774.96693846061,0,0,0.3,0,0,0
436,7.19999999999999,1,101.469097935284,-4.9495168214376e-71,0,13.4861512392979,-2.74831984288981e-70,0,-1.16762095393676e-69
436,7.19999999999999,2,572,-96.8000000000001,0,3.67394039744206e-16,6,0,90
436,7.19999999999999,3,1182,-89.6000000000001,0,4.28626379701574e-16,7,0,90
436,7.19999999999999,4,1182,-94.6982068965518,0,5.83438626793787e-16,9.52827586206897,0,90
436,7.19999999999999,5,131.088,0,0,13.08,0,0,0
436,7.19999999999999,6,1774.99693846061,0,0,0.3,0,0,0
436,7.29999999999999,1,102.815727912851,-7.65799712284586e-71,0,13.446448312039,-2.61407660419088e-70,0,-1.11386704703225e-69
436,7.29999999999999,2,572,-96.2000000000001,0,3.67394039744206e-16,6,0,90
436,7.29999999999999,3,1182,-88.9000000000001,0,4.28626379701574e-16,7,0,90
436,7.29999999999999,4,1182,-93.7457068965518,0,5.83037449394067e-16,9.52172413793103,0,90
436,7.29999999999999,5,132.394666666667,0,0,13.0533333333333,0,0,0
436,7.29999999999999,6,1775.02693846061,0,0,0.3,0,0,0
436,7.39999999999999,1,104.158387597692,-1.00695075583497e-70,0,13.4067453847802,-2.15534452542192e-70,0,-9.21119489921065e-70
436,7.39999999999999,2,572,-95.6000000000001,0,3.67394039744206e-16,6,0,90
436,7.39999999999999,3,1182,-88.2000000000001,0,4.28626379701574e-16,7,0,90
436,7.39999999999999,4,1182,-92.7938620689656,0,5.82636271994346e-16,9.5151724137931,0,90
436,7.39999999999999,5,133.698666666667,0,0,13.0266666666667,0,0,0
436,7.39999999999999,6,1775.05693846061,0,0,0.3,0,0,0
436,7.49999999999999,1,105.497076989807,-1.18624454089097e-70,0,13.3670424575213,-1.37788873086138e-70,0,-5.90610893680317e-70
436,7.49999999999999,2,572,-95.0000000000001,0,3.67394039744206e-16,6,0,90
436,7.49999999999999,3,1182,-87.5000000000001,0,4.28626379701574e-16,7,0,90
436,7.49999999999999,4,1182,-91.8426724137932,0,5.82235094594625e-16,9.50862068965517,0,90
436,7.49999999999999,5,135,0,0,13,0,0,0
436,7.49999999999999,6,1775.08693846061,0,0,0.3,0,0,0
436,7.59999999999999,1,106.831796089196,-1.27209517474646e-70,0,13.3273395302625,-2.87431701235035e-71,0,-1.23570224512081e-70
436,7.59999999999999,2,572,-94.4000000000001,0,3.67394039744206e-16,6,0,90
436,7.59999999999999,3,1182,-86.8000000000001,0,4.28626379701574e-16,7,0,90
436,7.59999999999999,4,1182,-90.8921379310346,0,5.81833917194905e-16,9.50206896551724,0,90
436,7.59999999999999,5,136.298666666667,0,0,12.9733333333333,0,0,0
436,7.59999999999999,6,1775.11693846061,0,0,0.3,0,0,0
436,7.69999999999999,1,108.16254489586,-1.23348688585216e-70,0,13.2876366030037,1.11034659999876e-70,0,4.78777196256623e-70
436,7.69999999999999,2,572,-93.8000000000001,0,3.67394039744206e-16,6,0,90
436,7.69999999999999,3,1182,-86.1000000000001,0,4.28626379701574e-16,7,0,90
436,7.69999999999999,4,1182,-89.9422586206898,0,5.81432739795184e-16,9.49551724137931,0,90
436,7.69999999999999,5,137.594666666667,0,0,12.9466666666667,0,0,0
436,7.69999999999999,6,1775.14693846061,0,0,0.3,0,0,0
436,7.79999999999999,1,109.489323409797,-1.03996977840311e-70,0,13.2479336757448,2.8098086003639e-70,0,1.21520969217384e-69
436,7.79999999999999,2,572,-93.2000000000001,0,3.67394039744206e-16,6,0,90
436,7.79999999999999,3,1182,-85.4000000000001,0,4.28626379701574e-16,7,0,90
436,7.79999999999999,4,1182,-88.9930344827587,0,5.81031562395463e-16,9.48896551724138,0,90
436,7.79999999999999,5,138.888,0,0,12.92,0,0,0
436,7.79999999999999,6,1775.17693846061,0,0,0.3,0,0,0
436,7.89999999999999,1,110.812131631009,-6.61655599554763e-71,0,13.208230748486,4.80535899208125e-70,0,2.08450923166265e-69
436,7.89999999999999,2,572,-92.6000000000001,0,3.67394039744206e-16,6,0,90
436,7.89999999999999,3,1182,-84.7000000000001,0,4.28626379701574e-16,7,0,90
436,7.89999999999999,4,1182,-88.0444655172415,0,5.80630384995743e-16,9.48241379310345,0,90
436,7.89999999999999,5,140.178666666667,0,0,12.8933333333333,0,0,0
436,7.89999999999999,6,1775.20693846061,0,0,0.3,0,0,0
436,7.99999999999999,1,112.130969559494,-6.92135192675079e-72,0,13.1685278212271,7.09144460578346e-70,0,3.08546142802122e-69
436,7.99999999999999,2,572,-92.0000000000001,0,3.67394039744206e-16,6,0,90
436,7.99999999999999,3,1182,-84.0000000000001,0,4.28626379701574e-16,7,0,90
436,7.99999999999999,4,1182,-87.0965517241381,0,5.80229207596022e-16,9.47586206896552,0,90
436,7.99999999999999,5,141.466666666667,0,0,12.8666666666667,0,0,0
436,7.99999999999999,6,1775.23693846061,0,0,0.3,0,0,0
436,8.09999999999999,1,113.448281575117,7.49578838669644e-71,0,13.1829050687263,9.09793251426606e-70,0,3.95415982019701e-69
436,8.09999999999999,2,572,-91.4000000000001,0,3.67394039744206e-16,6,0,90
436,8.09999999999999,3,1182,-83.3000000000001,0,4.28626379701574e-16,7,0,90
436,8.09999999999999,4,1182,-86.1492931034484,0,5.79828030196301e-16,9.46931034482759,0,90
436,8.09999999999999,5,142.752,0,0,12.84,0,0,0
436,8.09999999999999,6,1775.26693846061,0,0,0.3,0,0,0
436,8.19999999999999,1,114.767578149621,1.71110274317589e-70,0,13.203026421362,9.93510566805759e-70,0,4.31143289144067e-69
436,8.19999999999999,2,572,-90.8000000000001,0,3.67394039744206e-16,6,0,90
436,8.19999999999999,3,1182,-82.6000000000001,0,4.28626379701574e-16,7,0,90
436,8.19999999999999,4,1182,-85.2026896551725,0,5.7942685279658e-16,9.46275862068966,0,90
436,8.19999999999999,5,144.034666666667,0,0,12.8133333333333,0,0,0
436,8.19999999999999,6,1775.29693846061,0,0,0.3,0,0,0
436,8.29999999999999,1,116.088886859389,2.69693062873447e-70,0,13.2231477739976,9.58219713221826e-70,0,4.15195733664925e-69
436,8.29999999999999,2,572,-90.2000000000001,0,3.67394039744206e-16,6,0,90
436,8.29999999999999,3,1182,-81.9000000000001,0,4.28626379701574e-16,7,0,90
436,8.29999999999999,4,1182,-84.2567413793105,0,5.7902567539686e-16,9.45620689655173,0,90
436,8.29999999999999,5,145.314666666666,0,0,12.7866666666667,0,0,0
436,8.29999999999999,6,1775.32693846061,0,0,0.3,0,0,0
436,8.39999999999999,1,117.412207704421,3.58750913352262e-70,0,13.2432691266333,8.02829612813342e-70,0,3.47336809684092e-69
436,8.39999999999999,2,572,-89.6000000000001,0,3.67394039744206e-16,6,0,90
436,8.39999999999999,3,1182,-81.2000000000001,0,4.28626379701574e-16,7,0,90
436,8.39999999999999,4,1182,-83.3114482758622,0,5.78624497997139e-16,9.44965517241379,0,90
436,8.39999999999999,5,146.592,0,0,12.76,0,0,0
436,8.39999999999999,6,1775.35693846061,0,0,0.3,0,0,0
436,8.49999999999999,1,118.737540684716,4.26219174037579e-70,0,13.263390479269,5.26245031704153e-70,0,2.27329651143905e-69
436,8.49999999999999,2,572,-89.0000000000001,0,3.67394039744206e-16,6,0,90
436,8.49999999999999,3,1182,-80.5000000000001,0,4.28626379701574e-16,7,0,90
436,8.49999999999999,4,1182,-82.3668103448277,0,5.78223320597419e-16,9.44310344827586,0,90
436,8.49999999999999,5,147.866666666667,0,0,12.7333333333333,0,0,0
436,8.49999999999999,6,1775.38693846061,0,0,0.3,0,0,0
436,8.59999999999999,1,120.064885800275,4.59923461761085e-70,0,13.2835118319047,1.27366573679307e-70,0,5.49370318272223e-70
436,8.59999999999999,2,572,-88.4000000000001,0,3.67394039744206e-16,6,0,90
436,8.59999999999999,3,1182,-79.8000000000001,0,4.28626379701574e-16,7,0,90
436,8.59999999999999,4,1182,-81.422827586207,0,5.77822143197698e-16,9.43655172413793,0,90
436,8.59999999999999,5,149.138666666666,0,0,12.7066666666667,0,0,0
436,8.59999999999999,6,1775.41693846061,0,0,0.3,0,0,0
436,8.69999999999999,1,121.394243051097,4.4757924535253e-70,0,13.3036331845403,-3.94909326139058e-70,0,-1.7007863464258e-69
436,8.69999999999999,2,572,-87.8000000000001,0,3.67394039744206e-16,6,0,90
436,8.69999999999999,3,1182,-79.1000000000001,0,4.28626379701574e-16,7,0,90
436,8.69999999999999,4,1182,-80.4795000000001,0,5.77420965797977e-16,9.43,0,90
436,8.69999999999999,5,150.408,0,0,12.68,0,0,0
436,8.69999999999999,6,1775.44693846061,0,0,0.3,0,0,0
436,8.79999999999998,1,122.725612437183,3.76791428457228e-70,0,13.323754537176,-1.04169040761582e-69,0,-4.47955294801604e-69
436,8.79999999999998,2,572,-87.2000000000001,0,3.67394039744206e-16,6,0,90
436,8.79999999999998,3,1182,-78.4000000000001,0,4.28626379701574e-16,7,0,90
436,8.79999999999998,4,1182,-79.536827586207,0,5.77019788398256e-16,9.42344827586207,0,90
436,8.79999999999998,5,151.674666666666,0,0,12.6533333333333,0,0,0
436,8.79999999999998,6,1775.47693846061,0,0,0.3,0,0,0
436,8.89999999999998,1,124.058993958532,2.35053931721149e-70,0,13.3438758898117,-1.81408859192698e-69,0,-7.78931255345432e-69
436,8.89999999999998,2,572,-86.6000000000001,0,3.67394039744206e-16,6,0,90
436,8.89999999999998,3,1182,-77.7000000000001,0,4.28626379701574e-16,7,0,90
436,8.89999999999998,4,1182,-78.5948103448277,0,5.76618610998536e-16,9.41689655172414,0,90
436,8.89999999999998,5,152.938666666666,0,0,12.6266666666667,0,0,0
436,8.89999999999998,6,1775.50693846061,0,0,0.3,0,0,0
436,8.99999999999998,1,125.394387615145,9.74927434359916e-72,0,13.3639972424473,-2.7132199878838e-69,0,-1.16324518312913e-68
436,8.99999999999998,2,572,-86.0000000000001,0,3.67394039744206e-16,6,0,90
436,8.99999999999998,3,1182,-77.0000000000001,0,4.28626379701574e-16,7,0,90
436,8.99999999999998,4,1182,-77.6534482758622,0,5.76217433598815e-16,9.41034482758621,0,90
436,8.99999999999998,5,154.2,0,0,12.6,0,0,0
436,8.99999999999998,6,1775.53693846061,0,0,0.3,0,0,0
436,9.09999999999998,1,126.728960706515,-3.02138513062466e-70,0,13.3253667986761,-3.44433834774217e-69,0,-1.48098025009185e-68
436,9.09999999999998,2,572,-85.4000000000001,0,3.67394039744206e-16,6,0,90
436,9.09999999999998,3,1182,-76.3000000000001,0,4.28626379701574e-16,7,0,90
436,9.09999999999998,4,1182,-76.7127413793105,0,5.75816256199094e-16,9.40379310344828,0,90
436,9.09999999999998,5,155.458666666666,0,0,12.5733333333333,0,0,0
436,9.09999999999998,6,1775.56693846061,0,0,0.3,0,0,0
436,9.19999999999998,1,128.059457091036,-6.63233526916722e-70,0,13.2845608917311,-3.69886190352422e-69,0,-1.59530433712399e-68
436,9.19999999999998,2,572,-84.8000000000001,0,3.67394039744206e-16,6,0,90
436,9.19999999999998,3,1182,-75.6000000000001,0,4.28626379701574e-16,7,0,90
436,9.19999999999998,4,1182,-75.7726896551726,0,5.75415078799374e-16,9.39724137931035,0,90
436,9.19999999999998,5,156.714666666666,0,0,12.5466666666667,0,0,0
436,9.19999999999998,6,1775.59693846061,0,0,0.3,0,0,0
436,9.29999999999998,1,129.385872884862,-1.02631475544389e-69,0,13.2437549847862,-3.4854991036525e-69,0,-1.50791364205492e-68
436,9.29999999999998,2,572,-84.2000000000001,0,3.67394039744206e-16,6,0,90
436,9.29999999999998,3,1182,-74.9000000000001,0,4.28626379701574e-16,7,0,90
436,9.29999999999998,4,1182,-74.8332931034484,0,5.75013901399653e-16,9.39068965517241,0,90
436,9.29999999999998,5,157.968,0,0,12.52,0,0,0
436,9.29999999999998,6,1775.62693846061,0,0,0.3,0,0,0
436,9.39999999999998,1,130.708208087993,-1.34502339985497e-69,0,13.2029490778412,-2.81283567083803e-69,0,-1.22066374302202e-68
436,9.39999999999998,2,572,-83.6000000000001,0,3.67394039744206e-16,6,0,90
436,9.39999999999998,3,1182,-74.2000000000001,0,4.28626379701574e-16,7,0,90
436,9.39999999999998,4,1182,-73.8945517241381,0,5.74612723999932e-16,9.38413793103448,0,90
436,9.39999999999998,5,159.218666666666,0,0,12.4933333333333,0,0,0
436,9.39999999999998,6,1775.65693846061,0,0,0.3,0,0,0
436,9.49999999999998,1,132.02646270043,-1.5738559331751e-69,0,13.1621431708963,-1.68939135253235e-69,0,-7.35404509654864e-69
436,9.49999999999998,2,572,-83.0000000000001,0,3.67394039744206e-16,6,0,90
436,9.49999999999998,3,1182,-73.5000000000001,0,4.28626379701574e-16,7,0,90
436,9.49999999999998,4,1182,-72.9564655172415,0,5.74211546600212e-16,9.37758620689655,0,90
436,9.49999999999998,5,160.466666666666,0,0,12.4666666666667,0,0,0
436,9.49999999999998,6,1775.68693846061,0,0,0.3,0,0,0
436,9.59999999999998,1,133.340636722172,-1.66815751288156e-69,0,13.1213372639514,-1.23620124206772e-70,0,-5.39801030752418e-70
436,9.59999999999998,2,572,-82.4000000000001,0,3.67394039744206e-16,6,0,90
436,9.59999999999998,3,1182,-72.8000000000001,0,4.28626379701574e-16,7,0,90
436,9.59999999999998,4,1182,-72.0190344827588,0,5.73810369200491e-16,9.37103448275862,0,90
436,9.59999999999998,5,161.712,0,0,12.44,0,0,0
436,9.59999999999998,6,1775.71693846061,0,0,0.3,0,0,0
436,9.69999999999998,1,134.65073015322,-1.58411541386971e-69,0,13.0805313570064,1.87608960736837e-69,0,8.21771024102828e-69
436,9.69999999999998,2,572,-81.8000000000001,0,3.67394039744206e-16,6,0,90
436,9.69999999999998,3,1182,-72.1000000000001,0,4.28626379701574e-16,7,0,90
436,9.69999999999998,4,1182,-71.0822586206898,0,5.7340919180077e-16,9.36448275862069,0,90
436,9.69999999999998,5,162.954666666666,0,0,12.4133333333333,0,0,0
436,9.69999999999998,6,1775.74693846061,0,0,0.3,0,0,0
436,9.79999999999998,1,135.956742993574,-1.2787524817469e-69,0,13.0397254500615,4.30141480084453e-69,0,1.89001612777311e-68
436,9.79999999999998,2,572,-81.2000000000001,0,3.67394039744206e-16,6,0,90
436,9.79999999999998,3,1182,-71.4000000000001,0,4.28626379701574e-16,7,0,90
436,9.79999999999998,4,1182,-70.1461379310347,0,5.7300801440105e-16,9.35793103448276,0,90
436,9.79999999999998,5,164.194666666666,0,0,12.3866666666667,0,0,0
436,9.79999999999998,6,1775.77693846061,0,0,0.3,0,0,0
436,9.89999999999998,1,137.258675243232,-7.09920606454159e-70,0,12.9989195431165,7.14409757701569e-69,0,3.14892817233716e-68
436,9.89999999999998,2,572,-80.6000000000001,0,3.67394039744206e-16,6,0,90
436,9.89999999999998,3,1182,-70.7000000000001,0,4.28626379701574e-16,7,0,90
436,9.89999999999998,4,1182,-69.2106724137933,0,5.72606837001329e-16,9.35137931034483,0,90
436,9.89999999999998,5,165.432,0,0,12.36,0,0,0
436,9.89999999999998,6,1775.80693846061,0,0,0.3,0,0,0
436,9.99999999999998,1,138.556527376428,1.63557273583364e-70,0,12.9581722585824,1.03683924497942e-68,0,4.58448240889108e-68
436,9.99999999999998,2,572,-80.0000000000001,0,3.67394039744206e-16,6,0,90
436,9.99999999999998,3,1182,-70.0000000000001,0,4.28626379701574e-16,7,0,90
436,9.99999999999998,4,1182,-68.2758620689657,0,5.72205659601608e-16,9.3448275862069,0,90
436,9.99999999999998,5,166.666666666666,0,0,12.3333333333333,0,0,0
436,9.99999999999998,6,1775.83693846061,0,0,0.3,0,0,0
436,10.1,1,139.850322423569,1.32779100297104e-69,0,12.917728684237,1.26350230191816e-68,0,5.60418561765536e-68
436,10.1,2,572,-79.4000000000001,0,3.67394039744206e-16,6,0,90
436,10.1,3,1182,-69.3000000000001,0,4.28626379701574e-16,7,0,90
436,10.1,4,1182,-67.3417068965519,0,5.71804482201888e-16,9.33827586206897,0,90
436,10.1,5,167.898666666666,0,0,12.3066666666667,0,0,0
436,10.1,6,1775.83693846061,0,0,0.3,0,0,0
436,10.2,1,141.140073113275,2.63483073216225e-69,0,12.8772851098916,1.32297111039694e-68,0,5.88638524321056e-68
436,10.2,2,572,-78.8000000000001,0,3.67394039744206e-16,6,0,90
436,10.2,3,1182,-68.6000000000001,0,4.28626379701574e-16,7,0,90
436,10.2,4,1182,-66.4082068965519,0,5.71403304802167e-16,9.33172413793103,0,90
436,10.2,5,169.128,0,0,12.28,0,0,0
436,10.2,6,1775.83693846061,0,0,0.3,0,0,0
436,10.3,1,142.425779445547,3.91903775050666e-69,0,12.8368415355461,1.21835268895769e-68,0,5.43797840320703e-68
436,10.3,2,572,-78.2000000000001,0,3.67394039744206e-16,6,0,90
436,10.3,3,1182,-67.9000000000001,0,4.28626379701574e-16,7,0,90
436,10.3,4,1182,-65.4753620689657,0,5.71002127402446e-16,9.3251724137931,0,90
436,10.3,5,170.354666666666,0,0,12.2533333333333,0,0,0
436,10.3,6,1775.83693846061,0,0,0.3,0,0,0
436,10.4,1,143.707441420384,5.01786820738591e-69,0,12.7963979612007,9.52729751844455e-69,0,4.2658405875423e-68
436,10.4,2,572,-77.6000000000001,0,3.67394039744206e-16,6,0,90
436,10.4,3,1182,-67.2000000000001,0,4.28626379701574e-16,7,0,90
436,10.4,4,1182,-64.5431724137933,0,5.70600950002725e-16,9.31862068965517,0,90
436,10.4,5,171.578666666666,0,0,12.2266666666667,0,0,0
436,10.4,6,1775.83693846061,0,0,0.3,0,0,0
436,10.5,1,144.985059037787,5.77184884608186e-69,0,12.7559543868553,5.29160785335679e-69,0,2.37682565836118e-68
436,10.5,2,572,-77.0000000000001,0,3.67394039744206e-16,6,0,90
436,10.5,3,1182,-66.5000000000001,0,4.28626379701574e-16,7,0,90
436,10.5,4,1182,-63.6116379310347,0,5.70199772603005e-16,9.31206896551724,0,90
436,10.5,5,172.8,0,0,12.2,0,0,0
436,10.5,6,1775.83693846061,0,0,0.3,0,0,0
436,10.6,1,146.258632297755,6.02455281397714e-69,0,12.7155108125099,-4.93198759235041e-70,0,-2.22234149944299e-69
436,10.6,2,572,-76.4000000000001,0,3.67394039744206e-16,6,0,90
436,10.6,3,1182,-65.8000000000002,0,4.28626379701574e-16,7,0,90
436,10.6,4,1182,-62.6807586206899,0,5.69798595203284e-16,9.30551724137931,0,90
436,10.6,5,174.018666666666,0,0,12.1733333333333,0,0,0
436,10.6,6,1775.83693846061,0,0,0.3,0,0,0
436,10.7,1,147.528161200289,5.62257554908797e-69,0,12.6750672381644,-7.79701972588978e-69,0,-3.52452823073489e-68
436,10.7,2,572,-75.8000000000001,0,3.67394039744206e-16,6,0,90
436,10.7,3,1182,-65.1000000000002,0,4.28626379701574e-16,7,0,90
436,10.7,4,1182,-61.7505344827588,0,5.69397417803563e-16,9.29896551724138,0,90
436,10.7,5,175.234666666666,0,0,12.1466666666667,0,0,0
436,10.7,6,1775.83693846061,0,0,0.3,0,0,0
436,10.8,1,148.793645745388,4.4155107429293e-69,0,12.634623663819,-1.65899924428535e-68,0,-7.52326760512408e-68
436,10.8,2,572,-75.2000000000001,0,3.67394039744206e-16,6,0,90
436,10.8,3,1182,-64.4000000000002,0,4.28626379701574e-16,7,0,90
436,10.8,4,1182,-60.8209655172416,0,5.68996240403843e-16,9.29241379310345,0,90
436,10.8,5,176.448,0,0,12.12,0,0,0
436,10.8,6,1775.83693846061,0,0,0.3,0,0,0
436,10.9,1,150.055085933053,2.25592637971223e-69,0,12.5941800894736,-2.68424935327367e-68,0,-1.22116849219782e-67
436,10.9,2,572,-74.6000000000001,0,3.67394039744206e-16,6,0,90
436,10.9,3,1182,-63.7000000000002,0,4.28626379701574e-16,7,0,90
436,10.9,4,1182,-59.8920517241381,0,5.68595063004122e-16,9.28586206896552,0,90
436,10.9,5,177.658666666666,0,0,12.0933333333333,0,0,0
436,10.9,6,1775.83693846061,0,0,0.3,0,0,0
436,11,1,151.312483873027,-9.98209234527319e-70,0,12.5538919467798,-3.82542980310958e-68,0,-1.74592057563442e-67
436,11,2,572,-74.0000000000001,0,3.67394039744206e-16,6,0,90
436,11,3,1182,-63.0000000000002,0,4.28626379701574e-16,7,0,90
436,11,4,1182,-58.9637931034485,0,5.68193885604401e-16,9.27931034482759,0,90
436,11,5,178.866666666666,0,0,12.0666666666667,0,0,0
436,11,6,1775.83693846061,0,0,0.3,0,0,0
436,11.1,1,152.565879516865,-5.24481252322618e-69,0,12.5140209299858,-4.56977653565869e-68,0,-2.09228440863295e-67
436,11.1,2,572,-73.4000000000001,0,3.67394039744206e-16,6,0,90
436,11.1,3,1182,-62.3000000000002,0,4.28626379701574e-16,7,0,90
436,11.1,4,1182,-58.0361896551726,0,5.67792708204681e-16,9.27275862068966,0,90
436,11.1,5,180.072,0,0,12.04,0,0,0
436,11.1,6,1775.83693846061,0,0,0.3,0,0,0
436,11.2,1,153.815288059024,-9.94360871217591e-69,0,12.4741499131919,-4.7316595534618e-68,0,-2.17332743628016e-67
436,11.2,2,572,-72.8000000000001,0,3.67394039744206e-16,6,0,90
436,11.2,3,1182,-61.6000000000002,0,4.28626379701574e-16,7,0,90
436,11.2,4,1182,-57.1092413793106,0,5.6739153080496e-16,9.26620689655173,0,90
436,11.2,5,181.274666666666,0,0,12.0133333333333,0,0,0
436,11.2,6,1775.83693846061,0,0,0.3,0,0,0
436,11.3,1,155.060709499504,-1.45176512815042e-68,0,12.4342788963979,-4.32209860093562e-68,0,-1.99157514912061e-67
436,11.3,2,572,-72.2000000000001,0,3.67394039744206e-16,6,0,90
436,11.3,3,1182,-60.9000000000002,0,4.28626379701574e-16,7,0,90
436,11.3,4,1182,-56.1829482758623,0,5.66990353405239e-16,9.25965517241379,0,90
436,11.3,5,182.474666666666,0,0,11.9866666666667,0,0,0
436,11.3,6,1775.83693846061,0,0,0.3,0,0,0
436,11.4,1,156.302143838304,-1.84009695664995e-68,0,12.3944078796039,-3.35202569072144e-68,0,-1.54954497837537e-67
436,11.4,2,572,-71.6000000000002,0,3.67394039744206e-16,6,0,90
436,11.4,3,1182,-60.2000000000002,0,4.28626379701574e-16,7,0,90
436,11.4,4,1182,-55.2573103448278,0,5.66589176005519e-16,9.25310344827586,0,90
436,11.4,5,183.672,0,0,11.96,0,0,0
436,11.4,6,1775.83693846061,0,0,0.3,0,0,0
436,11.5,1,157.539591075425,-2.10384811660444e-68,0,12.3545368628099,-1.83228538410146e-68,0,-8.49746295942034e-68
436,11.5,2,572,-71.0000000000001,0,3.67394039744206e-16,6,0,90
436,11.5,3,1182,-59.5000000000002,0,4.28626379701574e-16,7,0,90
436,11.5,4,1182,-54.3323275862071,0,5.66187998605798e-16,9.24655172413793,0,90
436,11.5,5,184.866666666666,0,0,11.9333333333333,0,0,0
436,11.5,6,1775.83693846061,0,0,0.3,0,0,0
436,11.6,1,158.773051210866,-2.18859046314639e-68,0,12.314665846016,2.26364928584921e-69,0,1.05319585605258e-68
436,11.6,2,572,-70.4000000000001,0,3.67394039744206e-16,6,0,90
436,11.6,3,1182,-58.8000000000002,0,4.28626379701574e-16,7,0,90
436,11.6,4,1182,-53.4080000000002,0,5.65786821206077e-16,9.24,0,90
436,11.6,5,186.058666666666,0,0,11.9066666666667,0,0,0
436,11.6,6,1775.83693846061,0,0,0.3,0,0,0
436,11.7,1,160.002524244628,-2.04096724357913e-68,0,12.274794829222,2.81325474752478e-68,0,1.31315941301585e-67
436,11.7,2,572,-69.8000000000002,0,3.67394039744206e-16,6,0,90
436,11.7,3,1182,-58.1000000000002,0,4.28626379701574e-16,7,0,90
436,11.7,4,1182,-52.4843275862071,0,5.65385643806357e-16,9.23344827586207,0,90
436,11.7,5,187.248,0,0,11.88,0,0,0
436,11.7,6,1775.83693846061,0,0,0.3,0,0,0
436,11.8,1,161.22801017671,-1.60868442234497e-68,0,12.234923812428,5.91780018301535e-68,0,2.77128799236257e-67
436,11.8,2,572,-69.2000000000002,0,3.67394039744206e-16,6,0,90
436,11.8,3,1182,-57.4000000000002,0,4.28626379701574e-16,7,0,90
436,11.8,4,1182,-51.5613103448278,0,5.64984466406636e-16,9.22689655172414,0,90
436,11.8,5,188.434666666666,0,0,11.8533333333333,0,0,0
436,11.8,6,1775.83693846061,0,0,0.3,0,0,0
436,11.9,1,162.449509007113,-8.40502034034982e-69,0,12.195052795634,9.52950367504776e-68,0,4.47722818904169e-67
436,11.9,2,572,-68.6000000000002,0,3.67394039744206e-16,6,0,90
436,11.9,3,1182,-56.7000000000002,0,4.28626379701574e-16,7,0,90
436,11.9,4,1182,-50.6389482758623,0,5.64583289006915e-16,9.22034482758621,0,90
436,11.9,5,189.618666666666,0,0,11.8266666666667,0,0,0
436,11.9,6,1775.83693846061,0,0,0.3,0,0,0
436,12,1,163.667021876147,3.1318843028606e-69,0,12.1552771548253,1.35644123660443e-67,0,6.39379563501667e-67
436,12,2,572,-68.0000000000002,0,3.67394039744206e-16,6,0,90
436,12,3,1182,-56.0000000000002,0,4.28626379701574e-16,7,0,90
436,12,4,1182,-49.7172413793106,0,5.64182111607195e-16,9.21379310344828,0,90
436,12,5,190.8,0,0,11.8,0,0,0
436,12,6,1775.83693846061,0,0,0.3,0,0,0
436,12.1,1,164.880575984001,1.8220227174158e-68,0,12.1158050022538,1.62686946604121e-67,0,7.69348418908389e-67
436,12.1,2,572,-67.4000000000002,0,3.67394039744206e-16,6,0,90
436,12.1,3,1182,-55.3000000000002,0,4.28626379701574e-16,7,0,90
436,12.1,4,1182,-48.7961896551727,0,5.63780934207474e-16,9.20724137931035,0,90
436,12.1,5,191.978666666666,0,0,11.7733333333333,0,0,0
436,12.1,6,1775.83693846061,0,0,0.3,0,0,0
436,12.2,1,166.090182876598,3.49887324116242e-68,0,12.0763328496823,1.69313425735636e-67,0,8.03302196975208e-67
436,12.2,2,572,-66.8000000000002,0,3.67394039744206e-16,6,0,90
436,12.2,3,1182,-54.6000000000002,0,4.28626379701574e-16,7,0,90
436,12.2,4,1182,-47.8757931034485,0,5.63379756807753e-16,9.20068965517241,0,90
436,12.2,5,193.154666666666,0,0,11.7466666666667,0,0,0
436,12.2,6,1775.83693846061,0,0,0.3,0,0,0
436,12.3,1,167.295842553938,5.14155283869232e-68,0,12.0368606971108,1.55918279736008e-67,0,7.42175190243558e-67
436,12.3,2,572,-66.2000000000002,0,3.67394039744206e-16,6,0,90
436,12.3,3,1182,-53.9000000000002,0,4.28626379701574e-16,7,0,90
436,12.3,4,1182,-46.9560517241382,0,5.62978579408032e-16,9.19413793103448,0,90
436,12.3,5,194.328,0,0,11.72,0,0,0
436,12.3,6,1775.83693846061,0,0,0.3,0,0,0
436,12.4,1,168.49755501602,6.5518054601876e-68,0,11.9973885445392,1.22893014277667e-67,0,5.86898642451335e-67
436,12.4,2,572,-65.6000000000002,0,3.67394039744206e-16,6,0,90
436,12.4,3,1182,-53.2000000000002,0,4.28626379701574e-16,7,0,90
436,12.4,4,1182,-46.0369655172416,0,5.62577402008312e-16,9.18758620689655,0,90
436,12.4,5,195.498666666666,0,0,11.6933333333333,0,0,0
436,12.4,6,1775.83693846061,0,0,0.3,0,0,0
436,12.5,1,169.695320262845,7.5352740912696e-68,0,11.9579163919677,7.06259325263519e-68,0,3.38400748532898e-67
436,12.5,2,572,-65.0000000000002,0,3.67394039744206e-16,6,0,90
436,12.5,3,1182,-52.5000000000002,0,4.28626379701574e-16,7,0,90
436,12.5,4,1182,-45.1185344827589,0,5.62176224608591e-16,9.18103448275862,0,90
436,12.5,5,196.666666666666,0,0,11.6666666666667,0,0,0
436,12.5,6,1775.83693846061,0,0,0.3,0,0,0
436,12.6,1,170.889138294414,7.9014687804415e-68,0,11.9184442393962,-4.97854356999758e-70,0,-2.3933453809346e-69
436,12.6,2,572,-64.4000000000002,0,3.67394039744206e-16,6,0,90
436,12.6,3,1182,-51.8000000000002,0,4.28626379701574e-16,7,0,90
436,12.6,4,1182,-44.2007586206899,0,5.6177504720887e-16,9.17448275862069,0,90
436,12.6,5,197.832,0,0,11.64,0,0,0
436,12.6,6,1775.83693846061,0,0,0.3,0,0,0
436,12.7,1,172.079009110725,7.4637347715497e-68,0,11.8789720868247,-9.00964167143567e-68,0,-4.34561541962881e-67
436,12.7,2,572,-63.8000000000002,0,3.67394039744206e-16,6,0,90
436,12.7,3,1182,-51.1000000000002,0,4.28626379701574e-16,7,0,90
436,12.7,4,1182,-43.2836379310347,0,5.6137386980915e-16,9.16793103448276,0,90
436,12.7,5,198.994666666666,0,0,11.6133333333333,0,0,0
436,12.7,6,1775.83693846061,0,0,0.3,0,0,0
436,12.8,1,173.264932711779,6.03922074126432e-68,0,11.8394999342532,-1.977909958887e-67,0,-9.57184792689198e-67
436,12.8,2,572,-63.2000000000002,0,3.67394039744206e-16,6,0,90
436,12.8,3,1182,-50.4000000000002,0,4.28626379701574e-16,7,0,90
436,12.8,4,1182,-42.3671724137934,0,5.60972692409429e-16,9.16137931034483,0,90
436,12.8,5,200.154666666666,0,0,11.5866666666667,0,0,0
436,12.8,6,1775.83693846061,0,0,0.3,0,0,0
436,12.9,1,174.446909097575,3.44884714157846e-68,0,11.8000277816817,-3.23205993722129e-67,0,-1.56934709783968e-66
436,12.9,2,572,-62.6000000000002,0,3.67394039744206e-16,6,0,90
436,12.9,3,1182,-49.7000000000002,0,4.28626379701574e-16,7,0,90
436,12.9,4,1182,-41.4513620689658,0,5.60571515009708e-16,9.1548275862069,0,90
436,12.9,5,201.312,0,0,11.56,0,0,0
436,12.9,6,1775.83693846061,0,0,0.3,0,0,0
436,13,1,175.624971260307,-4.8268103346958e-69,0,11.766816459044,-4.65723020781445e-67,0,-2.2677300700438e-66
436,13,2,572,-62.0000000000002,0,3.67394039744206e-16,6,0,90
436,13,3,1182,-49.0000000000002,0,4.28626379701574e-16,7,0,90
436,13,4,1182,-40.536206896552,0,5.60170337609988e-16,9.14827586206897,0,90
436,13,5,202.466666666666,0,0,11.5333333333333,0,0,0
436,13,6,1775.83693846061,0,0,0.3,0,0,0
436,13.1,1,176.802649546198,-5.74404014766359e-68,0,11.7867492587831,-5.74745066181303e-67,0,-2.79385485048959e-66
436,13.1,2,572,-61.4000000000002,0,3.67394039744206e-16,6,0,90
436,13.1,3,1182,-48.3000000000002,0,4.28626379701574e-16,7,0,90
436,13.1,4,1182,-39.621706896552,0,5.59769160210267e-16,9.14172413793104,0,90
436,13.1,5,203.618666666666,0,0,11.5066666666667,0,0,0
436,13.1,6,1775.83693846061,0,0,0.3,0,0,0
436,13.2,1,177.982321112063,-1.17402996554986e-67,0,11.8066820585223,-6.12582198785579e-67,0,-2.97275512470695e-66
436,13.2,2,572,-60.8000000000002,0,3.67394039744206e-16,6,0,90
436,13.2,3,1182,-47.6000000000002,0,4.28626379701574e-16,7,0,90
436,13.2,4,1182,-38.7078620689658,0,5.59367982810546e-16,9.13517241379311,0,90
436,13.2,5,204.768,0,0,11.48,0,0,0
436,13.2,6,1775.83693846061,0,0,0.3,0,0,0
436,13.3,1,179.163985957902,-1.77559782888773e-67,0,11.8266148582614,-5.78507478550983e-67,0,-2.80266478066396e-66
436,13.3,2,572,-60.2000000000002,0,3.67394039744206e-16,6,0,90
436,13.3,3,1182,-46.9000000000002,0,4.28626379701574e-16,7,0,90
436,13.3,4,1182,-37.7946724137934,0,5.58966805410826e-16,9.12862068965517,0,90
436,13.3,5,205.914666666666,0,0,11.4533333333333,0,0,0
436,13.3,6,1775.83693846061,0,0,0.3,0,0,0
436,13.4,1,180.347644083715,-2.30683100101682e-67,0,11.8465476580006,-4.71790890748853e-67,0,-2.28181472214576e-66
436,13.4,2,572,-59.6000000000002,0,3.67394039744206e-16,6,0,90
436,13.4,3,1182,-46.2000000000002,0,4.28626379701574e-16,7,0,90
436,13.4,4,1182,-36.8821379310348,0,5.58565628011105e-16,9.12206896551724,0,90
436,13.4,5,207.058666666666,0,0,11.4266666666667,0,0,0
436,13.4,6,1775.83693846061,0,0,0.3,0,0,0
436,13.5,1,181.533295489503,-2.69472132393981e-67,0,11.8664804577397,-2.91699340774278e-67,0,-1.40843286875458e-66
436,13.5,2,572,-59.0000000000002,0,3.67394039744206e-16,6,0,90
436,13.5,3,1182,-45.5000000000002,0,4.28626379701574e-16,7,0,90
436,13.5,4,1182,-35.9702586206899,0,5.58164450611384e-16,9.11551724137931,0,90
436,13.5,5,208.2,0,0,11.4,0,0,0
436,13.5,6,1775.83693846061,0,0,0.3,0,0,0
436,13.6,1,182.720940175263,-2.86552600295342e-67,0,11.8864132574788,-3.74966489552128e-68,0,-1.80744155909737e-67
436,13.6,2,572,-58.4000000000002,0,3.67394039744206e-16,6,0,90
436,13.6,3,1182,-44.8000000000002,0,4.28626379701574e-16,7,0,90
436,13.6,4,1182,-35.0590344827589,0,5.57763273211664e-16,9.10896551724138,0,90
436,13.6,5,209.338666666666,0,0,11.3733333333333,0,0,0
436,13.6,6,1775.83693846061,0,0,0.3,0,0,0
436,13.7,1,183.910578140998,-2.74476451898592e-67,0,11.906346057218,2.91556454638404e-67,0,1.4030294651524e-66
436,13.7,2,572,-57.8000000000002,0,3.67394039744206e-16,6,0,90
436,13.7,3,1182,-44.1000000000002,0,4.28626379701574e-16,7,0,90
436,13.7,4,1182,-34.1484655172417,0,5.57362095811943e-16,9.10241379310345,0,90
436,13.7,5,210.474666666666,0,0,11.3466666666667,0,0,0
436,13.7,6,1775.83693846061,0,0,0.3,0,0,0
436,13.8,1,185.102209386707,-2.25721553574366e-67,0,11.9262788569571,6.96202335385528e-67,0,3.34466902737838e-66
436,13.8,2,572,-57.2000000000002,0,3.67394039744206e-16,6,0,90
436,13.8,3,1182,-43.4000000000002,0,4.28626379701574e-16,7,0,90
436,13.8,4,1182,-33.2385517241382,0,5.56960918412222e-16,9.09586206896552,0,90
436,13.8,5,211.608,0,0,11.32,0,0,0
436,13.8,6,1775.83693846061,0,0,0.3,0,0,0
436,13.9,1,186.29583391239,-1.32691380166669e-67,0,11.9462116566963,1.1771864593049e-66,0,5.64595854789769e-66
436,13.9,2,572,-56.6000000000002,0,3.67394039744206e-16,6,0,90
436,13.9,3,1182,-42.7000000000002,0,4.28626379701574e-16,7,0,90
436,13.9,4,1182,-32.3292931034486,0,5.56559741012502e-16,9.08931034482759,0,90
436,13.9,5,212.738666666666,0,0,11.2933333333333,0,0,0
436,13.9,6,1775.83693846061,0,0,0.3,0,0,0
436,14,1,187.491436197926,1.22808104679699e-68,0,11.9618140042497,1.73368673459384e-66,0,8.30416965643794e-66
436,14,2,572,-56.0000000000002,0,3.67394039744206e-16,6,0,90
436,14,3,1182,-42.0000000000002,0,4.28626379701574e-16,7,0,90
436,14,4,1182,-31.4206896551727,0,5.56158563612781e-16,9.08275862068966,0,90
436,14,5,213.866666666666,0,0,11.2666666666667,0,0,0
436,14,6,1775.83693846061,0,0,0.3,0,0,0
436,14.1,1,188.68559351174,2.08839490751243e-67,0,11.9213322720381,2.14883596452244e-66,0,1.03276403025725e-65
436,14.1,2,572,-55.4000000000002,0,3.67394039744206e-16,6,0,90
436,14.1,3,1182,-41.3000000000002,0,4.28626379701574e-16,7,0,90
436,14.1,4,1182,-30.5127413793107,0,5.5575738621306e-16,9.07620689655173,0,90
436,14.1,5,214.992,0,0,11.24,0,0,0
436,14.1,6,1775.83693846061,0,0,0.3,0,0,0
436,14.2,1,189.875702652334,4.32415318173792e-67,0,11.8808505398265,2.2750029886502e-66,0,1.09712742528287e-65
436,14.2,2,572,-54.8000000000002,0,3.67394039744206e-16,6,0,90
436,14.2,3,1182,-40.6000000000002,0,4.28626379701574e-16,7,0,90
436,14.2,4,1182,-29.6054482758624,0,5.5535620881334e-16,9.0696551724138,0,90
436,14.2,5,216.114666666666,0,0,11.2133333333333,0,0,0
436,14.2,6,1775.83693846061,0,0,0.3,0,0,0
436,14.3,1,191.061763619706,6.54401241456687e-67,0,11.840368807615,2.11800295780164e-66,0,1.02490583232688e-65
436,14.3,2,572,-54.2000000000002,0,3.67394039744206e-16,6,0,90
436,14.3,3,1182,-39.9000000000002,0,4.28626379701574e-16,7,0,90
436,14.3,4,1182,-28.6988103448279,0,5.54955031413619e-16,9.06310344827586,0,90
436,14.3,5,217.234666666666,0,0,11.1866666666667,0,0,0
436,14.3,6,1775.83693846061,0,0,0.3,0,0,0
436,14.4,1,192.243776413857,8.46769256645103e-67,0,11.7998870754034,1.68360169564656e-66,0,8.17493175360063e-66
436,14.4,2,572,-53.6000000000002,0,3.67394039744206e-16,6,0,90
436,14.4,3,1182,-39.2000000000002,0,4.28626379701574e-16,7,0,90
436,14.4,4,1182,-27.7928275862072,0,5.54553854013898e-16,9.05655172413793,0,90
436,14.4,5,218.352,0,0,11.16,0,0,0
436,14.4,6,1775.83693846061,0,0,0.3,0,0,0
436,14.5,1,193.421741034786,9.82065482796502e-67,0,11.7594053431918,9.77515866772978e-67,0,4.76278620717756e-66
436,14.5,2,572,-53.0000000000002,0,3.67394039744206e-16,6,0,90
436,14.5,3,1182,-38.5000000000003,0,4.28626379701574e-16,7,0,90
436,14.5,4,1182,-26.8875000000003,0,5.54152676614177e-16,9.05,0,90
436,14.5,5,219.466666666666,0,0,11.1333333333333,0,0,0
436,14.5,6,1775.83693846061,0,0,0.3,0,0,0
436,14.6,1,194.595657482495,1.03340525447609e-66,0,11.7189236109802,5.41314475996776e-69,0,2.64657709987041e-68
436,14.6,2,572,-52.4000000000002,0,3.67394039744206e-16,6,0,90
436,14.6,3,1182,-37.8000000000003,0,4.28626379701574e-16,7,0,90
436,14.6,4,1182,-25.9828275862072,0,5.53751499214457e-16,9.04344827586207,0,90
436,14.6,5,220.578666666666,0,0,11.1066666666667,0,0,0
436,14.6,6,1775.83693846061,0,0,0.3,0,0,0
436,14.7,1,195.765525756982,9.74468231059574e-67,0,11.6784418787687,-1.22708761974946e-66,0,-6.02023304429127e-66
436,14.7,2,572,-51.8000000000002,0,3.67394039744206e-16,6,0,90
436,14.7,3,1182,-37.1000000000003,0,4.28626379701574e-16,7,0,90
436,14.7,4,1182,-25.0788103448279,0,5.53350321814736e-16,9.03689655172414,0,90
436,14.7,5,221.688,0,0,11.08,0,0,0
436,14.7,6,1775.83693846061,0,0,0.3,0,0,0
436,14.8,1,196.931345858249,7.79493522843191e-67,0,11.6379601465571,-2.7144162309755e-66,0,-1.33635613044021e-65
436,14.8,2,572,-51.2000000000002,0,3.67394039744206e-16,6,0,90
436,14.8,3,1182,-36.4000000000003,0,4.28626379701574e-16,7,0,90
436,14.8,4,1182,-24.1754482758624,0,5.52949144415015e-16,9.03034482758621,0,90
436,14.8,5,222.794666666666,0,0,11.0533333333333,0,0,0
436,14.8,6,1775.83693846061,0,0,0.3,0,0,0
436,14.9,1,198.093117786294,4.23274833961037e-67,0,11.5974784143455,-4.45105097992864e-66,0,-2.19898176513978e-65
436,14.9,2,572,-50.6000000000002,0,3.67394039744206e-16,6,0,90
436,14.9,3,1182,-35.7000000000003,0,4.28626379701574e-16,7,0,90
436,14.9,4,1182,-23.2727413793107,0,5.52547967015295e-16,9.02379310344828,0,90
436,14.9,5,223.898666666666,0,0,11.0266666666667,0,0,0
436,14.9,6,1775.83693846061,0,0,0.3,0,0,0
436,15,1,199.250842288674,-1.18697911640889e-67,0,11.5570750921126,-6.40846175601113e-66,0,-3.17708251321326e-65
436,15,2,572,-50.0000000000002,0,3.67394039744206e-16,6,0,90
436,15,3,1182,-35.0000000000003,0,4.28626379701574e-16,7,0,90
436,15,4,1182,-22.3706896551728,0,5.52146789615574e-16,9.01724137931035,0,90
436,15,5,225,0,0,11,0,0,0
436,15,6,1775.83693846061,0,0,0.3,0,0,0
436,15.1,1,200.404546272015,-8.35419283058476e-67,0,11.5170045746998,-7.75625264604772e-66,0,-3.85864691268733e-65
436,15.1,2,572,-49.4000000000002,0,3.67394039744206e-16,6,0,90
436,15.1,3,1182,-34.3000000000003,0,4.28626379701574e-16,7,0,90
436,15.1,4,1182,-21.4692931034486,0,5.51745612215853e-16,9.01068965517242,0,90
436,15.1,5,226.098666666666,0,0,10.9733333333333,0,0,0
436,15.1,6,1775.83693846061,0,0,0.3,0,0,0
436,15.2,1,201.554243203614,-1.63635445809904e-66,0,11.4769340572869,-8.09621800848261e-66,0,-4.04183834801542e-65
436,15.2,2,572,-48.8000000000002,0,3.67394039744206e-16,6,0,90
436,15.2,3,1182,-33.6000000000003,0,4.28626379701574e-16,7,0,90
436,15.2,4,1182,-20.5685517241383,0,5.51344434816133e-16,9.00413793103449,0,90
436,15.2,5,227.194666666666,0,0,10.9466666666667,0,0,0
436,15.2,6,1775.83693846061,0,0,0.3,0,0,0
436,15.3,1,202.699933083472,-2.42176191863087e-66,0,11.4368635398741,-7.44914836316603e-66,0,-3.73183400053837e-65
436,15.3,2,572,-48.2000000000002,0,3.67394039744206e-16,6,0,90
436,15.3,3,1182,-32.9000000000003,0,4.28626379701574e-16,7,0,90
436,15.3,4,1182,-19.6680817174519,0,5.52219023773417e-16,9.01842105263156,0,90
436,15.3,5,228.288,0,0,10.92,0,0,0
436,15.3,6,1775.83693846061,0,0,0.3,0,0,0
436,15.4,1,203.841615911589,-3.0939701572077e-66,0,11.3967930224613,-5.83565350911782e-66,0,-2.93379300750827e-65
436,15.4,2,572,-47.6000000000002,0,3.67394039744206e-16,6,0,90
436,15.4,3,1182,-32.2000000000003,0,4.28626379701574e-16,7,0,90
436,15.4,4,1182,-18.7637396121887,0,5.55280640771286e-16,9.06842105263156,0,90
436,15.4,5,229.378666666666,0,0,10.8933333333333,0,0,0
436,15.4,6,1775.83693846061,0,0,0.3,0,0,0
436,15.5,1,204.979291687964,-3.55735963653405e-66,0,11.3567225050485,-3.27616315549528e-66,0,-1.65285646208841e-65
436,15.5,2,572,-47.0000000000002,0,3.67394039744206e-16,6,0,90
436,15.5,3,1182,-31.5000000000003,0,4.28626379701574e-16,7,0,90
436,15.5,4,1182,-17.8543975069256,0,5.58342257769154e-16,9.11842105263156,0,90
436,15.5,5,230.466666666666,0,0,10.8666666666667,0,0,0
436,15.5,6,1775.83693846061,0,0,0.3,0,0,0
436,15.6,1,206.112960412599,-3.71834481202739e-66,0,11.3166519876356,2.09072447438879e-67,0,1.05852586646709e-66
436,15.6,2,572,-46.4000000000002,0,3.67394039744206e-16,6,0,90
436,15.6,3,1182,-30.8000000000003,0,4.28626379701574e-16,7,0,90
436,15.6,4,1182,-16.9400554016624,0,5.61403874767022e-16,9.16842105263156,0,90
436,15.6,5,231.552,0,0,10.84,0,0,0
436,15.6,6,1775.83693846061,0,0,0.3,0,0,0
436,15.7,1,207.242622085491,-3.48535621747704e-66,0,11.2765814702228,4.59998187734865e-66,0,2.33722913371135e-65
436,15.7,2,572,-45.8000000000002,0,3.67394039744206e-16,6,0,90
436,15.7,3,1182,-30.1000000000003,0,4.28626379701574e-16,7,0,90
436,15.7,4,1182,-16.0207132963993,0,5.64465491764891e-16,9.21842105263156,0,90
436,15.7,5,232.634666666666,0,0,10.8133333333333,0,0,0
436,15.7,6,1775.83693846061,0,0,0.3,0,0,0
436,15.8,1,208.368276706643,-2.76882261379994e-66,0,11.23651095281,9.87667190885675e-66,0,5.03618621820855e-65
436,15.8,2,572,-45.2000000000002,0,3.67394039744206e-16,6,0,90
436,15.8,3,1182,-29.4000000000003,0,4.28626379701574e-16,7,0,90
436,15.8,4,1182,-15.0963711911361,0,5.67527108762759e-16,9.26842105263156,0,90
436,15.8,5,233.714666666666,0,0,10.7866666666667,0,0,0
436,15.8,6,1775.83693846061,0,0,0.3,0,0,0
436,15.9,1,209.489924276053,-1.48115320089311e-66,0,11.1964404353971,1.60194268825768e-65,0,8.19765492333018e-65
436,15.9,2,572,-44.6000000000003,0,3.67394039744206e-16,6,0,90
436,15.9,3,1182,-28.7000000000003,0,4.28626379701574e-16,7,0,90
436,15.9,4,1182,-14.167029085873,0,5.70588725760627e-16,9.31842105263156,0,90
436,15.9,5,234.792,0,0,10.76,0,0,0
436,15.9,6,1775.83693846061,0,0,0.3,0,0,0
436,16,1,210.607565730776,4.62614902272172e-67,0,11.1564598993482,2.29128417658121e-65,0,1.17672553988995e-64
436,16,2,572,-44.0000000000002,0,3.67394039744206e-16,6,0,90
436,16,3,1182,-28.0000000000003,0,4.28626379701574e-16,7,0,90
436,16,4,1182,-13.2326869806098,0,5.73650342758496e-16,9.36842105263156,0,90
436,16,5,235.866666666666,0,0,10.7333333333333,0,0,0
436,16,6,1775.83693846061,0,0,0.3,0,0,0
436,16.1,1,211.721229796186,3.01868681445554e-66,0,11.1168214088628,2.76169158138713e-65,0,1.42336794044511e-64
436,16.1,2,572,-43.4000000000002,0,3.67394039744206e-16,6,0,90
436,16.1,3,1182,-27.3000000000003,0,4.28626379701574e-16,7,0,90
436,16.1,4,1182,-12.2933448753467,0,5.76711959756364e-16,9.41842105263156,0,90
436,16.1,5,236.938666666666,0,0,10.7066666666667,0,0,0
436,16.1,6,1775.83693846061,0,0,0.3,0,0,0
436,16.2,1,212.830930012548,5.86890700364489e-66,0,11.0771829183775,2.8808235896424e-65,0,1.49008131782674e-64
436,16.2,2,572,-42.8000000000002,0,3.67394039744206e-16,6,0,90
436,16.2,3,1182,-26.6000000000003,0,4.28626379701574e-16,7,0,90
436,16.2,4,1182,-11.3490027700835,0,5.79773576754233e-16,9.46842105263156,0,90
436,16.2,5,238.008,0,0,10.68,0,0,0
436,16.2,6,1775.83693846061,0,0,0.3,0,0,0
436,16.3,1,213.936666379862,8.66571760054048e-66,0,11.0375444278921,2.65610421384033e-65,0,1.37878096341241e-64
436,16.3,2,572,-42.2000000000002,0,3.67394039744206e-16,6,0,90
436,16.3,3,1182,-25.9000000000003,0,4.28626379701574e-16,7,0,90
436,16.3,4,1182,-10.3996606648203,0,5.82835193752101e-16,9.51842105263156,0,90
436,16.3,5,239.074666666666,0,0,10.6533333333333,0,0,0
436,16.3,6,1775.83693846061,0,0,0.3,0,0,0
436,16.4,1,215.038438898127,1.10689516617521e-65,0,10.9979059374068,2.09489133274856e-65,0,1.09137532715915e-64
436,16.4,2,572,-41.6000000000002,0,3.67394039744206e-16,6,0,90
436,16.4,3,1182,-25.2000000000003,0,4.28626379701574e-16,7,0,90
436,16.4,4,1182,-9.44531855955714,0,5.85896810749969e-16,9.56842105263156,0,90
436,16.4,5,240.138666666666,0,0,10.6266666666667,0,0,0
436,16.4,6,1775.83693846061,0,0,0.3,0,0,0
436,16.5,1,216.136247567343,1.27457671543994e-65,0,10.9582674469214,1.20447692806143e-65,0,6.29766017603363e-65
436,16.5,2,572,-41.0000000000002,0,3.67394039744206e-16,6,0,90
436,16.5,3,1182,-24.5000000000003,0,4.28626379701574e-16,7,0,90
436,16.5,4,1182,-8.48597645429397,0,5.88958427747838e-16,9.61842105263156,0,90
436,16.5,5,241.2,0,0,10.6,0,0,0
436,16.5,6,1775.83693846061,0,0,0.3,0,0,0
436,16.6,1,217.230092387511,1.33705811773651e-65,0,10.918628956436,-7.91267894770366e-68,0,-4.15219813910977e-67
436,16.6,2,572,-40.4000000000002,0,3.67394039744206e-16,6,0,90
436,16.6,3,1182,-23.8000000000002,0,4.28626379701574e-16,7,0,90
436,16.6,4,1182,-7.5216343490308,0,5.92020044745706e-16,9.66842105263156,0,90
436,16.6,5,242.258666666666,0,0,10.5733333333333,0,0,0
436,16.6,6,1775.83693846061,0,0,0.3,0,0,0
436,16.7,1,218.319973358631,1.26250044191995e-65,0,10.8789904659507,-1.53511659077419e-65,0,-8.08491394373022e-65
436,16.7,2,572,-39.8000000000002,0,3.67394039744206e-16,6,0,90
436,16.7,3,1182,-23.1000000000002,0,4.28626379701574e-16,7,0,90
436,16.7,4,1182,-6.55229224376763,0,5.95081661743575e-16,9.71842105263156,0,90
436,16.7,5,243.314666666666,0,0,10.5466666666667,0,0,0
436,16.7,6,1775.83693846061,0,0,0.3,0,0,0
436,16.8,1,219.405890480701,1.01977758526788e-65,0,10.8393519754653,-3.37003909702972e-65,0,-1.78137048682371e-64
436,16.8,2,572,-39.2000000000002,0,3.67394039744206e-16,6,0,90
436,16.8,3,1182,-22.4000000000002,0,4.28626379701574e-16,7,0,90
436,16.8,4,1182,-5.57795013850446,0,5.98143278741443e-16,9.76842105263156,0,90
436,16.8,5,244.368,0,0,10.52,0,0,0
436,16.8,6,1775.83693846061,0,0,0.3,0,0,0
436,16.9,1,220.487843753724,5.78469766601411e-66,0,10.7997134849799,-5.50564943779e-65,0,-2.9209152326371e-64
436,16.9,2,572,-38.6000000000002,0,3.67394039744206e-16,6,0,90
436,16.9,3,1182,-21.7000000000002,0,4.28626379701574e-16,7,0,90
436,16.9,4,1182,-4.59860803324129,0,6.01204895739312e-16,9.81842105263156,0,90
436,16.9,5,245.418666666666,0,0,10.4933333333333,0,0,0
436,16.9,6,1775.83693846061,0,0,0.3,0,0,0
436,17,1,221.565874075293,-9.11321237235621e-67,0,10.7670615234176,-7.92972733182218e-65,0,-4.21972055992054e-64
436,17,2,572,-38.0000000000002,0,3.67394039744206e-16,6,0,90
436,17,3,1182,-21.0000000000002,0,4.28626379701574e-16,7,0,90
436,17,4,1182,-3.61426592797812,0,6.0426651273718e-16,9.86842105263156,0,90
436,17,5,246.466666666666,0,0,10.4666666666667,0,0,0
436,17,6,1775.83693846061,0,0,0.3,0,0,0
436,17.1,1,222.64358207185,-9.8607958784449e-66,0,10.7870984077409,-9.76751054054496e-65,0,-5.18802285071555e-64
436,17.1,2,572,-37.4000000000002,0,3.67394039744206e-16,6,0,90
436,17.1,3,1182,-20.3000000000002,0,4.28626379701574e-16,7,0,90
436,17.1,4,1182,-2.62492382271495,0,6.07328129735048e-16,9.91842105263157,0,90
436,17.1,5,247.512,0,0,10.44,0,0,0
436,17.1,6,1775.83693846061,0,0,0.3,0,0,0
436,17.2,1,223.723293756841,-2.00406504470394e-65,0,10.8071352920642,-1.03882160241396e-64,0,-5.50748111102513e-64
436,17.2,2,572,-36.8000000000002,0,3.67394039744206e-16,6,0,90
436,17.2,3,1182,-19.6002653061226,0,4.28057793687684e-16,6.99071428571429,0,90
436,17.2,4,1182,-1.63058171745178,0,6.10389746732917e-16,9.96842105263157,0,90
436,17.2,5,248.554666666666,0,0,10.4133333333333,0,0,0
436,17.2,6,1775.83693846061,0,0,0.3,0,0,0
436,17.3,1,224.805009130263,-3.02269831683038e-65,0,10.8271721763876,-9.77818511728178e-65,0,-5.17446965274736e-64
436,17.3,2,572,-36.2000000000001,0,3.67394039744206e-16,6,0,90
436,17.3,3,1182,-18.9020063775512,0,4.27062768163377e-16,6.97446428571429,0,90
436,17.3,4,1182,-0.631239612188612,0,6.13451363730785e-16,10.0184210526316,0,90
436,17.3,5,249.594666666666,0,0,10.3866666666667,0,0,0
436,17.3,6,1775.83693846061,0,0,0.3,0,0,0
436,17.4,1,225.888728192118,-3.91822018841411e-65,0,10.8472090607109,-7.92369569892524e-65,0,-4.18535605936432e-64
436,17.4,2,572,-35.6000000000001,0,3.67394039744206e-16,6,0,90
436,17.4,3,1182,-18.2053724489797,0,4.2606774263907e-16,6.95821428571429,0,90
436,17.4,4,1182,0.373102493074558,0,6.16512980728654e-16,10.0684210526316,0,90
436,17.4,5,250.632,0,0,10.36,0,0,0
436,17.4,6,1775.83693846061,0,0,0.3,0,0,0
436,17.5,1,226.974450942406,-4.56549605385268e-65,0,10.8672459450342,-4.81096207465179e-65,0,-2.53650118594221e-64
436,17.5,2,572,-35.0000000000001,0,3.67394039744206e-16,6,0,90
436,17.5,3,1182,-17.5103635204083,0,4.25072717114762e-16,6.94196428571429,0,90
436,17.5,4,1182,1.38244459833773,0,6.19574597726522e-16,10.1184210526316,0,90
436,17.5,5,251.666666666666,0,0,10.3333333333333,0,0,0
436,17.5,6,1775.83693846061,0,0,0.3,0,0,0
436,17.6,1,228.062177381125,-4.83800955453113e-65,0,10.8872828293575,-4.26134859021938e-66,0,-2.24259159131261e-65
436,17.6,2,572,-34.4000000000001,0,3.67394039744206e-16,6,0,90
436,17.6,3,1182,-16.8169795918369,0,4.24077691590455e-16,6.92571428571429,0,90
436,17.6,4,1182,2.3967867036009,0,6.22636214724391e-16,10.1684210526316,0,90
436,17.6,5,252.698666666666,0,0,10.3066666666667,0,0,0
436,17.6,6,1775.83693846061,0,0,0.3,0,0,0
436,17.7,1,229.151907508277,-4.60785620383742e-65,0,10.9073197136809,5.24469914207473e-65,0,2.75502262283424e-64
436,17.7,2,572,-33.8000000000001,0,3.67394039744206e-16,6,0,90
436,17.7,3,1182,-16.1252206632654,0,4.23082666066148e-16,6.90946428571429,0,90
436,17.7,4,1182,3.41612880886407,0,6.25697831722259e-16,10.2184210526316,0,90
436,17.7,5,253.728,0,0,10.28,0,0,0
436,17.7,6,1775.83693846061,0,0,0.3,0,0,0
436,17.8,1,230.243641323861,-3.74573700041288e-65,0,10.9273565980042,1.22155170490692e-64,0,6.40500349013591e-64
436,17.8,2,572,-33.2000000000001,0,3.67394039744206e-16,6,0,90
436,17.8,3,1182,-15.435086734694,0,4.22087640541841e-16,6.89321428571429,0,90
436,17.8,4,1182,4.44047091412725,0,6.28759448720127e-16,10.2684210526316,0,90
436,17.8,5,254.754666666667,0,0,10.2533333333333,0,0,0
436,17.8,6,1775.83693846061,0,0,0.3,0,0,0
436,17.9,1,231.337378827878,-2.12095202963761e-65,0,10.9473934823275,2.05003600263624e-64,0,1.07293495013713e-63
436,17.9,2,572,-32.6000000000001,0,3.67394039744206e-16,6,0,90
436,17.9,3,1182,-14.7465778061226,0,4.21092615017533e-16,6.87696428571429,0,90
436,17.9,4,1182,5.46981301939041,0,6.31821065717996e-16,10.3184210526316,0,90
436,17.9,5,255.778666666667,0,0,10.2266666666667,0,0,0
436,17.9,6,1775.83693846061,0,0,0.3,0,0,0
436,18,1,232.433064223916,3.98193033775975e-66,0,10.9591937486218,3.00327046030815e-64,0,1.57014034115063e-63
436,18,2,572,-32.0000000000001,0,3.67394039744206e-16,6,0,90
436,18,3,1182,-14.0596938775511,0,4.20097589493226e-16,6.86071428571429,0,90
436,18,4,1182,6.50415512465359,0,6.34882682715864e-16,10.3684210526316,0,90
436,18,5,256.8,0,0,10.2,0,0,0
436,18,6,1775.83693846061,0,0,0.3,0,0,0
436,18.1,1,233.526945736898,3.77977863585362e-65,0,10.9184365110177,3.67612221687874e-64,0,1.92908836158809e-63
436,18.1,2,572,-31.4000000000001,0,3.67394039744206e-16,6,0,90
436,18.1,3,1182,-13.3744349489797,0,4.19102563968919e-16,6.84446428571429,0,90
436,18.1,4,1182,7.54349722991676,0,6.37944299713733e-16,10.4184210526316,0,90
436,18.1,5,257.818666666667,0,0,10.1733333333333,0,0,0
436,18.1,6,1775.83693846061,0,0,0.3,0,0,0
436,18.2,1,234.616751526119,7.58472439623668e-65,0,10.8776792734136,3.85183132995462e-64,0,2.0288673075889e-63
436,18.2,2,572,-30.8000000000001,0,3.67394039744206e-16,6,0,90
436,18.2,3,1182,-12.6908010204082,0,4.18107538444612e-16,6.82821428571429,0,90
436,18.2,4,1182,8.58783933517993,0,6.41005916711601e-16,10.4684210526316,0,90
436,18.2,5,258.834666666667,0,0,10.1466666666667,0,0,0
436,18.2,6,1775.83693846061,0,0,0.3,0,0,0
436,18.3,1,235.70248159158,1.13213922017204e-64,0,10.8369220358095,3.54138974410097e-64,0,1.87236454481648e-63
436,18.3,2,572,-30.2000000000001,0,3.67394039744206e-16,6,0,90
436,18.3,3,1182,-12.0087920918368,0,4.17112512920304e-16,6.81196428571429,0,90
436,18.3,4,1182,9.6371814404431,0,6.44067533709469e-16,10.5184210526316,0,90
436,18.3,5,259.848,0,0,10.12,0,0,0
436,18.3,6,1775.83693846061,0,0,0.3,0,0,0
436,18.4,1,236.784135933281,1.45090845996326e-64,0,10.7961647982054,2.75568689982952e-64,0,1.46245664058377e-63
436,18.4,2,572,-29.6000000000001,0,3.67394039744206e-16,6,0,90
436,18.4,3,1182,-11.3284081632654,0,4.16117487395997e-16,6.79571428571429,0,90
436,18.4,4,1182,10.6915235457063,0,6.47129150707338e-16,10.5684210526316,0,90
436,18.4,5,260.858666666667,0,0,10.0933333333333,0,0,0
436,18.4,6,1775.83693846061,0,0,0.3,0,0,0
436,18.5,1,237.861714551222,1.66779424858151e-64,0,10.7554075606012,1.50551011766775e-64,0,8.02009363853286e-64
436,18.5,2,572,-29,0,3.67394039744206e-16,6,0,90
436,18.5,3,1182,-10.6496492346939,0,4.1512246187169e-16,6.77946428571429,0,90
436,18.5,4,1182,11.7508656509694,0,6.50190767705206e-16,10.6184210526316,0,90
436,18.5,5,261.866666666667,0,0,10.0666666666667,0,0,0
436,18.5,6,1775.83693846061,0,0,0.3,0,0,0
436,18.6,1,238.935217445401,1.73688431766739e-64,0,10.7146503229971,-1.98455017771798e-65,0,-1.06122314762925e-64
436,18.6,2,572,-28.4,0,3.67394039744206e-16,6,0,90
436,18.6,3,1182,-9.97251530612248,0,4.14127436347383e-16,6.76321428571429,0,90
436,18.6,4,1182,12.8152077562326,0,6.53252384703075e-16,10.6684210526316,0,90
436,18.6,5,262.872,0,0,10.04,0,0,0
436,18.6,6,1775.83693846061,0,0,0.3,0,0,0
436,18.7,1,240.004644615821,1.61332988652987e-64,0,10.673893085393,-2.34562427372234e-64,0,-1.25909422300327e-63
436,18.7,2,572,-27.8,0,3.67394039744206e-16,6,0,90
436,18.7,3,1182,-9.29700637755105,0,4.13132410823075e-16,6.74696428571429,0,90
436,18.7,4,1182,13.8845498614958,0,6.56314001700943e-16,10.7184210526316,0,90
436,18.7,5,263.874666666667,0,0,10.0133333333333,0,0,0
436,18.7,6,1775.83693846061,0,0,0.3,0,0,0
436,18.8,1,241.06999606248,1.25333554616523e-64,0,10.6331358477889,-4.92551438519354e-64,0,-2.65407298695661e-63
436,18.8,2,572,-27.2,0,3.67394039744206e-16,6,0,90
436,18.8,3,1182,-8.62312244897961,0,4.12137385298768e-16,6.73071428571429,0,90
436,18.8,4,1182,14.958891966759,0,6.59375618698812e-16,10.7684210526316,0,90
436,18.8,5,264.874666666667,0,0,9.98666666666667,0,0,0
436,18.8,6,1775.83693846061,0,0,0.3,0,0,0
436,18.9,1,242.131271785379,6.14149181682825e-65,0,10.5923786101848,-7.92774267090233e-64,0,-4.28823603106225e-63
436,18.9,2,572,-26.6,0,3.67394039744206e-16,6,0,90
436,18.9,3,1182,-7.95086352040817,0,4.11142359774461e-16,6.71446428571429,0,90
436,18.9,4,1182,16.0382340720221,0,6.6243723569668e-16,10.8184210526316,0,90
436,18.9,5,265.872,0,0,9.96,0,0,0
436,18.9,6,1775.83693846061,0,0,0.3,0,0,0
436,19,1,243.188474086781,-3.44748680299516e-65,0,10.5517646925976,-1.12300305218453e-63,0,-6.09787435040341e-63
436,19,2,572,-26,0,3.67394039744206e-16,6,0,90
436,19,3,1182,-7.28022959183673,0,4.10147334250154e-16,6.69821428571429,0,90
436,19,4,1182,17.1225761772853,0,6.65498852694548e-16,10.8684210526316,0,90
436,19,5,266.866666666667,0,0,9.93333333333333,0,0,0
436,19,6,1775.83693846061,0,0,0.3,0,0,0
436,19.1,1,244.241634998975,-1.58458698085173e-64,0,10.5114535512792,-1.32766651203313e-63,0,-7.23683811846326e-63
436,19.1,2,572,-25.4,0,3.67394039744206e-16,6,0,90
436,19.1,3,1182,-6.61122066326529,0,4.09152308725847e-16,6.68196428571429,0,90
436,19.1,4,1182,18.2119182825485,0,6.68560469692417e-16,10.9184210526316,0,90
436,19.1,5,267.858666666667,0,0,9.90666666666667,0,0,0
436,19.1,6,1775.83693846061,0,0,0.3,0,0,0
436,19.2,1,245.290764797037,-2.94272424807043e-64,0,10.4711424099609,-1.36025634808495e-63,0,-7.4430224277159e-63
436,19.2,2,572,-24.8,0,3.67394039744206e-16,6,0,90
436,19.2,3,1182,-5.94383673469386,0,4.08157283201539e-16,6.66571428571429,0,90
436,19.2,4,1182,19.3062603878117,0,6.71622086690285e-16,10.9684210526316,0,90
436,19.2,5,268.848,0,0,9.88,0,0,0
436,19.2,6,1775.83693846061,0,0,0.3,0,0,0
436,19.3,1,246.335863480967,-4.24904667852695e-64,0,10.4308312686425,-1.22468593855456e-63,0,-6.72710867437186e-63
436,19.3,2,572,-24.2,0,3.67394039744206e-16,6,0,90
436,19.3,3,1182,-5.27807780612242,0,4.07162257677232e-16,6.64946428571429,0,90
436,19.3,4,1182,20.4057042936289,0,6.75022092935287e-16,11.0239473684211,0,90
436,19.3,5,269.834666666667,0,0,9.85333333333333,0,0,0
436,19.3,6,1775.83693846061,0,0,0.3,0,0,0
436,19.4,1,247.376931050765,-5.33733508350496e-64,0,10.3905201273241,-9.24831158714815e-64,0,-5.09973721307817e-63
436,19.4,2,572,-23.6,0,3.67394039744206e-16,6,0,90
436,19.4,3,1182,-4.61394387755098,0,4.06167232152925e-16,6.63321428571428,0,90
436,19.4,4,1182,21.511349030471,0,6.79002195032516e-16,11.0889473684211,0,90
436,19.4,5,270.818666666667,0,0,9.82666666666666,0,0,0
436,19.4,6,1775.83693846061,0,0,0.3,0,0,0
436,19.5,1,248.413967506432,-6.045227458247e-64,0,10.3502089860057,-4.64530525273321e-64,0,-2.57150735691838e-63
436,19.5,2,572,-23,0,3.67394039744206e-16,6,0,90
436,19.5,3,1182,-3.95143494897954,0,4.05172206628618e-16,6.61696428571428,0,90
436,19.5,4,1182,22.6234937673131,0,6.82982297129745e-16,11.1539473684211,0,90
436,19.5,5,271.8,0,0,9.8,0,0,0
436,19.5,6,1775.83693846061,0,0,0.3,0,0,0
436,19.6,1,249.446972847967,-6.21418169557742e-64,0,10.3098978446874,1.52414659251154e-64,0,8.47022622587442e-64
436,19.6,2,572,-22.3999999999999,0,3.67394039744206e-16,6,0,90
436,19.6,3,1182,-3.2905510204081,0,4.0417718110431e-16,6.60071428571428,0,90
436,19.6,4,1182,23.7421385041552,0,6.86962399226973e-16,11.2189473684211,0,90
436,19.6,5,272.778666666667,0,0,9.77333333333333,0,0,0
436,19.6,6,1775.83693846061,0,0,0.3,0,0,0
436,19.7,1,250.475947075369,-5.68943844390179e-64,0,10.269586703369,9.22240162152202e-64,0,5.14533549548272e-63
436,19.7,2,572,-21.7999999999999,0,3.67394039744206e-16,6,0,90
436,19.7,3,1182,-2.63129209183667,0,4.03182155580003e-16,6.58446428571428,0,90
436,19.7,4,1182,24.8672832409973,0,6.90942501324202e-16,11.2839473684211,0,90
436,19.7,5,273.754666666667,0,0,9.74666666666666,0,0,0
436,19.7,6,1775.83693846061,0,0,0.3,0,0,0
436,19.8,1,251.50089018864,-4.31998410958274e-64,0,10.2292755620506,1.84121867615933e-63,0,1.03129550733743e-62
436,19.8,2,572,-21.1999999999999,0,3.67394039744206e-16,6,0,90
436,19.8,3,1182,-1.97365816326523,0,4.02187130055696e-16,6.56821428571428,0,90
436,19.8,4,1182,25.9989279778395,0,6.94922603421431e-16,11.3489473684211,0,90
436,19.8,5,274.728,0,0,9.72,0,0,0
436,19.8,6,1775.83693846061,0,0,0.3,0,0,0
436,19.9,1,252.52180218778,-1.95851400369232e-64,0,10.1889644207322,2.90565967506151e-63,0,1.63394462094327e-62
436,19.9,2,572,-20.5999999999999,0,3.67394039744206e-16,6,0,90
436,19.9,3,1182,-1.31764923469379,0,4.01192104531389e-16,6.55196428571428,0,90
436,19.9,4,1182,27.1370727146816,0,6.9890270551866e-16,11.4139473684211,0,90
436,19.9,5,275.698666666667,0,0,9.69333333333333,0,0,0
436,19.9,6,1775.83693846061,0,0,0.3,0,0,0
436,20,1,253.538686812369,1.53068179967362e-64,0,10.1488409807641,4.05227394420779e-63,0,2.28773112983053e-62
436,20,2,572,-19.9999999999999,0,3.67394039744207e-16,6.00000000000002,0,90
436,20,3,1182,-0.663265306122351,0,4.00197079007081e-16,6.53571428571428,0,90
436,20,4,1182,28.2817174515237,0,7.02882807615889e-16,11.4789473684211,0,90
436,20,5,276.666666666667,0,0,9.66666666666666,0,0,0
436,20,6,1775.83693846061,0,0,0.3,0,0,0
436,20.1,1,254.551578906675,5.97047722637437e-64,0,10.1090009053485,4.72696487296547e-63,0,2.67914841103852e-62
436,20.1,2,572,-19.3932499999999,0,3.75660405638452e-16,6.13500000000002,0,90
436,20.1,3,1182,-0.0105063775509144,0,3.99202053482774e-16,6.51946428571428,0,90
436,20.1,4,1182,29.4328621883658,0,7.06862909713118e-16,11.5439473684211,0,90
436,20.1,5,277.632,0,0,9.64,0,0,0
436,20.1,6,1775.83693846061,0,0,0.3,0,0,0
436,20.2,1,255.560486993439,1.07862421119738e-63,0,10.069160829933,4.80654291543466e-63,0,2.73503053287455e-62
436,20.2,2,572,-18.7729999999999,0,3.83926771532697e-16,6.27000000000002,0,90
436,20.2,3,1182,0.640627551020522,0,3.98207027958467e-16,6.50321428571428,0,90
436,20.2,4,1182,30.590506925208,0,7.10843011810347e-16,11.6089473684211,0,90
436,20.2,5,278.594666666667,0,0,9.61333333333333,0,0,0
436,20.2,6,1775.83693846061,0,0,0.3,0,0,0
436,20.3,1,256.565411072662,1.53898308306006e-63,0,10.0293207545175,4.30491971064992e-63,0,2.45932637513682e-62
436,20.3,2,572,-18.1392499999999,0,3.92193137426941e-16,6.40500000000003,0,90
436,20.3,3,1182,1.29013647959196,0,3.9721200243416e-16,6.48696428571428,0,90
436,20.3,4,1182,31.7546516620501,0,7.14823113907576e-16,11.6739473684211,0,90
436,20.3,5,279.554666666667,0,0,9.58666666666666,0,0,0
436,20.3,6,1775.83693846061,0,0,0.3,0,0,0
436,20.4,1,257.566351144343,1.92069408403744e-63,0,9.98948067910194,3.23586987791415e-63,0,1.85596922416453e-62
436,20.4,2,572,-17.4919999999999,0,4.00459503321186e-16,6.54000000000003,0,90
436,20.4,3,1182,1.9380204081634,0,3.96216976909852e-16,6.47071428571428,0,90
436,20.4,4,1182,32.9252963988922,0,7.18803216004805e-16,11.7389473684211,0,90
436,20.4,5,280.512,0,0,9.56,0,0,0
436,20.4,6,1775.83693846061,0,0,0.3,0,0,0
436,20.5,1,258.563307208482,2.16769759347424e-63,0,9.94964060368641,1.6130315589368e-63,0,9.28876772837846e-63
436,20.5,2,572,-16.8312499999999,0,4.08725869215431e-16,6.67500000000003,0,90
436,20.5,3,1182,2.58427933673483,0,3.95221951385545e-16,6.45446428571428,0,90
436,20.5,4,1182,34.1024411357343,0,7.22783318102034e-16,11.8039473684211,0,90
436,20.5,5,281.466666666667,0,0,9.53333333333333,0,0,0
436,20.5,6,1775.83693846061,0,0,0.3,0,0,0
436,20.6,1,259.55627926508,2.22529100359557e-63,0,9.90980052827087,-5.50093040028033e-64,0,-3.18048879422065e-63
436,20.6,2,572,-16.1569999999998,0,4.16992235109676e-16,6.81000000000003,0,90
436,20.6,3,1182,3.22891326530627,0,3.94226925861238e-16,6.43821428571428,0,90
436,20.6,4,1182,35.2860858725764,0,7.26763420199263e-16,11.8689473684211,0,90
436,20.6,5,282.418666666667,0,0,9.50666666666666,0,0,0
436,20.6,6,1775.83693846061,0,0,0.3,0,0,0
436,20.7,1,260.545267314136,2.04011515306826e-63,0,9.86996045285534,-3.24013710604336e-63,0,-1.88092122665305e-62
436,20.7,2,572,-15.4692499999998,0,4.2525860100392e-16,6.94500000000003,0,90
436,20.7,3,1182,3.87192219387771,0,3.93231900336931e-16,6.42196428571428,0,90
436,20.7,4,1182,36.4762306094186,0,7.30743522296492e-16,11.9339473684211,0,90
436,20.7,5,283.368,0,0,9.47999999999999,0,0,0
436,20.7,6,1775.83693846061,0,0,0.3,0,0,0
436,20.8,1,261.530271355651,1.56014081477608e-63,0,9.8301203774398,-6.44386867735118e-63,0,-3.75586935635195e-62
436,20.8,2,572,-14.7679999999998,0,4.33524966898165e-16,7.08000000000003,0,90
436,20.8,3,1182,4.51330612244915,0,3.92236874812623e-16,6.40571428571428,0,90
436,20.8,4,1182,37.6728753462607,0,7.34723624393721e-16,11.9989473684211,0,90
436,20.8,5,284.314666666667,0,0,9.45333333333333,0,0,0
436,20.8,6,1775.83693846061,0,0,0.3,0,0,0
436,20.9,1,262.511291389624,7.34655237808724e-64,0,9.79028030202427,-1.01481901012343e-62,0,-5.93903794947466e-62
436,20.9,2,572,-14.0532499999998,0,4.4179133279241e-16,7.21500000000004,0,90
436,20.9,3,1182,5.15306505102058,0,3.91241849288316e-16,6.38946428571428,0,90
436,20.9,4,1182,38.8760200831028,0,7.3870372649095e-16,12.0639473684211,0,90
436,20.9,5,285.258666666667,0,0,9.42666666666666,0,0,0
436,20.9,6,1775.83693846061,0,0,0.3,0,0,0
436,21,1,263.488330614269,-4.83763200519054e-64,0,9.75061873852844,-1.4173693056829e-62,0,-8.32862830603034e-62
436,21,2,572,-13.3249999999998,0,4.50057698686655e-16,7.35000000000004,0,90
436,21,3,1182,5.79119897959202,0,3.90246823764009e-16,6.37321428571428,0,90
436,21,4,1182,40.0856648199449,0,7.42683828588179e-16,12.1289473684211,0,90
436,21,5,286.2,0,0,9.39999999999999,0,0,0
436,21,6,1775.83693846061,0,0,0.3,0,0,0
436,21.1,1,264.461425393968,-2.04138875047829e-63,0,9.71127685545459,-1.66318907276135e-62,0,-9.81268640775883e-62
436,21.1,2,572,-12.5832499999998,0,4.58324064580899e-16,7.48500000000004,0,90
436,21.1,3,1182,6.42770790816346,0,3.89251798239702e-16,6.35696428571428,0,90
436,21.1,4,1182,41.3018095567871,0,7.46663930685408e-16,12.1939473684211,0,90
436,21.1,5,287.138666666667,0,0,9.37333333333332,0,0,0
436,21.1,6,1775.83693846061,0,0,0.3,0,0,0
436,21.2,1,265.43058598536,-3.74158466012054e-63,0,9.67193497238074,-1.70333710923257e-62,0,-1.00904346157962e-61
436,21.2,2,572,-11.8279999999998,0,4.66590430475144e-16,7.62000000000004,0,90
436,21.2,3,1182,7.0625918367349,0,3.88256772715394e-16,6.34071428571428,0,90
436,21.2,4,1182,42.5244542936292,0,7.50644032782637e-16,12.2589473684211,0,90
436,21.2,5,288.074666666667,0,0,9.34666666666666,0,0,0
436,21.2,6,1775.83693846061,0,0,0.3,0,0,0
436,21.3,1,266.395812388444,-5.38115209733771e-63,0,9.63259308930689,-1.54275086481997e-62,0,-9.17646085273412e-62
436,21.3,2,572,-11.0592499999997,0,4.74856796369389e-16,7.75500000000004,0,90
436,21.3,3,1182,7.69585076530633,0,3.87261747191087e-16,6.32446428571428,0,90
436,21.3,4,1182,43.7535990304713,0,7.54624134879866e-16,12.3239473684211,0,90
436,21.3,5,289.008,0,0,9.31999999999999,0,0,0
436,21.3,6,1775.83693846061,0,0,0.3,0,0,0
436,21.4,1,267.357104603221,-6.76180467180521e-63,0,9.59325120623305,-1.1863178072519e-62,0,-7.08529382328538e-62
436,21.4,2,572,-10.2769999999997,0,4.83123162263634e-16,7.89000000000005,0,90
436,21.4,3,1182,8.32748469387777,0,3.8626672166678e-16,6.30821428571428,0,90
436,21.4,4,1182,44.9892437673134,0,7.58604236977095e-16,12.3889473684211,0,90
436,21.4,5,289.938666666667,0,0,9.29333333333332,0,0,0
436,21.4,6,1775.83693846061,0,0,0.3,0,0,0
436,21.5,1,268.314462629691,-7.69011855464117e-63,0,9.5539093231592,-6.38875625570113e-63,0,-3.83140301428395e-62
436,21.5,2,572,-9.48124999999972,0,4.91389528157878e-16,8.02500000000005,0,90
436,21.5,3,1182,8.95749362244921,0,3.85271696142473e-16,6.29196428571428,0,90
436,21.5,4,1182,46.2313885041556,0,7.62584339074324e-16,12.4539473684211,0,90
436,21.5,5,290.866666666667,0,0,9.26666666666666,0,0,0
436,21.5,6,1775.83693846061,0,0,0.3,0,0,0
436,21.6,1,269.267886467853,-7.97748280137395e-63,0,9.51456744008535,9.4787566561842e-64,0,5.70801305315063e-63
436,21.6,2,572,-8.6719999999997,0,4.99655894052123e-16,8.16000000000005,0,90
436,21.6,3,1182,9.58587755102064,0,3.84276670618166e-16,6.27571428571428,0,90
436,21.6,4,1182,47.4800332409977,0,7.66564441171553e-16,12.5189473684211,0,90
436,21.6,5,291.792,0,0,9.23999999999999,0,0,0
436,21.6,6,1775.83693846061,0,0,0.3,0,0,0
436,21.7,1,270.217376117708,-7.44004987821825e-63,0,9.4752255570115,1.0099330275502e-62,0,6.10696808443542e-62
436,21.7,2,572,-7.84924999999968,0,5.07922259946368e-16,8.29500000000005,0,90
436,21.7,3,1182,10.2126364795921,0,3.83281645093858e-16,6.25946428571428,0,90
436,21.7,4,1182,48.7351779778398,0,7.70544543268782e-16,12.5839473684211,0,90
436,21.7,5,292.714666666667,0,0,9.21333333333332,0,0,0
436,21.7,6,1775.83693846061,0,0,0.3,0,0,0
436,21.8,1,271.162931579256,-5.89868639165944e-63,0,9.43588367393765,2.10187118456256e-62,0,1.27628054898797e-61
436,21.8,2,572,-7.01299999999966,0,5.16188625840613e-16,8.43000000000005,0,90
436,21.8,3,1182,10.8377704081635,0,3.82286619569551e-16,6.24321428571428,0,90
436,21.8,4,1182,49.9968227146819,0,7.74524645366011e-16,12.6489473684211,0,90
436,21.8,5,293.634666666667,0,0,9.18666666666666,0,0,0
436,21.8,6,1775.83693846061,0,0,0.3,0,0,0
436,21.9,1,272.104552852496,-3.17892402134648e-63,0,9.39654179086381,3.36596143021947e-62,0,2.05240809063294e-61
436,21.9,2,572,-6.16324999999965,0,5.24454991734857e-16,8.56500000000006,0,90
436,21.9,3,1182,11.461279336735,0,3.81291594045244e-16,6.22696428571428,0,90
436,21.9,4,1182,51.2649674515241,0,7.78504747463239e-16,12.7139473684211,0,90
436,21.9,5,294.552,0,0,9.15999999999999,0,0,0
436,21.9,6,1775.83693846061,0,0,0.3,0,0,0
436,22,1,273.042348069222,8.88609621346357e-64,0,9.36852036973586,4.78735043167951e-62,0,2.92783666961384e-61
436,22,2,572,-5.29999999999963,0,5.32721357629102e-16,8.70000000000006,0,90
436,22,3,1182,12.0831632653064,0,3.80296568520937e-16,6.21071428571428,0,90
436,22,4,1182,52.5396121883662,0,7.82484849560468e-16,12.7789473684211,0,90
436,22,5,295.466666666667,0,0,9.13333333333332,0,0,0
436,22,6,1775.83693846061,0,0,0.3,0,0,0
436,22.1,1,273.980195897758,6.24807849286257e-63,0,9.38843620098997,5.81437517892171e-62,0,3.54839880812854e-61
436,22.1,2,572,-4.42324999999961,0,5.40987723523347e-16,8.83500000000006,0,90
436,22.1,3,1182,12.7034221938778,0,3.79301542996629e-16,6.19446428571428,0,90
436,22.1,4,1182,53.8207569252083,0,7.86464951657697e-16,12.8439473684211,0,90
436,22.1,5,296.378666666667,0,0,9.10666666666665,0,0,0
436,22.1,6,1775.83693846061,0,0,0.3,0,0,0
436,22.2,1,274.92003530942,1.2281428413888e-62,0,9.40835203224407,6.13360362825e-62,0,3.73529391651633e-61
436,22.2,2,572,-3.53299999999959,0,5.49254089417592e-16,8.97000000000006,0,90
436,22.2,3,1182,13.3220561224493,0,3.78306517472322e-16,6.17821428571428,0,90
436,22.2,4,1182,55.1084016620504,0,7.90445053754926e-16,12.9089473684211,0,90
436,22.2,5,297.288,0,0,9.07999999999999,0,0,0
436,22.2,6,1775.83693846061,0,0,0.3,0,0,0
436,22.3,1,275.861866304207,1.82763283640268e-62,0,9.42826786349818,5.73595831616394e-62,0,3.48575377510777e-61
436,22.3,2,572,-2.62924999999957,0,5.57520455311836e-16,9.10500000000006,0,90
436,22.3,3,1182,13.9390650510207,0,3.77311491948015e-16,6.16196428571428,0,90
436,22.3,4,1182,56.4025463988926,0,7.94425155852155e-16,12.9739473684211,0,90
436,22.3,5,298.194666666667,0,0,9.05333333333332,0,0,0
436,22.3,6,1775.83693846061,0,0,0.3,0,0,0
436,22.4,1,276.80568888212,2.35113457867813e-62,0,9.44818369475229,4.61231361696871e-62,0,2.79700429818913e-61
436,22.4,2,572,-1.71199999999955,0,5.65786821206081e-16,9.24000000000007,0,90
436,22.4,3,1182,14.5544489795921,0,3.76316466423708e-16,6.14571428571428,0,90
436,22.4,4,1182,57.7031911357347,0,7.98405257949384e-16,13.0389473684211,0,90
436,22.4,5,299.098666666667,0,0,9.02666666666665,0,0,0
436,22.4,6,1775.83693846061,0,0,0.3,0,0,0
436,22.5,1,277.751503043158,2.72558983763823e-62,0,9.46809952600639,2.75349564082421e-62,0,1.66626553400249e-61
436,22.5,2,572,-0.781249999999531,0,5.74053187100326e-16,9.37500000000007,0,90
436,22.5,3,1182,15.1682079081636,0,3.753214408994e-16,6.12946428571428,0,90
436,22.5,4,1182,59.0103358725768,0,8.02385360046613e-16,13.1039473684211,0,90
436,22.5,5,300,0,0,9.00000000000001,0,0,0
436,22.5,6,1775.83693846061,0,0,0.3,0,0,0
436,22.6000000000001,1,278.699308787321,2.87702057626684e-62,0,9.4880153572605,1.50282131794134e-63,0,9.07516647456064e-63
436,22.6000000000001,2,572,0.163000000000487,0,5.82319552994571e-16,9.51000000000007,0,90
436,22.6000000000001,3,1182,15.780341836735,0,3.74326415375093e-16,6.11321428571428,0,90
436,22.6000000000001,4,1182,60.323980609419,0,8.06365462143842e-16,13.1689473684211,0,90
436,22.6000000000001,5,300.90109375,0,0,9.02187500000001,0,0,0
436,22.6000000000001,6,1775.83693846061,0,0,0.3,0,0,0
436,22.7000000000001,1,279.64910611461,2.73052410940142e-62,0,9.50793118851461,-3.20659763410494e-62,0,-1.93232899342797e-61
436,22.7000000000001,2,572,1.12075000000051,0,5.90585918888815e-16,9.64500000000007,0,90
436,22.7000000000001,3,1182,16.3908507653065,0,3.73331389850786e-16,6.09696428571428,0,90
436,22.7000000000001,4,1182,61.6441253462611,0,8.10345564241071e-16,13.2339473684211,0,90
436,22.7000000000001,5,301.804375,0,0,9.04375000000001,0,0,0
436,22.7000000000001,6,1775.83693846061,0,0,0.3,0,0,0
436,22.8000000000001,1,280.600895025024,2.21026825183077e-62,0,9.52784701976871,-7.32646295085449e-62,0,-4.40577399040896e-61
436,22.8000000000001,2,572,2.09200000000053,0,5.9885228478306e-16,9.78000000000007,0,90
436,22.8000000000001,3,1182,16.9997346938779,0,3.72336364326479e-16,6.08071428571428,0,90
436,22.8000000000001,4,1182,62.9707700831032,0,8.143256663383e-16,13.2989473684211,0,90
436,22.8000000000001,5,302.709843750001,0,0,9.06562500000001,0,0,0
436,22.8000000000001,6,1775.83693846061,0,0,0.3,0,0,0
436,22.9000000000001,1,281.554675518563,1.2394864561977e-62,0,9.54776285102282,-1.22186817843849e-61,0,-7.33238674213235e-61
436,22.9000000000001,2,572,3.07675000000055,0,6.07118650677305e-16,9.91500000000008,0,90
436,22.9000000000001,3,1182,17.6069936224493,0,3.71341338802171e-16,6.06446428571428,0,90
436,22.9000000000001,4,1182,64.3039148199453,0,8.18305768435529e-16,13.3639473684211,0,90
436,22.9000000000001,5,303.617500000001,0,0,9.08750000000001,0,0,0
436,22.9000000000001,6,1775.83693846061,0,0,0.3,0,0,0
436,23.0000000000001,1,282.510387525099,-2.5921539532083e-63,0,9.55960341293935,-1.78370081002471e-61,0,-1.06906661201188e-60
436,23.0000000000001,2,572,4.07500000000057,0,6.1538501657155e-16,10.0500000000001,0,90
436,23.0000000000001,3,1182,18.2126275510208,0,3.70346313277864e-16,6.04821428571428,0,90
436,23.0000000000001,4,1182,65.6435595567875,0,8.22285870532758e-16,13.4289473684211,0,90
436,23.0000000000001,5,304.527343750001,0,0,9.10937500000001,0,0,0
436,23.0000000000001,6,1775.83693846061,0,0,0.3,0,0,0
436,23.1000000000001,1,283.464629747769,-2.26505664891117e-62,0,9.52524104046602,-2.17956034431311e-61,0,-1.3110388324316e-60
436,23.1000000000001,2,572,5.08675000000059,0,6.23651382465794e-16,10.1850000000001,0,90
436,23.1000000000001,3,1182,18.8166364795922,0,3.69351287753557e-16,6.03196428571428,0,90
436,23.1000000000001,4,1182,66.9897042936296,0,8.26265972629987e-16,13.4939473684211,0,90
436,23.1000000000001,5,305.439375000001,0,0,9.13125000000001,0,0,0
436,23.1000000000001,6,1775.83693846061,0,0,0.3,0,0,0
436,23.2000000000001,1,284.415435733192,-4.52252372797632e-62,0,9.49087866799268,-2.28798095857669e-61,0,-1.3812383143706e-60
436,23.2000000000001,2,572,6.11200000000062,0,6.31917748360039e-16,10.3200000000001,0,90
436,23.2000000000001,3,1182,19.4190204081636,0,3.6835626222925e-16,6.01571428571428,0,90
436,23.2000000000001,4,1182,68.3423490304717,0,8.30246074727216e-16,13.5589473684211,0,90
436,23.2000000000001,5,306.353593750001,0,0,9.15312500000001,0,0,0
436,23.2000000000001,6,1775.83693846061,0,0,0.3,0,0,0
436,23.3000000000001,1,285.362805481368,-6.74725395475854e-62,0,9.45651629551935,-2.11510589349113e-61,0,-1.28151464168373e-60
436,23.3000000000001,2,572,7.15075000000064,0,6.40184114254284e-16,10.4550000000001,0,90
436,23.3000000000001,3,1182,20.0197806613034,0,3.67410441263838e-16,6.00026785714286,0,90
436,23.3000000000001,4,1182,69.7014937673138,0,8.34226176824445e-16,13.6239473684211,0,90
436,23.3000000000001,5,307.270000000001,0,0,9.17500000000001,0,0,0
436,23.3000000000001,6,1775.83693846061,0,0,0.3,0,0,0
436,23.4000000000001,1,286.306738992296,-8.66100019400783e-62,0,9.42215392304601,-1.66702302680375e-61,0,-1.01371071378232e-60
436,23.4000000000001,2,572,8.20300000000066,0,6.48450480148529e-16,10.5900000000001,0,90
436,23.4000000000001,3,1182,20.6202136970177,0,3.67907954025991e-16,6.00839285714286,0,90
436,23.4000000000001,4,1182,71.067138504156,0,8.38206278921674e-16,13.6889473684211,0,90
436,23.4000000000001,5,308.188593750001,0,0,9.19687500000001,0,0,0
436,23.4000000000001,6,1775.83693846061,0,0,0.3,0,0,0
436,23.5000000000001,1,287.247236265977,-9.99157559027621e-62,0,9.38779155057268,-9.49765073778836e-62,0,-5.79662745634131e-61
436,23.5000000000001,2,572,9.26875000000069,0,6.56716846042773e-16,10.7250000000001,0,90
436,23.5000000000001,3,1182,21.2214592327319,0,3.68405466788145e-16,6.01651785714286,0,90
436,23.5000000000001,4,1182,72.4392832409981,0,8.42186381018903e-16,13.7539473684211,0,90
436,23.5000000000001,5,309.109375000001,0,0,9.21875000000001,0,0,0
436,23.5000000000001,6,1775.83693846061,0,0,0.3,0,0,0
436,23.6000000000001,1,288.18429730241,-1.04727985056573e-61,0,9.35342917809934,3.06902123571252e-63,0,1.87997322366088e-62
436,23.6000000000001,2,572,10.3480000000007,0,6.64983211937018e-16,10.8600000000001,0,90
436,23.6000000000001,3,1182,21.8235172684462,0,3.68902979550299e-16,6.02464285714286,0,90
436,23.6000000000001,4,1182,73.8179279778402,0,8.46166483116132e-16,13.8189473684211,0,90
436,23.6000000000001,5,310.032343750001,0,0,9.24062500000001,0,0,0
436,23.6000000000001,6,1775.83693846061,0,0,0.3,0,0,0
436,23.7000000000001,1,289.117922101597,-9.84443765797122e-62,0,9.31906680562601,1.26841983997021e-61,0,7.79853873749225e-61
436,23.7000000000001,2,572,11.4407500000007,0,6.73249577831263e-16,10.9950000000001,0,90
436,23.7000000000001,3,1182,22.4263878041605,0,3.69400492312452e-16,6.03276785714286,0,90
436,23.7000000000001,4,1182,75.2030727146824,0,8.50146585213361e-16,13.8839473684211,0,90
436,23.7000000000001,5,310.957500000001,0,0,9.26250000000002,0,0,0
436,23.7000000000001,6,1775.83693846061,0,0,0.3,0,0,0
436,23.8000000000001,1,290.048110663536,-7.85215745939449e-62,0,9.28470443315267,2.75755537857381e-61,0,1.70168351726659e-60
436,23.8000000000001,2,572,12.5470000000008,0,6.81515943725508e-16,11.1300000000001,0,90
436,23.8000000000001,3,1182,23.0300708398748,0,3.69898005074606e-16,6.04089285714286,0,90
436,23.8000000000001,4,1182,76.5947174515245,0,8.5412668731059e-16,13.9489473684211,0,90
436,23.8000000000001,5,311.884843750001,0,0,9.28437500000001,0,0,0
436,23.8000000000001,6,1775.83693846061,0,0,0.3,0,0,0
436,23.9000000000001,1,290.974862988227,-4.2474635555355e-62,0,9.25034206067934,4.49228275838334e-61,0,2.78247918559512e-60
436,23.9000000000001,2,572,13.6667500000008,0,6.89782309619752e-16,11.2650000000001,0,90
436,23.9000000000001,3,1182,23.6345663755891,0,3.70395517836759e-16,6.04901785714286,0,90
436,23.9000000000001,4,1182,77.9928621883666,0,8.58106789407819e-16,14.0139473684211,0,90
436,23.9000000000001,5,312.814375000001,0,0,9.30625000000001,0,0,0
436,23.9000000000001,6,1775.83693846061,0,0,0.3,0,0,0
436,24.0000000000001,1,291.898296110692,1.21171137104768e-62,0,9.22807726183594,6.45293560617717e-61,0,4.00653316192638e-60
436,24.0000000000001,2,572,14.8000000000008,0,6.98048675513997e-16,11.4000000000001,0,90
436,24.0000000000001,3,1182,24.2398744113034,0,3.70893030598913e-16,6.05714285714286,0,90
436,24.0000000000001,4,1182,79.3975069252087,0,8.62086891505048e-16,14.0789473684211,0,90
436,24.0000000000001,5,313.746093750001,0,0,9.32812500000002,0,0,0
436,24.0000000000001,6,1775.83693846061,0,0,0.3,0,0,0
436,24.1000000000001,1,292.822511946762,8.46182580038697e-62,0,9.25623945955683,7.8899341478791e-61,0,4.88384002255775e-60
436,24.1000000000001,2,572,15.9467500000008,0,7.06315041408242e-16,11.5350000000001,0,90
436,24.1000000000001,3,1182,24.8459949470177,0,3.71390543361067e-16,6.06526785714286,0,90
436,24.1000000000001,4,1182,80.8086516620509,0,8.66066993602276e-16,14.1439473684211,0,90
436,24.1000000000001,5,314.680000000001,0,0,9.35000000000002,0,0,0
436,24.1000000000001,6,1775.83693846061,0,0,0.3,0,0,0
436,24.2000000000001,1,293.749544002604,1.66739449623884e-61,0,9.28440165727772,8.37402412621779e-61,0,5.16776694593896e-60
436,24.2000000000001,2,572,17.1070000000009,0,7.14581407302487e-16,11.6700000000001,0,90
436,24.2000000000001,3,1182,25.452927982732,0,3.7188805612322e-16,6.07339285714286,0,90
436,24.2000000000001,4,1182,82.226296398893,0,8.70047095699505e-16,14.2089473684211,0,90
436,24.2000000000001,5,315.616093750001,0,0,9.37187500000002,0,0,0
436,24.2000000000001,6,1775.83693846061,0,0,0.3,0,0,0
436,24.3000000000001,1,294.679392278218,2.48863751869788e-61,0,9.31256385499861,7.88761304337505e-61,0,4.85287343909221e-60
436,24.3000000000001,2,572,18.2807500000009,0,7.22847773196732e-16,11.8050000000001,0,90
436,24.3000000000001,3,1182,26.0606735184463,0,3.72385568885374e-16,6.08151785714286,0,90
436,24.3000000000001,4,1182,83.6504411357352,0,8.74027197796734e-16,14.2739473684211,0,90
436,24.3000000000001,5,316.554375000001,0,0,9.39375000000002,0,0,0
436,24.3000000000001,6,1775.83693846061,0,0,0.3,0,0,0
436,24.4000000000001,1,295.612056773604,3.21197633853737e-61,0,9.3407260527195,6.41297449204828e-61,0,3.93370248143015e-60
436,24.4000000000001,2,572,19.4680000000009,0,7.31114139090976e-16,11.9400000000001,0,90
436,24.4000000000001,3,1182,26.6692315541606,0,3.72883081647528e-16,6.08964285714286,0,90
436,24.4000000000001,4,1182,85.0810858725773,0,8.78007299893963e-16,14.3389473684211,0,90
436,24.4000000000001,5,317.494843750001,0,0,9.41562500000002,0,0,0
436,24.4000000000001,6,1775.83693846061,0,0,0.3,0,0,0
436,24.5000000000001,1,296.547537488762,3.73769629374997e-61,0,9.36888825044039,3.93224774926544e-61,0,2.40478052475582e-60
436,24.5000000000001,2,572,20.6654320987664,0,7.32066642156969e-16,11.9555555555555,0,90
436,24.5000000000001,3,1182,27.2786020898749,0,3.73380594409681e-16,6.09776785714286,0,90
436,24.5000000000001,4,1182,86.5182306094194,0,8.81987401991192e-16,14.4039473684211,0,90
436,24.5000000000001,5,318.437500000001,0,0,9.43750000000002,0,0,0
436,24.5000000000001,6,1775.83693846061,0,0,0.3,0,0,0
436,24.6000000000001,1,297.485834423692,3.96428991732331e-61,0,9.39705044816128,4.27437370199948e-62,0,2.60617493262687e-61
436,24.6000000000001,2,572,21.856987654322,0,7.2716805496038e-16,11.8755555555555,0,90
436,24.6000000000001,3,1182,27.8887851255892,0,3.73878107171835e-16,6.10589285714286,0,90
436,24.6000000000001,4,1182,87.9618753462615,0,8.85967504088421e-16,14.4689473684211,0,90
436,24.6000000000001,5,319.382343750001,0,0,9.45937500000002,0,0,0
436,24.6000000000001,6,1775.83693846061,0,0,0.3,0,0,0
436,24.7000000000001,1,298.426947578394,3.78844344474525e-61,0,9.42521264588216,-4.11958721801438e-61,0,-2.50429321646538e-60
436,24.7000000000001,2,572,23.0405432098775,0,7.22269467763791e-16,11.7955555555555,0,90
436,24.7000000000001,3,1182,28.4997806613035,0,3.74375619933988e-16,6.11401785714286,0,90
436,24.7000000000001,4,1182,89.4120200831037,0,8.8994760618565e-16,14.5339473684211,0,90
436,24.7000000000001,5,320.329375000001,0,0,9.48125000000002,0,0,0
436,24.7000000000001,6,1775.83693846061,0,0,0.3,0,0,0
436,24.8000000000001,1,299.370876952868,3.10502328089066e-61,0,9.45337484360305,-9.72709212246843e-61,0,-5.8954747354541e-60
436,24.8000000000001,2,572,24.2160987654331,0,7.17370880567201e-16,11.7155555555555,0,90
436,24.8000000000001,3,1182,29.1115886970178,0,3.74873132696142e-16,6.12214285714286,0,90
436,24.8000000000001,4,1182,90.8686648199458,0,8.93927708282879e-16,14.5989473684211,0,90
436,24.8000000000001,5,321.278593750001,0,0,9.50312500000002,0,0,0
436,24.8000000000001,6,1775.83693846061,0,0,0.3,0,0,0
436,24.9000000000001,1,300.317622547115,1.80706242628974e-61,0,9.48153704132394,-1.64134793906628e-60,0,-9.91846672233876e-60
436,24.9000000000001,2,572,25.3836543209886,0,7.12472293370612e-16,11.6355555555555,0,90
436,24.9000000000001,3,1182,29.7242092327321,0,3.75370645458296e-16,6.13026785714286,0,90
436,24.9000000000001,4,1182,92.3318095567879,0,8.97907810380108e-16,14.6639473684211,0,90
436,24.9000000000001,5,322.230000000001,0,0,9.52500000000002,0,0,0
436,24.9000000000001,6,1775.83693846061,0,0,0.3,0,0,0
436,25.0000000000001,1,301.267178327519,-2.1417893142061e-62,0,9.50835742629362,-2.41741869545679e-60,0,-1.4566962762956e-59
436,25.0000000000001,2,572,26.5432098765442,0,7.07573706174022e-16,11.5555555555555,0,90
436,25.0000000000001,3,1182,30.3376422684464,0,3.75868158220449e-16,6.13839285714286,0,90
436,25.0000000000001,4,1182,93.8014542936301,0,9.01887912477337e-16,14.7289473684211,0,90
436,25.0000000000001,5,323.183593750001,0,0,9.54687500000002,0,0,0
436,25.0000000000001,6,1775.83693846061,0,0,0.3,0,0,0
436,25.1000000000001,1,302.218676167158,-2.96153752378913e-61,0,9.52159936648854,-3.01401869619905e-60,0,-1.81367167446172e-59
436,25.1000000000001,2,572,27.6947654320998,0,7.02675118977433e-16,11.4755555555555,0,90
436,25.1000000000001,3,1182,30.9518878041607,0,3.76365670982603e-16,6.14651785714286,0,90
436,25.1000000000001,4,1182,95.2775990304722,0,9.05868014574566e-16,14.7939473684211,0,90
436,25.1000000000001,5,324.139375000001,0,0,9.56875000000002,0,0,0
436,25.1000000000001,6,1775.83693846061,0,0,0.3,0,0,0
436,25.2000000000001,1,303.171498200817,-6.11512491518327e-61,0,9.53484130668346,-3.229344100697e-60,0,-1.94054396517027e-59
436,25.2000000000001,2,572,28.8383209876553,0,6.97776531780843e-16,11.3955555555555,0,90
436,25.2000000000001,3,1182,31.566945839875,0,3.76863183744756e-16,6.15464285714286,0,90
436,25.2000000000001,4,1182,96.7602437673143,0,9.09848116671795e-16,14.8589473684211,0,90
436,25.2000000000001,5,325.097343750001,0,0,9.59062500000002,0,0,0
436,25.2000000000001,6,1775.83693846061,0,0,0.3,0,0,0
436,25.3000000000001,1,304.125644428495,-9.29206807846443e-61,0,9.54808324687838,-3.06019619418583e-60,0,-1.83635104423884e-59
436,25.3000000000001,2,572,29.9738765432109,0,6.92877944584254e-16,11.3155555555555,0,90
436,25.3000000000001,3,1182,32.1828163755893,0,3.7736069650691e-16,6.16276785714286,0,90
436,25.3000000000001,4,1182,98.2493885041565,0,9.13828218769024e-16,14.9239473684211,0,90
436,25.3000000000001,5,326.057500000001,0,0,9.61250000000002,0,0,0
436,25.3000000000001,6,1775.83693846061,0,0,0.3,0,0,0
436,25.4000000000001,1,305.081114850193,-1.21062897102253e-60,0,9.5613251870733,-2.50336513631785e-60,0,-1.50012947039101e-59
436,25.4000000000001,2,572,31.1014320987665,0,6.87979357387664e-16,11.2355555555555,0,90
436,25.4000000000001,3,1182,32.7994994113036,0,3.77858209269064e-16,6.17089285714286,0,90
436,25.4000000000001,4,1182,99.7450332409986,0,9.17808320866253e-16,14.9889473684211,0,90
436,25.4000000000001,5,327.019843750001,0,0,9.63437500000002,0,0,0
436,25.4000000000001,6,1775.83693846061,0,0,0.3,0,0,0
436,25.5000000000001,1,306.03790946591,-1.41684970974816e-60,0,9.57456712726822,-1.55562994571129e-60,0,-9.30914465256381e-60
436,25.5000000000001,2,572,32.220987654322,0,6.83080770191075e-16,11.1555555555555,0,90
436,25.5000000000001,3,1182,33.4169949470178,0,3.78355722031217e-16,6.17901785714287,0,90
436,25.5000000000001,4,1182,99.7450332409986,0,9.17808320866253e-16,14.9889473684211,0,90
436,25.5000000000001,5,327.984375000001,0,0,9.65625000000002,0,0,0
436,25.5000000000001,6,1775.83693846061,0,0,0.3,0,0,0
436,25.6000000000001,1,306.996028275646,-1.50861709689121e-60,0,9.58780906746314,-2.1375848449918e-61,0,-1.27739913370597e-60
436,25.6000000000001,2,572,33.3325432098776,0,6.78182182994485e-16,11.0755555555555,0,90
436,25.6000000000001,3,1182,34.0353029827321,0,3.78853234793371e-16,6.18714285714286,0,90
436,25.6000000000001,4,1182,99.7450332409986,0,9.17808320866253e-16,14.9889473684211,0,90
436,25.6000000000001,5,328.951093750001,0,0,9.67812500000002,0,0,0
436,25.6000000000001,6,1775.83693846061,0,0,0.3,0,0,0
436,25.7000000000001,1,307.955471279402,-1.4463554330648e-60,0,9.60105100765806,1.52549255712183e-60,0,9.10361637824695e-60
436,25.7000000000001,2,572,34.4360987654332,0,6.73283595797896e-16,10.9955555555555,0,90
436,25.7000000000001,3,1182,34.6544235184464,0,3.79350747555525e-16,6.19526785714286,0,90
436,25.7000000000001,4,1182,99.7450332409986,0,9.17808320866253e-16,14.9889473684211,0,90
436,25.7000000000001,5,329.920000000001,0,0,9.70000000000002,0,0,0
436,25.7000000000001,6,1775.83693846061,0,0,0.3,0,0,0
436,25.8000000000001,1,308.916238477178,-1.19016412866111e-60,0,9.61429294785298,3.6653776763426e-60,0,2.18435897798182e-59
436,25.8000000000001,2,572,35.5316543209887,0,6.68385008601306e-16,10.9155555555555,0,90
436,25.8000000000001,3,1182,35.2743565541607,0,3.79848260317678e-16,6.20339285714287,0,90
436,25.8000000000001,4,1182,99.7450332409986,0,9.17808320866253e-16,14.9889473684211,0,90
436,25.8000000000001,5,330.891093750001,0,0,9.72187500000002,0,0,0
436,25.8000000000001,6,1775.83693846061,0,0,0.3,0,0,0
436,25.9000000000001,1,309.878329868973,-6.99816584340059e-61,0,9.6275348880479,6.20916257319268e-60,0,3.69522223384708e-59
436,25.9000000000001,2,572,36.6192098765443,0,6.63486421404717e-16,10.8355555555555,0,90
436,25.9000000000001,3,1182,35.895102089875,0,3.80345773079832e-16,6.21151785714286,0,90
436,25.9000000000001,4,1182,99.7450332409986,0,9.17808320866253e-16,14.9889473684211,0,90
436,25.9000000000001,5,331.864375000001,0,0,9.74375000000002,0,0,0
436,25.9000000000001,6,1775.83693846061,0,0,0.3,0,0,0
436,26.0000000000001,1,310.841745907713,6.52298090675714e-62,0,9.64090243897729,9.15543940468432e-60,0,5.44106779211247e-59
436,26.0000000000001,2,572,37.6987654320998,0,6.58587834208127e-16,10.7555555555555,0,90
436,26.0000000000001,3,1182,36.5166601255893,0,3.80843285841985e-16,6.21964285714287,0,90
436,26.0000000000001,4,1182,99.7450332409986,0,9.17808320866253e-16,14.9889473684211,0,90
436,26.0000000000001,5,332.839843750001,0,0,9.76562500000002,0,0,0
436,26.0000000000001,6,1775.83693846061,0,0,0.3,0,0,0
436,26.1000000000001,1,311.806585338265,1.10797699966047e-60,0,9.65588617206026,1.14589267874768e-59,0,6.79946025639338e-59
436,26.1000000000001,2,572,38.7703209876554,0,6.53689247011538e-16,10.6755555555555,0,90
436,26.1000000000001,3,1182,37.1390306613036,0,3.81340798604139e-16,6.22776785714287,0,90
436,26.1000000000001,4,1182,99.7450332409986,0,9.17808320866253e-16,14.9889473684211,0,90
436,26.1000000000001,5,333.817500000001,0,0,9.78750000000002,0,0,0
436,26.1000000000001,6,1775.83693846061,0,0,0.3,0,0,0
436,26.2000000000001,1,312.772923142125,2.30867383342371e-60,0,9.67086990514323,1.23121724212492e-59,0,7.29443703921377e-59
436,26.2000000000001,2,572,39.833876543211,0,6.48790659814948e-16,10.5955555555555,0,90
436,26.2000000000001,3,1182,37.7622136970179,0,3.81838311366293e-16,6.23589285714287,0,90
436,26.2000000000001,4,1182,99.7450332409986,0,9.17808320866253e-16,14.9889473684211,0,90
436,26.2000000000001,5,334.797343750001,0,0,9.80937500000002,0,0,0
436,26.2000000000001,6,1775.83693846061,0,0,0.3,0,0,0
436,26.3000000000001,1,313.740759319294,3.52161730357287e-60,0,9.6858536382262,1.17015908873319e-59,0,6.92196884729762e-59
436,26.3000000000001,2,572,40.8894320987665,0,6.43892072618359e-16,10.5155555555555,0,90
436,26.3000000000001,3,1182,38.3862092327322,0,3.82335824128446e-16,6.24401785714287,0,90
436,26.3000000000001,4,1182,99.7450332409986,0,9.17808320866253e-16,14.9889473684211,0,90
436,26.3000000000001,5,335.779375000001,0,0,9.83125000000002,0,0,0
436,26.3000000000001,6,1775.83693846061,0,0,0.3,0,0,0
436,26.4000000000001,1,314.710093869771,4.59974322578863e-60,0,9.70083737130916,9.61354404008093e-60,0,5.67802013967222e-59
436,26.4000000000001,2,572,41.9369876543221,0,6.38993485421769e-16,10.4355555555555,0,90
436,26.4000000000001,3,1182,39.0110172684465,0,3.828333368906e-16,6.25214285714287,0,90
436,26.4000000000001,4,1182,99.7450332409986,0,9.17808320866253e-16,14.9889473684211,0,90
436,26.4000000000001,5,336.763593750001,0,0,9.85312500000002,0,0,0
436,26.4000000000001,6,1775.83693846061,0,0,0.3,0,0,0
436,26.5000000000001,1,315.680926793556,5.39462096143464e-60,0,9.71582110439213,6.03434092518465e-60,0,3.55854912766819e-59
436,26.5000000000001,2,572,42.9765432098777,0,6.3409489822518e-16,10.3555555555555,0,90
436,26.5000000000001,3,1182,39.6366378041608,0,3.83330849652754e-16,6.26026785714287,0,90
436,26.5000000000001,4,1182,99.7450332409986,0,9.17808320866253e-16,14.9889473684211,0,90
436,26.5000000000001,5,337.750000000001,0,0,9.87500000000002,0,0,0
436,26.5000000000001,6,1775.83693846061,0,0,0.3,0,0,0
436,26.6000000000001,1,316.653258090649,5.75644813260613e-60,0,9.7308048374751,9.50237697970061e-61,0,5.59507774919454e-60
436,26.6000000000001,2,572,44.0080987654332,0,6.2919631102859e-16,10.2755555555555,0,90
436,26.6000000000001,3,1182,40.2630708398751,0,3.83828362414907e-16,6.26839285714287,0,90
436,26.6000000000001,4,1182,99.7450332409986,0,9.17808320866253e-16,14.9889473684211,0,90
436,26.6000000000001,5,338.738593750001,0,0,9.89687500000002,0,0,0
436,26.6000000000001,6,1775.83693846061,0,0,0.3,0,0,0
436,26.7000000000001,1,317.627087761051,5.53404532900907e-60,0,9.74578857055807,-5.65256245829045e-60,0,-3.32315820263676e-59
436,26.7000000000001,2,572,45.0316543209888,0,6.24297723832001e-16,10.1955555555555,0,90
436,26.7000000000001,3,1182,40.8903163755894,0,3.84325875177061e-16,6.27651785714287,0,90
436,26.7000000000001,4,1182,99.7450332409986,0,9.17808320866253e-16,14.9889473684211,0,90
436,26.7000000000001,5,339.729375000001,0,0,9.91875000000002,0,0,0
436,26.7000000000001,6,1775.83693846061,0,0,0.3,0,0,0
436,26.8000000000001,1,318.602415804761,4.57485080667002e-60,0,9.76077230364104,-1.37879094140727e-59,0,-8.0935093367599e-59
436,26.8000000000001,2,572,46.0472098765443,0,6.19399136635411e-16,10.1155555555555,0,90
436,26.8000000000001,3,1182,41.5183744113037,0,3.84823387939214e-16,6.28464285714287,0,90
436,26.8000000000001,4,1182,99.7450332409986,0,9.17808320866253e-16,14.9889473684211,0,90
436,26.8000000000001,5,340.722343750001,0,0,9.94062500000002,0,0,0
436,26.8000000000001,6,1775.83693846061,0,0,0.3,0,0,0
436,26.9000000000001,1,319.579242221779,2.72491517847667e-60,0,9.77575603672401,-2.34697061752941e-59,0,-1.37556124069061e-58
436,26.9000000000001,2,572,47.0547654320999,0,6.14500549438822e-16,10.0355555555555,0,90
436,26.9000000000001,3,1182,42.147244947018,0,3.85320900701368e-16,6.29276785714287,0,90
436,26.9000000000001,4,1182,99.7450332409986,0,9.17808320866253e-16,14.9889473684211,0,90
436,26.9000000000001,5,341.717500000001,0,0,9.96250000000003,0,0,0
436,26.9000000000001,6,1775.83693846061,0,0,0.3,0,0,0
436,27.0000000000001,1,320.557567173997,-1.71090031494299e-61,0,9.7908048914318,-3.47034250807363e-59,0,-2.03084405605376e-58
436,27.0000000000001,2,572,48.0543209876555,0,6.09601962242232e-16,9.95555555555546,0,90
436,27.0000000000001,3,1182,42.7769279827323,0,3.85818413463522e-16,6.30089285714287,0,90
436,27.0000000000001,4,1182,99.7450332409986,0,9.17808320866253e-16,14.9889473684211,0,90
436,27.0000000000001,5,342.714843750001,0,0,9.98437500000002,0,0,0
436,27.0000000000001,6,1775.83693846061,0,0,0.3,0,0,0
436,27.1000000000001,1,321.537462338286,-4.13400853597297e-60,0,9.80709839433011,-4.36377974312177e-59,0,-2.54944074131152e-58
436,27.1000000000001,2,572,49.045876543211,0,6.04703375045643e-16,9.87555555555546,0,90
436,27.1000000000001,3,1182,43.4074235184466,0,3.86315926225675e-16,6.30901785714287,0,90
436,27.1000000000001,4,1182,99.7450332409986,0,9.17808320866253e-16,14.9889473684211,0,90
436,27.1000000000001,5,343.714375000001,0,0,10.00625,0,0,0
436,27.1000000000001,6,1775.83693846061,0,0,0.3,0,0,0
436,27.2000000000001,1,322.518986852864,-8.71429771210689e-60,0,9.82339189722843,-4.70416079379361e-59,0,-2.7437423087165e-58
436,27.2000000000001,2,572,50.0294320987666,0,5.99804787849053e-16,9.79555555555546,0,90
436,27.2000000000001,3,1182,44.0387315541609,0,3.86813438987829e-16,6.31714285714287,0,90
436,27.2000000000001,4,1182,99.7450332409986,0,9.17808320866253e-16,14.9889473684211,0,90
436,27.2000000000001,5,344.716093750001,0,0,10.028125,0,0,0
436,27.2000000000001,6,1775.83693846061,0,0,0.3,0,0,0
436,27.3000000000001,1,323.502140717731,-1.33561283634201e-59,0,9.83968540012674,-4.48593579528644e-59,0,-2.61212810963717e-58
436,27.3000000000001,2,572,51.0049876543222,0,5.94906200652464e-16,9.71555555555546,0,90
436,27.3000000000001,3,1182,44.6708520898752,0,3.87310951749983e-16,6.32526785714287,0,90
436,27.3000000000001,4,1182,99.7450332409986,0,9.17808320866253e-16,14.9889473684211,0,90
436,27.3000000000001,5,345.720000000001,0,0,10.05,0,0,0
436,27.3000000000001,6,1775.83693846061,0,0,0.3,0,0,0
436,27.4000000000001,1,324.486923932889,-1.74981099004483e-59,0,9.85597890302505,-3.7035318200513e-59,0,-2.15297480513291e-58
436,27.4000000000001,2,572,51.9725432098777,0,5.90007613455875e-16,9.63555555555546,0,90
436,27.4000000000001,3,1182,45.3037851255895,0,3.87808464512136e-16,6.33339285714287,0,90
436,27.4000000000001,4,1182,99.7450332409986,0,9.17808320866253e-16,14.9889473684211,0,90
436,27.4000000000001,5,346.726093750001,0,0,10.071875,0,0,0
436,27.4000000000001,6,1775.83693846061,0,0,0.3,0,0,0
436,27.5000000000001,1,325.473336498336,-2.05732672588669e-59,0,9.87227240592337,-2.35135283954017e-59,0,-1.364656365954e-58
436,27.5000000000001,2,572,52.9320987654333,0,5.85109026259285e-16,9.55555555555546,0,90
436,27.5000000000001,3,1182,45.9375306613038,0,3.8830597727429e-16,6.34151785714287,0,90
436,27.5000000000001,4,1182,99.7450332409986,0,9.17808320866253e-16,14.9889473684211,0,90
436,27.5000000000001,5,347.734375000001,0,0,10.09375,0,0,0
436,27.5000000000001,6,1775.83693846061,0,0,0.3,0,0,0
436,27.6000000000001,1,326.461378414074,-2.20090177793646e-59,0,9.88856590882168,-4.23779685953018e-60,0,-2.45544072541664e-59
436,27.6000000000001,2,572,53.8836543209888,0,5.80210439062695e-16,9.47555555555546,0,90
436,27.6000000000001,3,1182,46.5720886970181,0,3.88803490036443e-16,6.34964285714287,0,90
436,27.6000000000001,4,1182,99.7450332409986,0,9.17808320866253e-16,14.9889473684211,0,90
436,27.6000000000001,5,348.744843750001,0,0,10.115625,0,0,0
436,27.6000000000001,6,1775.83693846061,0,0,0.3,0,0,0
436,27.7000000000001,1,327.451049680101,-2.12271480492655e-59,0,9.90485941172,2.08482998601498e-59,0,1.20599348497197e-58
436,27.7000000000001,2,572,54.8272098765444,0,5.75311851866106e-16,9.39555555555546,0,90
436,27.7000000000001,3,1182,47.2074592327323,0,3.89301002798597e-16,6.35776785714287,0,90
436,27.7000000000001,4,1182,99.7450332409986,0,9.17808320866253e-16,14.9889473684211,0,90
436,27.7000000000001,5,349.757500000001,0,0,10.1375,0,0,0
436,27.7000000000001,6,1775.83693846061,0,0,0.3,0,0,0
436,27.8000000000001,1,328.442350296418,-1.7643790705898e-59,0,9.92115291461831,5.18014173742637e-59,0,2.99159040676388e-58
436,27.8000000000001,2,572,55.7627654320999,0,5.70413264669517e-16,9.31555555555545,0,90
436,27.8000000000001,3,1182,47.8436422684466,0,3.89798515560751e-16,6.36589285714287,0,90
436,27.8000000000001,4,1182,99.7450332409986,0,9.17808320866253e-16,14.9889473684211,0,90
436,27.8000000000001,5,350.772343750001,0,0,10.159375,0,0,0
436,27.8000000000001,6,1775.83693846061,0,0,0.3,0,0,0
436,27.9000000000001,1,329.435280263024,-1.066940120171e-59,0,9.93744641751662,8.86784438335425e-59,0,5.11288348332008e-58
436,27.9000000000001,2,572,56.6903209876555,0,5.65514677472927e-16,9.23555555555545,0,90
436,27.9000000000001,3,1182,48.4806378041609,0,3.90296028322904e-16,6.37401785714287,0,90
436,27.9000000000001,4,1182,99.7450332409986,0,9.17808320866253e-16,14.9889473684211,0,90
436,27.9000000000001,5,351.789375000001,0,0,10.18125,0,0,0
436,27.9000000000001,6,1775.83693846061,0,0,0.3,0,0,0
436,28.0000000000001,1,330.429839603649,2.91260847853026e-61,0,9.95376126921964,1.31530123854055e-58,0,7.57112891482997e-58
436,28.0000000000001,2,572,57.6098765432111,0,5.60616090276338e-16,9.15555555555545,0,90
436,28.0000000000001,3,1182,49.1184458398752,0,3.90793541085058e-16,6.38214285714287,0,90
436,28.0000000000001,4,1182,99.7450332409986,0,9.17808320866253e-16,14.9889473684211,0,90
436,28.0000000000001,5,352.808593750001,0,0,10.203125,0,0,0
436,28.0000000000001,6,1775.83693846061,0,0,0.3,0,0,0
436,28.1000000000001,1,331.426078425036,1.53589793861157e-59,0,9.97101515851472,1.66321469098764e-58,0,9.55721967149653e-58
436,28.1000000000001,2,572,58.5214320987666,0,5.55717503079748e-16,9.07555555555545,0,90
436,28.1000000000001,3,1182,49.7570663755895,0,3.91291053847211e-16,6.39026785714287,0,90
436,28.1000000000001,4,1182,99.7450332409986,0,9.17808320866253e-16,14.9889473684211,0,90
436,28.1000000000001,5,353.830000000001,0,0,10.225,0,0,0
436,28.1000000000001,6,1775.83693846061,0,0,0.3,0,0,0
436,28.2000000000001,1,332.424042635353,3.28513285566313e-59,0,9.9882690478098,1.79985999197987e-58,0,1.0324549805505e-57
436,28.2000000000001,2,572,59.4249876543222,0,5.50818915883159e-16,8.99555555555545,0,90
436,28.2000000000001,3,1182,50.3964994113038,0,3.91788566609365e-16,6.39839285714287,0,90
436,28.2000000000001,4,1182,99.7450332409986,0,9.17808320866253e-16,14.9889473684211,0,90
436,28.2000000000001,5,354.853593750001,0,0,10.246875,0,0,0
436,28.2000000000001,6,1775.83693846061,0,0,0.3,0,0,0
436,28.3000000000001,1,333.423732234598,5.06445897381367e-59,0,10.0055229371049,1.72302812798612e-58,0,9.86677461403101e-58
436,28.3000000000001,2,572,60.3205432098777,0,5.45920328686569e-16,8.91555555555545,0,90
436,28.3000000000001,3,1182,51.0367449470181,0,3.92286079371519e-16,6.40651785714287,0,90
436,28.3000000000001,4,1182,99.7450332409986,0,9.17808320866253e-16,14.9889473684211,0,90
436,28.3000000000001,5,355.879375000001,0,0,10.26875,0,0,0
436,28.3000000000001,6,1775.83693846061,0,0,0.3,0,0,0
436,28.4000000000001,1,334.425147222773,6.65929063808829e-59,0,10.0227768264,1.43050052408752e-58,0,8.17753842483855e-58
436,28.4000000000001,2,572,61.2080987654333,0,5.4102174148998e-16,8.83555555555545,0,90
436,28.4000000000001,3,1182,51.6778029827324,0,3.92783592133672e-16,6.41464285714287,0,90
436,28.4000000000001,4,1182,99.7450332409986,0,9.17808320866253e-16,14.9889473684211,0,90
436,28.4000000000001,5,356.907343750001,0,0,10.290625,0,0,0
436,28.4000000000001,6,1775.83693846061,0,0,0.3,0,0,0
436,28.5000000000001,1,335.428287599878,7.85281883101745e-59,0,10.0400307156951,9.20049027460994e-59,0,5.25047459628032e-58
436,28.5000000000001,2,572,62.0876543209888,0,5.3612315429339e-16,8.75555555555545,0,90
436,28.5000000000001,3,1182,52.3196735184467,0,3.93281104895826e-16,6.42276785714287,0,90
436,28.5000000000001,4,1182,99.7450332409986,0,9.17808320866253e-16,14.9889473684211,0,90
436,28.5000000000001,5,357.937500000001,0,0,10.3125,0,0,0
436,28.5000000000001,6,1775.83693846061,0,0,0.3,0,0,0
436,28.6000000000001,1,336.433153365913,8.42600158647459e-59,0,10.0572846049901,1.89435890862758e-59,0,1.07920551729754e-58
436,28.6000000000001,2,572,62.9592098765444,0,5.31224567096801e-16,8.67555555555544,0,90
436,28.6000000000001,3,1182,52.962356554161,0,3.9377861765798e-16,6.43089285714287,0,90
436,28.6000000000001,4,1182,99.7450332409986,0,9.17808320866253e-16,14.9889473684211,0,90
436,28.6000000000001,5,358.969843750001,0,0,10.334375,0,0,0
436,28.6000000000001,6,1775.83693846061,0,0,0.3,0,0,0
436,28.7000000000001,1,337.439744520876,8.15755438699711e-59,0,10.0745384942852,-7.6358624388817e-59,0,-4.34265739257998e-58
436,28.7000000000001,2,572,63.8227654321,0,5.26325979900211e-16,8.59555555555544,0,90
436,28.7000000000001,3,1182,53.6058520898753,0,3.94276130420133e-16,6.43901785714287,0,90
436,28.7000000000001,4,1182,99.7450332409986,0,9.17808320866253e-16,14.9889473684211,0,90
436,28.7000000000001,5,360.004375000001,0,0,10.35625,0,0,0
436,28.7000000000001,6,1775.83693846061,0,0,0.3,0,0,0
436,28.8000000000001,1,338.44806106477,6.823940544591e-59,0,10.0917923835803,-1.94127436242645e-58,0,-1.10215136832339e-57
436,28.8000000000001,2,572,64.6783209876555,0,5.21427392703622e-16,8.51555555555544,0,90
436,28.8000000000001,3,1182,54.2501601255896,0,3.94773643182287e-16,6.44714285714287,0,90
436,28.8000000000001,4,1182,99.7450332409986,0,9.17808320866253e-16,14.9889473684211,0,90
436,28.8000000000001,5,361.041093750001,0,0,10.378125,0,0,0
436,28.8000000000001,6,1775.83693846061,0,0,0.3,0,0,0
436,28.9000000000001,1,339.458102997592,4.19936156501883e-59,0,10.1090462728754,-3.34589509435693e-58,0,-1.89637738739572e-57
436,28.9000000000001,2,572,65.5258765432111,0,5.16528805507032e-16,8.43555555555544,0,90
436,28.9000000000001,3,1182,54.8952806613039,0,3.9527115594444e-16,6.45526785714287,0,90
436,28.9000000000001,4,1182,99.7450332409986,0,9.17808320866253e-16,14.9889473684211,0,90
436,28.9000000000001,5,362.080000000001,0,0,10.4,0,0,0
436,28.9000000000001,6,1775.83693846061,0,0,0.3,0,0,0
436,29.0000000000001,1,340.469870319345,5.57474955714094e-61,0,10.1263001621705,-4.97972472977108e-58,0,-2.81758594534544e-57
436,29.0000000000001,2,572,66.3654320987666,0,5.11630218310443e-16,8.35555555555544,0,90
436,29.0000000000001,3,1182,55.5412136970182,0,3.95768668706594e-16,6.46339285714287,0,90
436,29.0000000000001,4,1182,99.7450332409986,0,9.17808320866253e-16,14.9889473684211,0,90
436,29.0000000000001,5,363.121093750001,0,0,10.421875,0,0,0
436,29.0000000000001,6,1775.83693846061,0,0,0.3,0,0,0
436,29.1000000000001,1,341.483395866567,-5.67086497831715e-59,0,10.1442182028066,-6.33964347900091e-58,0,-3.58070782491538e-57
436,29.1000000000001,2,572,67.1969876543222,0,5.06731631113853e-16,8.27555555555544,0,90
436,29.1000000000001,3,1182,56.1879592327325,0,3.96266181468748e-16,6.47151785714287,0,90
436,29.1000000000001,4,1182,99.7450332409986,0,9.17808320866253e-16,14.9889473684211,0,90
436,29.1000000000001,5,364.164375000001,0,0,10.44375,0,0,0
436,29.1000000000001,6,1775.83693846061,0,0,0.3,0,0,0
436,29.2000000000001,1,342.498713964098,-1.23542575560905e-58,0,10.1621437478248,-6.89178250570868e-58,0,-3.88569637172988e-57
436,29.2000000000001,2,572,68.0205432098777,0,5.01833043917264e-16,8.19555555555544,0,90
436,29.2000000000001,3,1182,56.8355172684468,0,3.96763694230901e-16,6.47964285714287,0,90
436,29.2000000000001,4,1182,99.7450332409986,0,9.17808320866253e-16,14.9889473684211,0,90
436,29.2000000000001,5,365.209843750001,0,0,10.465625,0,0,0
436,29.2000000000001,6,1775.83693846061,0,0,0.3,0,0,0
436,29.3000000000001,1,343.515824616132,-1.91822716624085e-58,0,10.1800692928429,-6.62744527910081e-58,0,-3.73007916275523e-57
436,29.3000000000001,2,572,68.8360987654333,0,4.96934456720674e-16,8.11555555555544,0,90
436,29.3000000000001,3,1182,57.4838878041611,0,3.97261206993055e-16,6.48776785714287,0,90
436,29.3000000000001,4,1182,99.7450332409986,0,9.17808320866253e-16,14.9889473684211,0,90
436,29.3000000000001,5,366.257500000002,0,0,10.4875,0,0,0
436,29.3000000000001,6,1775.83693846061,0,0,0.3,0,0,0
436,29.4000000000001,1,344.534727822667,-2.53341009129389e-58,0,10.1979948378611,-5.5379651748532e-58,0,-3.1114158876753e-57
436,29.4000000000001,2,572,69.6436543209889,0,4.92035869524085e-16,8.03555555555544,0,90
436,29.4000000000001,3,1182,58.1330708398754,0,3.97758719755208e-16,6.49589285714287,0,90
436,29.4000000000001,4,1182,99.7450332409986,0,9.17808320866253e-16,14.9889473684211,0,90
436,29.4000000000001,5,367.307343750002,0,0,10.509375,0,0,0
436,29.4000000000001,6,1775.83693846061,0,0,0.3,0,0,0
436,29.5000000000001,1,345.555423583704,-2.99802532009391e-58,0,10.2159203828793,-3.61463736125555e-58,0,-2.02726193537422e-57
436,29.5000000000001,2,572,70.4432098765444,0,4.87137282327495e-16,7.95555555555543,0,90
436,29.5000000000001,3,1182,58.7830663755897,0,3.98256232517362e-16,6.50401785714287,0,90
436,29.5000000000001,4,1182,99.7450332409986,0,9.17808320866253e-16,14.9889473684211,0,90
436,29.5000000000001,5,368.359375000002,0,0,10.53125,0,0,0
436,29.5000000000001,6,1775.83693846061,0,0,0.3,0,0,0
436,29.6000000000002,1,346.577911899243,-3.22825124562304e-58,0,10.2338459278974,-8.48718731933973e-59,0,-4.7516839393636e-58
436,29.6000000000002,2,572,71.2347654321,0,4.82238695130906e-16,7.87555555555543,0,90
436,29.6000000000002,3,1182,59.433874411304,0,3.98753745279516e-16,6.51214285714287,0,90
436,29.6000000000002,4,1182,99.7450332409986,0,9.17808320866253e-16,14.9889473684211,0,90
436,29.6000000000002,5,369.413593750002,0,0,10.553125,0,0,0
436,29.6000000000002,6,1775.83693846061,0,0,0.3,0,0,0
436,29.7000000000002,1,347.602192769284,-3.13939003368965e-58,0,10.2517714729156,2.76857216142633e-58,0,1.54731794935366e-57
436,29.7000000000002,2,572,72.0183209876555,0,4.77340107934316e-16,7.79555555555543,0,90
436,29.7000000000002,3,1182,60.0854949470183,0,3.99251258041669e-16,6.52026785714287,0,90
436,29.7000000000002,4,1182,99.7450332409986,0,9.17808320866253e-16,14.9889473684211,0,90
436,29.7000000000002,5,370.470000000002,0,0,10.575,0,0,0
436,29.7000000000002,6,1775.83693846061,0,0,0.3,0,0,0
436,29.8000000000002,1,348.628266193826,-2.64586378537037e-58,0,10.2696970179337,7.24605517635847e-58,0,4.04265460801097e-57
436,29.8000000000002,2,572,72.7938765432111,0,4.72441520737727e-16,7.71555555555543,0,90
436,29.8000000000002,3,1182,60.7379279827326,0,3.99748770803823e-16,6.52839285714287,0,90
436,29.8000000000002,4,1182,99.7450332409986,0,9.17808320866253e-16,14.9889473684211,0,90
436,29.8000000000002,5,371.528593750002,0,0,10.596875,0,0,0
436,29.8000000000002,6,1775.83693846061,0,0,0.3,0,0,0
436,29.9000000000002,1,349.65613217287,-1.66121069272434e-58,0,10.2876225629519,1.25925886468912e-57,0,7.01330339635047e-57
436,29.9000000000002,2,572,73.5614320987666,0,4.67542933541137e-16,7.63555555555543,0,90
436,29.9000000000002,3,1182,61.3911735184469,0,4.00246283565977e-16,6.53651785714287,0,90
436,29.9000000000002,4,1182,99.7450332409986,0,9.17808320866253e-16,14.9889473684211,0,90
436,29.9000000000002,5,372.589375000002,0,0,10.61875,0,0,0
436,29.9000000000002,6,1775.83693846061,0,0,0.3,0,0,0
436,30.0000000000002,1,350.685790706416,-9.80811877798377e-60,0,10.3055481079701,1.88170694508264e-57,0,1.04617304294868e-56
436,30.0000000000002,2,572,74.3209876543222,0,4.62644346344548e-16,7.55555555555543,0,90
436,30.0000000000002,3,1182,62.0452315541612,0,4.0074379632813e-16,6.54464285714287,0,90
436,30.0000000000002,4,1182,99.7450332409986,0,9.17808320866253e-16,14.9889473684211,0,90
436,30.0000000000002,5,373.652343750002,0,0,10.640625,0,0,0
436,30.0000000000002,6,1775.83693846061,0,0,0.3,0,0,0
436,30.1000000000002,1,351.7172609273,2.07556218022925e-58,0,10.3238771502971,2.41486219207643e-57,0,1.34020784727866e-56
436,30.1000000000002,2,572,75.0725432098777,0,4.57745759147958e-16,7.47555555555543,0,90
436,30.1000000000002,3,1182,62.7001020898755,0,4.01241309090284e-16,6.55276785714287,0,90
436,30.1000000000002,4,1182,99.7450332409986,0,9.17808320866253e-16,14.9889473684211,0,90
436,30.1000000000002,5,374.717500000002,0,0,10.6625,0,0,0
436,30.1000000000002,6,1775.83693846061,0,0,0.3,0,0,0
436,30.2000000000002,1,352.750566193228,4.62864130343331e-58,0,10.342228168252,2.63951413841411e-57,0,1.46228663336287e-56
436,30.2000000000002,2,572,75.8160987654333,0,4.52847171951369e-16,7.39555555555543,0,90
436,30.2000000000002,3,1182,63.3557851255897,0,4.01738821852437e-16,6.56089285714287,0,90
436,30.2000000000002,4,1182,99.7450332409986,0,9.17808320866253e-16,14.9889473684211,0,90
436,30.2000000000002,5,375.784843750002,0,0,10.684375,0,0,0
436,30.2000000000002,6,1775.83693846061,0,0,0.3,0,0,0
436,30.3000000000002,1,353.785706560951,7.25047237765928e-58,0,10.3605791862069,2.55181135430845e-57,0,1.41119543693161e-56
436,30.3000000000002,2,572,76.5516543209888,0,4.4794858475478e-16,7.31555555555543,0,90
436,30.3000000000002,3,1182,64.012280661304,0,4.02236334614591e-16,6.56901785714287,0,90
436,30.3000000000002,4,1182,99.7450332409986,0,9.17808320866253e-16,14.9889473684211,0,90
436,30.3000000000002,5,376.854375000002,0,0,10.70625,0,0,0
436,30.3000000000002,6,1775.83693846061,0,0,0.3,0,0,0
436,30.4000000000002,1,354.822682030469,9.62703399047546e-58,0,10.3789302041617,2.14841801235633e-57,0,1.18601129708478e-56
436,30.4000000000002,2,572,77.2792098765444,0,4.4304999755819e-16,7.23555555555542,0,90
436,30.4000000000002,3,1182,64.6695886970183,0,4.02733847376745e-16,6.57714285714287,0,90
436,30.4000000000002,4,1182,99.7450332409986,0,9.17808320866253e-16,14.9889473684211,0,90
436,30.4000000000002,5,377.926093750002,0,0,10.728125,0,0,0
436,30.4000000000002,6,1775.83693846061,0,0,0.3,0,0,0
436,30.5000000000002,1,355.861492601783,1.14409615074007e-57,0,10.3972812221166,1.42598349149487e-57,0,7.85809616692784e-57
436,30.5000000000002,2,572,77.9987654320999,0,4.38151410361601e-16,7.15555555555542,0,90
436,30.5000000000002,3,1182,65.3277092327326,0,4.03231360138898e-16,6.58526785714287,0,90
436,30.5000000000002,4,1182,99.7450332409986,0,9.17808320866253e-16,14.9889473684211,0,90
436,30.5000000000002,5,379.000000000002,0,0,10.75,0,0,0
436,30.5000000000002,6,1775.83693846061,0,0,0.3,0,0,0
436,30.6000000000002,1,356.902138274893,1.23715322651432e-57,0,10.4156322400715,3.81142350798497e-58,0,2.09664162396527e-57
436,30.6000000000002,2,572,78.7103209876555,0,4.33252823165011e-16,7.07555555555542,0,90
436,30.6000000000002,3,1182,65.9866422684469,0,4.03728872901052e-16,6.59339285714287,0,90
436,30.6000000000002,4,1182,99.7450332409986,0,9.17808320866253e-16,14.9889473684211,0,90
436,30.6000000000002,5,380.076093750002,0,0,10.771875,0,0,0
436,30.6000000000002,6,1775.83693846061,0,0,0.3,0,0,0
436,30.7000000000002,1,357.944619049797,1.20946507386364e-57,0,10.4339832580264,-9.89485696724175e-58,0,-5.43352935392582e-57
436,30.7000000000002,2,572,79.413876543211,0,4.28354235968421e-16,6.99555555555542,0,90
436,30.7000000000002,3,1182,66.6463878041612,0,4.04226385663206e-16,6.60151785714287,0,90
436,30.7000000000002,4,1182,99.7450332409986,0,9.17808320866253e-16,14.9889473684211,0,90
436,30.7000000000002,5,381.154375000002,0,0,10.79375,0,0,0
436,30.7000000000002,6,1775.83693846061,0,0,0.3,0,0,0
436,30.8000000000002,1,358.988934926498,1.02828336818712e-57,0,10.4523342759813,-2.68929581033336e-57,0,-1.47417118249264e-56
436,30.8000000000002,2,572,80.1094320987666,0,4.23455648771832e-16,6.91555555555542,0,90
436,30.8000000000002,3,1182,67.3069458398755,0,4.04723898425359e-16,6.60964285714287,0,90
436,30.8000000000002,4,1182,99.7450332409986,0,9.17808320866253e-16,14.9889473684211,0,90
436,30.8000000000002,5,382.234843750002,0,0,10.815625,0,0,0
436,30.8000000000002,6,1775.83693846061,0,0,0.3,0,0,0
436,30.9000000000002,1,360.035085904994,6.6051952425264e-58,0,10.4706852939362,-4.72169804776116e-57,0,-2.58372172095123e-56
436,30.9000000000002,2,572,80.7969876543222,0,4.18557061575243e-16,6.83555555555542,0,90
436,30.9000000000002,3,1182,67.9683163755898,0,4.05221411187513e-16,6.61776785714287,0,90
436,30.9000000000002,4,1182,99.7450332409986,0,9.17808320866253e-16,14.9889473684211,0,90
436,30.9000000000002,5,383.317500000002,0,0,10.8375,0,0,0
436,30.9000000000002,6,1775.83693846061,0,0,0.3,0,0,0
436,31.0000000000002,1,361.083071985285,7.27432050394427e-59,0,10.4890363118911,-7.09011739141459e-57,0,-3.87293732904545e-56
436,31.0000000000002,2,572,81.4765432098777,0,4.13658474378653e-16,6.75555555555542,0,90
436,31.0000000000002,3,1182,68.6304994113041,0,4.05718923949666e-16,6.62589285714287,0,90
436,31.0000000000002,4,1182,99.7450332409986,0,9.17808320866253e-16,14.9889473684211,0,90
436,31.0000000000002,5,384.402343750002,0,0,10.859375,0,0,0
436,31.0000000000002,6,1775.83693846061,0,0,0.3,0,0,0
436,31.1000000000002,1,362.132901515374,-7.50475006890729e-58,0,10.5075730003765,-9.18544585560292e-57,0,-5.00864738653849e-56
436,31.1000000000002,2,572,82.1480987654332,0,4.08759887182064e-16,6.67555555555542,0,90
436,31.1000000000002,3,1182,69.2934949470184,0,4.0621643671182e-16,6.63401785714287,0,90
436,31.1000000000002,4,1182,99.7450332409986,0,9.17808320866253e-16,14.9889473684211,0,90
436,31.1000000000002,5,385.489375000002,0,0,10.88125,0,0,0
436,31.1000000000002,6,1775.83693846061,0,0,0.3,0,0,0
436,31.2000000000002,1,363.184586690201,-1.7249687843553e-57,0,10.5261304961674,-1.01063640149118e-56,0,-5.50109087558976e-56
436,31.2000000000002,2,572,82.8116543209888,0,4.03861299985474e-16,6.59555555555542,0,90
436,31.2000000000002,3,1182,69.9573029827327,0,4.06713949473974e-16,6.64214285714287,0,90
436,31.2000000000002,4,1182,99.7450332409986,0,9.17808320866253e-16,14.9889473684211,0,90
436,31.2000000000002,5,386.578593750002,0,0,10.903125,0,0,0
436,31.2000000000002,6,1775.83693846061,0,0,0.3,0,0,0
436,31.3000000000002,1,364.238127614607,-2.73192399386607e-57,0,10.5446879919584,-9.83256583481014e-57,0,-5.34263815628099e-56
436,31.3000000000002,2,572,83.4672098765444,0,3.98962712788885e-16,6.51555555555541,0,90
436,31.3000000000002,3,1182,70.621923518447,0,4.07211462236127e-16,6.65026785714287,0,90
436,31.3000000000002,4,1182,99.7450332409986,0,9.17808320866253e-16,14.9889473684211,0,90
436,31.3000000000002,5,387.670000000002,0,0,10.925,0,0,0
436,31.3000000000002,6,1775.83693846061,0,0,0.3,0,0,0
436,31.4000000000002,1,365.293524288592,-3.65123547287586e-57,0,10.5632454877493,-8.35137143898718e-57,0,-4.5298420561654e-56
436,31.4000000000002,2,572,84.1147654320999,0,3.94064125592295e-16,6.43555555555541,0,90
436,31.4000000000002,3,1182,71.2873565541613,0,4.07708974998281e-16,6.65839285714287,0,90
436,31.4000000000002,4,1182,99.7450332409986,0,9.17808320866253e-16,14.9889473684211,0,90
436,31.4000000000002,5,388.763593750002,0,0,10.946875,0,0,0
436,31.4000000000002,6,1775.83693846061,0,0,0.3,0,0,0
436,31.5000000000002,1,366.350776712157,-4.36152727831102e-57,0,10.5818029835403,-5.65004507683475e-57,0,-3.05924933080728e-56
436,31.5000000000002,2,572,84.7543209876555,0,3.89165538395706e-16,6.35555555555541,0,90
436,31.5000000000002,3,1182,71.9536020898756,0,4.08206487760435e-16,6.66651785714287,0,90
436,31.5000000000002,4,1182,99.7450332409986,0,9.17808320866253e-16,14.9889473684211,0,90
436,31.5000000000002,5,389.859375000002,0,0,10.96875,0,0,0
436,31.5000000000002,6,1775.83693846061,0,0,0.3,0,0,0
436,31.6000000000002,1,367.409884885301,-4.74014709422497e-57,0,10.6003604793312,-1.71579502511451e-57,0,-9.27400663782019e-57
436,31.6000000000002,2,572,85.385876543211,0,3.84266951199116e-16,6.27555555555541,0,90
436,31.6000000000002,3,1182,72.6206601255899,0,4.08704000522588e-16,6.67464285714287,0,90
436,31.6000000000002,4,1182,99.7450332409986,0,9.17808320866253e-16,14.9889473684211,0,90
436,31.6000000000002,5,390.957343750002,0,0,10.990625,0,0,0
436,31.6000000000002,6,1775.83693846061,0,0,0.3,0,0,0
436,31.7000000000002,1,368.470848808023,-4.66316062961862e-57,0,10.6189179751221,3.46422651037471e-57,0,1.86916933332392e-56
436,31.7000000000002,2,572,86.0094320987666,0,3.79368364002527e-16,6.19555555555541,0,90
436,31.7000000000002,3,1182,73.2885306613042,0,4.09201513284742e-16,6.68276785714287,0,90
436,31.7000000000002,4,1182,99.7450332409986,0,9.17808320866253e-16,14.9889473684211,0,90
436,31.7000000000002,5,392.057500000002,0,0,11.0125,0,0,0
436,31.7000000000002,6,1775.83693846061,0,0,0.3,0,0,0
436,31.8000000000002,1,369.533668480325,-4.00534600642742e-57,0,10.6374754709131,9.90292349312952e-57,0,5.33393212091298e-56
436,31.8000000000002,2,572,86.6249876543221,0,3.74469776805937e-16,6.11555555555541,0,90
436,31.8000000000002,3,1182,73.9572136970185,0,4.09699026046895e-16,6.69089285714287,0,90
436,31.8000000000002,4,1182,99.7450332409986,0,9.17808320866253e-16,14.9889473684211,0,90
436,31.8000000000002,5,393.159843750002,0,0,11.034375,0,0,0
436,31.8000000000002,6,1775.83693846061,0,0,0.3,0,0,0
436,31.9000000000002,1,370.598343902206,-2.64018813767519e-57,0,10.656032966704,1.76132561542746e-56,0,9.47036523137655e-56
436,31.9000000000002,2,572,87.2325432098777,0,3.69571189609348e-16,6.03555555555541,0,90
436,31.9000000000002,3,1182,74.6267092327328,0,4.10196538809049e-16,6.69901785714287,0,90
436,31.9000000000002,4,1182,99.7450332409986,0,9.17808320866253e-16,14.9889473684211,0,90
436,31.9000000000002,5,394.264375000002,0,0,11.05625,0,0,0
436,31.9000000000002,6,1775.83693846061,0,0,0.3,0,0,0
436,32.0000000000002,1,371.664875073666,-4.39873095794693e-58,0,10.6745904624949,2.66082410908955e-56,0,1.42819522690949e-55
436,32.0000000000002,2,572,87.8320987654332,0,3.64672602412758e-16,5.95555555555541,0,90
436,32.0000000000002,3,1182,75.2970172684471,0,4.10694051571203e-16,6.70714285714287,0,90
436,32.0000000000002,4,1182,99.7450332409986,0,9.17808320866253e-16,14.9889473684211,0,90
436,32.0000000000002,5,395.371093750002,0,0,11.078125,0,0,0
436,32.0000000000002,6,1775.83693846061,0,0,0.3,0,0,0
436,32.1000000000002,1,372.733262033682,2.66762408454941e-57,0,10.6931488869843,3.48589354800745e-56,0,1.86780330325166e-55
436,32.1000000000002,2,572,88.4236543209888,0,3.59774015216169e-16,5.8755555555554,0,90
436,32.1000000000002,3,1182,75.9681378041614,0,4.11191564333356e-16,6.71526785714287,0,90
436,32.1000000000002,4,1182,99.7450332409986,0,9.17808320866253e-16,14.9889473684211,0,90
436,32.1000000000002,5,396.480000000002,0,0,11.1,0,0,0
436,32.1000000000002,6,1775.83693846061,0,0,0.3,0,0,0
436,32.2000000000002,1,373.80350485249,6.38166692831485e-57,0,10.7117074891687,3.86647436623043e-56,0,2.06813585046575e-55
436,32.2000000000002,2,572,89.0072098765443,0,3.54875428019579e-16,5.7955555555554,0,90
436,32.2000000000002,3,1182,76.6400708398757,0,4.1168907709551e-16,6.72339285714287,0,90
436,32.2000000000002,4,1182,99.7450332409986,0,9.17808320866253e-16,14.9889473684211,0,90
436,32.2000000000002,5,397.591093750002,0,0,11.121875,0,0,0
436,32.2000000000002,6,1775.83693846061,0,0,0.3,0,0,0
436,32.3000000000002,1,374.875603531516,1.02483456352024e-56,0,10.7302660913531,3.79037295246968e-56,0,2.02392346199187e-55
436,32.3000000000002,2,572,89.5827654320998,0,3.4997684082299e-16,5.7155555555554,0,90
436,32.3000000000002,3,1182,77.31281637559,0,4.12186589857663e-16,6.73151785714287,0,90
436,32.3000000000002,4,1182,99.7450332409986,0,9.17808320866253e-16,14.9889473684211,0,90
436,32.3000000000002,5,398.704375000002,0,0,11.14375,0,0,0
436,32.3000000000002,6,1775.83693846061,0,0,0.3,0,0,0
436,32.4000000000002,1,375.94955807076,1.38085975732997e-56,0,10.7488246935376,3.25282507109585e-56,0,1.73389327095627e-55
436,32.4000000000002,2,572,90.1503209876554,0,3.450782536264e-16,5.6355555555554,0,90
436,32.4000000000002,3,1182,77.9863744113043,0,4.12684102619817e-16,6.73964285714287,0,90
436,32.4000000000002,4,1182,99.7450332409986,0,9.17808320866253e-16,14.9889473684211,0,90
436,32.4000000000002,5,399.819843750002,0,0,11.165625,0,0,0
436,32.4000000000002,6,1775.83693846061,0,0,0.3,0,0,0
436,32.5000000000002,1,377.025368470223,1.65985855618009e-56,0,10.767383295722,2.2490458540035e-56,0,1.19677020708453e-55
436,32.5000000000002,2,572,90.709876543211,0,3.40179666429811e-16,5.5555555555554,0,90
436,32.5000000000002,3,1182,78.6607449470186,0,4.13181615381971e-16,6.74776785714287,0,90
436,32.5000000000002,4,1182,99.7450332409986,0,9.17808320866253e-16,14.9889473684211,0,90
436,32.5000000000002,5,400.937500000002,0,0,11.1875,0,0,0
436,32.5000000000002,6,1775.83693846061,0,0,0.3,0,0,0
436,32.6000000000002,1,378.103034729905,1.81496772206878e-56,0,10.7859418979064,7.74229764926175e-57,0,4.11276996701476e-56
436,32.6000000000002,2,572,91.2614320987665,0,3.35281079233221e-16,5.4755555555554,0,90
436,32.6000000000002,3,1182,79.3359279827329,0,4.13679128144124e-16,6.75589285714287,0,90
436,32.6000000000002,4,1182,99.7450332409986,0,9.17808320866253e-16,14.9889473684211,0,90
436,32.6000000000002,5,402.057343750002,0,0,11.209375,0,0,0
436,32.6000000000002,6,1775.83693846061,0,0,0.3,0,0,0
436,32.7000000000002,1,379.182556849805,1.79884242847266e-56,0,10.8045005000908,-1.17644943624874e-56,0,-6.23865837268749e-56
436,32.7000000000002,2,572,91.804987654322,0,3.30382492036632e-16,5.3955555555554,0,90
436,32.7000000000002,3,1182,80.0119235184472,0,4.14176640906278e-16,6.76401785714287,0,90
436,32.7000000000002,4,1182,99.7450332409986,0,9.17808320866253e-16,14.9889473684211,0,90
436,32.7000000000002,5,403.179375000002,0,0,11.23125,0,0,0
436,32.7000000000002,6,1775.83693846061,0,0,0.3,0,0,0
436,32.8000000000002,1,380.263934829923,1.56365418817789e-56,0,10.8230591022752,-3.60783872916498e-56,0,-1.90993997530273e-55
436,32.8000000000002,2,572,92.3405432098776,0,3.25483904840042e-16,5.3155555555554,0,90
436,32.8000000000002,3,1182,80.6887315541615,0,4.14674153668432e-16,6.77214285714287,0,90
436,32.8000000000002,4,1182,99.7450332409986,0,9.17808320866253e-16,14.9889473684211,0,90
436,32.8000000000002,5,404.303593750002,0,0,11.253125,0,0,0
436,32.8000000000002,6,1775.83693846061,0,0,0.3,0,0,0
436,32.9000000000002,1,381.34716867026,1.06108877754284e-56,0,10.8416177044597,-6.52480586868246e-56,0,-3.44822930127777e-55
436,32.9000000000002,2,572,92.8680987654331,0,3.20585317643453e-16,5.2355555555554,0,90
436,32.9000000000002,3,1182,81.3663520898758,0,4.15171666430585e-16,6.78026785714287,0,90
436,32.9000000000002,4,1182,99.7450332409986,0,9.17808320866253e-16,14.9889473684211,0,90
436,32.9000000000002,5,405.430000000002,0,0,11.275,0,0,0
436,32.9000000000002,6,1775.83693846061,0,0,0.3,0,0,0
436,33.0000000000002,1,382.432258370815,2.42344157192179e-57,0,10.8601763066441,-9.93223942056233e-56,0,-5.24001990247186e-55
436,33.0000000000002,2,572,93.3876543209887,0,3.15686730446863e-16,5.1555555555554,0,90
436,33.0000000000002,3,1182,82.0447851255901,0,4.15669179192739e-16,6.78839285714287,0,90
436,33.0000000000002,4,1182,99.7450332409986,0,9.17808320866253e-16,14.9889473684211,0,90
436,33.0000000000002,5,406.558593750002,0,0,11.296875,0,0,0
436,33.0000000000002,6,1775.83693846061,0,0,0.3,0,0,0
436,33.1000000000002,1,383.519226416119,-9.25306961882782e-57,0,10.8793218439976,-1.31857142276293e-55,0,-6.94423591784429e-55
436,33.1000000000002,2,572,93.8992098765442,0,3.10788143250274e-16,5.07555555555539,0,90
436,33.1000000000002,3,1182,82.7240306613044,0,4.16166691954892e-16,6.79651785714287,0,90
436,33.1000000000002,4,1182,99.7450332409986,0,9.17808320866253e-16,14.9889473684211,0,90
436,33.1000000000002,5,407.689375000002,0,0,11.31875,0,0,0
436,33.1000000000002,6,1775.83693846061,0,0,0.3,0,0,0
436,33.2000000000002,1,384.608124833951,-2.33773816036441e-56,0,10.8986465126348,-1.47737013884413e-55,0,-7.76675100309873e-55
436,33.2000000000002,2,572,94.4027654320998,0,3.05889556053684e-16,4.99555555555539,0,90
436,33.2000000000002,3,1182,83.4040886970187,0,4.16664204717046e-16,6.80464285714287,0,90
436,33.2000000000002,4,1182,99.7450332409986,0,9.17808320866253e-16,14.9889473684211,0,90
436,33.2000000000002,5,408.822343750002,0,0,11.340625,0,0,0
436,33.2000000000002,6,1775.83693846061,0,0,0.3,0,0,0
436,33.3000000000002,1,385.698955718646,-3.8218959713511e-56,0,10.9179711812721,-1.46171477544775e-55,0,-7.67084709187801e-55
436,33.3000000000002,2,572,94.8983209876553,0,3.00990968857095e-16,4.91555555555539,0,90
436,33.3000000000002,3,1182,84.0849592327329,0,4.171617174792e-16,6.81276785714287,0,90
436,33.3000000000002,4,1182,99.7450332409986,0,9.17808320866253e-16,14.9889473684211,0,90
436,33.3000000000002,5,409.957500000002,0,0,11.3625,0,0,0
436,33.3000000000002,6,1775.83693846061,0,0,0.3,0,0,0
436,33.4000000000002,1,386.791719070205,-5.20239532357016e-56,0,10.9372958499093,-1.26974197367706e-55,0,-6.65163100282324e-55
436,33.4000000000002,2,572,95.3858765432109,0,2.96092381660506e-16,4.83555555555539,0,90
436,33.4000000000002,3,1182,84.7666422684472,0,4.17659230241353e-16,6.82089285714287,0,90
436,33.4000000000002,4,1182,99.7450332409986,0,9.17808320866253e-16,14.9889473684211,0,90
436,33.4000000000002,5,411.094843750002,0,0,11.384375,0,0,0
436,33.4000000000002,6,1775.83693846061,0,0,0.3,0,0,0
436,33.5000000000002,1,387.886414888628,-6.30198365849626e-56,0,10.9566205185466,-8.99580115487156e-56,0,-4.70420088603583e-55
436,33.5000000000002,2,572,95.8654320987664,0,2.91193794463916e-16,4.75555555555539,0,90
436,33.5000000000002,3,1182,85.4491378041615,0,4.18156743003507e-16,6.82901785714287,0,90
436,33.5000000000002,4,1182,99.7450332409986,0,9.17808320866253e-16,14.9889473684211,0,90
436,33.5000000000002,5,412.234375000002,0,0,11.40625,0,0,0
436,33.5000000000002,6,1775.83693846061,0,0,0.3,0,0,0
436,33.6000000000002,1,388.983043173915,-6.94153266389403e-56,0,10.9759451871838,-3.49349309066357e-56,0,-1.82364622307751e-55
436,33.6000000000002,2,572,96.336987654322,0,2.86295207267327e-16,4.67555555555539,0,90
436,33.6000000000002,3,1182,86.1324458398758,0,4.1865425576566e-16,6.83714285714287,0,90
436,33.6000000000002,4,1182,99.7450332409986,0,9.17808320866253e-16,14.9889473684211,0,90
436,33.6000000000002,5,413.376093750002,0,0,11.428125,0,0,0
436,33.6000000000002,6,1775.83693846061,0,0,0.3,0,0,0
436,33.7000000000002,1,390.081603926065,-6.94002999274194e-56,0,10.9952698558211,3.82838625782376e-56,0,1.99495217302972e-55
436,33.7000000000002,2,572,96.8005432098775,0,2.81396620070737e-16,4.59555555555539,0,90
436,33.7000000000002,3,1182,86.8165663755901,0,4.19151768527814e-16,6.84526785714287,0,90
436,33.7000000000002,4,1182,99.7450332409986,0,9.17808320866253e-16,14.9889473684211,0,90
436,33.7000000000002,5,414.520000000002,0,0,11.45,0,0,0
436,33.7000000000002,6,1775.83693846061,0,0,0.3,0,0,0
436,33.8000000000002,1,391.182097145079,-6.11457096753766e-56,0,11.0145945244583,1.29888017226002e-55,0,6.75652215780356e-55
436,33.8000000000002,2,572,97.2560987654331,0,2.76498032874148e-16,4.51555555555539,0,90
436,33.8000000000002,3,1182,87.5014994113044,0,4.19649281289968e-16,6.85339285714287,0,90
436,33.8000000000002,4,1182,99.7450332409986,0,9.17808320866253e-16,14.9889473684211,0,90
436,33.8000000000002,5,415.666093750002,0,0,11.471875,0,0,0
436,33.8000000000002,6,1775.83693846061,0,0,0.3,0,0,0
436,33.9000000000002,1,392.284522830957,-4.28035026998484e-56,0,11.0339191930956,2.40068013119009e-55,0,1.24660002553014e-54
436,33.9000000000002,2,572,97.7036543209886,0,2.71599445677558e-16,4.43555555555538,0,90
436,33.9000000000002,3,1182,88.1872449470187,0,4.20146794052121e-16,6.86151785714287,0,90
436,33.9000000000002,4,1182,99.7450332409986,0,9.17808320866253e-16,14.9889473684211,0,90
436,33.9000000000002,5,416.814375000002,0,0,11.49375,0,0,0
436,33.9000000000002,6,1775.83693846061,0,0,0.3,0,0,0
436,34.0000000000002,1,393.388880983698,-1.25065361606129e-56,0,11.0532438617329,3.6901516356372e-55,0,1.91283316581203e-54
436,34.0000000000002,2,572,98.1432098765441,0,2.66700858480969e-16,4.35555555555538,0,90
436,34.0000000000002,3,1182,88.873802982733,0,4.20644306814275e-16,6.86964285714287,0,90
436,34.0000000000002,4,1182,99.7450332409986,0,9.17808320866253e-16,14.9889473684211,0,90
436,34.0000000000002,5,417.964843750002,0,0,11.515625,0,0,0
436,34.0000000000002,6,1775.83693846061,0,0,0.3,0,0,0
436,34.1000000000002,1,394.495209831664,3.11883294269029e-56,0,11.0736920605922,4.97350735641469e-55,0,2.57331501851959e-54
436,34.1000000000002,2,572,98.5747654320997,0,2.61802271284379e-16,4.27555555555538,0,90
436,34.1000000000002,3,1182,89.5611735184473,0,4.21141819576429e-16,6.87776785714287,0,90
436,34.1000000000002,4,1182,99.7450332409986,0,9.17808320866253e-16,14.9889473684211,0,90
436,34.1000000000002,5,419.117500000002,0,0,11.5375,0,0,0
436,34.1000000000002,6,1775.83693846061,0,0,0.3,0,0,0
436,34.2000000000002,1,395.603627822442,8.48103690700397e-56,0,11.094667754968,5.64029852665973e-55,0,2.91279836322049e-54
436,34.2000000000002,2,572,98.9983209876552,0,2.5690368408779e-16,4.19555555555538,0,90
436,34.2000000000002,3,1182,90.2493565541616,0,4.21639332338582e-16,6.88589285714288,0,90
436,34.2000000000002,4,1182,99.7450332409986,0,9.17808320866253e-16,14.9889473684211,0,90
436,34.2000000000002,5,420.272343750003,0,0,11.559375,0,0,0
436,34.2000000000002,6,1775.83693846061,0,0,0.3,0,0,0
436,34.3000000000002,1,396.714143382658,1.41769624125136e-55,0,11.1156434493438,5.63968575035299e-55,0,2.90698593156451e-54
436,34.3000000000002,2,572,99.4138765432108,0,2.520050968912e-16,4.11555555555538,0,90
436,34.3000000000002,3,1182,90.9383520898759,0,4.22136845100736e-16,6.89401785714287,0,90
436,34.3000000000002,4,1182,99.7450332409986,0,9.17808320866253e-16,14.9889473684211,0,90
436,34.3000000000002,5,421.429375000002,0,0,11.58125,0,0,0
436,34.3000000000002,6,1775.83693846061,0,0,0.3,0,0,0
436,34.4000000000002,1,397.826756512311,1.95354054636011e-55,0,11.1366191437197,4.96406294339538e-55,0,2.55391562038142e-54
436,34.4000000000002,2,572,99.8214320987663,0,2.47106509694611e-16,4.03555555555538,0,90
436,34.4000000000002,3,1182,91.6281601255902,0,4.22634357862889e-16,6.90214285714288,0,90
436,34.4000000000002,4,1182,99.7450332409986,0,9.17808320866253e-16,14.9889473684211,0,90
436,34.4000000000002,5,422.588593750003,0,0,11.603125,0,0,0
436,34.4000000000002,6,1775.83693846061,0,0,0.3,0,0,0
436,34.5000000000002,1,398.941467211402,2.38775380113427e-55,0,11.1575948380955,3.60578807196734e-55,0,1.85162162043166e-54
436,34.5000000000002,2,572,99.8214320987663,0,2.47106509694611e-16,4.03555555555538,0,90
436,34.5000000000002,3,1182,92.3187806613045,0,4.23131870625043e-16,6.91026785714288,0,90
436,34.5000000000002,4,1182,99.7450332409986,0,9.17808320866253e-16,14.9889473684211,0,90
436,34.5000000000002,5,423.750000000003,0,0,11.625,0,0,0
436,34.5000000000002,6,1775.83693846061,0,0,0.3,0,0,0
436,34.6000000000002,1,400.05827547993,2.65168719698685e-55,0,11.1785705324713,1.55718308469026e-55,0,7.9813441640637e-55
436,34.6000000000002,2,572,99.8214320987663,0,2.47106509694611e-16,4.03555555555538,0,90
436,34.6000000000002,3,1182,93.0102136970188,0,4.23629383387197e-16,6.91839285714287,0,90
436,34.6000000000002,4,1182,99.7450332409986,0,9.17808320866253e-16,14.9889473684211,0,90
436,34.6000000000002,5,424.913593750003,0,0,11.646875,0,0,0
436,34.6000000000002,6,1775.83693846061,0,0,0.3,0,0,0
436,34.7000000000002,1,401.177181317896,2.67592231648841e-55,0,11.1995462268472,-1.18946615521228e-55,0,-6.08519213072638e-55
436,34.7000000000002,2,572,99.8214320987663,0,2.47106509694611e-16,4.03555555555538,0,90
436,34.7000000000002,3,1182,93.7024592327331,0,4.2412689614935e-16,6.92651785714288,0,90
436,34.7000000000002,4,1182,99.7450332409986,0,9.17808320866253e-16,14.9889473684211,0,90
436,34.7000000000002,5,426.079375000003,0,0,11.66875,0,0,0
436,34.7000000000002,6,1775.83693846061,0,0,0.3,0,0,0
436,34.8000000000002,1,402.2981847253,2.39026752143541e-55,0,11.220521921223,-4.64190993775311e-55,0,-2.37031619545287e-54
436,34.8000000000002,2,572,99.8214320987663,0,2.47106509694611e-16,4.03555555555538,0,90
436,34.8000000000002,3,1182,94.3955172684474,0,4.24624408911504e-16,6.93464285714288,0,90
436,34.8000000000002,4,1182,99.7450332409986,0,9.17808320866253e-16,14.9889473684211,0,90
436,34.8000000000002,5,427.247343750003,0,0,11.690625,0,0,0
436,34.8000000000002,6,1775.83693846061,0,0,0.3,0,0,0
436,34.9000000000002,1,403.421285702141,1.72375433413459e-55,0,11.2414976155988,-8.80793477402012e-55,0,-4.48923716425113e-54
436,34.9000000000002,2,572,99.8214320987663,0,2.47106509694611e-16,4.03555555555538,0,90
436,34.9000000000002,3,1182,95.0893878041617,0,4.25121921673658e-16,6.94276785714288,0,90
436,34.9000000000002,4,1182,99.7450332409986,0,9.17808320866253e-16,14.9889473684211,0,90
436,34.9000000000002,5,428.417500000003,0,0,11.7125,0,0,0
436,34.9000000000002,6,1775.83693846061,0,0,0.3,0,0,0
436,35.0000000000002,1,404.546484248419,6.04633811903498e-56,0,11.2624733099747,-1.3695363464015e-54,0,-6.96726645905356e-54
436,35.0000000000002,2,572,99.8214320987663,0,2.47106509694611e-16,4.03555555555538,0,90
436,35.0000000000002,3,1182,95.784070839876,0,4.25619434435811e-16,6.95089285714288,0,90
436,35.0000000000002,4,1182,99.7450332409986,0,9.17808320866253e-16,14.9889473684211,0,90
436,35.0000000000002,5,429.589843750003,0,0,11.734375,0,0,0
436,35.0000000000002,6,1775.83693846061,0,0,0.3,0,0,0
436,35.1000000000002,1,405.67377846645,-1.02842043611718e-55,0,11.2833848024075,-1.87430789470121e-54,0,-9.51752809595898e-54
436,35.1000000000002,2,572,99.8214320987663,0,2.47106509694611e-16,4.03555555555538,0,90
436,35.1000000000002,3,1182,96.4795663755903,0,4.26116947197965e-16,6.95901785714288,0,90
436,35.1000000000002,4,1182,99.7450332409986,0,9.17808320866253e-16,14.9889473684211,0,90
436,35.1000000000002,5,430.764375000003,0,0,11.7562500000001,0,0,0
436,35.1000000000002,6,1775.83693846061,0,0,0.3,0,0,0
436,35.2000000000002,1,406.803160301256,-3.06324971664956e-55,0,11.3042518936989,-2.15290115986637e-54,0,-1.09120135794144e-53
436,35.2000000000002,2,572,99.8214320987663,0,2.47106509694611e-16,4.03555555555538,0,90
436,35.2000000000002,3,1182,97.1758744113046,0,4.26614459960118e-16,6.96714285714288,0,90
436,35.2000000000002,4,1182,99.7450332409986,0,9.17808320866253e-16,14.9889473684211,0,90
436,35.2000000000002,5,431.941093750003,0,0,11.7781250000001,0,0,0
436,35.2000000000002,6,1775.83693846061,0,0,0.3,0,0,0
436,35.3000000000002,1,407.93462884519,-5.24885014812546e-55,0,11.3251189849903,-2.1753761641067e-54,0,-1.10056126758459e-53
436,35.3000000000002,2,572,99.8214320987663,0,2.47106509694611e-16,4.03555555555538,0,90
436,35.3000000000002,3,1182,97.8729949470189,0,4.27111972722272e-16,6.97526785714288,0,90
436,35.3000000000002,4,1182,99.7450332409986,0,9.17808320866253e-16,14.9889473684211,0,90
436,35.3000000000002,5,433.120000000003,0,0,11.8000000000001,0,0,0
436,35.3000000000002,6,1775.83693846061,0,0,0.3,0,0,0
436,35.4000000000002,1,409.068184098254,-7.32767918220704e-55,0,11.3459860762817,-1.93888214181977e-54,0,-9.79110700054414e-54
436,35.4000000000002,2,572,99.8214320987663,0,2.47106509694611e-16,4.03555555555538,0,90
436,35.4000000000002,3,1182,98.5709279827332,0,4.27609485484426e-16,6.98339285714288,0,90
436,35.4000000000002,4,1182,99.7450332409986,0,9.17808320866253e-16,14.9889473684211,0,90
436,35.4000000000002,5,434.301093750003,0,0,11.8218750000001,0,0,0
436,35.4000000000002,6,1775.83693846061,0,0,0.3,0,0,0
436,35.5000000000002,1,410.203826060447,-9.03933692858441e-55,0,11.3668531675731,-1.44055517062351e-54,0,-7.2612648563048e-54
436,35.5000000000002,2,572,99.8214320987663,0,2.47106509694611e-16,4.03555555555538,0,90
436,35.5000000000002,3,1182,99.2696735184475,0,4.28106998246579e-16,6.99151785714288,0,90
436,35.5000000000002,4,1182,99.7450332409986,0,9.17808320866253e-16,14.9889473684211,0,90
436,35.5000000000002,5,435.484375000003,0,0,11.8437500000001,0,0,0
436,35.5000000000002,6,1775.83693846061,0,0,0.3,0,0,0
436,35.6000000000002,1,411.341554731769,-1.01205529860749e-54,0,11.3877202588645,-6.77518147114194e-55,0,-3.40884123342854e-54
436,35.6000000000002,2,572,99.8214320987663,0,2.47106509694611e-16,4.03555555555538,0,90
436,35.6000000000002,3,1182,99.9692315541618,0,4.28604511008733e-16,6.99964285714288,0,90
436,35.6000000000002,4,1182,99.7450332409986,0,9.17808320866253e-16,14.9889473684211,0,90
436,35.6000000000002,5,436.669843750003,0,0,11.8656250000001,0,0,0
436,35.6000000000002,6,1775.83693846061,0,0,0.3,0,0,0
436,35.7000000000002,1,412.48137011222,-1.03051732494805e-54,0,11.4085873501559,3.53119237375618e-55,0,1.77342219027886e-54
436,35.7000000000002,2,572,99.8214320987663,0,2.47106509694611e-16,4.03555555555538,0,90
436,35.7000000000002,3,1182,99.9692315541618,0,4.28604511008733e-16,6.99964285714288,0,90
436,35.7000000000002,4,1182,99.7450332409986,0,9.17808320866253e-16,14.9889473684211,0,90
436,35.7000000000002,5,437.857500000003,0,0,11.8875000000001,0,0,0
436,35.7000000000002,6,1775.83693846061,0,0,0.3,0,0,0
436,35.8000000000002,1,413.6232722018,-9.32414669220298e-55,0,11.4294544414473,1.65426052101906e-54,0,8.2927970495066e-54
436,35.8000000000002,2,572,99.8214320987663,0,2.47106509694611e-16,4.03555555555538,0,90
436,35.8000000000002,3,1182,99.9692315541618,0,4.28604511008733e-16,6.99964285714288,0,90
436,35.8000000000002,4,1182,99.7450332409986,0,9.17808320866253e-16,14.9889473684211,0,90
436,35.8000000000002,5,439.047343750003,0,0,11.9093750000001,0,0,0
436,35.8000000000002,6,1775.83693846061,0,0,0.3,0,0,0
436,35.9000000000002,1,414.767261000509,-6.90551212461739e-55,0,11.4503215327387,3.22882249573697e-54,0,1.61565682914388e-53
436,35.9000000000002,2,572,99.8214320987663,0,2.47106509694611e-16,4.03555555555538,0,90
436,35.9000000000002,3,1182,99.9692315541618,0,4.28604511008733e-16,6.99964285714288,0,90
436,35.9000000000002,4,1182,99.7450332409986,0,9.17808320866253e-16,14.9889473684211,0,90
436,35.9000000000002,5,440.239375000003,0,0,11.9312500000001,0,0,0
436,35.9000000000002,6,1775.83693846061,0,0,0.3,0,0,0
436,36.0000000000002,1,415.913336508348,-2.77438492820316e-55,0,11.4711886240301,5.07973523143995e-54,0,2.53720341757546e-53
436,36.0000000000002,2,572,99.8214320987663,0,2.47106509694611e-16,4.03555555555538,0,90
436,36.0000000000002,3,1182,99.9692315541618,0,4.28604511008733e-16,6.99964285714288,0,90
436,36.0000000000002,4,1182,99.7450332409986,0,9.17808320866253e-16,14.9889473684211,0,90
436,36.0000000000002,5,441.433593750003,0,0,11.9531250000001,0,0,0
436,36.0000000000002,6,1775.83693846061,0,0,0.3,0,0,0
436,36.1000000000002,1,417.061505415183,3.32057432944658e-55,0,11.492321562672,7.05194385302512e-54,0,3.51579633356187e-53
436,36.1000000000002,2,572,99.8214320987663,0,2.47106509694611e-16,4.03555555555538,0,90
436,36.1000000000002,3,1182,99.9692315541618,0,4.28604511008733e-16,6.99964285714288,0,90
436,36.1000000000002,4,1182,99.7450332409986,0,9.17808320866253e-16,14.9889473684211,0,90
436,36.1000000000002,5,442.630000000003,0,0,11.9750000000001,0,0,0
436,36.1000000000002,6,1775.83693846061,0,0,0.3,0,0,0
436,36.2000000000002,1,418.211807337155,1.10312722821979e-54,0,11.5137168767723,8.20669704237735e-54,0,4.08390365425187e-53
436,36.2000000000002,2,572,99.8214320987663,0,2.47106509694611e-16,4.03555555555538,0,90
436,36.2000000000002,3,1182,99.9692315541618,0,4.28604511008733e-16,6.99964285714288,0,90
436,36.2000000000002,4,1182,99.7450332409986,0,9.17808320866253e-16,14.9889473684211,0,90
436,36.2000000000002,5,443.828593750003,0,0,11.9968750000001,0,0,0
436,36.2000000000002,6,1775.83693846061,0,0,0.3,0,0,0
436,36.3000000000002,1,419.364248790537,1.94066296579405e-54,0,11.5351121908725,8.37943226120268e-54,0,4.16212773086486e-53
436,36.3000000000002,2,572,99.8214320987663,0,2.47106509694611e-16,4.03555555555538,0,90
436,36.3000000000002,3,1182,99.9692315541618,0,4.28604511008733e-16,6.99964285714288,0,90
436,36.3000000000002,4,1182,99.7450332409986,0,9.17808320866253e-16,14.9889473684211,0,90
436,36.3000000000002,5,445.029375000003,0,0,12.0187500000001,0,0,0
436,36.3000000000002,6,1775.83693846061,0,0,0.3,0,0,0
436,36.4000000000002,1,420.51882977533,2.74591286592699e-54,0,11.5565075049727,7.55914133912144e-54,0,3.74773170257678e-53
436,36.4000000000002,2,572,99.8214320987663,0,2.47106509694611e-16,4.03555555555538,0,90
436,36.4000000000002,3,1182,99.9692315541618,0,4.28604511008733e-16,6.99964285714288,0,90
436,36.4000000000002,4,1182,99.7450332409986,0,9.17808320866253e-16,14.9889473684211,0,90
436,36.4000000000002,5,446.232343750003,0,0,12.0406250000001,0,0,0
436,36.4000000000002,6,1775.83693846061,0,0,0.3,0,0,0
436,36.5000000000002,1,421.675550291532,3.41902177527172e-54,0,11.577902819073,5.73476495857293e-54,0,2.83797362752483e-53
436,36.5000000000002,2,572,99.8214320987663,0,2.47106509694611e-16,4.03555555555538,0,90
436,36.5000000000002,3,1182,99.9692315541618,0,4.28604511008733e-16,6.99964285714288,0,90
436,36.5000000000002,4,1182,99.7450332409986,0,9.17808320866253e-16,14.9889473684211,0,90
436,36.5000000000002,5,447.437500000003,0,0,12.0625000000001,0,0,0
436,36.5000000000002,6,1775.83693846061,0,0,0.3,0,0,0
436,36.6000000000003,1,422.834410339144,3.85902604741339e-54,0,11.5992981331732,2.89519255994762e-54,0,1.43010648280747e-53
436,36.6000000000003,2,572,99.8214320987663,0,2.47106509694611e-16,4.03555555555538,0,90
436,36.6000000000003,3,1182,99.9692315541618,0,4.28604511008733e-16,6.99964285714288,0,90
436,36.6000000000003,4,1182,99.7450332409986,0,9.17808320866253e-16,14.9889473684211,0,90
436,36.6000000000003,5,448.644843750003,0,0,12.0843750000001,0,0,0
436,36.6000000000003,6,1775.83693846061,0,0,0.3,0,0,0
436,36.7000000000003,1,423.995409918167,3.96384841392092e-54,0,11.6206934472734,-9.70737753280553e-55,0,-4.78621835515654e-54
436,36.7000000000003,2,572,99.8214320987663,0,2.47106509694611e-16,4.03555555555538,0,90
436,36.7000000000003,3,1182,99.9692315541618,0,4.28604511008733e-16,6.99964285714288,0,90
436,36.7000000000003,4,1182,99.7450332409986,0,9.17808320866253e-16,14.9889473684211,0,90
436,36.7000000000003,5,449.854375000003,0,0,12.1062500000001,0,0,0
436,36.7000000000003,6,1775.83693846061,0,0,0.3,0,0,0
436,36.8000000000003,1,425.158549028599,3.630292845912e-54,0,11.6420887613737,-5.87423930942196e-54,0,-2.89096851242362e-53
436,36.8000000000003,2,572,99.8214320987663,0,2.47106509694611e-16,4.03555555555538,0,90
436,36.8000000000003,3,1182,99.9692315541618,0,4.28604511008733e-16,6.99964285714288,0,90
436,36.8000000000003,4,1182,99.7450332409986,0,9.17808320866253e-16,14.9889473684211,0,90
436,36.8000000000003,5,451.066093750003,0,0,12.1281250000001,0,0,0
436,36.8000000000003,6,1775.83693846061,0,0,0.3,0,0,0
436,36.9000000000003,1,426.323827670441,2.75403940613123e-54,0,11.6634840754739,-1.1826576963439e-53,0,-5.80969581393429e-53
436,36.9000000000003,2,572,99.8214320987663,0,2.47106509694611e-16,4.03555555555538,0,90
436,36.9000000000003,3,1182,99.9692315541618,0,4.28604511008733e-16,6.99964285714288,0,90
436,36.9000000000003,4,1182,99.7450332409986,0,9.17808320866253e-16,14.9889473684211,0,90
436,36.9000000000003,5,452.280000000003,0,0,12.1500000000001,0,0,0
436,36.9000000000003,6,1775.83693846061,0,0,0.3,0,0,0
436,37.0000000000003,1,427.491245843694,1.22963909154156e-54,0,11.6848793895741,-1.88390671918138e-53,0,-9.23757108710428e-53
436,37.0000000000003,2,572,99.8214320987663,0,2.47106509694611e-16,4.03555555555538,0,90
436,37.0000000000003,3,1182,99.9692315541618,0,4.28604511008733e-16,6.99964285714288,0,90
436,37.0000000000003,4,1182,99.7450332409986,0,9.17808320866253e-16,14.9889473684211,0,90
436,37.0000000000003,5,453.496093750003,0,0,12.1718750000001,0,0,0
436,37.0000000000003,6,1775.83693846061,0,0,0.3,0,0,0
436,37.1000000000003,1,428.660800294622,-1.04368347853802e-54,0,11.7061187241877,-2.65054466332283e-53,0,-1.29731319318958e-52
436,37.1000000000003,2,572,99.8214320987663,0,2.47106509694611e-16,4.03555555555538,0,90
436,37.1000000000003,3,1182,99.9692315541618,0,4.28604511008733e-16,6.99964285714288,0,90
436,37.1000000000003,4,1182,99.7450332409986,0,9.17808320866253e-16,14.9889473684211,0,90
436,37.1000000000003,5,454.714375000003,0,0,12.1937500000001,0,0,0
436,37.1000000000003,6,1775.83693846061,0,0,0.3,0,0,0
436,37.2000000000003,1,429.832463239145,-3.96298479430645e-54,0,11.7271401662602,-3.12560819710026e-53,0,-1.52709147811312e-52
436,37.2000000000003,2,572,99.8214320987663,0,2.47106509694611e-16,4.03555555555538,0,90
436,37.2000000000003,3,1182,99.9692315541618,0,4.28604511008733e-16,6.99964285714288,0,90
436,37.2000000000003,4,1182,99.7450332409986,0,9.17808320866253e-16,14.9889473684211,0,90
436,37.2000000000003,5,455.934843750003,0,0,12.2156250000001,0,0,0
436,37.2000000000003,6,1775.83693846061,0,0,0.3,0,0,0
436,37.3000000000003,1,431.006228327875,-7.16932337087989e-54,0,11.7481616083327,-3.22394161761065e-53,0,-1.57231619928222e-52
436,37.3000000000003,2,572,99.8214320987663,0,2.47106509694611e-16,4.03555555555538,0,90
436,37.3000000000003,3,1182,99.9692315541618,0,4.28604511008733e-16,6.99964285714288,0,90
436,37.3000000000003,4,1182,99.7450332409986,0,9.17808320866253e-16,14.9889473684211,0,90
436,37.3000000000003,5,457.157500000003,0,0,12.2375000000001,0,0,0
436,37.3000000000003,6,1775.83693846061,0,0,0.3,0,0,0
436,37.4000000000003,1,432.182095560811,-1.02839333529366e-53,0,11.7691830504052,-2.94147039956726e-53,0,-1.43199267728325e-52
436,37.4000000000003,2,572,99.8214320987663,0,2.47106509694611e-16,4.03555555555538,0,90
436,37.4000000000003,3,1182,99.9692315541618,0,4.28604511008733e-16,6.99964285714288,0,90
436,37.4000000000003,4,1182,99.7450332409986,0,9.17808320866253e-16,14.9889473684211,0,90
436,37.4000000000003,5,458.382343750003,0,0,12.2593750000001,0,0,0
436,37.4000000000003,6,1775.83693846061,0,0,0.3,0,0,0
436,37.5000000000003,1,433.360064937956,-1.29239652308894e-53,0,11.7902044924777,-2.27410175427916e-53,0,-1.10512445129025e-52
436,37.5000000000003,2,572,99.8214320987663,0,2.47106509694611e-16,4.03555555555538,0,90
436,37.5000000000003,3,1182,99.9692315541618,0,4.28604511008733e-16,6.99964285714288,0,90
436,37.5000000000003,4,1182,99.7450332409986,0,9.17808320866253e-16,14.9889473684211,0,90
436,37.5000000000003,5,459.609375000003,0,0,12.2812500000001,0,0,0
436,37.5000000000003,6,1775.83693846061,0,0,0.3,0,0,0
436,37.6000000000003,1,434.540136459307,-1.47024675611415e-53,0,11.8112259345502,-1.2177245969718e-53,0,-5.90713279064968e-53
436,37.6000000000003,2,572,99.8214320987663,0,2.47106509694611e-16,4.03555555555538,0,90
436,37.6000000000003,3,1182,99.9692315541618,0,4.28604511008733e-16,6.99964285714288,0,90
436,37.6000000000003,4,1182,99.7450332409986,0,9.17808320866253e-16,14.9889473684211,0,90
436,37.6000000000003,5,460.838593750003,0,0,12.3031250000001,0,0,0
436,37.6000000000003,6,1775.83693846061,0,0,0.3,0,0,0
436,37.7000000000003,1,435.722310124866,-1.52283686536634e-53,0,11.8322473766227,2.31790485892408e-54,0,1.12240863043149e-53
436,37.7000000000003,2,572,99.8214320987663,0,2.47106509694611e-16,4.03555555555538,0,90
436,37.7000000000003,3,1182,99.9692315541618,0,4.28604511008733e-16,6.99964285714288,0,90
436,37.7000000000003,4,1182,99.7450332409986,0,9.17808320866253e-16,14.9889473684211,0,90
436,37.7000000000003,5,462.070000000003,0,0,12.3250000000001,0,0,0
436,37.7000000000003,6,1775.83693846061,0,0,0.3,0,0,0
436,37.8000000000003,1,436.906585934632,-1.41064582268902e-53,0,11.8532688186952,2.07859126929351e-53,0,1.00473978009695e-52
436,37.8000000000003,2,572,99.8214320987663,0,2.47106509694611e-16,4.03555555555538,0,90
436,37.8000000000003,3,1182,99.9692315541618,0,4.28604511008733e-16,6.99964285714288,0,90
436,37.8000000000003,4,1182,99.7450332409986,0,9.17808320866253e-16,14.9889473684211,0,90
436,37.8000000000003,5,463.303593750003,0,0,12.3468750000001,0,0,0
436,37.8000000000003,6,1775.83693846061,0,0,0.3,0,0,0
436,37.9000000000003,1,438.092963888605,-1.0937369029939e-53,0,11.8742902607677,4.32684392233341e-53,0,2.0877870585716e-52
436,37.9000000000003,2,572,99.8214320987663,0,2.47106509694611e-16,4.03555555555538,0,90
436,37.9000000000003,3,1182,99.9692315541618,0,4.28604511008733e-16,6.99964285714288,0,90
436,37.9000000000003,4,1182,99.7450332409986,0,9.17808320866253e-16,14.9889473684211,0,90
436,37.9000000000003,5,464.539375000003,0,0,12.3687500000001,0,0,0
436,37.9000000000003,6,1775.83693846061,0,0,0.3,0,0,0
436,38.0000000000003,1,439.281443986785,-5.3175584321479e-54,0,11.8953117028402,6.98073304091534e-53,0,3.36238806635455e-52
436,38.0000000000003,2,572,99.8214320987663,0,2.47106509694611e-16,4.03555555555538,0,90
436,38.0000000000003,3,1182,99.9692315541618,0,4.28604511008733e-16,6.99964285714288,0,90
436,38.0000000000003,4,1182,99.7450332409986,0,9.17808320866253e-16,14.9889473684211,0,90
436,38.0000000000003,5,465.777343750003,0,0,12.3906250000001,0,0,0
436,38.0000000000003,6,1775.83693846061,0,0,0.3,0,0,0
436,38.1000000000003,1,440.4720301998,3.14949791330089e-54,0,11.9165720472928,9.94315052184525e-53,0,4.78074195921518e-52
436,38.1000000000003,2,572,99.8214320987663,0,2.47106509694611e-16,4.03555555555538,0,90
436,38.1000000000003,3,1182,99.9692315541618,0,4.28604511008733e-16,6.99964285714288,0,90
436,38.1000000000003,4,1182,99.7450332409986,0,9.17808320866253e-16,14.9889473684211,0,90
436,38.1000000000003,5,467.017500000003,0,0,12.4125000000001,0,0,0
436,38.1000000000003,6,1775.83693846061,0,0,0.3,0,0,0
436,38.2000000000003,1,441.664774411981,1.41838786190349e-53,0,11.938312196319,1.18863927360273e-52,0,5.7046601413164e-52
436,38.2000000000003,2,572,99.8214320987663,0,2.47106509694611e-16,4.03555555555538,0,90
436,38.2000000000003,3,1182,99.9692315541618,0,4.28604511008733e-16,6.99964285714288,0,90
436,38.2000000000003,4,1182,99.7450332409986,0,9.17808320866253e-16,14.9889473684211,0,90
436,38.2000000000003,5,468.259843750003,0,0,12.4343750000001,0,0,0
436,38.2000000000003,6,1775.83693846061,0,0,0.3,0,0,0
436,38.3000000000003,1,442.859692639064,2.64412113620227e-53,0,11.9600523453452,1.23864164763339e-52,0,5.93383178344903e-52
436,38.3000000000003,2,572,99.8214320987663,0,2.47106509694611e-16,4.03555555555538,0,90
436,38.3000000000003,3,1182,99.9692315541618,0,4.28604511008733e-16,6.99964285714288,0,90
436,38.3000000000003,4,1182,99.7450332409986,0,9.17808320866253e-16,14.9889473684211,0,90
436,38.3000000000003,5,469.504375000003,0,0,12.4562500000001,0,0,0
436,38.3000000000003,6,1775.83693846061,0,0,0.3,0,0,0
436,38.4000000000003,1,444.05678488105,3.84703512823866e-53,0,11.9817924943714,1.14273569404376e-52,0,5.46445220098893e-52
436,38.4000000000003,2,572,99.8214320987663,0,2.47106509694611e-16,4.03555555555538,0,90
436,38.4000000000003,3,1182,99.9692315541618,0,4.28604511008733e-16,6.99964285714288,0,90
436,38.4000000000003,4,1182,99.7450332409986,0,9.17808320866253e-16,14.9889473684211,0,90
436,38.4000000000003,5,470.751093750003,0,0,12.4781250000001,0,0,0
436,38.4000000000003,6,1775.83693846061,0,0,0.3,0,0,0
436,38.5000000000003,1,445.256051137938,4.8804252605064e-53,0,12.0035326433976,8.99327707840772e-53,0,4.29270978713027e-52
436,38.5000000000003,2,572,99.8214320987663,0,2.47106509694611e-16,4.03555555555538,0,90
436,38.5000000000003,3,1182,99.9692315541618,0,4.28604511008733e-16,6.99964285714288,0,90
436,38.5000000000003,4,1182,99.7450332409986,0,9.17808320866253e-16,14.9889473684211,0,90
436,38.5000000000003,5,472.000000000003,0,0,12.5000000000001,0,0,0
436,38.5000000000003,6,1775.83693846061,0,0,0.3,0,0,0
436,38.6000000000003,1,446.457491409729,5.59598963265402e-53,0,12.0252727924238,5.068167461383e-53,0,2.41478601288553e-52
436,38.6000000000003,2,572,99.8214320987663,0,2.47106509694611e-16,4.03555555555538,0,90
436,38.6000000000003,3,1182,99.9692315541618,0,4.28604511008733e-16,6.99964285714288,0,90
436,38.6000000000003,4,1182,99.7450332409986,0,9.17808320866253e-16,14.9889473684211,0,90
436,38.6000000000003,5,473.251093750004,0,0,12.5218750000001,0,0,0
436,38.6000000000003,6,1775.83693846061,0,0,0.3,0,0,0
436,38.7000000000003,1,447.661105696423,5.84382177702545e-53,0,12.04701294145,-3.64053849754639e-54,0,-1.7314457291452e-53
436,38.7000000000003,2,572,99.8214320987663,0,2.47106509694611e-16,4.03555555555538,0,90
436,38.7000000000003,3,1182,99.9692315541618,0,4.28604511008733e-16,6.99964285714288,0,90
436,38.7000000000003,4,1182,99.7450332409986,0,9.17808320866253e-16,14.9889473684211,0,90
436,38.7000000000003,5,474.504375000004,0,0,12.5437500000001,0,0,0
436,38.7000000000003,6,1775.83693846061,0,0,0.3,0,0,0
436,38.8000000000003,1,448.866893998019,5.47240340106806e-53,0,12.0687530904762,-7.31954143570689e-53,0,-3.47491434362077e-52
436,38.8000000000003,2,572,99.8214320987663,0,2.47106509694611e-16,4.03555555555538,0,90
436,38.8000000000003,3,1182,99.9692315541618,0,4.28604511008733e-16,6.99964285714288,0,90
436,38.8000000000003,4,1182,99.7450332409986,0,9.17808320866253e-16,14.9889473684211,0,90
436,38.8000000000003,5,475.759843750004,0,0,12.5656250000001,0,0,0
436,38.8000000000003,6,1775.83693846061,0,0,0.3,0,0,0
436,38.9000000000003,1,450.074856314518,4.32859711660788e-53,0,12.0904932395024,-1.58145226500857e-52,0,-7.49436259476581e-52
436,38.9000000000003,2,572,99.8214320987663,0,2.47106509694611e-16,4.03555555555538,0,90
436,38.9000000000003,3,1182,99.9692315541618,0,4.28604511008733e-16,6.99964285714288,0,90
436,38.9000000000003,4,1182,99.7450332409986,0,9.17808320866253e-16,14.9889473684211,0,90
436,38.9000000000003,5,477.017500000004,0,0,12.5875000000001,0,0,0
436,38.9000000000003,6,1775.83693846061,0,0,0.3,0,0,0
436,39.0000000000003,1,451.28499264592,2.25763915599232e-53,0,12.1122333885286,-2.58652977507399e-52,0,-1.22353355440639e-51
436,39.0000000000003,2,572,99.8214320987663,0,2.47106509694611e-16,4.03555555555538,0,90
436,39.0000000000003,3,1182,99.9692315541618,0,4.28604511008733e-16,6.99964285714288,0,90
436,39.0000000000003,4,1182,99.7450332409986,0,9.17808320866253e-16,14.9889473684211,0,90
436,39.0000000000003,5,478.277343750004,0,0,12.6093750000001,0,0,0
436,39.0000000000003,6,1775.83693846061,0,0,0.3,0,0,0
436,39.1000000000003,1,452.497300842432,-8.95037851294641e-54,0,12.1338011625556,-3.72683280218174e-52,0,-1.75980954076351e-51
436,39.1000000000003,2,572,99.8214320987663,0,2.47106509694611e-16,4.03555555555538,0,90
436,39.1000000000003,3,1182,99.9692315541618,0,4.28604511008733e-16,6.99964285714288,0,90
436,39.1000000000003,4,1182,99.7450332409986,0,9.17808320866253e-16,14.9889473684211,0,90
436,39.1000000000003,5,479.539375000004,0,0,12.6312500000001,0,0,0
436,39.1000000000003,6,1775.83693846061,0,0,0.3,0,0,0
436,39.2000000000003,1,453.711733412628,-5.06296357829372e-53,0,12.1548502413679,-4.51725187131456e-52,0,-2.12935134604151e-51
436,39.2000000000003,2,572,99.8214320987663,0,2.47106509694611e-16,4.03555555555538,0,90
436,39.2000000000003,3,1182,99.9692315541618,0,4.28604511008733e-16,6.99964285714288,0,90
436,39.2000000000003,4,1182,99.7450332409986,0,9.17808320866253e-16,14.9889473684211,0,90
436,39.2000000000003,5,480.803593750004,0,0,12.6531250000001,0,0,0
436,39.2000000000003,6,1775.83693846061,0,0,0.3,0,0,0
436,39.3000000000003,1,454.928270890706,-9.74504657475194e-53,0,12.1758993201803,-4.75418504905259e-52,0,-2.23716319568645e-51
436,39.3000000000003,2,572,99.8214320987663,0,2.47106509694611e-16,4.03555555555538,0,90
436,39.3000000000003,3,1182,99.9692315541618,0,4.28604511008733e-16,6.99964285714288,0,90
436,39.3000000000003,4,1182,99.7450332409986,0,9.17808320866253e-16,14.9889473684211,0,90
436,39.3000000000003,5,482.070000000004,0,0,12.6750000000001,0,0,0
436,39.3000000000003,6,1775.83693846061,0,0,0.3,0,0,0
436,39.4000000000003,1,456.146913276665,-1.43849099015715e-52,0,12.1969483989926,-4.4318460669849e-52,0,-2.08188201493794e-51
436,39.4000000000003,2,572,99.8214320987663,0,2.47106509694611e-16,4.03555555555538,0,90
436,39.4000000000003,3,1182,99.9692315541618,0,4.28604511008733e-16,6.99964285714288,0,90
436,39.4000000000003,4,1182,99.7450332409986,0,9.17808320866253e-16,14.9889473684211,0,90
436,39.4000000000003,5,483.338593750004,0,0,12.6968750000001,0,0,0
436,39.4000000000003,6,1775.83693846061,0,0,0.3,0,0,0
436,39.5000000000003,1,457.367660570504,-1.84203778250086e-52,0,12.2179974778049,-3.54442359701033e-52,0,-1.66214237058228e-51
436,39.5000000000003,2,572,99.8214320987663,0,2.47106509694611e-16,4.03555555555538,0,90
436,39.5000000000003,3,1182,99.9692315541618,0,4.28604511008733e-16,6.99964285714288,0,90
436,39.5000000000003,4,1182,99.7450332409986,0,9.17808320866253e-16,14.9889473684211,0,90
436,39.5000000000003,5,484.609375000004,0,0,12.7187500000001,0,0,0
436,39.5000000000003,6,1775.83693846061,0,0,0.3,0,0,0
436,39.6000000000003,1,458.590512772226,-2.12834507353225e-52,0,12.2390465566172,-2.0860812080156e-52,0,-9.76576470952502e-52
436,39.6000000000003,2,572,99.8214320987663,0,2.47106509694611e-16,4.03555555555538,0,90
436,39.6000000000003,3,1182,99.9692315541618,0,4.28604511008733e-16,6.99964285714288,0,90
436,39.6000000000003,4,1182,99.7450332409986,0,9.17808320866253e-16,14.9889473684211,0,90
436,39.6000000000003,5,485.882343750004,0,0,12.7406250000001,0,0,0
436,39.6000000000003,6,1775.83693846061,0,0,0.3,0,0,0
436,39.7000000000003,1,459.815469881828,-2.24002800221024e-52,0,12.2600956354296,-5.09573225533907e-54,0,-2.38141659283541e-53
436,39.7000000000003,2,572,99.8214320987663,0,2.47106509694611e-16,4.03555555555538,0,90
436,39.7000000000003,3,1182,99.9692315541618,0,4.28604511008733e-16,6.99964285714288,0,90
436,39.7000000000003,4,1182,99.7450332409986,0,9.17808320866253e-16,14.9889473684211,0,90
436,39.7000000000003,5,487.157500000004,0,0,12.7625000000001,0,0,0
436,39.7000000000003,6,1775.83693846061,0,0,0.3,0,0,0
436,39.8000000000003,1,461.042531899312,-2.11911429062721e-52,0,12.2811447142419,2.56683482647962e-52,0,1.1975170530637e-51
436,39.8000000000003,2,572,99.8214320987663,0,2.47106509694611e-16,4.03555555555538,0,90
436,39.8000000000003,3,1182,99.9692315541618,0,4.28604511008733e-16,6.99964285714288,0,90
436,39.8000000000003,4,1182,99.7450332409986,0,9.17808320866253e-16,14.9889473684211,0,90
436,39.8000000000003,5,488.434843750004,0,0,12.7843750000001,0,0,0
436,39.8000000000003,6,1775.83693846061,0,0,0.3,0,0,0
436,39.9000000000003,1,462.271698824676,-1.70704172287735e-52,0,12.3021937930542,5.77320723916464e-52,0,2.68879205305046e-51
436,39.9000000000003,2,572,99.8214320987663,0,2.47106509694611e-16,4.03555555555538,0,90
436,39.9000000000003,3,1182,99.9692315541618,0,4.28604511008733e-16,6.99964285714288,0,90
436,39.9000000000003,4,1182,99.7450332409986,0,9.17808320866253e-16,14.9889473684211,0,90
436,39.9000000000003,5,489.714375000004,0,0,12.8062500000001,0,0,0
436,39.9000000000003,6,1775.83693846061,0,0,0.3,0,0,0
436,40.0000000000003,1,463.502970657922,-9.44655619592748e-53,0,12.3232428718665,9.57409719188272e-52,0,4.45138805951202e-51
436,40.0000000000003,2,572,99.8214320987663,0,2.47106509694611e-16,4.03555555555538,0,90
436,40.0000000000003,3,1182,99.9692315541618,0,4.28604511008733e-16,6.99964285714288,0,90
436,40.0000000000003,4,1182,99.7450332409986,0,9.17808320866253e-16,14.9889473684211,0,90
436,40.0000000000003,5,490.996093750004,0,0,12.8281250000001,0,0,0
436,40.0000000000003,6,1775.83693846061,0,0,0.3,0,0,0
436,40.1000000000003,1,464.736348656772,2.27582954165975e-53,0,12.3444419531307,1.39376809804336e-51,0,6.4690676128626e-51
436,40.1000000000003,2,572,99.8214320987663,0,2.47106509694611e-16,4.03555555555538,0,90
436,40.1000000000003,3,1182,99.9692315541618,0,4.28604511008733e-16,6.99964285714288,0,90
436,40.1000000000003,4,1182,99.7450332409986,0,9.17808320866253e-16,14.9889473684211,0,90
436,40.1000000000003,5,492.280000000004,0,0,12.8500000000001,0,0,0
436,40.1000000000003,6,1775.83693846061,0,0,0.3,0,0,0
436,40.2000000000003,1,465.971890031195,1.79892428944198e-52,0,12.3663855353253,1.71380093789619e-51,0,7.94036061600362e-51
436,40.2000000000003,2,572,99.8214320987663,0,2.47106509694611e-16,4.03555555555538,0,90
436,40.2000000000003,3,1182,99.9692315541618,0,4.28604511008733e-16,6.99964285714288,0,90
436,40.2000000000003,4,1182,99.7450332409986,0,9.17808320866253e-16,14.9889473684211,0,90
436,40.2000000000003,5,493.566093750004,0,0,12.8718750000001,0,0,0
436,40.2000000000003,6,1775.83693846061,0,0,0.3,0,0,0
436,40.3000000000003,1,467.209625763837,3.58458037904372e-52,0,12.3883291175199,1.82202008976658e-51,0,8.42680722649156e-51
436,40.3000000000003,2,572,99.8214320987663,0,2.47106509694611e-16,4.03555555555538,0,90
436,40.3000000000003,3,1182,99.9692315541618,0,4.28604511008733e-16,6.99964285714288,0,90
436,40.3000000000003,4,1182,99.7450332409986,0,9.17808320866253e-16,14.9889473684211,0,90
436,40.3000000000003,5,494.854375000004,0,0,12.8937500000001,0,0,0
436,40.3000000000003,6,1775.83693846061,0,0,0.3,0,0,0
436,40.4000000000003,1,468.449555854699,5.37160330711968e-52,0,12.4102726997144,1.71615542023719e-51,0,7.92315084021913e-51
436,40.4000000000003,2,572,99.8214320987663,0,2.47106509694611e-16,4.03555555555538,0,90
436,40.4000000000003,3,1182,99.9692315541618,0,4.28604511008733e-16,6.99964285714288,0,90
436,40.4000000000003,4,1182,99.7450332409986,0,9.17808320866253e-16,14.9889473684211,0,90
436,40.4000000000003,5,496.144843750004,0,0,12.9156250000001,0,0,0
436,40.4000000000003,6,1775.83693846061,0,0,0.3,0,0,0
436,40.5000000000003,1,469.69168030378,6.94476998838911e-52,0,12.432216281909,1.39392672089258e-51,0,6.42412553374526e-51
436,40.5000000000003,2,572,99.8214320987663,0,2.47106509694611e-16,4.03555555555538,0,90
436,40.5000000000003,3,1182,99.9692315541618,0,4.28604511008733e-16,6.99964285714288,0,90
436,40.5000000000003,4,1182,99.7450332409986,0,9.17808320866253e-16,14.9889473684211,0,90
436,40.5000000000003,5,497.437500000004,0,0,12.9375000000001,0,0,0
436,40.5000000000003,6,1775.83693846061,0,0,0.3,0,0,0
436,40.6000000000003,1,470.935999111081,8.08657208422097e-52,0,12.4541598641036,8.53043690473256e-52,0,3.92445606429509e-51
436,40.6000000000003,2,572,99.8214320987663,0,2.47106509694611e-16,4.03555555555538,0,90
436,40.6000000000003,3,1182,99.9692315541618,0,4.28604511008733e-16,6.99964285714288,0,90
436,40.6000000000003,4,1182,99.7450332409986,0,9.17808320866253e-16,14.9889473684211,0,90
436,40.6000000000003,5,498.732343750004,0,0,12.9593750000001,0,0,0
436,40.6000000000003,6,1775.83693846061,0,0,0.3,0,0,0
436,40.7000000000003,1,472.182512276601,8.57720590086686e-52,0,12.4761034462981,9.12059170296868e-53,0,4.18857869759967e-52
436,40.7000000000003,2,572,99.8214320987663,0,2.47106509694611e-16,4.03555555555538,0,90
436,40.7000000000003,3,1182,99.9692315541618,0,4.28604511008733e-16,6.99964285714288,0,90
436,40.7000000000003,4,1182,99.7450332409986,0,9.17808320866253e-16,14.9889473684211,0,90
436,40.7000000000003,5,500.029375000004,0,0,12.9812500000001,0,0,0
436,40.7000000000003,6,1775.83693846061,0,0,0.3,0,0,0
436,40.8000000000003,1,473.43121980034,8.19456226984801e-52,0,12.4980470284927,-8.93897139923623e-52,0,-4.09796293130253e-51
436,40.8000000000003,2,572,99.8214320987663,0,2.47106509694611e-16,4.03555555555538,0,90
436,40.8000000000003,3,1182,99.9692315541618,0,4.28604511008733e-16,6.99964285714288,0,90
436,40.8000000000003,4,1182,99.7450332409986,0,9.17808320866253e-16,14.9889473684211,0,90
436,40.8000000000003,5,501.328593750004,0,0,13.0031250000001,0,0,0
436,40.8000000000003,6,1775.83693846061,0,0,0.3,0,0,0
436,40.9000000000003,1,474.682121682299,6.7142164104964e-52,0,12.5199906106873,-2.10458616725409e-51,0,-9.63130953966859e-51
436,40.9000000000003,2,572,99.8214320987663,0,2.47106509694611e-16,4.03555555555538,0,90
436,40.9000000000003,3,1182,99.9692315541618,0,4.28604511008733e-16,6.99964285714288,0,90
436,40.9000000000003,4,1182,99.7450332409986,0,9.17808320866253e-16,14.9889473684211,0,90
436,40.9000000000003,5,502.630000000004,0,0,13.0250000000001,0,0,0
436,40.9000000000003,6,1775.83693846061,0,0,0.3,0,0,0
436,41.0000000000003,1,475.935217922478,3.90941777464976e-52,0,12.5419341928818,-3.54319201605703e-51,0,-1.61864944754483e-50
436,41.0000000000003,2,572,99.8214320987663,0,2.47106509694611e-16,4.03555555555538,0,90
436,41.0000000000003,3,1182,99.9692315541618,0,4.28604511008733e-16,6.99964285714288,0,90
436,41.0000000000003,4,1182,99.7450332409986,0,9.17808320866253e-16,14.9889473684211,0,90
436,41.0000000000003,5,503.933593750004,0,0,13.0468750000001,0,0,0
436,41.0000000000003,6,1775.83693846061,0,0,0.3,0,0,0
436,41.1000000000003,1,477.190508201187,-4.48803464223954e-53,0,12.563804649187,-5.20806732491257e-51,0,-2.37507893086184e-50
436,41.1000000000003,2,572,99.8214320987663,0,2.47106509694611e-16,4.03555555555538,0,90
436,41.1000000000003,3,1182,99.9692315541618,0,4.28604511008733e-16,6.99964285714288,0,90
436,41.1000000000003,4,1182,99.7450332409986,0,9.17808320866253e-16,14.9889473684211,0,90
436,41.1000000000003,5,505.239375000004,0,0,13.0687500000001,0,0,0
436,41.1000000000003,6,1775.83693846061,0,0,0.3,0,0,0
436,41.2000000000003,1,478.447944027959,-6.36951073569082e-52,0,12.5849118862569,-6.49871216761489e-51,0,-2.95869198640369e-50
436,41.2000000000003,2,572,99.8214320987663,0,2.47106509694611e-16,4.03555555555538,0,90
436,41.2000000000003,3,1182,99.9692315541618,0,4.28604511008733e-16,6.99964285714288,0,90
436,41.2000000000003,4,1182,99.7450332409986,0,9.17808320866253e-16,14.9889473684211,0,90
436,41.2000000000003,5,506.547343750004,0,0,13.0906250000001,0,0,0
436,41.2000000000003,6,1775.83693846061,0,0,0.3,0,0,0
436,41.3000000000003,1,479.707490578439,-1.31755909697276e-51,0,12.6060191233268,-6.9774453730146e-51,0,-3.17132766296579e-50
436,41.3000000000003,2,572,99.8214320987663,0,2.47106509694611e-16,4.03555555555538,0,90
436,41.3000000000003,3,1182,99.9692315541618,0,4.28604511008733e-16,6.99964285714288,0,90
436,41.3000000000003,4,1182,99.7450332409986,0,9.17808320866253e-16,14.9889473684211,0,90
436,41.3000000000003,5,507.857500000004,0,0,13.1125000000001,0,0,0
436,41.3000000000003,6,1775.83693846061,0,0,0.3,0,0,0
436,41.4000000000003,1,480.969147852625,-2.00510231544111e-51,0,12.6271263603967,-6.63604244643777e-51,0,-3.01111443727255e-50
436,41.4000000000003,2,572,99.8214320987663,0,2.47106509694611e-16,4.03555555555538,0,90
436,41.4000000000003,3,1182,99.9692315541618,0,4.28604511008733e-16,6.99964285714288,0,90
436,41.4000000000003,4,1182,99.7450332409986,0,9.17808320866253e-16,14.9889473684211,0,90
436,41.4000000000003,5,509.169843750004,0,0,13.1343750000001,0,0,0
436,41.4000000000003,6,1775.83693846061,0,0,0.3,0,0,0
436,41.5000000000003,1,482.232915850518,-2.6171544537218e-51,0,12.6482335974666,-5.46624439173001e-51,0,-2.47617764978594e-50
436,41.5000000000003,2,572,99.8214320987663,0,2.47106509694611e-16,4.03555555555538,0,90
436,41.5000000000003,3,1182,99.9692315541618,0,4.28604511008733e-16,6.99964285714288,0,90
436,41.5000000000003,4,1182,99.7450332409986,0,9.17808320866253e-16,14.9889473684211,0,90
436,41.5000000000003,5,510.484375000004,0,0,13.1562500000001,0,0,0
436,41.5000000000003,6,1775.83693846061,0,0,0.3,0,0,0
436,41.6000000000003,1,483.498794572118,-3.07046160946601e-51,0,12.6693408345366,-3.45975765348791e-51,0,-1.56463950470548e-50
436,41.6000000000003,2,572,99.8214320987663,0,2.47106509694611e-16,4.03555555555538,0,90
436,41.6000000000003,3,1182,99.9692315541618,0,4.28604511008733e-16,6.99964285714288,0,90
436,41.6000000000003,4,1182,99.7450332409986,0,9.17808320866253e-16,14.9889473684211,0,90
436,41.6000000000003,5,511.801093750004,0,0,13.1781250000001,0,0,0
436,41.6000000000003,6,1775.83693846061,0,0,0.3,0,0,0
436,41.7000000000003,1,484.766784017425,-3.28093879441509e-51,0,12.6904480716065,-6.0825405929055e-52,0,-2.74619069968244e-51
436,41.7000000000003,2,572,99.8214320987663,0,2.47106509694611e-16,4.03555555555538,0,90
436,41.7000000000003,3,1182,99.9692315541618,0,4.28604511008733e-16,6.99964285714288,0,90
436,41.7000000000003,4,1182,99.7450332409986,0,9.17808320866253e-16,14.9889473684211,0,90
436,41.7000000000003,5,513.120000000004,0,0,13.2000000000001,0,0,0
436,41.7000000000003,6,1775.83693846061,0,0,0.3,0,0,0
436,41.8000000000003,1,486.03688418644,-3.16366646981044e-51,0,12.7115553086764,3.09662923806898e-51,0,1.39576772275114e-50
436,41.8000000000003,2,572,99.8214320987663,0,2.47106509694611e-16,4.03555555555538,0,90
436,41.8000000000003,3,1182,99.9692315541618,0,4.28604511008733e-16,6.99964285714288,0,90
436,41.8000000000003,4,1182,99.7450332409986,0,9.17808320866253e-16,14.9889473684211,0,90
436,41.8000000000003,5,514.441093750004,0,0,13.2218750000001,0,0,0
436,41.8000000000003,6,1775.83693846061,0,0,0.3,0,0,0
436,41.9000000000003,1,487.309095079161,-2.63288707602641e-51,0,12.7326625457463,7.66328981835214e-51,0,3.44840807804049e-50
436,41.9000000000003,2,572,99.8214320987663,0,2.47106509694611e-16,4.03555555555538,0,90
436,41.9000000000003,3,1182,99.9692315541618,0,4.28604511008733e-16,6.99964285714288,0,90
436,41.9000000000003,4,1182,99.7450332409986,0,9.17808320866253e-16,14.9889473684211,0,90
436,41.9000000000003,5,515.764375000004,0,0,13.2437500000001,0,0,0
436,41.9000000000003,6,1775.83693846061,0,0,0.3,0,0,0
436,42.0000000000003,1,488.583416695589,-1.60200155642649e-51,0,12.7537697828163,1.31001600516434e-50,0,5.88519233675007e-50
436,42.0000000000003,2,572,99.8214320987663,0,2.47106509694611e-16,4.03555555555538,0,90
436,42.0000000000003,3,1182,99.9692315541618,0,4.28604511008733e-16,6.99964285714288,0,90
436,42.0000000000003,4,1182,99.7450332409986,0,9.17808320866253e-16,14.9889473684211,0,90
436,42.0000000000003,5,517.089843750004,0,0,13.2656250000001,0,0,0
436,42.0000000000003,6,1775.83693846061,0,0,0.3,0,0,0
436,42.1000000000003,1,489.859849039174,1.6434089593049e-53,0,12.7748851602749,1.94155772459956e-50,0,8.70795016197113e-50
436,42.1000000000003,2,572,99.8214320987663,0,2.47106509694611e-16,4.03555555555538,0,90
436,42.1000000000003,3,1182,99.9692315541618,0,4.28604511008733e-16,6.99964285714288,0,90
436,42.1000000000003,4,1182,99.7450332409986,0,9.17808320866253e-16,14.9889473684211,0,90
436,42.1000000000003,5,518.417500000004,0,0,13.2875000000001,0,0,0
436,42.1000000000003,6,1775.83693846061,0,0,0.3,0,0,0
436,42.2000000000003,1,491.138440932492,2.24293502931827e-51,0,12.7969527060715,2.4599726973428e-50,0,1.10140325210614e-49
436,42.2000000000003,2,572,99.8214320987663,0,2.47106509694611e-16,4.03555555555538,0,90
436,42.2000000000003,3,1182,99.9692315541618,0,4.28604511008733e-16,6.99964285714288,0,90
436,42.2000000000003,4,1182,99.7450332409986,0,9.17808320866253e-16,14.9889473684211,0,90
436,42.2000000000003,5,519.747343750004,0,0,13.3093750000001,0,0,0
436,42.2000000000003,6,1775.83693846061,0,0,0.3,0,0,0
436,42.3000000000003,1,492.419239580389,4.83289902524519e-51,0,12.8190202518681,2.66794582864391e-50,0,1.19246270734733e-49
436,42.3000000000003,2,572,99.8214320987663,0,2.47106509694611e-16,4.03555555555538,0,90
436,42.3000000000003,3,1182,99.9692315541618,0,4.28604511008733e-16,6.99964285714288,0,90
436,42.3000000000003,4,1182,99.7450332409986,0,9.17808320866253e-16,14.9889473684211,0,90
436,42.3000000000003,5,521.079375000004,0,0,13.3312500000001,0,0,0
436,42.3000000000003,6,1775.83693846061,0,0,0.3,0,0,0
436,42.4000000000003,1,493.702244982865,7.47426788794579e-51,0,12.8410877976647,2.56224209882162e-50,0,1.14324939340357e-49
436,42.4000000000003,2,572,99.8214320987663,0,2.47106509694611e-16,4.03555555555538,0,90
436,42.4000000000003,3,1182,99.9692315541618,0,4.28604511008733e-16,6.99964285714288,0,90
436,42.4000000000003,4,1182,99.7450332409986,0,9.17808320866253e-16,14.9889473684211,0,90
436,42.4000000000003,5,522.413593750004,0,0,13.3531250000001,0,0,0
436,42.4000000000003,6,1775.83693846061,0,0,0.3,0,0,0
436,42.5000000000003,1,494.987457139922,9.85174143317861e-51,0,12.8631553434613,2.13961253392666e-50,0,9.53038074360234e-50
436,42.5000000000003,2,572,99.8214320987663,0,2.47106509694611e-16,4.03555555555538,0,90
436,42.5000000000003,3,1182,99.9692315541618,0,4.28604511008733e-16,6.99964285714288,0,90
436,42.5000000000003,4,1182,99.7450332409986,0,9.17808320866253e-16,14.9889473684211,0,90
436,42.5000000000003,5,523.750000000004,0,0,13.3750000000001,0,0,0
436,42.5000000000003,6,1775.83693846061,0,0,0.3,0,0,0
436,42.6000000000003,1,496.274876051558,1.16467635156098e-50,0,12.8852228892579,1.3967941817199e-50,0,6.21102266905285e-50
436,42.6000000000003,2,572,99.8214320987663,0,2.47106509694611e-16,4.03555555555538,0,90
436,42.6000000000003,3,1182,99.9692315541618,0,4.28604511008733e-16,6.99964285714288,0,90
436,42.6000000000003,4,1182,99.7450332409986,0,9.17808320866253e-16,14.9889473684211,0,90
436,42.6000000000003,5,525.088593750005,0,0,13.3968750000001,0,0,0
436,42.6000000000003,6,1775.83693846061,0,0,0.3,0,0,0
436,42.7000000000003,1,497.564501717773,1.25375080385124e-50,0,12.9072904350545,3.30510087650533e-51,0,1.46714240329206e-50
436,42.7000000000003,2,572,99.8214320987663,0,2.47106509694611e-16,4.03555555555538,0,90
436,42.7000000000003,3,1182,99.9692315541618,0,4.28604511008733e-16,6.99964285714288,0,90
436,42.7000000000003,4,1182,99.7450332409986,0,9.17808320866253e-16,14.9889473684211,0,90
436,42.7000000000003,5,526.429375000004,0,0,13.4187500000001,0,0,0
436,42.7000000000003,6,1775.83693846061,0,0,0.3,0,0,0
436,42.8000000000003,1,498.856334138569,1.21988649394436e-50,0,12.9293579808511,-1.06253072916576e-50,0,-4.7085498347497e-50
436,42.8000000000003,2,572,99.8214320987663,0,2.47106509694611e-16,4.03555555555538,0,90
436,42.8000000000003,3,1182,99.9692315541618,0,4.28604511008733e-16,6.99964285714288,0,90
436,42.8000000000003,4,1182,99.7450332409986,0,9.17808320866253e-16,14.9889473684211,0,90
436,42.8000000000003,5,527.772343750005,0,0,13.4406250000001,0,0,0
436,42.8000000000003,6,1775.83693846061,0,0,0.3,0,0,0
436,42.9000000000003,1,500.150373313943,1.03024261519006e-50,0,12.9514255266477,-2.78563329996869e-50,0,-1.23233563001167e-49
436,42.9000000000003,2,572,99.8214320987663,0,2.47106509694611e-16,4.03555555555538,0,90
436,42.9000000000003,3,1182,99.9692315541618,0,4.28604511008733e-16,6.99964285714288,0,90
436,42.9000000000003,4,1182,99.7450332409986,0,9.17808320866253e-16,14.9889473684211,0,90
436,42.9000000000003,5,529.117500000005,0,0,13.4625000000001,0,0,0
436,42.9000000000003,6,1775.83693846061,0,0,0.3,0,0,0
436,43.0000000000003,1,501.446619243898,6.51647154295387e-51,0,12.9734930724443,-4.84211673037515e-50,0,-2.13845917218277e-49
436,43.0000000000003,2,572,99.8214320987663,0,2.47106509694611e-16,4.03555555555538,0,90
436,43.0000000000003,3,1182,99.9692315541618,0,4.28604511008733e-16,6.99964285714288,0,90
436,43.0000000000003,4,1182,99.7450332409986,0,9.17808320866253e-16,14.9889473684211,0,90
436,43.0000000000003,5,530.464843750005,0,0,13.4843750000001,0,0,0
436,43.0000000000003,6,1775.83693846061,0,0,0.3,0,0,0
436,43.1000000000003,1,502.745071928432,5.0595482685945e-52,0,12.9955606182409,-7.23531422440108e-50,0,-3.1899583302876e-49
436,43.1000000000003,2,572,99.8214320987663,0,2.47106509694611e-16,4.03555555555538,0,90
436,43.1000000000003,3,1182,99.9692315541618,0,4.28604511008733e-16,6.99964285714288,0,90
436,43.1000000000003,4,1182,99.7450332409986,0,9.17808320866253e-16,14.9889473684211,0,90
436,43.1000000000003,5,531.814375000005,0,0,13.5062500000001,0,0,0
436,43.1000000000003,6,1775.83693846061,0,0,0.3,0,0,0
436,43.2000000000003,1,504.045692533621,-7.86261897119937e-51,0,13.0167938504627,-9.30801894071743e-50,0,-4.09709339379286e-49
436,43.2000000000003,2,572,99.8214320987663,0,2.47106509694611e-16,4.03555555555538,0,90
436,43.2000000000003,3,1182,99.9692315541618,0,4.28604511008733e-16,6.99964285714288,0,90
436,43.2000000000003,4,1182,99.7450332409986,0,9.17808320866253e-16,14.9889473684211,0,90
436,43.2000000000003,5,533.166093750005,0,0,13.5281250000001,0,0,0
436,43.2000000000003,6,1775.83693846061,0,0,0.3,0,0,0
436,43.3000000000003,1,505.348430484678,-1.77137476108417e-50,0,13.0379651706912,-1.01950567287945e-49,0,-4.48025220813967e-49
436,43.3000000000003,2,572,99.8214320987663,0,2.47106509694611e-16,4.03555555555538,0,90
436,43.3000000000003,3,1182,99.9692315541618,0,4.28604511008733e-16,6.99964285714288,0,90
436,43.3000000000003,4,1182,99.7450332409986,0,9.17808320866253e-16,14.9889473684211,0,90
436,43.3000000000003,5,534.520000000005,0,0,13.5500000000001,0,0,0
436,43.3000000000003,6,1775.83693846061,0,0,0.3,0,0,0
436,43.4000000000003,1,506.653285567759,-2.7852418892074e-50,0,13.0591364909198,-9.88115232166728e-50,0,-4.33526615753713e-49
436,43.4000000000003,2,572,99.8214320987663,0,2.47106509694611e-16,4.03555555555538,0,90
436,43.4000000000003,3,1182,99.9692315541618,0,4.28604511008733e-16,6.99964285714288,0,90
436,43.4000000000003,4,1182,99.7450332409986,0,9.17808320866253e-16,14.9889473684211,0,90
436,43.4000000000003,5,535.876093750005,0,0,13.5718750000001,0,0,0
436,43.4000000000003,6,1775.83693846061,0,0,0.3,0,0,0
436,43.5000000000003,1,507.960257782862,-3.70718269838399e-50,0,13.0803078111484,-8.35457051589612e-50,0,-3.65955937059294e-49
436,43.5000000000003,2,572,99.8214320987663,0,2.47106509694611e-16,4.03555555555538,0,90
436,43.5000000000003,3,1182,99.9692315541618,0,4.28604511008733e-16,6.99964285714288,0,90
436,43.5000000000003,4,1182,99.7450332409986,0,9.17808320866253e-16,14.9889473684211,0,90
436,43.5000000000003,5,537.234375000005,0,0,13.5937500000001,0,0,0
436,43.5000000000003,6,1775.83693846061,0,0,0.3,0,0,0
436,43.6000000000003,1,509.269347129989,-4.4153407043567e-50,0,13.101479131377,-5.60352847901884e-50,0,-2.45055179655426e-49
436,43.6000000000003,2,572,99.8214320987663,0,2.47106509694611e-16,4.03555555555538,0,90
436,43.6000000000003,3,1182,99.9692315541618,0,4.28604511008733e-16,6.99964285714288,0,90
436,43.6000000000003,4,1182,99.7450332409986,0,9.17808320866253e-16,14.9889473684211,0,90
436,43.6000000000003,5,538.594843750005,0,0,13.6156250000001,0,0,0
436,43.6000000000003,6,1775.83693846061,0,0,0.3,0,0,0
436,43.7000000000004,1,510.580553609138,-4.78667875495362e-50,0,13.1226504516056,-1.6161956723352e-50,0,-7.05659205307759e-50
436,43.7000000000004,2,572,99.8214320987663,0,2.47106509694611e-16,4.03555555555538,0,90
436,43.7000000000004,3,1182,99.9692315541618,0,4.28604511008733e-16,6.99964285714288,0,90
436,43.7000000000004,4,1182,99.7450332409986,0,9.17808320866253e-16,14.9889473684211,0,90
436,43.7000000000004,5,539.957500000005,0,0,13.6375000000001,0,0,0
436,43.7000000000004,6,1775.83693846061,0,0,0.3,0,0,0
436,43.8000000000004,1,511.89387722031,-4.69697425560359e-50,0,13.1438217718342,3.61930622630878e-50,0,1.57770681262042e-49
436,43.8000000000004,2,572,99.8214320987663,0,2.47106509694611e-16,4.03555555555538,0,90
436,43.8000000000004,3,1182,99.9692315541618,0,4.28604511008733e-16,6.99964285714288,0,90
436,43.8000000000004,4,1182,99.7450332409986,0,9.17808320866253e-16,14.9889473684211,0,90
436,43.8000000000004,5,541.322343750005,0,0,13.6593750000001,0,0,0
436,43.8000000000004,6,1775.83693846061,0,0,0.3,0,0,0
436,43.9000000000004,1,513.209317963505,-4.02081438713005e-50,0,13.1649930920628,1.01149033997364e-49,0,4.40213884606464e-49
436,43.9000000000004,2,572,99.8214320987663,0,2.47106509694611e-16,4.03555555555538,0,90
436,43.9000000000004,3,1182,99.9692315541618,0,4.28604511008733e-16,6.99964285714288,0,90
436,43.9000000000004,4,1182,99.7450332409986,0,9.17808320866253e-16,14.9889473684211,0,90
436,43.9000000000004,5,542.689375000005,0,0,13.6812500000001,0,0,0
436,43.9000000000004,6,1775.83693846061,0,0,0.3,0,0,0
436,44.0000000000004,1,514.526875838722,-2.63159131582333e-50,0,13.1861644122914,1.78825699686559e-49,0,7.77023366321979e-49
436,44.0000000000004,2,572,99.8214320987663,0,2.47106509694611e-16,4.03555555555538,0,90
436,44.0000000000004,3,1182,99.9692315541618,0,4.28604511008733e-16,6.99964285714288,0,90
436,44.0000000000004,4,1182,99.7450332409986,0,9.17808320866253e-16,14.9889473684211,0,90
436,44.0000000000004,5,544.058593750005,0,0,13.7031250000001,0,0,0
436,44.0000000000004,6,1775.83693846061,0,0,0.3,0,0,0
436,44.1000000000004,1,515.846550845963,-4.01497395791378e-51,0,13.20733573252,2.6934328068876e-49,0,1.16845922116413e-48
436,44.1000000000004,2,572,99.8214320987663,0,2.47106509694611e-16,4.03555555555538,0,90
436,44.1000000000004,3,1182,99.9692315541618,0,4.28604511008733e-16,6.99964285714288,0,90
436,44.1000000000004,4,1182,99.7450332409986,0,9.17808320866253e-16,14.9889473684211,0,90
436,44.1000000000004,5,545.430000000005,0,0,13.7250000000001,0,0,0
436,44.1000000000004,6,1775.83693846061,0,0,0.3,0,0,0
436,44.2000000000004,1,517.168375919474,2.73802650420244e-50,0,13.2292776634865,3.51581525470651e-49,0,1.52269368567555e-48
436,44.2000000000004,2,572,99.8214320987663,0,2.47106509694611e-16,4.03555555555538,0,90
436,44.2000000000004,3,1182,99.9692315541618,0,4.28604511008733e-16,6.99964285714288,0,90
436,44.2000000000004,4,1182,99.7450332409986,0,9.17808320866253e-16,14.9889473684211,0,90
436,44.2000000000004,5,546.803593750005,0,0,13.7468750000001,0,0,0
436,44.2000000000004,6,1775.83693846061,0,0,0.3,0,0,0
436,44.3000000000004,1,518.492407329599,6.47897192669711e-50,0,13.2513505390131,3.88996441489437e-49,0,1.68193077960884e-48
436,44.3000000000004,2,572,99.8214320987663,0,2.47106509694611e-16,4.03555555555538,0,90
436,44.3000000000004,3,1182,99.9692315541618,0,4.28604511008733e-16,6.99964285714288,0,90
436,44.3000000000004,4,1182,99.7450332409986,0,9.17808320866253e-16,14.9889473684211,0,90
436,44.3000000000004,5,548.179375000005,0,0,13.7687500000001,0,0,0
436,44.3000000000004,6,1775.83693846061,0,0,0.3,0,0,0
436,44.4000000000004,1,519.818646027277,1.03649681625907e-49,0,13.2734234145397,3.80515142320546e-49,0,1.64252363651003e-48
436,44.4000000000004,2,572,99.8214320987663,0,2.47106509694611e-16,4.03555555555538,0,90
436,44.4000000000004,3,1182,99.9692315541618,0,4.28604511008733e-16,6.99964285714288,0,90
436,44.4000000000004,4,1182,99.7450332409986,0,9.17808320866253e-16,14.9889473684211,0,90
436,44.4000000000004,5,549.557343750005,0,0,13.7906250000001,0,0,0
436,44.4000000000004,6,1775.83693846061,0,0,0.3,0,0,0
436,44.5000000000004,1,521.147092012507,1.39347534951408e-49,0,13.2954962900664,3.25677395887733e-49,0,1.4034782801692e-48
436,44.5000000000004,2,572,99.8214320987663,0,2.47106509694611e-16,4.03555555555538,0,90
436,44.5000000000004,3,1182,99.9692315541618,0,4.28604511008733e-16,6.99964285714288,0,90
436,44.5000000000004,4,1182,99.7450332409986,0,9.17808320866253e-16,14.9889473684211,0,90
436,44.5000000000004,5,550.937500000005,0,0,13.8125000000001,0,0,0
436,44.5000000000004,6,1775.83693846061,0,0,0.3,0,0,0
436,44.6000000000004,1,522.47774528529,1.67224543084385e-49,0,13.317569165593,2.24021053902869e-49,0,9.63799080080513e-49
436,44.6000000000004,2,572,99.8214320987663,0,2.47106509694611e-16,4.03555555555538,0,90
436,44.6000000000004,3,1182,99.9692315541618,0,4.28604511008733e-16,6.99964285714288,0,90
436,44.6000000000004,4,1182,99.7450332409986,0,9.17808320866253e-16,14.9889473684211,0,90
436,44.6000000000004,5,552.319843750005,0,0,13.8343750000001,0,0,0
436,44.6000000000004,6,1775.83693846061,0,0,0.3,0,0,0
436,44.7000000000004,1,523.810605845626,1.82575659093568e-49,0,13.3396420411196,7.50820486794077e-50,0,3.22488751442149e-49
436,44.7000000000004,2,572,99.8214320987663,0,2.47106509694611e-16,4.03555555555538,0,90
436,44.7000000000004,3,1182,99.9692315541618,0,4.28604511008733e-16,6.99964285714288,0,90
436,44.7000000000004,4,1182,99.7450332409986,0,9.17808320866253e-16,14.9889473684211,0,90
436,44.7000000000004,5,553.704375000005,0,0,13.8562500000001,0,0,0
436,44.7000000000004,6,1775.83693846061,0,0,0.3,0,0,0
436,44.8000000000004,1,525.145673693514,1.80649333176342e-49,0,13.3617149166462,-1.21605610054164e-49,0,-5.21451644843662e-49
436,44.8000000000004,2,572,99.8214320987663,0,2.47106509694611e-16,4.03555555555538,0,90
436,44.8000000000004,3,1182,99.9692315541618,0,4.28604511008733e-16,6.99964285714288,0,90
436,44.8000000000004,4,1182,99.7450332409986,0,9.17808320866253e-16,14.9889473684211,0,90
436,44.8000000000004,5,555.091093750005,0,0,13.8781250000001,0,0,0
436,44.8000000000004,6,1775.83693846061,0,0,0.3,0,0,0
436,44.9000000000004,1,526.482948828955,1.56647320240918e-49,0,13.3837877921728,-3.66509838340863e-49,0,-1.56902270217064e-48
436,44.9000000000004,2,572,99.8214320987663,0,2.47106509694611e-16,4.03555555555538,0,90
436,44.9000000000004,3,1182,99.9692315541618,0,4.28604511008733e-16,6.99964285714288,0,90
436,44.9000000000004,4,1182,99.7450332409986,0,9.17808320866253e-16,14.9889473684211,0,90
436,44.9000000000004,5,556.480000000005,0,0,13.9000000000001,0,0,0
436,44.9000000000004,6,1775.83693846061,0,0,0.3,0,0,0
436,45.0000000000004,1,527.822431251949,1.05724487169856e-49,0,13.4058606676995,-6.60100481181749e-49,0,-2.82122666822848e-48
436,45.0000000000004,2,572,99.8214320987663,0,2.47106509694611e-16,4.03555555555538,0,90
436,45.0000000000004,3,1182,99.9692315541618,0,4.28604511008733e-16,6.99964285714288,0,90
436,45.0000000000004,4,1182,99.7450332409986,0,9.17808320866253e-16,14.9889473684211,0,90
436,45.0000000000004,5,557.871093750005,0,0,13.9218750000001,0,0,0
436,45.0000000000004,6,1775.83693846061,0,0,0.3,0,0,0
436,45.1000000000004,1,529.164120962495,2.29886197649394e-50,0,13.4279335432261,-1.00284931572247e-48,0,-4.27906744500282e-48
436,45.1000000000004,2,572,99.8214320987663,0,2.47106509694611e-16,4.03555555555538,0,90
436,45.1000000000004,3,1182,99.9692315541618,0,4.28604511008733e-16,6.99964285714288,0,90
436,45.1000000000004,4,1182,99.7450332409986,0,9.17808320866253e-16,14.9889473684211,0,90
436,45.1000000000004,5,559.264375000005,0,0,13.9437500000001,0,0,0
436,45.1000000000004,6,1775.83693846061,0,0,0.3,0,0,0
436,45.2000000000004,1,530.50799170126,-9.47373187815265e-50,0,13.4493328811973,-1.32740634406043e-48,0,-5.6549110565834e-48
436,45.2000000000004,2,572,99.8214320987663,0,2.47106509694611e-16,4.03555555555538,0,90
436,45.2000000000004,3,1182,99.9692315541618,0,4.28604511008733e-16,6.99964285714288,0,90
436,45.2000000000004,4,1182,99.7450332409986,0,9.17808320866253e-16,14.9889473684211,0,90
436,45.2000000000004,5,560.659843750005,0,0,13.9656250000001,0,0,0
436,45.2000000000004,6,1775.83693846061,0,0,0.3,0,0,0
436,45.3000000000004,1,531.853985443481,-2.3673456759159e-49,0,13.4705419632068,-1.48341317152948e-48,0,-6.30956900137383e-48
436,45.3000000000004,2,572,99.8214320987663,0,2.47106509694611e-16,4.03555555555538,0,90
436,45.3000000000004,3,1182,99.9692315541618,0,4.28604511008733e-16,6.99964285714288,0,90
436,45.3000000000004,4,1182,99.7450332409986,0,9.17808320866253e-16,14.9889473684211,0,90
436,45.3000000000004,5,562.057500000005,0,0,13.9875000000001,0,0,0
436,45.3000000000004,6,1775.83693846061,0,0,0.3,0,0,0
436,45.4000000000004,1,533.202100093902,-3.85567196685264e-49,0,13.4917510452164,-1.46383708891345e-48,0,-6.21651606291642e-48
436,45.4000000000004,2,572,99.8214320987663,0,2.47106509694611e-16,4.03555555555538,0,90
436,45.4000000000004,3,1182,99.9692315541618,0,4.28604511008733e-16,6.99964285714288,0,90
436,45.4000000000004,4,1182,99.7450332409986,0,9.17808320866253e-16,14.9889473684211,0,90
436,45.4000000000004,5,563.457343750005,0,0,14.0093750000001,0,0,0
436,45.4000000000004,6,1775.83693846061,0,0,0.3,0,0,0
436,45.5000000000004,1,534.552335652524,-5.23593747746692e-49,0,13.512960127226,-1.2670136591062e-48,0,-5.37221560403693e-48
436,45.5000000000004,2,572,99.8214320987663,0,2.47106509694611e-16,4.03555555555538,0,90
436,45.5000000000004,3,1182,99.9692315541618,0,4.28604511008733e-16,6.99964285714288,0,90
436,45.5000000000004,4,1182,99.7450332409986,0,9.17808320866253e-16,14.9889473684211,0,90
436,45.5000000000004,5,564.859375000005,0,0,14.0312500000001,0,0,0
436,45.5000000000004,6,1775.83693846061,0,0,0.3,0,0,0
436,45.6000000000004,1,535.904692119347,-6.33005991290017e-49,0,13.5341692092356,-8.91271894097494e-49,0,-3.77312542358124e-48
436,45.6000000000004,2,572,99.8214320987663,0,2.47106509694611e-16,4.03555555555538,0,90
436,45.6000000000004,3,1182,99.9692315541618,0,4.28604511008733e-16,6.99964285714288,0,90
436,45.6000000000004,4,1182,99.7450332409986,0,9.17808320866253e-16,14.9889473684211,0,90
436,45.6000000000004,5,566.263593750005,0,0,14.0531250000001,0,0,0
436,45.6000000000004,6,1775.83693846061,0,0,0.3,0,0,0
436,45.7000000000004,1,537.259169494371,-6.95828271054066e-49,0,13.5553782912452,-3.34934244674957e-49,0,-1.41569775641535e-48
436,45.7000000000004,2,572,99.8214320987663,0,2.47106509694611e-16,4.03555555555538,0,90
436,45.7000000000004,3,1182,99.9692315541618,0,4.28604511008733e-16,6.99964285714288,0,90
436,45.7000000000004,4,1182,99.7450332409986,0,9.17808320866253e-16,14.9889473684211,0,90
436,45.7000000000004,5,567.670000000005,0,0,14.0750000000001,0,0,0
436,45.7000000000004,6,1775.83693846061,0,0,0.3,0,0,0
436,45.8000000000004,1,538.615767777596,-6.93916847367239e-49,0,13.5765873732548,4.03683409873968e-49,0,1.70362072657462e-48
436,45.8000000000004,2,572,99.8214320987663,0,2.47106509694611e-16,4.03555555555538,0,90
436,45.8000000000004,3,1182,99.9692315541618,0,4.28604511008733e-16,6.99964285714288,0,90
436,45.8000000000004,4,1182,99.7450332409986,0,9.17808320866253e-16,14.9889473684211,0,90
436,45.8000000000004,5,569.078593750005,0,0,14.0968750000001,0,0,0
436,45.8000000000004,6,1775.83693846061,0,0,0.3,0,0,0
436,45.9000000000004,1,539.974486969022,-6.08959239482583e-49,0,13.5977964552644,1.32627177206007e-48,0,5.58838891848242e-48
436,45.9000000000004,2,572,99.8214320987663,0,2.47106509694611e-16,4.03555555555538,0,90
436,45.9000000000004,3,1182,99.9692315541618,0,4.28604511008733e-16,6.99964285714288,0,90
436,45.9000000000004,4,1182,99.7450332409986,0,9.17808320866253e-16,14.9889473684211,0,90
436,45.9000000000004,5,570.489375000005,0,0,14.1187500000001,0,0,0
436,45.9000000000004,6,1775.83693846061,0,0,0.3,0,0,0
436,46.0000000000004,1,541.335327068649,-4.22473566883073e-49,0,13.6190055372739,2.43452813649042e-48,0,1.02421712763817e-47
436,46.0000000000004,2,572,99.8214320987663,0,2.47106509694611e-16,4.03555555555538,0,90
436,46.0000000000004,3,1182,99.9692315541618,0,4.28604511008733e-16,6.99964285714288,0,90
436,46.0000000000004,4,1182,99.7450332409986,0,9.17808320866253e-16,14.9889473684211,0,90
436,46.0000000000004,5,571.902343750005,0,0,14.1406250000001,0,0,0
436,46.0000000000004,6,1775.83693846061,0,0,0.3,0,0,0
436,46.1000000000004,1,542.698288076477,-1.15807889557074e-49,0,13.6402146192835,3.73015640016639e-48,0,1.56685378213259e-47
436,46.1000000000004,2,572,99.8214320987663,0,2.47106509694611e-16,4.03555555555538,0,90
436,46.1000000000004,3,1182,99.9692315541618,0,4.28604511008733e-16,6.99964285714288,0,90
436,46.1000000000004,4,1182,99.7450332409986,0,9.17808320866253e-16,14.9889473684211,0,90
436,46.1000000000004,5,573.317500000005,0,0,14.1625000000001,0,0,0
436,46.1000000000004,6,1775.83693846061,0,0,0.3,0,0,0
436,46.2000000000004,1,544.063393433031,3.24882424942402e-49,0,13.6620878621374,5.00307572547053e-48,0,2.0981794770054e-47
436,46.2000000000004,2,572,99.8214320987663,0,2.47106509694611e-16,4.03555555555538,0,90
436,46.2000000000004,3,1182,99.9692315541618,0,4.28604511008733e-16,6.99964285714288,0,90
436,46.2000000000004,4,1182,99.7450332409986,0,9.17808320866253e-16,14.9889473684211,0,90
436,46.2000000000004,5,574.734843750005,0,0,14.1843750000001,0,0,0
436,46.2000000000004,6,1775.83693846061,0,0,0.3,0,0,0
436,46.3000000000004,1,545.430709718966,8.63034479054901e-49,0,13.6842378565673,5.64875430433482e-48,0,2.36512829239823e-47
436,46.3000000000004,2,572,99.8214320987663,0,2.47106509694611e-16,4.03555555555538,0,90
436,46.3000000000004,3,1182,99.9692315541618,0,4.28604511008733e-16,6.99964285714288,0,90
436,46.3000000000004,4,1182,99.7450332409986,0,9.17808320866253e-16,14.9889473684211,0,90
436,46.3000000000004,5,576.154375000006,0,0,14.2062500000001,0,0,0
436,46.3000000000004,6,1775.83693846061,0,0,0.3,0,0,0
436,46.4000000000004,1,546.800241004345,1.43228243082312e-48,0,13.7063878509972,5.62390635329151e-48,0,2.35091916209689e-47
436,46.4000000000004,2,572,99.8214320987663,0,2.47106509694611e-16,4.03555555555538,0,90
436,46.4000000000004,3,1182,99.9692315541618,0,4.28604511008733e-16,6.99964285714288,0,90
436,46.4000000000004,4,1182,99.7450332409986,0,9.17808320866253e-16,14.9889473684211,0,90
436,46.4000000000004,5,577.576093750006,0,0,14.2281250000001,0,0,0
436,46.4000000000004,6,1775.83693846061,0,0,0.3,0,0,0
436,46.5000000000004,1,548.171987289166,1.96524698929461e-48,0,13.7285378454271,4.92199470794512e-48,0,2.05418469706093e-47
436,46.5000000000004,2,572,99.8214320987663,0,2.47106509694611e-16,4.03555555555538,0,90
436,46.5000000000004,3,1182,99.9692315541618,0,4.28604511008733e-16,6.99964285714288,0,90
436,46.5000000000004,4,1182,99.7450332409986,0,9.17808320866253e-16,14.9889473684211,0,90
436,46.5000000000004,5,579.000000000006,0,0,14.2500000000001,0,0,0
436,46.5000000000004,6,1775.83693846061,0,0,0.3,0,0,0
436,46.6000000000004,1,549.54594857343,2.39389382481643e-48,0,13.750687839857,3.53645575155703e-48,0,1.47355529671519e-47
436,46.6000000000004,2,572,99.8214320987663,0,2.47106509694611e-16,4.03555555555538,0,90
436,46.6000000000004,3,1182,99.9692315541618,0,4.28604511008733e-16,6.99964285714288,0,90
436,46.6000000000004,4,1182,99.7450332409986,0,9.17808320866253e-16,14.9889473684211,0,90
436,46.6000000000004,5,580.426093750006,0,0,14.2718750000001,0,0,0
436,46.6000000000004,6,1775.83693846061,0,0,0.3,0,0,0
436,46.7000000000004,1,550.922124857137,2.64953092166347e-48,0,13.7728378342868,1.46069937229764e-48,0,6.07659148949798e-48
436,46.7000000000004,2,572,99.8214320987663,0,2.47106509694611e-16,4.03555555555538,0,90
436,46.7000000000004,3,1182,99.9692315541618,0,4.28604511008733e-16,6.99964285714288,0,90
436,46.7000000000004,4,1182,99.7450332409986,0,9.17808320866253e-16,14.9889473684211,0,90
436,46.7000000000004,5,581.854375000006,0,0,14.2937500000001,0,0,0
436,46.7000000000004,6,1775.83693846061,0,0,0.3,0,0,0
436,46.8000000000004,1,552.300516140288,2.66280592639195e-48,0,13.7949878287167,-1.31189107950159e-48,0,-5.44877769879807e-48
436,46.8000000000004,2,572,99.8214320987663,0,2.47106509694611e-16,4.03555555555538,0,90
436,46.8000000000004,3,1182,99.9692315541618,0,4.28604511008733e-16,6.99964285714288,0,90
436,46.8000000000004,4,1182,99.7450332409986,0,9.17808320866253e-16,14.9889473684211,0,90
436,46.8000000000004,5,583.284843750006,0,0,14.3156250000001,0,0,0
436,46.8000000000004,6,1775.83693846061,0,0,0.3,0,0,0
436,46.9000000000004,1,553.681122422881,2.36370349191813e-48,0,13.8171378231466,-4.78795883409596e-48,0,-1.98543169495289e-47
436,46.9000000000004,2,572,99.8214320987663,0,2.47106509694611e-16,4.03555555555538,0,90
436,46.9000000000004,3,1182,99.9692315541618,0,4.28604511008733e-16,6.99964285714288,0,90
436,46.9000000000004,4,1182,99.7450332409986,0,9.17808320866253e-16,14.9889473684211,0,90
436,46.9000000000004,5,584.717500000006,0,0,14.3375000000001,0,0,0
436,46.9000000000004,6,1775.83693846061,0,0,0.3,0,0,0
436,47.0000000000004,1,555.063943704917,1.68154261732222e-48,0,13.8392878175765,-8.9741737450755e-48,0,-3.71538107298343e-47
436,47.0000000000004,2,572,99.8214320987663,0,2.47106509694611e-16,4.03555555555538,0,90
436,47.0000000000004,3,1182,99.9692315541618,0,4.28604511008733e-16,6.99964285714288,0,90
436,47.0000000000004,4,1182,99.7450332409986,0,9.17808320866253e-16,14.9889473684211,0,90
436,47.0000000000004,5,586.152343750006,0,0,14.3593750000001,0,0,0
436,47.0000000000004,6,1775.83693846061,0,0,0.3,0,0,0
436,47.1000000000004,1,556.448979986396,5.44973983377554e-49,0,13.8614378120064,-1.38772323321128e-47,0,-5.73610656222008e-47
436,47.1000000000004,2,572,99.8214320987663,0,2.47106509694611e-16,4.03555555555538,0,90
436,47.1000000000004,3,1182,99.9692315541618,0,4.28604511008733e-16,6.99964285714288,0,90
436,47.1000000000004,4,1182,99.7450332409986,0,9.17808320866253e-16,14.9889473684211,0,90
436,47.1000000000004,5,587.589375000006,0,0,14.3812500000001,0,0,0
436,47.1000000000004,6,1775.83693846061,0,0,0.3,0,0,0
436,47.2000000000004,1,557.836212879965,-1.1042218303959e-48,0,13.8830070587757,-1.88500381909918e-47,0,-7.77949350188899e-47
436,47.2000000000004,2,572,99.8214320987663,0,2.47106509694611e-16,4.03555555555538,0,90
436,47.2000000000004,3,1182,99.9692315541618,0,4.28604511008733e-16,6.99964285714288,0,90
436,47.2000000000004,4,1182,99.7450332409986,0,9.17808320866253e-16,14.9889473684211,0,90
436,47.2000000000004,5,589.028593750006,0,0,14.4031250000001,0,0,0
436,47.2000000000004,6,1775.83693846061,0,0,0.3,0,0,0
436,47.3000000000004,1,559.22557522961,-3.14302388256017e-48,0,13.9042399341273,-2.15006770061814e-47,0,-8.85987335492202e-47
436,47.3000000000004,2,572,99.8214320987663,0,2.47106509694611e-16,4.03555555555538,0,90
436,47.3000000000004,3,1182,99.9692315541618,0,4.28604511008733e-16,6.99964285714288,0,90
436,47.3000000000004,4,1182,99.7450332409986,0,9.17808320866253e-16,14.9889473684211,0,90
436,47.3000000000004,5,590.470000000006,0,0,14.4250000000001,0,0,0
436,47.3000000000004,6,1775.83693846061,0,0,0.3,0,0,0
436,47.4000000000004,1,560.617060866791,-5.31890008194723e-48,0,13.9254728094788,-2.15875983344152e-47,0,-8.88212767572044e-47
436,47.4000000000004,2,572,99.8214320987663,0,2.47106509694611e-16,4.03555555555538,0,90
436,47.4000000000004,3,1182,99.9692315541618,0,4.28604511008733e-16,6.99964285714288,0,90
436,47.4000000000004,4,1182,99.7450332409986,0,9.17808320866253e-16,14.9889473684211,0,90
436,47.4000000000004,5,591.913593750006,0,0,14.4468750000001,0,0,0
436,47.4000000000004,6,1775.83693846061,0,0,0.3,0,0,0
436,47.5000000000004,1,562.010669791506,-7.37430034066267e-48,0,13.9467056848303,-1.90872203982496e-47,0,-7.84140137584774e-47
436,47.5000000000004,2,572,99.8214320987663,0,2.47106509694611e-16,4.03555555555538,0,90
436,47.5000000000004,3,1182,99.9692315541618,0,4.28604511008733e-16,6.99964285714288,0,90
436,47.5000000000004,4,1182,99.7450332409986,0,9.17808320866253e-16,14.9889473684211,0,90
436,47.5000000000004,5,593.359375000006,0,0,14.4687500000001,0,0,0
436,47.5000000000004,6,1775.83693846061,0,0,0.3,0,0,0
436,47.6000000000004,1,563.406402003757,-9.04931189273967e-48,0,13.9679385601818,-1.39758713908008e-47,0,-5.73283195841962e-47
436,47.6000000000004,2,572,99.8214320987663,0,2.47106509694611e-16,4.03555555555538,0,90
436,47.6000000000004,3,1182,99.9692315541618,0,4.28604511008733e-16,6.99964285714288,0,90
436,47.6000000000004,4,1182,99.7450332409986,0,9.17808320866253e-16,14.9889473684211,0,90
436,47.6000000000004,5,594.807343750006,0,0,14.4906250000001,0,0,0
436,47.6000000000004,6,1775.83693846061,0,0,0.3,0,0,0
436,47.7000000000004,1,564.804257503543,-1.00816502843313e-47,0,13.9891714355333,-6.22978933847261e-48,0,-2.55154951810389e-47
436,47.7000000000004,2,572,99.8214320987663,0,2.47106509694611e-16,4.03555555555538,0,90
436,47.7000000000004,3,1182,99.9692315541618,0,4.28604511008733e-16,6.99964285714288,0,90
436,47.7000000000004,4,1182,99.7450332409986,0,9.17808320866253e-16,14.9889473684211,0,90
436,47.7000000000004,5,596.257500000006,0,0,14.5125000000001,0,0,0
436,47.7000000000004,6,1775.83693846061,0,0,0.3,0,0,0
436,47.8000000000004,1,566.204236290863,-1.02066503501758e-47,0,14.0104043108848,4.17487803631619e-48,0,1.70732325887943e-47
436,47.8000000000004,2,572,99.8214320987663,0,2.47106509694611e-16,4.03555555555538,0,90
436,47.8000000000004,3,1182,99.9692315541618,0,4.28604511008733e-16,6.99964285714288,0,90
436,47.8000000000004,4,1182,99.7450332409986,0,9.17808320866253e-16,14.9889473684211,0,90
436,47.8000000000004,5,597.709843750006,0,0,14.5343750000001,0,0,0
436,47.8000000000004,6,1775.83693846061,0,0,0.3,0,0,0
436,47.9000000000004,1,567.606338365719,-9.15725717633424e-48,0,14.0316371862363,1.72620734524042e-47,0,7.04867109475819e-47
436,47.9000000000004,2,572,99.8214320987663,0,2.47106509694611e-16,4.03555555555538,0,90
436,47.9000000000004,3,1182,99.9692315541618,0,4.28604511008733e-16,6.99964285714288,0,90
436,47.9000000000004,4,1182,99.7450332409986,0,9.17808320866253e-16,14.9889473684211,0,90
436,47.9000000000004,5,599.164375000006,0,0,14.5562500000001,0,0,0
436,47.9000000000004,6,1775.83693846061,0,0,0.3,0,0,0
436,48.0000000000004,1,569.010563728111,-6.66401704920133e-48,0,14.0528700615879,3.30558302071598e-47,0,1.34773861202081e-46
436,48.0000000000004,2,572,99.8214320987663,0,2.47106509694611e-16,4.03555555555538,0,90
436,48.0000000000004,3,1182,99.9692315541618,0,4.28604511008733e-16,6.99964285714288,0,90
436,48.0000000000004,4,1182,99.7450332409986,0,9.17808320866253e-16,14.9889473684211,0,90
436,48.0000000000004,5,600.621093750006,0,0,14.5781250000001,0,0,0
436,48.0000000000004,6,1775.83693846061,0,0,0.3,0,0,0
436,48.1000000000004,1,570.416912378037,-2.45506839078875e-48,0,14.0741029369394,5.15802723137539e-47,0,2.09983678743526e-46
436,48.1000000000004,2,572,99.8214320987663,0,2.47106509694611e-16,4.03555555555538,0,90
436,48.1000000000004,3,1182,99.9692315541618,0,4.28604511008733e-16,6.99964285714288,0,90
436,48.1000000000004,4,1182,99.7450332409986,0,9.17808320866253e-16,14.9889473684211,0,90
436,48.1000000000004,5,602.080000000006,0,0,14.6000000000001,0,0,0
436,48.1000000000004,6,1775.83693846061,0,0,0.3,0,0,0
436,48.2000000000004,1,571.825398411154,3.7072165113676e-48,0,14.0958376031241,7.09005816741525e-47,0,2.88191749176451e-46
436,48.2000000000004,2,572,99.8214320987663,0,2.47106509694611e-16,4.03555555555538,0,90
436,48.2000000000004,3,1182,99.9692315541618,0,4.28604511008733e-16,6.99964285714288,0,90
436,48.2000000000004,4,1182,99.7450332409986,0,9.17808320866253e-16,14.9889473684211,0,90
436,48.2000000000004,5,603.541093750006,0,0,14.6218750000001,0,0,0
436,48.2000000000004,6,1775.83693846061,0,0,0.3,0,0,0
436,48.3000000000004,1,573.236088473327,1.14194201540927e-47,0,14.117963640334,8.17206208752316e-47,0,3.31651702371766e-46
436,48.3000000000004,2,572,99.8214320987663,0,2.47106509694611e-16,4.03555555555538,0,90
436,48.3000000000004,3,1182,99.9692315541618,0,4.28604511008733e-16,6.99964285714288,0,90
436,48.3000000000004,4,1182,99.7450332409986,0,9.17808320866253e-16,14.9889473684211,0,90
436,48.3000000000004,5,605.004375000006,0,0,14.6437500000001,0,0,0
436,48.3000000000004,6,1775.83693846061,0,0,0.3,0,0,0
436,48.4000000000004,1,574.648991139221,1.9725230998747e-47,0,14.1400896775439,8.27573573978946e-47,0,3.35333608957616e-46
436,48.4000000000004,2,572,99.8214320987663,0,2.47106509694611e-16,4.03555555555538,0,90
436,48.4000000000004,3,1182,99.9692315541618,0,4.28604511008733e-16,6.99964285714288,0,90
436,48.4000000000004,4,1182,99.7450332409986,0,9.17808320866253e-16,14.9889473684211,0,90
436,48.4000000000004,5,606.469843750006,0,0,14.6656250000001,0,0,0
436,48.4000000000004,6,1775.83693846061,0,0,0.3,0,0,0
436,48.5000000000004,1,576.064106408836,2.7641702256003e-47,0,14.1622157147538,7.39184005232077e-47,0,2.99050124898556e-46
436,48.5000000000004,2,572,99.8214320987663,0,2.47106509694611e-16,4.03555555555538,0,90
436,48.5000000000004,3,1182,99.9692315541618,0,4.28604511008733e-16,6.99964285714288,0,90
436,48.5000000000004,4,1182,99.7450332409986,0,9.17808320866253e-16,14.9889473684211,0,90
436,48.5000000000004,5,607.937500000006,0,0,14.6875000000001,0,0,0
436,48.5000000000004,6,1775.83693846061,0,0,0.3,0,0,0
436,48.6000000000004,1,577.481434282172,3.41766299684338e-47,0,14.1843417519637,5.5110997513707e-47,0,2.22613612778628e-46
436,48.6000000000004,2,572,99.8214320987663,0,2.47106509694611e-16,4.03555555555538,0,90
436,48.6000000000004,3,1182,99.9692315541618,0,4.28604511008733e-16,6.99964285714288,0,90
436,48.6000000000004,4,1182,99.7450332409986,0,9.17808320866253e-16,14.9889473684211,0,90
436,48.6000000000004,5,609.407343750006,0,0,14.7093750000001,0,0,0
436,48.6000000000004,6,1775.83693846061,0,0,0.3,0,0,0
436,48.7000000000004,1,578.900974759229,3.83285167803367e-47,0,14.2064677891736,2.6242033046922e-47,0,1.05836141801362e-46
436,48.7000000000004,2,572,99.8214320987663,0,2.47106509694611e-16,4.03555555555538,0,90
436,48.7000000000004,3,1182,99.9692315541618,0,4.28604511008733e-16,6.99964285714288,0,90
436,48.7000000000004,4,1182,99.7450332409986,0,9.17808320866253e-16,14.9889473684211,0,90
436,48.7000000000004,5,610.879375000006,0,0,14.7312500000001,0,0,0
436,48.7000000000004,6,1775.83693846061,0,0,0.3,0,0,0
436,48.8000000000004,1,580.322727840007,3.90865356509081e-47,0,14.2285938263835,-1.2781971351102e-47,0,-5.14705122102299e-47
436,48.8000000000004,2,572,99.8214320987663,0,2.47106509694611e-16,4.03555555555538,0,90
436,48.8000000000004,3,1182,99.9692315541618,0,4.28604511008733e-16,6.99964285714288,0,90
436,48.8000000000004,4,1182,99.7450332409986,0,9.17808320866253e-16,14.9889473684211,0,90
436,48.8000000000004,5,612.353593750006,0,0,14.7531250000001,0,0,0
436,48.8000000000004,6,1775.83693846061,0,0,0.3,0,0,0
436,48.9000000000004,1,581.746693524506,3.54304935107716e-47,0,14.2507198635935,-6.20548578722802e-47,0,-2.49494866813646e-46
436,48.9000000000004,2,572,99.8214320987663,0,2.47106509694611e-16,4.03555555555538,0,90
436,48.9000000000004,3,1182,99.9692315541618,0,4.28604511008733e-16,6.99964285714288,0,90
436,48.9000000000004,4,1182,99.7450332409986,0,9.17808320866253e-16,14.9889473684211,0,90
436,48.9000000000004,5,613.830000000006,0,0,14.7750000000001,0,0,0
436,48.9000000000004,6,1775.83693846061,0,0,0.3,0,0,0
436,49.0000000000004,1,583.172871812725,2.63307948618582e-47,0,14.2728459008034,-1.21670832992966e-46,0,-4.88425732946899e-46
436,49.0000000000004,2,572,99.8214320987663,0,2.47106509694611e-16,4.03555555555538,0,90
436,49.0000000000004,3,1182,99.9692315541618,0,4.28604511008733e-16,6.99964285714288,0,90
436,49.0000000000004,4,1182,99.7450332409986,0,9.17808320866253e-16,14.9889473684211,0,90
436,49.0000000000004,5,615.308593750006,0,0,14.7968750000001,0,0,0
436,49.0000000000004,6,1775.83693846061,0,0,0.3,0,0,0
436,49.1000000000004,1,584.601262704666,1.07484053206383e-47,0,14.2949719380133,-1.91724468040427e-46,0,-7.68452214928516e-46
436,49.1000000000004,2,572,99.8214320987663,0,2.47106509694611e-16,4.03555555555538,0,90
436,49.1000000000004,3,1182,99.9692315541618,0,4.28604511008733e-16,6.99964285714288,0,90
436,49.1000000000004,4,1182,99.7450332409986,0,9.17808320866253e-16,14.9889473684211,0,90
436,49.1000000000004,5,616.789375000006,0,0,14.8187500000001,0,0,0
436,49.1000000000004,6,1775.83693846061,0,0,0.3,0,0,0
436,49.2000000000004,1,586.03185566565,-1.22710480320076e-47,0,14.3166692051756,-2.66564884827736e-46,0,-1.06680140807464e-45
436,49.2000000000004,2,572,99.8214320987663,0,2.47106509694611e-16,4.03555555555538,0,90
436,49.2000000000004,3,1182,99.9692315541618,0,4.28604511008733e-16,6.99964285714288,0,90
436,49.2000000000004,4,1182,99.7450332409986,0,9.17808320866253e-16,14.9889473684211,0,90
436,49.2000000000004,5,618.272343750006,0,0,14.8406250000001,0,0,0
436,49.2000000000004,6,1775.83693846061,0,0,0.3,0,0,0
436,49.3000000000004,1,587.464585259797,-4.14334816373051e-47,0,14.3379226777803,-3.10481756684465e-46,0,-1.24071629298127e-45
436,49.3000000000004,2,572,99.8214320987663,0,2.47106509694611e-16,4.03555555555538,0,90
436,49.3000000000004,3,1182,99.9692315541618,0,4.28604511008733e-16,6.99964285714288,0,90
436,49.3000000000004,4,1182,99.7450332409986,0,9.17808320866253e-16,14.9889473684211,0,90
436,49.3000000000004,5,619.757500000006,0,0,14.8625000000001,0,0,0
436,49.3000000000004,6,1775.83693846061,0,0,0.3,0,0,0
436,49.4000000000004,1,588.899440201206,-7.31214430004728e-47,0,14.359176150385,-3.17019896301217e-46,0,-1.26496826067892e-45
436,49.4000000000004,2,572,99.8214320987663,0,2.47106509694611e-16,4.03555555555538,0,90
436,49.4000000000004,3,1182,99.9692315541618,0,4.28604511008733e-16,6.99964285714288,0,90
436,49.4000000000004,4,1182,99.7450332409986,0,9.17808320866253e-16,14.9889473684211,0,90
436,49.4000000000004,5,621.244843750006,0,0,14.8843750000001,0,0,0
436,49.4000000000004,6,1775.83693846061,0,0,0.3,0,0,0
436,49.5000000000004,1,590.336420489875,-1.03580375189621e-46,0,14.3804296229897,-2.85845423431948e-46,0,-1.13889061628575e-45
436,49.5000000000004,2,572,99.8214320987663,0,2.47106509694611e-16,4.03555555555538,0,90
436,49.5000000000004,3,1182,99.9692315541618,0,4.28604511008733e-16,6.99964285714288,0,90
436,49.5000000000004,4,1182,99.7450332409986,0,9.17808320866253e-16,14.9889473684211,0,90
436,49.5000000000004,5,622.734375000006,0,0,14.9062500000001,0,0,0
436,49.5000000000004,6,1775.83693846061,0,0,0.3,0,0,0
436,49.6000000000004,1,591.775526125804,-1.29022271391267e-46,0,14.4016830955944,-2.16623220385582e-46,0,-8.61815677392803e-46
436,49.6000000000004,2,572,99.8214320987663,0,2.47106509694611e-16,4.03555555555538,0,90
436,49.6000000000004,3,1182,99.9692315541618,0,4.28604511008733e-16,6.99964285714288,0,90
436,49.6000000000004,4,1182,99.7450332409986,0,9.17808320866253e-16,14.9889473684211,0,90
436,49.6000000000004,5,624.226093750006,0,0,14.9281250000001,0,0,0
436,49.6000000000004,6,1775.83693846061,0,0,0.3,0,0,0
436,49.7000000000004,1,593.216757108993,-1.45625551074254e-46,0,14.4229365681991,-1.09016930194421e-46,0,-4.33074774064028e-46
436,49.7000000000004,2,572,99.8214320987663,0,2.47106509694611e-16,4.03555555555538,0,90
436,49.7000000000004,3,1182,99.9692315541618,0,4.28604511008733e-16,6.99964285714288,0,90
436,49.7000000000004,4,1182,99.7450332409986,0,9.17808320866253e-16,14.9889473684211,0,90
436,49.7000000000004,5,625.720000000007,0,0,14.9500000000001,0,0,0
436,49.7000000000004,6,1775.83693846061,0,0,0.3,0,0,0
436,49.8000000000004,1,594.660113439444,-1.49534935970506e-46,0,14.4441900408038,3.73110452174318e-47,0,1.48001751163726e-46
436,49.8000000000004,2,572,99.8214320987663,0,2.47106509694611e-16,4.03555555555538,0,90
436,49.8000000000004,3,1182,99.9692315541618,0,4.28604511008733e-16,6.99964285714288,0,90
436,49.8000000000004,4,1182,99.7450332409986,0,9.17808320866253e-16,14.9889473684211,0,90
436,49.8000000000004,5,627.216093750007,0,0,14.9718750000001,0,0,0
436,49.8000000000004,6,1775.83693846061,0,0,0.3,0,0,0
436,49.9000000000004,1,596.105595117154,-1.36861325872634e-46,0,14.4654435134085,2.22699546865656e-46,0,8.82084543280715e-46
436,49.9000000000004,2,572,99.8214320987663,0,2.47106509694611e-16,4.03555555555538,0,90
436,49.9000000000004,3,1182,99.9692315541618,0,4.28604511008733e-16,6.99964285714288,0,90
436,49.9000000000004,4,1182,99.7450332409986,0,9.17808320866253e-16,14.9889473684211,0,90
436,49.9000000000004,5,628.714375000007,0,0,14.9937500000001,0,0,0
436,49.9000000000004,6,1775.83693846061,0,0,0.3,0,0,0
436,50.0000000000004,1,597.553202142125,-1.03681674248375e-46,0,14.4866969860132,4.47488660537293e-46,0,1.7698452348043e-45
436,50.0000000000004,2,572,99.8214320987663,0,2.47106509694611e-16,4.03555555555538,0,90
436,50.0000000000004,3,1182,99.9692315541618,0,4.28604511008733e-16,6.99964285714288,0,90
436,50.0000000000004,4,1182,99.7450332409986,0,9.17808320866253e-16,14.9889473684211,0,90
436,50.0000000000004,5,630.214843750007,0,0,15.0156250000001,0,0,0
436,50.0000000000004,6,1775.83693846061,0,0,0.3,0,0,0
436,50.1000000000004,1,599.002934514357,-4.60388636718773e-47,0,14.5079504586179,7.12019718622331e-46,0,2.81195644577892e-45
436,50.1000000000004,2,572,99.8214320987663,0,2.47106509694611e-16,4.03555555555538,0,90
436,50.1000000000004,3,1182,99.9692315541618,0,4.28604511008733e-16,6.99964285714288,0,90
436,50.1000000000004,4,1182,99.7450332409986,0,9.17808320866253e-16,14.9889473684211,0,90
436,50.1000000000004,5,631.717500000007,0,0,15.0375000000001,0,0,0
436,50.1000000000004,6,1775.83693846061,0,0,0.3,0,0,0
436,50.2000000000004,1,600.454800529437,3.98320769234786e-47,0,14.5295971118122,1.00052651682769e-45,0,3.94546017098759e-45
436,50.2000000000004,2,572,99.8214320987663,0,2.47106509694611e-16,4.03555555555538,0,90
436,50.2000000000004,3,1182,99.9692315541618,0,4.28604511008733e-16,6.99964285714288,0,90
436,50.2000000000004,4,1182,99.7450332409986,0,9.17808320866253e-16,14.9889473684211,0,90
436,50.2000000000004,5,633.222343750007,0,0,15.0593750000001,0,0,0
436,50.2000000000004,6,1775.83693846061,0,0,0.3,0,0,0
436,50.3000000000004,1,601.908869502558,1.49941177888735e-46,0,14.5517823505932,1.17800709758665e-45,0,4.63825209187652e-45
436,50.3000000000004,2,572,99.8214320987663,0,2.47106509694611e-16,4.03555555555538,0,90
436,50.3000000000004,3,1182,99.9692315541618,0,4.28604511008733e-16,6.99964285714288,0,90
436,50.3000000000004,4,1182,99.7450332409986,0,9.17808320866253e-16,14.9889473684211,0,90
436,50.3000000000004,5,634.729375000007,0,0,15.0812500000001,0,0,0
436,50.3000000000004,6,1775.83693846061,0,0,0.3,0,0,0
436,50.4000000000004,1,603.365156999556,2.70682039501413e-46,0,14.5739675893741,1.21294380394922e-45,0,4.7685409156189e-45
436,50.4000000000004,2,572,99.8214320987663,0,2.47106509694611e-16,4.03555555555538,0,90
436,50.4000000000004,3,1182,99.9692315541618,0,4.28604511008733e-16,6.99964285714288,0,90
436,50.4000000000004,4,1182,99.7450332409986,0,9.17808320866253e-16,14.9889473684211,0,90
436,50.4000000000004,5,636.238593750007,0,0,15.1031250000001,0,0,0
436,50.4000000000004,6,1775.83693846061,0,0,0.3,0,0,0
436,50.5000000000004,1,604.823663020433,3.8773481342858e-46,0,14.596152828155,1.10402658634389e-45,0,4.33374907843688e-45
436,50.5000000000004,2,572,99.8214320987663,0,2.47106509694611e-16,4.03555555555538,0,90
436,50.5000000000004,3,1182,99.9692315541618,0,4.28604511008733e-16,6.99964285714288,0,90
436,50.5000000000004,4,1182,99.7450332409986,0,9.17808320866253e-16,14.9889473684211,0,90
436,50.5000000000004,5,637.750000000007,0,0,15.1250000000001,0,0,0
436,50.5000000000004,6,1775.83693846061,0,0,0.3,0,0,0
436,50.6000000000004,1,606.284387565187,4.86648396741756e-46,0,14.618338066936,8.4994040116418e-46,0,3.33129508986454e-45
436,50.6000000000004,2,572,99.8214320987663,0,2.47106509694611e-16,4.03555555555538,0,90
436,50.6000000000004,3,1182,99.9692315541618,0,4.28604511008733e-16,6.99964285714288,0,90
436,50.6000000000004,4,1182,99.7450332409986,0,9.17808320866253e-16,14.9889473684211,0,90
436,50.6000000000004,5,639.263593750007,0,0,15.1468750000001,0,0,0
436,50.6000000000004,6,1775.83693846061,0,0,0.3,0,0,0
436,50.7000000000005,1,607.74733063382,5.52839932133307e-46,0,14.6405233057169,4.49365203166468e-46,0,1.75859353274781e-45
436,50.7000000000005,2,572,99.8214320987663,0,2.47106509694611e-16,4.03555555555538,0,90
436,50.7000000000005,3,1182,99.9692315541618,0,4.28604511008733e-16,6.99964285714288,0,90
436,50.7000000000005,4,1182,99.7450332409986,0,9.17808320866253e-16,14.9889473684211,0,90
436,50.7000000000005,5,640.779375000007,0,0,15.1687500000001,0,0,0
436,50.7000000000005,6,1775.83693846061,0,0,0.3,0,0,0
436,50.8000000000005,1,609.212492226331,5.71594307372622e-46,0,14.6627085444978,-9.90240621321606e-47,0,-3.86944936755431e-46
436,50.8000000000005,2,572,99.8214320987663,0,2.47106509694611e-16,4.03555555555538,0,90
436,50.8000000000005,3,1182,99.9692315541618,0,4.28604511008733e-16,6.99964285714288,0,90
436,50.8000000000005,4,1182,99.7450332409986,0,9.17808320866253e-16,14.9889473684211,0,90
436,50.8000000000005,5,642.297343750007,0,0,15.1906250000001,0,0,0
436,50.8000000000005,6,1775.83693846061,0,0,0.3,0,0,0
436,50.9000000000005,1,610.679872342719,5.28063654002079e-46,0,14.6848937832788,-7.96557466056106e-46,0,-3.10791358917545e-45
436,50.9000000000005,2,572,99.8214320987663,0,2.47106509694611e-16,4.03555555555538,0,90
436,50.9000000000005,3,1182,99.9692315541618,0,4.28604511008733e-16,6.99964285714288,0,90
436,50.9000000000005,4,1182,99.7450332409986,0,9.17808320866253e-16,14.9889473684211,0,90
436,50.9000000000005,5,643.817500000007,0,0,15.2125000000001,0,0,0
436,50.9000000000005,6,1775.83693846061,0,0,0.3,0,0,0
436,51.0000000000005,1,612.149470982986,4.07266845272781e-46,0,14.7070790220597,-1.64457010437343e-45,0,-6.4069096217306e-45
436,51.0000000000005,2,572,99.8214320987663,0,2.47106509694611e-16,4.03555555555538,0,90
436,51.0000000000005,3,1182,99.9692315541618,0,4.28604511008733e-16,6.99964285714288,0,90
436,51.0000000000005,4,1182,99.7450332409986,0,9.17808320866253e-16,14.9889473684211,0,90
436,51.0000000000005,5,645.339843750007,0,0,15.2343750000001,0,0,0
436,51.0000000000005,6,1775.83693846061,0,0,0.3,0,0,0
436,51.1000000000005,1,613.621288147131,1.94088993320089e-46,0,14.7292642608406,-2.64440210489801e-45,0,-1.02865341583273e-44
436,51.1000000000005,2,572,99.8214320987663,0,2.47106509694611e-16,4.03555555555538,0,90
436,51.1000000000005,3,1182,99.9692315541618,0,4.28604511008733e-16,6.99964285714288,0,90
436,51.1000000000005,4,1182,99.7450332409986,0,9.17808320866253e-16,14.9889473684211,0,90
436,51.1000000000005,5,646.864375000007,0,0,15.2562500000001,0,0,0
436,51.1000000000005,6,1775.83693846061,0,0,0.3,0,0,0
436,51.2000000000005,1,615.095344669609,-1.26213705355096e-46,0,14.7526277314599,-3.75438320385014e-45,0,-1.45811523323872e-44
436,51.2000000000005,2,572,99.8214320987663,0,2.47106509694611e-16,4.03555555555538,0,90
436,51.2000000000005,3,1182,99.9692315541618,0,4.28604511008733e-16,6.99964285714288,0,90
436,51.2000000000005,4,1182,99.7450332409986,0,9.17808320866253e-16,14.9889473684211,0,90
436,51.2000000000005,5,648.391093750007,0,0,15.2781250000001,0,0,0
436,51.2000000000005,6,1775.83693846061,0,0,0.3,0,0,0
436,51.3000000000005,1,616.571883283364,-5.41933327527081e-46,0,14.7781445436481,-4.46965704111379e-45,0,-1.73291365211896e-44
436,51.3000000000005,2,572,99.8214320987663,0,2.47106509694611e-16,4.03555555555538,0,90
436,51.3000000000005,3,1182,99.9692315541618,0,4.28604511008733e-16,6.99964285714288,0,90
436,51.3000000000005,4,1182,99.7450332409986,0,9.17808320866253e-16,14.9889473684211,0,90
436,51.3000000000005,5,649.920000000007,0,0,15.3000000000001,0,0,0
436,51.3000000000005,6,1775.83693846061,0,0,0.3,0,0,0
436,51.4000000000005,1,618.050973578338,-1.00198033752145e-45,0,14.8036613558364,-4.63998678098662e-45,0,-1.79585072339022e-44
436,51.4000000000005,2,572,99.8214320987663,0,2.47106509694611e-16,4.03555555555538,0,90
436,51.4000000000005,3,1182,99.9692315541618,0,4.28604511008733e-16,6.99964285714288,0,90
436,51.4000000000005,4,1182,99.7450332409986,0,9.17808320866253e-16,14.9889473684211,0,90
436,51.4000000000005,5,651.451093750007,0,0,15.3218750000001,0,0,0
436,51.4000000000005,6,1775.83693846061,0,0,0.3,0,0,0
436,51.5000000000005,1,619.532615554532,-1.45157666374525e-45,0,14.8291781680246,-4.25969510437753e-45,0,-1.64582655038586e-44
436,51.5000000000005,2,572,99.8214320987663,0,2.47106509694611e-16,4.03555555555538,0,90
436,51.5000000000005,3,1182,99.9692315541618,0,4.28604511008733e-16,6.99964285714288,0,90
436,51.5000000000005,4,1182,99.7450332409986,0,9.17808320866253e-16,14.9889473684211,0,90
436,51.5000000000005,5,652.984375000007,0,0,15.3437500000001,0,0,0
436,51.5000000000005,6,1775.83693846061,0,0,0.3,0,0,0
436,51.6000000000005,1,621.016809211943,-1.83537527738816e-45,0,14.8546949802128,-3.3230801789886e-45,0,-1.2817393389312e-44
436,51.6000000000005,2,572,99.8214320987663,0,2.47106509694611e-16,4.03555555555538,0,90
436,51.6000000000005,3,1182,99.9692315541618,0,4.28604511008733e-16,6.99964285714288,0,90
436,51.6000000000005,4,1182,99.7450332409986,0,9.17808320866253e-16,14.9889473684211,0,90
436,51.6000000000005,5,654.519843750007,0,0,15.3656250000001,0,0,0
436,51.6000000000005,6,1775.83693846061,0,0,0.3,0,0,0
436,51.7000000000005,1,622.503554550574,-2.09745773898919e-45,0,14.880211792401,-1.82441561706214e-45,0,-7.02485397343593e-45
436,51.7000000000005,2,572,99.8214320987663,0,2.47106509694611e-16,4.03555555555538,0,90
436,51.7000000000005,3,1182,99.9692315541618,0,4.28604511008733e-16,6.99964285714288,0,90
436,51.7000000000005,4,1182,99.7450332409986,0,9.17808320866253e-16,14.9889473684211,0,90
436,51.7000000000005,5,656.057500000007,0,0,15.3875000000001,0,0,0
436,51.7000000000005,6,1775.83693846061,0,0,0.3,0,0,0
436,51.8000000000005,1,623.992851570424,-2.18133174077806e-45,0,14.9057286045892,2.4204956687235e-46,0,9.30408635676177e-46
436,51.8000000000005,2,572,99.8214320987663,0,2.47106509694611e-16,4.03555555555538,0,90
436,51.8000000000005,3,1182,99.9692315541618,0,4.28604511008733e-16,6.99964285714288,0,90
436,51.8000000000005,4,1182,99.7450332409986,0,9.17808320866253e-16,14.9889473684211,0,90
436,51.8000000000005,5,657.597343750007,0,0,15.4093750000001,0,0,0
436,51.8000000000005,6,1775.83693846061,0,0,0.3,0,0,0
436,51.9000000000005,1,625.484700271492,-2.02992864479126e-45,0,14.9312454167774,2.8820909982511e-45,0,1.10594693050109e-44
436,51.9000000000005,2,572,99.8214320987663,0,2.47106509694611e-16,4.03555555555538,0,90
436,51.9000000000005,3,1182,99.9692315541618,0,4.28604511008733e-16,6.99964285714288,0,90
436,51.9000000000005,4,1182,99.7450332409986,0,9.17808320866253e-16,14.9889473684211,0,90
436,51.9000000000005,5,659.139375000007,0,0,15.4312500000001,0,0,0
436,51.9000000000005,6,1775.83693846061,0,0,0.3,0,0,0
436,52.0000000000005,1,626.979100653779,-1.58560101676283e-45,0,14.9567622289657,6.10150898472912e-45,0,2.33734218766348e-44
436,52.0000000000005,2,572,99.8214320987663,0,2.47106509694611e-16,4.03555555555538,0,90
436,52.0000000000005,3,1182,99.9692315541618,0,4.28604511008733e-16,6.99964285714288,0,90
436,52.0000000000005,4,1182,99.7450332409986,0,9.17808320866253e-16,14.9889473684211,0,90
436,52.0000000000005,5,660.683593750007,0,0,15.4531250000001,0,0,0
436,52.0000000000005,6,1775.83693846061,0,0,0.3,0,0,0
436,52.1000000000005,1,628.476052717285,-7.90120155789804e-46,0,14.9822790411539,9.90612855843313e-45,0,3.78833791676944e-44
436,52.1000000000005,2,572,99.8214320987663,0,2.47106509694611e-16,4.03555555555538,0,90
436,52.1000000000005,3,1182,99.9692315541618,0,4.28604511008733e-16,6.99964285714288,0,90
436,52.1000000000005,4,1182,99.7450332409986,0,9.17808320866253e-16,14.9889473684211,0,90
436,52.1000000000005,5,662.230000000007,0,0,15.4750000000001,0,0,0
436,52.1000000000005,6,1775.83693846061,0,0,0.3,0,0,0
436,52.2000000000005,1,629.975437373213,4.13933076496318e-46,0,15,1.41683298800839e-44,0,5.41190336585267e-44
436,52.2000000000005,2,572,99.8214320987663,0,2.47106509694611e-16,4.03555555555538,0,90
436,52.2000000000005,3,1182,99.9692315541618,0,4.28604511008733e-16,6.99964285714288,0,90
436,52.2000000000005,4,1182,99.7450332409986,0,9.17808320866253e-16,14.9889473684211,0,90
436,52.2000000000005,5,663.778593750007,0,0,15.4968750000001,0,0,0
436,52.2000000000005,6,1775.83693846061,0,0,0.3,0,0,0
436,52.3000000000005,1,631.475437373213,1.98748831350521e-45,0,15,1.69493610499964e-44,0,6.4741790240548e-44
436,52.3000000000005,2,572,99.8214320987663,0,2.47106509694611e-16,4.03555555555538,0,90
436,52.3000000000005,3,1182,99.9692315541618,0,4.28604511008733e-16,6.99964285714288,0,90
436,52.3000000000005,4,1182,99.7450332409986,0,9.17808320866253e-16,14.9889473684211,0,90
436,52.3000000000005,5,665.329375000007,0,0,15.5187500000001,0,0,0
436,52.3000000000005,6,1775.83693846061,0,0,0.3,0,0,0
436,52.4000000000005,1,632.975437373213,3.73312252447623e-45,0,15,1.76099093593265e-44,0,6.72648989264892e-44
436,52.4000000000005,2,572,99.8214320987663,0,2.47106509694611e-16,4.03555555555538,0,90
436,52.4000000000005,3,1182,99.9692315541618,0,4.28604511008733e-16,6.99964285714288,0,90
436,52.4000000000005,4,1182,99.7450332409986,0,9.17808320866253e-16,14.9889473684211,0,90
436,52.4000000000005,5,666.882343750007,0,0,15.5406250000001,0,0,0
436,52.4000000000005,6,1775.83693846061,0,0,0.3,0,0,0
436,52.5000000000005,1,634.475437373213,5.43878742335115e-45,0,15,1.61499748080742e-44,0,6.16883597163503e-44
436,52.5000000000005,2,572,99.8214320987663,0,2.47106509694611e-16,4.03555555555538,0,90
436,52.5000000000005,3,1182,99.9692315541618,0,4.28604511008733e-16,6.99964285714288,0,90
436,52.5000000000005,4,1182,99.7450332409986,0,9.17808320866253e-16,14.9889473684211,0,90
436,52.5000000000005,5,668.437500000007,0,0,15.5625000000001,0,0,0
436,52.5000000000005,6,1775.83693846061,0,0,0.3,0,0,0
436,52.6000000000005,1,635.975437373213,6.8924347240717e-45,0,15,1.25695573962395e-44,0,4.80121726101313e-44
436,52.6000000000005,2,572,99.8214320987663,0,2.47106509694611e-16,4.03555555555538,0,90
436,52.6000000000005,3,1182,99.9692315541618,0,4.28604511008733e-16,6.99964285714288,0,90
436,52.6000000000005,4,1182,99.7450332409986,0,9.17808320866253e-16,14.9889473684211,0,90
436,52.6000000000005,5,669.994843750007,0,0,15.5843750000001,0,0,0
436,52.6000000000005,6,1775.83693846061,0,0,0.3,0,0,0
436,52.7000000000005,1,637.475437373213,7.88201614057966e-45,0,15,6.86865712382228e-45,0,2.62363376078322e-44
436,52.7000000000005,2,572,99.8214320987663,0,2.47106509694611e-16,4.03555555555538,0,90
436,52.7000000000005,3,1182,99.9692315541618,0,4.28604511008733e-16,6.99964285714288,0,90
436,52.7000000000005,4,1182,99.7450332409986,0,9.17808320866253e-16,14.9889473684211,0,90
436,52.7000000000005,5,671.554375000007,0,0,15.6062500000001,0,0,0
436,52.7000000000005,6,1775.83693846061,0,0,0.3,0,0,0
436,52.8000000000005,1,638.975437373213,8.19548338681677e-45,0,15,-9.5272600917733e-46,0,-3.63914529054688e-45
436,52.8000000000005,2,572,99.8214320987663,0,2.47106509694611e-16,4.03555555555538,0,90
436,52.8000000000005,3,1182,99.9692315541618,0,4.28604511008733e-16,6.99964285714288,0,90
436,52.8000000000005,4,1182,99.7450332409986,0,9.17808320866253e-16,14.9889473684211,0,90
436,52.8000000000005,5,673.116093750008,0,0,15.6281250000001,0,0,0
436,52.8000000000005,6,1775.83693846061,0,0,0.3,0,0,0
436,52.9000000000005,1,640.475437373213,7.62078817672478e-45,0,15,-1.08945920027594e-44,0,-4.16142760850061e-44
436,52.9000000000005,2,572,99.8214320987663,0,2.47106509694611e-16,4.03555555555538,0,90
436,52.9000000000005,3,1182,99.9692315541618,0,4.28604511008733e-16,6.99964285714288,0,90
436,52.9000000000005,4,1182,99.7450332409986,0,9.17808320866253e-16,14.9889473684211,0,90
436,52.9000000000005,5,674.680000000008,0,0,15.6500000000001,0,0,0
436,52.9000000000005,6,1775.83693846061,0,0,0.3,0,0,0
436,53.0000000000005,1,641.975437373213,5.94588222424545e-45,0,15,-2.29569408569239e-44,0,-8.76890547755454e-44
436,53.0000000000005,2,572,99.8214320987663,0,2.47106509694611e-16,4.03555555555538,0,90
436,53.0000000000005,3,1182,99.9692315541618,0,4.28604511008733e-16,6.99964285714288,0,90
436,53.0000000000005,4,1182,99.7450332409986,0,9.17808320866253e-16,14.9889473684211,0,90
436,53.0000000000005,5,676.246093750008,0,0,15.6718750000001,0,0,0
436,53.0000000000005,6,1775.83693846061,0,0,0.3,0,0,0
436,53.1000000000005,1,643.475437373213,2.95871724332052e-45,0,15,-3.71397725716708e-44,0,-1.41863481362165e-43
436,53.1000000000005,2,572,99.8214320987663,0,2.47106509694611e-16,4.03555555555538,0,90
436,53.1000000000005,3,1182,99.9692315541618,0,4.28604511008733e-16,6.99964285714288,0,90
436,53.1000000000005,4,1182,99.7450332409986,0,9.17808320866253e-16,14.9889473684211,0,90
436,53.1000000000005,5,677.814375000008,0,0,15.6937500000001,0,0,0
436,53.1000000000005,6,1775.83693846061,0,0,0.3,0,0,0
436,53.2000000000005,1,644.975437373213,-1.54798814653282e-45,0,15,-5.29750066343824e-44,0,-2.0234961998851e-43
436,53.2000000000005,2,572,99.8214320987663,0,2.47106509694611e-16,4.03555555555538,0,90
436,53.2000000000005,3,1182,99.9692315541618,0,4.28604511008733e-16,6.99964285714288,0,90
436,53.2000000000005,4,1182,99.7450332409986,0,9.17808320866253e-16,14.9889473684211,0,90
436,53.2000000000005,5,679.384843750008,0,0,15.7156250000001,0,0,0
436,53.2000000000005,6,1775.83693846061,0,0,0.3,0,0,0
436,53.3000000000005,1,646.475437373213,-7.42864223347569e-45,0,15,-6.33199179480512e-44,0,-2.41864270502534e-43
436,53.3000000000005,2,572,99.8214320987663,0,2.47106509694611e-16,4.03555555555538,0,90
436,53.3000000000005,3,1182,99.9692315541618,0,4.28604511008733e-16,6.99964285714288,0,90
436,53.3000000000005,4,1182,99.7450332409986,0,9.17808320866253e-16,14.9889473684211,0,90
436,53.3000000000005,5,680.957500000008,0,0,15.7375000000001,0,0,0
436,53.3000000000005,6,1775.83693846061,0,0,0.3,0,0,0
436,53.4000000000005,1,647.975437373213,-1.39483403048588e-44,0,15,-6.57558863231873e-44,0,-2.51168984297376e-43
436,53.4000000000005,2,572,99.8214320987663,0,2.47106509694611e-16,4.03555555555538,0,90
436,53.4000000000005,3,1182,99.9692315541618,0,4.28604511008733e-16,6.99964285714288,0,90
436,53.4000000000005,4,1182,99.7450332409986,0,9.17808320866253e-16,14.9889473684211,0,90
436,53.4000000000005,5,682.532343750008,0,0,15.7593750000001,0,0,0
436,53.4000000000005,6,1775.83693846061,0,0,0.3,0,0,0
436,53.5000000000005,1,649.475437373213,-2.03161880668289e-44,0,15,-6.02829117597908e-44,0,-2.30263761373038e-43
436,53.5000000000005,2,572,99.8214320987663,0,2.47106509694611e-16,4.03555555555538,0,90
436,53.5000000000005,3,1182,99.9692315541618,0,4.28604511008733e-16,6.99964285714288,0,90
436,53.5000000000005,4,1182,99.7450332409986,0,9.17808320866253e-16,14.9889473684211,0,90
436,53.5000000000005,5,684.109375000008,0,0,15.7812500000001,0,0,0
436,53.5000000000005,6,1775.83693846061,0,0,0.3,0,0,0
436,53.6000000000005,1,650.975437373213,-2.57412912255327e-44,0,15,-4.69009942578616e-44,0,-1.79148601729518e-43
436,53.6000000000005,2,572,99.8214320987663,0,2.47106509694611e-16,4.03555555555538,0,90
436,53.6000000000005,3,1182,99.9692315541618,0,4.28604511008733e-16,6.99964285714288,0,90
436,53.6000000000005,4,1182,99.7450332409986,0,9.17808320866253e-16,14.9889473684211,0,90
436,53.6000000000005,5,685.688593750008,0,0,15.8031250000001,0,0,0
436,53.6000000000005,6,1775.83693846061,0,0,0.3,0,0,0
436,53.7000000000005,1,652.475437373213,-2.94327554871169e-44,0,15,-2.56101338173997e-44,0,-9.78235053668177e-44
436,53.7000000000005,2,572,99.8214320987663,0,2.47106509694611e-16,4.03555555555538,0,90
436,53.7000000000005,3,1182,99.9692315541618,0,4.28604511008733e-16,6.99964285714288,0,90
436,53.7000000000005,4,1182,99.7450332409986,0,9.17808320866253e-16,14.9889473684211,0,90
436,53.7000000000005,5,687.270000000008,0,0,15.8250000000001,0,0,0
436,53.7000000000005,6,1775.83693846061,0,0,0.3,0,0,0
436,53.8000000000005,1,653.975437373213,-3.05996865577283e-44,0,15,3.58966956159487e-45,0,1.37115277150642e-44
436,53.8000000000005,2,572,99.8214320987663,0,2.47106509694611e-16,4.03555555555538,0,90
436,53.8000000000005,3,1182,99.9692315541618,0,4.28604511008733e-16,6.99964285714288,0,90
436,53.8000000000005,4,1182,99.7450332409986,0,9.17808320866253e-16,14.9889473684211,0,90
436,53.8000000000005,5,688.853593750008,0,0,15.8468750000001,0,0,0
436,53.8000000000005,6,1775.83693846061,0,0,0.3,0,0,0
436,53.9000000000005,1,655.475437373213,-2.84511901435135e-44,0,15,4.06984158791221e-44,0,1.55456497516127e-43
436,53.9000000000005,2,572,99.8214320987663,0,2.47106509694611e-16,4.03555555555538,0,90
436,53.9000000000005,3,1182,99.9692315541618,0,4.28604511008733e-16,6.99964285714288,0,90
436,53.9000000000005,4,1182,99.7450332409986,0,9.17808320866253e-16,14.9889473684211,0,90
436,53.9000000000005,5,690.439375000008,0,0,15.8687500000001,0,0,0
436,53.9000000000005,6,1775.83693846061,0,0,0.3,0,0,0
436,54.0000000000005,1,656.975437373213,-2.21963719506193e-44,0,15,8.5716105135182e-44,0,3.27411404036371e-43
436,54.0000000000005,2,572,99.8214320987663,0,2.47106509694611e-16,4.03555555555538,0,90
436,54.0000000000005,3,1182,99.9692315541618,0,4.28604511008733e-16,6.99964285714288,0,90
436,54.0000000000005,4,1182,99.7450332409986,0,9.17808320866253e-16,14.9889473684211,0,90
436,54.0000000000005,5,692.027343750008,0,0,15.8906250000001,0,0,0
436,54.0000000000005,6,1775.83693846061,0,0,0.3,0,0,0
436,54.1000000000005,1,658.475437373213,-1.10443376851925e-44,0,15,1.38642737329775e-43,0,5.29576247275797e-43
436,54.1000000000005,2,572,99.8214320987663,0,2.47106509694611e-16,4.03555555555538,0,90
436,54.1000000000005,3,1182,99.9692315541618,0,4.28604511008733e-16,6.99964285714288,0,90
436,54.1000000000005,4,1182,99.7450332409986,0,9.17808320866253e-16,14.9889473684211,0,90
436,54.1000000000005,5,693.617500000008,0,0,15.9125000000001,0,0,0
436,54.1000000000005,6,1775.83693846061,0,0,0.3,0,0,0
436,54.2000000000005,1,659.975437373213,5.77801950963755e-45,0,15,1.97731696657452e-43,0,7.55279446295537e-43
436,54.2000000000005,2,572,99.8214320987663,0,2.47106509694611e-16,4.03555555555538,0,90
436,54.2000000000005,3,1182,99.9692315541618,0,4.28604511008733e-16,6.99964285714288,0,90
436,54.2000000000005,4,1182,99.7450332409986,0,9.17808320866253e-16,14.9889473684211,0,90
436,54.2000000000005,5,695.209843750008,0,0,15.9343750000001,0,0,0
436,54.2000000000005,6,1775.83693846061,0,0,0.3,0,0,0
436,54.3000000000005,1,661.475437373213,2.77270806204006e-44,0,15,2.36330310742211e-43,0,9.02715291769595e-43
436,54.3000000000005,2,572,99.8214320987663,0,2.47106509694611e-16,4.03555555555538,0,90
436,54.3000000000005,3,1182,99.9692315541618,0,4.28604511008733e-16,6.99964285714288,0,90
436,54.3000000000005,4,1182,99.7450332409986,0,9.17808320866253e-16,14.9889473684211,0,90
436,54.3000000000005,5,696.804375000008,0,0,15.9562500000001,0,0,0
436,54.3000000000005,6,1775.83693846061,0,0,0.3,0,0,0
436,54.4000000000005,1,662.975437373213,5.20602386949621e-44,0,15,2.45413635933421e-43,0,9.3741103826301e-43
436,54.4000000000005,2,572,99.8214320987663,0,2.47106509694611e-16,4.03555555555538,0,90
436,54.4000000000005,3,1182,99.9692315541618,0,4.28604511008733e-16,6.99964285714288,0,90
436,54.4000000000005,4,1182,99.7450332409986,0,9.17808320866253e-16,14.9889473684211,0,90
436,54.4000000000005,5,698.401093750008,0,0,15.9781250000001,0,0,0
436,54.4000000000005,6,1775.83693846061,0,0,0.3,0,0,0
436,54.5000000000005,1,664.475437373213,7.58259648439672e-44,0,15,2.24981672231083e-43,0,8.59366685775781e-43
436,54.5000000000005,2,572,99.8214320987663,0,2.47106509694611e-16,4.03555555555538,0,90
436,54.5000000000005,3,1182,99.9692315541618,0,4.28604511008733e-16,6.99964285714288,0,90
436,54.5000000000005,4,1182,99.7450332409986,0,9.17808320866253e-16,14.9889473684211,0,90
436,54.5000000000005,5,700.000000000008,0,0,16,0,0,0
436,54.5000000000005,6,1775.83693846061,0,0,0.3,0,0,0
436,54.6000000000005,1,665.975437373213,9.60727301780611e-44,0,15,1.75034419635198e-43,0,6.68582234307907e-43
436,54.6000000000005,2,572,99.8214320987663,0,2.47106509694611e-16,4.03555555555538,0,90
436,54.6000000000005,3,1182,99.9692315541618,0,4.28604511008733e-16,6.99964285714288,0,90
436,54.6000000000005,4,1182,99.7450332409986,0,9.17808320866253e-16,14.9889473684211,0,90
436,54.6000000000005,5,701.599812500008,0,0,15.99625,0,0,0
436,54.6000000000005,6,1775.83693846061,0,0,0.3,0,0,0
436,54.7000000000005,1,667.475437373213,1.09849005807889e-43,0,15,9.55718781457637e-44,0,3.6505768385939e-43
436,54.7000000000005,2,572,99.8214320987663,0,2.47106509694611e-16,4.03555555555538,0,90
436,54.7000000000005,3,1182,99.9692315541618,0,4.28604511008733e-16,6.99964285714288,0,90
436,54.7000000000005,4,1182,99.7450332409986,0,9.17808320866253e-16,14.9889473684211,0,90
436,54.7000000000005,5,703.199250000008,0,0,15.9925,0,0,0
436,54.7000000000005,6,1775.83693846061,0,0,0.3,0,0,0
436,54.8000000000005,1,668.975437373213,1.14203262844096e-43,0,15,-1.34059522372183e-44,0,-5.12069655697716e-44
436,54.8000000000005,2,572,99.8214320987663,0,2.47106509694611e-16,4.03555555555538,0,90
436,54.8000000000005,3,1182,99.9692315541618,0,4.28604511008733e-16,6.99964285714288,0,90
436,54.8000000000005,4,1182,99.7450332409986,0,9.17808320866253e-16,14.9889473684211,0,90
436,54.8000000000005,5,704.798312500008,0,0,15.98875,0,0,0
436,54.8000000000005,6,1775.83693846061,0,0,0.3,0,0,0
436,54.9000000000005,1,670.475437373213,1.06183972397327e-43,0,15,-1.51899071513749e-43,0,-5.80211713979578e-43
436,54.9000000000005,2,572,99.8214320987663,0,2.47106509694611e-16,4.03555555555538,0,90
436,54.9000000000005,3,1182,99.9692315541618,0,4.28604511008733e-16,6.99964285714288,0,90
436,54.9000000000005,4,1182,99.7450332409986,0,9.17808320866253e-16,14.9889473684211,0,90
436,54.9000000000005,5,706.397000000008,0,0,15.985,0,0,0
436,54.9000000000005,6,1775.83693846061,0,0,0.3,0,0,0
436,55.0000000000005,1,671.975437373214,8.28396055782274e-44,0,15,-3.19907479683827e-43,0,-1.22195656137003e-42
436,55.0000000000005,2,572,99.8214320987663,0,2.47106509694611e-16,4.03555555555538,0,90
436,55.0000000000005,3,1182,99.9692315541618,0,4.28604511008733e-16,6.99964285714288,0,90
436,55.0000000000005,4,1182,99.7450332409986,0,9.17808320866253e-16,14.9889473684211,0,90
436,55.0000000000005,5,707.995312500008,0,0,15.98125,0,0,0
436,55.0000000000005,6,1775.83693846061,0,0,0.3,0,0,0
436,55.1000000000005,1,673.475437373214,4.12186334974423e-44,0,15,-5.17431176747453e-43,0,-1.97644150774112e-42
436,55.1000000000005,2,572,99.8214320987663,0,2.47106509694611e-16,4.03555555555538,0,90
436,55.1000000000005,3,1182,99.9692315541618,0,4.28604511008733e-16,6.99964285714288,0,90
436,55.1000000000005,4,1182,99.7450332409986,0,9.17808320866253e-16,14.9889473684211,0,90
436,55.1000000000005,5,709.593250000008,0,0,15.9775,0,0,0
436,55.1000000000005,6,1775.83693846061,0,0,0.3,0,0,0
436,55.2000000000005,1,674.975437373214,-2.1564089892027e-44,0,15,-7.37951779995449e-43,0,-2.81876816519373e-42
436,55.2000000000005,2,572,99.8214320987663,0,2.47106509694611e-16,4.03555555555538,0,90
436,55.2000000000005,3,1182,99.9692315541618,0,4.28604511008733e-16,6.99964285714288,0,90
436,55.2000000000005,4,1182,99.7450332409986,0,9.17808320866253e-16,14.9889473684211,0,90
436,55.2000000000005,5,711.190812500008,0,0,15.97375,0,0,0
436,55.2000000000005,6,1775.83693846061,0,0,0.3,0,0,0
436,55.3000000000005,1,676.475437373214,-1.03479680248138e-43,0,15,-8.820013250208e-43,0,-3.36899689657588e-42
436,55.3000000000005,2,572,99.8214320987663,0,2.47106509694611e-16,4.03555555555538,0,90
436,55.3000000000005,3,1182,99.9692315541618,0,4.28604511008733e-16,6.99964285714288,0,90
436,55.3000000000005,4,1182,99.7450332409986,0,9.17808320866253e-16,14.9889473684211,0,90
436,55.3000000000005,5,712.788000000008,0,0,15.97,0,0,0
436,55.3000000000005,6,1775.83693846061,0,0,0.3,0,0,0
436,55.4000000000005,1,677.975437373214,-1.94292614475001e-43,0,15,-9.15898657410491e-43,0,-3.49847516875464e-42
436,55.4000000000005,2,572,99.8214320987663,0,2.47106509694611e-16,4.03555555555538,0,90
436,55.4000000000005,3,1182,99.9692315541618,0,4.28604511008733e-16,6.99964285714288,0,90
436,55.4000000000005,4,1182,99.7450332409986,0,9.17808320866253e-16,14.9889473684211,0,90
436,55.4000000000005,5,714.384812500008,0,0,15.96625,0,0,0
436,55.4000000000005,6,1775.83693846061,0,0,0.3,0,0,0
436,55.5000000000005,1,679.475437373214,-2.8298767130905e-43,0,15,-8.39643777164522e-43,0,-3.20720298173001e-42
436,55.5000000000005,2,572,99.8214320987663,0,2.47106509694611e-16,4.03555555555538,0,90
436,55.5000000000005,3,1182,99.9692315541618,0,4.28604511008733e-16,6.99964285714288,0,90
436,55.5000000000005,4,1182,99.7450332409986,0,9.17808320866253e-16,14.9889473684211,0,90
436,55.5000000000005,5,715.981250000008,0,0,15.9625,0,0,0
436,55.5000000000005,6,1775.83693846061,0,0,0.3,0,0,0
436,55.6000000000005,1,680.975437373214,-3.58549629486719e-43,0,15,-6.53236684282895e-43,0,-2.49518033550198e-42
436,55.6000000000005,2,572,99.8214320987663,0,2.47106509694611e-16,4.03555555555538,0,90
436,55.6000000000005,3,1182,99.9692315541618,0,4.28604511008733e-16,6.99964285714288,0,90
436,55.6000000000005,4,1182,99.7450332409986,0,9.17808320866253e-16,14.9889473684211,0,90
436,55.6000000000005,5,717.577312500008,0,0,15.95875,0,0,0
436,55.6000000000005,6,1775.83693846061,0,0,0.3,0,0,0
436,55.7000000000005,1,682.475437373214,-4.09963267744442e-43,0,15,-3.56677378765607e-43,0,-1.36240723007056e-42
436,55.7000000000005,2,572,99.8214320987663,0,2.47106509694611e-16,4.03555555555538,0,90
436,55.7000000000005,3,1182,99.9692315541618,0,4.28604511008733e-16,6.99964285714288,0,90
436,55.7000000000005,4,1182,99.7450332409986,0,9.17808320866253e-16,14.9889473684211,0,90
436,55.7000000000005,5,719.173000000008,0,0,15.955,0,0,0
436,55.7000000000005,6,1775.83693846061,0,0,0.3,0,0,0
436,55.8000000000005,1,683.975437373214,-4.26213364818653e-43,0,15,5.00341393873398e-44,0,1.91116334564257e-43
436,55.8000000000005,2,572,99.8214320987663,0,2.47106509694611e-16,4.03555555555538,0,90
436,55.8000000000005,3,1182,99.9692315541618,0,4.28604511008733e-16,6.99964285714288,0,90
436,55.8000000000005,4,1182,99.7450332409986,0,9.17808320866253e-16,14.9889473684211,0,90
436,55.8000000000005,5,720.768312500008,0,0,15.95125,0,0,0
436,55.8000000000005,6,1775.83693846061,0,0,0.3,0,0,0
436,55.9000000000005,1,685.475437373214,-3.96284699445785e-43,0,15,5.66897870175946e-43,0,2.16539035840246e-42
436,55.9000000000005,2,572,99.8214320987663,0,2.47106509694611e-16,4.03555555555538,0,90
436,55.9000000000005,3,1182,99.9692315541618,0,4.28604511008733e-16,6.99964285714288,0,90
436,55.9000000000005,4,1182,99.7450332409986,0,9.17808320866253e-16,14.9889473684211,0,90
436,55.9000000000005,5,722.363250000008,0,0,15.9475,0,0,0
436,55.9000000000005,6,1775.83693846061,0,0,0.3,0,0,0
436,56.0000000000005,1,686.975437373214,-3.09162050362273e-43,0,15,1.19391381360021e-42,0,4.56041484144407e-42
436,56.0000000000005,2,572,99.8214320987663,0,2.47106509694611e-16,4.03555555555538,0,90
436,56.0000000000005,3,1182,99.9692315541618,0,4.28604511008733e-16,6.99964285714288,0,90
436,56.0000000000005,4,1182,99.7450332409986,0,9.17808320866253e-16,14.9889473684211,0,90
436,56.0000000000005,5,723.957812500008,0,0,15.94375,0,0,0
436,56.0000000000005,6,1775.83693846061,0,0,0.3,0,0,0
436,56.1000000000005,1,688.475437373214,-1.53830196304551e-43,0,15,1.93108196966014e-42,0,7.37618978368906e-42
436,56.1000000000005,2,572,99.8214320987663,0,2.47106509694611e-16,4.03555555555538,0,90
436,56.1000000000005,3,1182,99.9692315541618,0,4.28604511008733e-16,6.99964285714288,0,90
436,56.1000000000005,4,1182,99.7450332409986,0,9.17808320866253e-16,14.9889473684211,0,90
436,56.1000000000005,5,725.552000000008,0,0,15.94,0,0,0
436,56.1000000000005,6,1775.83693846061,0,0,0.3,0,0,0
436,56.2000000000005,1,689.975437373214,8.04783400585066e-44,0,15,2.75407542332443e-42,0,1.05197932144797e-41
436,56.2000000000005,2,572,99.8214320987663,0,2.47106509694611e-16,4.03555555555538,0,90
436,56.2000000000005,3,1182,99.9692315541618,0,4.28604511008733e-16,6.99964285714288,0,90
436,56.2000000000005,4,1182,99.7450332409986,0,9.17808320866253e-16,14.9889473684211,0,90
436,56.2000000000005,5,727.145812500008,0,0,15.93625,0,0,0
436,56.2000000000005,6,1775.83693846061,0,0,0.3,0,0,0
436,56.3000000000005,1,691.475437373214,3.86191640372193e-43,0,15,3.29167498934102e-42,0,1.2573272294534e-41
436,56.3000000000005,2,572,99.8214320987663,0,2.47106509694611e-16,4.03555555555538,0,90
436,56.3000000000005,3,1182,99.9692315541618,0,4.28604511008733e-16,6.99964285714288,0,90
436,56.3000000000005,4,1182,99.7450332409986,0,9.17808320866253e-16,14.9889473684211,0,90
436,56.3000000000005,5,728.739250000008,0,0,15.9325,0,0,0
436,56.3000000000005,6,1775.83693846061,0,0,0.3,0,0,0
436,56.4000000000005,1,692.975437373214,7.25110219205084e-43,0,15,3.41818099370852e-42,0,1.30564896367555e-41
436,56.4000000000005,2,572,99.8214320987663,0,2.47106509694611e-16,4.03555555555538,0,90
436,56.4000000000005,3,1182,99.9692315541618,0,4.28604511008733e-16,6.99964285714288,0,90
436,56.4000000000005,4,1182,99.7450332409986,0,9.17808320866253e-16,14.9889473684211,0,90
436,56.4000000000005,5,730.332312500008,0,0,15.92875,0,0,0
436,56.4000000000005,6,1775.83693846061,0,0,0.3,0,0,0
436,56.5000000000005,1,694.475437373214,1.05612472039227e-42,0,15,3.13359343642693e-42,0,1.1969445241144e-41
436,56.5000000000005,2,572,99.8214320987663,0,2.47106509694611e-16,4.03555555555538,0,90
436,56.5000000000005,3,1182,99.9692315541618,0,4.28604511008733e-16,6.99964285714288,0,90
436,56.5000000000005,4,1182,99.7450332409986,0,9.17808320866253e-16,14.9889473684211,0,90
436,56.5000000000005,5,731.925000000008,0,0,15.925,0,0,0
436,56.5000000000005,6,1775.83693846061,0,0,0.3,0,0,0
436,56.6000000000005,1,695.975437373214,1.33812578776884e-42,0,15,2.43791231749625e-42,0,9.31213910769953e-42
436,56.6000000000005,2,572,99.8214320987663,0,2.47106509694611e-16,4.03555555555538,0,90
436,56.6000000000005,3,1182,99.9692315541618,0,4.28604511008733e-16,6.99964285714288,0,90
436,56.6000000000005,4,1182,99.7450332409986,0,9.17808320866253e-16,14.9889473684211,0,90
436,56.6000000000005,5,733.517312500009,0,0,15.92125,0,0,0
436,56.6000000000005,6,1775.83693846061,0,0,0.3,0,0,0
436,56.7000000000005,1,697.475437373214,1.53000406516989e-42,0,15,1.33113763691649e-42,0,5.08457123642217e-42
436,56.7000000000005,2,572,99.8214320987663,0,2.47106509694611e-16,4.03555555555538,0,90
436,56.7000000000005,3,1182,99.9692315541618,0,4.28604511008733e-16,6.99964285714288,0,90
436,56.7000000000005,4,1182,99.7450332409986,0,9.17808320866253e-16,14.9889473684211,0,90
436,56.7000000000005,5,735.109250000009,0,0,15.9175,0,0,0
436,56.7000000000005,6,1775.83693846061,0,0,0.3,0,0,0
436,56.8000000000005,1,698.975437373214,1.59065019643051e-42,0,15,-1.86730605312367e-43,0,-7.1325837268812e-43
436,56.8000000000005,2,572,99.8214320987663,0,2.47106509694611e-16,4.03555555555538,0,90
436,56.8000000000005,3,1182,99.9692315541618,0,4.28604511008733e-16,6.99964285714288,0,90
436,56.8000000000005,4,1182,99.7450332409986,0,9.17808320866253e-16,14.9889473684211,0,90
436,56.8000000000005,5,736.700812500009,0,0,15.91375,0,0,0
436,56.8000000000005,6,1775.83693846061,0,0,0.3,0,0,0
436,56.9000000000005,1,700.475437373214,1.47895482538578e-42,0,15,-2.11569240919031e-42,0,-8.08134971963132e-42
436,56.9000000000005,2,572,99.8214320987663,0,2.47106509694611e-16,4.03555555555538,0,90
436,56.9000000000005,3,1182,99.9692315541618,0,4.28604511008733e-16,6.99964285714288,0,90
436,56.9000000000005,4,1182,99.7450332409986,0,9.17808320866253e-16,14.9889473684211,0,90
436,56.9000000000005,5,738.292000000009,0,0,15.91,0,0,0
436,56.9000000000005,6,1775.83693846061,0,0,0.3,0,0,0
436,57.0000000000005,1,701.975437373214,1.1538085958708e-42,0,15,-4.45574777471734e-42,0,-1.70197028044075e-41
436,57.0000000000005,2,572,99.8214320987663,0,2.47106509694611e-16,4.03555555555538,0,90
436,57.0000000000005,3,1182,99.9692315541618,0,4.28604511008733e-16,6.99964285714288,0,90
436,57.0000000000005,4,1182,99.7450332409986,0,9.17808320866253e-16,14.9889473684211,0,90
436,57.0000000000005,5,739.882812500009,0,0,15.90625,0,0,0
436,57.0000000000005,6,1775.83693846061,0,0,0.3,0,0,0
436,57.1000000000005,1,703.475437373214,5.74102151720663e-43,0,15,-7.20689670189346e-42,0,-2.75283176270165e-41
436,57.1000000000005,2,572,99.8214320987663,0,2.47106509694611e-16,4.03555555555538,0,90
436,57.1000000000005,3,1182,99.9692315541618,0,4.28604511008733e-16,6.99964285714288,0,90
436,57.1000000000005,4,1182,99.7450332409986,0,9.17808320866253e-16,14.9889473684211,0,90
436,57.1000000000005,5,741.473250000009,0,0,15.9025,0,0,0
436,57.1000000000005,6,1775.83693846061,0,0,0.3,0,0,0
436,57.2000000000005,1,704.975437373214,-3.00349270342134e-43,0,15,-1.02783499133026e-41,0,-3.92604046927263e-41
436,57.2000000000005,2,572,99.8214320987663,0,2.47106509694611e-16,4.03555555555538,0,90
436,57.2000000000005,3,1182,99.9692315541618,0,4.28604511008733e-16,6.99964285714288,0,90
436,57.2000000000005,4,1182,99.7450332409986,0,9.17808320866253e-16,14.9889473684211,0,90
436,57.2000000000005,5,743.063312500009,0,0,15.89875,0,0,0
436,57.2000000000005,6,1775.83693846061,0,0,0.3,0,0,0
436,57.3000000000005,1,706.475437373214,-1.44128688124079e-42,0,15,-1.22846986323434e-41,0,-4.69240922815608e-41
436,57.3000000000005,2,572,99.8214320987663,0,2.47106509694611e-16,4.03555555555538,0,90
436,57.3000000000005,3,1182,99.9692315541618,0,4.28604511008733e-16,6.99964285714288,0,90
436,57.3000000000005,4,1182,99.7450332409986,0,9.17808320866253e-16,14.9889473684211,0,90
436,57.3000000000005,5,744.653000000009,0,0,15.895,0,0,0
436,57.3000000000005,6,1775.83693846061,0,0,0.3,0,0,0
436,57.4000000000005,1,707.975437373214,-2.70614826234549e-42,0,15,-1.27568253174235e-41,0,-4.87274833782669e-41
436,57.4000000000005,2,572,99.8214320987663,0,2.47106509694611e-16,4.03555555555538,0,90
436,57.4000000000005,3,1182,99.9692315541618,0,4.28604511008733e-16,6.99964285714288,0,90
436,57.4000000000005,4,1182,99.7450332409986,0,9.17808320866253e-16,14.9889473684211,0,90
436,57.4000000000005,5,746.242312500009,0,0,15.89125,0,0,0
436,57.4000000000005,6,1775.83693846061,0,0,0.3,0,0,0
436,57.5000000000005,1,709.475437373214,-3.94151121026017e-42,0,15,-1.16947299685429e-41,0,-4.46705779828447e-41
436,57.5000000000005,2,572,99.8214320987663,0,2.47106509694611e-16,4.03555555555538,0,90
436,57.5000000000005,3,1182,99.9692315541618,0,4.28604511008733e-16,6.99964285714288,0,90
436,57.5000000000005,4,1182,99.7450332409986,0,9.17808320866253e-16,14.9889473684211,0,90
436,57.5000000000005,5,747.831250000009,0,0,15.8875,0,0,0
436,57.5000000000005,6,1775.83693846061,0,0,0.3,0,0,0
436,57.6000000000005,1,710.975437373214,-4.99395352158875e-42,0,15,-9.09841258570164e-42,0,-3.47533760952943e-41
436,57.6000000000005,2,572,99.8214320987663,0,2.47106509694611e-16,4.03555555555538,0,90
436,57.6000000000005,3,1182,99.9692315541618,0,4.28604511008733e-16,6.99964285714288,0,90
436,57.6000000000005,4,1182,99.7450332409986,0,9.17808320866253e-16,14.9889473684211,0,90
436,57.6000000000005,5,749.419812500009,0,0,15.88375,0,0,0
436,57.6000000000005,6,1775.83693846061,0,0,0.3,0,0,0
436,57.7000000000005,1,712.475437373214,-5.71005299293516e-42,0,15,-4.96787316889968e-42,0,-1.89758777156156e-41
436,57.7000000000005,2,572,99.8214320987663,0,2.47106509694611e-16,4.03555555555538,0,90
436,57.7000000000005,3,1182,99.9692315541618,0,4.28604511008733e-16,6.99964285714288,0,90
436,57.7000000000005,4,1182,99.7450332409986,0,9.17808320866253e-16,14.9889473684211,0,90
436,57.7000000000005,5,751.008000000009,0,0,15.88,0,0,0
436,57.7000000000005,6,1775.83693846061,0,0,0.3,0,0,0
436,57.8000000000006,1,713.975437373214,-5.93638742090334e-42,0,15,6.96888281862982e-43,0,2.66191715619148e-42
436,57.8000000000006,2,572,99.8214320987663,0,2.47106509694611e-16,4.03555555555538,0,90
436,57.8000000000006,3,1182,99.9692315541618,0,4.28604511008733e-16,6.99964285714288,0,90
436,57.8000000000006,4,1182,99.7450332409986,0,9.17808320866253e-16,14.9889473684211,0,90
436,57.8000000000006,5,752.595812500009,0,0,15.87625,0,0,0
436,57.8000000000006,6,1775.83693846061,0,0,0.3,0,0,0
436,57.9000000000006,1,715.475437373214,-5.51953460209721e-42,0,15,7.89587176658632e-42,0,3.01600085201268e-41
436,57.9000000000006,2,572,99.8214320987663,0,2.47106509694611e-16,4.03555555555538,0,90
436,57.9000000000006,3,1182,99.9692315541618,0,4.28604511008733e-16,6.99964285714288,0,90
436,57.9000000000006,4,1182,99.7450332409986,0,9.17808320866253e-16,14.9889473684211,0,90
436,57.9000000000006,5,754.183250000009,0,0,15.8725,0,0,0
436,57.9000000000006,6,1775.83693846061,0,0,0.3,0,0,0
436,58.0000000000006,1,716.975437373214,-4.3060723331207e-42,0,15,1.66290772852703e-41,0,6.35183963761904e-41
436,58.0000000000006,2,572,99.8214320987663,0,2.47106509694611e-16,4.03555555555538,0,90
436,58.0000000000006,3,1182,99.9692315541618,0,4.28604511008733e-16,6.99964285714288,0,90
436,58.0000000000006,4,1182,99.7450332409986,0,9.17808320866253e-16,14.9889473684211,0,90
436,58.0000000000006,5,755.770312500009,0,0,15.86875,0,0,0
436,58.0000000000006,6,1775.83693846061,0,0,0.3,0,0,0
436,58.1000000000006,1,718.475437373214,-2.14257841057773e-42,0,15,2.68965048379151e-41,0,1.02737080724382e-40
436,58.1000000000006,2,572,99.8214320987663,0,2.47106509694611e-16,4.03555555555538,0,90
436,58.1000000000006,3,1182,99.9692315541618,0,4.28604511008733e-16,6.99964285714288,0,90
436,58.1000000000006,4,1182,99.7450332409986,0,9.17808320866253e-16,14.9889473684211,0,90
436,58.1000000000006,5,757.357000000009,0,0,15.865,0,0,0
436,58.1000000000006,6,1775.83693846061,0,0,0.3,0,0,0
436,58.2000000000006,1,719.975437373214,1.12091874131053e-42,0,15,3.83593242298872e-41,0,1.4652182555643e-40
436,58.2000000000006,2,572,99.8214320987663,0,2.47106509694611e-16,4.03555555555538,0,90
436,58.2000000000006,3,1182,99.9692315541618,0,4.28604511008733e-16,6.99964285714288,0,90
436,58.2000000000006,4,1182,99.7450332409986,0,9.17808320866253e-16,14.9889473684211,0,90
436,58.2000000000006,5,758.943312500009,0,0,15.86125,0,0,0
436,58.2000000000006,6,1775.83693846061,0,0,0.3,0,0,0
436,58.3000000000006,1,721.475437373214,5.37895588459155e-42,0,15,4.5847119540033e-41,0,1.75123096831711e-40
436,58.3000000000006,2,572,99.8214320987663,0,2.47106509694611e-16,4.03555555555538,0,90
436,58.3000000000006,3,1182,99.9692315541618,0,4.28604511008733e-16,6.99964285714288,0,90
436,58.3000000000006,4,1182,99.7450332409986,0,9.17808320866253e-16,14.9889473684211,0,90
436,58.3000000000006,5,760.529250000009,0,0,15.8575,0,0,0
436,58.3000000000006,6,1775.83693846061,0,0,0.3,0,0,0
436,58.4000000000006,1,722.975437373214,1.00994828301775e-41,0,15,4.76091202759852e-41,0,1.81853443876311e-40
436,58.4000000000006,2,572,99.8214320987663,0,2.47106509694611e-16,4.03555555555538,0,90
436,58.4000000000006,3,1182,99.9692315541618,0,4.28604511008733e-16,6.99964285714288,0,90
436,58.4000000000006,4,1182,99.7450332409986,0,9.17808320866253e-16,14.9889473684211,0,90
436,58.4000000000006,5,762.114812500009,0,0,15.85375,0,0,0
436,58.4000000000006,6,1775.83693846061,0,0,0.3,0,0,0
436,58.5000000000006,1,724.475437373214,1.47099201206489e-41,0,15,4.36453264377437e-41,0,1.66712866690231e-40
436,58.5000000000006,2,572,99.8214320987663,0,2.47106509694611e-16,4.03555555555538,0,90
436,58.5000000000006,3,1182,99.9692315541618,0,4.28604511008733e-16,6.99964285714288,0,90
436,58.5000000000006,4,1182,99.7450332409986,0,9.17808320866253e-16,14.9889473684211,0,90
436,58.5000000000006,5,763.700000000009,0,0,15.85,0,0,0
436,58.5000000000006,6,1775.83693846061,0,0,0.3,0,0,0
436,58.6000000000006,1,725.975437373214,1.86376882985865e-41,0,15,3.39557380253085e-41,0,1.29701365273471e-40
436,58.6000000000006,2,572,99.8214320987663,0,2.47106509694611e-16,4.03555555555538,0,90
436,58.6000000000006,3,1182,99.9692315541618,0,4.28604511008733e-16,6.99964285714288,0,90
436,58.6000000000006,4,1182,99.7450332409986,0,9.17808320866253e-16,14.9889473684211,0,90
436,58.6000000000006,5,765.284812500009,0,0,15.84625,0,0,0
436,58.6000000000006,6,1775.83693846061,0,0,0.3,0,0,0
436,58.7000000000006,1,727.475437373214,2.13102079065709e-41,0,15,1.85403550386797e-41,0,7.08189396260306e-41
436,58.7000000000006,2,572,99.8214320987663,0,2.47106509694611e-16,4.03555555555538,0,90
436,58.7000000000006,3,1182,99.9692315541618,0,4.28604511008733e-16,6.99964285714288,0,90
436,58.7000000000006,4,1182,99.7450332409986,0,9.17808320866253e-16,14.9889473684211,0,90
436,58.7000000000006,5,766.869250000009,0,0,15.8425,0,0,0
436,58.7000000000006,6,1775.83693846061,0,0,0.3,0,0,0
436,58.8000000000006,1,728.975437373214,2.21548994871827e-41,0,15,-2.60082252214271e-42,0,-9.93441025208984e-42
436,58.8000000000006,2,572,99.8214320987663,0,2.47106509694611e-16,4.03555555555538,0,90
436,58.8000000000006,3,1182,99.9692315541618,0,4.28604511008733e-16,6.99964285714288,0,90
436,58.8000000000006,4,1182,99.7450332409986,0,9.17808320866253e-16,14.9889473684211,0,90
436,58.8000000000006,5,768.453312500009,0,0,15.83875,0,0,0
436,58.8000000000006,6,1775.83693846061,0,0,0.3,0,0,0
436,58.9000000000006,1,730.475437373214,2.05991835830026e-41,0,15,-2.94677946571588e-41,0,-1.1255868436089e-40
436,58.9000000000006,2,572,99.8214320987663,0,2.47106509694611e-16,4.03555555555538,0,90
436,58.9000000000006,3,1182,99.9692315541618,0,4.28604511008733e-16,6.99964285714288,0,90
436,58.9000000000006,4,1182,99.7450332409986,0,9.17808320866253e-16,14.9889473684211,0,90
436,58.9000000000006,5,770.037000000009,0,0,15.835,0,0,0
436,58.9000000000006,6,1775.83693846061,0,0,0.3,0,0,0
436,59.0000000000006,1,731.975437373214,1.60704807366111e-41,0,15,-6.20605613663685e-41,0,-2.37053882700371e-40
436,59.0000000000006,2,572,99.8214320987663,0,2.47106509694611e-16,4.03555555555538,0,90
436,59.0000000000006,3,1182,99.9692315541618,0,4.28604511008733e-16,6.99964285714288,0,90
436,59.0000000000006,4,1182,99.7450332409986,0,9.17808320866253e-16,14.9889473684211,0,90
436,59.0000000000006,5,771.620312500009,0,0,15.83125,0,0,0
436,59.0000000000006,6,1775.83693846061,0,0,0.3,0,0,0
436,59.1000000000006,1,733.475437373214,7.99621149058893e-42,0,15,-1.00379122649772e-40,0,-3.83420005270532e-40
436,59.1000000000006,2,572,99.8214320987663,0,2.47106509694611e-16,4.03555555555538,0,90
436,59.1000000000006,3,1182,99.9692315541618,0,4.28604511008733e-16,6.99964285714288,0,90
436,59.1000000000006,4,1182,99.7450332409986,0,9.17808320866253e-16,14.9889473684211,0,90
436,59.1000000000006,5,773.203250000009,0,0,15.8275,0,0,0
436,59.1000000000006,6,1775.83693846061,0,0,0.3,0,0,0
436,59.2000000000006,1,734.975437373214,-4.18332569490186e-42,0,15,-1.43158947006251e-40,0,-5.46826897533012e-40
436,59.2000000000006,2,572,99.8214320987663,0,2.47106509694611e-16,4.03555555555538,0,90
436,59.2000000000006,3,1182,99.9692315541618,0,4.28604511008733e-16,6.99964285714288,0,90
436,59.2000000000006,4,1182,99.7450332409986,0,9.17808320866253e-16,14.9889473684211,0,90
436,59.2000000000006,5,774.785812500009,0,0,15.82375,0,0,0
436,59.2000000000006,6,1775.83693846061,0,0,0.3,0,0,0
436,59.3000000000006,1,736.475437373215,-2.00745366571276e-41,0,15,-1.7110377952779e-40,0,-6.53568295045288e-40
436,59.3000000000006,2,572,99.8214320987663,0,2.47106509694611e-16,4.03555555555538,0,90
436,59.3000000000006,3,1182,99.9692315541618,0,4.28604511008733e-16,6.99964285714288,0,90
436,59.3000000000006,4,1182,99.7450332409986,0,9.17808320866253e-16,14.9889473684211,0,90
436,59.3000000000006,5,776.368000000009,0,0,15.82,0,0,0
436,59.3000000000006,6,1775.83693846061,0,0,0.3,0,0,0
436,59.4000000000006,1,737.975437373215,-3.76917830583666e-41,0,15,-1.77679655786516e-40,0,-6.78686292126972e-40
436,59.4000000000006,2,572,99.8214320987663,0,2.47106509694611e-16,4.03555555555538,0,90
436,59.4000000000006,3,1182,99.9692315541618,0,4.28604511008733e-16,6.99964285714288,0,90
436,59.4000000000006,4,1182,99.7450332409986,0,9.17808320866253e-16,14.9889473684211,0,90
436,59.4000000000006,5,777.949812500009,0,0,15.81625,0,0,0
436,59.4000000000006,6,1775.83693846061,0,0,0.3,0,0,0
436,59.5000000000006,1,739.475437373215,-5.48981692723375e-41,0,15,-1.62886575782428e-40,0,-6.22180888778064e-40
436,59.5000000000006,2,572,99.8214320987663,0,2.47106509694611e-16,4.03555555555538,0,90
436,59.5000000000006,3,1182,99.9692315541618,0,4.28604511008733e-16,6.99964285714288,0,90
436,59.5000000000006,4,1182,99.7450332409986,0,9.17808320866253e-16,14.9889473684211,0,90
436,59.5000000000006,5,779.531250000009,0,0,15.8125,0,0,0
436,59.5000000000006,6,1775.83693846061,0,0,0.3,0,0,0
436,59.6000000000006,1,740.975437373215,-6.95567996727588e-41,0,15,-1.26724539515526e-40,0,-4.84052084998564e-40
436,59.6000000000006,2,572,99.8214320987663,0,2.47106509694611e-16,4.03555555555538,0,90
436,59.6000000000006,3,1182,99.9692315541618,0,4.28604511008733e-16,6.99964285714288,0,90
436,59.6000000000006,4,1182,99.7450332409986,0,9.17808320866253e-16,14.9889473684211,0,90
436,59.6000000000006,5,781.112312500009,0,0,15.80875,0,0,0
436,59.6000000000006,6,1775.83693846061,0,0,0.3,0,0,0
436,59.7000000000006,1,742.475437373215,-7.95307786333492e-41,0,15,-6.919354698581e-41,0,-2.64299880788471e-40
436,59.7000000000006,2,572,99.8214320987663,0,2.47106509694611e-16,4.03555555555538,0,90
436,59.7000000000006,3,1182,99.9692315541618,0,4.28604511008733e-16,6.99964285714288,0,90
436,59.7000000000006,4,1182,99.7450332409986,0,9.17808320866253e-16,14.9889473684211,0,90
436,59.7000000000006,5,782.693000000009,0,0,15.805,0,0,0
436,59.7000000000006,6,1775.83693846061,0,0,0.3,0,0,0
436,59.8000000000006,1,743.975437373215,-8.26832105278272e-41,0,15,9.70640180671956e-42,0,3.70757238522125e-41
436,59.8000000000006,2,572,99.8214320987663,0,2.47106509694611e-16,4.03555555555538,0,90
436,59.8000000000006,3,1182,99.9692315541618,0,4.28604511008733e-16,6.99964285714288,0,90
436,59.8000000000006,4,1182,99.7450332409986,0,9.17808320866253e-16,14.9889473684211,0,90
436,59.8000000000006,5,784.273312500009,0,0,15.80125,0,0,0
436,59.8000000000006,6,1775.83693846061,0,0,0.3,0,0,0
436,59.9000000000006,1,745.475437373215,-7.68771997299114e-41,0,15,1.09975306862063e-40,0,4.20074728923489e-40
436,59.9000000000006,2,572,99.8214320987663,0,2.47106509694611e-16,4.03555555555538,0,90
436,59.9000000000006,3,1182,99.9692315541618,0,4.28604511008733e-16,6.99964285714288,0,90
436,59.9000000000006,4,1182,99.7450332409986,0,9.17808320866253e-16,14.9889473684211,0,90
436,59.9000000000006,5,785.853250000009,0,0,15.7975,0,0,0
436,59.9000000000006,6,1775.83693846061,0,0,0.3,0,0,0
436,60.0000000000006,1,746.975437373215,-5.99758506133205e-41,0,15,2.3161316818022e-40,0,8.84697134425357e-40
436,60.0000000000006,2,572,99.8214320987663,0,2.47106509694611e-16,4.03555555555538,0,90
436,60.0000000000006,3,1182,99.9692315541618,0,4.28604511008733e-16,6.99964285714288,0,90
436,60.0000000000006,4,1182,99.7450332409986,0,9.17808320866253e-16,14.9889473684211,0,90
436,60.0000000000006,5,787.432812500009,0,0,15.79375,0,0,0
436,60.0000000000006,6,1775.83693846061,0,0,0.3,0,0,0
436,60.1000000000006,1,748.475437373215,-2.98422675517729e-41,0,15,3.74619985761191e-40,0,1.43094294035782e-39
436,60.1000000000006,2,572,99.8214320987663,0,2.47106509694611e-16,4.03555555555538,0,90
436,60.1000000000006,3,1182,99.9692315541618,0,4.28604511008733e-16,6.99964285714288,0,90
436,60.1000000000006,4,1182,99.7450332409986,0,9.17808320866253e-16,14.9889473684211,0,90
436,60.1000000000006,5,789.012000000009,0,0,15.79,0,0,0
436,60.1000000000006,6,1775.83693846061,0,0,0.3,0,0,0
436,60.2000000000006,1,749.975437373215,1.56123840383039e-41,0,15,5.34276463795133e-40,0,2.04078576457568e-39
436,60.2000000000006,2,572,99.8214320987663,0,2.47106509694611e-16,4.03555555555538,0,90
436,60.2000000000006,3,1182,99.9692315541618,0,4.28604511008733e-16,6.99964285714288,0,90
436,60.2000000000006,4,1182,99.7450332409986,0,9.17808320866253e-16,14.9889473684211,0,90
436,60.2000000000006,5,790.590812500009,0,0,15.78625,0,0,0
436,60.2000000000006,6,1775.83693846061,0,0,0.3,0,0,0
436,60.3000000000006,1,751.475437373215,7.4919190743927e-41,0,15,6.38567998571134e-40,0,2.43915008334947e-39
436,60.3000000000006,2,572,99.8214320987663,0,2.47106509694611e-16,4.03555555555538,0,90
436,60.3000000000006,3,1182,99.9692315541618,0,4.28604511008733e-16,6.99964285714288,0,90
436,60.3000000000006,4,1182,99.7450332409986,0,9.17808320866253e-16,14.9889473684211,0,90
436,60.3000000000006,5,792.169250000009,0,0,15.7825,0,0,0
436,60.3000000000006,6,1775.83693846061,0,0,0.3,0,0,0
436,60.4000000000006,1,752.975437373215,1.40667649403297e-40,0,15,6.63109502870074e-40,0,2.53289172463156e-39
436,60.4000000000006,2,572,99.8214320987663,0,2.47106509694611e-16,4.03555555555538,0,90
436,60.4000000000006,3,1182,99.9692315541618,0,4.28604511008733e-16,6.99964285714288,0,90
436,60.4000000000006,4,1182,99.7450332409986,0,9.17808320866253e-16,14.9889473684211,0,90
436,60.4000000000006,5,793.747312500009,0,0,15.77875,0,0,0
436,60.4000000000006,6,1775.83693846061,0,0,0.3,0,0,0
436,60.5000000000006,1,754.475437373215,2.04882756968708e-40,0,15,6.07900976691953e-40,0,2.32201068842197e-39
436,60.5000000000006,2,572,99.8214320987663,0,2.47106509694611e-16,4.03555555555538,0,90
436,60.5000000000006,3,1182,99.9692315541618,0,4.28604511008733e-16,6.99964285714288,0,90
436,60.5000000000006,4,1182,99.7450332409986,0,9.17808320866253e-16,14.9889473684211,0,90
436,60.5000000000006,5,795.325000000009,0,0,15.775,0,0,0
436,60.5000000000006,6,1775.83693846061,0,0,0.3,0,0,0
436,60.6000000000006,1,755.975437373215,2.59589510392454e-40,0,15,4.7294242003677e-40,0,1.80650697472069e-39
436,60.6000000000006,2,572,99.8214320987663,0,2.47106509694611e-16,4.03555555555538,0,90
436,60.6000000000006,3,1182,99.9692315541618,0,4.28604511008733e-16,6.99964285714288,0,90
436,60.6000000000006,4,1182,99.7450332409986,0,9.17808320866253e-16,14.9889473684211,0,90
436,60.6000000000006,5,796.902312500009,0,0,15.77125,0,0,0
436,60.6000000000006,6,1775.83693846061,0,0,0.3,0,0,0
436,60.7000000000006,1,757.475437373215,2.96812906626828e-40,0,15,2.58233832904526e-40,0,9.86380583527725e-40
436,60.7000000000006,2,572,99.8214320987663,0,2.47106509694611e-16,4.03555555555538,0,90
436,60.7000000000006,3,1182,99.9692315541618,0,4.28604511008733e-16,6.99964285714288,0,90
436,60.7000000000006,4,1182,99.7450332409986,0,9.17808320866253e-16,14.9889473684211,0,90
436,60.7000000000006,5,798.479250000009,0,0,15.7675,0,0,0
436,60.7000000000006,6,1775.83693846061,0,0,0.3,0,0,0
436,60.8000000000006,1,758.975437373215,3.08577942624125e-40,0,15,-3.62247847047792e-41,0,-1.38368485156927e-40
436,60.8000000000006,2,572,99.8214320987663,0,2.47106509694611e-16,4.03555555555538,0,90
436,60.8000000000006,3,1182,99.9692315541618,0,4.28604511008733e-16,6.99964285714288,0,90
436,60.8000000000006,4,1182,99.7450332409986,0,9.17808320866253e-16,14.9889473684211,0,90
436,60.8000000000006,5,800.055812500009,0,0,15.76375,0,0,0
436,60.8000000000006,6,1775.83693846061,0,0,0.3,0,0,0
436,60.9000000000006,1,760.475437373215,2.86909615336637e-40,0,15,-4.10433432791146e-40,0,-1.56774023133326e-39
436,60.9000000000006,2,572,99.8214320987663,0,2.47106509694611e-16,4.03555555555538,0,90
436,60.9000000000006,3,1182,99.9692315541618,0,4.28604511008733e-16,6.99964285714288,0,90
436,60.9000000000006,4,1182,99.7450332409986,0,9.17808320866253e-16,14.9889473684211,0,90
436,60.9000000000006,5,801.632000000009,0,0,15.76,0,0,0
436,60.9000000000006,6,1775.83693846061,0,0,0.3,0,0,0
436,61.0000000000006,1,761.975437373215,2.23832921716659e-40,0,15,-8.64392111354574e-40,0,-3.30173465500129e-39
436,61.0000000000006,2,572,99.8214320987663,0,2.47106509694611e-16,4.03555555555538,0,90
436,61.0000000000006,3,1182,99.9692315541618,0,4.28604511008733e-16,6.99964285714288,0,90
436,61.0000000000006,4,1182,99.7450332409986,0,9.17808320866253e-16,14.9889473684211,0,90
436,61.0000000000006,5,803.207812500009,0,0,15.75625,0,0,0
436,61.0000000000006,6,1775.83693846061,0,0,0.3,0,0,0
436,61.1000000000006,1,763.475437373215,1.11372858716484e-40,0,15,-1.39810082039506e-39,0,-5.340351756161e-39
436,61.1000000000006,2,572,99.8214320987663,0,2.47106509694611e-16,4.03555555555538,0,90
436,61.1000000000006,3,1182,99.9692315541618,0,4.28604511008733e-16,6.99964285714288,0,90
436,61.1000000000006,4,1182,99.7450332409986,0,9.17808320866253e-16,14.9889473684211,0,90
436,61.1000000000006,5,804.783250000009,0,0,15.7525,0,0,0
436,61.1000000000006,6,1775.83693846061,0,0,0.3,0,0,0
436,61.2000000000006,1,764.975437373215,-5.82662104583399e-41,0,15,-1.99394690817435e-39,0,-7.61631616076997e-39
436,61.2000000000006,2,572,99.8214320987663,0,2.47106509694611e-16,4.03555555555538,0,90
436,61.2000000000006,3,1182,99.9692315541618,0,4.28604511008733e-16,6.99964285714288,0,90
436,61.2000000000006,4,1182,99.7450332409986,0,9.17808320866253e-16,14.9889473684211,0,90
436,61.2000000000006,5,806.358312500009,0,0,15.74875,0,0,0
436,61.2000000000006,6,1775.83693846061,0,0,0.3,0,0,0
436,61.3000000000006,1,766.475437373215,-2.79602226318611e-40,0,15,-2.38316821475677e-39,0,-9.10303203835266e-39
436,61.3000000000006,2,572,99.8214320987663,0,2.47106509694611e-16,4.03555555555538,0,90
436,61.3000000000006,3,1182,99.9692315541618,0,4.28604511008733e-16,6.99964285714288,0,90
436,61.3000000000006,4,1182,99.7450332409986,0,9.17808320866253e-16,14.9889473684211,0,90
436,61.3000000000006,5,807.933000000009,0,0,15.745,0,0,0
436,61.3000000000006,6,1775.83693846061,0,0,0.3,0,0,0
436,61.4000000000006,1,767.975437373215,-5.24978814554853e-40,0,15,-2.47475835569376e-39,0,-9.4528806063992e-39
436,61.4000000000006,2,572,99.8214320987663,0,2.47106509694611e-16,4.03555555555538,0,90
436,61.4000000000006,3,1182,99.9692315541618,0,4.28604511008733e-16,6.99964285714288,0,90
436,61.4000000000006,4,1182,99.7450332409986,0,9.17808320866253e-16,14.9889473684211,0,90
436,61.4000000000006,5,809.507312500009,0,0,15.74125,0,0,0
436,61.4000000000006,6,1775.83693846061,0,0,0.3,0,0,0
436,61.5000000000006,1,769.475437373215,-7.64632858602523e-40,0,15,-2.26871733098533e-39,0,-8.66586186490959e-39
436,61.5000000000006,2,572,99.8214320987663,0,2.47106509694611e-16,4.03555555555538,0,90
436,61.5000000000006,3,1182,99.9692315541618,0,4.28604511008733e-16,6.99964285714288,0,90
436,61.5000000000006,4,1182,99.7450332409986,0,9.17808320866253e-16,14.9889473684211,0,90
436,61.5000000000006,5,811.08125000001,0,0,15.7375,0,0,0
436,61.5000000000006,6,1775.83693846061,0,0,0.3,0,0,0
436,61.6000000000006,1,770.975437373215,-9.68801241897077e-40,0,15,-1.76504514063146e-39,0,-6.74197581388384e-39
436,61.6000000000006,2,572,99.8214320987663,0,2.47106509694611e-16,4.03555555555538,0,90
436,61.6000000000006,3,1182,99.9692315541618,0,4.28604511008733e-16,6.99964285714288,0,90
436,61.6000000000006,4,1182,99.7450332409986,0,9.17808320866253e-16,14.9889473684211,0,90
436,61.6000000000006,5,812.654812500009,0,0,15.73375,0,0,0
436,61.6000000000006,6,1775.83693846061,0,0,0.3,0,0,0
436,61.7000000000006,1,772.475437373215,-1.10772084787397e-39,0,15,-9.63741784632163e-40,0,-3.68122245332193e-39
436,61.7000000000006,2,572,99.8214320987663,0,2.47106509694611e-16,4.03555555555538,0,90
436,61.7000000000006,3,1182,99.9692315541618,0,4.28604511008733e-16,6.99964285714288,0,90
436,61.7000000000006,4,1182,99.7450332409986,0,9.17808320866253e-16,14.9889473684211,0,90
436,61.7000000000006,5,814.22800000001,0,0,15.73,0,0,0
436,61.7000000000006,6,1775.83693846061,0,0,0.3,0,0,0
436,61.8000000000006,1,773.975437373215,-1.15162855996866e-39,0,15,1.35192737012564e-40,0,5.16398216776133e-40
436,61.8000000000006,2,572,99.8214320987663,0,2.47106509694611e-16,4.03555555555538,0,90
436,61.8000000000006,3,1182,99.9692315541618,0,4.28604511008733e-16,6.99964285714288,0,90
436,61.8000000000006,4,1182,99.7450332409986,0,9.17808320866253e-16,14.9889473684211,0,90
436,61.8000000000006,5,815.80081250001,0,0,15.72625,0,0,0
436,61.8000000000006,6,1775.83693846061,0,0,0.3,0,0,0
436,61.9000000000006,1,775.475437373215,-1.07076126161661e-39,0,15,1.53175842430272e-39,0,5.85088619641034e-39
436,61.9000000000006,2,572,99.8214320987663,0,2.47106509694611e-16,4.03555555555538,0,90
436,61.9000000000006,3,1182,99.9692315541618,0,4.28604511008733e-16,6.99964285714288,0,90
436,61.9000000000006,4,1182,99.7450332409986,0,9.17808320866253e-16,14.9889473684211,0,90
436,61.9000000000006,5,817.37325000001,0,0,15.7225,0,0,0
436,61.9000000000006,6,1775.83693846061,0,0,0.3,0,0,0
436,62.0000000000006,1,776.975437373215,-8.35355836253268e-40,0,15,3.22595527723831e-39,0,1.23222414855807e-38
436,62.0000000000006,2,572,99.8214320987663,0,2.47106509694611e-16,4.03555555555538,0,90
436,62.0000000000006,3,1182,99.9692315541618,0,4.28604511008733e-16,6.99964285714288,0,90
436,62.0000000000006,4,1182,99.7450332409986,0,9.17808320866253e-16,14.9889473684211,0,90
436,62.0000000000006,5,818.94531250001,0,0,15.71875,0,0,0
436,62.0000000000006,6,1775.83693846061,0,0,0.3,0,0,0
436,62.1000000000006,1,778.475437373215,-4.15649167314092e-40,0,15,5.21778329581933e-39,0,1.99304640842872e-38
436,62.1000000000006,2,572,99.8214320987663,0,2.47106509694611e-16,4.03555555555538,0,90
436,62.1000000000006,3,1182,99.9692315541618,0,4.28604511008733e-16,6.99964285714288,0,90
436,62.1000000000006,4,1182,99.7450332409986,0,9.17808320866253e-16,14.9889473684211,0,90
436,62.1000000000006,5,820.51700000001,0,0,15.715,0,0,0
436,62.1000000000006,6,1775.83693846061,0,0,0.3,0,0,0
436,62.2000000000006,1,779.975437373215,2.17452457795153e-40,0,15,7.44151116890249e-39,0,2.84244788785051e-38
436,62.2000000000006,2,572,99.8214320987663,0,2.47106509694611e-16,4.03555555555538,0,90
436,62.2000000000006,3,1182,99.9692315541618,0,4.28604511008733e-16,6.99964285714288,0,90
436,62.2000000000006,4,1182,99.7450332409986,0,9.17808320866253e-16,14.9889473684211,0,90
436,62.2000000000006,5,822.08831250001,0,0,15.71125,0,0,0
436,62.2000000000006,6,1775.83693846061,0,0,0.3,0,0,0
436,62.3000000000006,1,781.475437373215,1.04348971453063e-39,0,15,8.89410486045603e-39,0,3.39729780700615e-38
436,62.3000000000006,2,572,99.8214320987663,0,2.47106509694611e-16,4.03555555555538,0,90
436,62.3000000000006,3,1182,99.9692315541618,0,4.28604511008733e-16,6.99964285714288,0,90
436,62.3000000000006,4,1182,99.7450332409986,0,9.17808320866253e-16,14.9889473684211,0,90
436,62.3000000000006,5,823.65925000001,0,0,15.7075,0,0,0
436,62.3000000000006,6,1775.83693846061,0,0,0.3,0,0,0
436,62.4000000000006,1,782.975437373215,1.95924760881623e-39,0,15,9.23592391990492e-39,0,3.5278630700965e-38
436,62.4000000000006,2,572,99.8214320987663,0,2.47106509694611e-16,4.03555555555538,0,90
436,62.4000000000006,3,1182,99.9692315541618,0,4.28604511008733e-16,6.99964285714288,0,90
436,62.4000000000006,4,1182,99.7450332409986,0,9.17808320866253e-16,14.9889473684211,0,90
436,62.4000000000006,5,825.22981250001,0,0,15.70375,0,0,0
436,62.4000000000006,6,1775.83693846061,0,0,0.3,0,0,0
436,62.5000000000006,1,784.475437373215,2.85364867744148e-39,0,15,8.46696834724915e-39,0,3.23414367712156e-38
436,62.5000000000006,2,572,99.8214320987663,0,2.47106509694611e-16,4.03555555555538,0,90
436,62.5000000000006,3,1182,99.9692315541618,0,4.28604511008733e-16,6.99964285714288,0,90
436,62.5000000000006,4,1182,99.7450332409986,0,9.17808320866253e-16,14.9889473684211,0,90
436,62.5000000000006,5,826.80000000001,0,0,15.7,0,0,0
436,62.5000000000006,6,1775.83693846061,0,0,0.3,0,0,0
436,62.6000000000006,1,785.975437373215,3.61561545719593e-39,0,15,6.58723814248873e-39,0,2.51613962808133e-38
436,62.6000000000006,2,572,99.8214320987663,0,2.47106509694611e-16,4.03555555555538,0,90
436,62.6000000000006,3,1182,99.9692315541618,0,4.28604511008733e-16,6.99964285714288,0,90
436,62.6000000000006,4,1182,99.7450332409986,0,9.17808320866253e-16,14.9889473684211,0,90
436,62.6000000000006,5,828.36981250001,0,0,15.69625,0,0,0
436,62.6000000000006,6,1775.83693846061,0,0,0.3,0,0,0
436,62.7000000000006,1,787.475437373215,4.13407048486909e-39,0,15,3.59673330562365e-39,0,1.37385092297582e-38
436,62.7000000000006,2,572,99.8214320987663,0,2.47106509694611e-16,4.03555555555538,0,90
436,62.7000000000006,3,1182,99.9692315541618,0,4.28604511008733e-16,6.99964285714288,0,90
436,62.7000000000006,4,1182,99.7450332409986,0,9.17808320866253e-16,14.9889473684211,0,90
436,62.7000000000006,5,829.93925000001,0,0,15.6925,0,0,0
436,62.7000000000006,6,1775.83693846061,0,0,0.3,0,0,0
436,62.8000000000006,1,788.975437373215,4.29793629725051e-39,0,15,-5.04546163346084e-40,0,-1.92722438194992e-39
436,62.8000000000006,2,572,99.8214320987663,0,2.47106509694611e-16,4.03555555555538,0,90
436,62.8000000000006,3,1182,99.9692315541618,0,4.28604511008733e-16,6.99964285714288,0,90
436,62.8000000000006,4,1182,99.7450332409986,0,9.17808320866253e-16,14.9889473684211,0,90
436,62.8000000000006,5,831.50831250001,0,0,15.68875,0,0,0
436,62.8000000000006,6,1775.83693846061,0,0,0.3,0,0,0
436,62.9000000000006,1,790.475437373215,3.99613543112972e-39,0,15,-5.71660026442047e-39,0,-2.18358045543109e-38
436,62.9000000000006,2,572,99.8214320987663,0,2.47106509694611e-16,4.03555555555538,0,90
436,62.9000000000006,3,1182,99.9692315541618,0,4.28604511008733e-16,6.99964285714288,0,90
436,62.9000000000006,4,1182,99.7450332409986,0,9.17808320866253e-16,14.9889473684211,0,90
436,62.9000000000006,5,833.07700000001,0,0,15.685,0,0,0
436,62.9000000000006,6,1775.83693846061,0,0,0.3,0,0,0
436,63.0000000000006,1,791.975437373215,3.11759042329624e-39,0,15,-1.20394289975995e-38,0,-4.59872312873248e-38
436,63.0000000000006,2,572,99.8214320987663,0,2.47106509694611e-16,4.03555555555538,0,90
436,63.0000000000006,3,1182,99.9692315541618,0,4.28604511008733e-16,6.99964285714288,0,90
436,63.0000000000006,4,1182,99.7450332409986,0,9.17808320866253e-16,14.9889473684211,0,90
436,63.0000000000006,5,834.64531250001,0,0,15.68125,0,0,0
436,63.0000000000006,6,1775.83693846061,0,0,0.3,0,0,0
436,63.1000000000006,1,793.475437373215,1.55122381053963e-39,0,15,-1.94730323628832e-38,0,-7.43815045809916e-38
436,63.1000000000006,2,572,99.8214320987663,0,2.47106509694611e-16,4.03555555555538,0,90
436,63.1000000000006,3,1182,99.9692315541618,0,4.28604511008733e-16,6.99964285714288,0,90
436,63.1000000000006,4,1182,99.7450332409986,0,9.17808320866253e-16,14.9889473684211,0,90
436,63.1000000000006,5,836.21325000001,0,0,15.6775,0,0,0
436,63.1000000000006,6,1775.83693846061,0,0,0.3,0,0,0
436,63.2000000000006,1,794.975437373215,-8.11543620722635e-40,0,15,-2.77720977674365e-38,0,-1.06081599353254e-37
436,63.2000000000006,2,572,99.8214320987663,0,2.47106509694611e-16,4.03555555555538,0,90
436,63.2000000000006,3,1182,99.9692315541618,0,4.28604511008733e-16,6.99964285714288,0,90
436,63.2000000000006,4,1182,99.7450332409986,0,9.17808320866253e-16,14.9889473684211,0,90
436,63.2000000000006,5,837.78081250001,0,0,15.67375,0,0,0
436,63.2000000000006,6,1775.83693846061,0,0,0.3,0,0,0
436,63.3000000000006,1,796.475437373215,-3.89435663180433e-39,0,15,-3.31932512270677e-38,0,-1.26788880241895e-37
436,63.3000000000006,2,572,99.8214320987663,0,2.47106509694611e-16,4.03555555555538,0,90
436,63.3000000000006,3,1182,99.9692315541618,0,4.28604511008733e-16,6.99964285714288,0,90
436,63.3000000000006,4,1182,99.7450332409986,0,9.17808320866253e-16,14.9889473684211,0,90
436,63.3000000000006,5,839.34800000001,0,0,15.67,0,0,0
436,63.3000000000006,6,1775.83693846061,0,0,0.3,0,0,0
436,63.4000000000006,1,797.975437373215,-7.31201162071049e-39,0,15,-3.44689373239257e-38,0,-1.3166164219746e-37
436,63.4000000000006,2,572,99.8214320987663,0,2.47106509694611e-16,4.03555555555538,0,90
436,63.4000000000006,3,1182,99.9692315541618,0,4.28604511008733e-16,6.99964285714288,0,90
436,63.4000000000006,4,1182,99.7450332409986,0,9.17808320866253e-16,14.9889473684211,0,90
436,63.4000000000006,5,840.91481250001,0,0,15.66625,0,0,0
436,63.4000000000006,6,1775.83693846061,0,0,0.3,0,0,0
436,63.5000000000006,1,799.475437373215,-1.06499618511638e-38,0,15,-3.15991560580105e-38,0,-1.2069988521995e-37
436,63.5000000000006,2,572,99.8214320987663,0,2.47106509694611e-16,4.03555555555538,0,90
436,63.5000000000006,3,1182,99.9692315541618,0,4.28604511008733e-16,6.99964285714288,0,90
436,63.5000000000006,4,1182,99.7450332409986,0,9.17808320866253e-16,14.9889473684211,0,90
436,63.5000000000006,5,842.48125000001,0,0,15.6625,0,0,0
436,63.5000000000006,6,1775.83693846061,0,0,0.3,0,0,0
436,63.6000000000006,1,800.975437373215,-1.34936605868869e-38,0,15,-2.45839074293221e-38,0,-9.39036093093645e-38
436,63.6000000000006,2,572,99.8214320987663,0,2.47106509694611e-16,4.03555555555538,0,90
436,63.6000000000006,3,1182,99.9692315541618,0,4.28604511008733e-16,6.99964285714288,0,90
436,63.6000000000006,4,1182,99.7450332409986,0,9.17808320866253e-16,14.9889473684211,0,90
436,63.6000000000006,5,844.04731250001,0,0,15.65875,0,0,0
436,63.6000000000006,6,1775.83693846061,0,0,0.3,0,0,0
436,63.7000000000006,1,802.475437373215,-1.54285610916025e-38,0,15,-1.34231914378606e-38,0,-5.12728144657038e-38
436,63.7000000000006,2,572,99.8214320987663,0,2.47106509694611e-16,4.03555555555538,0,90
436,63.7000000000006,3,1182,99.9692315541618,0,4.28604511008733e-16,6.99964285714288,0,90
436,63.7000000000006,4,1182,99.7450332409986,0,9.17808320866253e-16,14.9889473684211,0,90
436,63.7000000000006,5,845.61300000001,0,0,15.655,0,0,0
436,63.7000000000006,6,1775.83693846061,0,0,0.3,0,0,0
436,63.8000000000006,1,803.975437373215,-1.60401166290333e-38,0,15,1.88299191637407e-39,0,7.19249931103234e-39
436,63.8000000000006,2,572,99.8214320987663,0,2.47106509694611e-16,4.03555555555538,0,90
436,63.8000000000006,3,1182,99.9692315541618,0,4.28604511008733e-16,6.99964285714288,0,90
436,63.8000000000006,4,1182,99.7450332409986,0,9.17808320866253e-16,14.9889473684211,0,90
436,63.8000000000006,5,847.17831250001,0,0,15.65125,0,0,0
436,63.8000000000006,6,1775.83693846061,0,0,0.3,0,0,0
436,63.9000000000006,1,805.475437373215,-1.49137804629019e-38,0,15,2.1334642633382e-38,0,8.14923320208439e-38
436,63.9000000000006,2,572,99.8214320987663,0,2.47106509694611e-16,4.03555555555538,0,90
436,63.9000000000006,3,1182,99.9692315541618,0,4.28604511008733e-16,6.99964285714288,0,90
436,63.9000000000006,4,1182,99.7450332409986,0,9.17808320866253e-16,14.9889473684211,0,90
436,63.9000000000006,5,848.74325000001,0,0,15.6475,0,0,0
436,63.9000000000006,6,1775.83693846061,0,0,0.3,0,0,0
436,64.0000000000006,1,806.975437373215,-1.16350058569311e-38,0,15,4.4931760713163e-38,0,1.71626683663731e-37
436,64.0000000000006,2,572,99.8214320987663,0,2.47106509694611e-16,4.03555555555538,0,90
436,64.0000000000006,3,1182,99.9692315541618,0,4.28604511008733e-16,6.99964285714288,0,90
436,64.0000000000006,4,1182,99.7450332409986,0,9.17808320866253e-16,14.9889473684211,0,90
436,64.0000000000006,5,850.30781250001,0,0,15.64375,0,0,0
436,64.0000000000006,6,1775.83693846061,0,0,0.3,0,0,0
436,64.1000000000006,1,808.475437373215,-5.78924607484393e-39,0,15,7.26743461557151e-38,0,2.77595554239685e-37
436,64.1000000000006,2,572,99.8214320987663,0,2.47106509694611e-16,4.03555555555538,0,90
436,64.1000000000006,3,1182,99.9692315541618,0,4.28604511008733e-16,6.99964285714288,0,90
436,64.1000000000006,4,1182,99.7450332409986,0,9.17808320866253e-16,14.9889473684211,0,90
436,64.1000000000006,5,851.87200000001,0,0,15.64,0,0,0
436,64.1000000000006,6,1775.83693846061,0,0,0.3,0,0,0
436,64.2000000000006,1,809.975437373215,3.02872202509601e-39,0,15,1.03646879900845e-37,0,3.95901918534515e-37
436,64.2000000000006,2,572,99.8214320987663,0,2.47106509694611e-16,4.03555555555538,0,90
436,64.2000000000006,3,1182,99.9692315541618,0,4.28604511008733e-16,6.99964285714288,0,90
436,64.2000000000006,4,1182,99.7450332409986,0,9.17808320866253e-16,14.9889473684211,0,90
436,64.2000000000006,5,853.43581250001,0,0,15.63625,0,0,0
436,64.2000000000006,6,1775.83693846061,0,0,0.3,0,0,0
436,64.3000000000006,1,811.475437373215,1.45339368126865e-38,0,15,1.23878900047814e-37,0,4.73182542897515e-37
436,64.3000000000006,2,572,99.8214320987663,0,2.47106509694611e-16,4.03555555555538,0,90
436,64.3000000000006,3,1182,99.9692315541618,0,4.28604511008733e-16,6.99964285714288,0,90
436,64.3000000000006,4,1182,99.7450332409986,0,9.17808320866253e-16,14.9889473684211,0,90
436,64.3000000000006,5,854.99925000001,0,0,15.6325,0,0,0
436,64.3000000000006,6,1775.83693846061,0,0,0.3,0,0,0
436,64.4000000000006,1,812.975437373215,2.72887988740246e-38,0,15,1.28639825375798e-37,0,4.91367938088874e-37
436,64.4000000000006,2,572,99.8214320987663,0,2.47106509694611e-16,4.03555555555538,0,90
436,64.4000000000006,3,1182,99.9692315541618,0,4.28604511008733e-16,6.99964285714288,0,90
436,64.4000000000006,4,1182,99.7450332409986,0,9.17808320866253e-16,14.9889473684211,0,90
436,64.4000000000006,5,856.56231250001,0,0,15.62875,0,0,0
436,64.4000000000006,6,1775.83693846061,0,0,0.3,0,0,0
436,64.5000000000006,1,814.475437373215,3.97461987272117e-38,0,15,1.17929655884795e-37,0,4.50458104108593e-37
436,64.5000000000006,2,572,99.8214320987663,0,2.47106509694611e-16,4.03555555555538,0,90
436,64.5000000000006,3,1182,99.9692315541618,0,4.28604511008733e-16,6.99964285714288,0,90
436,64.5000000000006,4,1182,99.7450332409986,0,9.17808320866253e-16,14.9889473684211,0,90
436,64.5000000000006,5,858.12500000001,0,0,15.625,0,0,0
436,64.5000000000006,6,1775.83693846061,0,0,0.3,0,0,0
436,64.6000000000006,1,815.975437373215,5.03590268903495e-38,0,15,9.17483915748072e-38,0,3.50453040956673e-37
436,64.6000000000006,2,572,99.8214320987663,0,2.47106509694611e-16,4.03555555555538,0,90
436,64.6000000000006,3,1182,99.9692315541618,0,4.28604511008733e-16,6.99964285714288,0,90
436,64.6000000000006,4,1182,99.7450332409986,0,9.17808320866253e-16,14.9889473684211,0,90
436,64.6000000000006,5,859.68731250001,0,0,15.62125,0,0,0
436,64.6000000000006,6,1775.83693846061,0,0,0.3,0,0,0
436,64.7000000000006,1,817.475437373215,5.75801738815393e-38,0,15,5.00960324458333e-38,0,1.91352748633112e-37
436,64.7000000000006,2,572,99.8214320987663,0,2.47106509694611e-16,4.03555555555538,0,90
436,64.7000000000006,3,1182,99.9692315541618,0,4.28604511008733e-16,6.99964285714288,0,90
436,64.7000000000006,4,1182,99.7450332409986,0,9.17808320866253e-16,14.9889473684211,0,90
436,64.7000000000006,5,861.249250000009,0,0,15.6175,0,0,0
436,64.7000000000006,6,1775.83693846061,0,0,0.3,0,0,0
436,64.8000000000006,1,818.975437373215,5.98625302188827e-38,0,15,-7.02742150212638e-39,0,-2.68427728620884e-38
436,64.8000000000006,2,572,99.8214320987663,0,2.47106509694611e-16,4.03555555555538,0,90
436,64.8000000000006,3,1182,99.9692315541618,0,4.28604511008733e-16,6.99964285714288,0,90
436,64.8000000000006,4,1182,99.7450332409986,0,9.17808320866253e-16,14.9889473684211,0,90
436,64.8000000000006,5,862.810812500009,0,0,15.61375,0,0,0
436,64.8000000000006,6,1775.83693846061,0,0,0.3,0,0,0
436,64.9000000000006,1,820.475437373215,5.56589864204813e-38,0,15,-7.96219702690719e-38,0,-3.04133523528929e-37
436,64.9000000000006,2,572,99.8214320987663,0,2.47106509694611e-16,4.03555555555538,0,90
436,64.9000000000006,3,1182,99.9692315541618,0,4.28604511008733e-16,6.99964285714288,0,90
436,64.9000000000006,4,1182,99.7450332409986,0,9.17808320866253e-16,14.9889473684211,0,90
436,64.9000000000006,5,864.372000000009,0,0,15.61,0,0,0
436,64.9000000000006,6,1775.83693846061,0,0,0.3,0,0,0
436,65.0000000000006,1,821.975437373215,4.34224330044364e-38,0,15,-1.67687613855003e-37,0,-6.4051950336741e-37
436,65.0000000000006,2,572,99.8214320987663,0,2.47106509694611e-16,4.03555555555538,0,90
436,65.0000000000006,3,1182,99.9692315541618,0,4.28604511008733e-16,6.99964285714288,0,90
436,65.0000000000006,4,1182,99.7450332409986,0,9.17808320866253e-16,14.9889473684211,0,90
436,65.0000000000006,5,865.932812500009,0,0,15.60625,0,0,0
436,65.0000000000006,6,1775.83693846061,0,0,0.3,0,0,0
436,65.1000000000006,1,823.475437373215,2.16057604888497e-38,0,15,-2.7122435225992e-37,0,-1.03600071237753e-36
436,65.1000000000006,2,572,99.8214320987663,0,2.47106509694611e-16,4.03555555555538,0,90
436,65.1000000000006,3,1182,99.9692315541618,0,4.28604511008733e-16,6.99964285714288,0,90
436,65.1000000000006,4,1182,99.7450332409986,0,9.17808320866253e-16,14.9889473684211,0,90
436,65.1000000000006,5,867.493250000009,0,0,15.6025,0,0,0
436,65.1000000000006,6,1775.83693846061,0,0,0.3,0,0,0
436,65.2000000000006,1,824.975437373215,-1.13033444796392e-38,0,15,-3.86815421835881e-37,0,-1.47752607478457e-36
436,65.2000000000006,2,572,99.8214320987663,0,2.47106509694611e-16,4.03555555555538,0,90
436,65.2000000000006,3,1182,99.9692315541618,0,4.28604511008733e-16,6.99964285714288,0,90
436,65.2000000000006,4,1182,99.7450332409986,0,9.17808320866253e-16,14.9889473684211,0,90
436,65.2000000000006,5,869.053312500009,0,0,15.59875,0,0,0
436,65.2000000000006,6,1775.83693846061,0,0,0.3,0,0,0
436,65.3000000000006,1,826.475437373215,-5.42413906189152e-38,0,15,-4.6232234896416e-37,0,-1.76594129134806e-36
436,65.3000000000006,2,572,99.8214320987663,0,2.47106509694611e-16,4.03555555555538,0,90
436,65.3000000000006,3,1182,99.9692315541618,0,4.28604511008733e-16,6.99964285714288,0,90
436,65.3000000000006,4,1182,99.7450332409986,0,9.17808320866253e-16,14.9889473684211,0,90
436,65.3000000000006,5,870.613000000009,0,0,15.595,0,0,0
436,65.3000000000006,6,1775.83693846061,0,0,0.3,0,0,0
436,65.4000000000006,1,827.975437373214,-1.0184318387536e-37,0,15,-4.80090364179269e-37,0,-1.83381011015805e-36
436,65.4000000000006,2,572,99.8214320987663,0,2.47106509694611e-16,4.03555555555538,0,90
436,65.4000000000006,3,1182,99.9692315541618,0,4.28604511008733e-16,6.99964285714288,0,90
436,65.4000000000006,4,1182,99.7450332409986,0,9.17808320866253e-16,14.9889473684211,0,90
436,65.4000000000006,5,872.172312500009,0,0,15.59125,0,0,0
436,65.4000000000006,6,1775.83693846061,0,0,0.3,0,0,0
436,65.5000000000006,1,829.475437373214,-1.48334833057658e-37,0,15,-4.40119467481207e-37,0,-1.68113253121456e-36
436,65.5000000000006,2,572,99.8214320987663,0,2.47106509694611e-16,4.03555555555538,0,90
436,65.5000000000006,3,1182,99.9692315541618,0,4.28604511008733e-16,6.99964285714288,0,90
436,65.5000000000006,4,1182,99.7450332409986,0,9.17808320866253e-16,14.9889473684211,0,90
436,65.5000000000006,5,873.731250000009,0,0,15.5875,0,0,0
436,65.5000000000006,6,1775.83693846061,0,0,0.3,0,0,0
436,65.6000000000005,1,830.975437373214,-1.87942446974491e-37,0,15,-3.42409658869975e-37,0,-1.30790855451759e-36
436,65.6000000000005,2,572,99.8214320987663,0,2.47106509694611e-16,4.03555555555538,0,90
436,65.6000000000005,3,1182,99.9692315541618,0,4.28604511008733e-16,6.99964285714288,0,90
436,65.6000000000005,4,1182,99.7450332409986,0,9.17808320866253e-16,14.9889473684211,0,90
436,65.6000000000005,5,875.289812500009,0,0,15.58375,0,0,0
436,65.6000000000005,6,1775.83693846061,0,0,0.3,0,0,0
436,65.7000000000005,1,832.475437373214,-2.14892134434544e-37,0,15,-1.86960938345573e-37,0,-7.14138180067128e-37
436,65.7000000000005,2,572,99.8214320987663,0,2.47106509694611e-16,4.03555555555538,0,90
436,65.7000000000005,3,1182,99.9692315541618,0,4.28604511008733e-16,6.99964285714288,0,90
436,65.7000000000005,4,1182,99.7450332409986,0,9.17808320866253e-16,14.9889473684211,0,90
436,65.7000000000005,5,876.848000000008,0,0,15.58,0,0,0
436,65.7000000000005,6,1775.83693846061,0,0,0.3,0,0,0
436,65.8000000000005,1,833.975437373214,-2.23410004246498e-37,0,15,2.6226694092e-38,0,1.0017859213682e-37
436,65.8000000000005,2,572,99.8214320987663,0,2.47106509694611e-16,4.03555555555538,0,90
436,65.8000000000005,3,1182,99.9692315541618,0,4.28604511008733e-16,6.99964285714288,0,90
436,65.8000000000005,4,1182,99.7450332409986,0,9.17808320866253e-16,14.9889473684211,0,90
436,65.8000000000005,5,878.405812500008,0,0,15.57625,0,0,0
436,65.8000000000005,6,1775.83693846061,0,0,0.3,0,0,0
436,65.9000000000005,1,835.475437373214,-2.07722165219038e-37,0,15,2.97153238442743e-37,0,1.13504176209425e-36
436,65.9000000000005,2,572,99.8214320987663,0,2.47106509694611e-16,4.03555555555538,0,90
436,65.9000000000005,3,1182,99.9692315541618,0,4.28604511008733e-16,6.99964285714288,0,90
436,65.9000000000005,4,1182,99.7450332409986,0,9.17808320866253e-16,14.9889473684211,0,90
436,65.9000000000005,5,879.963250000008,0,0,15.5725,0,0,0
436,65.9000000000005,6,1775.83693846061,0,0,0.3,0,0,0
436,66.0000000000005,1,836.975437373214,-1.62054726160847e-37,0,15,6.25818694706657e-37,0,2.39045132980517e-36
436,66.0000000000005,2,572,99.8214320987663,0,2.47106509694611e-16,4.03555555555538,0,90
436,66.0000000000005,3,1182,99.9692315541618,0,4.28604511008733e-16,6.99964285714288,0,90
436,66.0000000000005,4,1182,99.7450332409986,0,9.17808320866253e-16,14.9889473684211,0,90
436,66.0000000000005,5,881.520312500008,0,0,15.56875,0,0,0
436,66.0000000000005,6,1775.83693846061,0,0,0.3,0,0,0
436,66.1000000000005,1,838.475437373214,-8.06337958806085e-38,0,15,1.01222306288374e-36,0,3.86640729526958e-36
436,66.1000000000005,2,572,99.8214320987663,0,2.47106509694611e-16,4.03555555555538,0,90
436,66.1000000000005,3,1182,99.9692315541618,0,4.28604511008733e-16,6.99964285714288,0,90
436,66.1000000000005,4,1182,99.7450332409986,0,9.17808320866253e-16,14.9889473684211,0,90
436,66.1000000000005,5,883.077000000008,0,0,15.565,0,0,0
436,66.1000000000005,6,1775.83693846061,0,0,0.3,0,0,0
436,66.2000000000005,1,839.975437373214,4.21846558933843e-38,0,15,1.44361480744247e-36,0,5.51420238060297e-36
436,66.2000000000005,2,572,99.8214320987663,0,2.47106509694611e-16,4.03555555555538,0,90
436,66.2000000000005,3,1182,99.9692315541618,0,4.28604511008733e-16,6.99964285714288,0,90
436,66.2000000000005,4,1182,99.7450332409986,0,9.17808320866253e-16,14.9889473684211,0,90
436,66.2000000000005,5,884.633312500008,0,0,15.56125,0,0,0
436,66.2000000000005,6,1775.83693846061,0,0,0.3,0,0,0
436,66.3000000000005,1,841.475437373214,2.02431625662883e-37,0,15,1.72541049580873e-36,0,6.59058262249433e-36
436,66.3000000000005,2,572,99.8214320987663,0,2.47106509694611e-16,4.03555555555538,0,90
436,66.3000000000005,3,1182,99.9692315541618,0,4.28604511008733e-16,6.99964285714288,0,90
436,66.3000000000005,4,1182,99.7450332409986,0,9.17808320866253e-16,14.9889473684211,0,90
436,66.3000000000005,5,886.189250000008,0,0,15.5575,0,0,0
436,66.3000000000005,6,1775.83693846061,0,0,0.3,0,0,0
436,66.4000000000005,1,842.975437373213,3.80083936627321e-37,0,15,1.79172163134129e-36,0,6.84387250254339e-36
436,66.4000000000005,2,572,99.8214320987663,0,2.47106509694611e-16,4.03555555555538,0,90
436,66.4000000000005,3,1182,99.9692315541618,0,4.28604511008733e-16,6.99964285714288,0,90
436,66.4000000000005,4,1182,99.7450332409986,0,9.17808320866253e-16,14.9889473684211,0,90
436,66.4000000000005,5,887.744812500008,0,0,15.55375,0,0,0
436,66.4000000000005,6,1775.83693846061,0,0,0.3,0,0,0
436,66.5000000000005,1,844.475437373213,5.53593133503332e-37,0,15,1.64254821404016e-36,0,6.27407202075016e-36
436,66.5000000000005,2,572,99.8214320987663,0,2.47106509694611e-16,4.03555555555538,0,90
436,66.5000000000005,3,1182,99.9692315541618,0,4.28604511008733e-16,6.99964285714288,0,90
436,66.5000000000005,4,1182,99.7450332409986,0,9.17808320866253e-16,14.9889473684211,0,90
436,66.5000000000005,5,889.300000000008,0,0,15.55,0,0,0
436,66.5000000000005,6,1775.83693846061,0,0,0.3,0,0,0
436,66.6000000000005,1,845.975437373213,7.01410761007546e-37,0,15,1.27789024390534e-36,0,4.88118117711462e-36
436,66.6000000000005,2,572,99.8214320987663,0,2.47106509694611e-16,4.03555555555538,0,90
436,66.6000000000005,3,1182,99.9692315541618,0,4.28604511008733e-16,6.99964285714288,0,90
436,66.6000000000005,4,1182,99.7450332409986,0,9.17808320866253e-16,14.9889473684211,0,90
436,66.6000000000005,5,890.854812500008,0,0,15.54625,0,0,0
436,66.6000000000005,6,1775.83693846061,0,0,0.3,0,0,0
436,66.7000000000005,1,847.475437373213,8.01988363856595e-37,0,15,6.97747720936818e-37,0,2.66519997163677e-36
436,66.7000000000005,2,572,99.8214320987663,0,2.47106509694611e-16,4.03555555555538,0,90
436,66.7000000000005,3,1182,99.9692315541618,0,4.28604511008733e-16,6.99964285714288,0,90
436,66.7000000000005,4,1182,99.7450332409986,0,9.17808320866253e-16,14.9889473684211,0,90
436,66.7000000000005,5,892.409250000008,0,0,15.5425,0,0,0
436,66.7000000000005,6,1775.83693846061,0,0,0.3,0,0,0
436,66.8000000000005,1,848.975437373213,8.33777486767112e-37,0,15,-9.78793548653978e-38,0,-3.73871595683371e-37
436,66.8000000000005,2,572,99.8214320987663,0,2.47106509694611e-16,4.03555555555538,0,90
436,66.8000000000005,3,1182,99.9692315541618,0,4.28604511008733e-16,6.99964285714288,0,90
436,66.8000000000005,4,1182,99.7450332409986,0,9.17808320866253e-16,14.9889473684211,0,90
436,66.8000000000005,5,893.963312500008,0,0,15.53875,0,0,0
436,66.8000000000005,6,1775.83693846061,0,0,0.3,0,0,0
436,66.9000000000005,1,850.475437373213,7.75229674455727e-37,0,15,-1.10899098350131e-36,0,-4.23603352484581e-36
436,66.9000000000005,2,572,99.8214320987663,0,2.47106509694611e-16,4.03555555555538,0,90
436,66.9000000000005,3,1182,99.9692315541618,0,4.28604511008733e-16,6.99964285714288,0,90
436,66.9000000000005,4,1182,99.7450332409986,0,9.17808320866253e-16,14.9889473684211,0,90
436,66.9000000000005,5,895.517000000007,0,0,15.535,0,0,0
436,66.9000000000005,6,1775.83693846061,0,0,0.3,0,0,0
436,67.0000000000005,1,851.975437373213,6.04796471639074e-37,0,15,-2.33558716497091e-36,0,-8.92128581585056e-36
436,67.0000000000005,2,572,99.8214320987663,0,2.47106509694611e-16,4.03555555555538,0,90
436,67.0000000000005,3,1182,99.9692315541618,0,4.28604511008733e-16,6.99964285714288,0,90
436,67.0000000000005,4,1182,99.7450332409986,0,9.17808320866253e-16,14.9889473684211,0,90
436,67.0000000000005,5,897.070312500007,0,0,15.53125,0,0,0
436,67.0000000000005,6,1775.83693846061,0,0,0.3,0,0,0
436,67.1000000000005,1,853.475437373213,3.00929423033781e-37,0,15,-3.77766789927421e-36,0,-1.44296284686976e-35
436,67.1000000000005,2,572,99.8214320987663,0,2.47106509694611e-16,4.03555555555538,0,90
436,67.1000000000005,3,1182,99.9692315541618,0,4.28604511008733e-16,6.99964285714288,0,90
436,67.1000000000005,4,1182,99.7450332409986,0,9.17808320866253e-16,14.9889473684211,0,90
436,67.1000000000005,5,898.623250000007,0,0,15.5275,0,0,0
436,67.1000000000005,6,1775.83693846061,0,0,0.3,0,0,0
436,67.2000000000005,1,854.975437373213,-1.57435279093613e-37,0,15,-5.38764380793321e-36,0,-2.05792834476243e-35
436,67.2000000000005,2,572,99.8214320987663,0,2.47106509694611e-16,4.03555555555538,0,90
436,67.2000000000005,3,1182,99.9692315541618,0,4.28604511008733e-16,6.99964285714288,0,90
436,67.2000000000005,4,1182,99.7450332409986,0,9.17808320866253e-16,14.9889473684211,0,90
436,67.2000000000005,5,900.175812500007,0,0,15.52375,0,0,0
436,67.2000000000005,6,1775.83693846061,0,0,0.3,0,0,0
436,67.3000000000005,1,856.475437373213,-7.55485112032273e-37,0,15,-6.4393196342704e-36,0,-2.45963891986279e-35
436,67.3000000000005,2,572,99.8214320987663,0,2.47106509694611e-16,4.03555555555538,0,90
436,67.3000000000005,3,1182,99.9692315541618,0,4.28604511008733e-16,6.99964285714288,0,90
436,67.3000000000005,4,1182,99.7450332409986,0,9.17808320866253e-16,14.9889473684211,0,90
436,67.3000000000005,5,901.728000000007,0,0,15.52,0,0,0
436,67.3000000000005,6,1775.83693846061,0,0,0.3,0,0,0
436,67.4000000000004,1,857.975437373213,-1.41849256263357e-36,0,15,-6.68679616118599e-36,0,-2.55416799000158e-35
436,67.4000000000004,2,572,99.8214320987663,0,2.47106509694611e-16,4.03555555555538,0,90
436,67.4000000000004,3,1182,99.9692315541618,0,4.28604511008733e-16,6.99964285714288,0,90
436,67.4000000000004,4,1182,99.7450332409986,0,9.17808320866253e-16,14.9889473684211,0,90
436,67.4000000000004,5,903.279812500007,0,0,15.51625,0,0,0
436,67.4000000000004,6,1775.83693846061,0,0,0.3,0,0,0
436,67.5000000000004,1,859.475437373213,-2.06603770095534e-36,0,15,-6.13007338867998e-36,0,-2.34151555517881e-35
436,67.5000000000004,2,572,99.8214320987663,0,2.47106509694611e-16,4.03555555555538,0,90
436,67.5000000000004,3,1182,99.9692315541618,0,4.28604511008733e-16,6.99964285714288,0,90
436,67.5000000000004,4,1182,99.7450332409986,0,9.17808320866253e-16,14.9889473684211,0,90
436,67.5000000000004,5,904.831250000007,0,0,15.5125,0,0,0
436,67.5000000000004,6,1775.83693846061,0,0,0.3,0,0,0
436,67.6000000000004,1,860.975437373212,-2.61770059705544e-36,0,15,-4.76915131675237e-36,0,-1.82168161539447e-35
436,67.6000000000004,2,572,99.8214320987663,0,2.47106509694611e-16,4.03555555555538,0,90
436,67.6000000000004,3,1182,99.9692315541618,0,4.28604511008733e-16,6.99964285714288,0,90
436,67.6000000000004,4,1182,99.7450332409986,0,9.17808320866253e-16,14.9889473684211,0,90
436,67.6000000000004,5,906.382312500007,0,0,15.50875,0,0,0
436,67.6000000000004,6,1775.83693846061,0,0,0.3,0,0,0
436,67.7000000000004,1,862.475437373212,-2.99306132099171e-36,0,15,-2.60402994540316e-36,0,-9.94666170648556e-36
436,67.7000000000004,2,572,99.8214320987663,0,2.47106509694611e-16,4.03555555555538,0,90
436,67.7000000000004,3,1182,99.9692315541618,0,4.28604511008733e-16,6.99964285714288,0,90
436,67.7000000000004,4,1182,99.7450332409986,0,9.17808320866253e-16,14.9889473684211,0,90
436,67.7000000000004,5,907.933000000007,0,0,15.505,0,0,0
436,67.7000000000004,6,1775.83693846061,0,0,0.3,0,0,0
436,67.8000000000004,1,863.975437373212,-3.11169994282199e-36,0,15,3.65290725367641e-37,0,1.39530779058922e-36
436,67.8000000000004,2,572,99.8214320987663,0,2.47106509694611e-16,4.03555555555538,0,90
436,67.8000000000004,3,1182,99.9692315541618,0,4.28604511008733e-16,6.99964285714288,0,90
436,67.8000000000004,4,1182,99.7450332409986,0,9.17808320866253e-16,14.9889473684211,0,90
436,67.8000000000004,5,909.483312500007,0,0,15.50125,0,0,0
436,67.8000000000004,6,1775.83693846061,0,0,0.3,0,0,0
436,67.9000000000004,1,865.475437373212,-2.89319653260413e-36,0,15,4.13881069556005e-36,0,1.58090923372797e-35
436,67.9000000000004,2,572,99.8214320987663,0,2.47106509694611e-16,4.03555555555538,0,90
436,67.9000000000004,3,1182,99.9692315541618,0,4.28604511008733e-16,6.99964285714288,0,90
436,67.9000000000004,4,1182,99.7450332409986,0,9.17808320866253e-16,14.9889473684211,0,90
436,67.9000000000004,5,911.033250000007,0,0,15.4975,0,0,0
436,67.9000000000004,6,1775.83693846061,0,0,0.3,0,0,0
436,68.0000000000004,1,866.975437373212,-2.25713116039598e-36,0,15,8.71652996517404e-36,0,3.32946919335858e-35
436,68.0000000000004,2,572,99.8214320987663,0,2.47106509694611e-16,4.03555555555538,0,90
436,68.0000000000004,3,1182,99.9692315541618,0,4.28604511008733e-16,6.99964285714288,0,90
436,68.0000000000004,4,1182,99.7450332409986,0,9.17808320866253e-16,14.9889473684211,0,90
436,68.0000000000004,5,912.582812500006,0,0,15.49375,0,0,0
436,68.0000000000004,6,1775.83693846061,0,0,0.3,0,0,0
436,68.1000000000004,1,868.475437373212,-1.12308389625537e-36,0,15,1.40984485342096e-35,0,5.38521065795076e-35
436,68.1000000000004,2,572,99.8214320987663,0,2.47106509694611e-16,4.03555555555538,0,90
436,68.1000000000004,3,1182,99.9692315541618,0,4.28604511008733e-16,6.99964285714288,0,90
436,68.1000000000004,4,1182,99.7450332409986,0,9.17808320866253e-16,14.9889473684211,0,90
436,68.1000000000004,5,914.132000000006,0,0,15.49,0,0,0
436,68.1000000000004,6,1775.83693846061,0,0,0.3,0,0,0
436,68.2000000000004,1,869.975437373212,5.87556460479722e-37,0,15,2.01069604242867e-35,0,7.68029314098803e-35
436,68.2000000000004,2,572,99.8214320987663,0,2.47106509694611e-16,4.03555555555538,0,90
436,68.2000000000004,3,1182,99.9692315541618,0,4.28604511008733e-16,6.99964285714288,0,90
436,68.2000000000004,4,1182,99.7450332409986,0,9.17808320866253e-16,14.9889473684211,0,90
436,68.2000000000004,5,915.680812500006,0,0,15.48625,0,0,0
436,68.2000000000004,6,1775.83693846061,0,0,0.3,0,0,0
436,68.3000000000004,1,871.475437373212,2.81950882246459e-36,0,15,2.40318680412712e-35,0,9.17949741720108e-35
436,68.3000000000004,2,572,99.8214320987663,0,2.47106509694611e-16,4.03555555555538,0,90
436,68.3000000000004,3,1182,99.9692315541618,0,4.28604511008733e-16,6.99964285714288,0,90
436,68.3000000000004,4,1182,99.7450332409986,0,9.17808320866253e-16,14.9889473684211,0,90
436,68.3000000000004,5,917.229250000006,0,0,15.4825,0,0,0
436,68.3000000000004,6,1775.83693846061,0,0,0.3,0,0,0
436,68.4000000000004,1,872.975437373212,5.29388631390526e-36,0,15,2.49554630134029e-35,0,9.53228470975208e-35
436,68.4000000000004,2,572,99.8214320987663,0,2.47106509694611e-16,4.03555555555538,0,90
436,68.4000000000004,3,1182,99.9692315541618,0,4.28604511008733e-16,6.99964285714288,0,90
436,68.4000000000004,4,1182,99.7450332409986,0,9.17808320866253e-16,14.9889473684211,0,90
436,68.4000000000004,5,918.777312500006,0,0,15.47875,0,0,0
436,68.4000000000004,6,1775.83693846061,0,0,0.3,0,0,0
436,68.5000000000004,1,874.475437373212,7.71055767031647e-36,0,15,2.28777453406819e-35,0,8.73865501864103e-35
436,68.5000000000004,2,572,99.8214320987663,0,2.47106509694611e-16,4.03555555555538,0,90
436,68.5000000000004,3,1182,99.9692315541618,0,4.28604511008733e-16,6.99964285714288,0,90
436,68.5000000000004,4,1182,99.7450332409986,0,9.17808320866253e-16,14.9889473684211,0,90
436,68.5000000000004,5,920.325000000006,0,0,15.475,0,0,0
436,68.5000000000004,6,1775.83693846061,0,0,0.3,0,0,0
436,68.6000000000004,1,875.975437373212,9.76939162721296e-36,0,15,1.77987150231082e-35,0,6.79860834386794e-35
436,68.6000000000004,2,572,99.8214320987663,0,2.47106509694611e-16,4.03555555555538,0,90
436,68.6000000000004,3,1182,99.9692315541618,0,4.28604511008733e-16,6.99964285714288,0,90
436,68.6000000000004,4,1182,99.7450332409986,0,9.17808320866253e-16,14.9889473684211,0,90
436,68.6000000000004,5,921.872312500006,0,0,15.47125,0,0,0
436,68.6000000000004,6,1775.83693846061,0,0,0.3,0,0,0
436,68.7000000000004,1,877.475437373211,1.11702569201095e-35,0,15,9.71837206068173e-36,0,3.7121446854328e-35
436,68.7000000000004,2,572,99.8214320987663,0,2.47106509694611e-16,4.03555555555538,0,90
436,68.7000000000004,3,1182,99.9692315541618,0,4.28604511008733e-16,6.99964285714288,0,90
436,68.7000000000004,4,1182,99.7450332409986,0,9.17808320866253e-16,14.9889473684211,0,90
436,68.7000000000004,5,923.419250000006,0,0,15.4675,0,0,0
436,68.7000000000004,6,1775.83693846061,0,0,0.3,0,0,0
436,68.8000000000004,1,878.975437373211,1.16130222845208e-35,0,15,-1.36328354659741e-36,0,-5.20735956664389e-36
436,68.8000000000004,2,572,99.8214320987663,0,2.47106509694611e-16,4.03555555555538,0,90
436,68.8000000000004,3,1182,99.9692315541618,0,4.28604511008733e-16,6.99964285714288,0,90
436,68.8000000000004,4,1182,99.7450332409986,0,9.17808320866253e-16,14.9889473684211,0,90
436,68.8000000000004,5,924.965812500006,0,0,15.46375,0,0,0
436,68.8000000000004,6,1775.83693846061,0,0,0.3,0,0,0
436,68.9000000000004,1,880.475437373211,1.07975564559616e-35,0,15,-1.54462517987293e-35,0,-5.90003358242363e-35
436,68.9000000000004,2,572,99.8214320987663,0,2.47106509694611e-16,4.03555555555538,0,90
436,68.9000000000004,3,1182,99.9692315541618,0,4.28604511008733e-16,6.99964285714288,0,90
436,68.9000000000004,4,1182,99.7450332409986,0,9.17808320866253e-16,14.9889473684211,0,90
436,68.9000000000004,5,926.512000000006,0,0,15.46,0,0,0
436,68.9000000000004,6,1775.83693846061,0,0,0.3,0,0,0
436,69.0000000000004,1,881.975437373211,8.42372816994668e-36,0,15,-3.25305326957139e-35,0,-1.24257481918449e-34
436,69.0000000000004,2,572,99.8214320987663,0,2.47106509694611e-16,4.03555555555538,0,90
436,69.0000000000004,3,1182,99.9692315541618,0,4.28604511008733e-16,6.99964285714288,0,90
436,69.0000000000004,4,1182,99.7450332409986,0,9.17808320866253e-16,14.9889473684211,0,90
436,69.0000000000004,5,928.057812500006,0,0,15.45625,0,0,0
436,69.0000000000004,6,1775.83693846061,0,0,0.3,0,0,0
436,69.1000000000003,1,883.475437373211,4.19140616199077e-36,0,15,-5.26161262375511e-35,0,-2.00978797849282e-34
436,69.1000000000003,2,572,99.8214320987663,0,2.47106509694611e-16,4.03555555555538,0,90
436,69.1000000000003,3,1182,99.9692315541618,0,4.28604511008733e-16,6.99964285714288,0,90
436,69.1000000000003,4,1182,99.7450332409986,0,9.17808320866253e-16,14.9889473684211,0,90
436,69.1000000000003,5,929.603250000005,0,0,15.4525,0,0,0
436,69.1000000000003,6,1775.83693846061,0,0,0.3,0,0,0
436,69.2000000000003,1,884.975437373211,-2.19279056282138e-36,0,15,-7.50401978892027e-35,0,-2.86632442191855e-34
436,69.2000000000003,2,572,99.8214320987663,0,2.47106509694611e-16,4.03555555555538,0,90
436,69.2000000000003,3,1182,99.9692315541618,0,4.28604511008733e-16,6.99964285714288,0,90
436,69.2000000000003,4,1182,99.7450332409986,0,9.17808320866253e-16,14.9889473684211,0,90
436,69.2000000000003,5,931.148312500005,0,0,15.44875,0,0,0
436,69.2000000000003,6,1775.83693846061,0,0,0.3,0,0,0
436,69.3000000000003,1,886.475437373211,-1.05225501778214e-35,0,15,-8.96881525308088e-35,0,-3.42583507489395e-34
436,69.3000000000003,2,572,99.8214320987663,0,2.47106509694611e-16,4.03555555555538,0,90
436,69.3000000000003,3,1182,99.9692315541618,0,4.28604511008733e-16,6.99964285714288,0,90
436,69.3000000000003,4,1182,99.7450332409986,0,9.17808320866253e-16,14.9889473684211,0,90
436,69.3000000000003,5,932.693000000005,0,0,15.445,0,0,0
436,69.3000000000003,6,1775.83693846061,0,0,0.3,0,0,0
436,69.4000000000003,1,887.975437373211,-1.97570526929825e-35,0,15,-9.31350558924256e-35,0,-3.55749708490068e-34
436,69.4000000000003,2,572,99.8214320987663,0,2.47106509694611e-16,4.03555555555538,0,90
436,69.4000000000003,3,1182,99.9692315541618,0,4.28604511008733e-16,6.99964285714288,0,90
436,69.4000000000003,4,1182,99.7450332409986,0,9.17808320866253e-16,14.9889473684211,0,90
436,69.4000000000003,5,934.237312500005,0,0,15.44125,0,0,0
436,69.4000000000003,6,1775.83693846061,0,0,0.3,0,0,0
436,69.5000000000003,1,889.475437373211,-2.87761929803058e-35,0,15,-8.53809079740528e-35,0,-3.26131045193873e-34
436,69.5000000000003,2,572,99.8214320987663,0,2.47106509694611e-16,4.03555555555538,0,90
436,69.5000000000003,3,1182,99.9692315541618,0,4.28604511008733e-16,6.99964285714288,0,90
436,69.5000000000003,4,1182,99.7450332409986,0,9.17808320866253e-16,14.9889473684211,0,90
436,69.5000000000003,5,935.781250000005,0,0,15.4375,0,0,0
436,69.5000000000003,6,1775.83693846061,0,0,0.3,0,0,0
436,69.6000000000003,1,890.975437373211,-3.64598659117925e-35,0,15,-6.64257087756906e-35,0,-2.53727517600813e-34
436,69.6000000000003,2,572,99.8214320987663,0,2.47106509694611e-16,4.03555555555538,0,90
436,69.6000000000003,3,1182,99.9692315541618,0,4.28604511008733e-16,6.99964285714288,0,90
436,69.6000000000003,4,1182,99.7450332409986,0,9.17808320866253e-16,14.9889473684211,0,90
436,69.6000000000003,5,937.324812500005,0,0,15.43375,0,0,0
436,69.6000000000003,6,1775.83693846061,0,0,0.3,0,0,0
436,69.7000000000003,1,892.475437373211,-4.16879663594436e-35,0,15,-3.6269458297339e-35,0,-1.38539125710885e-34
436,69.7000000000003,2,572,99.8214320987663,0,2.47106509694611e-16,4.03555555555538,0,90
436,69.7000000000003,3,1182,99.9692315541618,0,4.28604511008733e-16,6.99964285714288,0,90
436,69.7000000000003,4,1182,99.7450332409986,0,9.17808320866253e-16,14.9889473684211,0,90
436,69.7000000000003,5,938.868000000005,0,0,15.43,0,0,0
436,69.7000000000003,6,1775.83693846061,0,0,0.3,0,0,0
436,69.8000000000003,1,893.975437373211,-4.33403891952602e-35,0,15,5.08784346100214e-36,0,1.94341304759104e-35
436,69.8000000000003,2,572,99.8214320987663,0,2.47106509694611e-16,4.03555555555538,0,90
436,69.8000000000003,3,1182,99.9692315541618,0,4.28604511008733e-16,6.99964285714288,0,90
436,69.8000000000003,4,1182,99.7450332409986,0,9.17808320866253e-16,14.9889473684211,0,90
436,69.8000000000003,5,940.410812500005,0,0,15.42625,0,0,0
436,69.8000000000003,6,1775.83693846061,0,0,0.3,0,0,0
436,69.9000000000003,1,895.47543737321,-4.02970292912436e-35,0,15,5.76461964993327e-35,0,2.20192250959572e-34
436,69.9000000000003,2,572,99.8214320987663,0,2.47106509694611e-16,4.03555555555538,0,90
436,69.9000000000003,3,1182,99.9692315541618,0,4.28604511008733e-16,6.99964285714288,0,90
436,69.9000000000003,4,1182,99.7450332409986,0,9.17808320866253e-16,14.9889473684211,0,90
436,69.9000000000003,5,941.953250000005,0,0,15.4225,0,0,0
436,69.9000000000003,6,1775.83693846061,0,0,0.3,0,0,0
436,70.0000000000003,1,896.97543737321,-3.14377815193947e-35,0,15,1.21405600817653e-34,0,4.63735235740101e-34
436,70.0000000000003,2,572,99.8214320987663,0,2.47106509694611e-16,4.03555555555538,0,90
436,70.0000000000003,3,1182,99.9692315541618,0,4.28604511008733e-16,6.99964285714288,0,90
436,70.0000000000003,4,1182,99.7450332409986,0,9.17808320866253e-16,14.9889473684211,0,90
436,70.0000000000003,5,943.495312500005,0,0,15.41875,0,0,0
436,70.0000000000003,6,1775.83693846061,0,0,0.3,0,0,0
436,70.1000000000003,1,898.47543737321,-1.56425407517148e-35,0,15,1.96366056415962e-34,0,7.50063084817497e-34
436,70.1000000000003,2,572,99.8214320987663,0,2.47106509694611e-16,4.03555555555538,0,90
436,70.1000000000003,3,1182,99.9692315541618,0,4.28604511008733e-16,6.99964285714288,0,90
436,70.1000000000003,4,1182,99.7450332409986,0,9.17808320866253e-16,14.9889473684211,0,90
436,70.1000000000003,5,945.037000000005,0,0,15.415,0,0,0
436,70.1000000000003,6,1775.83693846061,0,0,0.3,0,0,0
436,70.2000000000003,1,899.97543737321,8.1836057907949e-36,0,15,2.80053831132492e-34,0,1.06972683735742e-33
436,70.2000000000003,2,572,99.8214320987663,0,2.47106509694611e-16,4.03555555555538,0,90
436,70.2000000000003,3,1182,99.9692315541618,0,4.28604511008733e-16,6.99964285714288,0,90
436,70.2000000000003,4,1182,99.7450332409986,0,9.17808320866253e-16,14.9889473684211,0,90
436,70.2000000000003,5,946.578312500004,0,0,15.41125,0,0,0
436,70.2000000000003,6,1775.83693846061,0,0,0.3,0,0,0
436,70.3000000000003,1,901.47543737321,3.92706918888078e-35,0,15,3.3472074208195e-34,0,1.27853905578551e-33
436,70.3000000000003,2,572,99.8214320987663,0,2.47106509694611e-16,4.03555555555538,0,90
436,70.3000000000003,3,1182,99.9692315541618,0,4.28604511008733e-16,6.99964285714288,0,90
436,70.3000000000003,4,1182,99.7450332409986,0,9.17808320866253e-16,14.9889473684211,0,90
436,70.3000000000003,5,948.119250000004,0,0,15.4075,0,0,0
436,70.3000000000003,6,1775.83693846061,0,0,0.3,0,0,0
436,70.4000000000003,1,902.97543737321,7.3734324458011e-35,0,15,3.47584760556303e-34,0,1.32767598686276e-33
436,70.4000000000003,2,572,99.8214320987663,0,2.47106509694611e-16,4.03555555555538,0,90
436,70.4000000000003,3,1182,99.9692315541618,0,4.28604511008733e-16,6.99964285714288,0,90
436,70.4000000000003,4,1182,99.7450332409986,0,9.17808320866253e-16,14.9889473684211,0,90
436,70.4000000000003,5,949.659812500004,0,0,15.40375,0,0,0
436,70.4000000000003,6,1775.83693846061,0,0,0.3,0,0,0
436,70.5000000000003,1,904.47543737321,1.07394214250894e-34,0,15,3.18645886555552e-34,0,1.21713763058917e-33
436,70.5000000000003,2,572,99.8214320987663,0,2.47106509694611e-16,4.03555555555538,0,90
436,70.5000000000003,3,1182,99.9692315541618,0,4.28604511008733e-16,6.99964285714288,0,90
436,70.5000000000003,4,1182,99.7450332409986,0,9.17808320866253e-16,14.9889473684211,0,90
436,70.5000000000003,5,951.200000000004,0,0,15.4,0,0,0
436,70.5000000000003,6,1775.83693846061,0,0,0.3,0,0,0
436,70.6000000000003,1,905.97543737321,1.36070072019948e-34,0,15,2.47904120079698e-34,0,9.46923986964736e-34
436,70.6000000000003,2,572,99.8214320987663,0,2.47106509694611e-16,4.03555555555538,0,90
436,70.6000000000003,3,1182,99.9692315541618,0,4.28604511008733e-16,6.99964285714288,0,90
436,70.6000000000003,4,1182,99.7450332409986,0,9.17808320866253e-16,14.9889473684211,0,90
436,70.6000000000003,5,952.739812500004,0,0,15.39625,0,0,0
436,70.6000000000003,6,1775.83693846061,0,0,0.3,0,0,0
436,70.7000000000003,1,907.47543737321,1.55581608517661e-34,0,15,1.35359461128739e-34,0,5.17035055989457e-34
436,70.7000000000003,2,572,99.8214320987663,0,2.47106509694611e-16,4.03555555555538,0,90
436,70.7000000000003,3,1182,99.9692315541618,0,4.28604511008733e-16,6.99964285714288,0,90
436,70.7000000000003,4,1182,99.7450332409986,0,9.17808320866253e-16,14.9889473684211,0,90
436,70.7000000000003,5,954.279250000004,0,0,15.3925,0,0,0
436,70.7000000000003,6,1775.83693846061,0,0,0.3,0,0,0
436,70.8000000000003,1,908.97543737321,1.61748534496524e-34,0,15,-1.89880902973242e-35,0,-7.25291623366658e-35
436,70.8000000000003,2,572,99.8214320987663,0,2.47106509694611e-16,4.03555555555538,0,90
436,70.8000000000003,3,1182,99.9692315541618,0,4.28604511008733e-16,6.99964285714288,0,90
436,70.8000000000003,4,1182,99.7450332409986,0,9.17808320866253e-16,14.9889473684211,0,90
436,70.8000000000003,5,955.818312500004,0,0,15.38875,0,0,0
436,70.8000000000003,6,1775.83693846061,0,0,0.3,0,0,0
436,70.9000000000002,1,910.47543737321,1.50390560709026e-34,0,15,-2.15138534198491e-34,0,-8.21768668013632e-34
436,70.9000000000002,2,572,99.8214320987663,0,2.47106509694611e-16,4.03555555555538,0,90
436,70.9000000000002,3,1182,99.9692315541618,0,4.28604511008733e-16,6.99964285714288,0,90
436,70.9000000000002,4,1182,99.7450332409986,0,9.17808320866253e-16,14.9889473684211,0,90
436,70.9000000000002,5,957.357000000004,0,0,15.385,0,0,0
436,70.9000000000002,6,1775.83693846061,0,0,0.3,0,0,0
436,71.0000000000002,1,911.97543737321,1.17327397907658e-34,0,15,-4.53091870574763e-34,0,-1.73068346104144e-33
436,71.0000000000002,2,572,99.8214320987663,0,2.47106509694611e-16,4.03555555555538,0,90
436,71.0000000000002,3,1182,99.9692315541618,0,4.28604511008733e-16,6.99964285714288,0,90
436,71.0000000000002,4,1182,99.7450332409986,0,9.17808320866253e-16,14.9889473684211,0,90
436,71.0000000000002,5,958.895312500004,0,0,15.38125,0,0,0
436,71.0000000000002,6,1775.83693846061,0,0,0.3,0,0,0
436,71.1000000000002,1,913.475437373209,5.83787568449089e-35,0,15,-7.32848099426138e-34,0,-2.79927354142009e-33
436,71.1000000000002,2,572,99.8214320987663,0,2.47106509694611e-16,4.03555555555538,0,90
436,71.1000000000002,3,1182,99.9692315541618,0,4.28604511008733e-16,6.99964285714288,0,90
436,71.1000000000002,4,1182,99.7450332409986,0,9.17808320866253e-16,14.9889473684211,0,90
436,71.1000000000002,5,960.433250000004,0,0,15.3775,0,0,0
436,71.1000000000002,6,1775.83693846061,0,0,0.3,0,0,0
436,71.2000000000002,1,914.975437373209,-3.05416326003021e-35,0,15,-1.04517512664062e-33,0,-3.99227490723724e-33
436,71.2000000000002,2,572,99.8214320987663,0,2.47106509694611e-16,4.03555555555538,0,90
436,71.2000000000002,3,1182,99.9692315541618,0,4.28604511008733e-16,6.99964285714288,0,90
436,71.2000000000002,4,1182,99.7450332409986,0,9.17808320866253e-16,14.9889473684211,0,90
436,71.2000000000002,5,961.970812500004,0,0,15.37375,0,0,0
436,71.2000000000002,6,1775.83693846061,0,0,0.3,0,0,0
436,71.3000000000002,1,916.475437373209,-1.46560217377343e-34,0,15,-1.24919481579692e-33,0,-4.7715727156524e-33
436,71.3000000000002,2,572,99.8214320987663,0,2.47106509694611e-16,4.03555555555538,0,90
436,71.3000000000002,3,1182,99.9692315541618,0,4.28604511008733e-16,6.99964285714288,0,90
436,71.3000000000002,4,1182,99.7450332409986,0,9.17808320866253e-16,14.9889473684211,0,90
436,71.3000000000002,5,963.508000000003,0,0,15.37,0,0,0
436,71.3000000000002,6,1775.83693846061,0,0,0.3,0,0,0
436,71.4000000000002,1,917.975437373209,-2.75180245138992e-34,0,15,-1.2972039863328e-33,0,-4.95495423896105e-33
436,71.4000000000002,2,572,99.8214320987663,0,2.47106509694611e-16,4.03555555555538,0,90
436,71.4000000000002,3,1182,99.9692315541618,0,4.28604511008733e-16,6.99964285714288,0,90
436,71.4000000000002,4,1182,99.7450332409986,0,9.17808320866253e-16,14.9889473684211,0,90
436,71.4000000000002,5,965.044812500003,0,0,15.36625,0,0,0
436,71.4000000000002,6,1775.83693846061,0,0,0.3,0,0,0
436,71.5000000000002,1,919.475437373209,-4.00800664023208e-34,0,15,-1.18920263824826e-33,0,-4.54241947716321e-33
436,71.5000000000002,2,572,99.8214320987663,0,2.47106509694611e-16,4.03555555555538,0,90
436,71.5000000000002,3,1182,99.9692315541618,0,4.28604511008733e-16,6.99964285714288,0,90
436,71.5000000000002,4,1182,99.7450332409986,0,9.17808320866253e-16,14.9889473684211,0,90
436,71.5000000000002,5,966.581250000003,0,0,15.3625,0,0,0
436,71.5000000000002,6,1775.83693846061,0,0,0.3,0,0,0
436,71.6000000000002,1,920.975437373209,-5.0782042216795e-34,0,15,-9.25190771543292e-34,0,-3.53396843025887e-33
436,71.6000000000002,2,572,99.8214320987663,0,2.47106509694611e-16,4.03555555555538,0,90
436,71.6000000000002,3,1182,99.9692315541618,0,4.28604511008733e-16,6.99964285714288,0,90
436,71.6000000000002,4,1182,99.7450332409986,0,9.17808320866253e-16,14.9889473684211,0,90
436,71.6000000000002,5,968.117312500003,0,0,15.35875,0,0,0
436,71.6000000000002,6,1775.83693846061,0,0,0.3,0,0,0
436,71.7000000000002,1,922.475437373209,-5.80638467711176e-34,0,15,-5.05168386217899e-34,0,-1.92960109824802e-33
436,71.7000000000002,2,572,99.8214320987663,0,2.47106509694611e-16,4.03555555555538,0,90
436,71.7000000000002,3,1182,99.9692315541618,0,4.28604511008733e-16,6.99964285714288,0,90
436,71.7000000000002,4,1182,99.7450332409986,0,9.17808320866253e-16,14.9889473684211,0,90
436,71.7000000000002,5,969.653000000003,0,0,15.355,0,0,0
436,71.7000000000002,6,1775.83693846061,0,0,0.3,0,0,0
436,71.8000000000002,1,923.975437373209,-6.03653748790843e-34,0,15,7.08645177279187e-35,0,2.70682518869316e-34
436,71.8000000000002,2,572,99.8214320987663,0,2.47106509694611e-16,4.03555555555538,0,90
436,71.8000000000002,3,1182,99.9692315541618,0,4.28604511008733e-16,6.99964285714288,0,90
436,71.8000000000002,4,1182,99.7450332409986,0,9.17808320866253e-16,14.9889473684211,0,90
436,71.8000000000002,5,971.188312500003,0,0,15.35125,0,0,0
436,71.8000000000002,6,1775.83693846061,0,0,0.3,0,0,0
436,71.9000000000002,1,925.475437373209,-5.61265213544912e-34,0,15,8.02907940294161e-34,0,3.06688242109315e-33
436,71.9000000000002,2,572,99.8214320987663,0,2.47106509694611e-16,4.03555555555538,0,90
436,71.9000000000002,3,1182,99.9692315541618,0,4.28604511008733e-16,6.99964285714288,0,90
436,71.9000000000002,4,1182,99.7450332409986,0,9.17808320866253e-16,14.9889473684211,0,90
436,71.9000000000002,5,972.723250000003,0,0,15.3475,0,0,0
436,71.9000000000002,6,1775.83693846061,0,0,0.3,0,0,0
436,72.0000000000002,1,926.975437373209,-4.3787181011134e-34,0,15,1.69096188148083e-33,0,6.45899860842349e-33
436,72.0000000000002,2,572,99.8214320987663,0,2.47106509694611e-16,4.03555555555538,0,90
436,72.0000000000002,3,1182,99.9692315541618,0,4.28604511008733e-16,6.99964285714288,0,90
436,72.0000000000002,4,1182,99.7450332409986,0,9.17808320866253e-16,14.9889473684211,0,90
436,72.0000000000002,5,974.257812500003,0,0,15.34375,0,0,0
436,72.0000000000002,6,1775.83693846061,0,0,0.3,0,0,0
436,72.1000000000002,1,928.475437373209,-2.17872486628085e-34,0,15,2.73502634128792e-33,0,1.04470310808603e-32
436,72.1000000000002,2,572,99.8214320987663,0,2.47106509694611e-16,4.03555555555538,0,90
436,72.1000000000002,3,1182,99.9692315541618,0,4.28604511008733e-16,6.99964285714288,0,90
436,72.1000000000002,4,1182,99.7450332409986,0,9.17808320866253e-16,14.9889473684211,0,90
436,72.1000000000002,5,975.792000000003,0,0,15.34,0,0,0
436,72.1000000000002,6,1775.83693846061,0,0,0.3,0,0,0
436,72.2000000000002,1,929.975437373208,1.13982924610152e-34,0,15,3.90064667542927e-33,0,1.48993727915889e-32
436,72.2000000000002,2,572,99.8214320987663,0,2.47106509694611e-16,4.03555555555538,0,90
436,72.2000000000002,3,1182,99.9692315541618,0,4.28604511008733e-16,6.99964285714288,0,90
436,72.2000000000002,4,1182,99.7450332409986,0,9.17808320866253e-16,14.9889473684211,0,90
436,72.2000000000002,5,977.325812500003,0,0,15.33625,0,0,0
436,72.2000000000002,6,1775.83693846061,0,0,0.3,0,0,0
436,72.3000000000002,1,931.475437373208,5.4697017762025e-34,0,15,4.66205852110541e-33,0,1.78077518068228e-32
436,72.3000000000002,2,572,99.8214320987663,0,2.47106509694611e-16,4.03555555555538,0,90
436,72.3000000000002,3,1182,99.9692315541618,0,4.28604511008733e-16,6.99964285714288,0,90
436,72.3000000000002,4,1182,99.7450332409986,0,9.17808320866253e-16,14.9889473684211,0,90
436,72.3000000000002,5,978.859250000003,0,0,15.3325,0,0,0
436,72.3000000000002,6,1775.83693846061,0,0,0.3,0,0,0
436,72.4000000000002,1,932.975437373208,1.02698665609763e-33,0,15,4.84123118477496e-33,0,1.84921409689816e-32
436,72.4000000000002,2,572,99.8214320987663,0,2.47106509694611e-16,4.03555555555538,0,90
436,72.4000000000002,3,1182,99.9692315541618,0,4.28604511008733e-16,6.99964285714288,0,90
436,72.4000000000002,4,1182,99.7450332409986,0,9.17808320866253e-16,14.9889473684211,0,90
436,72.4000000000002,5,980.392312500003,0,0,15.32875,0,0,0
436,72.4000000000002,6,1775.83693846061,0,0,0.3,0,0,0
436,72.5000000000002,1,934.475437373208,1.49580844184163e-33,0,15,4.4381646664379e-33,0,1.69525402780652e-32
436,72.5000000000002,2,572,99.8214320987663,0,2.47106509694611e-16,4.03555555555538,0,90
436,72.5000000000002,3,1182,99.9692315541618,0,4.28604511008733e-16,6.99964285714288,0,90
436,72.5000000000002,4,1182,99.7450332409986,0,9.17808320866253e-16,14.9889473684211,0,90
436,72.5000000000002,5,981.925000000002,0,0,15.325,0,0,0
436,72.5000000000002,6,1775.83693846061,0,0,0.3,0,0,0
436,72.6000000000002,1,935.975437373208,1.89521161665161e-33,0,15,3.45285896609425e-33,0,1.31889497340737e-32
436,72.6000000000002,2,572,99.8214320987663,0,2.47106509694611e-16,4.03555555555538,0,90
436,72.6000000000002,3,1182,99.9692315541618,0,4.28604511008733e-16,6.99964285714288,0,90
436,72.6000000000002,4,1182,99.7450332409986,0,9.17808320866253e-16,14.9889473684211,0,90
436,72.6000000000002,5,983.457312500002,0,0,15.32125,0,0,0
436,72.6000000000002,6,1775.83693846061,0,0,0.3,0,0,0
436,72.7000000000001,1,937.475437373208,2.16697226232689e-33,0,15,1.885314083744e-33,0,7.20136933700701e-33
436,72.7000000000001,2,572,99.8214320987663,0,2.47106509694611e-16,4.03555555555538,0,90
436,72.7000000000001,3,1182,99.9692315541618,0,4.28604511008733e-16,6.99964285714288,0,90
436,72.7000000000001,4,1182,99.7450332409986,0,9.17808320866253e-16,14.9889473684211,0,90
436,72.7000000000001,5,984.989250000002,0,0,15.3175,0,0,0
436,72.7000000000001,6,1775.83693846061,0,0,0.3,0,0,0
436,72.8000000000001,1,938.975437373208,2.25286646066683e-33,0,15,-2.64469980612845e-34,0,-1.01020091313485e-33
436,72.8000000000001,2,572,99.8214320987663,0,2.47106509694611e-16,4.03555555555538,0,90
436,72.8000000000001,3,1182,99.9692315541618,0,4.28604511008733e-16,6.99964285714288,0,90
436,72.8000000000001,4,1182,99.7450332409986,0,9.17808320866253e-16,14.9889473684211,0,90
436,72.8000000000001,5,986.520812500002,0,0,15.31375,0,0,0
436,72.8000000000001,6,1775.83693846061,0,0,0.3,0,0,0
436,72.9000000000001,1,940.475437373208,2.09467029347077e-33,0,15,-2.99649322697629e-33,0,-1.14457610163519e-32
436,72.9000000000001,2,572,99.8214320987663,0,2.47106509694611e-16,4.03555555555538,0,90
436,72.9000000000001,3,1182,99.9692315541618,0,4.28604511008733e-16,6.99964285714288,0,90
436,72.9000000000001,4,1182,99.7450332409986,0,9.17808320866253e-16,14.9889473684211,0,90
436,72.9000000000001,5,988.052000000002,0,0,15.31,0,0,0
436,72.9000000000001,6,1775.83693846061,0,0,0.3,0,0,0
436,73.0000000000001,1,941.975437373208,1.63415984253806e-33,0,15,-6.31075565534634e-33,0,-2.41053109726441e-32
436,73.0000000000001,2,572,99.8214320987663,0,2.47106509694611e-16,4.03555555555538,0,90
436,73.0000000000001,3,1182,99.9692315541618,0,4.28604511008733e-16,6.99964285714288,0,90
436,73.0000000000001,4,1182,99.7450332409986,0,9.17808320866253e-16,14.9889473684211,0,90
436,73.0000000000001,5,989.582812500002,0,0,15.30625,0,0,0
436,73.0000000000001,6,1775.83693846061,0,0,0.3,0,0,0
436,73.1000000000001,1,943.475437373208,8.13111189668028e-34,0,15,-1.0207257265723e-32,0,-3.89888507820114e-32
436,73.1000000000001,2,572,99.8214320987663,0,2.47106509694611e-16,4.03555555555538,0,90
436,73.1000000000001,3,1182,99.9692315541618,0,4.28604511008733e-16,6.99964285714288,0,90
436,73.1000000000001,4,1182,99.7450332409986,0,9.17808320866253e-16,14.9889473684211,0,90
436,73.1000000000001,5,991.113250000002,0,0,15.3025,0,0,0
436,73.1000000000001,6,1775.83693846061,0,0,0.3,0,0,0
436,73.2000000000001,1,944.975437373208,-4.2539006583955e-34,0,15,-1.45574115750743e-32,0,-5.560521625911e-32
436,73.2000000000001,2,572,99.8214320987663,0,2.47106509694611e-16,4.03555555555538,0,90
436,73.2000000000001,3,1182,99.9692315541618,0,4.28604511008733e-16,6.99964285714288,0,90
436,73.2000000000001,4,1182,99.7450332409986,0,9.17808320866253e-16,14.9889473684211,0,90
436,73.2000000000001,5,992.643312500002,0,0,15.29875,0,0,0
436,73.2000000000001,6,1775.83693846061,0,0,0.3,0,0,0
436,73.3000000000001,1,946.475437373207,-2.04132049310274e-33,0,15,-1.73990392686237e-32,0,-6.6459434511635e-32
436,73.3000000000001,2,572,99.8214320987663,0,2.47106509694611e-16,4.03555555555538,0,90
436,73.3000000000001,3,1182,99.9692315541618,0,4.28604511008733e-16,6.99964285714288,0,90
436,73.3000000000001,4,1182,99.7450332409986,0,9.17808320866253e-16,14.9889473684211,0,90
436,73.3000000000001,5,994.173000000002,0,0,15.295,0,0,0
436,73.3000000000001,6,1775.83693846061,0,0,0.3,0,0,0
436,73.4000000000001,1,947.975437373207,-3.83276637925057e-33,0,15,-1.80677207527672e-32,0,-6.90136096369659e-32
436,73.4000000000001,2,572,99.8214320987663,0,2.47106509694611e-16,4.03555555555538,0,90
436,73.4000000000001,3,1182,99.9692315541618,0,4.28604511008733e-16,6.99964285714288,0,90
436,73.4000000000001,4,1182,99.7450332409986,0,9.17808320866253e-16,14.9889473684211,0,90
436,73.4000000000001,5,995.702312500002,0,0,15.29125,0,0,0
436,73.4000000000001,6,1775.83693846061,0,0,0.3,0,0,0
436,73.5000000000001,1,949.475437373207,-5.58243310334244e-33,0,15,-1.65634560275046e-32,0,-6.32677416351027e-32
436,73.5000000000001,2,572,99.8214320987663,0,2.47106509694611e-16,4.03555555555538,0,90
436,73.5000000000001,3,1182,99.9692315541618,0,4.28604511008733e-16,6.99964285714288,0,90
436,73.5000000000001,4,1182,99.7450332409986,0,9.17808320866253e-16,14.9889473684211,0,90
436,73.5000000000001,5,997.231250000002,0,0,15.2875,0,0,0
436,73.5000000000001,6,1775.83693846061,0,0,0.3,0,0,0
436,73.6000000000001,1,950.975437373207,-7.07302604443778e-33,0,15,-1.28862450928362e-32,0,-4.92218305060453e-32
436,73.6000000000001,2,572,99.8214320987663,0,2.47106509694611e-16,4.03555555555538,0,90
436,73.6000000000001,3,1182,99.9692315541618,0,4.28604511008733e-16,6.99964285714288,0,90
436,73.6000000000001,4,1182,99.7450332409986,0,9.17808320866253e-16,14.9889473684211,0,90
436,73.6000000000001,5,998.759812500001,0,0,15.28375,0,0,0
436,73.6000000000001,6,1775.83693846061,0,0,0.3,0,0,0
436,73.7000000000001,1,952.475437373207,-8.087250581596e-33,0,15,-7.03608794876171e-33,0,-2.68758762497938e-32
436,73.7000000000001,2,572,99.8214320987663,0,2.47106509694611e-16,4.03555555555538,0,90
436,73.7000000000001,3,1182,99.9692315541618,0,4.28604511008733e-16,6.99964285714288,0,90
436,73.7000000000001,4,1182,99.7450332409986,0,9.17808320866253e-16,14.9889473684211,0,90
436,73.7000000000001,5,1000.288,0,0,15.28,0,0,0
436,73.7000000000001,6,1775.83693846061,0,0,0.3,0,0,0
436,73.8000000000001,1,953.975437373207,-8.40781209387651e-33,0,15,9.87015404718693e-34,0,3.77012113365186e-33
436,73.8000000000001,2,572,99.8214320987663,0,2.47106509694611e-16,4.03555555555538,0,90
436,73.8000000000001,3,1182,99.9692315541618,0,4.28604511008733e-16,6.99964285714288,0,90
436,73.8000000000001,4,1182,99.7450332409986,0,9.17808320866253e-16,14.9889473684211,0,90
436,73.8000000000001,5,1001.8158125,0,0,15.27625,0,0,0
436,73.8000000000001,6,1775.83693846061,0,0,0.3,0,0,0
436,73.9000000000001,1,955.475437373207,-7.81741596033874e-33,0,15,1.11830649676051e-32,0,4.27161616442916e-32
436,73.9000000000001,2,572,99.8214320987663,0,2.47106509694611e-16,4.03555555555538,0,90
436,73.9000000000001,3,1182,99.9692315541618,0,4.28604511008733e-16,6.99964285714288,0,90
436,73.9000000000001,4,1182,99.7450332409986,0,9.17808320866253e-16,14.9889473684211,0,90
436,73.9000000000001,5,1003.34325,0,0,15.2725,0,0,0
436,73.9000000000001,6,1775.83693846061,0,0,0.3,0,0,0
436,74.0000000000001,1,956.975437373207,-6.0987675600421e-33,0,15,2.35520607398974e-32,0,8.99622452821255e-32
436,74.0000000000001,2,572,99.8214320987663,0,2.47106509694611e-16,4.03555555555538,0,90
436,74.0000000000001,3,1182,99.9692315541618,0,4.28604511008733e-16,6.99964285714288,0,90
436,74.0000000000001,4,1182,99.7450332409986,0,9.17808320866253e-16,14.9889473684211,0,90
436,74.0000000000001,5,1004.8703125,0,0,15.26875,0,0,0
436,74.0000000000001,6,1775.83693846061,0,0,0.3,0,0,0
436,74.1000000000001,1,958.475437373207,-3.034572272046e-33,0,15,3.80940027215957e-32,0,1.45508372047154e-31
436,74.1000000000001,2,572,99.8214320987663,0,2.47106509694611e-16,4.03555555555538,0,90
436,74.1000000000001,3,1182,99.9692315541618,0,4.28604511008733e-16,6.99964285714288,0,90
436,74.1000000000001,4,1182,99.7450332409986,0,9.17808320866253e-16,14.9889473684211,0,90
436,74.1000000000001,5,1006.397,0,0,15.265,0,0,0
436,74.1000000000001,6,1775.83693846061,0,0,0.3,0,0,0
436,74.2000000000001,1,959.975437373207,1.58757733874518e-33,0,15,5.43289996248601e-32,0,2.07521492244821e-31
436,74.2000000000001,2,572,99.8214320987663,0,2.47106509694611e-16,4.03555555555538,0,90
436,74.2000000000001,3,1182,99.9692315541618,0,4.28604511008733e-16,6.99964285714288,0,90
436,74.2000000000001,4,1182,99.7450332409986,0,9.17808320866253e-16,14.9889473684211,0,90
436,74.2000000000001,5,1007.9233125,0,0,15.26125,0,0,0
436,74.2000000000001,6,1775.83693846061,0,0,0.3,0,0,0
436,74.3000000000001,1,961.475437373207,7.61831179478727e-33,0,15,6.49340985533857e-32,0,2.48029986239703e-31
436,74.3000000000001,2,572,99.8214320987663,0,2.47106509694611e-16,4.03555555555538,0,90
436,74.3000000000001,3,1182,99.9692315541618,0,4.28604511008733e-16,6.99964285714288,0,90
436,74.3000000000001,4,1182,99.7450332409986,0,9.17808320866253e-16,14.9889473684211,0,90
436,74.3000000000001,5,1009.44925,0,0,15.2575,0,0,0
436,74.3000000000001,6,1775.83693846061,0,0,0.3,0,0,0
436,74.4,1,962.975437373206,1.4304078860901e-32,0,15,6.74296518262942e-32,0,2.57562297578884e-31
436,74.4,2,572,99.8214320987663,0,2.47106509694611e-16,4.03555555555538,0,90
436,74.4,3,1182,99.9692315541618,0,4.28604511008733e-16,6.99964285714288,0,90
436,74.4,4,1182,99.7450332409986,0,9.17808320866253e-16,14.9889473684211,0,90
436,74.4,5,1010.9748125,0,0,15.25375,0,0,0
436,74.4,6,1775.83693846061,0,0,0.3,0,0,0
436,74.5,1,964.475437373206,2.08339239715248e-32,0,15,6.18156594435855e-32,0,2.36118426262364e-31
436,74.5,2,572,99.8214320987663,0,2.47106509694611e-16,4.03555555555538,0,90
436,74.5,3,1182,99.9692315541618,0,4.28604511008733e-16,6.99964285714288,0,90
436,74.5,4,1182,99.7450332409986,0,9.17808320866253e-16,14.9889473684211,0,90
436,74.5,5,1012.5,0,0,15.25,0,0,0
436,74.5,6,1775.83693846061,0,0,0.3,0,0,0
436,74.6,1,965.975437373206,2.63968925610969e-32,0,15,4.80921214052596e-32,0,1.83698372290143e-31
436,74.6,2,572,99.8214320987663,0,2.47106509694611e-16,4.03555555555538,0,90
436,74.6,3,1182,99.9692315541618,0,4.28604511008733e-16,6.99964285714288,0,90
436,74.6,4,1182,99.7450332409986,0,9.17808320866253e-16,14.9889473684211,0,90
436,74.6,5,1014.0248125,0,0,15.24625,0,0,0
436,74.6,6,1775.83693846061,0,0,0.3,0,0,0
436,74.7,1,967.475437373206,3.01820300640556e-32,0,15,2.62590377113164e-32,0,1.0030213566222e-31
436,74.7,2,572,99.8214320987663,0,2.47106509694611e-16,4.03555555555538,0,90
436,74.7,3,1182,99.9692315541618,0,4.28604511008733e-16,6.99964285714288,0,90
436,74.7,4,1182,99.7450332409986,0,9.17808320866253e-16,14.9889473684211,0,90
436,74.7,5,1015.54925,0,0,15.2425,0,0,0
436,74.7,6,1775.83693846061,0,0,0.3,0,0,0
436,74.8,1,968.975437373206,3.13783819148393e-32,0,15,-3.683591638244e-33,0,-1.40702836214041e-32
436,74.8,2,572,99.8214320987663,0,2.47106509694611e-16,4.03555555555538,0,90
436,74.8,3,1182,99.9692315541618,0,4.28604511008733e-16,6.99964285714288,0,90
436,74.8,4,1182,99.7450332409986,0,9.17808320866253e-16,14.9889473684211,0,90
436,74.8,5,1017.0733125,0,0,15.23875,0,0,0
436,74.8,6,1775.83693846061,0,0,0.3,0,0,0
436,74.9,1,970.475437373206,2.91749935478863e-32,0,15,-4.17357666434216e-32,0,-1.59418885560729e-31
436,74.9,2,572,99.8214320987663,0,2.47106509694611e-16,4.03555555555538,0,90
436,74.9,3,1182,99.9692315541618,0,4.28604511008733e-16,6.99964285714288,0,90
436,74.9,4,1182,99.7450332409986,0,9.17808320866253e-16,14.9889473684211,0,90
436,74.9,5,1018.597,0,0,15.235,0,0,0
436,74.9,6,1775.83693846061,0,0,0.3,0,0,0
436,75,1,971.975437373206,2.27609103976349e-32,0,15,-8.78974873042164e-32,0,-3.35743670155756e-31
436,75,2,572,99.8214320987663,0,2.47106509694611e-16,4.03555555555538,0,90
436,75,3,1182,99.9692315541618,0,4.28604511008733e-16,6.99964285714288,0,90
436,75,4,1182,99.7450332409986,0,9.17808320866253e-16,14.9889473684211,0,90
436,75,5,1020.1203125,0,0,15.23125,0,0,0
436,75,6,1775.83693846061,0,0,0.3,0,0,0
436,75.1,1,973.475437373206,1.13251778985235e-32,0,15,-1.42168753620628e-31,0,-5.43044637406483e-31
436,75.1,2,572,99.8214320987663,0,2.47106509694611e-16,4.03555555555538,0,90
436,75.1,3,1182,99.9692315541618,0,4.28604511008733e-16,6.99964285714288,0,90
436,75.1,4,1182,99.7450332409986,0,9.17808320866253e-16,14.9889473684211,0,90
436,75.1,5,1021.64325,0,0,15.2275,0,0,0
436,75.1,6,1775.83693846061,0,0,0.3,0,0,0
436,75.2,1,974.975437373206,-5.92491928913044e-33,0,15,-2.02758586924336e-31,0,-7.74480752720061e-31
436,75.2,2,572,99.8214320987663,0,2.47106509694611e-16,4.03555555555538,0,90
436,75.2,3,1182,99.9692315541618,0,4.28604511008733e-16,6.99964285714288,0,90
436,75.2,4,1182,99.7450332409986,0,9.17808320866253e-16,14.9889473684211,0,90
436,75.2,5,1023.1658125,0,0,15.22375,0,0,0
436,75.2,6,1775.83693846061,0,0,0.3,0,0,0
436,75.3,1,976.475437373206,-2.84319266860334e-32,0,15,-2.42337354944906e-31,0,-9.25660510447125e-31
436,75.3,2,572,99.8214320987663,0,2.47106509694611e-16,4.03555555555538,0,90
436,75.3,3,1182,99.9692315541618,0,4.28604511008733e-16,6.99964285714288,0,90
436,75.3,4,1182,99.7450332409986,0,9.17808320866253e-16,14.9889473684211,0,90
436,75.3,5,1024.688,0,0,15.22,0,0,0
436,75.3,6,1775.83693846061,0,0,0.3,0,0,0
436,75.4,1,977.975437373206,-5.33835490643401e-32,0,15,-2.51650886552412e-31,0,-9.61235580678579e-31
436,75.4,2,572,99.8214320987663,0,2.47106509694611e-16,4.03555555555538,0,90
436,75.4,3,1182,99.9692315541618,0,4.28604511008733e-16,6.99964285714288,0,90
436,75.4,4,1182,99.7450332409986,0,9.17808320866253e-16,14.9889473684211,0,90
436,75.4,5,1026.2098125,0,0,15.21625,0,0,0
436,75.4,6,1775.83693846061,0,0,0.3,0,0,0
436,75.5,1,979.475437373206,-7.77532627827443e-32,0,15,-2.30699181746856e-31,0,-8.81205963414423e-31
436,75.5,2,572,99.8214320987663,0,2.47106509694611e-16,4.03555555555538,0,90
436,75.5,3,1182,99.9692315541618,0,4.28604511008733e-16,6.99964285714288,0,90
436,75.5,4,1182,99.7450332409986,0,9.17808320866253e-16,14.9889473684211,0,90
436,75.5,5,1027.73125,0,0,15.2125,0,0,0
436,75.5,6,1775.83693846061,0,0,0.3,0,0,0
436,75.6,1,980.975437373206,-9.85145441999399e-32,0,15,-1.79482240528236e-31,0,-6.85571658654656e-31
436,75.6,2,572,99.8214320987663,0,2.47106509694611e-16,4.03555555555538,0,90
436,75.6,3,1182,99.9692315541618,0,4.28604511008733e-16,6.99964285714288,0,90
436,75.6,4,1182,99.7450332409986,0,9.17808320866253e-16,14.9889473684211,0,90
436,75.6,5,1029.2523125,0,0,15.20875,0,0,0
436,75.6,6,1775.83693846061,0,0,0.3,0,0,0
436,75.7,1,982.475437373205,-1.12640869674621e-31,0,15,-9.80000628965545e-32,0,-3.74332666399279e-31
436,75.7,2,572,99.8214320987663,0,2.47106509694611e-16,4.03555555555538,0,90
436,75.7,3,1182,99.9692315541618,0,4.28604511008733e-16,6.99964285714288,0,90
436,75.7,4,1182,99.7450332409986,0,9.17808320866253e-16,14.9889473684211,0,90
436,75.7,5,1030.773,0,0,15.205,0,0,0
436,75.7,6,1775.83693846061,0,0,0.3,0,0,0
436,75.8,1,983.975437373205,-1.17105715565481e-31,0,15,1.37473511481902e-32,0,5.25110133517084e-32
436,75.8,2,572,99.8214320987663,0,2.47106509694611e-16,4.03555555555538,0,90
436,75.8,3,1182,99.9692315541618,0,4.28604511008733e-16,6.99964285714288,0,90
436,75.8,4,1182,99.7450332409986,0,9.17808320866253e-16,14.9889473684211,0,90
436,75.8,5,1032.2933125,0,0,15.20125,0,0,0
436,75.8,6,1775.83693846061,0,0,0.3,0,0,0
436,75.9,1,985.475437373205,-1.08882558231214e-31,0,15,1.55760001605998e-31,0,5.94959380598306e-31
436,75.9,2,572,99.8214320987663,0,2.47106509694611e-16,4.03555555555538,0,90
436,75.9,3,1182,99.9692315541618,0,4.28604511008733e-16,6.99964285714288,0,90
436,75.9,4,1182,99.7450332409986,0,9.17808320866253e-16,14.9889473684211,0,90
436,75.9,5,1033.81325,0,0,15.1975,0,0,0
436,75.9,6,1775.83693846061,0,0,0.3,0,0,0
436,76,1,986.975437373205,-8.49448740305145e-32,0,15,3.28037888476868e-31,0,1.25301243534051e-30
436,76,2,572,99.8214320987663,0,2.47106509694611e-16,4.03555555555538,0,90
436,76,3,1182,99.9692315541618,0,4.28604511008733e-16,6.99964285714288,0,90
436,76,4,1182,99.7450332409986,0,9.17808320866253e-16,14.9889473684211,0,90
436,76,5,1035.3328125,0,0,15.19375,0,0,0
436,76,6,1775.83693846061,0,0,0.3,0,0,0
436,76.1,1,988.475437373205,-4.22661393220757e-32,0,15,5.30581011760801e-31,0,2.02667017757833e-30
436,76.1,2,572,99.8214320987663,0,2.47106509694611e-16,4.03555555555538,0,90
436,76.1,3,1182,99.9692315541618,0,4.28604511008733e-16,6.99964285714288,0,90
436,76.1,4,1182,99.7450332409986,0,9.17808320866253e-16,14.9889473684211,0,90
436,76.1,5,1036.852,0,0,15.19,0,0,0
436,76.1,6,1775.83693846061,0,0,0.3,0,0,0
436,76.1999999999999,1,989.975437373205,2.21120998177366e-32,0,15,7.56705348072375e-31,0,2.890401518635e-30
436,76.1999999999999,2,572,99.8214320987663,0,2.47106509694611e-16,4.03555555555538,0,90
436,76.1999999999999,3,1182,99.9692315541618,0,4.28604511008733e-16,6.99964285714288,0,90
436,76.1999999999999,4,1182,99.7450332409986,0,9.17808320866253e-16,14.9889473684211,0,90
436,76.1999999999999,5,1038.3708125,0,0,15.18625,0,0,0
436,76.1999999999999,6,1775.83693846061,0,0,0.3,0,0,0
436,76.2999999999999,1,991.475437373205,1.06109394949298e-31,0,15,9.04415321226185e-31,0,3.4546120555486e-30
436,76.2999999999999,2,572,99.8214320987663,0,2.47106509694611e-16,4.03555555555538,0,90
436,76.2999999999999,3,1182,99.9692315541618,0,4.28604511008733e-16,6.99964285714288,0,90
436,76.2999999999999,4,1182,99.7450332409986,0,9.17808320866253e-16,14.9889473684211,0,90
436,76.2999999999999,5,1039.88925,0,0,15.1825,0,0,0
436,76.2999999999999,6,1775.83693846061,0,0,0.3,0,0,0
436,76.3999999999999,1,992.975437373205,1.99230117396409e-31,0,15,9.39173894383362e-31,0,3.58738002513546e-30
436,76.3999999999999,2,572,99.8214320987663,0,2.47106509694611e-16,4.03555555555538,0,90
436,76.3999999999999,3,1182,99.9692315541618,0,4.28604511008733e-16,6.99964285714288,0,90
436,76.3999999999999,4,1182,99.7450332409986,0,9.17808320866253e-16,14.9889473684211,0,90
436,76.3999999999999,5,1041.4073125,0,0,15.17875,0,0,0
436,76.3999999999999,6,1775.83693846061,0,0,0.3,0,0,0
436,76.4999999999999,1,994.475437373205,2.90179127159406e-31,0,15,8.60981067543905e-31,0,3.28870542739559e-30
436,76.4999999999999,2,572,99.8214320987663,0,2.47106509694611e-16,4.03555555555538,0,90
436,76.4999999999999,3,1182,99.9692315541618,0,4.28604511008733e-16,6.99964285714288,0,90
436,76.4999999999999,4,1182,99.7450332409986,0,9.17808320866253e-16,14.9889473684211,0,90
436,76.4999999999999,5,1042.925,0,0,15.175,0,0,0
436,76.4999999999999,6,1775.83693846061,0,0,0.3,0,0,0
436,76.5999999999999,1,995.975437373205,3.67661284238626e-31,0,15,6.69836840707815e-31,0,2.55858826232897e-30
436,76.5999999999999,2,572,99.8214320987663,0,2.47106509694611e-16,4.03555555555538,0,90
436,76.5999999999999,3,1182,99.9692315541618,0,4.28604511008733e-16,6.99964285714288,0,90
436,76.5999999999999,4,1182,99.7450332409986,0,9.17808320866253e-16,14.9889473684211,0,90
436,76.5999999999999,5,1044.4423125,0,0,15.17125,0,0,0
436,76.5999999999999,6,1775.83693846061,0,0,0.3,0,0,0
436,76.6999999999999,1,997.475437373204,4.20381448634407e-31,0,15,3.65741213875091e-31,0,1.39702852993562e-30
436,76.6999999999999,2,572,99.8214320987663,0,2.47106509694611e-16,4.03555555555538,0,90
436,76.6999999999999,3,1182,99.9692315541618,0,4.28604511008733e-16,6.99964285714288,0,90
436,76.6999999999999,4,1182,99.7450332409986,0,9.17808320866253e-16,14.9889473684211,0,90
436,76.6999999999999,5,1045.95925,0,0,15.1675,0,0,0
436,76.6999999999999,6,1775.83693846061,0,0,0.3,0,0,0
436,76.7999999999999,1,998.975437373204,4.37044480347086e-31,0,15,-5.13058129542663e-32,0,-1.95973769784473e-31
436,76.7999999999999,2,572,99.8214320987663,0,2.47106509694611e-16,4.03555555555538,0,90
436,76.7999999999999,3,1182,99.9692315541618,0,4.28604511008733e-16,6.99964285714288,0,90
436,76.7999999999999,4,1182,99.7450332409986,0,9.17808320866253e-16,14.9889473684211,0,90
436,76.7999999999999,5,1047.4758125,0,0,15.16375,0,0,0
436,76.7999999999999,6,1775.83693846061,0,0,0.3,0,0,0
436,76.8999999999999,1,1000.4754373732,4.06355239377e-31,0,15,-5.81304239780257e-31,0,-2.2204186368313e-30
436,76.8999999999999,2,572,99.8214320987663,0,2.47106509694611e-16,4.03555555555538,0,90
436,76.8999999999999,3,1182,99.9692315541618,0,4.28604511008733e-16,6.99964285714288,0,90
436,76.8999999999999,4,1182,99.7450332409986,0,9.17808320866253e-16,14.9889473684211,0,90
436,76.8999999999999,5,1048.992,0,0,15.16,0,0,0
436,76.8999999999999,6,1775.83693846061,0,0,0.3,0,0,0
436,76.9999999999999,1,1001.9754373732,3.17018585724487e-31,0,15,-1.22425406660288e-30,0,-4.67630607120487e-30
436,76.9999999999999,2,572,99.8214320987663,0,2.47106509694611e-16,4.03555555555538,0,90
436,76.9999999999999,3,1182,99.9692315541618,0,4.28604511008733e-16,6.99964285714288,0,90
436,76.9999999999999,4,1182,99.7450332409986,0,9.17808320866253e-16,14.9889473684211,0,90
436,76.9999999999999,5,1050.5078125,0,0,15.15625,0,0,0
436,76.9999999999999,6,1775.83693846061,0,0,0.3,0,0,0
436,77.0999999999999,1,1003.4754373732,1.57739379389883e-31,0,15,-1.98015529342214e-30,0,-7.56363607290518e-30
436,77.0999999999999,2,572,99.8214320987663,0,2.47106509694611e-16,4.03555555555538,0,90
436,77.0999999999999,3,1182,99.9692315541618,0,4.28604511008733e-16,6.99964285714288,0,90
436,77.0999999999999,4,1182,99.7450332409986,0,9.17808320866253e-16,14.9889473684211,0,90
436,77.0999999999999,5,1052.02325,0,0,15.1525,0,0,0
436,77.0999999999999,6,1775.83693846061,0,0,0.3,0,0,0
436,77.1999999999999,1,1004.9754373732,-8.25234799816665e-32,0,15,-2.82406280536475e-30,0,-1.07871253218184e-29
436,77.1999999999999,2,572,99.8214320987663,0,2.47106509694611e-16,4.03555555555538,0,90
436,77.1999999999999,3,1182,99.9692315541618,0,4.28604511008733e-16,6.99964285714288,0,90
436,77.1999999999999,4,1182,99.7450332409986,0,9.17808320866253e-16,14.9889473684211,0,90
436,77.1999999999999,5,1053.5383125,0,0,15.14875,0,0,0
436,77.1999999999999,6,1775.83693846061,0,0,0.3,0,0,0
436,77.2999999999999,1,1006.4754373732,-3.96005653110981e-31,0,15,-3.37532392995964e-30,0,-1.28927877117465e-29
436,77.2999999999999,2,572,99.8214320987663,0,2.47106509694611e-16,4.03555555555538,0,90
436,77.2999999999999,3,1182,99.9692315541618,0,4.28604511008733e-16,6.99964285714288,0,90
436,77.2999999999999,4,1182,99.7450332409986,0,9.17808320866253e-16,14.9889473684211,0,90
436,77.2999999999999,5,1055.053,0,0,15.145,0,0,0
436,77.2999999999999,6,1775.83693846061,0,0,0.3,0,0,0
436,77.3999999999999,1,1007.9754373732,-7.43536920521108e-31,0,15,-3.50504469098106e-30,0,-1.33882845198634e-29
436,77.3999999999999,2,572,99.8214320987663,0,2.47106509694611e-16,4.03555555555538,0,90
436,77.3999999999999,3,1182,99.9692315541618,0,4.28604511008733e-16,6.99964285714288,0,90
436,77.3999999999999,4,1182,99.7450332409986,0,9.17808320866253e-16,14.9889473684211,0,90
436,77.3999999999999,5,1056.5673125,0,0,15.14125,0,0,0
436,77.3999999999999,6,1775.83693846061,0,0,0.3,0,0,0
436,77.4999999999999,1,1009.4754373732,-1.08296324585471e-30,0,15,-3.21322508842902e-30,0,-1.22736157461689e-29
436,77.4999999999999,2,572,99.8214320987663,0,2.47106509694611e-16,4.03555555555538,0,90
436,77.4999999999999,3,1182,99.9692315541618,0,4.28604511008733e-16,6.99964285714288,0,90
436,77.4999999999999,4,1182,99.7450332409986,0,9.17808320866253e-16,14.9889473684211,0,90
436,77.4999999999999,5,1058.08125,0,0,15.1375,0,0,0
436,77.4999999999999,6,1775.83693846061,0,0,0.3,0,0,0
436,77.5999999999999,1,1010.9754373732,-1.37213059275443e-30,0,15,-2.4998651223035e-30,0,-9.54878139066305e-30
436,77.5999999999999,2,572,99.8214320987663,0,2.47106509694611e-16,4.03555555555538,0,90
436,77.5999999999999,3,1182,99.9692315541618,0,4.28604511008733e-16,6.99964285714288,0,90
436,77.5999999999999,4,1182,99.7450332409986,0,9.17808320866253e-16,14.9889473684211,0,90
436,77.5999999999999,5,1059.5948125,0,0,15.13375,0,0,0
436,77.5999999999999,6,1775.83693846061,0,0,0.3,0,0,0
436,77.6999999999999,1,1012.4754373732,-1.56888492486293e-30,0,15,-1.36496479260451e-30,0,-5.21378145334588e-30
436,77.6999999999999,2,572,99.8214320987663,0,2.47106509694611e-16,4.03555555555538,0,90
436,77.6999999999999,3,1182,99.9692315541618,0,4.28604511008733e-16,6.99964285714288,0,90
436,77.6999999999999,4,1182,99.7450332409986,0,9.17808320866253e-16,14.9889473684211,0,90
436,77.6999999999999,5,1061.108,0,0,15.13,0,0,0
436,77.6999999999999,6,1775.83693846061,0,0,0.3,0,0,0
436,77.7999999999999,1,1013.9754373732,-1.63107220582287e-30,0,15,1.91475900667946e-31,0,7.31384065782632e-31
436,77.7999999999999,2,572,99.8214320987663,0,2.47106509694611e-16,4.03555555555538,0,90
436,77.7999999999999,3,1182,99.9692315541618,0,4.28604511008733e-16,6.99964285714288,0,90
436,77.7999999999999,4,1182,99.7450332409986,0,9.17808320866253e-16,14.9889473684211,0,90
436,77.7999999999999,5,1062.6208125,0,0,15.12625,0,0,0
436,77.7999999999999,6,1775.83693846061,0,0,0.3,0,0,0
436,77.8999999999998,1,1015.4754373732,-1.51653839927689e-30,0,15,2.16945695751387e-30,0,8.28671516672248e-30
436,77.8999999999998,2,572,99.8214320987663,0,2.47106509694611e-16,4.03555555555538,0,90
436,77.8999999999998,3,1182,99.9692315541618,0,4.28604511008733e-16,6.99964285714288,0,90
436,77.8999999999998,4,1182,99.7450332409986,0,9.17808320866253e-16,14.9889473684211,0,90
436,77.8999999999998,5,1064.13325,0,0,15.1225,0,0,0
436,77.8999999999998,6,1775.83693846061,0,0,0.3,0,0,0
436,77.9999999999998,1,1016.9754373732,-1.18312946886767e-30,0,15,4.56897837793327e-30,0,1.74522118494737e-29
436,77.9999999999998,2,572,99.8214320987663,0,2.47106509694611e-16,4.03555555555538,0,90
436,77.9999999999998,3,1182,99.9692315541618,0,4.28604511008733e-16,6.99964285714288,0,90
436,77.9999999999998,4,1182,99.7450332409986,0,9.17808320866253e-16,14.9889473684211,0,90
436,77.9999999999998,5,1065.6453125,0,0,15.11875,0,0,0
436,77.9999999999998,6,1775.83693846061,0,0,0.3,0,0,0
436,78.0999999999998,1,1018.4754373732,-5.88691378237843e-31,0,15,7.39004016192613e-30,0,2.82278741140362e-29
436,78.0999999999998,2,572,99.8214320987663,0,2.47106509694611e-16,4.03555555555538,0,90
436,78.0999999999998,3,1182,99.9692315541618,0,4.28604511008733e-16,6.99964285714288,0,90
436,78.0999999999998,4,1182,99.7450332409986,0,9.17808320866253e-16,14.9889473684211,0,90
436,78.0999999999998,5,1067.157,0,0,15.115,0,0,0
436,78.0999999999998,6,1775.83693846061,0,0,0.3,0,0,0
436,78.1999999999998,1,1019.9754373732,3.07981820108372e-31,0,15,1.05395458733851e-29,0,4.02580997686326e-29
436,78.1999999999998,2,572,99.8214320987663,0,2.47106509694611e-16,4.03555555555538,0,90
436,78.1999999999998,3,1182,99.9692315541618,0,4.28604511008733e-16,6.99964285714288,0,90
436,78.1999999999998,4,1182,99.7450332409986,0,9.17808320866253e-16,14.9889473684211,0,90
436,78.1999999999998,5,1068.6683125,0,0,15.11125,0,0,0
436,78.1999999999998,6,1775.83693846061,0,0,0.3,0,0,0
436,78.2999999999998,1,1021.4754373732,1.47791321749395e-30,0,15,1.25968803986117e-29,0,4.81165387914348e-29
436,78.2999999999998,2,572,99.8214320987663,0,2.47106509694611e-16,4.03555555555538,0,90
436,78.2999999999998,3,1182,99.9692315541618,0,4.28604511008733e-16,6.99964285714288,0,90
436,78.2999999999998,4,1182,99.7450332409986,0,9.17808320866253e-16,14.9889473684211,0,90
436,78.2999999999998,5,1070.17925,0,0,15.1075,0,0,0
436,78.2999999999998,6,1775.83693846061,0,0,0.3,0,0,0
436,78.3999999999998,1,1022.9754373732,2.77491756468732e-30,0,15,1.3081004869541e-29,0,4.99657580543185e-29
436,78.3999999999998,2,572,99.8214320987663,0,2.47106509694611e-16,4.03555555555538,0,90
436,78.3999999999998,3,1182,99.9692315541618,0,4.28604511008733e-16,6.99964285714288,0,90
436,78.3999999999998,4,1182,99.7450332409986,0,9.17808320866253e-16,14.9889473684211,0,90
436,78.3999999999998,5,1071.6898125,0,0,15.10375,0,0,0
436,78.3999999999998,6,1775.83693846061,0,0,0.3,0,0,0
436,78.4999999999998,1,1024.4754373732,4.04167385625877e-30,0,15,1.19919192861731e-29,0,4.58057575572836e-29
436,78.4999999999998,2,572,99.8214320987663,0,2.47106509694611e-16,4.03555555555538,0,90
436,78.4999999999998,3,1182,99.9692315541618,0,4.28604511008733e-16,6.99964285714288,0,90
436,78.4999999999998,4,1182,99.7450332409986,0,9.17808320866253e-16,14.9889473684211,0,90
436,78.4999999999998,5,1073.2,0,0,15.1,0,0,0
436,78.4999999999998,6,1775.83693846061,0,0,0.3,0,0,0
436,78.5999999999998,1,1025.9754373732,5.12086108677857e-30,0,15,9.32962364850797e-30,0,3.56365373003301e-29
436,78.5999999999998,2,572,99.8214320987663,0,2.47106509694611e-16,4.03555555555538,0,90
436,78.5999999999998,3,1182,99.9692315541618,0,4.28604511008733e-16,6.99964285714288,0,90
436,78.5999999999998,4,1182,99.7450332409986,0,9.17808320866253e-16,14.9889473684211,0,90
436,78.5999999999998,5,1074.7098125,0,0,15.09625,0,0,0
436,78.5999999999998,6,1775.83693846061,0,0,0.3,0,0,0
436,78.6999999999998,1,1027.4754373732,5.85515825081702e-30,0,15,5.09411795654559e-30,0,1.9458097283458e-29
436,78.6999999999998,2,572,99.8214320987663,0,2.47106509694611e-16,4.03555555555538,0,90
436,78.6999999999998,3,1182,99.9692315541618,0,4.28604511008733e-16,6.99964285714288,0,90
436,78.6999999999998,4,1182,99.7450332409986,0,9.17808320866253e-16,14.9889473684211,0,90
436,78.6999999999998,5,1076.21925,0,0,15.0925,0,0,0
436,78.6999999999998,6,1775.83693846061,0,0,0.3,0,0,0
436,78.7999999999998,1,1028.9754373732,6.08724434294439e-30,0,15,-7.14597789714026e-31,0,-2.72956249333272e-30
436,78.7999999999998,2,572,99.8214320987663,0,2.47106509694611e-16,4.03555555555538,0,90
436,78.7999999999998,3,1182,99.9692315541618,0,4.28604511008733e-16,6.99964285714288,0,90
436,78.7999999999998,4,1182,99.7450332409986,0,9.17808320866253e-16,14.9889473684211,0,90
436,78.7999999999998,5,1077.7283125,0,0,15.08875,0,0,0
436,78.7999999999998,6,1775.83693846061,0,0,0.3,0,0,0
436,78.8999999999998,1,1030.4754373732,5.65979835773098e-30,0,15,-8.09652359027089e-30,0,-3.0926442030042e-29
436,78.8999999999998,2,572,99.8214320987663,0,2.47106509694611e-16,4.03555555555538,0,90
436,78.8999999999998,3,1182,99.9692315541618,0,4.28604511008733e-16,6.99964285714288,0,90
436,78.8999999999998,4,1182,99.7450332409986,0,9.17808320866253e-16,14.9889473684211,0,90
436,78.8999999999998,5,1079.237,0,0,15.085,0,0,0
436,78.8999999999998,6,1775.83693846061,0,0,0.3,0,0,0
436,78.9999999999998,1,1031.9754373732,4.41549928974707e-30,0,15,-1.7051659445125e-29,0,-6.51325413266699e-29
436,78.9999999999998,2,572,99.8214320987663,0,2.47106509694611e-16,4.03555555555538,0,90
436,78.9999999999998,3,1182,99.9692315541618,0,4.28604511008733e-16,6.99964285714288,0,90
436,78.9999999999998,4,1182,99.7450332409986,0,9.17808320866253e-16,14.9889473684211,0,90
436,78.9999999999998,5,1080.7453125,0,0,15.08125,0,0,0
436,78.9999999999998,6,1775.83693846061,0,0,0.3,0,0,0
436,79.0999999999998,1,1033.4754373732,2.19702613356295e-30,0,15,-2.75800053542763e-29,0,-1.05347860383216e-28
436,79.0999999999998,2,572,99.8214320987663,0,2.47106509694611e-16,4.03555555555538,0,90
436,79.0999999999998,3,1182,99.9692315541618,0,4.28604511008733e-16,6.99964285714288,0,90
436,79.0999999999998,4,1182,99.7450332409986,0,9.17808320866253e-16,14.9889473684211,0,90
436,79.0999999999998,5,1082.25325,0,0,15.0775,0,0,0
436,79.0999999999998,6,1775.83693846061,0,0,0.3,0,0,0
436,79.1999999999998,1,1034.9754373732,-1.14940380044974e-30,0,15,-3.93341206881698e-29,0,-1.5024527375269e-28
436,79.1999999999998,2,572,99.8214320987663,0,2.47106509694611e-16,4.03555555555538,0,90
436,79.1999999999998,3,1182,99.9692315541618,0,4.28604511008733e-16,6.99964285714288,0,90
436,79.1999999999998,4,1182,99.7450332409986,0,9.17808320866253e-16,14.9889473684211,0,90
436,79.1999999999998,5,1083.7608125,0,0,15.07375,0,0,0
436,79.1999999999998,6,1775.83693846061,0,0,0.3,0,0,0
436,79.2999999999998,1,1036.4754373732,-5.51564721686233e-30,0,15,-4.70121976644843e-29,0,-1.79573367453983e-28
436,79.2999999999998,2,572,99.8214320987663,0,2.47106509694611e-16,4.03555555555538,0,90
436,79.2999999999998,3,1182,99.9692315541618,0,4.28604511008733e-16,6.99964285714288,0,90
436,79.2999999999998,4,1182,99.7450332409986,0,9.17808320866253e-16,14.9889473684211,0,90
436,79.2999999999998,5,1085.268,0,0,15.07,0,0,0
436,79.2999999999998,6,1775.83693846061,0,0,0.3,0,0,0
436,79.3999999999998,1,1037.9754373732,-1.03561333382256e-29,0,15,-4.88189747871834e-29,0,-1.86474747697412e-28
436,79.3999999999998,2,572,99.8214320987663,0,2.47106509694611e-16,4.03555555555538,0,90
436,79.3999999999998,3,1182,99.9692315541618,0,4.28604511008733e-16,6.99964285714288,0,90
436,79.3999999999998,4,1182,99.7450332409986,0,9.17808320866253e-16,14.9889473684211,0,90
436,79.3999999999998,5,1086.7748125,0,0,15.06625,0,0,0
436,79.3999999999998,6,1775.83693846061,0,0,0.3,0,0,0
436,79.4999999999998,1,1039.4754373732,-1.50837321791779e-29,0,15,-4.47544520562669e-29,0,-1.70949414482979e-28
436,79.4999999999998,2,572,99.8214320987663,0,2.47106509694611e-16,4.03555555555538,0,90
436,79.4999999999998,3,1182,99.9692315541618,0,4.28604511008733e-16,6.99964285714288,0,90
436,79.4999999999998,4,1182,99.7450332409986,0,9.17808320866253e-16,14.9889473684211,0,90
436,79.4999999999998,5,1088.28125,0,0,15.0625,0,0,0
436,79.4999999999998,6,1775.83693846061,0,0,0.3,0,0,0
436,79.5999999999998,1,1040.9754373732,-1.9111313754358e-29,0,15,-3.48186294717351e-29,0,-1.32997367810683e-28
436,79.5999999999998,2,572,99.8214320987663,0,2.47106509694611e-16,4.03555555555538,0,90
436,79.5999999999998,3,1182,99.9692315541618,0,4.28604511008733e-16,6.99964285714288,0,90
436,79.5999999999998,4,1182,99.7450332409986,0,9.17808320866253e-16,14.9889473684211,0,90
436,79.5999999999998,5,1089.7873125,0,0,15.05875,0,0,0
436,79.5999999999998,6,1775.83693846061,0,0,0.3,0,0,0
436,79.6999999999997,1,1042.4754373732,-2.18517480784041e-29,0,15,-1.90115070335877e-29,0,-7.26186076805236e-29
436,79.6999999999997,2,572,99.8214320987663,0,2.47106509694611e-16,4.03555555555538,0,90
436,79.6999999999997,3,1182,99.9692315541618,0,4.28604511008733e-16,6.99964285714288,0,90
436,79.6999999999997,4,1182,99.7450332409986,0,9.17808320866253e-16,14.9889473684211,0,90
436,79.6999999999997,5,1091.293,0,0,15.055,0,0,0
436,79.6999999999997,6,1775.83693846061,0,0,0.3,0,0,0
436,79.7999999999997,1,1043.9754373732,-2.27179051659548e-29,0,15,2.66691525817515e-30,0,1.01868659074986e-29
436,79.7999999999997,2,572,99.8214320987663,0,2.47106509694611e-16,4.03555555555538,0,90
436,79.7999999999997,3,1182,99.9692315541618,0,4.28604511008733e-16,6.99964285714288,0,90
436,79.7999999999997,4,1182,99.7450332409986,0,9.17808320866253e-16,14.9889473684211,0,90
436,79.7999999999997,5,1092.7983125,0,0,15.05125,0,0,0
436,79.7999999999997,6,1775.83693846061,0,0,0.3,0,0,0
436,79.8999999999997,1,1045.4754373732,-2.11226550316486e-29,0,15,3.02166374035534e-29,0,1.15419052953384e-28
436,79.8999999999997,2,572,99.8214320987663,0,2.47106509694611e-16,4.03555555555538,0,90
436,79.8999999999997,3,1182,99.9692315541618,0,4.28604511008733e-16,6.99964285714288,0,90
436,79.8999999999997,4,1182,99.7450332409986,0,9.17808320866253e-16,14.9889473684211,0,90
436,79.8999999999997,5,1094.30325,0,0,15.0475,0,0,0
436,79.8999999999997,6,1775.83693846061,0,0,0.3,0,0,0
436,79.9999999999997,1,1046.9754373732,-1.64788676901239e-29,0,15,6.36376594025472e-29,0,2.43077953457132e-28
436,79.9999999999997,2,572,99.8214320987663,0,2.47106509694611e-16,4.03555555555538,0,90
436,79.9999999999997,3,1182,99.9692315541618,0,4.28604511008733e-16,6.99964285714288,0,90
436,79.9999999999997,4,1182,99.7450332409986,0,9.17808320866253e-16,14.9889473684211,0,90
436,79.9999999999997,5,1095.8078125,0,0,15.04375,0,0,0
436,79.9999999999997,6,1775.83693846061,0,0,0.3,0,0,0
436,80.0999999999997,1,1048.4754373732,-8.19941315601933e-30,0,15,1.02929981255156e-28,0,3.93163567418743e-28
436,80.0999999999997,2,572,99.8214320987663,0,2.47106509694611e-16,4.03555555555538,0,90
436,80.0999999999997,3,1182,99.9692315541618,0,4.28604511008733e-16,6.99964285714288,0,90
436,80.0999999999997,4,1182,99.7450332409986,0,9.17808320866253e-16,14.9889473684211,0,90
436,80.0999999999997,5,1097.312,0,0,15.04,0,0,0
436,80.0999999999997,6,1775.83693846061,0,0,0.3,0,0,0
436,80.1999999999997,1,1049.9754373732,4.28963338168284e-30,0,15,1.46796936879273e-28,0,5.60722995242045e-28
436,80.1999999999997,2,572,99.8214320987663,0,2.47106509694611e-16,4.03555555555538,0,90
436,80.1999999999997,3,1182,99.9692315541618,0,4.28604511008733e-16,6.99964285714288,0,90
436,80.1999999999997,4,1182,99.7450332409986,0,9.17808320866253e-16,14.9889473684211,0,90
436,80.1999999999997,5,1098.8158125,0,0,15.03625,0,0,0
436,80.1999999999997,6,1775.83693846061,0,0,0.3,0,0,0
436,80.2999999999997,1,1051.4754373732,2.0584675649946e-29,0,15,1.75451910259316e-28,0,6.70176931024457e-28
436,80.2999999999997,2,572,99.8214320987663,0,2.47106509694611e-16,4.03555555555538,0,90
436,80.2999999999997,3,1182,99.9692315541618,0,4.28604511008733e-16,6.99964285714288,0,90
436,80.2999999999997,4,1182,99.7450332409986,0,9.17808320866253e-16,14.9889473684211,0,90
436,80.2999999999997,5,1100.31925,0,0,15.0325,0,0,0
436,80.2999999999997,6,1775.83693846061,0,0,0.3,0,0,0
436,80.3999999999997,1,1052.9754373732,3.86496157882052e-29,0,15,1.82194894279194e-28,0,6.95933232735336e-28
436,80.3999999999997,2,572,99.8214320987663,0,2.47106509694611e-16,4.03555555555538,0,90
436,80.3999999999997,3,1182,99.9692315541618,0,4.28604511008733e-16,6.99964285714288,0,90
436,80.3999999999997,4,1182,99.7450332409986,0,9.17808320866253e-16,14.9889473684211,0,90
436,80.3999999999997,5,1101.8223125,0,0,15.02875,0,0,0
436,80.3999999999997,6,1775.83693846061,0,0,0.3,0,0,0
436,80.4999999999997,1,1054.4754373732,5.6293254860444e-29,0,15,1.67025888938908e-28,0,6.37991900374682e-28
436,80.4999999999997,2,572,99.8214320987663,0,2.47106509694611e-16,4.03555555555538,0,90
436,80.4999999999997,3,1182,99.9692315541618,0,4.28604511008733e-16,6.99964285714288,0,90
436,80.4999999999997,4,1182,99.7450332409986,0,9.17808320866253e-16,14.9889473684211,0,90
436,80.4999999999997,5,1103.325,0,0,15.025,0,0,0
436,80.4999999999997,6,1775.83693846061,0,0,0.3,0,0,0
436,80.5999999999997,1,1055.9754373732,7.13243939306461e-29,0,15,1.29944894238457e-28,0,4.96352933942496e-28
436,80.5999999999997,2,572,99.8214320987663,0,2.47106509694611e-16,4.03555555555538,0,90
436,80.5999999999997,3,1182,99.9692315541618,0,4.28604511008733e-16,6.99964285714288,0,90
436,80.5999999999997,4,1182,99.7450332409986,0,9.17808320866253e-16,14.9889473684211,0,90
436,80.5999999999997,5,1104.8273125,0,0,15.02125,0,0,0
436,80.5999999999997,6,1775.83693846061,0,0,0.3,0,0,0
436,80.6999999999997,1,1057.4754373732,8.15518340627952e-29,0,15,7.09519101778417e-29,0,2.71016333438776e-28
436,80.6999999999997,2,572,99.8214320987663,0,2.47106509694611e-16,4.03555555555538,0,90
436,80.6999999999997,3,1182,99.9692315541618,0,4.28604511008733e-16,6.99964285714288,0,90
436,80.6999999999997,4,1182,99.7450332409986,0,9.17808320866253e-16,14.9889473684211,0,90
436,80.6999999999997,5,1106.32925,0,0,15.0175,0,0,0
436,80.6999999999997,6,1775.83693846061,0,0,0.3,0,0,0
436,80.7999999999997,1,1058.9754373732,8.47843763208748e-29,0,15,-9.95306324293818e-30,0,-3.80179011364767e-29
436,80.7999999999997,2,572,99.8214320987663,0,2.47106509694611e-16,4.03555555555538,0,90
436,80.7999999999997,3,1182,99.9692315541618,0,4.28604511008733e-16,6.99964285714288,0,90
436,80.7999999999997,4,1182,99.7450332409986,0,9.17808320866253e-16,14.9889473684211,0,90
436,80.7999999999997,5,1107.8308125,0,0,15.01375,0,0,0
436,80.7999999999997,6,1775.83693846061,0,0,0.3,0,0,0
436,80.8999999999997,1,1060.4754373732,7.88308217688688e-29,0,15,-1.12770026023883e-28,0,-4.30749769783262e-28
436,80.8999999999997,2,572,99.8214320987663,0,2.47106509694611e-16,4.03555555555538,0,90
436,80.8999999999997,3,1182,99.9692315541618,0,4.28604511008733e-16,6.99964285714288,0,90
436,80.8999999999997,4,1182,99.7450332409986,0,9.17808320866253e-16,14.9889473684211,0,90
436,80.8999999999997,5,1109.332,0,0,15.01,0,0,0
436,80.8999999999997,6,1775.83693846061,0,0,0.3,0,0,0
436,80.9999999999997,1,1061.9754373732,6.14999714707608e-29,0,15,-2.37498978164992e-28,0,-9.07179272501581e-28
436,80.9999999999997,2,572,99.8214320987663,0,2.47106509694611e-16,4.03555555555538,0,90
436,80.9999999999997,3,1182,99.9692315541618,0,4.28604511008733e-16,6.99964285714288,0,90
436,80.9999999999997,4,1182,99.7450332409986,0,9.17808320866253e-16,14.9889473684211,0,90
436,80.9999999999997,5,1110.8328125,0,0,15.00625,0,0,0
436,80.9999999999997,6,1775.83693846061,0,0,0.3,0,0,0
436,81.0999999999997,1,1063.4754373732,3.06006264905345e-29,0,15,-3.84139919666265e-28,0,-1.46730640929143e-27
436,81.0999999999997,2,572,99.8214320987663,0,2.47106509694611e-16,4.03555555555538,0,90
436,81.0999999999997,3,1182,99.9692315541618,0,4.28604511008733e-16,6.99964285714288,0,90
436,81.0999999999997,4,1182,99.7450332409986,0,9.17808320866253e-16,14.9889473684211,0,90
436,81.0999999999997,5,1112.33325,0,0,15.0025,0,0,0
436,81.0999999999997,6,1775.83693846061,0,0,0.3,0,0,0
436,81.1999999999997,1,1064.9754373732,-1.60091297262526e-29,0,15,-5.47853626828842e-28,0,-2.09264670721519e-27
436,81.1999999999997,2,572,99.8214320987663,0,2.47106509694611e-16,4.03555555555538,0,90
436,81.1999999999997,3,1182,99.9692315541618,0,4.28604511008733e-16,6.99964285714288,0,90
436,81.1999999999997,4,1182,99.7450332409986,0,9.17808320866253e-16,14.9889473684211,0,90
436,81.1999999999997,5,1113.83331249999,0,0,14.99875,0,0,0
436,81.1999999999997,6,1775.83693846061,0,0,0.3,0,0,0
436,81.2999999999997,1,1066.4754373732,-7.6823055382887e-29,0,15,-6.54795443372741e-28,0,-2.5011343566437e-27
436,81.2999999999997,2,572,99.8214320987663,0,2.47106509694611e-16,4.03555555555538,0,90
436,81.2999999999997,3,1182,99.9692315541618,0,4.28604511008733e-16,6.99964285714288,0,90
436,81.2999999999997,4,1182,99.7450332409986,0,9.17808320866253e-16,14.9889473684211,0,90
436,81.2999999999997,5,1115.33299999999,0,0,14.995,0,0,0
436,81.2999999999997,6,1775.83693846061,0,0,0.3,0,0,0
436,81.3999999999997,1,1067.9754373732,-1.44242329814559e-28,0,15,-6.79960602329599e-28,0,-2.59725818324396e-27
436,81.3999999999997,2,572,99.8214320987663,0,2.47106509694611e-16,4.03555555555538,0,90
436,81.3999999999997,3,1182,99.9692315541618,0,4.28604511008733e-16,6.99964285714288,0,90
436,81.3999999999997,4,1182,99.7450332409986,0,9.17808320866253e-16,14.9889473684211,0,90
436,81.3999999999997,5,1116.83231249999,0,0,14.99125,0,0,0
436,81.3999999999997,6,1775.83693846061,0,0,0.3,0,0,0
436,81.4999999999996,1,1069.4754373732,-2.10089287262564e-28,0,15,-6.23349103699414e-28,0,-2.38101818701594e-27
436,81.4999999999996,2,572,99.8214320987663,0,2.47106509694611e-16,4.03555555555538,0,90
436,81.4999999999996,3,1182,99.9692315541618,0,4.28604511008733e-16,6.99964285714288,0,90
436,81.4999999999996,4,1182,99.7450332409986,0,9.17808320866253e-16,14.9889473684211,0,90
436,81.4999999999996,5,1118.33124999999,0,0,14.9875,0,0,0
436,81.4999999999996,6,1775.83693846061,0,0,0.3,0,0,0
436,81.5999999999996,1,1070.9754373732,-2.661862619682e-28,0,15,-4.84960947482186e-28,0,-1.85241436795966e-27
436,81.5999999999996,2,572,99.8214320987663,0,2.47106509694611e-16,4.03555555555538,0,90
436,81.5999999999996,3,1182,99.9692315541618,0,4.28604511008733e-16,6.99964285714288,0,90
436,81.5999999999996,4,1182,99.7450332409986,0,9.17808320866253e-16,14.9889473684211,0,90
436,81.5999999999996,5,1119.82981249999,0,0,14.98375,0,0,0
436,81.5999999999996,6,1775.83693846061,0,0,0.3,0,0,0
436,81.6999999999996,1,1072.4754373732,-3.04355588172762e-28,0,15,-2.64796133677916e-28,0,-1.0114467260751e-27
436,81.6999999999996,2,572,99.8214320987663,0,2.47106509694611e-16,4.03555555555538,0,90
436,81.6999999999996,3,1182,99.9692315541618,0,4.28604511008733e-16,6.99964285714288,0,90
436,81.6999999999996,4,1182,99.7450332409986,0,9.17808320866253e-16,14.9889473684211,0,90
436,81.6999999999996,5,1121.32799999999,0,0,14.98,0,0,0
436,81.6999999999996,6,1775.83693846061,0,0,0.3,0,0,0
436,81.7999999999996,1,1073.9754373732,-3.16419600117546e-28,0,15,3.71453377133963e-29,0,1.41884738637716e-28
436,81.7999999999996,2,572,99.8214320987663,0,2.47106509694611e-16,4.03555555555538,0,90
436,81.7999999999996,3,1182,99.9692315541618,0,4.28604511008733e-16,6.99964285714288,0,90
436,81.7999999999996,4,1182,99.7450332409986,0,9.17808320866253e-16,14.9889473684211,0,90
436,81.7999999999996,5,1122.82581249999,0,0,14.97625,0,0,0
436,81.7999999999996,6,1775.83693846061,0,0,0.3,0,0,0
436,81.8999999999996,1,1075.4754373732,-2.94200632043848e-28,0,15,4.20863466691751e-28,0,1.6075800261788e-27
436,81.8999999999996,2,572,99.8214320987663,0,2.47106509694611e-16,4.03555555555538,0,90
436,81.8999999999996,3,1182,99.9692315541618,0,4.28604511008733e-16,6.99964285714288,0,90
436,81.8999999999996,4,1182,99.7450332409986,0,9.17808320866253e-16,14.9889473684211,0,90
436,81.8999999999996,5,1124.32324999999,0,0,14.9725,0,0,0
436,81.8999999999996,6,1775.83693846061,0,0,0.3,0,0,0
436,81.9999999999996,1,1076.9754373732,-2.29521018192965e-28,0,15,8.86358253257148e-28,0,3.38563913654816e-27
436,81.9999999999996,2,572,99.8214320987663,0,2.47106509694611e-16,4.03555555555538,0,90
436,81.9999999999996,3,1182,99.9692315541618,0,4.28604511008733e-16,6.99964285714288,0,90
436,81.9999999999996,4,1182,99.7450332409986,0,9.17808320866253e-16,14.9889473684211,0,90
436,81.9999999999996,5,1125.82031249999,0,0,14.96875,0,0,0
436,81.9999999999996,6,1775.83693846061,0,0,0.3,0,0,0
436,82.0999999999996,1,1078.4754373732,-1.14203092806194e-28,0,15,1.43362969740959e-27,0,5.47606206974578e-27
436,82.0999999999996,2,572,99.8214320987663,0,2.47106509694611e-16,4.03555555555538,0,90
436,82.0999999999996,3,1182,99.9692315541618,0,4.28604511008733e-16,6.99964285714288,0,90
436,82.0999999999996,4,1182,99.7450332409986,0,9.17808320866253e-16,14.9889473684211,0,90
436,82.0999999999996,5,1127.31699999999,0,0,14.965,0,0,0
436,82.0999999999996,6,1775.83693846061,0,0,0.3,0,0,0
436,82.1999999999996,1,1079.9754373732,5.97468855232197e-29,0,15,2.04461757043579e-27,0,7.80986383361756e-27
436,82.1999999999996,2,572,99.8214320987663,0,2.47106509694611e-16,4.03555555555538,0,90
436,82.1999999999996,3,1182,99.9692315541618,0,4.28604511008733e-16,6.99964285714288,0,90
436,82.1999999999996,4,1182,99.7450332409986,0,9.17808320866253e-16,14.9889473684211,0,90
436,82.1999999999996,5,1128.81331249999,0,0,14.96125,0,0,0
436,82.1999999999996,6,1775.83693846061,0,0,0.3,0,0,0
436,82.2999999999996,1,1081.4754373732,2.86707545881472e-28,0,15,2.44372986323151e-27,0,9.33436049554983e-27
436,82.2999999999996,2,572,99.8214320987663,0,2.47106509694611e-16,4.03555555555538,0,90
436,82.2999999999996,3,1182,99.9692315541618,0,4.28604511008733e-16,6.99964285714288,0,90
436,82.2999999999996,4,1182,99.7450332409986,0,9.17808320866253e-16,14.9889473684211,0,90
436,82.2999999999996,5,1130.30924999999,0,0,14.9575,0,0,0
436,82.2999999999996,6,1775.83693846061,0,0,0.3,0,0,0
436,82.3999999999996,1,1082.9754373732,5.38319703469894e-28,0,15,2.53764751503922e-27,0,9.69309950024057e-27
436,82.3999999999996,2,572,99.8214320987663,0,2.47106509694611e-16,4.03555555555538,0,90
436,82.3999999999996,3,1182,99.9692315541618,0,4.28604511008733e-16,6.99964285714288,0,90
436,82.3999999999996,4,1182,99.7450332409986,0,9.17808320866253e-16,14.9889473684211,0,90
436,82.3999999999996,5,1131.80481249999,0,0,14.95375,0,0,0
436,82.3999999999996,6,1775.83693846061,0,0,0.3,0,0,0
436,82.4999999999996,1,1084.4754373732,7.84063894189688e-28,0,15,2.32637052585893e-27,0,8.88608084768977e-27
436,82.4999999999996,2,572,99.8214320987663,0,2.47106509694611e-16,4.03555555555538,0,90
436,82.4999999999996,3,1182,99.9692315541618,0,4.28604511008733e-16,6.99964285714288,0,90
436,82.4999999999996,4,1182,99.7450332409986,0,9.17808320866253e-16,14.9889473684211,0,90
436,82.4999999999996,5,1133.29999999999,0,0,14.95,0,0,0
436,82.4999999999996,6,1775.83693846061,0,0,0.3,0,0,0
436,82.5999999999996,1,1085.9754373732,9.93420653942055e-28,0,15,1.80989889569063e-27,0,6.91330453789745e-27
436,82.5999999999996,2,572,99.8214320987663,0,2.47106509694611e-16,4.03555555555538,0,90
436,82.5999999999996,3,1182,99.9692315541618,0,4.28604511008733e-16,6.99964285714288,0,90
436,82.5999999999996,4,1182,99.7450332409986,0,9.17808320866253e-16,14.9889473684211,0,90
436,82.5999999999996,5,1134.79481249999,0,0,14.94625,0,0,0
436,82.5999999999996,6,1775.83693846061,0,0,0.3,0,0,0
436,82.6999999999996,1,1087.4754373732,1.13587051862819e-27,0,15,9.88232624534333e-28,0,3.77477057086359e-27
436,82.6999999999996,2,572,99.8214320987663,0,2.47106509694611e-16,4.03555555555538,0,90
436,82.6999999999996,3,1182,99.9692315541618,0,4.28604511008733e-16,6.99964285714288,0,90
436,82.6999999999996,4,1182,99.7450332409986,0,9.17808320866253e-16,14.9889473684211,0,90
436,82.6999999999996,5,1136.28924999999,0,0,14.9425,0,0,0
436,82.6999999999996,6,1775.83693846061,0,0,0.3,0,0,0
436,82.7999999999996,1,1088.9754373732,1.18089402414931e-27,0,15,-1.38628287609972e-28,0,-5.29521053411809e-28
436,82.7999999999996,2,572,99.8214320987663,0,2.47106509694611e-16,4.03555555555538,0,90
436,82.7999999999996,3,1182,99.9692315541618,0,4.28604511008733e-16,6.99964285714288,0,90
436,82.7999999999996,4,1182,99.7450332409986,0,9.17808320866253e-16,14.9889473684211,0,90
436,82.7999999999996,5,1137.78331249999,0,0,14.93875,0,0,0
436,82.7999999999996,6,1775.83693846061,0,0,0.3,0,0,0
436,82.8999999999996,1,1090.4754373732,1.0979717064066e-27,0,15,-1.57068384074228e-27,0,-5.99957033492873e-27
436,82.8999999999996,2,572,99.8214320987663,0,2.47106509694611e-16,4.03555555555538,0,90
436,82.8999999999996,3,1182,99.9692315541618,0,4.28604511008733e-16,6.99964285714288,0,90
436,82.8999999999996,4,1182,99.7450332409986,0,9.17808320866253e-16,14.9889473684211,0,90
436,82.8999999999996,5,1139.27699999999,0,0,14.935,0,0,0
436,82.8999999999996,6,1775.83693846061,0,0,0.3,0,0,0
436,82.9999999999996,1,1091.9754373732,8.56584101301272e-28,0,15,-3.30793403486259e-27,0,-1.26353772736872e-26
436,82.9999999999996,2,572,99.8214320987663,0,2.47106509694611e-16,4.03555555555538,0,90
436,82.9999999999996,3,1182,99.9692315541618,0,4.28604511008733e-16,6.99964285714288,0,90
436,82.9999999999996,4,1182,99.7450332409986,0,9.17808320866253e-16,14.9889473684211,0,90
436,82.9999999999996,5,1140.77031249999,0,0,14.93125,0,0,0
436,82.9999999999996,6,1775.83693846061,0,0,0.3,0,0,0
436,83.0999999999996,1,1093.4754373732,4.26211744734522e-28,0,15,-5.35037886997091e-27,0,-2.04369418696872e-26
436,83.0999999999996,2,572,99.8214320987663,0,2.47106509694611e-16,4.03555555555538,0,90
436,83.0999999999996,3,1182,99.9692315541618,0,4.28604511008733e-16,6.99964285714288,0,90
436,83.0999999999996,4,1182,99.7450332409986,0,9.17808320866253e-16,14.9889473684211,0,90
436,83.0999999999996,5,1142.26324999999,0,0,14.9275,0,0,0
436,83.0999999999996,6,1775.83693846061,0,0,0.3,0,0,0
436,83.1999999999995,1,1094.9754373732,-2.22978412366223e-28,0,15,-7.63061665491322e-27,0,-2.91468086272508e-26
436,83.1999999999995,2,572,99.8214320987663,0,2.47106509694611e-16,4.03555555555538,0,90
436,83.1999999999995,3,1182,99.9692315541618,0,4.28604511008733e-16,6.99964285714288,0,90
436,83.1999999999995,4,1182,99.7450332409986,0,9.17808320866253e-16,14.9889473684211,0,90
436,83.1999999999995,5,1143.75581249999,0,0,14.92375,0,0,0
436,83.1999999999995,6,1775.83693846061,0,0,0.3,0,0,0
436,83.2999999999995,1,1096.4754373732,-1.07000712814252e-27,0,15,-9.12012400955278e-27,0,-3.48363076255536e-26
436,83.2999999999995,2,572,99.8214320987663,0,2.47106509694611e-16,4.03555555555538,0,90
436,83.2999999999995,3,1182,99.9692315541618,0,4.28604511008733e-16,6.99964285714288,0,90
436,83.2999999999995,4,1182,99.7450332409986,0,9.17808320866253e-16,14.9889473684211,0,90
436,83.2999999999995,5,1145.24799999999,0,0,14.92,0,0,0
436,83.2999999999995,6,1775.83693846061,0,0,0.3,0,0,0
436,83.3999999999995,1,1097.9754373732,-2.00903648406451e-27,0,15,-9.47062945782737e-27,0,-3.61751398177186e-26
436,83.3999999999995,2,572,99.8214320987663,0,2.47106509694611e-16,4.03555555555538,0,90
436,83.3999999999995,3,1182,99.9692315541618,0,4.28604511008733e-16,6.99964285714288,0,90
436,83.3999999999995,4,1182,99.7450332409986,0,9.17808320866253e-16,14.9889473684211,0,90
436,83.3999999999995,5,1146.73981249999,0,0,14.91625,0,0,0
436,83.3999999999995,6,1775.83693846061,0,0,0.3,0,0,0
436,83.4999999999995,1,1099.4754373732,-2.92616628949572e-27,0,15,-8.68213299973699e-27,0,-3.31633052037458e-26
436,83.4999999999995,2,572,99.8214320987663,0,2.47106509694611e-16,4.03555555555538,0,90
436,83.4999999999995,3,1182,99.9692315541618,0,4.28604511008733e-16,6.99964285714288,0,90
436,83.4999999999995,4,1182,99.7450332409986,0,9.17808320866253e-16,14.9889473684211,0,90
436,83.4999999999995,5,1148.23124999999,0,0,14.9125,0,0,0
436,83.4999999999995,6,1775.83693846061,0,0,0.3,0,0,0
436,83.5999999999995,1,1100.9754373732,-3.70749635379965e-27,0,15,-6.75463463528164e-27,0,-2.58008037836351e-26
436,83.5999999999995,2,572,99.8214320987663,0,2.47106509694611e-16,4.03555555555538,0,90
436,83.5999999999995,3,1182,99.9692315541618,0,4.28604511008733e-16,6.99964285714288,0,90
436,83.5999999999995,4,1182,99.7450332409986,0,9.17808320866253e-16,14.9889473684211,0,90
436,83.5999999999995,5,1149.72231249999,0,0,14.90875,0,0,0
436,83.5999999999995,6,1775.83693846061,0,0,0.3,0,0,0
436,83.6999999999995,1,1102.4754373732,-4.23912648633981e-27,0,15,-3.68813436446132e-27,0,-1.40876355573865e-26
436,83.6999999999995,2,572,99.8214320987663,0,2.47106509694611e-16,4.03555555555538,0,90
436,83.6999999999995,3,1182,99.9692315541618,0,4.28604511008733e-16,6.99964285714288,0,90
436,83.6999999999995,4,1182,99.7450332409986,0,9.17808320866253e-16,14.9889473684211,0,90
436,83.6999999999995,5,1151.21299999999,0,0,14.905,0,0,0
436,83.6999999999995,6,1775.83693846061,0,0,0.3,0,0,0
436,83.7999999999995,1,1103.9754373732,-4.40715649647971e-27,0,15,5.17367812723968e-28,0,1.97619947499988e-27
436,83.7999999999995,2,572,99.8214320987663,0,2.47106509694611e-16,4.03555555555538,0,90
436,83.7999999999995,3,1182,99.9692315541618,0,4.28604511008733e-16,6.99964285714288,0,90
436,83.7999999999995,4,1182,99.7450332409986,0,9.17808320866253e-16,14.9889473684211,0,90
436,83.7999999999995,5,1152.70331249999,0,0,14.90125,0,0,0
436,83.7999999999995,6,1775.83693846061,0,0,0.3,0,0,0
436,83.8999999999995,1,1105.4754373732,-4.09768619358286e-27,0,15,5.86187189627423e-27,0,2.23907013135241e-26
436,83.8999999999995,2,572,99.8214320987663,0,2.47106509694611e-16,4.03555555555538,0,90
436,83.8999999999995,3,1182,99.9692315541618,0,4.28604511008733e-16,6.99964285714288,0,90
436,83.8999999999995,4,1182,99.7450332409986,0,9.17808320866253e-16,14.9889473684211,0,90
436,83.8999999999995,5,1154.19324999999,0,0,14.8975,0,0,0
436,83.8999999999995,6,1775.83693846061,0,0,0.3,0,0,0
436,83.9999999999995,1,1106.9754373732,-3.19681538701277e-27,0,15,1.23453778861895e-26,0,4.71558699581862e-26
436,83.9999999999995,2,572,99.8214320987663,0,2.47106509694611e-16,4.03555555555538,0,90
436,83.9999999999995,3,1182,99.9692315541618,0,4.28604511008733e-16,6.99964285714288,0,90
436,83.9999999999995,4,1182,99.7450332409986,0,9.17808320866253e-16,14.9889473684211,0,90
436,83.9999999999995,5,1155.68281249999,0,0,14.89375,0,0,0
436,83.9999999999995,6,1775.83693846061,0,0,0.3,0,0,0
436,84.0999999999995,1,1108.4754373732,-1.59064388613294e-27,0,15,1.99678857824697e-26,0,7.62717054089862e-26
436,84.0999999999995,2,572,99.8214320987663,0,2.47106509694611e-16,4.03555555555538,0,90
436,84.0999999999995,3,1182,99.9692315541618,0,4.28604511008733e-16,6.99964285714288,0,90
436,84.0999999999995,4,1182,99.7450332409986,0,9.17808320866253e-16,14.9889473684211,0,90
436,84.0999999999995,5,1157.17199999999,0,0,14.89,0,0,0
436,84.0999999999995,6,1775.83693846061,0,0,0.3,0,0,0
436,84.1999999999995,1,1109.9754373732,8.32166763940165e-28,0,15,2.84778490492129e-26,0,1.0877737067537e-25
436,84.1999999999995,2,572,99.8214320987663,0,2.47106509694611e-16,4.03555555555538,0,90
436,84.1999999999995,3,1182,99.9692315541618,0,4.28604511008733e-16,6.99964285714288,0,90
436,84.1999999999995,4,1182,99.7450332409986,0,9.17808320866253e-16,14.9889473684211,0,90
436,84.1999999999995,5,1158.66081249999,0,0,14.88625,0,0,0
436,84.1999999999995,6,1775.83693846061,0,0,0.3,0,0,0
436,84.2999999999995,1,1111.4754373732,3.99332096668678e-27,0,15,3.40367661749777e-26,0,1.30010870006657e-25
436,84.2999999999995,2,572,99.8214320987663,0,2.47106509694611e-16,4.03555555555538,0,90
436,84.2999999999995,3,1182,99.9692315541618,0,4.28604511008733e-16,6.99964285714288,0,90
436,84.2999999999995,4,1182,99.7450332409986,0,9.17808320866253e-16,14.9889473684211,0,90
436,84.2999999999995,5,1160.14924999999,0,0,14.8825,0,0,0
436,84.2999999999995,6,1775.83693846061,0,0,0.3,0,0,0
436,84.3999999999995,1,1112.9754373732,7.49782623278626e-27,0,15,3.53448703162706e-26,0,1.35007459770635e-25
436,84.3999999999995,2,572,99.8214320987663,0,2.47106509694611e-16,4.03555555555538,0,90
436,84.3999999999995,3,1182,99.9692315541618,0,4.28604511008733e-16,6.99964285714288,0,90
436,84.3999999999995,4,1182,99.7450332409986,0,9.17808320866253e-16,14.9889473684211,0,90
436,84.3999999999995,5,1161.63731249999,0,0,14.87875,0,0,0
436,84.3999999999995,6,1775.83693846061,0,0,0.3,0,0,0
436,84.4999999999995,1,1114.4754373732,1.09206012637914e-26,0,15,3.24021614730916e-26,0,1.23767139967303e-25
436,84.4999999999995,2,572,99.8214320987663,0,2.47106509694611e-16,4.03555555555538,0,90
436,84.4999999999995,3,1182,99.9692315541618,0,4.28604511008733e-16,6.99964285714288,0,90
436,84.4999999999995,4,1182,99.7450332409986,0,9.17808320866253e-16,14.9889473684211,0,90
436,84.4999999999995,5,1163.12499999999,0,0,14.875,0,0,0
436,84.4999999999995,6,1775.83693846061,0,0,0.3,0,0,0
436,84.5999999999995,1,1115.9754373732,1.38365647612552e-26,0,15,2.52086396454407e-26,0,9.62899105966612e-26
436,84.5999999999995,2,572,99.8214320987663,0,2.47106509694611e-16,4.03555555555538,0,90
436,84.5999999999995,3,1182,99.9692315541618,0,4.28604511008733e-16,6.99964285714288,0,90
436,84.5999999999995,4,1182,99.7450332409986,0,9.17808320866253e-16,14.9889473684211,0,90
436,84.5999999999995,5,1164.61231249999,0,0,14.87125,0,0,0
436,84.5999999999995,6,1775.83693846061,0,0,0.3,0,0,0
436,84.6999999999995,1,1117.4754373732,1.58206354267302e-26,0,15,1.3764304833318e-26,0,5.25757716587096e-26
436,84.6999999999995,2,572,99.8214320987663,0,2.47106509694611e-16,4.03555555555538,0,90
436,84.6999999999995,3,1182,99.9692315541618,0,4.28604511008733e-16,6.99964285714288,0,90
436,84.6999999999995,4,1182,99.7450332409986,0,9.17808320866253e-16,14.9889473684211,0,90
436,84.6999999999995,5,1166.09924999999,0,0,14.8675,0,0,0
436,84.6999999999995,6,1775.83693846061,0,0,0.3,0,0,0
436,84.7999999999995,1,1118.9754373732,1.64477319617696e-26,0,15,-1.9308429632765e-27,0,-7.37527684655179e-27
436,84.7999999999995,2,572,99.8214320987663,0,2.47106509694611e-16,4.03555555555538,0,90
436,84.7999999999995,3,1182,99.9692315541618,0,4.28604511008733e-16,6.99964285714288,0,90
436,84.7999999999995,4,1182,99.7450332409986,0,9.17808320866253e-16,14.9889473684211,0,90
436,84.7999999999995,5,1167.58581249999,0,0,14.86375,0,0,0
436,84.7999999999995,6,1775.83693846061,0,0,0.3,0,0,0
436,84.8999999999995,1,1120.4754373732,1.52927730679259e-26,0,15,-2.18768037443429e-26,0,-8.3563234919123e-26
436,84.8999999999995,2,572,99.8214320987663,0,2.47106509694611e-16,4.03555555555538,0,90
436,84.8999999999995,3,1182,99.9692315541618,0,4.28604511008733e-16,6.99964285714288,0,90
436,84.8999999999995,4,1182,99.7450332409986,0,9.17808320866253e-16,14.9889473684211,0,90
436,84.8999999999995,5,1169.07199999999,0,0,14.86,0,0,0
436,84.8999999999995,6,1775.83693846061,0,0,0.3,0,0,0
436,84.9999999999994,1,1121.9754373732,1.19306774467522e-26,0,15,-4.60735775098812e-26,0,-1.75988102559004e-25
436,84.9999999999994,2,572,99.8214320987663,0,2.47106509694611e-16,4.03555555555538,0,90
436,84.9999999999994,3,1182,99.9692315541618,0,4.28604511008733e-16,6.99964285714288,0,90
436,84.9999999999994,4,1182,99.7450332409986,0,9.17808320866253e-16,14.9889473684211,0,90
436,84.9999999999994,5,1170.55781249999,0,0,14.85625,0,0,0
436,84.9999999999994,6,1775.83693846061,0,0,0.3,0,0,0
436,85.0999999999994,1,1123.4754373732,5.93636379980116e-27,0,15,-7.45211642598913e-26,0,-2.84649879766195e-25
436,85.0999999999994,2,572,99.8214320987663,0,2.47106509694611e-16,4.03555555555538,0,90
436,85.0999999999994,3,1182,99.9692315541618,0,4.28604511008733e-16,6.99964285714288,0,90
436,85.0999999999994,4,1182,99.7450332409986,0,9.17808320866253e-16,14.9889473684211,0,90
436,85.0999999999994,5,1172.04324999999,0,0,14.8525,0,0,0
436,85.0999999999994,6,1775.83693846061,0,0,0.3,0,0,0
436,85.1999999999994,1,1124.9754373732,-3.10568864338882e-27,0,15,-1.06280779541923e-25,0,-4.05962674074169e-25
436,85.1999999999994,2,572,99.8214320987663,0,2.47106509694611e-16,4.03555555555538,0,90
436,85.1999999999994,3,1182,99.9692315541618,0,4.28604511008733e-16,6.99964285714288,0,90
436,85.1999999999994,4,1182,99.7450332409986,0,9.17808320866253e-16,14.9889473684211,0,90
436,85.1999999999994,5,1173.52831249999,0,0,14.84875,0,0,0
436,85.1999999999994,6,1775.83693846061,0,0,0.3,0,0,0
436,85.2999999999994,1,1126.4754373732,-1.49032767385979e-26,0,15,-1.27026940690351e-25,0,-4.85207172401048e-25
436,85.2999999999994,2,572,99.8214320987663,0,2.47106509694611e-16,4.03555555555538,0,90
436,85.2999999999994,3,1182,99.9692315541618,0,4.28604511008733e-16,6.99964285714288,0,90
436,85.2999999999994,4,1182,99.7450332409986,0,9.17808320866253e-16,14.9889473684211,0,90
436,85.2999999999994,5,1175.01299999999,0,0,14.845,0,0,0
436,85.2999999999994,6,1775.83693846061,0,0,0.3,0,0,0
436,85.3999999999994,1,1127.9754373732,-2.79822684470735e-26,0,15,-1.31908851807256e-25,0,-5.03854699264826e-25
436,85.3999999999994,2,572,99.8214320987663,0,2.47106509694611e-16,4.03555555555538,0,90
436,85.3999999999994,3,1182,99.9692315541618,0,4.28604511008733e-16,6.99964285714288,0,90
436,85.3999999999994,4,1182,99.7450332409986,0,9.17808320866253e-16,14.9889473684211,0,90
436,85.3999999999994,5,1176.49731249999,0,0,14.84125,0,0,0
436,85.3999999999994,6,1775.83693846061,0,0,0.3,0,0,0
436,85.4999999999994,1,1129.4754373732,-4.07562387656635e-26,0,15,-1.20926512892639e-25,0,-4.61905254665503e-25
436,85.4999999999994,2,572,99.8214320987663,0,2.47106509694611e-16,4.03555555555538,0,90
436,85.4999999999994,3,1182,99.9692315541618,0,4.28604511008733e-16,6.99964285714288,0,90
436,85.4999999999994,4,1182,99.7450332409986,0,9.17808320866253e-16,14.9889473684211,0,90
436,85.4999999999994,5,1177.98124999999,0,0,14.8375,0,0,0
436,85.4999999999994,6,1775.83693846061,0,0,0.3,0,0,0
436,85.5999999999994,1,1130.9754373732,-5.16387626912158e-26,0,15,-9.40799239464993e-26,0,-3.59358838603079e-25
436,85.5999999999994,2,572,99.8214320987663,0,2.47106509694611e-16,4.03555555555538,0,90
436,85.5999999999994,3,1182,99.9692315541618,0,4.28604511008733e-16,6.99964285714288,0,90
436,85.5999999999994,4,1182,99.7450332409986,0,9.17808320866253e-16,14.9889473684211,0,90
436,85.5999999999994,5,1179.46481249999,0,0,14.83375,0,0,0
436,85.5999999999994,6,1775.83693846061,0,0,0.3,0,0,0
436,85.6999999999994,1,1132.4754373732,-5.90434152205782e-26,0,15,-5.13690849688374e-26,0,-1.96215451077553e-25
436,85.6999999999994,2,572,99.8214320987663,0,2.47106509694611e-16,4.03555555555538,0,90
436,85.6999999999994,3,1182,99.9692315541618,0,4.28604511008733e-16,6.99964285714288,0,90
436,85.6999999999994,4,1182,99.7450332409986,0,9.17808320866253e-16,14.9889473684211,0,90
436,85.6999999999994,5,1180.94799999999,0,0,14.83,0,0,0
436,85.6999999999994,6,1775.83693846061,0,0,0.3,0,0,0
436,85.7999999999994,1,1133.9754373732,-6.13837713505987e-26,0,15,7.20600404034697e-27,0,2.75249079110734e-26
436,85.7999999999994,2,572,99.8214320987663,0,2.47106509694611e-16,4.03555555555538,0,90
436,85.7999999999994,3,1182,99.9692315541618,0,4.28604511008733e-16,6.99964285714288,0,90
436,85.7999999999994,4,1182,99.7450332409986,0,9.17808320866253e-16,14.9889473684211,0,90
436,85.7999999999994,5,1182.43081249999,0,0,14.82625,0,0,0
436,85.7999999999994,6,1775.83693846061,0,0,0.3,0,0,0
436,85.8999999999994,1,1135.4754373732,-5.70734060781249e-26,0,15,8.16453430810537e-26,0,3.11862238362801e-25
436,85.8999999999994,2,572,99.8214320987663,0,2.47106509694611e-16,4.03555555555538,0,90
436,85.8999999999994,3,1182,99.9692315541618,0,4.28604511008733e-16,6.99964285714288,0,90
436,85.8999999999994,4,1182,99.7450332409986,0,9.17808320866253e-16,14.9889473684211,0,90
436,85.8999999999994,5,1183.91324999999,0,0,14.8225,0,0,0
436,85.8999999999994,6,1775.83693846061,0,0,0.3,0,0,0
436,85.9999999999994,1,1136.9754373732,-4.45258944000048e-26,0,15,1.71948932153283e-25,0,6.5679654027763e-25
436,85.9999999999994,2,572,99.8214320987663,0,2.47106509694611e-16,4.03555555555538,0,90
436,85.9999999999994,3,1182,99.9692315541618,0,4.28604511008733e-16,6.99964285714288,0,90
436,85.9999999999994,4,1182,99.7450332409986,0,9.17808320866253e-16,14.9889473684211,0,90
436,85.9999999999994,5,1185.39531249999,0,0,14.81875,0,0,0
436,85.9999999999994,6,1775.83693846061,0,0,0.3,0,0,0
436,86.0999999999994,1,1138.4754373732,-2.21548113130862e-26,0,15,2.78116771257034e-25,0,1.06232781365556e-24
436,86.0999999999994,2,572,99.8214320987663,0,2.47106509694611e-16,4.03555555555538,0,90
436,86.0999999999994,3,1182,99.9692315541618,0,4.28604511008733e-16,6.99964285714288,0,90
436,86.0999999999994,4,1182,99.7450332409986,0,9.17808320866253e-16,14.9889473684211,0,90
436,86.0999999999994,5,1186.87699999999,0,0,14.815,0,0,0
436,86.0999999999994,6,1775.83693846061,0,0,0.3,0,0,0
436,86.1999999999994,1,1139.9754373732,1.15905878095941e-26,0,15,3.96645269118421e-25,0,1.51507332562108e-24
436,86.1999999999994,2,572,99.8214320987663,0,2.47106509694611e-16,4.03555555555538,0,90
436,86.1999999999994,3,1182,99.9692315541618,0,4.28604511008733e-16,6.99964285714288,0,90
436,86.1999999999994,4,1182,99.7450332409986,0,9.17808320866253e-16,14.9889473684211,0,90
436,86.1999999999994,5,1188.35831249999,0,0,14.81125,0,0,0
436,86.1999999999994,6,1775.83693846061,0,0,0.3,0,0,0
436,86.2999999999994,1,1141.4754373732,5.56197859876794e-26,0,15,4.74070996586398e-25,0,1.81081781959743e-24
436,86.2999999999994,2,572,99.8214320987663,0,2.47106509694611e-16,4.03555555555538,0,90
436,86.2999999999994,3,1182,99.9692315541618,0,4.28604511008733e-16,6.99964285714288,0,90
436,86.2999999999994,4,1182,99.7450332409986,0,9.17808320866253e-16,14.9889473684211,0,90
436,86.2999999999994,5,1189.83924999999,0,0,14.8075,0,0,0
436,86.2999999999994,6,1775.83693846061,0,0,0.3,0,0,0
436,86.3999999999994,1,1142.9754373732,1.04431247555481e-25,0,15,4.92290536912758e-25,0,1.88041133728868e-24
436,86.3999999999994,2,572,99.8214320987663,0,2.47106509694611e-16,4.03555555555538,0,90
436,86.3999999999994,3,1182,99.9692315541618,0,4.28604511008733e-16,6.99964285714288,0,90
436,86.3999999999994,4,1182,99.7450332409986,0,9.17808320866253e-16,14.9889473684211,0,90
436,86.3999999999994,5,1191.31981249999,0,0,14.80375,0,0,0
436,86.3999999999994,6,1775.83693846061,0,0,0.3,0,0,0
436,86.4999999999994,1,1144.4754373732,1.52104353798838e-25,0,15,4.51303890097499e-25,0,1.72385387869484e-24
436,86.4999999999994,2,572,99.8214320987663,0,2.47106509694611e-16,4.03555555555538,0,90
436,86.4999999999994,3,1182,99.9692315541618,0,4.28604511008733e-16,6.99964285714288,0,90
436,86.4999999999994,4,1182,99.7450332409986,0,9.17808320866253e-16,14.9889473684211,0,90
436,86.4999999999994,5,1192.79999999999,0,0,14.8,0,0,0
436,86.4999999999994,6,1775.83693846061,0,0,0.3,0,0,0
436,86.5999999999994,1,1145.9754373732,1.92718486003589e-25,0,15,3.51111056140624e-25,0,1.34114544381591e-24
436,86.5999999999994,2,572,99.8214320987663,0,2.47106509694611e-16,4.03555555555538,0,90
436,86.5999999999994,3,1182,99.9692315541618,0,4.28604511008733e-16,6.99964285714288,0,90
436,86.5999999999994,4,1182,99.7450332409986,0,9.17808320866253e-16,14.9889473684211,0,90
436,86.5999999999994,5,1194.27981249999,0,0,14.79625,0,0,0
436,86.5999999999994,6,1775.83693846061,0,0,0.3,0,0,0
436,86.6999999999993,1,1147.4754373732,2.20353025455572e-25,0,15,1.91712035042131e-25,0,7.32286032651882e-25
436,86.6999999999993,2,572,99.8214320987663,0,2.47106509694611e-16,4.03555555555538,0,90
436,86.6999999999993,3,1182,99.9692315541618,0,4.28604511008733e-16,6.99964285714288,0,90
436,86.6999999999993,4,1182,99.7450332409986,0,9.17808320866253e-16,14.9889473684211,0,90
436,86.6999999999993,5,1195.75924999999,0,0,14.7925,0,0,0
436,86.6999999999993,6,1775.83693846061,0,0,0.3,0,0,0
436,86.7999999999993,1,1148.9754373732,2.29087353440626e-25,0,15,-2.68931731979801e-26,0,-1.0272435479724e-25
436,86.7999999999993,2,572,99.8214320987663,0,2.47106509694611e-16,4.03555555555538,0,90
436,86.7999999999993,3,1182,99.9692315541618,0,4.28604511008733e-16,6.99964285714288,0,90
436,86.7999999999993,4,1182,99.7450332409986,0,9.17808320866253e-16,14.9889473684211,0,90
436,86.7999999999993,5,1197.23831249999,0,0,14.78875,0,0,0
436,86.7999999999993,6,1775.83693846061,0,0,0.3,0,0,0
436,86.8999999999993,1,1150.4754373732,2.13000851244589e-25,0,15,-3.04704568579708e-25,0,-1.16388571853146e-24
436,86.8999999999993,2,572,99.8214320987663,0,2.47106509694611e-16,4.03555555555538,0,90
436,86.8999999999993,3,1182,99.9692315541618,0,4.28604511008733e-16,6.99964285714288,0,90
436,86.8999999999993,4,1182,99.7450332409986,0,9.17808320866253e-16,14.9889473684211,0,90
436,86.8999999999993,5,1198.71699999999,0,0,14.785,0,0,0
436,86.8999999999993,6,1775.83693846061,0,0,0.3,0,0,0
436,86.9999999999993,1,1151.9754373732,1.661729001533e-25,0,15,-6.41722151103054e-25,0,-2.45119805855077e-24
436,86.9999999999993,2,572,99.8214320987663,0,2.47106509694611e-16,4.03555555555538,0,90
436,86.9999999999993,3,1182,99.9692315541618,0,4.28604511008733e-16,6.99964285714288,0,90
436,86.9999999999993,4,1182,99.7450332409986,0,9.17808320866253e-16,14.9889473684211,0,90
436,86.9999999999993,5,1200.19531249999,0,0,14.78125,0,0,0
436,86.9999999999993,6,1775.83693846061,0,0,0.3,0,0,0
436,87.0999999999993,1,1153.4754373732,8.26828814525984e-26,0,15,-1.03794592076802e-24,0,-3.96466137485517e-24
436,87.0999999999993,2,572,99.8214320987663,0,2.47106509694611e-16,4.03555555555538,0,90
436,87.0999999999993,3,1182,99.9692315541618,0,4.28604511008733e-16,6.99964285714288,0,90
436,87.0999999999993,4,1182,99.7450332409986,0,9.17808320866253e-16,14.9889473684211,0,90
436,87.0999999999993,5,1201.67324999999,0,0,14.7775,0,0,0
436,87.0999999999993,6,1775.83693846061,0,0,0.3,0,0,0
436,87.1999999999993,1,1154.9754373732,-4.32566625949095e-26,0,15,-1.48030029693155e-24,0,-5.65433062840934e-24
436,87.1999999999993,2,572,99.8214320987663,0,2.47106509694611e-16,4.03555555555538,0,90
436,87.1999999999993,3,1182,99.9692315541618,0,4.28604511008733e-16,6.99964285714288,0,90
436,87.1999999999993,4,1182,99.7450332409986,0,9.17808320866253e-16,14.9889473684211,0,90
436,87.1999999999993,5,1203.15081249999,0,0,14.77375,0,0,0
436,87.1999999999993,6,1775.83693846061,0,0,0.3,0,0,0
436,87.2999999999993,1,1156.4754373732,-2.07575867212026e-25,0,15,-1.76925704565514e-24,0,-6.75806410598829e-24
436,87.2999999999993,2,572,99.8214320987663,0,2.47106509694611e-16,4.03555555555538,0,90
436,87.2999999999993,3,1182,99.9692315541618,0,4.28604511008733e-16,6.99964285714288,0,90
436,87.2999999999993,4,1182,99.7450332409986,0,9.17808320866253e-16,14.9889473684211,0,90
436,87.2999999999993,5,1204.62799999999,0,0,14.77,0,0,0
436,87.2999999999993,6,1775.83693846061,0,0,0.3,0,0,0
436,87.3999999999993,1,1157.9754373732,-3.89742721774753e-25,0,15,-1.83725329584379e-24,0,-7.01779064988997e-24
436,87.3999999999993,2,572,99.8214320987663,0,2.47106509694611e-16,4.03555555555538,0,90
436,87.3999999999993,3,1182,99.9692315541618,0,4.28604511008733e-16,6.99964285714288,0,90
436,87.3999999999993,4,1182,99.7450332409986,0,9.17808320866253e-16,14.9889473684211,0,90
436,87.3999999999993,5,1206.10481249999,0,0,14.76625,0,0,0
436,87.3999999999993,6,1775.83693846061,0,0,0.3,0,0,0
436,87.4999999999993,1,1159.4754373732,-5.67661176429598e-25,0,15,-1.68428904749749e-24,0,-6.43351026011438e-24
436,87.4999999999993,2,572,99.8214320987663,0,2.47106509694611e-16,4.03555555555538,0,90
436,87.4999999999993,3,1182,99.9692315541618,0,4.28604511008733e-16,6.99964285714288,0,90
436,87.4999999999993,4,1182,99.7450332409986,0,9.17808320866253e-16,14.9889473684211,0,90
436,87.4999999999993,5,1207.58124999999,0,0,14.7625,0,0,0
436,87.4999999999993,6,1775.83693846061,0,0,0.3,0,0,0
436,87.5999999999993,1,1160.9754373732,-7.19235181323068e-25,0,15,-1.31036430061625e-24,0,-5.00522293666152e-24
436,87.5999999999993,2,572,99.8214320987663,0,2.47106509694611e-16,4.03555555555538,0,90
436,87.5999999999993,3,1182,99.9692315541618,0,4.28604511008733e-16,6.99964285714288,0,90
436,87.5999999999993,4,1182,99.7450332409986,0,9.17808320866253e-16,14.9889473684211,0,90
436,87.5999999999993,5,1209.05731249999,0,0,14.75875,0,0,0
436,87.5999999999993,6,1775.83693846061,0,0,0.3,0,0,0
436,87.6999999999993,1,1162.4754373732,-8.22368686601668e-25,0,15,-7.15479055200055e-25,0,-2.73292867953139e-24
436,87.6999999999993,2,572,99.8214320987663,0,2.47106509694611e-16,4.03555555555538,0,90
436,87.6999999999993,3,1182,99.9692315541618,0,4.28604511008733e-16,6.99964285714288,0,90
436,87.6999999999993,4,1182,99.7450332409986,0,9.17808320866253e-16,14.9889473684211,0,90
436,87.6999999999993,5,1210.53299999999,0,0,14.755,0,0,0
436,87.6999999999993,6,1775.83693846061,0,0,0.3,0,0,0
436,87.7999999999993,1,1163.9754373732,-8.54965642411906e-25,0,15,1.00366688751084e-25,0,3.83372511276018e-25
436,87.7999999999993,2,572,99.8214320987663,0,2.47106509694611e-16,4.03555555555538,0,90
436,87.7999999999993,3,1182,99.9692315541618,0,4.28604511008733e-16,6.99964285714288,0,90
436,87.7999999999993,4,1182,99.7450332409986,0,9.17808320866253e-16,14.9889473684211,0,90
436,87.7999999999993,5,1212.00831249999,0,0,14.75125,0,0,0
436,87.7999999999993,6,1775.83693846061,0,0,0.3,0,0,0
436,87.8999999999993,1,1165.4754373732,-7.94929998900288e-25,0,15,1.13717293123717e-24,0,4.3436806357607e-24
436,87.8999999999993,2,572,99.8214320987663,0,2.47106509694611e-16,4.03555555555538,0,90
436,87.8999999999993,3,1182,99.9692315541618,0,4.28604511008733e-16,6.99964285714288,0,90
436,87.8999999999993,4,1182,99.7450332409986,0,9.17808320866253e-16,14.9889473684211,0,90
436,87.8999999999993,5,1213.48324999999,0,0,14.7475,0,0,0
436,87.8999999999993,6,1775.83693846061,0,0,0.3,0,0,0
436,87.9999999999993,1,1166.97543737319,-6.20165706213321e-25,0,15,2.3949396722582e-24,0,9.14799569392264e-24
436,87.9999999999993,2,572,99.8214320987663,0,2.47106509694611e-16,4.03555555555538,0,90
436,87.9999999999993,3,1182,99.9692315541618,0,4.28604511008733e-16,6.99964285714288,0,90
436,87.9999999999993,4,1182,99.7450332409986,0,9.17808320866253e-16,14.9889473684211,0,90
436,87.9999999999993,5,1214.95781249999,0,0,14.74375,0,0,0
436,87.9999999999993,6,1775.83693846061,0,0,0.3,0,0,0
436,88.0999999999993,1,1168.47543737319,-3.0857671449751e-25,0,15,3.87366691181418e-24,0,1.47963176857619e-23
436,88.0999999999993,2,572,99.8214320987663,0,2.47106509694611e-16,4.03555555555538,0,90
436,88.0999999999993,3,1182,99.9692315541618,0,4.28604511008733e-16,6.99964285714288,0,90
436,88.0999999999993,4,1182,99.7450332409986,0,9.17808320866253e-16,14.9889473684211,0,90
436,88.0999999999993,5,1216.43199999999,0,0,14.74,0,0,0
436,88.0999999999993,6,1775.83693846061,0,0,0.3,0,0,0
436,88.1999999999993,1,1169.97543737319,1.61436062569752e-25,0,15,5.52455591860695e-24,0,2.11022491880132e-23
436,88.1999999999993,2,572,99.8214320987663,0,2.47106509694611e-16,4.03555555555538,0,90
436,88.1999999999993,3,1182,99.9692315541618,0,4.28604511008733e-16,6.99964285714288,0,90
436,88.1999999999993,4,1182,99.7450332409986,0,9.17808320866253e-16,14.9889473684211,0,90
436,88.1999999999993,5,1217.90581249999,0,0,14.73625,0,0,0
436,88.1999999999993,6,1775.83693846061,0,0,0.3,0,0,0
436,88.2999999999993,1,1171.47543737319,7.74683682860072e-25,0,15,6.60295718603379e-24,0,2.52214386043543e-23
436,88.2999999999993,2,572,99.8214320987663,0,2.47106509694611e-16,4.03555555555538,0,90
436,88.2999999999993,3,1182,99.9692315541618,0,4.28604511008733e-16,6.99964285714288,0,90
436,88.2999999999993,4,1182,99.7450332409986,0,9.17808320866253e-16,14.9889473684211,0,90
436,88.2999999999993,5,1219.37924999999,0,0,14.7325,0,0,0
436,88.2999999999993,6,1775.83693846061,0,0,0.3,0,0,0
436,88.3999999999993,1,1172.97543737319,1.45453963954316e-24,0,15,6.85672264646246e-24,0,2.61907512622714e-23
436,88.3999999999993,2,572,99.8214320987663,0,2.47106509694611e-16,4.03555555555538,0,90
436,88.3999999999993,3,1182,99.9692315541618,0,4.28604511008733e-16,6.99964285714288,0,90
436,88.3999999999993,4,1182,99.7450332409986,0,9.17808320866253e-16,14.9889473684211,0,90
436,88.3999999999993,5,1220.85231249999,0,0,14.72875,0,0,0
436,88.3999999999993,6,1775.83693846061,0,0,0.3,0,0,0
436,88.4999999999992,1,1174.47543737319,2.11854035191922e-24,0,15,6.28585229989297e-24,0,2.40101871617646e-23
436,88.4999999999992,2,572,99.8214320987663,0,2.47106509694611e-16,4.03555555555538,0,90
436,88.4999999999992,3,1182,99.9692315541618,0,4.28604511008733e-16,6.99964285714288,0,90
436,88.4999999999992,4,1182,99.7450332409986,0,9.17808320866253e-16,14.9889473684211,0,90
436,88.4999999999992,5,1222.32499999999,0,0,14.725,0,0,0
436,88.4999999999992,6,1775.83693846061,0,0,0.3,0,0,0
436,88.5999999999992,1,1175.97543737319,2.68422223928841e-24,0,15,4.8903461463253e-24,0,1.86797463028338e-23
436,88.5999999999992,2,572,99.8214320987663,0,2.47106509694611e-16,4.03555555555538,0,90
436,88.5999999999992,3,1182,99.9692315541618,0,4.28604511008733e-16,6.99964285714288,0,90
436,88.5999999999992,4,1182,99.7450332409986,0,9.17808320866253e-16,14.9889473684211,0,90
436,88.5999999999992,5,1223.79731249999,0,0,14.72125,0,0,0
436,88.5999999999992,6,1775.83693846061,0,0,0.3,0,0,0
436,88.6999999999992,1,1177.47543737319,3.06912172095095e-24,0,15,2.67020418575947e-24,0,1.01994286854789e-23
436,88.6999999999992,2,572,99.8214320987663,0,2.47106509694611e-16,4.03555555555538,0,90
436,88.6999999999992,3,1182,99.9692315541618,0,4.28604511008733e-16,6.99964285714288,0,90
436,88.6999999999992,4,1182,99.7450332409986,0,9.17808320866253e-16,14.9889473684211,0,90
436,88.6999999999992,5,1225.26924999999,0,0,14.7175,0,0,0
436,88.6999999999992,6,1775.83693846061,0,0,0.3,0,0,0
436,88.7999999999992,1,1178.97543737319,3.19077521620701e-24,0,15,-3.74573581804529e-25,0,-1.43076569029985e-24
436,88.7999999999992,2,572,99.8214320987663,0,2.47106509694611e-16,4.03555555555538,0,90
436,88.7999999999992,3,1182,99.9692315541618,0,4.28604511008733e-16,6.99964285714288,0,90
436,88.7999999999992,4,1182,99.7450332409986,0,9.17808320866253e-16,14.9889473684211,0,90
436,88.7999999999992,5,1226.74081249999,0,0,14.71375,0,0,0
436,88.7999999999992,6,1775.83693846061,0,0,0.3,0,0,0
436,88.8999999999992,1,1180.47543737319,2.96671914435678e-24,0,15,-4.2439871563667e-24,0,-1.62108368245026e-23
436,88.8999999999992,2,572,99.8214320987663,0,2.47106509694611e-16,4.03555555555538,0,90
436,88.8999999999992,3,1182,99.9692315541618,0,4.28604511008733e-16,6.99964285714288,0,90
436,88.8999999999992,4,1182,99.7450332409986,0,9.17808320866253e-16,14.9889473684211,0,90
436,88.8999999999992,5,1228.21199999999,0,0,14.71,0,0,0
436,88.8999999999992,6,1775.83693846061,0,0,0.3,0,0,0
436,88.9999999999992,1,1181.97543737319,2.31448992470045e-24,0,15,-8.93803653792703e-24,0,-3.41407847171294e-23
436,88.9999999999992,2,572,99.8214320987663,0,2.47106509694611e-16,4.03555555555538,0,90
436,88.9999999999992,3,1182,99.9692315541618,0,4.28604511008733e-16,6.99964285714288,0,90
436,88.9999999999992,4,1182,99.7450332409986,0,9.17808320866253e-16,14.9889473684211,0,90
436,88.9999999999992,5,1229.68281249999,0,0,14.70625,0,0,0
436,88.9999999999992,6,1775.83693846061,0,0,0.3,0,0,0
436,89.0999999999992,1,1183.47543737319,1.1516239765382e-24,0,15,-1.44567217264855e-23,0,-5.52206093681801e-23
436,89.0999999999992,2,572,99.8214320987663,0,2.47106509694611e-16,4.03555555555538,0,90
436,89.0999999999992,3,1182,99.9692315541618,0,4.28604511008733e-16,6.99964285714288,0,90
436,89.0999999999992,4,1182,99.7450332409986,0,9.17808320866253e-16,14.9889473684211,0,90
436,89.0999999999992,5,1231.15324999999,0,0,14.7025,0,0,0
436,89.0999999999992,6,1775.83693846061,0,0,0.3,0,0,0
436,89.1999999999992,1,1184.97543737319,-6.02487587683007e-25,0,15,-2.06179233774933e-23,0,-7.87546661236319e-23
436,89.1999999999992,2,572,99.8214320987663,0,2.47106509694611e-16,4.03555555555538,0,90
436,89.1999999999992,3,1182,99.9692315541618,0,4.28604511008733e-16,6.99964285714288,0,90
436,89.1999999999992,4,1182,99.7450332409986,0,9.17808320866253e-16,14.9889473684211,0,90
436,89.1999999999992,5,1232.62331249999,0,0,14.69875,0,0,0
436,89.1999999999992,6,1775.83693846061,0,0,0.3,0,0,0
436,89.2999999999992,1,1186.47543737319,-2.89115886422695e-24,0,15,-2.46425716984786e-23,0,-9.41276903114236e-23
436,89.2999999999992,2,572,99.8214320987663,0,2.47106509694611e-16,4.03555555555538,0,90
436,89.2999999999992,3,1182,99.9692315541618,0,4.28604511008733e-16,6.99964285714288,0,90
436,89.2999999999992,4,1182,99.7450332409986,0,9.17808320866253e-16,14.9889473684211,0,90
436,89.2999999999992,5,1234.09299999999,0,0,14.695,0,0,0
436,89.2999999999992,6,1775.83693846061,0,0,0.3,0,0,0
436,89.3999999999992,1,1187.97543737319,-5.42841583639653e-24,0,15,-2.55896372900063e-23,0,-9.77452143991966e-23
436,89.3999999999992,2,572,99.8214320987663,0,2.47106509694611e-16,4.03555555555538,0,90
436,89.3999999999992,3,1182,99.9692315541618,0,4.28604511008733e-16,6.99964285714288,0,90
436,89.3999999999992,4,1182,99.7450332409986,0,9.17808320866253e-16,14.9889473684211,0,90
436,89.3999999999992,5,1235.56231249999,0,0,14.69125,0,0,0
436,89.3999999999992,6,1775.83693846061,0,0,0.3,0,0,0
436,89.4999999999992,1,1189.47543737319,-7.906500231246e-24,0,15,-2.34591201520762e-23,0,-8.9607238386951e-23
436,89.4999999999992,2,572,99.8214320987663,0,2.47106509694611e-16,4.03555555555538,0,90
436,89.4999999999992,3,1182,99.9692315541618,0,4.28604511008733e-16,6.99964285714288,0,90
436,89.4999999999992,4,1182,99.7450332409986,0,9.17808320866253e-16,14.9889473684211,0,90
436,89.4999999999992,5,1237.03124999999,0,0,14.6875,0,0,0
436,89.4999999999992,6,1775.83693846061,0,0,0.3,0,0,0
436,89.5999999999992,1,1190.97543737319,-1.00176537758296e-23,0,15,-1.82510202846884e-23,0,-6.97137622746868e-23
436,89.5999999999992,2,572,99.8214320987663,0,2.47106509694611e-16,4.03555555555538,0,90
436,89.5999999999992,3,1182,99.9692315541618,0,4.28604511008733e-16,6.99964285714288,0,90
436,89.5999999999992,4,1182,99.7450332409986,0,9.17808320866253e-16,14.9889473684211,0,90
436,89.5999999999992,5,1238.49981249999,0,0,14.68375,0,0,0
436,89.5999999999992,6,1775.83693846061,0,0,0.3,0,0,0
436,89.6999999999992,1,1192.47543737319,-1.14541181972016e-23,0,15,-9.96533768784297e-24,0,-3.8064786062404e-23
436,89.6999999999992,2,572,99.8214320987663,0,2.47106509694611e-16,4.03555555555538,0,90
436,89.6999999999992,3,1182,99.9692315541618,0,4.28604511008733e-16,6.99964285714288,0,90
436,89.6999999999992,4,1182,99.7450332409986,0,9.17808320866253e-16,14.9889473684211,0,90
436,89.6999999999992,5,1239.96799999999,0,0,14.68,0,0,0
436,89.6999999999992,6,1775.83693846061,0,0,0.3,0,0,0
436,89.7999999999992,1,1193.97543737319,-1.19081352224162e-23,0,15,1.39792763846022e-24,0,5.33969024989737e-24
436,89.7999999999992,2,572,99.8214320987663,0,2.47106509694611e-16,4.03555555555538,0,90
436,89.7999999999992,3,1182,99.9692315541618,0,4.28604511008733e-16,6.99964285714288,0,90
436,89.7999999999992,4,1182,99.7450332409986,0,9.17808320866253e-16,14.9889473684211,0,90
436,89.7999999999992,5,1241.43581249999,0,0,14.67625,0,0,0
436,89.7999999999992,6,1775.83693846061,0,0,0.3,0,0,0
436,89.8999999999992,1,1195.47543737319,-1.10719465785276e-23,0,15,1.58387756942211e-23,0,6.04996666622174e-23
436,89.8999999999992,2,572,99.8214320987663,0,2.47106509694611e-16,4.03555555555538,0,90
436,89.8999999999992,3,1182,99.9692315541618,0,4.28604511008733e-16,6.99964285714288,0,90
436,89.8999999999992,4,1182,99.7450332409986,0,9.17808320866253e-16,14.9889473684211,0,90
436,89.8999999999992,5,1242.90324999999,0,0,14.6725,0,0,0
436,89.8999999999992,6,1775.83693846061,0,0,0.3,0,0,0
436,89.9999999999992,1,1196.97543737319,-8.63779399259019e-24,0,15,3.33572064794397e-23,0,1.27415143174556e-22
436,89.9999999999992,2,572,99.8214320987663,0,2.47106509694611e-16,4.03555555555538,0,90
436,89.9999999999992,3,1182,99.9692315541618,0,4.28604511008733e-16,6.99964285714288,0,90
436,89.9999999999992,4,1182,99.7450332409986,0,9.17808320866253e-16,14.9889473684211,0,90
436,89.9999999999992,5,1244.37031249999,0,0,14.66875,0,0,0
436,89.9999999999992,6,1775.83693846061,0,0,0.3,0,0,0
436,90.0999999999992,1,1198.47543737319,-4.29791919165813e-24,0,15,5.39532199941161e-23,0,2.06086119786913e-22
436,90.0999999999992,2,572,99.8214320987663,0,2.47106509694611e-16,4.03555555555538,0,90
436,90.0999999999992,3,1182,99.9692315541618,0,4.28604511008733e-16,6.99964285714288,0,90
436,90.0999999999992,4,1182,99.7450332409986,0,9.17808320866253e-16,14.9889473684211,0,90
436,90.0999999999992,5,1245.83699999999,0,0,14.665,0,0,0
436,90.0999999999992,6,1775.83693846061,0,0,0.3,0,0,0
436,90.1999999999992,1,1199.97543737319,2.24851428815821e-24,0,15,7.69471375913548e-23,0,2.93916415306472e-22
436,90.1999999999992,2,572,99.8214320987663,0,2.47106509694611e-16,4.03555555555538,0,90
436,90.1999999999992,3,1182,99.9692315541618,0,4.28604511008733e-16,6.99964285714288,0,90
436,90.1999999999992,4,1182,99.7450332409986,0,9.17808320866253e-16,14.9889473684211,0,90
436,90.1999999999992,5,1247.30331249999,0,0,14.66125,0,0,0
436,90.1999999999992,6,1775.83693846061,0,0,0.3,0,0,0
436,90.2999999999991,1,1201.47543737319,1.07899517740428e-23,0,15,9.19673296078754e-23,0,3.5128932264132e-22
436,90.2999999999991,2,572,99.8214320987663,0,2.47106509694611e-16,4.03555555555538,0,90
436,90.2999999999991,3,1182,99.9692315541618,0,4.28604511008733e-16,6.99964285714288,0,90
436,90.2999999999991,4,1182,99.7450332409986,0,9.17808320866253e-16,14.9889473684211,0,90
436,90.2999999999991,5,1248.76924999999,0,0,14.6575,0,0,0
436,90.2999999999991,6,1775.83693846061,0,0,0.3,0,0,0
436,90.3999999999991,1,1202.97543737319,2.02591237060379e-23,0,15,9.55018265135634e-23,0,3.64790106334518e-22
436,90.3999999999991,2,572,99.8214320987663,0,2.47106509694611e-16,4.03555555555538,0,90
436,90.3999999999991,3,1182,99.9692315541618,0,4.28604511008733e-16,6.99964285714288,0,90
436,90.3999999999991,4,1182,99.7450332409986,0,9.17808320866253e-16,14.9889473684211,0,90
436,90.3999999999991,5,1250.23481249999,0,0,14.65375,0,0,0
436,90.3999999999991,6,1775.83693846061,0,0,0.3,0,0,0
436,90.4999999999991,1,1204.47543737319,2.950746057306e-23,0,15,8.75506283084188e-23,0,3.34418766386066e-22
436,90.4999999999991,2,572,99.8214320987663,0,2.47106509694611e-16,4.03555555555538,0,90
436,90.4999999999991,3,1182,99.9692315541618,0,4.28604511008733e-16,6.99964285714288,0,90
436,90.4999999999991,4,1182,99.7450332409986,0,9.17808320866253e-16,14.9889473684211,0,90
436,90.4999999999991,5,1251.69999999999,0,0,14.65,0,0,0
436,90.4999999999991,6,1775.83693846061,0,0,0.3,0,0,0
436,90.5999999999991,1,1205.97543737319,3.73863928640262e-23,0,15,6.81137349924415e-23,0,2.60175302795963e-22
436,90.5999999999991,2,572,99.8214320987663,0,2.47106509694611e-16,4.03555555555538,0,90
436,90.5999999999991,3,1182,99.9692315541618,0,4.28604511008733e-16,6.99964285714288,0,90
436,90.5999999999991,4,1182,99.7450332409986,0,9.17808320866253e-16,14.9889473684211,0,90
436,90.5999999999991,5,1253.16481249999,0,0,14.64625,0,0,0
436,90.5999999999991,6,1775.83693846061,0,0,0.3,0,0,0
436,90.6999999999991,1,1207.47543737319,4.27473510678532e-23,0,15,3.71911465656316e-23,0,1.4205971556421e-22
436,90.6999999999991,2,572,99.8214320987663,0,2.47106509694611e-16,4.03555555555538,0,90
436,90.6999999999991,3,1182,99.9692315541618,0,4.28604511008733e-16,6.99964285714288,0,90
436,90.6999999999991,4,1182,99.7450332409986,0,9.17808320866253e-16,14.9889473684211,0,90
436,90.6999999999991,5,1254.62924999999,0,0,14.6425,0,0,0
436,90.6999999999991,6,1775.83693846061,0,0,0.3,0,0,0
436,90.7999999999991,1,1208.97543737319,4.44417656734577e-23,0,15,-5.21713697201101e-24,0,-1.99279953091929e-23
436,90.7999999999991,2,572,99.8214320987663,0,2.47106509694611e-16,4.03555555555538,0,90
436,90.7999999999991,3,1182,99.9692315541618,0,4.28604511008733e-16,6.99964285714288,0,90
436,90.7999999999991,4,1182,99.7450332409986,0,9.17808320866253e-16,14.9889473684211,0,90
436,90.7999999999991,5,1256.09331249999,0,0,14.63875,0,0,0
436,90.7999999999991,6,1775.83693846061,0,0,0.3,0,0,0
436,90.8999999999991,1,1210.47543737319,4.13210671697566e-23,0,15,-5.91111156204862e-23,0,-2.25787829824246e-22
436,90.8999999999991,2,572,99.8214320987663,0,2.47106509694611e-16,4.03555555555538,0,90
436,90.8999999999991,3,1182,99.9692315541618,0,4.28604511008733e-16,6.99964285714288,0,90
436,90.8999999999991,4,1182,99.7450332409986,0,9.17808320866253e-16,14.9889473684211,0,90
436,90.8999999999991,5,1257.55699999999,0,0,14.635,0,0,0
436,90.8999999999991,6,1775.83693846061,0,0,0.3,0,0,0
436,90.9999999999991,1,1211.97543737319,3.22366860456667e-23,0,15,-1.24490789379794e-22,0,-4.7551978798095e-22
436,90.9999999999991,2,572,99.8214320987663,0,2.47106509694611e-16,4.03555555555538,0,90
436,90.9999999999991,3,1182,99.9692315541618,0,4.28604511008733e-16,6.99964285714288,0,90
436,90.9999999999991,4,1182,99.7450332409986,0,9.17808320866253e-16,14.9889473684211,0,90
436,90.9999999999991,5,1259.02031249999,0,0,14.63125,0,0,0
436,90.9999999999991,6,1775.83693846061,0,0,0.3,0,0,0
436,91.0999999999991,1,1213.47543737319,1.60400527901049e-23,0,15,-2.01356158249935e-22,0,-7.69123869779304e-22
436,91.0999999999991,2,572,99.8214320987663,0,2.47106509694611e-16,4.03555555555538,0,90
436,91.0999999999991,3,1182,99.9692315541618,0,4.28604511008733e-16,6.99964285714288,0,90
436,91.0999999999991,4,1182,99.7450332409986,0,9.17808320866253e-16,14.9889473684211,0,90
436,91.0999999999991,5,1260.48324999999,0,0,14.6275,0,0,0
436,91.0999999999991,6,1775.83693846061,0,0,0.3,0,0,0
436,91.1999999999991,1,1214.97543737319,-8.39156956493464e-24,0,15,-2.87170626987884e-22,0,-1.09691099510209e-21
436,91.1999999999991,2,572,99.8214320987663,0,2.47106509694611e-16,4.03555555555538,0,90
436,91.1999999999991,3,1182,99.9692315541618,0,4.28604511008733e-16,6.99964285714288,0,90
436,91.1999999999991,4,1182,99.7450332409986,0,9.17808320866253e-16,14.9889473684211,0,90
436,91.1999999999991,5,1261.94581249999,0,0,14.62375,0,0,0
436,91.1999999999991,6,1775.83693846061,0,0,0.3,0,0,0
436,91.2999999999991,1,1216.47543737319,-4.02686482319262e-23,0,15,-3.43226746733004e-22,0,-1.31102960025378e-21
436,91.2999999999991,2,572,99.8214320987663,0,2.47106509694611e-16,4.03555555555538,0,90
436,91.2999999999991,3,1182,99.9692315541618,0,4.28604511008733e-16,6.99964285714288,0,90
436,91.2999999999991,4,1182,99.7450332409986,0,9.17808320866253e-16,14.9889473684211,0,90
436,91.2999999999991,5,1263.40799999999,0,0,14.62,0,0,0
436,91.2999999999991,6,1775.83693846061,0,0,0.3,0,0,0
436,91.3999999999991,1,1217.97543737319,-7.56080789877358e-23,0,15,-3.56417668764251e-22,0,-1.36141521093889e-21
436,91.3999999999991,2,572,99.8214320987663,0,2.47106509694611e-16,4.03555555555538,0,90
436,91.3999999999991,3,1182,99.9692315541618,0,4.28604511008733e-16,6.99964285714288,0,90
436,91.3999999999991,4,1182,99.7450332409986,0,9.17808320866253e-16,14.9889473684211,0,90
436,91.3999999999991,5,1264.86981249999,0,0,14.61625,0,0,0
436,91.3999999999991,6,1775.83693846061,0,0,0.3,0,0,0
436,91.4999999999991,1,1219.47543737319,-1.10123342060977e-22,0,15,-3.26743393081625e-22,0,-1.24806782715741e-21
436,91.4999999999991,2,572,99.8214320987663,0,2.47106509694611e-16,4.03555555555538,0,90
436,91.4999999999991,3,1182,99.9692315541618,0,4.28604511008733e-16,6.99964285714288,0,90
436,91.4999999999991,4,1182,99.7450332409986,0,9.17808320866253e-16,14.9889473684211,0,90
436,91.4999999999991,5,1266.33124999999,0,0,14.6125,0,0,0
436,91.4999999999991,6,1775.83693846061,0,0,0.3,0,0,0
436,91.5999999999991,1,1220.97543737319,-1.39527917680261e-22,0,15,-2.54203919685126e-22,0,-9.70987448909352e-22
436,91.5999999999991,2,572,99.8214320987663,0,2.47106509694611e-16,4.03555555555538,0,90
436,91.5999999999991,3,1182,99.9692315541618,0,4.28604511008733e-16,6.99964285714288,0,90
436,91.5999999999991,4,1182,99.7450332409986,0,9.17808320866253e-16,14.9889473684211,0,90
436,91.5999999999991,5,1267.79231249999,0,0,14.60875,0,0,0
436,91.5999999999991,6,1775.83693846061,0,0,0.3,0,0,0
436,91.6999999999991,1,1222.47543737319,-1.59535286074203e-22,0,15,-1.38799248574755e-22,0,-5.30174076194711e-22
436,91.6999999999991,2,572,99.8214320987663,0,2.47106509694611e-16,4.03555555555538,0,90
436,91.6999999999991,3,1182,99.9692315541618,0,4.28604511008733e-16,6.99964285714288,0,90
436,91.6999999999991,4,1182,99.7450332409986,0,9.17808320866253e-16,14.9889473684211,0,90
436,91.6999999999991,5,1269.25299999999,0,0,14.605,0,0,0
436,91.6999999999991,6,1775.83693846061,0,0,0.3,0,0,0
436,91.7999999999991,1,1223.97543737319,-1.65858927471415e-22,0,15,1.94706202494888e-23,0,7.4372290986511e-23
436,91.7999999999991,2,572,99.8214320987663,0,2.47106509694611e-16,4.03555555555538,0,90
436,91.7999999999991,3,1182,99.9692315541618,0,4.28604511008733e-16,6.99964285714288,0,90
436,91.7999999999991,4,1182,99.7450332409986,0,9.17808320866253e-16,14.9889473684211,0,90
436,91.7999999999991,5,1270.71331249999,0,0,14.60125,0,0,0
436,91.7999999999991,6,1775.83693846061,0,0,0.3,0,0,0
436,91.8999999999991,1,1225.47543737319,-1.5421232210051e-22,0,15,2.20605686787605e-22,0,8.42651652634315e-22
436,91.8999999999991,2,572,99.8214320987663,0,2.47106509694611e-16,4.03555555555538,0,90
436,91.8999999999991,3,1182,99.9692315541618,0,4.28604511008733e-16,6.99964285714288,0,90
436,91.8999999999991,4,1182,99.7450332409986,0,9.17808320866253e-16,14.9889473684211,0,90
436,91.8999999999991,5,1272.17324999999,0,0,14.5975,0,0,0
436,91.8999999999991,6,1775.83693846061,0,0,0.3,0,0,0
436,91.999999999999,1,1226.97543737319,-1.20308950190101e-22,0,15,4.64605951039594e-22,0,1.7746640087487e-21
436,91.999999999999,2,572,99.8214320987663,0,2.47106509694611e-16,4.03555555555538,0,90
436,91.999999999999,3,1182,99.9692315541618,0,4.28604511008733e-16,6.99964285714288,0,90
436,91.999999999999,4,1182,99.7450332409986,0,9.17808320866253e-16,14.9889473684211,0,90
436,91.999999999999,5,1273.63281249999,0,0,14.59375,0,0,0
436,91.999999999999,6,1775.83693846061,0,0,0.3,0,0,0
436,92.099999999999,1,1228.47543737319,-5.98622919688009e-23,0,15,7.51471413005456e-22,0,2.87040935932967e-21
436,92.099999999999,2,572,99.8214320987663,0,2.47106509694611e-16,4.03555555555538,0,90
436,92.099999999999,3,1182,99.9692315541618,0,4.28604511008733e-16,6.99964285714288,0,90
436,92.099999999999,4,1182,99.7450332409986,0,9.17808320866253e-16,14.9889473684211,0,90
436,92.099999999999,5,1275.09199999999,0,0,14.59,0,0,0
436,92.099999999999,6,1775.83693846061,0,0,0.3,0,0,0
436,92.199999999999,1,1229.97543737319,3.13177639715237e-23,0,15,1.07173537036003e-21,0,4.09372756510131e-21
436,92.199999999999,2,572,99.8214320987663,0,2.47106509694611e-16,4.03555555555538,0,90
436,92.199999999999,3,1182,99.9692315541618,0,4.28604511008733e-16,6.99964285714288,0,90
436,92.199999999999,4,1182,99.7450332409986,0,9.17808320866253e-16,14.9889473684211,0,90
436,92.199999999999,5,1276.55081249999,0,0,14.58625,0,0,0
436,92.199999999999,6,1775.83693846061,0,0,0.3,0,0,0
436,92.299999999999,1,1231.47543737319,1.50284641153594e-22,0,15,1.28093965732407e-21,0,4.89282907837353e-21
436,92.299999999999,2,572,99.8214320987663,0,2.47106509694611e-16,4.03555555555538,0,90
436,92.299999999999,3,1182,99.9692315541618,0,4.28604511008733e-16,6.99964285714288,0,90
436,92.299999999999,4,1182,99.7450332409986,0,9.17808320866253e-16,14.9889473684211,0,90
436,92.299999999999,5,1278.00924999999,0,0,14.5825,0,0,0
436,92.299999999999,6,1775.83693846061,0,0,0.3,0,0,0
436,92.399999999999,1,1232.97543737319,2.82173192244834e-22,0,15,1.33016884854345e-21,0,5.08087073742107e-21
436,92.399999999999,2,572,99.8214320987663,0,2.47106509694611e-16,4.03555555555538,0,90
436,92.399999999999,3,1182,99.9692315541618,0,4.28604511008733e-16,6.99964285714288,0,90
436,92.399999999999,4,1182,99.7450332409986,0,9.17808320866253e-16,14.9889473684211,0,90
436,92.399999999999,5,1279.46731249999,0,0,14.57875,0,0,0
436,92.399999999999,6,1775.83693846061,0,0,0.3,0,0,0
436,92.499999999999,1,1234.47543737319,4.1098590767078e-22,0,15,1.21942294401818e-21,0,4.65785254224394e-21
436,92.499999999999,2,572,99.8214320987663,0,2.47106509694611e-16,4.03555555555538,0,90
436,92.499999999999,3,1182,99.9692315541618,0,4.28604511008733e-16,6.99964285714288,0,90
436,92.499999999999,4,1182,99.7450332409986,0,9.17808320866253e-16,14.9889473684211,0,90
436,92.499999999999,5,1280.92499999999,0,0,14.575,0,0,0
436,92.499999999999,6,1775.83693846061,0,0,0.3,0,0,0
436,92.599999999999,1,1235.97543737319,5.20725277856967e-22,0,15,9.48701943748245e-22,0,3.62377449284214e-21
436,92.599999999999,2,572,99.8214320987663,0,2.47106509694611e-16,4.03555555555538,0,90
436,92.599999999999,3,1182,99.9692315541618,0,4.28604511008733e-16,6.99964285714288,0,90
436,92.599999999999,4,1182,99.7450332409986,0,9.17808320866253e-16,14.9889473684211,0,90
436,92.599999999999,5,1282.38231249999,0,0,14.57125,0,0,0
436,92.599999999999,6,1775.83693846061,0,0,0.3,0,0,0
436,92.699999999999,1,1237.47543737319,5.9539379322893e-22,0,15,5.18005847733656e-22,0,1.97863658921566e-21
436,92.699999999999,2,572,99.8214320987663,0,2.47106509694611e-16,4.03555555555538,0,90
436,92.699999999999,3,1182,99.9692315541618,0,4.28604511008733e-16,6.99964285714288,0,90
436,92.699999999999,4,1182,99.7450332409986,0,9.17808320866253e-16,14.9889473684211,0,90
436,92.699999999999,5,1283.83924999999,0,0,14.5675,0,0,0
436,92.699999999999,6,1775.83693846061,0,0,0.3,0,0,0
436,92.799999999999,1,1238.97543737319,6.18993944212204e-22,0,15,-7.26653440255898e-23,0,-2.77561168635498e-22
436,92.799999999999,2,572,99.8214320987663,0,2.47106509694611e-16,4.03555555555538,0,90
436,92.799999999999,3,1182,99.9692315541618,0,4.28604511008733e-16,6.99964285714288,0,90
436,92.799999999999,4,1182,99.7450332409986,0,9.17808320866253e-16,14.9889473684211,0,90
436,92.799999999999,5,1285.29581249999,0,0,14.56375,0,0,0
436,92.799999999999,6,1775.83693846061,0,0,0.3,0,0,0
436,92.899999999999,1,1240.47543737319,5.75528221232325e-22,0,15,-8.23311631529493e-22,0,-3.14481878071133e-21
436,92.899999999999,2,572,99.8214320987663,0,2.47106509694611e-16,4.03555555555538,0,90
436,92.899999999999,3,1182,99.9692315541618,0,4.28604511008733e-16,6.99964285714288,0,90
436,92.899999999999,4,1182,99.7450332409986,0,9.17808320866253e-16,14.9889473684211,0,90
436,92.899999999999,5,1286.75199999999,0,0,14.56,0,0,0
436,92.899999999999,6,1775.83693846061,0,0,0.3,0,0,0
436,92.999999999999,1,1241.97543737319,4.48999114714827e-22,0,15,-1.73393301477805e-21,0,-6.62313624701183e-21
436,92.999999999999,2,572,99.8214320987663,0,2.47106509694611e-16,4.03555555555538,0,90
436,92.999999999999,3,1182,99.9692315541618,0,4.28604511008733e-16,6.99964285714288,0,90
436,92.999999999999,4,1182,99.7450332409986,0,9.17808320866253e-16,14.9889473684211,0,90
436,92.999999999999,5,1288.20781249999,0,0,14.55625,0,0,0
436,92.999999999999,6,1775.83693846061,0,0,0.3,0,0,0
436,93.099999999999,1,1243.47543737319,2.23409115085245e-22,0,15,-2.80452949377127e-21,0,-1.0712513567537e-20
436,93.099999999999,2,572,99.8214320987663,0,2.47106509694611e-16,4.03555555555538,0,90
436,93.099999999999,3,1182,99.9692315541618,0,4.28604511008733e-16,6.99964285714288,0,90
436,93.099999999999,4,1182,99.7450332409986,0,9.17808320866253e-16,14.9889473684211,0,90
436,93.099999999999,5,1289.66324999999,0,0,14.5525,0,0,0
436,93.099999999999,6,1775.83693846061,0,0,0.3,0,0,0
436,93.199999999999,1,1244.97543737319,-1.16879486320949e-22,0,15,-3.99977085445163e-21,0,-1.52779992653009e-20
436,93.199999999999,2,572,99.8214320987663,0,2.47106509694611e-16,4.03555555555538,0,90
436,93.199999999999,3,1182,99.9692315541618,0,4.28604511008733e-16,6.99964285714288,0,90
436,93.199999999999,4,1182,99.7450332409986,0,9.17808320866253e-16,14.9889473684211,0,90
436,93.199999999999,5,1291.11831249999,0,0,14.54875,0,0,0
436,93.199999999999,6,1775.83693846061,0,0,0.3,0,0,0
436,93.299999999999,1,1246.47543737319,-5.60869916382194e-22,0,15,-4.78053188256299e-21,0,-1.82602867132393e-20
436,93.299999999999,2,572,99.8214320987663,0,2.47106509694611e-16,4.03555555555538,0,90
436,93.299999999999,3,1182,99.9692315541618,0,4.28604511008733e-16,6.99964285714288,0,90
436,93.299999999999,4,1182,99.7450332409986,0,9.17808320866253e-16,14.9889473684211,0,90
436,93.299999999999,5,1292.57299999999,0,0,14.545,0,0,0
436,93.299999999999,6,1775.83693846061,0,0,0.3,0,0,0
436,93.399999999999,1,1247.97543737319,-1.05308468999133e-21,0,15,-4.96425772540959e-21,0,-1.89620677387456e-20
436,93.399999999999,2,572,99.8214320987663,0,2.47106509694611e-16,4.03555555555538,0,90
436,93.399999999999,3,1182,99.9692315541618,0,4.28604511008733e-16,6.99964285714288,0,90
436,93.399999999999,4,1182,99.7450332409986,0,9.17808320866253e-16,14.9889473684211,0,90
436,93.399999999999,5,1294.02731249998,0,0,14.54125,0,0,0
436,93.399999999999,6,1775.83693846061,0,0,0.3,0,0,0
436,93.499999999999,1,1249.47543737319,-1.5338202886219e-21,0,15,-4.55094838299144e-21,0,-1.73833423418197e-20
436,93.499999999999,2,572,99.8214320987663,0,2.47106509694611e-16,4.03555555555538,0,90
436,93.499999999999,3,1182,99.9692315541618,0,4.28604511008733e-16,6.99964285714288,0,90
436,93.499999999999,4,1182,99.7450332409986,0,9.17808320866253e-16,14.9889473684211,0,90
436,93.499999999999,5,1295.48124999998,0,0,14.5375,0,0,0
436,93.499999999999,6,1775.83693846061,0,0,0.3,0,0,0
436,93.599999999999,1,1250.97543737319,-1.94337319374741e-21,0,15,-3.54060385530853e-21,0,-1.35241105224618e-20
436,93.599999999999,2,572,99.8214320987663,0,2.47106509694611e-16,4.03555555555538,0,90
436,93.599999999999,3,1182,99.9692315541618,0,4.28604511008733e-16,6.99964285714288,0,90
436,93.599999999999,4,1182,99.7450332409986,0,9.17808320866253e-16,14.9889473684211,0,90
436,93.599999999999,5,1296.93481249998,0,0,14.53375,0,0,0
436,93.599999999999,6,1775.83693846061,0,0,0.3,0,0,0
436,93.699999999999,1,1252.47543737319,-2.22203988684141e-21,0,15,-1.93322414236087e-21,0,-7.38437228067173e-21
436,93.699999999999,2,572,99.8214320987663,0,2.47106509694611e-16,4.03555555555538,0,90
436,93.699999999999,3,1182,99.9692315541618,0,4.28604511008733e-16,6.99964285714288,0,90
436,93.699999999999,4,1182,99.7450332409986,0,9.17808320866253e-16,14.9889473684211,0,90
436,93.699999999999,5,1298.38799999998,0,0,14.53,0,0,0
436,93.699999999999,6,1775.83693846061,0,0,0.3,0,0,0
436,93.7999999999989,1,1253.97543737319,-2.31011684937741e-21,0,15,2.71190755851548e-22,0,1.03587238355043e-21
436,93.7999999999989,2,572,99.8214320987663,0,2.47106509694611e-16,4.03555555555538,0,90
436,93.7999999999989,3,1182,99.9692315541618,0,4.28604511008733e-16,6.99964285714288,0,90
436,93.7999999999989,4,1182,99.7450332409986,0,9.17808320866253e-16,14.9889473684211,0,90
436,93.7999999999989,5,1299.84081249998,0,0,14.52625,0,0,0
436,93.7999999999989,6,1775.83693846061,0,0,0.3,0,0,0
436,93.8999999999989,1,1255.47543737319,-2.14790056282894e-21,0,15,3.07264083932872e-21,0,1.17366234702047e-20
436,93.8999999999989,2,572,99.8214320987663,0,2.47106509694611e-16,4.03555555555538,0,90
436,93.8999999999989,3,1182,99.9692315541618,0,4.28604511008733e-16,6.99964285714288,0,90
436,93.8999999999989,4,1182,99.7450332409986,0,9.17808320866253e-16,14.9889473684211,0,90
436,93.8999999999989,5,1301.29324999998,0,0,14.5225,0,0,0
436,93.8999999999989,6,1775.83693846061,0,0,0.3,0,0,0
436,93.9999999999989,1,1256.97543737319,-1.67568750866954e-21,0,15,6.47112610807065e-21,0,2.47178809792911e-20
436,93.9999999999989,2,572,99.8214320987663,0,2.47106509694611e-16,4.03555555555538,0,90
436,93.9999999999989,3,1182,99.9692315541618,0,4.28604511008733e-16,6.99964285714288,0,90
436,93.9999999999989,4,1182,99.7450332409986,0,9.17808320866253e-16,14.9889473684211,0,90
436,93.9999999999989,5,1302.74531249998,0,0,14.51875,0,0,0
436,93.9999999999989,6,1775.83693846061,0,0,0.3,0,0,0
436,94.0999999999989,1,1258.47543737319,-8.33774168372731e-22,0,15,1.04666465620773e-20,0,3.99796449108096e-20
436,94.0999999999989,2,572,99.8214320987663,0,2.47106509694611e-16,4.03555555555538,0,90
436,94.0999999999989,3,1182,99.9692315541618,0,4.28604511008733e-16,6.99964285714288,0,90
436,94.0999999999989,4,1182,99.7450332409986,0,9.17808320866253e-16,14.9889473684211,0,90
436,94.0999999999989,5,1304.19699999998,0,0,14.515,0,0,0
436,94.0999999999989,6,1775.83693846061,0,0,0.3,0,0,0
436,94.1999999999989,1,1259.97543737319,4.36200181311482e-22,0,15,1.49273480474443e-20,0,5.7018269496094e-20
436,94.1999999999989,2,572,99.8214320987663,0,2.47106509694611e-16,4.03555555555538,0,90
436,94.1999999999989,3,1182,99.9692315541618,0,4.28604511008733e-16,6.99964285714288,0,90
436,94.1999999999989,4,1182,99.7450332409986,0,9.17808320866253e-16,14.9889473684211,0,90
436,94.1999999999989,5,1305.64831249998,0,0,14.51125,0,0,0
436,94.1999999999989,6,1775.83693846061,0,0,0.3,0,0,0
436,94.2999999999989,1,1261.47543737319,2.09319502437423e-21,0,15,1.78411878729269e-20,0,6.81483177745797e-20
436,94.2999999999989,2,572,99.8214320987663,0,2.47106509694611e-16,4.03555555555538,0,90
436,94.2999999999989,3,1182,99.9692315541618,0,4.28604511008733e-16,6.99964285714288,0,90
436,94.2999999999989,4,1182,99.7450332409986,0,9.17808320866253e-16,14.9889473684211,0,90
436,94.2999999999989,5,1307.09924999998,0,0,14.5075,0,0,0
436,94.2999999999989,6,1775.83693846061,0,0,0.3,0,0,0
436,94.3999999999989,1,1262.97543737319,3.93016556771951e-21,0,15,1.85268620530951e-20,0,7.07674002175618e-20
436,94.3999999999989,2,572,99.8214320987663,0,2.47106509694611e-16,4.03555555555538,0,90
436,94.3999999999989,3,1182,99.9692315541618,0,4.28604511008733e-16,6.99964285714288,0,90
436,94.3999999999989,4,1182,99.7450332409986,0,9.17808320866253e-16,14.9889473684211,0,90
436,94.3999999999989,5,1308.54981249998,0,0,14.50375,0,0,0
436,94.3999999999989,6,1775.83693846061,0,0,0.3,0,0,0
436,94.4999999999989,1,1264.47543737319,5.7242952468159e-21,0,15,1.69843705879489e-20,0,6.48755168250401e-20
436,94.4999999999989,2,572,99.8214320987663,0,2.47106509694611e-16,4.03555555555538,0,90
436,94.4999999999989,3,1182,99.9692315541618,0,4.28604511008733e-16,6.99964285714288,0,90
436,94.4999999999989,4,1182,99.7450332409986,0,9.17808320866253e-16,14.9889473684211,0,90
436,94.4999999999989,5,1309.99999999998,0,0,14.5,0,0,0
436,94.4999999999989,6,1775.83693846061,0,0,0.3,0,0,0
436,94.5999999999989,1,1265.97543737319,7.25276749713196e-21,0,15,1.32137134774884e-20,0,5.04726675970147e-20
436,94.5999999999989,2,572,99.8214320987663,0,2.47106509694611e-16,4.03555555555538,0,90
436,94.5999999999989,3,1182,99.9692315541618,0,4.28604511008733e-16,6.99964285714288,0,90
436,94.5999999999989,4,1182,99.7450332409986,0,9.17808320866253e-16,14.9889473684211,0,90
436,94.5999999999989,5,1311.44981249998,0,0,14.49625,0,0,0
436,94.5999999999989,6,1775.83693846061,0,0,0.3,0,0,0
436,94.6999999999989,1,1267.47543737319,8.29276575413628e-21,0,15,7.21489072171354e-21,0,2.75588525334855e-20
436,94.6999999999989,2,572,99.8214320987663,0,2.47106509694611e-16,4.03555555555538,0,90
436,94.6999999999989,3,1182,99.9692315541618,0,4.28604511008733e-16,6.99964285714288,0,90
436,94.6999999999989,4,1182,99.7450332409986,0,9.17808320866253e-16,14.9889473684211,0,90
436,94.6999999999989,5,1312.89924999998,0,0,14.4925,0,0,0
436,94.6999999999989,6,1775.83693846061,0,0,0.3,0,0,0
436,94.7999999999989,1,1268.97543737319,8.62147345329745e-21,0,15,-1.01209767937567e-21,0,-3.86592836554737e-21
436,94.7999999999989,2,572,99.8214320987663,0,2.47106509694611e-16,4.03555555555538,0,90
436,94.7999999999989,3,1182,99.9692315541618,0,4.28604511008733e-16,6.99964285714288,0,90
436,94.7999999999989,4,1182,99.7450332409986,0,9.17808320866253e-16,14.9889473684211,0,90
436,94.7999999999989,5,1314.34831249998,0,0,14.48875,0,0,0
436,94.7999999999989,6,1775.83693846061,0,0,0.3,0,0,0
436,94.8999999999989,1,1270.47543737319,8.01607403008403e-21,0,15,-1.14672517257792e-20,0,-4.3801675100084e-20
436,94.8999999999989,2,572,99.8214320987663,0,2.47106509694611e-16,4.03555555555538,0,90
436,94.8999999999989,3,1182,99.9692315541618,0,4.28604511008733e-16,6.99964285714288,0,90
436,94.8999999999989,4,1182,99.7450332409986,0,9.17808320866253e-16,14.9889473684211,0,90
436,94.8999999999989,5,1315.79699999998,0,0,14.485,0,0,0
436,94.8999999999989,6,1775.83693846061,0,0,0.3,0,0,0
436,94.9999999999989,1,1271.97543737319,6.25375091996459e-21,0,15,-2.41505714174972e-20,0,-9.22483876701243e-20
436,94.9999999999989,2,572,99.8214320987663,0,2.47106509694611e-16,4.03555555555538,0,90
436,94.9999999999989,3,1182,99.9692315541618,0,4.28604511008733e-16,6.99964285714288,0,90
436,94.9999999999989,4,1182,99.7450332409986,0,9.17808320866253e-16,14.9889473684211,0,90
436,94.9999999999989,5,1317.24531249998,0,0,14.48125,0,0,0
436,94.9999999999989,6,1775.83693846061,0,0,0.3,0,0,0
436,95.0999999999989,1,1273.47543737319,3.11168755840773e-21,0,15,-3.90620567545294e-20,0,-1.49206066075668e-19
436,95.0999999999989,2,572,99.8214320987663,0,2.47106509694611e-16,4.03555555555538,0,90
436,95.0999999999989,3,1182,99.9692315541618,0,4.28604511008733e-16,6.99964285714288,0,90
436,95.0999999999989,4,1182,99.7450332409986,0,9.17808320866253e-16,14.9889473684211,0,90
436,95.0999999999989,5,1318.69324999998,0,0,14.4775,0,0,0
436,95.0999999999989,6,1775.83693846061,0,0,0.3,0,0,0
436,95.1999999999989,1,1274.97543737319,-1.62792123892203e-21,0,15,-5.57096213353175e-20,0,-2.12795078719044e-19
436,95.1999999999989,2,572,99.8214320987663,0,2.47106509694611e-16,4.03555555555538,0,90
436,95.1999999999989,3,1182,99.9692315541618,0,4.28604511008733e-16,6.99964285714288,0,90
436,95.1999999999989,4,1182,99.7450332409986,0,9.17808320866253e-16,14.9889473684211,0,90
436,95.1999999999989,5,1320.14081249998,0,0,14.47375,0,0,0
436,95.1999999999989,6,1775.83693846061,0,0,0.3,0,0,0
436,95.2999999999989,1,1276.47543737319,-7.8119101811112e-21,0,15,-6.65842196091407e-20,0,-2.54332984385065e-19
436,95.2999999999989,2,572,99.8214320987663,0,2.47106509694611e-16,4.03555555555538,0,90
436,95.2999999999989,3,1182,99.9692315541618,0,4.28604511008733e-16,6.99964285714288,0,90
436,95.2999999999989,4,1182,99.7450332409986,0,9.17808320866253e-16,14.9889473684211,0,90
436,95.2999999999989,5,1321.58799999998,0,0,14.47,0,0,0
436,95.2999999999989,6,1775.83693846061,0,0,0.3,0,0,0
436,95.3999999999989,1,1277.97543737319,-1.4667577580883e-20,0,15,-6.91431904869713e-20,0,-2.64107533131504e-19
436,95.3999999999989,2,572,99.8214320987663,0,2.47106509694611e-16,4.03555555555538,0,90
436,95.3999999999989,3,1182,99.9692315541618,0,4.28604511008733e-16,6.99964285714288,0,90
436,95.3999999999989,4,1182,99.7450332409986,0,9.17808320866253e-16,14.9889473684211,0,90
436,95.3999999999989,5,1323.03481249998,0,0,14.46625,0,0,0
436,95.3999999999989,6,1775.83693846061,0,0,0.3,0,0,0
436,95.4999999999988,1,1279.47543737319,-2.13633606986383e-20,0,15,-6.33865339688092e-20,0,-2.4211872495836e-19
436,95.4999999999988,2,572,99.8214320987663,0,2.47106509694611e-16,4.03555555555538,0,90
436,95.4999999999988,3,1182,99.9692315541618,0,4.28604511008733e-16,6.99964285714288,0,90
436,95.4999999999988,4,1182,99.7450332409986,0,9.17808320866253e-16,14.9889473684211,0,90
436,95.4999999999988,5,1324.48124999998,0,0,14.4625,0,0,0
436,95.4999999999988,6,1775.83693846061,0,0,0.3,0,0,0
436,95.5999999999988,1,1280.97543737319,-2.70676967947777e-20,0,15,-4.93142500546545e-20,0,-1.88366559865633e-19
436,95.5999999999988,2,572,99.8214320987663,0,2.47106509694611e-16,4.03555555555538,0,90
436,95.5999999999988,3,1182,99.9692315541618,0,4.28604511008733e-16,6.99964285714288,0,90
436,95.5999999999988,4,1182,99.7450332409986,0,9.17808320866253e-16,14.9889473684211,0,90
436,95.5999999999988,5,1325.92731249998,0,0,14.45875,0,0,0
436,95.5999999999988,6,1775.83693846061,0,0,0.3,0,0,0
436,95.6999999999988,1,1282.47543737319,-3.09490231297022e-20,0,15,-2.69263387445072e-20,0,-1.02851037853323e-19
436,95.6999999999988,2,572,99.8214320987663,0,2.47106509694611e-16,4.03555555555538,0,90
436,95.6999999999988,3,1182,99.9692315541618,0,4.28604511008733e-16,6.99964285714288,0,90
436,95.6999999999988,4,1182,99.7450332409986,0,9.17808320866253e-16,14.9889473684211,0,90
436,95.6999999999988,5,1327.37299999998,0,0,14.455,0,0,0
436,95.6999999999988,6,1775.83693846061,0,0,0.3,0,0,0
436,95.7999999999988,1,1283.97543737319,-3.21757769638125e-20,0,15,3.77719996163272e-21,0,1.44278410785687e-20
436,95.7999999999988,2,572,99.8214320987663,0,2.47106509694611e-16,4.03555555555538,0,90
436,95.7999999999988,3,1182,99.9692315541618,0,4.28604511008733e-16,6.99964285714288,0,90
436,95.7999999999988,4,1182,99.7450332409986,0,9.17808320866253e-16,14.9889473684211,0,90
436,95.7999999999988,5,1328.81831249998,0,0,14.45125,0,0,0
436,95.7999999999988,6,1775.83693846061,0,0,0.3,0,0,0
436,95.8999999999988,1,1285.47543737319,-2.99163955575093e-20,0,15,4.27963660637653e-20,0,1.63470076930044e-19
436,95.8999999999988,2,572,99.8214320987663,0,2.47106509694611e-16,4.03555555555538,0,90
436,95.8999999999988,3,1182,99.9692315541618,0,4.28604511008733e-16,6.99964285714288,0,90
436,95.8999999999988,4,1182,99.7450332409986,0,9.17808320866253e-16,14.9889473684211,0,90
436,95.8999999999988,5,1330.26324999998,0,0,14.4475,0,0,0
436,95.8999999999988,6,1775.83693846061,0,0,0.3,0,0,0
436,95.9999999999988,1,1286.97543737319,-2.33393161711935e-20,0,15,9.01311595618905e-20,0,3.44275669701101e-19
436,95.9999999999988,2,572,99.8214320987663,0,2.47106509694611e-16,4.03555555555538,0,90
436,95.9999999999988,3,1182,99.9692315541618,0,4.28604511008733e-16,6.99964285714288,0,90
436,95.9999999999988,4,1182,99.7450332409986,0,9.17808320866253e-16,14.9889473684211,0,90
436,95.9999999999988,5,1331.70781249998,0,0,14.44375,0,0,0
436,95.9999999999988,6,1775.83693846061,0,0,0.3,0,0,0
436,96.0999999999988,1,1288.47543737319,-1.16129760652658e-20,0,15,1.45781580456008e-19,0,5.56844619391742e-19
436,96.0999999999988,2,572,99.8214320987663,0,2.47106509694611e-16,4.03555555555538,0,90
436,96.0999999999988,3,1182,99.9692315541618,0,4.28604511008733e-16,6.99964285714288,0,90
436,96.0999999999988,4,1182,99.7450332409986,0,9.17808320866253e-16,14.9889473684211,0,90
436,96.0999999999988,5,1333.15199999998,0,0,14.44,0,0,0
436,96.0999999999988,6,1775.83693846061,0,0,0.3,0,0,0
436,96.1999999999988,1,1289.97543737319,6.07548477436566e-21,0,15,2.07911137293795e-19,0,7.94162045379966e-19
436,96.1999999999988,2,572,99.8214320987663,0,2.47106509694611e-16,4.03555555555538,0,90
436,96.1999999999988,3,1182,99.9692315541618,0,4.28604511008733e-16,6.99964285714288,0,90
436,96.1999999999988,4,1182,99.7450332409986,0,9.17808320866253e-16,14.9889473684211,0,90
436,96.1999999999988,5,1334.59581249998,0,0,14.43625,0,0,0
436,96.1999999999988,6,1775.83693846061,0,0,0.3,0,0,0
436,96.2999999999988,1,1291.47543737319,2.91544457000573e-20,0,15,2.48495690563622e-19,0,9.49183619765627e-19
436,96.2999999999988,2,572,99.8214320987663,0,2.47106509694611e-16,4.03555555555538,0,90
436,96.2999999999988,3,1182,99.9692315541618,0,4.28604511008733e-16,6.99964285714288,0,90
436,96.2999999999988,4,1182,99.7450332409986,0,9.17808320866253e-16,14.9889473684211,0,90
436,96.2999999999988,5,1336.03924999998,0,0,14.4325,0,0,0
436,96.2999999999988,6,1775.83693846061,0,0,0.3,0,0,0
436,96.3999999999988,1,1292.97543737319,5.47401447557987e-20,0,15,2.58045899894792e-19,0,9.85662732308462e-19
436,96.3999999999988,2,572,99.8214320987663,0,2.47106509694611e-16,4.03555555555538,0,90
436,96.3999999999988,3,1182,99.9692315541618,0,4.28604511008733e-16,6.99964285714288,0,90
436,96.3999999999988,4,1182,99.7450332409986,0,9.17808320866253e-16,14.9889473684211,0,90
436,96.3999999999988,5,1337.48231249998,0,0,14.42875,0,0,0
436,96.3999999999988,6,1775.83693846061,0,0,0.3,0,0,0
436,96.4999999999988,1,1294.47543737319,7.97291475477244e-20,0,15,2.36561765287307e-19,0,9.0359938300847e-19
436,96.4999999999988,2,572,99.8214320987663,0,2.47106509694611e-16,4.03555555555538,0,90
436,96.4999999999988,3,1182,99.9692315541618,0,4.28604511008733e-16,6.99964285714288,0,90
436,96.4999999999988,4,1182,99.7450332409986,0,9.17808320866253e-16,14.9889473684211,0,90
436,96.4999999999988,5,1338.92499999998,0,0,14.425,0,0,0
436,96.4999999999988,6,1775.83693846061,0,0,0.3,0,0,0
436,96.5999999999988,1,1295.97543737319,1.01018019681969e-19,0,15,1.84043286741165e-19,0,7.02993571865651e-19
436,96.5999999999988,2,572,99.8214320987663,0,2.47106509694611e-16,4.03555555555538,0,90
436,96.5999999999988,3,1182,99.9692315541618,0,4.28604511008733e-16,6.99964285714288,0,90
436,96.5999999999988,4,1182,99.7450332409986,0,9.17808320866253e-16,14.9889473684211,0,90
436,96.5999999999988,5,1340.36731249998,0,0,14.42125,0,0,0
436,96.5999999999988,6,1775.83693846061,0,0,0.3,0,0,0
436,96.6999999999988,1,1297.47543737319,1.15503326764667e-19,0,15,1.00490464256367e-19,0,3.83845298880006e-19
436,96.6999999999988,2,572,99.8214320987663,0,2.47106509694611e-16,4.03555555555538,0,90
436,96.6999999999988,3,1182,99.9692315541618,0,4.28604511008733e-16,6.99964285714288,0,90
436,96.6999999999988,4,1182,99.7450332409986,0,9.17808320866253e-16,14.9889473684211,0,90
436,96.6999999999988,5,1341.80924999998,0,0,14.4175,0,0,0
436,96.6999999999988,6,1775.83693846061,0,0,0.3,0,0,0
436,96.7999999999988,1,1298.97543737319,1.20081634401953e-19,0,15,-1.40967021670866e-20,0,-5.38454359484654e-20
436,96.7999999999988,2,572,99.8214320987663,0,2.47106509694611e-16,4.03555555555538,0,90
436,96.7999999999988,3,1182,99.9692315541618,0,4.28604511008733e-16,6.99964285714288,0,90
436,96.7999999999988,4,1182,99.7450332409986,0,9.17808320866253e-16,14.9889473684211,0,90
436,96.7999999999988,5,1343.25081249998,0,0,14.41375,0,0,0
436,96.7999999999988,6,1775.83693846061,0,0,0.3,0,0,0
436,96.8999999999988,1,1300.47543737319,1.11649508199961e-19,0,15,-1.59718212529196e-19,0,-6.10078632619764e-19
436,96.8999999999988,2,572,99.8214320987663,0,2.47106509694611e-16,4.03555555555538,0,90
436,96.8999999999988,3,1182,99.9692315541618,0,4.28604511008733e-16,6.99964285714288,0,90
436,96.8999999999988,4,1182,99.7450332409986,0,9.17808320866253e-16,14.9889473684211,0,90
436,96.8999999999988,5,1344.69199999998,0,0,14.41,0,0,0
436,96.8999999999988,6,1775.83693846061,0,0,0.3,0,0,0
436,96.9999999999988,1,1301.97543737319,8.71035137648268e-20,0,15,-3.36374066829962e-19,0,-1.28485429113389e-18
436,96.9999999999988,2,572,99.8214320987663,0,2.47106509694611e-16,4.03555555555538,0,90
436,96.9999999999988,3,1182,99.9692315541618,0,4.28604511008733e-16,6.99964285714288,0,90
436,96.9999999999988,4,1182,99.7450332409986,0,9.17808320866253e-16,14.9889473684211,0,90
436,96.9999999999988,5,1346.13281249998,0,0,14.40625,0,0,0
436,96.9999999999988,6,1775.83693846061,0,0,0.3,0,0,0
436,97.0999999999988,1,1303.47543737319,4.33402167026841e-20,0,15,-5.44064265069384e-19,0,-2.07817241149084e-18
436,97.0999999999988,2,572,99.8214320987663,0,2.47106509694611e-16,4.03555555555538,0,90
436,97.0999999999988,3,1182,99.9692315541618,0,4.28604511008733e-16,6.99964285714288,0,90
436,97.0999999999988,4,1182,99.7450332409986,0,9.17808320866253e-16,14.9889473684211,0,90
436,97.0999999999988,5,1347.57324999998,0,0,14.4025,0,0,0
436,97.0999999999988,6,1775.83693846061,0,0,0.3,0,0,0
436,97.1999999999988,1,1304.97543737319,-2.26740178584996e-20,0,15,-7.7593492783975e-19,0,-2.96385310280039e-18
436,97.1999999999988,2,572,99.8214320987663,0,2.47106509694611e-16,4.03555555555538,0,90
436,97.1999999999988,3,1182,99.9692315541618,0,4.28604511008733e-16,6.99964285714288,0,90
436,97.1999999999988,4,1182,99.7450332409986,0,9.17808320866253e-16,14.9889473684211,0,90
436,97.1999999999988,5,1349.01331249998,0,0,14.39875,0,0,0
436,97.1999999999988,6,1775.83693846061,0,0,0.3,0,0,0
436,97.2999999999987,1,1306.47543737319,-1.08805872619069e-19,0,15,-9.27398542645294e-19,0,-3.54240149467724e-18
436,97.2999999999987,2,572,99.8214320987663,0,2.47106509694611e-16,4.03555555555538,0,90
436,97.2999999999987,3,1182,99.9692315541618,0,4.28604511008733e-16,6.99964285714288,0,90
436,97.2999999999987,4,1182,99.7450332409986,0,9.17808320866253e-16,14.9889473684211,0,90
436,97.2999999999987,5,1350.45299999998,0,0,14.395,0,0,0
436,97.2999999999987,6,1775.83693846061,0,0,0.3,0,0,0
436,97.3999999999987,1,1307.97543737319,-2.0429300144226e-19,0,15,-9.63040409092206e-19,0,-3.67854339610237e-18
436,97.3999999999987,2,572,99.8214320987663,0,2.47106509694611e-16,4.03555555555538,0,90
436,97.3999999999987,3,1182,99.9692315541618,0,4.28604511008733e-16,6.99964285714288,0,90
436,97.3999999999987,4,1182,99.7450332409986,0,9.17808320866253e-16,14.9889473684211,0,90
436,97.3999999999987,5,1351.89231249998,0,0,14.39125,0,0,0
436,97.3999999999987,6,1775.83693846061,0,0,0.3,0,0,0
436,97.4999999999987,1,1309.47543737319,-2.97553229492212e-19,0,15,-8.82860527180487e-19,0,-3.37227880707578e-18
436,97.4999999999987,2,572,99.8214320987663,0,2.47106509694611e-16,4.03555555555538,0,90
436,97.4999999999987,3,1182,99.9692315541618,0,4.28604511008733e-16,6.99964285714288,0,90
436,97.4999999999987,4,1182,99.7450332409986,0,9.17808320866253e-16,14.9889473684211,0,90
436,97.4999999999987,5,1353.33124999998,0,0,14.3875,0,0,0
436,97.4999999999987,6,1775.83693846061,0,0,0.3,0,0,0
436,97.5999999999987,1,1310.97543737319,-3.7700438193306e-19,0,15,-6.86858896910136e-19,0,-2.62360772759747e-18
436,97.5999999999987,2,572,99.8214320987663,0,2.47106509694611e-16,4.03555555555538,0,90
436,97.5999999999987,3,1182,99.9692315541618,0,4.28604511008733e-16,6.99964285714288,0,90
436,97.5999999999987,4,1182,99.7450332409986,0,9.17808320866253e-16,14.9889473684211,0,90
436,97.5999999999987,5,1354.76981249998,0,0,14.38375,0,0,0
436,97.5999999999987,6,1775.83693846061,0,0,0.3,0,0,0
436,97.6999999999987,1,1312.47543737319,-4.31064283928944e-19,0,15,-3.75035518281155e-19,0,-1.43253015766744e-18
436,97.6999999999987,2,572,99.8214320987663,0,2.47106509694611e-16,4.03555555555538,0,90
436,97.6999999999987,3,1182,99.9692315541618,0,4.28604511008733e-16,6.99964285714288,0,90
436,97.6999999999987,4,1182,99.7450332409986,0,9.17808320866253e-16,14.9889473684211,0,90
436,97.6999999999987,5,1356.20799999998,0,0,14.38,0,0,0
436,97.6999999999987,6,1775.83693846061,0,0,0.3,0,0,0
436,97.7999999999987,1,1313.97543737319,-4.48150760643999e-19,0,15,5.26096087064573e-20,0,2.00953902714314e-19
436,97.7999999999987,2,572,99.8214320987663,0,2.47106509694611e-16,4.03555555555538,0,90
436,97.7999999999987,3,1182,99.9692315541618,0,4.28604511008733e-16,6.99964285714288,0,90
436,97.7999999999987,4,1182,99.7450332409986,0,9.17808320866253e-16,14.9889473684211,0,90
436,97.7999999999987,5,1357.64581249998,0,0,14.37625,0,0,0
436,97.7999999999987,6,1775.83693846061,0,0,0.3,0,0,0
436,97.8999999999987,1,1315.47543737319,-4.16681637242365e-19,0,15,5.96076484052701e-19,0,2.27684445354779e-18
436,97.8999999999987,2,572,99.8214320987663,0,2.47106509694611e-16,4.03555555555538,0,90
436,97.8999999999987,3,1182,99.9692315541618,0,4.28604511008733e-16,6.99964285714288,0,90
436,97.8999999999987,4,1182,99.7450332409986,0,9.17808320866253e-16,14.9889473684211,0,90
436,97.8999999999987,5,1359.08324999998,0,0,14.3725,0,0,0
436,97.8999999999987,6,1775.83693846061,0,0,0.3,0,0,0
436,97.9999999999987,1,1316.97543737319,-3.25074738888179e-19,0,15,1.25536510775758e-18,0,4.79514149483299e-18
436,97.9999999999987,2,572,99.8214320987663,0,2.47106509694611e-16,4.03555555555538,0,90
436,97.9999999999987,3,1182,99.9692315541618,0,4.28604511008733e-16,6.99964285714288,0,90
436,97.9999999999987,4,1182,99.7450332409986,0,9.17808320866253e-16,14.9889473684211,0,90
436,97.9999999999987,5,1360.52031249998,0,0,14.36875,0,0,0
436,97.9999999999987,6,1775.83693846061,0,0,0.3,0,0,0
436,98.0999999999987,1,1318.47543737319,-1.61747890745577e-19,0,15,2.03047547982108e-18,0,7.75584502656991e-18
436,98.0999999999987,2,572,99.8214320987663,0,2.47106509694611e-16,4.03555555555538,0,90
436,98.0999999999987,3,1182,99.9692315541618,0,4.28604511008733e-16,6.99964285714288,0,90
436,98.0999999999987,4,1182,99.7450332409986,0,9.17808320866253e-16,14.9889473684211,0,90
436,98.0999999999987,5,1361.95699999998,0,0,14.365,0,0,0
436,98.0999999999987,6,1775.83693846061,0,0,0.3,0,0,0
436,98.1999999999987,1,1319.97543737319,8.46205866594795e-20,0,15,2.89582857406478e-18,0,1.106125036582e-17
436,98.1999999999987,2,572,99.8214320987663,0,2.47106509694611e-16,4.03555555555538,0,90
436,98.1999999999987,3,1182,99.9692315541618,0,4.28604511008733e-16,6.99964285714288,0,90
436,98.1999999999987,4,1182,99.7450332409986,0,9.17808320866253e-16,14.9889473684211,0,90
436,98.1999999999987,5,1363.39331249998,0,0,14.36125,0,0,0
436,98.1999999999987,6,1775.83693846061,0,0,0.3,0,0,0
436,98.2999999999987,1,1321.47543737319,4.06069044776034e-19,0,15,3.46109848001736e-18,0,1.32204223589426e-17
436,98.2999999999987,2,572,99.8214320987663,0,2.47106509694611e-16,4.03555555555538,0,90
436,98.2999999999987,3,1182,99.9692315541618,0,4.28604511008733e-16,6.99964285714288,0,90
436,98.2999999999987,4,1182,99.7450332409986,0,9.17808320866253e-16,14.9889473684211,0,90
436,98.2999999999987,5,1364.82924999998,0,0,14.3575,0,0,0
436,98.2999999999987,6,1775.83693846061,0,0,0.3,0,0,0
436,98.3999999999987,1,1322.97543737319,7.6243186101305e-19,0,15,3.59411573647406e-18,0,1.37285108521012e-17
436,98.3999999999987,2,572,99.8214320987663,0,2.47106509694611e-16,4.03555555555538,0,90
436,98.3999999999987,3,1182,99.9692315541618,0,4.28604511008733e-16,6.99964285714288,0,90
436,98.3999999999987,4,1182,99.7450332409986,0,9.17808320866253e-16,14.9889473684211,0,90
436,98.3999999999987,5,1366.26481249998,0,0,14.35375,0,0,0
436,98.3999999999987,6,1775.83693846061,0,0,0.3,0,0,0
436,98.4999999999987,1,1324.47543737319,1.11048377042094e-18,0,15,3.2948803434349e-18,0,1.25855158452957e-17
436,98.4999999999987,2,572,99.8214320987663,0,2.47106509694611e-16,4.03555555555538,0,90
436,98.4999999999987,3,1182,99.9692315541618,0,4.28604511008733e-16,6.99964285714288,0,90
436,98.4999999999987,4,1182,99.7450332409986,0,9.17808320866253e-16,14.9889473684211,0,90
436,98.4999999999987,5,1367.69999999998,0,0,14.35,0,0,0
436,98.4999999999987,6,1775.83693846061,0,0,0.3,0,0,0
436,98.5999999999987,1,1325.97543737319,1.40699950805013e-18,0,15,2.56339230089987e-18,0,9.79143733852612e-18
436,98.5999999999987,2,572,99.8214320987663,0,2.47106509694611e-16,4.03555555555538,0,90
436,98.5999999999987,3,1182,99.9692315541618,0,4.28604511008733e-16,6.99964285714288,0,90
436,98.5999999999987,4,1182,99.7450332409986,0,9.17808320866253e-16,14.9889473684211,0,90
436,98.5999999999987,5,1369.13481249998,0,0,14.34625,0,0,0
436,98.5999999999987,6,1775.83693846061,0,0,0.3,0,0,0
436,98.6999999999987,1,1327.47543737319,1.60875380895103e-18,0,15,1.39965160886898e-18,0,5.34627533179252e-18
436,98.6999999999987,2,572,99.8214320987663,0,2.47106509694611e-16,4.03555555555538,0,90
436,98.6999999999987,3,1182,99.9692315541618,0,4.28604511008733e-16,6.99964285714288,0,90
436,98.6999999999987,4,1182,99.7450332409986,0,9.17808320866253e-16,14.9889473684211,0,90
436,98.6999999999987,5,1370.56924999998,0,0,14.3425000000001,0,0,0
436,98.6999999999987,6,1775.83693846061,0,0,0.3,0,0,0
436,98.7999999999987,1,1328.97543737319,1.67252140817405e-18,0,15,-1.96341732657786e-19,0,-7.49970174905136e-19
436,98.7999999999987,2,572,99.8214320987663,0,2.47106509694611e-16,4.03555555555538,0,90
436,98.7999999999987,3,1182,99.9692315541618,0,4.28604511008733e-16,6.99964285714288,0,90
436,98.7999999999987,4,1182,99.7450332409986,0,9.17808320866253e-16,14.9889473684211,0,90
436,98.7999999999987,5,1372.00331249998,0,0,14.3387500000001,0,0,0
436,98.7999999999987,6,1775.83693846061,0,0,0.3,0,0,0
436,98.8999999999987,1,1330.47543737319,1.55507704076961e-18,0,15,-2.22458772368042e-18,0,-8.49729918156685e-18
436,98.8999999999987,2,572,99.8214320987663,0,2.47106509694611e-16,4.03555555555538,0,90
436,98.8999999999987,3,1182,99.9692315541618,0,4.28604511008733e-16,6.99964285714288,0,90
436,98.8999999999987,4,1182,99.7450332409986,0,9.17808320866253e-16,14.9889473684211,0,90
436,98.8999999999987,5,1373.43699999998,0,0,14.3350000000001,0,0,0
436,98.8999999999987,6,1775.83693846061,0,0,0.3,0,0,0
436,98.9999999999986,1,1331.97543737319,1.21319544178813e-18,0,15,-4.68508636419891e-18,0,-1.78957116881926e-17
436,98.9999999999986,2,572,99.8214320987663,0,2.47106509694611e-16,4.03555555555538,0,90
436,98.9999999999986,3,1182,99.9692315541618,0,4.28604511008733e-16,6.99964285714288,0,90
436,98.9999999999986,4,1182,99.7450332409986,0,9.17808320866253e-16,14.9889473684211,0,90
436,98.9999999999986,5,1374.87031249998,0,0,14.3312500000001,0,0,0
436,98.9999999999986,6,1775.83693846061,0,0,0.3,0,0,0
436,99.0999999999986,1,1333.47543737319,6.03651346280022e-19,0,15,-7.57783765421327e-18,0,-2.89452076947824e-17
436,99.0999999999986,2,572,99.8214320987663,0,2.47106509694611e-16,4.03555555555538,0,90
436,99.0999999999986,3,1182,99.9692315541618,0,4.28604511008733e-16,6.99964285714288,0,90
436,99.0999999999986,4,1182,99.7450332409986,0,9.17808320866253e-16,14.9889473684211,0,90
436,99.0999999999986,5,1376.30324999998,0,0,14.3275000000001,0,0,0
436,99.0999999999986,6,1775.83693846061,0,0,0.3,0,0,0
436,99.1999999999986,1,1334.97543737319,-3.15808328778847e-19,0,15,-1.08073793684178e-17,0,-4.12811483604734e-17
436,99.1999999999986,2,572,99.8214320987663,0,2.47106509694611e-16,4.03555555555538,0,90
436,99.1999999999986,3,1182,99.9692315541618,0,4.28604511008733e-16,6.99964285714288,0,90
436,99.1999999999986,4,1182,99.7450332409986,0,9.17808320866253e-16,14.9889473684211,0,90
436,99.1999999999986,5,1377.73581249998,0,0,14.3237500000001,0,0,0
436,99.1999999999986,6,1775.83693846061,0,0,0.3,0,0,0
436,99.2999999999986,1,1336.47543737319,-1.51547030648438e-18,0,15,-1.29169953774234e-17,0,-4.93392879410903e-17
436,99.2999999999986,2,572,99.8214320987663,0,2.47106509694611e-16,4.03555555555538,0,90
436,99.2999999999986,3,1182,99.9692315541618,0,4.28604511008733e-16,6.99964285714288,0,90
436,99.2999999999986,4,1182,99.7450332409986,0,9.17808320866253e-16,14.9889473684211,0,90
436,99.2999999999986,5,1379.16799999998,0,0,14.3200000000001,0,0,0
436,99.2999999999986,6,1775.83693846061,0,0,0.3,0,0,0
436,99.3999999999986,1,1337.97543737319,-2.84543444260922e-18,0,15,-1.34134225368042e-17,0,-5.12355000123027e-17
436,99.3999999999986,2,572,99.8214320987663,0,2.47106509694611e-16,4.03555555555538,0,90
436,99.3999999999986,3,1182,99.9692315541618,0,4.28604511008733e-16,6.99964285714288,0,90
436,99.3999999999986,4,1182,99.7450332409986,0,9.17808320866253e-16,14.9889473684211,0,90
436,99.3999999999986,5,1380.59981249998,0,0,14.3162500000001,0,0,0
436,99.3999999999986,6,1775.83693846061,0,0,0.3,0,0,0
436,99.4999999999986,1,1339.47543737319,-4.1443818521909e-18,0,15,-1.22966608465601e-17,0,-4.69697845741106e-17
436,99.4999999999986,2,572,99.8214320987663,0,2.47106509694611e-16,4.03555555555538,0,90
436,99.4999999999986,3,1182,99.9692315541618,0,4.28604511008733e-16,6.99964285714288,0,90
436,99.4999999999986,4,1182,99.7450332409986,0,9.17808320866253e-16,14.9889473684211,0,90
436,99.4999999999986,5,1382.03124999998,0,0,14.3125000000001,0,0,0
436,99.4999999999986,6,1775.83693846061,0,0,0.3,0,0,0
436,99.5999999999986,1,1340.97543737319,-5.25099365026694e-18,0,15,-9.56671030669118e-18,0,-3.6542141626514e-17
436,99.5999999999986,2,572,99.8214320987663,0,2.47106509694611e-16,4.03555555555538,0,90
436,99.5999999999986,3,1182,99.9692315541618,0,4.28604511008733e-16,6.99964285714288,0,90
436,99.5999999999986,4,1182,99.7450332409986,0,9.17808320866253e-16,14.9889473684211,0,90
436,99.5999999999986,5,1383.46231249998,0,0,14.3087500000001,0,0,0
436,99.5999999999986,6,1775.83693846061,0,0,0.3,0,0,0
436,99.6999999999986,1,1342.47543737318,-6.00395095187487e-18,0,15,-5.22357091719745e-18,0,-1.9952571169513e-17
436,99.6999999999986,2,572,99.8214320987663,0,2.47106509694611e-16,4.03555555555538,0,90
436,99.6999999999986,3,1182,99.9692315541618,0,4.28604511008733e-16,6.99964285714288,0,90
436,99.6999999999986,4,1182,99.7450332409986,0,9.17808320866253e-16,14.9889473684211,0,90
436,99.6999999999986,5,1384.89299999998,0,0,14.3050000000001,0,0,0
436,99.6999999999986,6,1775.83693846061,0,0,0.3,0,0,0
436,99.7999999999986,1,1343.97543737318,-6.24193487205221e-18,0,15,7.32757321921114e-19,0,2.79892679689259e-18
436,99.7999999999986,2,572,99.8214320987663,0,2.47106509694611e-16,4.03555555555538,0,90
436,99.7999999999986,3,1182,99.9692315541618,0,4.28604511008733e-16,6.99964285714288,0,90
436,99.7999999999986,4,1182,99.7450332409986,0,9.17808320866253e-16,14.9889473684211,0,90
436,99.7999999999986,5,1386.32331249998,0,0,14.3012500000001,0,0,0
436,99.7999999999986,6,1775.83693846061,0,0,0.3,0,0,0
436,99.8999999999986,1,1345.47543737318,-5.8036265258365e-18,0,15,8.3022744106645e-18,0,3.17123522727026e-17
436,99.8999999999986,2,572,99.8214320987663,0,2.47106509694611e-16,4.03555555555538,0,90
436,99.8999999999986,3,1182,99.9692315541618,0,4.28604511008733e-16,6.99964285714288,0,90
436,99.8999999999986,4,1182,99.7450332409986,0,9.17808320866253e-16,14.9889473684211,0,90
436,99.8999999999986,5,1387.75324999998,0,0,14.2975000000001,0,0,0
436,99.8999999999986,6,1775.83693846061,0,0,0.3,0,0,0
436,99.9999999999986,1,1346.97543737318,-4.52770702826525e-18,0,15,1.74849803490327e-17,0,6.6787705257917e-17
436,99.9999999999986,2,572,99.8214320987663,0,2.47106509694611e-16,4.03555555555538,0,90
436,99.9999999999986,3,1182,99.9692315541618,0,4.28604511008733e-16,6.99964285714288,0,90
436,99.9999999999986,4,1182,99.7450332409986,0,9.17808320866253e-16,14.9889473684211,0,90
436,99.9999999999986,5,1389.18281249998,0,0,14.2937500000001,0,0,0
436,99.9999999999986,6,1775.83693846061,0,0,0.3,0,0,0
436,100.099999999999,1,1348.47543737318,-2.25285749437599e-18,0,15,2.82808751370258e-17,0,1.08024985752536e-16
436,100.099999999999,2,572,99.8214320987663,0,2.47106509694611e-16,4.03555555555538,0,90
436,100.099999999999,3,1182,99.9692315541618,0,4.28604511008733e-16,6.99964285714288,0,90
436,100.099999999999,4,1182,99.7450332409986,0,9.17808320866253e-16,14.9889473684211,0,90
436,100.099999999999,5,1390.61199999998,0,0,14.2900000000001,0,0,0
436,100.099999999999,6,1775.83693846061,0,0,0.3,0,0,0
436,100.199999999999,1,1349.97543737318,1.17861272845378e-18,0,15,4.03336888996005e-17,0,1.54063343076051e-16
436,100.199999999999,2,572,99.8214320987663,0,2.47106509694611e-16,4.03555555555538,0,90
436,100.199999999999,3,1182,99.9692315541618,0,4.28604511008733e-16,6.99964285714288,0,90
436,100.199999999999,4,1182,99.7450332409986,0,9.17808320866253e-16,14.9889473684211,0,90
436,100.199999999999,5,1392.04081249998,0,0,14.2862500000001,0,0,0
436,100.199999999999,6,1775.83693846061,0,0,0.3,0,0,0
436,100.299999999999,1,1351.47543737318,5.65581218115892e-18,0,15,4.82068830296735e-17,0,1.84136729405408e-16
436,100.299999999999,2,572,99.8214320987663,0,2.47106509694611e-16,4.03555555555538,0,90
436,100.299999999999,3,1182,99.9692315541618,0,4.28604511008733e-16,6.99964285714288,0,90
436,100.299999999999,4,1182,99.7450332409986,0,9.17808320866253e-16,14.9889473684211,0,90
436,100.299999999999,5,1393.46924999998,0,0,14.2825000000001,0,0,0
436,100.299999999999,6,1775.83693846061,0,0,0.3,0,0,0
436,100.399999999999,1,1352.97543737318,1.06193059094212e-17,0,15,5.0059574410743e-17,0,1.91213489197111e-16
436,100.399999999999,2,572,99.8214320987663,0,2.47106509694611e-16,4.03555555555538,0,90
436,100.399999999999,3,1182,99.9692315541618,0,4.28604511008733e-16,6.99964285714288,0,90
436,100.399999999999,4,1182,99.7450332409986,0,9.17808320866253e-16,14.9889473684211,0,90
436,100.399999999999,5,1394.89731249998,0,0,14.2787500000001,0,0,0
436,100.399999999999,6,1775.83693846061,0,0,0.3,0,0,0
436,100.499999999999,1,1354.47543737318,1.54670436383402e-17,0,15,4.5891763042809e-17,0,1.7529362245116e-16
436,100.499999999999,2,572,99.8214320987663,0,2.47106509694611e-16,4.03555555555538,0,90
436,100.499999999999,3,1182,99.9692315541618,0,4.28604511008733e-16,6.99964285714288,0,90
436,100.499999999999,4,1182,99.7450332409986,0,9.17808320866253e-16,14.9889473684211,0,90
436,100.499999999999,5,1396.32499999998,0,0,14.2750000000001,0,0,0
436,100.499999999999,6,1775.83693846061,0,0,0.3,0,0,0
436,100.599999999999,1,1355.97543737318,1.95969750930157e-17,0,15,3.57034489258717e-17,0,1.36377129167556e-16
436,100.599999999999,2,572,99.8214320987663,0,2.47106509694611e-16,4.03555555555538,0,90
436,100.599999999999,3,1182,99.9692315541618,0,4.28604511008733e-16,6.99964285714288,0,90
436,100.599999999999,4,1182,99.7450332409986,0,9.17808320866253e-16,14.9889473684211,0,90
436,100.599999999999,5,1397.75231249998,0,0,14.2712500000001,0,0,0
436,100.599999999999,6,1775.83693846061,0,0,0.3,0,0,0
436,100.699999999999,1,1357.47543737318,2.24070499985473e-17,0,15,1.94946320599309e-17,0,7.44640093462978e-17
436,100.699999999999,2,572,99.8214320987663,0,2.47106509694611e-16,4.03555555555538,0,90
436,100.699999999999,3,1182,99.9692315541618,0,4.28604511008733e-16,6.99964285714288,0,90
436,100.699999999999,4,1182,99.7450332409986,0,9.17808320866253e-16,14.9889473684211,0,90
436,100.699999999999,5,1399.17924999998,0,0,14.2675000000001,0,0,0
436,100.699999999999,6,1775.83693846061,0,0,0.3,0,0,0
436,100.799999999999,1,1358.97543737318,2.32952180800349e-17,0,15,-2.73468755501331e-18,0,-1.04457370126142e-17
436,100.799999999999,2,572,99.8214320987663,0,2.47106509694611e-16,4.03555555555538,0,90
436,100.799999999999,3,1182,99.9692315541618,0,4.28604511008733e-16,6.99964285714288,0,90
436,100.799999999999,4,1182,99.7450332409986,0,9.17808320866253e-16,14.9889473684211,0,90
436,100.799999999999,5,1400.60581249998,0,0,14.2637500000001,0,0,0
436,100.799999999999,6,1775.83693846061,0,0,0.3,0,0,0
436,100.899999999999,1,1360.47543737318,2.16594290625779e-17,0,15,-3.0984509918961e-17,0,-1.1835210990918e-16
436,100.899999999999,2,572,99.8214320987663,0,2.47106509694611e-16,4.03555555555538,0,90
436,100.899999999999,3,1182,99.9692315541618,0,4.28604511008733e-16,6.99964285714288,0,90
436,100.899999999999,4,1182,99.7450332409986,0,9.17808320866253e-16,14.9889473684211,0,90
436,100.899999999999,5,1402.03199999998,0,0,14.2600000000001,0,0,0
436,100.899999999999,6,1775.83693846061,0,0,0.3,0,0,0
436,100.999999999999,1,1361.97543737318,1.68976326712763e-17,0,15,-6.5254835031912e-17,0,-2.49255109343399e-16
436,100.999999999999,2,572,99.8214320987663,0,2.47106509694611e-16,4.03555555555538,0,90
436,100.999999999999,3,1182,99.9692315541618,0,4.28604511008733e-16,6.99964285714288,0,90
436,100.999999999999,4,1182,99.7450332409986,0,9.17808320866253e-16,14.9889473684211,0,90
436,100.999999999999,5,1403.45781249998,0,0,14.2562500000001,0,0,0
436,100.999999999999,6,1775.83693846061,0,0,0.3,0,0,0
436,101.099999999999,1,1363.47543737318,8.4077786312295e-18,0,15,-1.05545662893867e-16,0,-4.03154735315273e-16
436,101.099999999999,2,572,99.8214320987663,0,2.47106509694611e-16,4.03555555555538,0,90
436,101.099999999999,3,1182,99.9692315541618,0,4.28604511008733e-16,6.99964285714288,0,90
436,101.099999999999,4,1182,99.7450332409986,0,9.17808320866253e-16,14.9889473684211,0,90
436,101.099999999999,5,1404.88324999998,0,0,14.2525000000001,0,0,0
436,101.099999999999,6,1775.83693846061,0,0,0.3,0,0,0
436,101.199999999999,1,1364.97543737318,-4.3986425850283e-18,0,15,-1.50527376229962e-16,0,-5.74972223943647e-16
436,101.199999999999,2,572,99.8214320987663,0,2.47106509694611e-16,4.03555555555538,0,90
436,101.199999999999,3,1182,99.9692315541618,0,4.28604511008733e-16,6.99964285714288,0,90
436,101.199999999999,4,1182,99.7450332409986,0,9.17808320866253e-16,14.9889473684211,0,90
436,101.199999999999,5,1406.30831249998,0,0,14.2487500000001,0,0,0
436,101.199999999999,6,1775.83693846061,0,0,0.3,0,0,0
436,101.299999999999,1,1366.47543737318,-2.11077784181417e-17,0,15,-1.7991053674126e-16,0,-6.87207629680503e-16
436,101.299999999999,2,572,99.8214320987663,0,2.47106509694611e-16,4.03555555555538,0,90
436,101.299999999999,3,1182,99.9692315541618,0,4.28604511008733e-16,6.99964285714288,0,90
436,101.299999999999,4,1182,99.7450332409986,0,9.17808320866253e-16,14.9889473684211,0,90
436,101.299999999999,5,1407.73299999998,0,0,14.2450000000001,0,0,0
436,101.299999999999,6,1775.83693846061,0,0,0.3,0,0,0
436,101.399999999999,1,1367.97543737318,-3.96317891950654e-17,0,15,-1.86824875106169e-16,0,-7.13618456776148e-16
436,101.399999999999,2,572,99.8214320987663,0,2.47106509694611e-16,4.03555555555538,0,90
436,101.399999999999,3,1182,99.9692315541618,0,4.28604511008733e-16,6.99964285714288,0,90
436,101.399999999999,4,1182,99.7450332409986,0,9.17808320866253e-16,14.9889473684211,0,90
436,101.399999999999,5,1409.15731249998,0,0,14.2412500000001,0,0,0
436,101.399999999999,6,1775.83693846061,0,0,0.3,0,0,0
436,101.499999999999,1,1369.47543737318,-5.77237927011605e-17,0,15,-1.71270391324689e-16,0,-6.54204705230582e-16
436,101.499999999999,2,572,99.8214320987663,0,2.47106509694611e-16,4.03555555555538,0,90
436,101.499999999999,3,1182,99.9692315541618,0,4.28604511008733e-16,6.99964285714288,0,90
436,101.499999999999,4,1182,99.7450332409986,0,9.17808320866253e-16,14.9889473684211,0,90
436,101.499999999999,5,1410.58124999998,0,0,14.2375000000001,0,0,0
436,101.499999999999,6,1775.83693846061,0,0,0.3,0,0,0
436,101.599999999999,1,1370.97543737318,-7.31369067217884e-17,0,15,-1.33247085396821e-16,0,-5.08966375043807e-16
436,101.599999999999,2,572,99.8214320987663,0,2.47106509694611e-16,4.03555555555538,0,90
436,101.599999999999,3,1182,99.9692315541618,0,4.28604511008733e-16,6.99964285714288,0,90
436,101.599999999999,4,1182,99.7450332409986,0,9.17808320866253e-16,14.9889473684211,0,90
436,101.599999999999,5,1412.00481249998,0,0,14.2337500000001,0,0,0
436,101.599999999999,6,1775.83693846061,0,0,0.3,0,0,0
436,101.699999999998,1,1372.47543737318,-8.36242490423103e-17,0,15,-7.27549573225636e-17,0,-2.77903466215821e-16
436,101.699999999998,2,572,99.8214320987663,0,2.47106509694611e-16,4.03555555555538,0,90
436,101.699999999998,3,1182,99.9692315541618,0,4.28604511008733e-16,6.99964285714288,0,90
436,101.699999999998,4,1182,99.7450332409986,0,9.17808320866253e-16,14.9889473684211,0,90
436,101.699999999998,5,1413.42799999998,0,0,14.2300000000001,0,0,0
436,101.699999999998,6,1775.83693846061,0,0,0.3,0,0,0
436,101.799999999998,1,1373.97543737318,-8.69389374480874e-17,0,15,1.02059928980826e-17,0,3.8984021253375e-17
436,101.799999999998,2,572,99.8214320987663,0,2.47106509694611e-16,4.03555555555538,0,90
436,101.799999999998,3,1182,99.9692315541618,0,4.28604511008733e-16,6.99964285714288,0,90
436,101.799999999998,4,1182,99.7450332409986,0,9.17808320866253e-16,14.9889473684211,0,90
436,101.799999999998,5,1414.85081249998,0,0,14.2262500000001,0,0,0
436,101.799999999998,6,1775.83693846061,0,0,0.3,0,0,0
436,101.899999999998,1,1375.47543737318,-8.0834089724481e-17,0,15,1.15635765265118e-16,0,4.41696087363781e-16
436,101.899999999998,2,572,99.8214320987663,0,2.47106509694611e-16,4.03555555555538,0,90
436,101.899999999998,3,1182,99.9692315541618,0,4.28604511008733e-16,6.99964285714288,0,90
436,101.899999999998,4,1182,99.7450332409986,0,9.17808320866253e-16,14.9889473684211,0,90
436,101.899999999998,5,1416.27324999998,0,0,14.2225000000001,0,0,0
436,101.899999999998,6,1775.83693846061,0,0,0.3,0,0,0
436,101.999999999998,1,1376.97543737318,-6.30628236568523e-17,0,15,2.43534359778541e-16,0,9.30232732115398e-16
436,101.999999999998,2,572,99.8214320987663,0,2.47106509694611e-16,4.03555555555538,0,90
436,101.999999999998,3,1182,99.9692315541618,0,4.28604511008733e-16,6.99964285714288,0,90
436,101.999999999998,4,1182,99.7450332409986,0,9.17808320866253e-16,14.9889473684211,0,90
436,101.999999999998,5,1417.69531249998,0,0,14.2187500000001,0,0,0
436,101.999999999998,6,1775.83693846061,0,0,0.3,0,0,0
436,102.099999999998,1,1378.47543737318,-3.13782570305625e-17,0,15,3.93901776438354e-16,0,1.50459395550822e-15
436,102.099999999998,2,572,99.8214320987663,0,2.47106509694611e-16,4.03555555555538,0,90
436,102.099999999998,3,1182,99.9692315541618,0,4.28604511008733e-16,6.99964285714288,0,90
436,102.099999999998,4,1182,99.7450332409986,0,9.17808320866253e-16,14.9889473684211,0,90
436,102.099999999998,5,1419.11699999998,0,0,14.2150000000001,0,0,0
436,102.099999999998,6,1775.83693846061,0,0,0.3,0,0,0
436,102.199999999998,1,1379.97543737318,1.64159576116297e-17,0,15,5.61775816020167e-16,0,2.14582555269823e-15
436,102.199999999998,2,572,99.8214320987663,0,2.47106509694611e-16,4.03555555555538,0,90
436,102.199999999998,3,1182,99.9692315541618,0,4.28604511008733e-16,6.99964285714288,0,90
436,102.199999999998,4,1182,99.7450332409986,0,9.17808320866253e-16,14.9889473684211,0,90
436,102.199999999998,5,1420.53831249998,0,0,14.2112500000001,0,0,0
436,102.199999999998,6,1775.83693846061,0,0,0.3,0,0,0
436,102.299999999998,1,1381.47543737318,7.87753014913722e-17,0,15,6.71435263935329e-16,0,2.56469378931646e-15
436,102.299999999998,2,572,99.8214320987663,0,2.47106509694611e-16,4.03555555555538,0,90
436,102.299999999998,3,1182,99.9692315541618,0,4.28604511008733e-16,6.99964285714288,0,90
436,102.299999999998,4,1182,99.7450332409986,0,9.17808320866253e-16,14.9889473684211,0,90
436,102.299999999998,5,1421.95924999998,0,0,14.2075000000001,0,0,0
436,102.299999999998,6,1775.83693846061,0,0,0.3,0,0,0
436,102.399999999998,1,1382.97543737318,1.47907850870803e-16,0,15,6.9723992601394e-16,0,2.6632603379075e-15
436,102.399999999998,2,572,99.8214320987663,0,2.47106509694611e-16,4.03555555555538,0,90
436,102.399999999998,3,1182,99.9692315541618,0,4.28604511008733e-16,6.99964285714288,0,90
436,102.399999999998,4,1182,99.7450332409986,0,9.17808320866253e-16,14.9889473684211,0,90
436,102.399999999998,5,1423.37981249998,0,0,14.2037500000001,0,0,0
436,102.399999999998,6,1775.83693846061,0,0,0.3,0,0,0
436,102.499999999998,1,1384.47543737318,2.15428127166267e-16,0,15,6.39189802256e-16,0,2.44152519847136e-15
436,102.499999999998,2,572,99.8214320987663,0,2.47106509694611e-16,4.03555555555538,0,90
436,102.499999999998,3,1182,99.9692315541618,0,4.28604511008733e-16,6.99964285714288,0,90
436,102.499999999998,4,1182,99.7450332409986,0,9.17808320866253e-16,14.9889473684211,0,90
436,102.499999999998,5,1424.79999999998,0,0,14.2000000000001,0,0,0
436,102.499999999998,6,1775.83693846061,0,0,0.3,0,0,0
436,102.599999999998,1,1385.97543737318,2.72950651794111e-16,0,15,4.97284892661508e-16,0,1.89948837100804e-15
436,102.599999999998,2,572,99.8214320987663,0,2.47106509694611e-16,4.03555555555538,0,90
436,102.599999999998,3,1182,99.9692315541618,0,4.28604511008733e-16,6.99964285714288,0,90
436,102.599999999998,4,1182,99.7450332409986,0,9.17808320866253e-16,14.9889473684211,0,90
436,102.599999999998,5,1426.21981249998,0,0,14.1962500000001,0,0,0
436,102.599999999998,6,1775.83693846061,0,0,0.3,0,0,0
436,102.699999999998,1,1387.47543737318,3.12089946170678e-16,0,15,2.71525197230464e-16,0,1.03714985551752e-15
436,102.699999999998,2,572,99.8214320987663,0,2.47106509694611e-16,4.03555555555538,0,90
436,102.699999999998,3,1182,99.9692315541618,0,4.28604511008733e-16,6.99964285714288,0,90
436,102.699999999998,4,1182,99.7450332409986,0,9.17808320866253e-16,14.9889473684211,0,90
436,102.699999999998,5,1427.63924999998,0,0,14.1925000000001,0,0,0
436,102.699999999998,6,1775.83693846061,0,0,0.3,0,0,0
436,102.799999999998,1,1388.97543737318,3.24460531712316e-16,0,15,-3.8089284037131e-17,0,-1.45490348000175e-16
436,102.799999999998,2,572,99.8214320987663,0,2.47106509694611e-16,4.03555555555538,0,90
436,102.799999999998,3,1182,99.9692315541618,0,4.28604511008733e-16,6.99964285714288,0,90
436,102.799999999998,4,1182,99.7450332409986,0,9.17808320866253e-16,14.9889473684211,0,90
436,102.799999999998,5,1429.05831249998,0,0,14.1887500000001,0,0,0
436,102.799999999998,6,1775.83693846061,0,0,0.3,0,0,0
436,102.899999999998,1,1390.47543737318,3.01676929835368e-16,0,15,-4.31558551141278e-16,0,-1.64843223954506e-15
436,102.899999999998,2,572,99.8214320987663,0,2.47106509694611e-16,4.03555555555538,0,90
436,102.899999999998,3,1182,99.9692315541618,0,4.28604511008733e-16,6.99964285714288,0,90
436,102.899999999998,4,1182,99.7450332409986,0,9.17808320866253e-16,14.9889473684211,0,90
436,102.899999999998,5,1430.47699999998,0,0,14.1850000000001,0,0,0
436,102.899999999998,6,1775.83693846061,0,0,0.3,0,0,0
436,102.999999999998,1,1391.97543737318,2.3535366195618e-16,0,15,-9.08882604081976e-16,0,-3.47167581911713e-15
436,102.999999999998,2,572,99.8214320987663,0,2.47106509694611e-16,4.03555555555538,0,90
436,102.999999999998,3,1182,99.9692315541618,0,4.28604511008733e-16,6.99964285714288,0,90
436,102.999999999998,4,1182,99.7450332409986,0,9.17808320866253e-16,14.9889473684211,0,90
436,102.999999999998,5,1431.89531249998,0,0,14.1812500000001,0,0,0
436,102.999999999998,6,1775.83693846061,0,0,0.3,0,0,0
436,103.099999999998,1,1393.47543737318,1.17105249491098e-16,0,15,-1.47006144285922e-15,0,-5.61522108671639e-15
436,103.099999999998,2,572,99.8214320987663,0,2.47106509694611e-16,4.03555555555538,0,90
436,103.099999999998,3,1182,99.9692315541618,0,4.28604511008733e-16,6.99964285714288,0,90
436,103.099999999998,4,1182,99.7450332409986,0,9.17808320866253e-16,14.9889473684211,0,90
436,103.099999999998,5,1433.31324999998,0,0,14.1775000000001,0,0,0
436,103.099999999998,6,1775.83693846061,0,0,0.3,0,0,0
436,103.199999999998,1,1394.97543737318,-6.12651878613797e-17,0,15,-2.0965758878504e-15,0,-8.00832998684808e-15
436,103.199999999998,2,572,99.8214320987663,0,2.47106509694611e-16,4.03555555555538,0,90
436,103.199999999998,3,1182,99.9692315541618,0,4.28604511008733e-16,6.99964285714288,0,90
436,103.199999999998,4,1182,99.7450332409986,0,9.17808320866253e-16,14.9889473684211,0,90
436,103.199999999998,5,1434.73081249998,0,0,14.1737500000001,0,0,0
436,103.199999999998,6,1775.83693846061,0,0,0.3,0,0,0
436,103.299999999998,1,1396.47543737318,-2.93993427547214e-16,0,15,-2.50583051899991e-15,0,-9.57156752758478e-15
436,103.299999999998,2,572,99.8214320987663,0,2.47106509694611e-16,4.03555555555538,0,90
436,103.299999999998,3,1182,99.9692315541618,0,4.28604511008733e-16,6.99964285714288,0,90
436,103.299999999998,4,1182,99.7450332409986,0,9.17808320866253e-16,14.9889473684211,0,90
436,103.299999999998,5,1436.14799999998,0,0,14.1700000000001,0,0,0
436,103.299999999998,6,1775.83693846061,0,0,0.3,0,0,0
436,103.399999999998,1,1397.97543737318,-5.51999614288007e-16,0,15,-2.60213482894961e-15,0,-9.93942289485395e-15
436,103.399999999998,2,572,99.8214320987663,0,2.47106509694611e-16,4.03555555555538,0,90
436,103.399999999998,3,1182,99.9692315541618,0,4.28604511008733e-16,6.99964285714288,0,90
436,103.399999999998,4,1182,99.7450332409986,0,9.17808320866253e-16,14.9889473684211,0,90
436,103.399999999998,5,1437.56481249998,0,0,14.1662500000001,0,0,0
436,103.399999999998,6,1775.83693846061,0,0,0.3,0,0,0
436,103.499999999998,1,1399.47543737318,-8.0398871596378e-16,0,15,-2.3854888176995e-15,0,-9.11189608865559e-15
436,103.499999999998,2,572,99.8214320987663,0,2.47106509694611e-16,4.03555555555538,0,90
436,103.499999999998,3,1182,99.9692315541618,0,4.28604511008733e-16,6.99964285714288,0,90
436,103.499999999998,4,1182,99.7450332409986,0,9.17808320866253e-16,14.9889473684211,0,90
436,103.499999999998,5,1438.98124999998,0,0,14.1625000000001,0,0,0
436,103.499999999998,6,1775.83693846061,0,0,0.3,0,0,0
436,103.599999999998,1,1400.97543737318,-1.01866570045455e-15,0,15,-1.85589248524956e-15,0,-7.0889871089897e-15
436,103.599999999998,2,572,99.8214320987663,0,2.47106509694611e-16,4.03555555555538,0,90
436,103.599999999998,3,1182,99.9692315541618,0,4.28604511008733e-16,6.99964285714288,0,90
436,103.599999999998,4,1182,99.7450332409986,0,9.17808320866253e-16,14.9889473684211,0,90
436,103.599999999998,5,1440.39731249998,0,0,14.1587500000001,0,0,0
436,103.599999999998,6,1775.83693846061,0,0,0.3,0,0,0
436,103.699999999998,1,1402.47543737318,-1.16473553564035e-15,0,15,-1.01334583159982e-15,0,-3.87069595585628e-15
436,103.699999999998,2,572,99.8214320987663,0,2.47106509694611e-16,4.03555555555538,0,90
436,103.699999999998,3,1182,99.9692315541618,0,4.28604511008733e-16,6.99964285714288,0,90
436,103.699999999998,4,1182,99.7450332409986,0,9.17808320866253e-16,14.9889473684211,0,90
436,103.699999999998,5,1441.81299999998,0,0,14.1550000000001,0,0,0
436,103.699999999998,6,1775.83693846061,0,0,0.3,0,0,0
436,103.799999999998,1,1403.97543737318,-1.21090318940118e-15,0,15,1.42151143249748e-16,0,5.42977370744675e-16
436,103.799999999998,2,572,99.8214320987663,0,2.47106509694611e-16,4.03555555555538,0,90
436,103.799999999998,3,1182,99.9692315541618,0,4.28604511008733e-16,6.99964285714288,0,90
436,103.799999999998,4,1182,99.7450332409986,0,9.17808320866253e-16,14.9889473684211,0,90
436,103.799999999998,5,1443.22831249998,0,0,14.1512500000001,0,0,0
436,103.799999999998,6,1775.83693846061,0,0,0.3,0,0,0
436,103.899999999998,1,1405.47543737318,-1.12587362961707e-15,0,15,1.61059843929913e-15,0,6.15203287081316e-15
436,103.899999999998,2,572,99.8214320987663,0,2.47106509694611e-16,4.03555555555538,0,90
436,103.899999999998,3,1182,99.9692315541618,0,4.28604511008733e-16,6.99964285714288,0,90
436,103.899999999998,4,1182,99.7450332409986,0,9.17808320866253e-16,14.9889473684211,0,90
436,103.899999999998,5,1444.64324999998,0,0,14.1475000000001,0,0,0
436,103.899999999998,6,1775.83693846061,0,0,0.3,0,0,0
436,103.999999999998,1,1406.97543737318,-8.78351824168044e-16,0,15,3.39199605654833e-15,0,1.29564705443492e-14
436,103.999999999998,2,572,99.8214320987663,0,2.47106509694611e-16,4.03555555555538,0,90
436,103.999999999998,3,1182,99.9692315541618,0,4.28604511008733e-16,6.99964285714288,0,90
436,103.999999999998,4,1182,99.7450332409986,0,9.17808320866253e-16,14.9889473684211,0,90
436,103.999999999998,5,1446.05781249998,0,0,14.1437500000001,0,0,0
436,103.999999999998,6,1775.83693846061,0,0,0.3,0,0,0
436,104.099999999998,1,1408.47543737318,-4.37042740934118e-16,0,15,5.48634399499734e-15,0,2.09562903913527e-14
436,104.099999999998,2,572,99.8214320987663,0,2.47106509694611e-16,4.03555555555538,0,90
436,104.099999999998,3,1182,99.9692315541618,0,4.28604511008733e-16,6.99964285714288,0,90
436,104.099999999998,4,1182,99.7450332409986,0,9.17808320866253e-16,14.9889473684211,0,90
436,104.099999999998,5,1447.47199999998,0,0,14.1400000000001,0,0,0
436,104.099999999998,6,1775.83693846061,0,0,0.3,0,0,0
436,104.199999999998,1,1409.97543737318,2.28644793833476e-16,0,15,7.82452773538028e-15,0,2.98874943946897e-14
436,104.199999999998,2,572,99.8214320987663,0,2.47106509694611e-16,4.03555555555538,0,90
436,104.199999999998,3,1182,99.9692315541618,0,4.28604511008733e-16,6.99964285714288,0,90
436,104.199999999998,4,1182,99.7450332409986,0,9.17808320866253e-16,14.9889473684211,0,90
436,104.199999999998,5,1448.88581249998,0,0,14.1362500000001,0,0,0
436,104.199999999998,6,1775.83693846061,0,0,0.3,0,0,0
436,104.299999999998,1,1411.47543737318,1.09719840869699e-15,0,15,9.35188681206379e-15,0,3.57215763210206e-14
436,104.299999999998,2,572,99.8214320987663,0,2.47106509694611e-16,4.03555555555538,0,90
436,104.299999999998,3,1182,99.9692315541618,0,4.28604511008733e-16,6.99964285714288,0,90
436,104.299999999998,4,1182,99.7450332409986,0,9.17808320866253e-16,14.9889473684211,0,90
436,104.299999999998,5,1450.29924999998,0,0,14.1325000000001,0,0,0
436,104.299999999998,6,1775.83693846061,0,0,0.3,0,0,0
436,104.399999999998,1,1412.97543737318,2.06009060628071e-15,0,15,9.71129938978459e-15,0,3.70944312415086e-14
436,104.399999999998,2,572,99.8214320987663,0,2.47106509694611e-16,4.03555555555538,0,90
436,104.399999999998,3,1182,99.9692315541618,0,4.28604511008733e-16,6.99964285714288,0,90
436,104.399999999998,4,1182,99.7450332409986,0,9.17808320866253e-16,14.9889473684211,0,90
436,104.399999999998,5,1451.71231249998,0,0,14.1287500000001,0,0,0
436,104.399999999998,6,1775.83693846061,0,0,0.3,0,0,0
436,104.499999999998,1,1414.47543737318,3.00052673668837e-15,0,15,8.90276546854269e-15,0,3.40060591561537e-14
436,104.499999999998,2,572,99.8214320987663,0,2.47106509694611e-16,4.03555555555538,0,90
436,104.499999999998,3,1182,99.9692315541618,0,4.28604511008733e-16,6.99964285714288,0,90
436,104.499999999998,4,1182,99.7450332409986,0,9.17808320866253e-16,14.9889473684211,0,90
436,104.499999999998,5,1453.12499999998,0,0,14.1250000000001,0,0,0
436,104.499999999998,6,1775.83693846061,0,0,0.3,0,0,0
436,104.599999999998,1,1415.97543737318,3.80171215002372e-15,0,15,6.92628504833807e-15,0,2.64564600649558e-14
436,104.599999999998,2,572,99.8214320987663,0,2.47106509694611e-16,4.03555555555538,0,90
436,104.599999999998,3,1182,99.9692315541618,0,4.28604511008733e-16,6.99964285714288,0,90
436,104.599999999998,4,1182,99.7450332409986,0,9.17808320866253e-16,14.9889473684211,0,90
436,104.599999999998,5,1454.53731249998,0,0,14.1212500000001,0,0,0
436,104.599999999998,6,1775.83693846061,0,0,0.3,0,0,0
436,104.699999999998,1,1417.47543737318,4.34685219639049e-15,0,15,3.78185812917075e-15,0,1.4445633967915e-14
436,104.699999999998,2,572,99.8214320987663,0,2.47106509694611e-16,4.03555555555538,0,90
436,104.699999999998,3,1182,99.9692315541618,0,4.28604511008733e-16,6.99964285714288,0,90
436,104.699999999998,4,1182,99.7450332409986,0,9.17808320866253e-16,14.9889473684211,0,90
436,104.699999999998,5,1455.94924999998,0,0,14.1175000000001,0,0,0
436,104.699999999998,6,1775.83693846061,0,0,0.3,0,0,0
436,104.799999999998,1,1418.97543737318,4.51915222589241e-15,0,15,-5.30515288959281e-16,0,-2.02641913496868e-15
436,104.799999999998,2,572,99.8214320987663,0,2.47106509694611e-16,4.03555555555538,0,90
436,104.799999999998,3,1182,99.9692315541618,0,4.28604511008733e-16,6.99964285714288,0,90
436,104.799999999998,4,1182,99.7450332409986,0,9.17808320866253e-16,14.9889473684211,0,90
436,104.799999999998,5,1457.36081249998,0,0,14.1137500000001,0,0,0
436,104.799999999998,6,1775.83693846061,0,0,0.3,0,0,0
436,104.899999999998,1,1420.47543737318,4.20181758863321e-15,0,15,-6.01083520605202e-15,0,-2.29596992436953e-14
436,104.899999999998,2,572,99.8214320987663,0,2.47106509694611e-16,4.03555555555538,0,90
436,104.899999999998,3,1182,99.9692315541618,0,4.28604511008733e-16,6.99964285714288,0,90
436,104.899999999998,4,1182,99.7450332409986,0,9.17808320866253e-16,14.9889473684211,0,90
436,104.899999999998,5,1458.77199999998,0,0,14.1100000000001,0,0,0
436,104.899999999998,6,1775.83693846061,0,0,0.3,0,0,0
436,104.999999999998,1,1421.97543737318,3.27805363471665e-15,0,15,-1.26591016221075e-14,0,-4.83542063582648e-14
436,104.999999999998,2,572,99.8214320987663,0,2.47106509694611e-16,4.03555555555538,0,90
436,104.999999999998,3,1182,99.9692315541618,0,4.28604511008733e-16,6.99964285714288,0,90
436,104.999999999998,4,1182,99.7450332409986,0,9.17808320866253e-16,14.9889473684211,0,90
436,104.999999999998,5,1460.18281249998,0,0,14.1062500000001,0,0,0
436,104.999999999998,6,1775.83693846061,0,0,0.3,0,0,0
436,105.099999999998,1,1423.47543737318,1.63106571424645e-15,0,15,-2.04753145371256e-14,0,-7.82099404786773e-14
436,105.099999999998,2,572,99.8214320987663,0,2.47106509694611e-16,4.03555555555538,0,90
436,105.099999999998,3,1182,99.9692315541618,0,4.28604511008733e-16,6.99964285714288,0,90
436,105.099999999998,4,1182,99.7450332409986,0,9.17808320866253e-16,14.9889473684211,0,90
436,105.099999999998,5,1461.59324999998,0,0,14.1025000000001,0,0,0
436,105.099999999998,6,1775.83693846061,0,0,0.3,0,0,0
436,105.199999999998,1,1424.97543737318,-8.53313987470978e-16,0,15,-2.92015350536665e-14,0,-1.11541647591895e-13
436,105.199999999998,2,572,99.8214320987663,0,2.47106509694611e-16,4.03555555555538,0,90
436,105.199999999998,3,1182,99.9692315541618,0,4.28604511008733e-16,6.99964285714288,0,90
436,105.199999999998,4,1182,99.7450332409986,0,9.17808320866253e-16,14.9889473684211,0,90
436,105.199999999998,5,1463.00331249998,0,0,14.0987500000001,0,0,0
436,105.199999999998,6,1775.83693846061,0,0,0.3,0,0,0
436,105.299999999998,1,1426.47543737318,-4.09480020723887e-15,0,15,-3.49017167292533e-14,0,-1.3331473775649e-13
436,105.299999999998,2,572,99.8214320987663,0,2.47106509694611e-16,4.03555555555538,0,90
436,105.299999999998,3,1182,99.9692315541618,0,4.28604511008733e-16,6.99964285714288,0,90
436,105.299999999998,4,1182,99.7450332409986,0,9.17808320866253e-16,14.9889473684211,0,90
436,105.299999999998,5,1464.41299999998,0,0,14.0950000000001,0,0,0
436,105.299999999998,6,1775.83693846061,0,0,0.3,0,0,0
436,105.399999999998,1,1427.97543737318,-7.68836281083288e-15,0,15,-3.62430627301891e-14,0,-1.38438302071182e-13
436,105.399999999998,2,572,99.8214320987663,0,2.47106509694611e-16,4.03555555555538,0,90
436,105.399999999998,3,1182,99.9692315541618,0,4.28604511008733e-16,6.99964285714288,0,90
436,105.399999999998,4,1182,99.7450332409986,0,9.17808320866253e-16,14.9889473684211,0,90
436,105.399999999998,5,1465.82231249998,0,0,14.0912500000001,0,0,0
436,105.399999999998,6,1775.83693846061,0,0,0.3,0,0,0
436,105.499999999998,1,1429.47543737318,-1.11981182307879e-14,0,15,-3.32255730564739e-14,0,-1.26912340535969e-13
436,105.499999999998,2,572,99.8214320987663,0,2.47106509694611e-16,4.03555555555538,0,90
436,105.499999999998,3,1182,99.9692315541618,0,4.28604511008733e-16,6.99964285714288,0,90
436,105.499999999998,4,1182,99.7450332409986,0,9.17808320866253e-16,14.9889473684211,0,90
436,105.499999999998,5,1467.23124999998,0,0,14.0875000000001,0,0,0
436,105.499999999998,6,1775.83693846061,0,0,0.3,0,0,0
436,105.599999999998,1,1430.97543737318,-1.41881828996389e-14,0,15,-2.58492477081077e-14,0,-9.87368531508524e-14
436,105.599999999998,2,572,99.8214320987663,0,2.47106509694611e-16,4.03555555555538,0,90
436,105.599999999998,3,1182,99.9692315541618,0,4.28604511008733e-16,6.99964285714288,0,90
436,105.599999999998,4,1182,99.7450332409986,0,9.17808320866253e-16,14.9889473684211,0,90
436,105.599999999998,5,1468.63981249998,0,0,14.0837500000001,0,0,0
436,105.599999999998,6,1775.83693846061,0,0,0.3,0,0,0
436,105.699999999998,1,1432.47543737318,-1.62226732499208e-14,0,15,-1.41140866850905e-14,0,-5.39118399158316e-14
436,105.699999999998,2,572,99.8214320987663,0,2.47106509694611e-16,4.03555555555538,0,90
436,105.699999999998,3,1182,99.9692315541618,0,4.28604511008733e-16,6.99964285714288,0,90
436,105.699999999998,4,1182,99.7450332409986,0,9.17808320866253e-16,14.9889473684211,0,90
436,105.699999999998,5,1470.04799999998,0,0,14.0800000000001,0,0,0
436,105.699999999998,6,1775.83693846061,0,0,0.3,0,0,0
436,105.799999999998,1,1433.97543737318,-1.68657057141685e-14,0,15,1.97991001257773e-15,0,7.56269916909318e-15
436,105.799999999998,2,572,99.8214320987663,0,2.47106509694611e-16,4.03555555555538,0,90
436,105.799999999998,3,1182,99.9692315541618,0,4.28604511008733e-16,6.99964285714288,0,90
436,105.799999999998,4,1182,99.7450332409986,0,9.17808320866253e-16,14.9889473684211,0,90
436,105.799999999998,5,1471.45581249998,0,0,14.0762500000001,0,0,0
436,105.799999999998,6,1775.83693846061,0,0,0.3,0,0,0
436,105.899999999998,1,1435.47543737318,-1.56813967249169e-14,0,15,2.24327423848969e-14,0,8.56867641039221e-14
436,105.899999999998,2,572,99.8214320987663,0,2.47106509694611e-16,4.03555555555538,0,90
436,105.899999999998,3,1182,99.9692315541618,0,4.28604511008733e-16,6.99964285714288,0,90
436,105.899999999998,4,1182,99.7450332409986,0,9.17808320866253e-16,14.9889473684211,0,90
436,105.899999999998,5,1472.86324999998,0,0,14.0725000000001,0,0,0
436,105.899999999998,6,1775.83693846061,0,0,0.3,0,0,0
436,105.999999999998,1,1436.97543737318,-1.2233862714701e-14,0,15,4.72444104318671e-14,0,1.80460354888655e-13
436,105.999999999998,2,572,99.8214320987663,0,2.47106509694611e-16,4.03555555555538,0,90
436,105.999999999998,3,1182,99.9692315541618,0,4.28604511008733e-16,6.99964285714288,0,90
436,105.999999999998,4,1182,99.7450332409986,0,9.17808320866253e-16,14.9889473684211,0,90
436,105.999999999998,5,1474.27031249998,0,0,14.0687500000001,0,0,0
436,105.999999999998,6,1775.83693846061,0,0,0.3,0,0,0
436,106.099999999998,1,1438.47543737318,-6.08722011605567e-15,0,15,7.64149141534883e-14,0,2.91883471523292e-13
436,106.099999999998,2,572,99.8214320987663,0,2.47106509694611e-16,4.03555555555538,0,90
436,106.099999999998,3,1182,99.9692315541618,0,4.28604511008733e-16,6.99964285714288,0,90
436,106.099999999998,4,1182,99.7450332409986,0,9.17808320866253e-16,14.9889473684211,0,90
436,106.099999999998,5,1475.67699999998,0,0,14.0650000000001,0,0,0
436,106.099999999998,6,1775.83693846061,0,0,0.3,0,0,0
436,106.199999999998,1,1439.97543737318,3.18461115604468e-15,0,15,1.0898161247927e-13,0,4.16279095972828e-13
436,106.199999999998,2,572,99.8214320987663,0,2.47106509694611e-16,4.03555555555538,0,90
436,106.199999999998,3,1182,99.9692315541618,0,4.28604511008733e-16,6.99964285714288,0,90
436,106.199999999998,4,1182,99.7450332409986,0,9.17808320866253e-16,14.9889473684211,0,90
436,106.199999999998,5,1477.08331249998,0,0,14.0612500000001,0,0,0
436,106.199999999998,6,1775.83693846061,0,0,0.3,0,0,0
436,106.299999999998,1,1441.47543737318,1.52820024202516e-14,0,15,1.30254980104942e-13,0,4.97537374704912e-13
436,106.299999999998,2,572,99.8214320987663,0,2.47106509694611e-16,4.03555555555538,0,90
436,106.299999999998,3,1182,99.9692315541618,0,4.28604511008733e-16,6.99964285714288,0,90
436,106.299999999998,4,1182,99.7450332409986,0,9.17808320866253e-16,14.9889473684211,0,90
436,106.299999999998,5,1478.48924999998,0,0,14.0575000000001,0,0,0
436,106.299999999998,6,1775.83693846061,0,0,0.3,0,0,0
436,106.399999999998,1,1442.97543737318,2.86933606370436e-14,0,15,1.35260951530973e-13,0,5.16658777043222e-13
436,106.399999999998,2,572,99.8214320987663,0,2.47106509694611e-16,4.03555555555538,0,90
436,106.399999999998,3,1182,99.9692315541618,0,4.28604511008733e-16,6.99964285714288,0,90
436,106.399999999998,4,1182,99.7450332409986,0,9.17808320866253e-16,14.9889473684211,0,90
436,106.399999999998,5,1479.89481249998,0,0,14.0537500000001,0,0,0
436,106.399999999998,6,1775.83693846061,0,0,0.3,0,0,0
436,106.499999999998,1,1444.47543737318,4.17919461864566e-14,0,15,1.23999526757363e-13,0,4.7364330298776e-13
436,106.499999999998,2,572,99.8214320987663,0,2.47106509694611e-16,4.03555555555538,0,90
436,106.499999999998,3,1182,99.9692315541618,0,4.28604511008733e-16,6.99964285714288,0,90
436,106.499999999998,4,1182,99.7450332409986,0,9.17808320866253e-16,14.9889473684211,0,90
436,106.499999999998,5,1481.29999999998,0,0,14.0500000000001,0,0,0
436,106.499999999998,6,1775.83693846061,0,0,0.3,0,0,0
436,106.599999999998,1,1445.97543737318,5.29510194485266e-14,0,15,9.64707057841111e-14,0,3.68490952538524e-13
436,106.599999999998,2,572,99.8214320987663,0,2.47106509694611e-16,4.03555555555538,0,90
436,106.599999999998,3,1182,99.9692315541618,0,4.28604511008733e-16,6.99964285714288,0,90
436,106.599999999998,4,1182,99.7450332409986,0,9.17808320866253e-16,14.9889473684211,0,90
436,106.599999999998,5,1482.70481249998,0,0,14.0462500000001,0,0,0
436,106.599999999998,6,1775.83693846061,0,0,0.3,0,0,0
436,106.699999999998,1,1447.47543737318,6.05438408032897e-14,0,15,5.26744886112184e-14,0,2.01201725695516e-13
436,106.699999999998,2,572,99.8214320987663,0,2.47106509694611e-16,4.03555555555538,0,90
436,106.699999999998,3,1182,99.9692315541618,0,4.28604511008733e-16,6.99964285714288,0,90
436,106.699999999998,4,1182,99.7450332409986,0,9.17808320866253e-16,14.9889473684211,0,90
436,106.699999999998,5,1484.10924999997,0,0,14.0425000000001,0,0,0
436,106.699999999998,6,1775.83693846061,0,0,0.3,0,0,0
436,106.799999999998,1,1448.97543737318,6.29436706307817e-14,0,15,-7.38912476131553e-15,0,-2.82243775412661e-14
436,106.799999999998,2,572,99.8214320987663,0,2.47106509694611e-16,4.03555555555538,0,90
436,106.799999999998,3,1182,99.9692315541618,0,4.28604511008733e-16,6.99964285714288,0,90
436,106.799999999998,4,1182,99.7450332409986,0,9.17808320866253e-16,14.9889473684211,0,90
436,106.799999999998,5,1485.51331249997,0,0,14.0387500000001,0,0,0
436,106.799999999998,6,1775.83693846061,0,0,0.3,0,0,0
436,106.899999999998,1,1450.47543737318,5.85237693110387e-14,0,15,-8.37201343334907e-14,0,-3.19787357171821e-13
436,106.899999999998,2,572,99.8214320987663,0,2.47106509694611e-16,4.03555555555538,0,90
436,106.899999999998,3,1182,99.9692315541618,0,4.28604511008733e-16,6.99964285714288,0,90
436,106.899999999998,4,1182,99.7450332409986,0,9.17808320866253e-16,14.9889473684211,0,90
436,106.899999999998,5,1486.91699999997,0,0,14.0350000000001,0,0,0
436,106.899999999998,6,1775.83693846061,0,0,0.3,0,0,0
436,106.999999999998,1,1451.97543737318,4.56573972240965e-14,0,15,-1.76318540105307e-13,0,-6.73487213196149e-13
436,106.999999999998,2,572,99.8214320987663,0,2.47106509694611e-16,4.03555555555538,0,90
436,106.999999999998,3,1182,99.9692315541618,0,4.28604511008733e-16,6.99964285714288,0,90
436,106.999999999998,4,1182,99.7450332409986,0,9.17808320866253e-16,14.9889473684211,0,90
436,106.999999999998,5,1488.32031249997,0,0,14.0312500000001,0,0,0
436,106.999999999998,6,1775.83693846061,0,0,0.3,0,0,0
436,107.099999999998,1,1453.47543737318,2.27178147499913e-14,0,15,-2.85184342076765e-13,0,-1.08932394561425e-12
436,107.099999999998,2,572,99.8214320987663,0,2.47106509694611e-16,4.03555555555538,0,90
436,107.099999999998,3,1182,99.9692315541618,0,4.28604511008733e-16,6.99964285714288,0,90
436,107.099999999998,4,1182,99.7450332409986,0,9.17808320866253e-16,14.9889473684211,0,90
436,107.099999999998,5,1489.72324999997,0,0,14.0275000000001,0,0,0
436,107.099999999998,6,1775.83693846061,0,0,0.3,0,0,0
436,107.199999999998,1,1454.97543737318,-1.18851306366862e-14,0,15,-4.06724914863353e-13,0,-1.55357473629919e-12
436,107.199999999998,2,572,99.8214320987663,0,2.47106509694611e-16,4.03555555555538,0,90
436,107.199999999998,3,1182,99.9692315541618,0,4.28604511008733e-16,6.99964285714288,0,90
436,107.199999999998,4,1182,99.7450332409986,0,9.17808320866253e-16,14.9889473684211,0,90
436,107.199999999998,5,1491.12581249997,0,0,14.0237500000001,0,0,0
436,107.199999999998,6,1775.83693846061,0,0,0.3,0,0,0
436,107.299999999998,1,1456.47543737318,-5.70332094737416e-14,0,15,-4.86118203690487e-13,0,-1.85683476106305e-12
436,107.299999999998,2,572,99.8214320987663,0,2.47106509694611e-16,4.03555555555538,0,90
436,107.299999999998,3,1182,99.9692315541618,0,4.28604511008733e-16,6.99964285714288,0,90
436,107.299999999998,4,1182,99.7450332409986,0,9.17808320866253e-16,14.9889473684211,0,90
436,107.299999999998,5,1492.52799999997,0,0,14.0200000000001,0,0,0
436,107.299999999998,6,1775.83693846061,0,0,0.3,0,0,0
436,107.399999999998,1,1457.97543737318,-1.07085079737314e-13,0,15,-5.04800743393707e-13,0,-1.92819680610172e-12
436,107.399999999998,2,572,99.8214320987663,0,2.47106509694611e-16,4.03555555555538,0,90
436,107.399999999998,3,1182,99.9692315541618,0,4.28604511008733e-16,6.99964285714288,0,90
436,107.399999999998,4,1182,99.7450332409986,0,9.17808320866253e-16,14.9889473684211,0,90
436,107.399999999998,5,1493.92981249997,0,0,14.0162500000001,0,0,0
436,107.399999999998,6,1775.83693846061,0,0,0.3,0,0,0
436,107.499999999998,1,1459.47543737318,-1.55969666515013e-13,0,15,-4.62772533973013e-13,0,-1.76766087141521e-12
436,107.499999999998,2,572,99.8214320987663,0,2.47106509694611e-16,4.03555555555538,0,90
436,107.499999999998,3,1182,99.9692315541618,0,4.28604511008733e-16,6.99964285714288,0,90
436,107.499999999998,4,1182,99.7450332409986,0,9.17808320866253e-16,14.9889473684211,0,90
436,107.499999999998,5,1495.33124999997,0,0,14.0125000000001,0,0,0
436,107.499999999998,6,1775.83693846061,0,0,0.3,0,0,0
436,107.599999999998,1,1460.97543737318,-1.97615894894448e-13,0,15,-3.60033575428406e-13,0,-1.37522695700351e-12
436,107.599999999998,2,572,99.8214320987663,0,2.47106509694611e-16,4.03555555555538,0,90
436,107.599999999998,3,1182,99.9692315541618,0,4.28604511008733e-16,6.99964285714288,0,90
436,107.599999999998,4,1182,99.7450332409986,0,9.17808320866253e-16,14.9889473684211,0,90
436,107.599999999998,5,1496.73231249997,0,0,14.0087500000001,0,0,0
436,107.599999999998,6,1775.83693846061,0,0,0.3,0,0,0
436,107.699999999998,1,1462.47543737318,-2.25952689963227e-13,0,15,-1.96583867759885e-13,0,-7.50895062866619e-13
436,107.699999999998,2,572,99.8214320987663,0,2.47106509694611e-16,4.03555555555538,0,90
436,107.699999999998,3,1182,99.9692315541618,0,4.28604511008733e-16,6.99964285714288,0,90
436,107.699999999998,4,1182,99.7450332409986,0,9.17808320866253e-16,14.9889473684211,0,90
436,107.699999999998,5,1498.13299999997,0,0,14.0050000000001,0,0,0
436,107.699999999998,6,1775.83693846061,0,0,0.3,0,0,0
436,107.799999999998,1,1463.97543737318,-2.34908976808959e-13,0,15,2.75765890325501e-14,0,1.05334810995458e-13
436,107.799999999998,2,572,99.8214320987663,0,2.47106509694611e-16,4.03555555555538,0,90
436,107.799999999998,3,1182,99.9692315541618,0,4.28604511008733e-16,6.99964285714288,0,90
436,107.799999999998,4,1182,99.7450332409986,0,9.17808320866253e-16,14.9889473684211,0,90
436,107.799999999998,5,1499.53331249997,0,0,14.0012500000001,0,0,0
436,107.799999999998,6,1775.83693846061,0,0,0.3,0,0,0
436,107.899999999998,1,1465.47543737318,-2.18413680519253e-13,0,15,3.12447794948899e-13,0,1.19346266458272e-12
436,107.899999999998,2,572,99.8214320987663,0,2.47106509694611e-16,4.03555555555538,0,90
436,107.899999999998,3,1182,99.9692315541618,0,4.28604511008733e-16,6.99964285714288,0,90
436,107.899999999998,4,1182,99.7450332409986,0,9.17808320866253e-16,14.9889473684211,0,90
436,107.899999999998,5,1500.93315555553,0,0,13.9946666666668,0,0,0
436,107.899999999998,6,1775.83693846061,0,0,0.3,0,0,0
436,107.999999999998,1,1466.97543737318,-1.70395726181719e-13,0,15,6.58029749989161e-13,0,2.51348849789518e-12
436,107.999999999998,2,572,99.8214320987663,0,2.47106509694611e-16,4.03555555555538,0,90
436,107.999999999998,3,1182,99.9692315541618,0,4.28604511008733e-16,6.99964285714288,0,90
436,107.999999999998,4,1182,99.7450332409986,0,9.17808320866253e-16,14.9889473684211,0,90
436,107.999999999998,5,1502.3322222222,0,0,13.9866666666668,0,0,0
436,107.999999999998,6,1775.83693846061,0,0,0.3,0,0,0
436,108.099999999998,1,1468.47543737318,-8.47840388839651e-14,0,15,1.06432245415334e-12,0,4.06541231093282e-12
436,108.099999999998,2,572,99.8214320987663,0,2.47106509694611e-16,4.03555555555538,0,90
436,108.099999999998,3,1182,99.9692315541618,0,4.28604511008733e-16,6.99964285714288,0,90
436,108.099999999998,4,1182,99.7450332409986,0,9.17808320866253e-16,14.9889473684211,0,90
436,108.099999999998,5,1503.73048888886,0,0,13.9786666666668,0,0,0
436,108.099999999998,6,1775.83693846061,0,0,0.3,0,0,0
436,108.199999999998,1,1469.97525194321,4.43361593351709e-14,0,14.9878612859302,1.51654211818117e-12,0,5.79745576556546e-12
436,108.199999999998,2,572,99.8214320987663,0,2.47106509694611e-16,4.03555555555538,0,90
436,108.199999999998,3,1182,99.9692315541618,0,4.28604511008733e-16,6.99964285714288,0,90
436,108.199999999998,4,1182,99.7450332409986,0,9.17808320866253e-16,14.9889473684211,0,90
436,108.199999999998,5,1505.12795555553,0,0,13.9706666666668,0,0,0
436,108.199999999998,6,1775.83693846061,0,0,0.3,0,0,0
436,108.299999999998,1,1471.47205149462,2.123645943135e-13,0,14.948129742306,1.80577084522425e-12,0,6.9214711126236e-12
436,108.299999999998,2,572,99.8214320987663,0,2.47106509694611e-16,4.03555555555538,0,90
436,108.299999999998,3,1182,99.9692315541618,0,4.28604511008733e-16,6.99964285714288,0,90
436,108.299999999998,4,1182,99.7450332409986,0,9.17808320866253e-16,14.9889473684211,0,90
436,108.299999999998,5,1506.5246222222,0,0,13.9626666666668,0,0,0
436,108.299999999998,6,1775.83693846061,0,0,0.3,0,0,0
436,108.399999999998,1,1472.96487789167,3.97899472287633e-13,0,14.9083981986819,1.86727309014505e-12,0,7.17628184046773e-12
436,108.399999999998,2,572,99.8214320987663,0,2.47106509694611e-16,4.03555555555538,0,90
436,108.399999999998,3,1182,99.9692315541618,0,4.28604511008733e-16,6.99964285714288,0,90
436,108.399999999998,4,1182,99.7450332409986,0,9.17808320866253e-16,14.9889473684211,0,90
436,108.399999999998,5,1507.92048888886,0,0,13.9546666666668,0,0,0
436,108.399999999998,6,1775.83693846061,0,0,0.3,0,0,0
436,108.499999999998,1,1474.45373113436,5.78348379302755e-13,0,14.8686666550577,1.70464954664726e-12,0,6.56879509357714e-12
436,108.499999999998,2,572,99.8214320987663,0,2.47106509694611e-16,4.03555555555538,0,90
436,108.499999999998,3,1182,99.9692315541618,0,4.28604511008733e-16,6.99964285714288,0,90
436,108.499999999998,4,1182,99.7450332409986,0,9.17808320866253e-16,14.9889473684211,0,90
436,108.499999999998,5,1509.31555555553,0,0,13.9466666666668,0,0,0
436,108.499999999998,6,1775.83693846061,0,0,0.3,0,0,0
436,108.599999999998,1,1475.93861122268,7.31477774403379e-13,0,14.8289351114336,1.32147699163694e-12,0,5.10589963308038e-12
436,108.599999999998,2,572,99.8214320987663,0,2.47106509694611e-16,4.03555555555538,0,90
436,108.599999999998,3,1182,99.9692315541618,0,4.28604511008733e-16,6.99964285714288,0,90
436,108.599999999998,4,1182,99.7450332409986,0,9.17808320866253e-16,14.9889473684211,0,90
436,108.599999999998,5,1510.7098222222,0,0,13.9386666666668,0,0,0
436,108.599999999998,6,1775.83693846061,0,0,0.3,0,0,0
436,108.699999999998,1,1477.41951815664,8.35410601140546e-13,0,14.7892035678094,7.21308348961837e-13,0,2.79446583675529e-12
436,108.699999999998,2,572,99.8214320987663,0,2.47106509694611e-16,4.03555555555538,0,90
436,108.699999999998,3,1182,99.9692315541618,0,4.28604511008733e-16,6.99964285714288,0,90
436,108.699999999998,4,1182,99.7450332409986,0,9.17808320866253e-16,14.9889473684211,0,90
436,108.699999999998,5,1512.10328888886,0,0,13.9306666666668,0,0,0
436,108.699999999998,6,1775.83693846061,0,0,0.3,0,0,0
436,108.799999999998,1,1478.89645193624,8.68623905452961e-13,0,14.7494720241853,-9.23272468492652e-14,0,-3.58654300970996e-13
436,108.799999999998,2,572,99.8214320987663,0,2.47106509694611e-16,4.03555555555538,0,90
436,108.799999999998,3,1182,99.9692315541618,0,4.28604511008733e-16,6.99964285714288,0,90
436,108.799999999998,4,1182,99.7450332409986,0,9.17808320866253e-16,14.9889473684211,0,90
436,108.799999999998,5,1513.49595555553,0,0,13.9226666666668,0,0,0
436,108.799999999998,6,1775.83693846061,0,0,0.3,0,0,0
436,108.899999999998,1,1480.36941256148,8.09946459922066e-13,0,14.7097404805611,-1.11592438684724e-12,0,-4.34662716902209e-12
436,108.899999999998,2,572,99.8214320987663,0,2.47106509694611e-16,4.03555555555538,0,90
436,108.899999999998,3,1182,99.9692315541618,0,4.28604511008733e-16,6.99964285714288,0,90
436,108.899999999998,4,1182,99.7450332409986,0,9.17808320866253e-16,14.9889473684211,0,90
436,108.899999999998,5,1514.8878222222,0,0,13.9146666666668,0,0,0
436,108.899999999998,6,1775.83693846061,0,0,0.3,0,0,0
436,108.999999999998,1,1481.83840003235,6.38556394401037e-13,0,14.6700089369369,-2.34600132392326e-12,0,-9.16263753967228e-12
436,108.999999999998,2,572,99.8214320987663,0,2.47106509694611e-16,4.03555555555538,0,90
436,108.999999999998,3,1182,99.9692315541618,0,4.28604511008733e-16,6.99964285714288,0,90
436,108.999999999998,4,1182,99.7450332409986,0,9.17808320866253e-16,14.9889473684211,0,90
436,108.999999999998,5,1516.27888888886,0,0,13.9066666666668,0,0,0
436,108.999999999998,6,1775.83693846061,0,0,0.3,0,0,0
436,109.099999999998,1,1483.30341434887,3.33978833017723e-13,0,14.6302773933128,-3.77909990906951e-12,0,-1.47998885685466e-11
436,109.099999999998,2,572,99.8214320987663,0,2.47106509694611e-16,4.03555555555538,0,90
436,109.099999999998,3,1182,99.9692315541618,0,4.28604511008733e-16,6.99964285714288,0,90
436,109.099999999998,4,1182,99.7450332409986,0,9.17808320866253e-16,14.9889473684211,0,90
436,109.099999999998,5,1517.66915555553,0,0,13.8986666666668,0,0,0
436,109.099999999998,6,1775.83693846061,0,0,0.3,0,0,0
436,109.199999999998,1,1484.76445599542,-1.23686999217632e-13,0,14.5905865640276,-5.38285796921484e-12,0,-2.11379468536757e-11
436,109.199999999998,2,572,99.8214320987663,0,2.47106509694611e-16,4.03555555555538,0,90
436,109.199999999998,3,1182,99.9692315541618,0,4.28604511008733e-16,6.99964285714288,0,90
436,109.199999999998,4,1182,99.7450332409986,0,9.17808320866253e-16,14.9889473684211,0,90
436,109.199999999998,5,1519.0586222222,0,0,13.8906666666668,0,0,0
436,109.199999999998,6,1775.83693846061,0,0,0.3,0,0,0
436,109.299999999998,1,1486.22153662984,-7.22718099854148e-13,0,14.5510261244672,-6.46161713193589e-12,0,-2.54431122123293e-11
436,109.299999999998,2,572,99.8214320987663,0,2.47106509694611e-16,4.03555555555538,0,90
436,109.299999999998,3,1182,99.9692315541618,0,4.28604511008733e-16,6.99964285714288,0,90
436,109.299999999998,4,1182,99.7450332409986,0,9.17808320866253e-16,14.9889473684211,0,90
436,109.299999999998,5,1520.44728888886,0,0,13.8826666666668,0,0,0
436,109.299999999998,6,1775.83693846061,0,0,0.3,0,0,0
436,109.399999999998,1,1487.67466122031,-1.38900036646133e-12,0,14.5114656849068,-6.73007154645023e-12,0,-2.65724154820381e-11
436,109.399999999998,2,572,99.8214320987663,0,2.47106509694611e-16,4.03555555555538,0,90
436,109.399999999998,3,1182,99.9692315541618,0,4.28604511008733e-16,6.99964285714288,0,90
436,109.399999999998,4,1182,99.7450332409986,0,9.17808320866253e-16,14.9889473684211,0,90
436,109.399999999998,5,1521.83515555553,0,0,13.8746666666668,0,0,0
436,109.399999999998,6,1775.83693846061,0,0,0.3,0,0,0
436,109.499999999998,1,1489.12382976682,-2.04215891582569e-12,0,14.4719052453463,-6.20131819559261e-12,0,-2.45516643456047e-11
436,109.499999999998,2,572,99.8214320987663,0,2.47106509694611e-16,4.03555555555538,0,90
436,109.499999999998,3,1182,99.9692315541618,0,4.28604511008733e-16,6.99964285714288,0,90
436,109.499999999998,4,1182,99.7450332409986,0,9.17808320866253e-16,14.9889473684211,0,90
436,109.499999999998,5,1523.2222222222,0,0,13.8666666666668,0,0,0
436,109.499999999998,6,1775.83693846061,0,0,0.3,0,0,0
436,109.599999999998,1,1490.56904226938,-2.60312411226719e-12,0,14.4323448057859,-4.8883650876233e-12,0,-1.94065962259736e-11
436,109.599999999998,2,572,99.8214320987663,0,2.47106509694611e-16,4.03555555555538,0,90
436,109.599999999998,3,1182,99.9692315541618,0,4.28604511008733e-16,6.99964285714288,0,90
436,109.599999999998,4,1182,99.7450332409986,0,9.17808320866253e-16,14.9889473684211,0,90
436,109.599999999998,5,1524.60848888886,0,0,13.8586666666668,0,0,0
436,109.599999999998,6,1775.83693846061,0,0,0.3,0,0,0
436,109.699999999998,1,1492.01029872798,-2.99412268230966e-12,0,14.3927843662255,-2.8041314987862e-12,0,-1.1162878286231e-11
436,109.699999999998,2,572,99.8214320987663,0,2.47106509694611e-16,4.03555555555538,0,90
436,109.699999999998,3,1182,99.9692315541618,0,4.28604511008733e-16,6.99964285714288,0,90
436,109.699999999998,4,1182,99.7450332409986,0,9.17808320866253e-16,14.9889473684211,0,90
436,109.699999999998,5,1525.99395555553,0,0,13.8506666666668,0,0,0
436,109.699999999998,6,1775.83693846061,0,0,0.3,0,0,0
436,109.799999999998,1,1493.44759914262,-3.1386688536071e-12,0,14.353223926665,3.85517841331219e-14,0,1.53892570394847e-13
436,109.799999999998,2,572,99.8214320987663,0,2.47106509694611e-16,4.03555555555538,0,90
436,109.799999999998,3,1182,99.9692315541618,0,4.28604511008733e-16,6.99964285714288,0,90
436,109.799999999998,4,1182,99.7450332409986,0,9.17808320866253e-16,14.9889473684211,0,90
436,109.799999999998,5,1527.37862222219,0,0,13.8426666666668,0,0,0
436,109.799999999998,6,1775.83693846061,0,0,0.3,0,0,0
436,109.899999999998,1,1494.88094351331,-2.96155551812574e-12,0,14.3136634871046,3.62694222124932e-12,0,1.45181897005339e-11
436,109.899999999998,2,572,99.8214320987663,0,2.47106509694611e-16,4.03555555555538,0,90
436,109.899999999998,3,1182,99.9692315541618,0,4.28604511008733e-16,6.99964285714288,0,90
436,109.899999999998,4,1182,99.7450332409986,0,9.17808320866253e-16,14.9889473684211,0,90
436,109.899999999998,5,1528.76248888886,0,0,13.8346666666668,0,0,0
436,109.899999999998,6,1775.83693846061,0,0,0.3,0,0,0
436,109.999999999998,1,1496.31033184004,-2.38884541958192e-12,0,14.2741030475442,7.94838527701919e-12,0,3.19045567206742e-11
436,109.999999999998,2,572,99.8214320987663,0,2.47106509694611e-16,4.03555555555538,0,90
436,109.999999999998,3,1182,99.9692315541618,0,4.28604511008733e-16,6.99964285714288,0,90
436,109.999999999998,4,1182,99.7450332409986,0,9.17808320866253e-16,14.9889473684211,0,90
436,109.999999999998,5,1530.14555555553,0,0,13.8266666666668,0,0,0
436,109.999999999998,6,1775.83693846061,0,0,0.3,0,0,0
436,110.099999999998,1,1497.73576412282,-1.34786236513576e-12,0,14.2345426079837,1.29903141776836e-11,0,5.22876075071621e-11
436,110.099999999998,2,572,99.8214320987663,0,2.47106509694611e-16,4.03555555555538,0,90
436,110.099999999998,3,1182,99.9692315541618,0,4.28604511008733e-16,6.99964285714288,0,90
436,110.099999999998,4,1182,99.7450332409986,0,9.17808320866253e-16,14.9889473684211,0,90
436,110.099999999998,5,1531.52782222219,0,0,13.8186666666668,0,0,0
436,110.099999999998,6,1775.83693846061,0,0,0.3,0,0,0
436,110.199999999998,1,1499.15728829546,2.3275758877025e-13,0,14.2025403455613,1.87212863746612e-11,0,7.55252701435974e-11
436,110.199999999998,2,572,99.8214320987663,0,2.47106509694611e-16,4.03555555555538,0,90
436,110.199999999998,3,1182,99.9692315541618,0,4.28604511008733e-16,6.99964285714288,0,90
436,110.199999999998,4,1182,99.7450332409986,0,9.17808320866253e-16,14.9889473684211,0,90
436,110.199999999998,5,1532.90928888886,0,0,13.8106666666668,0,0,0
436,110.199999999998,6,1775.83693846061,0,0,0.3,0,0,0
436,110.299999999998,1,1500.57854373058,2.3435186951722e-12,0,14.2225683567658,2.30165770214939e-11,0,9.27225441347274e-11
436,110.299999999998,2,572,99.8214320987663,0,2.47106509694611e-16,4.03555555555538,0,90
436,110.299999999998,3,1182,99.9692315541618,0,4.28604511008733e-16,6.99964285714288,0,90
436,110.299999999998,4,1182,99.7450332409986,0,9.17808320866253e-16,14.9889473684211,0,90
436,110.299999999998,5,1534.28995555553,0,0,13.8026666666668,0,0,0
436,110.299999999998,6,1775.83693846061,0,0,0.3,0,0,0
436,110.399999999998,1,1502.00180196681,4.74019508962593e-12,0,14.2425963679703,2.44355277013291e-11,0,9.83003780553455e-11
436,110.399999999998,2,572,99.8214320987663,0,2.47106509694611e-16,4.03555555555538,0,90
436,110.399999999998,3,1182,99.9692315541618,0,4.28604511008733e-16,6.99964285714288,0,90
436,110.399999999998,4,1182,99.7450332409986,0,9.17808320866253e-16,14.9889473684211,0,90
436,110.399999999998,5,1535.66982222219,0,0,13.7946666666668,0,0,0
436,110.399999999998,6,1775.83693846061,0,0,0.3,0,0,0
436,110.499999999998,1,1503.42706300417,7.13393201266036e-12,0,14.2626243791747,2.2953708830098e-11,0,9.22095825546015e-11
436,110.499999999998,2,572,99.8214320987663,0,2.47106509694611e-16,4.03555555555538,0,90
436,110.499999999998,3,1182,99.9692315541618,0,4.28604511008733e-16,6.99964285714288,0,90
436,110.499999999998,4,1182,99.7450332409986,0,9.17808320866253e-16,14.9889473684211,0,90
436,110.499999999998,5,1537.04888888886,0,0,13.7866666666668,0,0,0
436,110.499999999998,6,1775.83693846061,0,0,0.3,0,0,0
436,110.599999999998,1,1504.85432684265,9.23342744578859e-12,0,14.2826523903792,1.85466047913891e-11,0,7.44008990626632e-11
436,110.599999999998,2,572,99.8214320987663,0,2.47106509694611e-16,4.03555555555538,0,90
436,110.599999999998,3,1182,99.9692315541618,0,4.28604511008733e-16,6.99964285714288,0,90
436,110.599999999998,4,1182,99.7450332409986,0,9.17808320866253e-16,14.9889473684211,0,90
436,110.599999999998,5,1538.42715555553,0,0,13.7786666666668,0,0,0
436,110.599999999998,6,1775.83693846061,0,0,0.3,0,0,0
436,110.699999999998,1,1506.28359348225,1.07449235022246e-11,0,14.3026804015837,1.11896138154691e-11,0,4.48249997907155e-11
436,110.699999999998,2,572,99.8214320987663,0,2.47106509694611e-16,4.03555555555538,0,90
436,110.699999999998,3,1182,99.9692315541618,0,4.28604511008733e-16,6.99964285714288,0,90
436,110.699999999998,4,1182,99.7450332409986,0,9.17808320866253e-16,14.9889473684211,0,90
436,110.699999999998,5,1539.80462222219,0,0,13.7706666666668,0,0,0
436,110.699999999998,6,1775.83693846061,0,0,0.3,0,0,0
436,110.799999999998,1,1507.71486292297,1.13721978055022e-11,0,14.3227084127882,8.58047858303426e-13,0,3.43248773096088e-12
436,110.799999999998,2,572,99.8214320987663,0,2.47106509694611e-16,4.03555555555538,0,90
436,110.799999999998,3,1182,99.9692315541618,0,4.28604511008733e-16,6.99964285714288,0,90
436,110.799999999998,4,1182,99.7450332409986,0,9.17808320866253e-16,14.9889473684211,0,90
436,110.799999999998,5,1541.18128888886,0,0,13.7626666666668,0,0,0
436,110.799999999998,6,1775.83693846061,0,0,0.3,0,0,0
436,110.899999999998,1,1509.1481351648,1.08165548559958e-11,0,14.3427364239927,-1.24728675194226e-11,0,-4.98261033433805e-11
436,110.899999999998,2,572,99.8214320987663,0,2.47106509694611e-16,4.03555555555538,0,90
436,110.899999999998,3,1182,99.9692315541618,0,4.28604511008733e-16,6.99964285714288,0,90
436,110.899999999998,4,1182,99.7450332409986,0,9.17808320866253e-16,14.9889473684211,0,90
436,110.899999999998,5,1542.55715555553,0,0,13.7546666666668,0,0,0
436,110.899999999998,6,1775.83693846061,0,0,0.3,0,0,0
436,110.999999999998,1,1510.58341020776,8.7768173853436e-12,0,14.3627644351971,-2.88279932732831e-11,0,-1.15000308878072e-10
436,110.999999999998,2,572,99.8214320987663,0,2.47106509694611e-16,4.03555555555538,0,90
436,110.999999999998,3,1182,99.9692315541618,0,4.28604511008733e-16,6.99964285714288,0,90
436,110.999999999998,4,1182,99.7450332409986,0,9.17808320866253e-16,14.9889473684211,0,90
436,110.999999999998,5,1543.93222222219,0,0,13.7466666666668,0,0,0
436,110.999999999998,6,1775.83693846061,0,0,0.3,0,0,0
436,111.099999999998,1,1512.02068805184,4.94931769877264e-12,0,14.3827924464016,-4.82322769960904e-11,0,-1.92139733537857e-10
436,111.099999999998,2,572,99.8214320987663,0,2.47106509694611e-16,4.03555555555538,0,90
436,111.099999999998,3,1182,99.9692315541618,0,4.28604511008733e-16,6.99964285714288,0,90
436,111.099999999998,4,1182,99.7450332409986,0,9.17808320866253e-16,14.9889473684211,0,90
436,111.099999999998,5,1545.30648888886,0,0,13.7386666666668,0,0,0
436,111.099999999998,6,1775.83693846061,0,0,0.3,0,0,0
436,111.199999999998,1,1513.45990860706,-9.71140378137175e-13,0,14.3942865023823,-7.052396246598e-11,0,-2.80717311217263e-10
436,111.199999999998,2,572,99.8214320987663,0,2.47106509694611e-16,4.03555555555538,0,90
436,111.199999999998,3,1182,99.9692315541618,0,4.28604511008733e-16,6.99964285714288,0,90
436,111.199999999998,4,1182,99.7450332409986,0,9.17808320866253e-16,14.9889473684211,0,90
436,111.199999999998,5,1546.67995555553,0,0,13.7306666666668,0,0,0
436,111.199999999998,6,1775.83693846061,0,0,0.3,0,0,0
436,111.299999999998,1,1514.89730868587,-8.91216732022576e-12,0,14.3537150738108,-8.63634075037684e-11,0,-3.44737144975295e-10
436,111.299999999998,2,572,99.8214320987663,0,2.47106509694611e-16,4.03555555555538,0,90
436,111.299999999998,3,1182,99.9692315541618,0,4.28604511008733e-16,6.99964285714288,0,90
436,111.299999999998,4,1182,99.7450332409986,0,9.17808320866253e-16,14.9889473684211,0,90
436,111.299999999998,5,1548.05262222219,0,0,13.7226666666668,0,0,0
436,111.299999999998,6,1775.83693846061,0,0,0.3,0,0,0
436,111.399999999998,1,1516.33065162182,-1.7860423157876e-11,0,14.3131436452394,-9.07008453136644e-11,0,-3.63077166242956e-10
436,111.399999999998,2,572,99.8214320987663,0,2.47106509694611e-16,4.03555555555538,0,90
436,111.399999999998,3,1182,99.9692315541618,0,4.28604511008733e-16,6.99964285714288,0,90
436,111.399999999998,4,1182,99.7450332409986,0,9.17808320866253e-16,14.9889473684211,0,90
436,111.399999999998,5,1549.42448888886,0,0,13.7146666666668,0,0,0
436,111.399999999998,6,1775.83693846061,0,0,0.3,0,0,0
436,111.499999999998,1,1517.75993741491,-2.6675375869829e-11,0,14.272572216668,-8.37294222611105e-11,0,-3.36123190956978e-10
436,111.499999999998,2,572,99.8214320987663,0,2.47106509694611e-16,4.03555555555538,0,90
436,111.499999999998,3,1182,99.9692315541618,0,4.28604511008733e-16,6.99964285714288,0,90
436,111.499999999998,4,1182,99.7450332409986,0,9.17808320866253e-16,14.9889473684211,0,90
436,111.499999999998,5,1550.79555555553,0,0,13.7066666666668,0,0,0
436,111.499999999998,6,1775.83693846061,0,0,0.3,0,0,0
436,111.599999999998,1,1519.18516606515,-3.42357398362625e-11,0,14.2320007880966,-6.56409206538091e-11,0,-2.64259942984403e-10
436,111.599999999998,2,572,99.8214320987663,0,2.47106509694611e-16,4.03555555555538,0,90
436,111.599999999998,3,1182,99.9692315541618,0,4.28604511008733e-16,6.99964285714288,0,90
436,111.599999999998,4,1182,99.7450332409986,0,9.17808320866253e-16,14.9889473684211,0,90
436,111.599999999998,5,1552.16582222219,0,0,13.6986666666668,0,0,0
436,111.599999999998,6,1775.83693846061,0,0,0.3,0,0,0
436,111.699999999998,1,1520.60633757253,-3.94393396263414e-11,0,14.1914293595251,-3.66257626082225e-11,0,-1.47871054122587e-10
436,111.699999999998,2,572,99.8214320987663,0,2.47106509694611e-16,4.03555555555538,0,90
436,111.699999999998,3,1182,99.9692315541618,0,4.28604511008733e-16,6.99964285714288,0,90
436,111.699999999998,4,1182,99.7450332409986,0,9.17808320866253e-16,14.9889473684211,0,90
436,111.699999999998,5,1553.53528888886,0,0,13.6906666666668,0,0,0
436,111.699999999998,6,1775.83693846061,0,0,0.3,0,0,0
436,111.799999999998,1,1522.02345193706,-4.12029741724192e-11,0,14.1508579309537,3.12698608392687e-12,0,1.26609359008013e-11
436,111.799999999998,2,572,99.8214320987663,0,2.47106509694611e-16,4.03555555555538,0,90
436,111.799999999998,3,1182,99.9692315541618,0,4.28604511008733e-16,6.99964285714288,0,90
436,111.799999999998,4,1182,99.7450332409986,0,9.17808320866253e-16,14.9889473684211,0,90
436,111.799999999998,5,1554.90395555553,0,0,13.6826666666668,0,0,0
436,111.799999999998,6,1775.83693846061,0,0,0.3,0,0,0
436,111.899999999998,1,1523.43650915872,-3.84622813308887e-11,0,14.1102865023823,5.34296120891567e-11,0,2.16954579427781e-10
436,111.899999999998,2,572,99.8214320987663,0,2.47106509694611e-16,4.03555555555538,0,90
436,111.899999999998,3,1182,99.9692315541618,0,4.28604511008733e-16,6.99964285714288,0,90
436,111.899999999998,4,1182,99.7450332409986,0,9.17808320866253e-16,14.9889473684211,0,90
436,111.899999999998,5,1556.27182222219,0,0,13.6746666666668,0,0,0
436,111.899999999998,6,1775.83693846061,0,0,0.3,0,0,0
436,111.999999999998,1,1524.84550923753,-3.01716028296831e-11,0,14.0697150738109,1.14095750665725e-10,0,4.64629520870058e-10
436,111.999999999998,2,572,99.8214320987663,0,2.47106509694611e-16,4.03555555555538,0,90
436,111.999999999998,3,1182,99.9692315541618,0,4.28604511008733e-16,6.99964285714288,0,90
436,111.999999999998,4,1182,99.7450332409986,0,9.17808320866253e-16,14.9889473684211,0,90
436,111.999999999998,5,1557.63888888886,0,0,13.6666666666668,0,0,0
436,111.999999999998,6,1775.83693846061,0,0,0.3,0,0,0
436,112.099999999998,1,1526.25045217349,-1.5303849602427e-11,0,14.0291436452394,1.84940381797128e-10,0,7.55306496709025e-10
436,112.099999999998,2,572,99.8214320987663,0,2.47106509694611e-16,4.03555555555538,0,90
436,112.099999999998,3,1182,99.9692315541618,0,4.28604511008733e-16,6.99964285714288,0,90
436,112.099999999998,4,1182,99.7450332409986,0,9.17808320866253e-16,14.9889473684211,0,90
436,112.099999999998,5,1559.00515555553,0,0,13.6586666666668,0,0,0
436,112.099999999998,6,1775.83693846061,0,0,0.3,0,0,0
436,112.199999999998,1,1527.65134137495,7.13086836571616e-12,0,13.988814227684,2.6378002245779e-10,0,1.08039764920087e-09
436,112.199999999998,2,572,99.8214320987663,0,2.47106509694611e-16,4.03555555555538,0,90
436,112.199999999998,3,1182,99.9692315541618,0,4.28604511008733e-16,6.99964285714288,0,90
436,112.199999999998,4,1182,99.7450332409986,0,9.17808320866253e-16,14.9889473684211,0,90
436,112.199999999998,5,1560.37062222219,0,0,13.6506666666668,0,0,0
436,112.199999999998,6,1775.83693846061,0,0,0.3,0,0,0
436,112.299999999998,1,1529.04823718621,3.64146410893229e-11,0,13.9491019974681,3.15194991016608e-10,0,1.294659879338e-09
436,112.299999999998,2,572,99.8214320987663,0,2.47106509694611e-16,4.03555555555538,0,90
436,112.299999999998,3,1182,99.9692315541618,0,4.28604511008733e-16,6.99964285714288,0,90
436,112.299999999998,4,1182,99.7450332409986,0,9.17808320866253e-16,14.9889473684211,0,90
436,112.299999999998,5,1561.73528888886,0,0,13.6426666666668,0,0,0
436,112.299999999998,6,1775.83693846061,0,0,0.3,0,0,0
436,112.399999999998,1,1530.44116177444,6.88410779138916e-11,0,13.9093897672523,3.26746139490354e-10,0,1.34593789362827e-09
436,112.399999999998,2,572,99.8214320987663,0,2.47106509694611e-16,4.03555555555538,0,90
436,112.399999999998,3,1182,99.9692315541618,0,4.28604511008733e-16,6.99964285714288,0,90
436,112.399999999998,4,1182,99.7450332409986,0,9.17808320866253e-16,14.9889473684211,0,90
436,112.399999999998,5,1563.09915555553,0,0,13.6346666666668,0,0,0
436,112.399999999998,6,1775.83693846061,0,0,0.3,0,0,0
436,112.499999999998,1,1531.83011513966,1.00457567188026e-10,0,13.8696775370365,2.99108074009111e-10,0,1.23561850758576e-09
436,112.499999999998,2,572,99.8214320987663,0,2.47106509694611e-16,4.03555555555538,0,90
436,112.499999999998,3,1182,99.9692315541618,0,4.28604511008733e-16,6.99964285714288,0,90
436,112.499999999998,4,1182,99.7450332409986,0,9.17808320866253e-16,14.9889473684211,0,90
436,112.499999999998,5,1564.46222222219,0,0,13.6266666666668,0,0,0
436,112.499999999998,6,1775.83693846061,0,0,0.3,0,0,0
436,112.599999999998,1,1533.21509728185,1.27378717798067e-10,0,13.8299653068207,2.32950601481255e-10,0,9.65084582918466e-10
436,112.599999999998,2,572,99.8214320987663,0,2.47106509694611e-16,4.03555555555538,0,90
436,112.599999999998,3,1182,99.9692315541618,0,4.28604511008733e-16,6.99964285714288,0,90
436,112.599999999998,4,1182,99.7450332409986,0,9.17808320866253e-16,14.9889473684211,0,90
436,112.599999999998,5,1565.82448888886,0,0,13.6186666666668,0,0,0
436,112.599999999998,6,1775.83693846061,0,0,0.3,0,0,0
436,112.699999999998,1,1534.59610820102,1.45785879931032e-10,0,13.7902530766048,1.28938743295552e-10,0,5.35715027528322e-10
436,112.699999999998,2,572,99.8214320987663,0,2.47106509694611e-16,4.03555555555538,0,90
436,112.699999999998,3,1182,99.9692315541618,0,4.28604511008733e-16,6.99964285714288,0,90
436,112.699999999998,4,1182,99.7450332409986,0,9.17808320866253e-16,14.9889473684211,0,90
436,112.699999999998,5,1567.18595555553,0,0,13.6106666666668,0,0,0
436,112.699999999998,6,1775.83693846061,0,0,0.3,0,0,0
436,112.799999999998,1,1535.97314789717,1.51926667207752e-10,0,13.750540846389,-1.22672509767418e-11,0,-5.11152044888197e-11
436,112.799999999998,2,572,99.8214320987663,0,2.47106509694611e-16,4.03555555555538,0,90
436,112.799999999998,3,1182,99.9692315541618,0,4.28604511008733e-16,6.99964285714288,0,90
436,112.799999999998,4,1182,99.7450332409986,0,9.17808320866253e-16,14.9889473684211,0,90
436,112.799999999998,5,1568.54662222219,0,0,13.6026666666668,0,0,0
436,112.799999999998,6,1775.83693846061,0,0,0.3,0,0,0
436,112.899999999998,1,1537.3462163703,1.42114480186229e-10,0,13.7108286161732,-1.90011889879791e-10,0,-7.94035112843178e-10
436,112.899999999998,2,572,99.8214320987663,0,2.47106509694611e-16,4.03555555555538,0,90
436,112.899999999998,3,1182,99.9692315541618,0,4.28604511008733e-16,6.99964285714288,0,90
436,112.899999999998,4,1182,99.7450332409986,0,9.17808320866253e-16,14.9889473684211,0,90
436,112.899999999998,5,1569.90648888886,0,0,13.5946666666668,0,0,0
436,112.899999999998,6,1775.83693846061,0,0,0.3,0,0,0
436,112.999999999998,1,1538.71531362041,1.127280312352e-10,0,13.6711163859574,-4.03644426371077e-10,0,-1.69167765105104e-09
436,112.999999999998,2,572,99.8214320987663,0,2.47106509694611e-16,4.03555555555538,0,90
436,112.999999999998,3,1182,99.9692315541618,0,4.28604511008733e-16,6.99964285714288,0,90
436,112.999999999998,4,1182,99.7450332409986,0,9.17808320866253e-16,14.9889473684211,0,90
436,112.999999999998,5,1571.26555555553,0,0,13.5866666666668,0,0,0
436,112.999999999998,6,1775.83693846061,0,0,0.3,0,0,0
436,113.099999999998,1,1540.08043964749,6.02108707779081e-11,0,13.6314041557415,-6.52518844119307e-10,0,-2.74267972643478e-09
436,113.099999999998,2,572,99.8214320987663,0,2.47106509694611e-16,4.03555555555538,0,90
436,113.099999999998,3,1182,99.9692315541618,0,4.28604511008733e-16,6.99964285714288,0,90
436,113.099999999998,4,1182,99.7450332409986,0,9.17808320866253e-16,14.9889473684211,0,90
436,113.099999999998,5,1572.62382222219,0,0,13.5786666666668,0,0,0
436,113.099999999998,6,1775.83693846061,0,0,0.3,0,0,0
436,113.199999999998,1,1541.44172480729,-1.89113246975281e-11,0,13.6041538191087,-9.3304644153694e-10,0,-3.92965442030477e-09
436,113.199999999998,2,572,99.8214320987663,0,2.47106509694611e-16,4.03555555555538,0,90
436,113.199999999998,3,1182,99.9692315541618,0,4.28604511008733e-16,6.99964285714288,0,90
436,113.199999999998,4,1182,99.7450332409986,0,9.17808320866253e-16,14.9889473684211,0,90
436,113.199999999998,5,1573.98128888886,0,0,13.5706666666668,0,0,0
436,113.199999999998,6,1775.83693846061,0,0,0.3,0,0,0
436,113.299999999998,1,1542.80313294283,-1.23348767741726e-10,0,13.6240088915725,-1.13270278094687e-09,0,-4.76358238661545e-09
436,113.299999999998,2,572,99.8214320987663,0,2.47106509694611e-16,4.03555555555538,0,90
436,113.299999999998,3,1182,99.9692315541618,0,4.28604511008733e-16,6.99964285714288,0,90
436,113.299999999998,4,1182,99.7450332409986,0,9.17808320866253e-16,14.9889473684211,0,90
436,113.299999999998,5,1575.33795555553,0,0,13.5626666666668,0,0,0
436,113.299999999998,6,1775.83693846061,0,0,0.3,0,0,0
436,113.399999999998,1,1544.16652658561,-2.40831699777465e-10,0,13.6438639640362,-1.19375353928409e-09,0,-5.0130256179679e-09
436,113.399999999998,2,572,99.8214320987663,0,2.47106509694611e-16,4.03555555555538,0,90
436,113.399999999998,3,1182,99.9692315541618,0,4.28604511008733e-16,6.99964285714288,0,90
436,113.399999999998,4,1182,99.7450332409986,0,9.17808320866253e-16,14.9889473684211,0,90
436,113.399999999998,5,1576.69382222219,0,0,13.5546666666668,0,0,0
436,113.399999999998,6,1775.83693846061,0,0,0.3,0,0,0
436,113.499999999998,1,1545.53190573563,-3.57438684145067e-10,0,13.6637190365,-1.11498040601208e-09,0,-4.67542338463066e-09
436,113.499999999998,2,572,99.8214320987663,0,2.47106509694611e-16,4.03555555555538,0,90
436,113.499999999998,3,1182,99.9692315541618,0,4.28604511008733e-16,6.99964285714288,0,90
436,113.499999999998,4,1182,99.7450332409986,0,9.17808320866253e-16,14.9889473684211,0,90
436,113.499999999998,5,1578.04888888886,0,0,13.5466666666668,0,0,0
436,113.499999999998,6,1775.83693846061,0,0,0.3,0,0,0
436,113.599999999998,1,1546.89927039291,-4.59126231177005e-10,0,13.6835741089638,-8.9516063043343e-10,0,-3.74821122768703e-09
436,113.599999999998,2,572,99.8214320987663,0,2.47106509694611e-16,4.03555555555538,0,90
436,113.599999999998,3,1182,99.9692315541618,0,4.28604511008733e-16,6.99964285714288,0,90
436,113.599999999998,4,1182,99.7450332409986,0,9.17808320866253e-16,14.9889473684211,0,90
436,113.599999999998,5,1579.40315555553,0,0,13.5386666666668,0,0,0
436,113.599999999998,6,1775.83693846061,0,0,0.3,0,0,0
436,113.699999999998,1,1548.26862055743,-5.31728353858733e-10,0,13.7034291814275,-5.33067015228322e-10,0,-2.22882095903509e-09
436,113.699999999998,2,572,99.8214320987663,0,2.47106509694611e-16,4.03555555555538,0,90
436,113.699999999998,3,1182,99.9692315541618,0,4.28604511008733e-16,6.99964285714288,0,90
436,113.699999999998,4,1182,99.7450332409986,0,9.17808320866253e-16,14.9889473684211,0,90
436,113.699999999998,5,1580.75662222219,0,0,13.5306666666668,0,0,0
436,113.699999999998,6,1775.83693846061,0,0,0.3,0,0,0
436,113.799999999998,1,1549.63995622919,-5.60956122843376e-10,0,13.7232842538913,-2.74679099930562e-11,0,-1.14680661387676e-10
436,113.799999999998,2,572,99.8214320987663,0,2.47106509694611e-16,4.03555555555538,0,90
436,113.799999999998,3,1182,99.9692315541618,0,4.28604511008733e-16,6.99964285714288,0,90
436,113.799999999998,4,1182,99.7450332409986,0,9.17808320866253e-16,14.9889473684211,0,90
436,113.799999999998,5,1582.10928888886,0,0,13.5226666666668,0,0,0
436,113.799999999998,6,1775.83693846061,0,0,0.3,0,0,0
436,113.899999999998,1,1551.0132774082,-5.32397220820266e-10,0,13.7431393263551,6.22872795221439e-10,0,2.5967853117276e-09
436,113.899999999998,2,572,99.8214320987663,0,2.47106509694611e-16,4.03555555555538,0,90
436,113.899999999998,3,1182,99.9692315541618,0,4.28604511008733e-16,6.99964285714288,0,90
436,113.899999999998,4,1182,99.7450332409986,0,9.17808320866253e-16,14.9889473684211,0,90
436,113.899999999998,5,1583.46115555553,0,0,13.5146666666668,0,0,0
436,113.899999999998,6,1775.83693846061,0,0,0.3,0,0,0
436,113.999999999998,1,1552.38858409446,-4.31515496237332e-10,0,13.7629943988188,1.41919567637111e-09,0,5.90815633596838e-09
436,113.999999999998,2,572,99.8214320987663,0,2.47106509694611e-16,4.03555555555538,0,90
436,113.999999999998,3,1182,99.9692315541618,0,4.28604511008733e-16,6.99964285714288,0,90
436,113.999999999998,4,1182,99.7450332409986,0,9.17808320866253e-16,14.9889473684211,0,90
436,113.999999999998,5,1584.81222222219,0,0,13.5066666666668,0,0,0
436,113.999999999998,6,1775.83693846061,0,0,0.3,0,0,0
436,114.099999999998,1,1553.76587628797,-2.43650516377334e-10,0,13.7828494712826,2.36274578188026e-09,0,9.8220155161775e-09
436,114.099999999998,2,572,99.8214320987663,0,2.47106509694611e-16,4.03555555555538,0,90
436,114.099999999998,3,1182,99.9692315541618,0,4.28604511008733e-16,6.99964285714288,0,90
436,114.099999999998,4,1182,99.7450332409986,0,9.17808320866253e-16,14.9889473684211,0,90
436,114.099999999998,5,1586.16248888886,0,0,13.4986666666668,0,0,0
436,114.099999999998,6,1775.83693846061,0,0,0.3,0,0,0
436,114.199999999998,1,1555.14510480632,4.59413860178063e-11,0,13.7954832141581,3.44649730537775e-09,0,1.43140872005625e-08
436,114.199999999998,2,572,99.8214320987663,0,2.47106509694611e-16,4.03555555555538,0,90
436,114.199999999998,3,1182,99.9692315541618,0,4.28604511008733e-16,6.99964285714288,0,90
436,114.199999999998,4,1182,99.7450332409986,0,9.17808320866253e-16,14.9889473684211,0,90
436,114.199999999998,5,1587.51195555553,0,0,13.4906666666668,0,0,0
436,114.199999999998,6,1775.83693846061,0,0,0.3,0,0,0
436,114.299999999998,1,1556.52299515658,4.34255825934719e-10,0,13.7623237911269,4.22783506764032e-09,0,1.76014682934126e-08
436,114.299999999998,2,572,99.8214320987663,0,2.47106509694611e-16,4.03555555555538,0,90
436,114.299999999998,3,1182,99.9692315541618,0,4.28604511008733e-16,6.99964285714288,0,90
436,114.299999999998,4,1182,99.7450332409986,0,9.17808320866253e-16,14.9889473684211,0,90
436,114.299999999998,5,1588.86062222219,0,0,13.4826666666668,0,0,0
436,114.299999999998,6,1775.83693846061,0,0,0.3,0,0,0
436,114.399999999998,1,1557.89756956454,8.7324851065415e-10,0,13.7291643680956,4.46137458390965e-09,0,1.86186083603874e-08
436,114.399999999998,2,572,99.8214320987663,0,2.47106509694611e-16,4.03555555555538,0,90
436,114.399999999998,3,1182,99.9692315541618,0,4.28604511008733e-16,6.99964285714288,0,90
436,114.399999999998,4,1182,99.7450332409986,0,9.17808320866253e-16,14.9889473684211,0,90
436,114.399999999998,5,1590.20848888886,0,0,13.4746666666668,0,0,0
436,114.399999999998,6,1775.83693846061,0,0,0.3,0,0,0
436,114.499999999998,1,1559.2688280302,1.30853254127047e-09,0,13.6960049450643,4.15496648135707e-09,0,1.7381860210694e-08
436,114.499999999998,2,572,99.8214320987663,0,2.47106509694611e-16,4.03555555555538,0,90
436,114.499999999998,3,1182,99.9692315541618,0,4.28604511008733e-16,6.99964285714288,0,90
436,114.499999999998,4,1182,99.7450332409986,0,9.17808320866253e-16,14.9889473684211,0,90
436,114.499999999998,5,1591.55555555553,0,0,13.4666666666668,0,0,0
436,114.499999999998,6,1775.83693846061,0,0,0.3,0,0,0
436,114.599999999998,1,1560.63677055356,1.68650371748698e-09,0,13.662845522033,3.31641412401542e-09,0,1.39075372049866e-08
436,114.599999999998,2,572,99.8214320987663,0,2.47106509694611e-16,4.03555555555538,0,90
436,114.599999999998,3,1182,99.9692315541618,0,4.28604511008733e-16,6.99964285714288,0,90
436,114.599999999998,4,1182,99.7450332409986,0,9.17808320866253e-16,14.9889473684211,0,90
436,114.599999999998,5,1592.90182222219,0,0,13.4586666666668,0,0,0
436,114.599999999998,6,1775.83693846061,0,0,0.3,0,0,0
436,114.699999999998,1,1562.00139713461,1.9543358170097e-09,0,13.6296860990018,1.95347372693151e-09,0,8.21191325536574e-09
436,114.699999999998,2,572,99.8214320987663,0,2.47106509694611e-16,4.03555555555538,0,90
436,114.699999999998,3,1182,99.9692315541618,0,4.28604511008733e-16,6.99964285714288,0,90
436,114.699999999998,4,1182,99.7450332409986,0,9.17808320866253e-16,14.9889473684211,0,90
436,114.699999999998,5,1594.24728888886,0,0,13.4506666666668,0,0,0
436,114.699999999998,6,1775.83693846061,0,0,0.3,0,0,0
436,114.799999999998,1,1563.36270777336,2.05997588635638e-09,0,13.5965266759705,7.38544703186437e-11,0,3.11222825378707e-10
436,114.799999999998,2,572,99.8214320987663,0,2.47106509694611e-16,4.03555555555538,0,90
436,114.799999999998,3,1182,99.9692315541618,0,4.28604511008733e-16,6.99964285714288,0,90
436,114.799999999998,4,1182,99.7450332409986,0,9.17808320866253e-16,14.9889473684211,0,90
436,114.799999999998,5,1595.59195555553,0,0,13.4426666666668,0,0,0
436,114.799999999998,6,1775.83693846061,0,0,0.3,0,0,0
436,114.899999999998,1,1564.7207024698,1.95213954308079e-09,0,13.5633672529392,-2.31478138629088e-09,0,-9.77833906998047e-09
436,114.899999999998,2,572,99.8214320987663,0,2.47106509694611e-16,4.03555555555538,0,90
436,114.899999999998,3,1182,99.9692315541618,0,4.28604511008733e-16,6.99964285714288,0,90
436,114.899999999998,4,1182,99.7450332409986,0,9.17808320866253e-16,14.9889473684211,0,90
436,114.899999999998,5,1596.93582222219,0,0,13.4346666666668,0,0,0
436,114.899999999998,6,1775.83693846061,0,0,0.3,0,0,0
436,114.999999999998,1,1566.07538122395,1.58030628941222e-09,0,13.530207829908,-5.2048183898933e-09,0,-2.20406168642711e-08
436,114.999999999998,2,572,99.8214320987663,0,2.47106509694611e-16,4.03555555555538,0,90
436,114.999999999998,3,1182,99.9692315541618,0,4.28604511008733e-16,6.99964285714288,0,90
436,114.999999999998,4,1182,99.7450332409986,0,9.17808320866253e-16,14.9889473684211,0,90
436,114.999999999998,5,1598.27888888886,0,0,13.4266666666668,0,0,0
436,114.999999999998,6,1775.83693846061,0,0,0.3,0,0,0
436,115.099999999998,1,1567.42674403578,8.94714837310268e-10,0,13.4970484068767,-8.58868777986086e-09,0,-3.64594944396059e-08
436,115.099999999998,2,572,99.8214320987663,0,2.47106509694611e-16,4.03555555555538,0,90
436,115.099999999998,3,1182,99.9692315541618,0,4.28604511008733e-16,6.99964285714288,0,90
436,115.099999999998,4,1182,99.7450332409986,0,9.17808320866253e-16,14.9889473684211,0,90
436,115.099999999998,5,1599.62115555553,0,0,13.4186666666668,0,0,0
436,115.099999999998,6,1775.83693846061,0,0,0.3,0,0,0
436,115.199999999998,1,1568.7748057733,-1.53574373132805e-10,0,13.4662504386487,-1.24418162333742e-08,0,-5.29370490247046e-08
436,115.199999999998,2,572,99.8214320987663,0,2.47106509694611e-16,4.03555555555538,0,90
436,115.199999999998,3,1182,99.9692315541618,0,4.28604511008733e-16,6.99964285714288,0,90
436,115.199999999998,4,1182,99.7450332409986,0,9.17808320866253e-16,14.9889473684211,0,90
436,115.199999999998,5,1600.96262222219,0,0,13.4106666666668,0,0,0
436,115.199999999998,6,1775.83693846061,0,0,0.3,0,0,0
436,115.299999999998,1,1570.12071051041,-1.55673977345351e-09,0,13.4518443036448,-1.53001243896005e-08,0,-6.51682054714057e-08
436,115.299999999998,2,572,99.8214320987663,0,2.47106509694611e-16,4.03555555555538,0,90
436,115.299999999998,3,1182,99.9692315541618,0,4.28604511008733e-16,6.99964285714288,0,90
436,115.299999999998,4,1182,99.7450332409986,0,9.17808320866253e-16,14.9889473684211,0,90
436,115.299999999998,5,1602.30328888886,0,0,13.4026666666668,0,0,0
436,115.299999999998,6,1775.83693846061,0,0,0.3,0,0,0
436,115.399999999998,1,1571.46517463403,-3.14953117541543e-09,0,13.4374381686409,-1.62363891780212e-08,0,-6.92302031650273e-08
436,115.399999999998,2,572,99.8214320987663,0,2.47106509694611e-16,4.03555555555538,0,90
436,115.399999999998,3,1182,99.9692315541618,0,4.28604511008733e-16,6.99964285714288,0,90
436,115.399999999998,4,1182,99.7450332409986,0,9.17808320866253e-16,14.9889473684211,0,90
436,115.399999999998,5,1603.64315555552,0,0,13.3946666666669,0,0,0
436,115.399999999998,6,1775.83693846061,0,0,0.3,0,0,0
436,115.499999999998,1,1572.80819814414,-4.74035956661787e-09,0,13.423032033637,-1.52629115957407e-08,0,-6.51492461111472e-08
436,115.499999999998,2,572,99.8214320987663,0,2.47106509694611e-16,4.03555555555538,0,90
436,115.499999999998,3,1182,99.9692315541618,0,4.28604511008733e-16,6.99964285714288,0,90
436,115.499999999998,4,1182,99.7450332409986,0,9.17808320866253e-16,14.9889473684211,0,90
436,115.499999999998,5,1604.98222222219,0,0,13.3866666666668,0,0,0
436,115.499999999998,6,1775.83693846061,0,0,0.3,0,0,0
436,115.599999999998,1,1574.14978104075,-6.13886438781115e-09,0,13.4086258986331,-1.23919597145589e-08,0,-5.29515102373577e-08
436,115.599999999998,2,572,99.8214320987663,0,2.47106509694611e-16,4.03555555555538,0,90
436,115.599999999998,3,1182,99.9692315541618,0,4.28604511008733e-16,6.99964285714288,0,90
436,115.599999999998,4,1182,99.7450332409986,0,9.17808320866253e-16,14.9889473684211,0,90
436,115.599999999998,5,1606.32048888886,0,0,13.3786666666669,0,0,0
436,115.599999999998,6,1775.83693846061,0,0,0.3,0,0,0
436,115.699999999998,1,1575.48992332387,-7.15591024213119e-09,0,13.3942197636291,-7.63576871627055e-09,0,-3.26631433932655e-08
436,115.699999999998,2,572,99.8214320987663,0,2.47106509694611e-16,4.03555555555538,0,90
436,115.699999999998,3,1182,99.9692315541618,0,4.28604511008733e-16,6.99964285714288,0,90
436,115.699999999998,4,1182,99.7450332409986,0,9.17808320866253e-16,14.9889473684211,0,90
436,115.699999999998,5,1607.65795555552,0,0,13.3706666666669,0,0,0
436,115.699999999998,6,1775.83693846061,0,0,0.3,0,0,0
436,115.799999999998,1,1576.82862499348,-7.6035836078639e-09,0,13.3798136286252,-1.00654092796369e-09,0,-4.31026535049177e-09
436,115.799999999998,2,572,99.8214320987663,0,2.47106509694611e-16,4.03555555555538,0,90
436,115.799999999998,3,1182,99.9692315541618,0,4.28604511008733e-16,6.99964285714288,0,90
436,115.799999999998,4,1182,99.7450332409986,0,9.17808320866253e-16,14.9889473684211,0,90
436,115.799999999998,5,1608.99462222219,0,0,13.3626666666669,0,0,0
436,115.799999999998,6,1775.83693846061,0,0,0.3,0,0,0
436,115.899999999998,1,1578.16588604959,-7.29518955473945e-09,0,13.3654074936213,7.48355414268112e-09,0,3.20810321973278e-08
436,115.899999999998,2,572,99.8214320987663,0,2.47106509694611e-16,4.03555555555538,0,90
436,115.899999999998,3,1182,99.9692315541618,0,4.28604511008733e-16,6.99964285714288,0,90
436,115.899999999998,4,1182,99.7450332409986,0,9.17808320866253e-16,14.9889473684211,0,90
436,115.899999999998,5,1610.33048888886,0,0,13.3546666666669,0,0,0
436,115.899999999998,6,1775.83693846061,0,0,0.3,0,0,0
436,115.999999999998,1,1579.5017064922,-6.04524846375646e-09,0,13.3510013586174,1.78223797720921e-08,0,7.64846856345429e-08
436,115.999999999998,2,572,99.8214320987663,0,2.47106509694611e-16,4.03555555555538,0,90
436,115.999999999998,3,1182,99.9692315541618,0,4.28604511008733e-16,6.99964285714288,0,90
436,115.999999999998,4,1182,99.7450332409986,0,9.17808320866253e-16,14.9889473684211,0,90
436,115.999999999998,5,1611.66555555552,0,0,13.3466666666669,0,0,0
436,115.999999999998,6,1775.83693846061,0,0,0.3,0,0,0
436,116.099999999998,1,1580.83608632131,-3.66949275053609e-09,0,13.3365952236135,2.99978319855074e-08,0,1.28874659423489e-07
436,116.099999999998,2,572,99.8214320987663,0,2.47106509694611e-16,4.03555555555538,0,90
436,116.099999999998,3,1182,99.9692315541618,0,4.28604511008733e-16,6.99964285714288,0,90
436,116.099999999998,4,1182,99.7450332409986,0,9.17808320866253e-16,14.9889473684211,0,90
436,116.099999999998,5,1612.99982222219,0,0,13.3386666666669,0,0,0
436,116.099999999998,6,1775.83693846061,0,0,0.3,0,0,0
436,116.199999999998,1,1582.16902556545,1.51364959919641e-11,0,13.3223548385768,4.39983348010949e-08,0,1.89224721924283e-07
436,116.199999999998,2,572,99.8214320987663,0,2.47106509694611e-16,4.03555555555538,0,90
436,116.199999999998,3,1182,99.9692315541618,0,4.28604511008733e-16,6.99964285714288,0,90
436,116.199999999998,4,1182,99.7450332409986,0,9.17808320866253e-16,14.9889473684211,0,90
436,116.199999999998,5,1614.33328888886,0,0,13.3306666666669,0,0,0
436,116.199999999998,6,1775.83693846061,0,0,0.3,0,0,0
436,116.299999999998,1,1583.50294831117,5.05175664568512e-09,0,13.3561000757273,5.55789113580189e-08,0,2.38425665627756e-07
436,116.299999999998,2,572,99.8214320987663,0,2.47106509694611e-16,4.03555555555538,0,90
436,116.299999999998,3,1182,99.9692315541618,0,4.28604511008733e-16,6.99964285714288,0,90
436,116.299999999998,4,1182,99.7450332409986,0,9.17808320866253e-16,14.9889473684211,0,90
436,116.299999999998,5,1615.66595555552,0,0,13.3226666666669,0,0,0
436,116.299999999998,6,1775.83693846061,0,0,0.3,0,0,0
436,116.399999999998,1,1584.8402455806,1.08981123317971e-08,0,13.3898453128778,6.01752723562452e-08,0,2.57492828072267e-07
436,116.399999999998,2,572,99.8214320987663,0,2.47106509694611e-16,4.03555555555538,0,90
436,116.399999999998,3,1182,99.9692315541618,0,4.28604511008733e-16,6.99964285714288,0,90
436,116.399999999998,4,1182,99.7450332409986,0,9.17808320866253e-16,14.9889473684211,0,90
436,116.399999999998,5,1616.99782222219,0,0,13.3146666666669,0,0,0
436,116.399999999998,6,1775.83693846061,0,0,0.3,0,0,0
436,116.499999999998,1,1586.18091737374,1.6850438795591e-08,0,13.4235905500284,5.76804411726325e-08,0,2.461968597245e-07
436,116.499999999998,2,572,99.8214320987663,0,2.47106509694611e-16,4.03555555555538,0,90
436,116.499999999998,3,1182,99.9692315541618,0,4.28604511008733e-16,6.99964285714288,0,90
436,116.499999999998,4,1182,99.7450332409986,0,9.17808320866253e-16,14.9889473684211,0,90
436,116.499999999998,5,1618.32888888886,0,0,13.3066666666669,0,0,0
436,116.499999999998,6,1775.83693846061,0,0,0.3,0,0,0
436,116.599999999998,1,1587.5249636906,2.21942398178711e-08,0,13.4573357871789,4.79867649370898e-08,0,2.04307832312623e-07
436,116.599999999998,2,572,99.8214320987663,0,2.47106509694611e-16,4.03555555555538,0,90
436,116.599999999998,3,1182,99.9692315541618,0,4.28604511008733e-16,6.99964285714288,0,90
436,116.599999999998,4,1182,99.7450332409986,0,9.17808320866253e-16,14.9889473684211,0,90
436,116.599999999998,5,1619.65915555552,0,0,13.2986666666669,0,0,0
436,116.599999999998,6,1775.83693846061,0,0,0.3,0,0,0
436,116.699999999998,1,1588.87238453118,2.62042200090727e-08,0,13.4910810243295,3.09859128282912e-08,0,1.31595238826282e-07
436,116.699999999998,2,572,99.8214320987663,0,2.47106509694611e-16,4.03555555555538,0,90
436,116.699999999998,3,1182,99.9692315541618,0,4.28604511008733e-16,6.99964285714288,0,90
436,116.699999999998,4,1182,99.7450332409986,0,9.17808320866253e-16,14.9889473684211,0,90
436,116.699999999998,5,1620.98862222219,0,0,13.2906666666669,0,0,0
436,116.699999999998,6,1775.83693846061,0,0,0.3,0,0,0
436,116.799999999998,1,1590.22317989547,2.81442169289253e-08,0,13.52482626148,6.56887436939059e-09,0,2.78279935166099e-08
436,116.799999999998,2,572,99.8214320987663,0,2.47106509694611e-16,4.03555555555538,0,90
436,116.799999999998,3,1182,99.9692315541618,0,4.28604511008733e-16,6.99964285714288,0,90
436,116.799999999998,4,1182,99.7450332409986,0,9.17808320866253e-16,14.9889473684211,0,90
436,116.799999999998,5,1622.31728888886,0,0,13.2826666666669,0,0,0
436,116.799999999998,6,1775.83693846061,0,0,0.3,0,0,0
436,116.899999999998,1,1591.57734978347,2.72671330356858e-08,0,13.5585714986306,-2.53740422762629e-08,0,-1.0722556810378e-07
436,116.899999999998,2,572,99.8214320987663,0,2.47106509694611e-16,4.03555555555538,0,90
436,116.899999999998,3,1182,99.9692315541618,0,4.28604511008733e-16,6.99964285714288,0,90
436,116.899999999998,4,1182,99.7450332409986,0,9.17808320866253e-16,14.9889473684211,0,90
436,116.899999999998,5,1623.64515555552,0,0,13.2746666666669,0,0,0
436,116.899999999998,6,1775.83693846061,0,0,0.3,0,0,0
436,116.999999999998,1,1592.9348941952,2.28148674649437e-08,0,13.5923167357811,-6.49532120094104e-08,0,-2.73797689260793e-07
436,116.999999999998,2,572,99.8214320987663,0,2.47106509694611e-16,4.03555555555538,0,90
436,116.999999999998,3,1182,99.9692315541618,0,4.28604511008733e-16,6.99964285714288,0,90
436,116.999999999998,4,1182,99.7450332409986,0,9.17808320866253e-16,14.9889473684211,0,90
436,116.999999999998,5,1624.97222222219,0,0,13.2666666666669,0,0,0
436,116.999999999998,6,1775.83693846061,0,0,0.3,0,0,0
436,117.099999999998,1,1594.29581313063,1.40182476379982e-08,0,13.6260619729316,-1.12279694499168e-07,0,-4.72121191918849e-07
436,117.099999999998,2,572,99.8214320987663,0,2.47106509694611e-16,4.03555555555538,0,90
436,117.099999999998,3,1182,99.9692315541618,0,4.28604511008733e-16,6.99964285714288,0,90
436,117.099999999998,4,1182,99.7450332409986,0,9.17808320866253e-16,14.9889473684211,0,90
436,117.099999999998,5,1626.29848888886,0,0,13.2586666666669,0,0,0
436,117.099999999998,6,1775.83693846061,0,0,0.3,0,0,0
436,117.199999999998,1,1595.66010658978,9.69606998061385e-11,0,13.6598072100822,-1.67465235887313e-07,0,-7.02429476780888e-07
436,117.199999999998,2,572,99.8214320987663,0,2.47106509694611e-16,4.03555555555538,0,90
436,117.199999999998,3,1182,99.9692315541618,0,4.28604511008733e-16,6.99964285714288,0,90
436,117.199999999998,4,1182,99.7450332409986,0,9.17808320866253e-16,14.9889473684211,0,90
436,117.199999999998,5,1627.62395555552,0,0,13.2506666666669,0,0,0
436,117.199999999998,6,1775.83693846061,0,0,0.3,0,0,0
436,117.299999999998,1,1597.02471494405,-1.91006248649458e-08,0,13.6320038790314,-2.117017353276e-07,0,-8.8978964923306e-07
436,117.299999999998,2,572,99.8214320987663,0,2.47106509694611e-16,4.03555555555538,0,90
436,117.299999999998,3,1182,99.9692315541618,0,4.28604511008733e-16,6.99964285714288,0,90
436,117.299999999998,4,1182,99.7450332409986,0,9.17808320866253e-16,14.9889473684211,0,90
436,117.299999999998,5,1628.94862222219,0,0,13.2426666666669,0,0,0
436,117.299999999998,6,1775.83693846061,0,0,0.3,0,0,0
436,117.399999999998,1,1598.38650726203,-4.1293052421078e-08,0,13.603842480608,-2.274244079958e-07,0,-9.57851339060661e-07
436,117.399999999998,2,572,99.8214320987663,0,2.47106509694611e-16,4.03555555555538,0,90
436,117.399999999998,3,1182,99.9692315541618,0,4.28604511008733e-16,6.99964285714288,0,90
436,117.399999999998,4,1182,99.7450332409986,0,9.17808320866253e-16,14.9889473684211,0,90
436,117.399999999998,5,1630.27248888886,0,0,13.2346666666669,0,0,0
436,117.399999999998,6,1775.83693846061,0,0,0.3,0,0,0
436,117.499999999998,1,1599.74548344017,-6.36468580243239e-08,0,13.5756810821845,-2.14987567161751e-07,0,-9.07348969939971e-07
436,117.499999999998,2,572,99.8214320987663,0,2.47106509694611e-16,4.03555555555538,0,90
436,117.499999999998,3,1182,99.9692315541618,0,4.28604511008733e-16,6.99964285714288,0,90
436,117.499999999998,4,1182,99.7450332409986,0,9.17808320866253e-16,14.9889473684211,0,90
436,117.499999999998,5,1631.59555555552,0,0,13.2266666666669,0,0,0
436,117.499999999998,6,1775.83693846061,0,0,0.3,0,0,0
436,117.599999999998,1,1601.10164347847,-8.33635414563153e-08,0,13.5475196837611,-1.74739934230369e-07,0,-7.39017988347682e-07
436,117.599999999998,2,572,99.8214320987663,0,2.47106509694611e-16,4.03555555555538,0,90
436,117.599999999998,3,1182,99.9692315541618,0,4.28604511008733e-16,6.99964285714288,0,90
436,117.599999999998,4,1182,99.7450332409986,0,9.17808320866253e-16,14.9889473684211,0,90
436,117.599999999998,5,1632.91782222219,0,0,13.2186666666669,0,0,0
436,117.599999999998,6,1775.83693846061,0,0,0.3,0,0,0
436,117.699999999998,1,1602.45498737693,-9.76793843319348e-08,0,13.5193582853376,-1.07028425085986e-07,0,-4.53592316730731e-07
436,117.699999999998,2,572,99.8214320987663,0,2.47106509694611e-16,4.03555555555538,0,90
436,117.699999999998,3,1182,99.9692315541618,0,4.28604511008733e-16,6.99964285714288,0,90
436,117.699999999998,4,1182,99.7450332409986,0,9.17808320866253e-16,14.9889473684211,0,90
436,117.699999999998,5,1634.23928888886,0,0,13.2106666666669,0,0,0
436,117.699999999998,6,1775.83693846061,0,0,0.3,0,0,0
436,117.799999999998,1,1603.80551513554,-1.03865269734526e-07,0,13.4911968869141,-1.2198153837724e-08,0,-5.18043535063072e-08
436,117.799999999998,2,572,99.8214320987663,0,2.47106509694611e-16,4.03555555555538,0,90
436,117.799999999998,3,1182,99.9692315541618,0,4.28604511008733e-16,6.99964285714288,0,90
436,117.799999999998,4,1182,99.7450332409986,0,9.17808320866253e-16,14.9889473684211,0,90
436,117.799999999998,5,1635.55995555552,0,0,13.2026666666669,0,0,0
436,117.799999999998,6,1775.83693846061,0,0,0.3,0,0,0
436,117.899999999998,1,1605.15322675431,-9.92265022256425e-08,0,13.4630354884907,1.09407563435131e-07,0,4.65615026938149e-07
436,117.899999999998,2,572,99.8214320987663,0,2.47106509694611e-16,4.03555555555538,0,90
436,117.899999999998,3,1182,99.9692315541618,0,4.28604511008733e-16,6.99964285714288,0,90
436,117.899999999998,4,1182,99.7450332409986,0,9.17808320866253e-16,14.9889473684211,0,90
436,117.899999999998,5,1636.87982222219,0,0,13.1946666666669,0,0,0
436,117.899999999998,6,1775.83693846061,0,0,0.3,0,0,0
436,117.999999999998,1,1606.49812223324,-8.11026282293301e-08,0,13.4348740900672,2.57447204937759e-07,0,1.09793647424495e-06
436,117.999999999998,2,572,99.8214320987663,0,2.47106509694611e-16,4.03555555555538,0,90
436,117.999999999998,3,1182,99.9692315541618,0,4.28604511008733e-16,6.99964285714288,0,90
436,117.999999999998,4,1182,99.7450332409986,0,9.17808320866253e-16,14.9889473684211,0,90
436,117.999999999998,5,1638.19888888886,0,0,13.1866666666669,0,0,0
436,117.999999999998,6,1775.83693846061,0,0,0.3,0,0,0
436,118.099999999998,1,1607.84020157232,-4.68672567909517e-08,0,13.4067126916437,4.31581039414434e-07,0,1.84443216208615e-06
436,118.099999999998,2,572,99.8214320987663,0,2.47106509694611e-16,4.03555555555538,0,90
436,118.099999999998,3,1182,99.9692315541618,0,4.28604511008733e-16,6.99964285714288,0,90
436,118.099999999998,4,1182,99.7450332409986,0,9.17808320866253e-16,14.9889473684211,0,90
436,118.099999999998,5,1639.51715555552,0,0,13.1786666666669,0,0,0
436,118.099999999998,6,1775.83693846061,0,0,0.3,0,0,0
436,118.199999999998,1,1609.17947441383,6.07058541266513e-09,0,13.3805239079579,6.30955427938982e-07,0,2.7017688791897e-06
436,118.199999999998,2,572,99.8214320987663,0,2.47106509694611e-16,4.03555555555538,0,90
436,118.199999999998,3,1182,99.9692315541618,0,4.28604511008733e-16,6.99964285714288,0,90
436,118.199999999998,4,1182,99.7450332409986,0,9.17808320866253e-16,14.9889473684211,0,90
436,118.199999999998,5,1640.83462222219,0,0,13.1706666666669,0,0,0
436,118.199999999998,6,1775.83693846061,0,0,0.3,0,0,0
436,118.299999999998,1,1610.51712762816,7.75387023529484e-08,0,13.3725403785486,7.81554706634999e-07,0,3.34863719840423e-06
436,118.299999999998,2,572,99.8214320987663,0,2.47106509694611e-16,4.03555555555538,0,90
436,118.299999999998,3,1182,99.9692315541618,0,4.28604511008733e-16,6.99964285714288,0,90
436,118.299999999998,4,1182,99.7450332409986,0,9.17808320866253e-16,14.9889473684211,0,90
436,118.299999999998,5,1642.15128888886,0,0,13.1626666666669,0,0,0
436,118.299999999998,6,1775.83693846061,0,0,0.3,0,0,0
436,118.399999999998,1,1611.85398248954,1.59017104501922e-07,0,13.3645568491394,8.31221300243862e-07,0,3.56356539786179e-06
436,118.399999999998,2,572,99.8214320987663,0,2.47106509694611e-16,4.03555555555538,0,90
436,118.399999999998,3,1182,99.9692315541618,0,4.28604511008733e-16,6.99964285714288,0,90
436,118.399999999998,4,1182,99.7450332409986,0,9.17808320866253e-16,14.9889473684211,0,90
436,118.399999999998,5,1643.46715555552,0,0,13.1546666666669,0,0,0
436,118.399999999998,6,1775.83693846061,0,0,0.3,0,0,0
436,118.499999999998,1,1613.19003899799,2.40430564814242e-07,0,13.3565733197301,7.80315948284237e-07,0,3.34732640275273e-06
436,118.499999999998,2,572,99.8214320987663,0,2.47106509694611e-16,4.03555555555538,0,90
436,118.499999999998,3,1182,99.9692315541618,0,4.28604511008733e-16,6.99964285714288,0,90
436,118.499999999998,4,1182,99.7450332409986,0,9.17808320866253e-16,14.9889473684211,0,90
436,118.499999999998,5,1644.78222222219,0,0,13.1466666666669,0,0,0
436,118.499999999998,6,1775.83693846061,0,0,0.3,0,0,0
436,118.599999999998,1,1614.52529715349,3.11739903277161e-07,0,13.3485897903209,6.29198851942953e-07,0,2.70069267668621e-06
436,118.599999999998,2,572,99.8214320987663,0,2.47106509694611e-16,4.03555555555538,0,90
436,118.599999999998,3,1182,99.9692315541618,0,4.28604511008733e-16,6.99964285714288,0,90
436,118.599999999998,4,1182,99.7450332409986,0,9.17808320866253e-16,14.9889473684211,0,90
436,118.599999999998,5,1646.09648888886,0,0,13.1386666666669,0,0,0
436,118.599999999998,6,1775.83693846061,0,0,0.3,0,0,0
436,118.699999999998,1,1615.85975695605,3.62941933093421e-07,0,13.3406062609116,3.78229674396581e-07,0,1.62443622169016e-06
436,118.699999999998,2,572,99.8214320987663,0,2.47106509694611e-16,4.03555555555538,0,90
436,118.699999999998,3,1182,99.9692315541618,0,4.28604511008733e-16,6.99964285714288,0,90
436,118.699999999998,4,1182,99.7450332409986,0,9.17808320866253e-16,14.9889473684211,0,90
436,118.699999999998,5,1647.40995555552,0,0,13.1306666666669,0,0,0
436,118.699999999998,6,1775.83693846061,0,0,0.3,0,0,0
436,118.799999999998,1,1617.19341840567,3.84069406896308e-07,0,13.3326227315024,2.77675411330148e-08,0,1.19328578211286e-07
436,118.799999999998,2,572,99.8214320987663,0,2.47106509694611e-16,4.03555555555538,0,90
436,118.799999999998,3,1182,99.9692315541618,0,4.28604511008733e-16,6.99964285714288,0,90
436,118.799999999998,4,1182,99.7450332409986,0,9.17808320866253e-16,14.9889473684211,0,90
436,118.799999999998,5,1648.72262222219,0,0,13.1226666666669,0,0,0
436,118.799999999998,6,1775.83693846061,0,0,0.3,0,0,0
436,118.899999999998,1,1618.52628150235,3.65190962996861e-07,0,13.3246392020931,-4.21828959726947e-07,0,-1.81385917488493e-06
436,118.899999999998,2,572,99.8214320987663,0,2.47106509694611e-16,4.03555555555538,0,90
436,118.899999999998,3,1182,99.9692315541618,0,4.28604511008733e-16,6.99964285714288,0,90
436,118.899999999998,4,1182,99.7450332409986,0,9.17808320866253e-16,14.9889473684211,0,90
436,118.899999999998,5,1650.03448888886,0,0,13.1146666666669,0,0,0
436,118.899999999998,6,1775.83693846061,0,0,0.3,0,0,0
436,118.999999999998,1,1619.85834624609,2.96411071663247e-07,0,13.3166556726838,-9.70201777108017e-07,0,-4.17435642031421e-06
436,118.999999999998,2,572,99.8214320987663,0,2.47106509694611e-16,4.03555555555538,0,90
436,118.999999999998,3,1182,99.9692315541618,0,4.28604511008733e-16,6.99964285714288,0,90
436,118.999999999998,4,1182,99.7450332409986,0,9.17808320866253e-16,14.9889473684211,0,90
436,118.999999999998,5,1651.34555555552,0,0,13.1066666666669,0,0,0
436,118.999999999998,6,1775.83693846061,0,0,0.3,0,0,0
436,119.099999999998,1,1621.18961263689,1.6786998143228e-07,0,13.3086721432745,-1.61699339665885e-06,0,-6.96139300237353e-06
436,119.099999999998,2,572,99.8214320987663,0,2.47106509694611e-16,4.03555555555538,0,90
436,119.099999999998,3,1182,99.9692315541618,0,4.28604511008733e-16,6.99964285714288,0,90
436,119.099999999998,4,1182,99.7450332409986,0,9.17808320866253e-16,14.9889473684211,0,90
436,119.099999999998,5,1652.65582222219,0,0,13.0986666666669,0,0,0
436,119.099999999998,6,1775.83693846061,0,0,0.3,0,0,0
436,119.199999999998,1,1622.52008075443,-3.02386519381994e-08,0,13.3007007821672,-2.35779563263073e-06,0,-1.01567384242822e-05
436,119.199999999998,2,572,99.8214320987663,0,2.47106509694611e-16,4.03555555555538,0,90
436,119.199999999998,3,1182,99.9692315541618,0,4.28604511008733e-16,6.99964285714288,0,90
436,119.199999999998,4,1182,99.7450332409986,0,9.17808320866253e-16,14.9889473684211,0,90
436,119.199999999998,5,1653.96528888886,0,0,13.0906666666669,0,0,0
436,119.199999999998,6,1775.83693846061,0,0,0.3,0,0,0
436,119.299999999997,1,1623.84975630158,-2.96372704606429e-07,0,13.2928101607491,-2.90254039941862e-06,0,-1.25107718188859e-05
436,119.299999999997,2,572,99.8214320987663,0,2.47106509694611e-16,4.03555555555538,0,90
436,119.299999999997,3,1182,99.9692315541618,0,4.28604511008733e-16,6.99964285714288,0,90
436,119.299999999997,4,1182,99.7450332409986,0,9.17808320866253e-16,14.9889473684211,0,90
436,119.299999999997,5,1655.27395555552,0,0,13.0826666666669,0,0,0
436,119.299999999997,6,1775.83693846061,0,0,0.3,0,0,0
436,119.399999999997,1,1625.17864278658,-5.98299867850818e-07,0,13.2849195393311,-3.07387918140014e-06,0,-1.32571599930232e-05
436,119.399999999997,2,572,99.8214320987663,0,2.47106509694611e-16,4.03555555555538,0,90
436,119.399999999997,3,1182,99.9692315541618,0,4.28604511008733e-16,6.99964285714288,0,90
436,119.399999999997,4,1182,99.7450332409986,0,9.17808320866253e-16,14.9889473684211,0,90
436,119.399999999997,5,1656.58182222219,0,0,13.0746666666669,0,0,0
436,119.399999999997,6,1775.83693846061,0,0,0.3,0,0,0
436,119.499999999997,1,1626.50674020944,-8.98745911533345e-07,0,13.2770289179132,-2.87313901715416e-06,0,-1.23987633570034e-05
436,119.499999999997,2,572,99.8214320987663,0,2.47106509694611e-16,4.03555555555538,0,90
436,119.499999999997,3,1182,99.9692315541618,0,4.28604511008733e-16,6.99964285714288,0,90
436,119.499999999997,4,1182,99.7450332409986,0,9.17808320866253e-16,14.9889473684211,0,90
436,119.499999999997,5,1657.88888888886,0,0,13.0666666666669,0,0,0
436,119.499999999997,6,1775.83693846061,0,0,0.3,0,0,0
436,119.599999999997,1,1627.83404857016,-1.16056921091136e-06,0,13.2691382964953,-2.30164497620408e-06,0,-9.93844062269008e-06
436,119.599999999997,2,572,99.8214320987663,0,2.47106509694611e-16,4.03555555555538,0,90
436,119.599999999997,3,1182,99.9692315541618,0,4.28604511008733e-16,6.99964285714288,0,90
436,119.599999999997,4,1182,99.7450332409986,0,9.17808320866253e-16,14.9889473684211,0,90
436,119.599999999997,5,1659.19515555552,0,0,13.0586666666669,0,0,0
436,119.599999999997,6,1775.83693846061,0,0,0.3,0,0,0
436,119.699999999997,1,1629.16056786874,-1.34676054979049e-06,0,13.2612476750774,-1.36072016018731e-06,0,-5.87904880350126e-06
436,119.699999999997,2,572,99.8214320987663,0,2.47106509694611e-16,4.03555555555538,0,90
436,119.699999999997,3,1182,99.9692315541618,0,4.28604511008733e-16,6.99964285714288,0,90
436,119.699999999997,4,1182,99.7450332409986,0,9.17808320866253e-16,14.9889473684211,0,90
436,119.699999999997,5,1660.50062222219,0,0,13.0506666666669,0,0,0
436,119.699999999997,6,1775.83693846061,0,0,0.3,0,0,0
436,119.799999999997,1,1630.48629810518,-1.42044292379455e-06,0,13.2533570536595,-5.16857040247993e-08,0,-2.23443214409261e-07
436,119.799999999997,2,572,99.8214320987663,0,2.47106509694611e-16,4.03555555555538,0,90
436,119.799999999997,3,1182,99.9692315541618,0,4.28604511008733e-16,6.99964285714288,0,90
436,119.799999999997,4,1182,99.7450332409986,0,9.17808320866253e-16,14.9889473684211,0,90
436,119.799999999997,5,1661.80528888886,0,0,13.0426666666669,0,0,0
436,119.799999999997,6,1775.83693846061,0,0,0.3,0,0,0
436,119.899999999997,1,1631.81123927947,-1.34487134375237e-06,0,13.2454664322414,1.62413922290939e-06,0,7.02552252805924e-06
436,119.899999999997,2,572,99.8214320987663,0,2.47106509694611e-16,4.03555555555538,0,90
436,119.899999999997,3,1182,99.9692315541618,0,4.28604511008733e-16,6.99964285714288,0,90
436,119.899999999997,4,1182,99.7450332409986,0,9.17808320866253e-16,14.9889473684211,0,90
436,119.899999999997,5,1663.10915555552,0,0,13.0346666666669,0,0,0
436,119.899999999997,6,1775.83693846061,0,0,0.3,0,0,0
436,119.999999999997,1,1633.13539139163,-1.08343263920154e-06,0,13.237575810823,3.66543741561855e-06,0,1.58649965058232e-05
436,119.999999999997,2,572,99.8214320987663,0,2.47106509694611e-16,4.03555555555538,0,90
436,119.999999999997,3,1182,99.9692315541618,0,4.28604511008733e-16,6.99964285714288,0,90
436,119.999999999997,4,1182,99.7450332409986,0,9.17808320866253e-16,14.9889473684211,0,90
436,119.999999999997,5,1664.41222222219,0,0,13.0266666666669,0,0,0
436,119.999999999997,6,1775.83693846061,0,0,0.3,0,0,0
436,120.099999999997,1,1634.45875444164,-5.99645262009203e-07,0,13.2296851894041,6.07089363231382e-06,0,2.62921284992474e-05
436,120.099999999997,2,572,99.8214320987663,0,2.47106509694611e-16,4.03555555555538,0,90
436,120.099999999997,3,1182,99.9692315541618,0,4.28604511008733e-16,6.99964285714288,0,90
436,120.099999999997,4,1182,99.7450332409986,0,9.17808320866253e-16,14.9889473684211,0,90
436,120.099999999997,5,1665.71448888886,0,0,13.0186666666669,0,0,0
436,120.099999999997,6,1775.83693846061,0,0,0.3,0,0,0
436,120.199999999997,1,1635.78132856915,1.42707255054887e-07,0,13.221811374391,8.81506142491806e-06,0,3.81994419293075e-05
436,120.199999999997,2,572,99.8214320987663,0,2.47106509694611e-16,4.03555555555538,0,90
436,120.199999999997,3,1182,99.9692315541618,0,4.28604511008733e-16,6.99964285714288,0,90
436,120.199999999997,4,1182,99.7450332409986,0,9.17808320866253e-16,14.9889473684211,0,90
436,120.199999999997,5,1667.01595555552,0,0,13.0106666666669,0,0,0
436,120.199999999997,6,1775.83693846061,0,0,0.3,0,0,0
436,120.299999999997,1,1637.10312023235,1.13406632248647e-06,0,13.2140218897359,1.07814547203865e-05,0,4.67482086562335e-05
436,120.299999999997,2,572,99.8214320987663,0,2.47106509694611e-16,4.03555555555538,0,90
436,120.299999999997,3,1182,99.9692315541618,0,4.28604511008733e-16,6.99964285714288,0,90
436,120.299999999997,4,1182,99.7450332409986,0,9.17808320866253e-16,14.9889473684211,0,90
436,120.299999999997,5,1668.31662222219,0,0,13.0026666666669,0,0,0
436,120.299999999997,6,1775.83693846061,0,0,0.3,0,0,0
436,120.399999999997,1,1638.42413294709,2.25294651163007e-06,0,13.2062324050817,1.13662971511483e-05,0,4.93131451481658e-05
436,120.399999999997,2,572,99.8214320987663,0,2.47106509694611e-16,4.03555555555538,0,90
436,120.399999999997,3,1182,99.9692315541618,0,4.28604511008733e-16,6.99964285714288,0,90
436,120.399999999997,4,1182,99.7450332409986,0,9.17808320866253e-16,14.9889473684211,0,90
436,120.399999999997,5,1669.61648888886,0,0,12.9946666666669,0,0,0
436,120.399999999997,6,1775.83693846061,0,0,0.3,0,0,0
436,120.499999999997,1,1639.74436671337,3.36143660380983e-06,0,13.1984429204287,1.05744648752196e-05,0,4.59048246533316e-05
436,120.499999999997,2,572,99.8214320987663,0,2.47106509694611e-16,4.03555555555538,0,90
436,120.499999999997,3,1182,99.9692315541618,0,4.28604511008733e-16,6.99964285714288,0,90
436,120.499999999997,4,1182,99.7450332409986,0,9.17808320866253e-16,14.9889473684211,0,90
436,120.499999999997,5,1670.91555555552,0,0,12.9866666666669,0,0,0
436,120.499999999997,6,1775.83693846061,0,0,0.3,0,0,0
436,120.599999999997,1,1641.06382153118,4.32211263685819e-06,0,13.1906534357766,8.41082686545618e-06,0,3.65338141853356e-05
436,120.599999999997,2,572,99.8214320987663,0,2.47106509694611e-16,4.03555555555538,0,90
436,120.599999999997,3,1182,99.9692315541618,0,4.28604511008733e-16,6.99964285714288,0,90
436,120.599999999997,4,1182,99.7450332409986,0,9.17808320866253e-16,14.9889473684211,0,90
436,120.599999999997,5,1672.21382222219,0,0,12.9786666666669,0,0,0
436,120.599999999997,6,1775.83693846061,0,0,0.3,0,0,0
436,120.699999999997,1,1642.38249740052,4.99803718681168e-06,0,13.1828639511247,4.88024491379119e-06,0,2.12106745231603e-05
436,120.699999999997,2,572,99.8214320987663,0,2.47106509694611e-16,4.03555555555538,0,90
436,120.699999999997,3,1182,99.9692315541618,0,4.28604511008733e-16,6.99964285714288,0,90
436,120.699999999997,4,1182,99.7450332409986,0,9.17808320866253e-16,14.9889473684211,0,90
436,120.699999999997,5,1673.51128888886,0,0,12.9706666666669,0,0,0
436,120.699999999997,6,1775.83693846061,0,0,0.3,0,0,0
436,120.799999999997,1,1643.7003943214,5.25275865003067e-06,0,13.1750744664719,-1.24263645262571e-08,0,-5.4039788834398e-08
436,120.799999999997,2,572,99.8214320987663,0,2.47106509694611e-16,4.03555555555538,0,90
436,120.799999999997,3,1182,99.9692315541618,0,4.28604511008733e-16,6.99964285714288,0,90
436,120.799999999997,4,1182,99.7450332409986,0,9.17808320866253e-16,14.9889473684211,0,90
436,120.799999999997,5,1674.80795555552,0,0,12.9626666666669,0,0,0
436,120.799999999997,6,1775.83693846061,0,0,0.3,0,0,0
436,120.899999999997,1,1645.01751229382,4.95031052574281e-06,0,13.1672849818168,-6.26233952669257e-06,0,-2.72497804409109e-05
436,120.899999999997,2,572,99.8214320987663,0,2.47106509694611e-16,4.03555555555538,0,90
436,120.899999999997,3,1182,99.9692315541618,0,4.28604511008733e-16,6.99964285714288,0,90
436,120.899999999997,4,1182,99.7450332409986,0,9.17808320866253e-16,14.9889473684211,0,90
436,120.899999999997,5,1676.10382222219,0,0,12.9546666666669,0,0,0
436,120.899999999997,6,1775.83693846061,0,0,0.3,0,0,0
436,120.999999999997,1,1646.33385131777,3.95521069901047e-06,0,13.1594954971573,-1.38646542981108e-05,0,-6.03660053579541e-05
436,120.999999999997,2,572,99.8214320987663,0,2.47106509694611e-16,4.03555555555538,0,90
436,120.999999999997,3,1182,99.9692315541618,0,4.28604511008733e-16,6.99964285714288,0,90
436,120.999999999997,4,1182,99.7450332409986,0,9.17808320866253e-16,14.9889473684211,0,90
436,120.999999999997,5,1677.39888888886,0,0,12.9466666666669,0,0,0
436,120.999999999997,6,1775.83693846061,0,0,0.3,0,0,0
436,121.099999999997,1,1647.64941139325,2.13246072412199e-06,0,13.1517060124911,-2.28145375681515e-05,0,-9.93921786994713e-05
436,121.099999999997,2,572,99.8214320987663,0,2.47106509694611e-16,4.03555555555538,0,90
436,121.099999999997,3,1182,99.9692315541618,0,4.28604511008733e-16,6.99964285714288,0,90
436,121.099999999997,4,1182,99.7450332409986,0,9.17808320866253e-16,14.9889473684211,0,90
436,121.099999999997,5,1678.69315555552,0,0,12.9386666666669,0,0,0
436,121.099999999997,6,1775.83693846061,0,0,0.3,0,0,0
436,121.199999999997,1,1648.96419099351,-6.51536815996652e-07,0,13.1437667721277,-3.29722705693549e-05,0,-0.000143731395827079
436,121.199999999997,2,572,99.8214320987663,0,2.47106509694611e-16,4.03555555555538,0,90
436,121.199999999997,3,1182,99.9692315541618,0,4.28604511008733e-16,6.99964285714288,0,90
436,121.199999999997,4,1182,99.7450332409986,0,9.17808320866253e-16,14.9889473684211,0,90
436,121.199999999997,5,1679.98662222219,0,0,12.9306666666669,0,0,0
436,121.199999999997,6,1775.83693846061,0,0,0.3,0,0,0
436,121.299999999997,1,1650.2781414736,-4.3453896651532e-06,0,13.1352428296904,-4.00512938462414e-05,0,-0.000174703287268797
436,121.299999999997,2,572,99.8214320987663,0,2.47106509694611e-16,4.03555555555538,0,90
436,121.299999999997,3,1182,99.9692315541618,0,4.28604511008733e-16,6.99964285714288,0,90
436,121.299999999997,4,1182,99.7450332409986,0,9.17808320866253e-16,14.9889473684211,0,90
436,121.299999999997,5,1681.27928888886,0,0,12.9226666666669,0,0,0
436,121.299999999997,6,1775.83693846061,0,0,0.3,0,0,0
436,121.399999999997,1,1651.59123955945,-8.49142837312369e-06,0,13.1267188872667,-4.20192996851942e-05,0,-0.00018340672568102
436,121.399999999997,2,572,99.8214320987663,0,2.47106509694611e-16,4.03555555555538,0,90
436,121.399999999997,3,1182,99.9692315541618,0,4.28604511008733e-16,6.99964285714288,0,90
436,121.399999999997,4,1182,99.7450332409986,0,9.17808320866253e-16,14.9889473684211,0,90
436,121.399999999997,5,1682.57115555552,0,0,12.9146666666669,0,0,0
436,121.399999999997,6,1775.83693846061,0,0,0.3,0,0,0
436,121.499999999997,1,1652.90348525105,-1.25795442409325e-05,0,13.1181949448587,-3.8896143612763e-05,0,-0.000169885024403677
436,121.499999999997,2,572,99.8214320987663,0,2.47106509694611e-16,4.03555555555538,0,90
436,121.499999999997,3,1182,99.9692315541618,0,4.28604511008733e-16,6.99964285714288,0,90
436,121.499999999997,4,1182,99.7450332409986,0,9.17808320866253e-16,14.9889473684211,0,90
436,121.499999999997,5,1683.86222222219,0,0,12.9066666666669,0,0,0
436,121.499999999997,6,1775.83693846061,0,0,0.3,0,0,0
436,121.599999999997,1,1654.21487854842,-1.61016125116661e-05,0,13.1096710024629,-3.07016489471243e-05,0,-0.000134181468659953
436,121.599999999997,2,572,99.8214320987663,0,2.47106509694611e-16,4.03555555555538,0,90
436,121.599999999997,3,1182,99.9692315541618,0,4.28604511008733e-16,6.99964285714288,0,90
436,121.599999999997,4,1182,99.7450332409986,0,9.17808320866253e-16,14.9889473684211,0,90
436,121.599999999997,5,1685.15248888885,0,0,12.8986666666669,0,0,0
436,121.599999999997,6,1775.83693846061,0,0,0.3,0,0,0
436,121.699999999997,1,1655.52541945155,-1.85514891506815e-05,0,13.1011470600697,-1.7455606819002e-05,0,-7.63393155562884e-05
436,121.699999999997,2,572,99.8214320987663,0,2.47106509694611e-16,4.03555555555538,0,90
436,121.699999999997,3,1182,99.9692315541618,0,4.28604511008733e-16,6.99964285714288,0,90
436,121.699999999997,4,1182,99.7450332409986,0,9.17808320866253e-16,14.9889473684211,0,90
436,121.699999999997,5,1686.44195555552,0,0,12.8906666666669,0,0,0
436,121.699999999997,6,1775.83693846061,0,0,0.3,0,0,0
436,121.799999999997,1,1656.83510796043,-1.94250076279077e-05,0,13.0926231176638,8.2222380739843e-07,0,3.59820591761704e-06
436,121.799999999997,2,572,99.8214320987663,0,2.47106509694611e-16,4.03555555555538,0,90
436,121.799999999997,3,1182,99.9692315541618,0,4.28604511008733e-16,6.99964285714288,0,90
436,121.799999999997,4,1182,99.7450332409986,0,9.17808320866253e-16,14.9889473684211,0,90
436,121.799999999997,5,1687.73062222219,0,0,12.8826666666669,0,0,0
436,121.799999999997,6,1775.83693846061,0,0,0.3,0,0,0
436,121.899999999997,1,1658.14394407508,-1.82199757022409e-05,0,13.084099175224,2.41121161134464e-05,0,0.000105587894888808
436,121.899999999997,2,572,99.8214320987663,0,2.47106509694611e-16,4.03555555555538,0,90
436,121.899999999997,3,1182,99.9692315541618,0,4.28604511008733e-16,6.99964285714288,0,90
436,121.899999999997,4,1182,99.7450332409986,0,9.17808320866253e-16,14.9889473684211,0,90
436,121.899999999997,5,1689.01848888885,0,0,12.8746666666669,0,0,0
436,121.899999999997,6,1775.83693846061,0,0,0.3,0,0,0
436,121.999999999997,1,1659.45192779548,-1.44361722080349e-05,0,13.0755752327238,5.23943754051309e-05,0,0.000229586578601073
436,121.999999999997,2,572,99.8214320987663,0,2.47106509694611e-16,4.03555555555538,0,90
436,121.999999999997,3,1182,99.9692315541618,0,4.28604511008733e-16,6.99964285714288,0,90
436,121.999999999997,4,1182,99.7450332409986,0,9.17808320866253e-16,14.9889473684211,0,90
436,121.999999999997,5,1690.30555555552,0,0,12.8666666666669,0,0,0
436,121.999999999997,6,1775.83693846061,0,0,0.3,0,0,0
436,122.099999999997,1,1660.75905912162,-7.5753438436868e-06,0,13.0670512901305,8.56493390920947e-05,0,0.000375551112414941
436,122.099999999997,2,572,99.8214320987663,0,2.47106509694611e-16,4.03555555555538,0,90
436,122.099999999997,3,1182,99.9692315541618,0,4.28604511008733e-16,6.99964285714288,0,90
436,122.099999999997,4,1182,99.7450332409986,0,9.17808320866253e-16,14.9889473684211,0,90
436,122.099999999997,5,1691.59182222219,0,0,12.8586666666669,0,0,0
436,122.099999999997,6,1775.83693846061,0,0,0.3,0,0,0
436,122.199999999997,1,1662.06534027663,2.85329721469229e-06,0,13.0587124576958,0.000123169575034747,0,0.0005404129110403
436,122.199999999997,2,572,99.8214320987663,0,2.47106509694611e-16,4.03555555555538,0,90
436,122.199999999997,3,1182,99.9692315541618,0,4.28604511008733e-16,6.99964285714288,0,90
436,122.199999999997,4,1182,99.7450332409986,0,9.17808320866253e-16,14.9889473684211,0,90
436,122.199999999997,5,1692.87728888885,0,0,12.8506666666669,0,0,0
436,122.199999999997,6,1775.83693846061,0,0,0.3,0,0,0
436,122.299999999997,1,1663.37082385847,1.66019279969593e-05,0,13.0509591790894,0.000148650013625321,0,0.000652597122406986
436,122.299999999997,2,572,99.8214320987663,0,2.47106509694611e-16,4.03555555555538,0,90
436,122.299999999997,3,1182,99.9692315541618,0,4.28604511008733e-16,6.99964285714288,0,90
436,122.299999999997,4,1182,99.7450332409986,0,9.17808320866253e-16,14.9889473684211,0,90
436,122.299999999997,5,1694.16195555552,0,0,12.8426666666669,0,0,0
436,122.299999999997,6,1775.83693846061,0,0,0.3,0,0,0
436,122.399999999997,1,1664.67553211246,3.19538153408329e-05,0,13.0432059006713,0.000155245910920841,0,0.000681959293577531
436,122.399999999997,2,572,99.8214320987663,0,2.47106509694611e-16,4.03555555555538,0,90
436,122.399999999997,3,1182,99.9692315541618,0,4.28604511008733e-16,6.99964285714288,0,90
436,122.399999999997,4,1182,99.7450332409986,0,9.17808320866253e-16,14.9889473684211,0,90
436,122.399999999997,5,1695.44582222219,0,0,12.8346666666669,0,0,0
436,122.399999999997,6,1775.83693846061,0,0,0.3,0,0,0
436,122.499999999997,1,1665.97946503861,4.70238648495934e-05,0,13.0354526224698,0.000143024444944965,0,0.000628646913885695
436,122.499999999997,2,572,99.8214320987663,0,2.47106509694611e-16,4.03555555555538,0,90
436,122.499999999997,3,1182,99.9692315541618,0,4.28604511008733e-16,6.99964285714288,0,90
436,122.499999999997,4,1182,99.7450332409986,0,9.17808320866253e-16,14.9889473684211,0,90
436,122.499999999997,5,1696.72888888885,0,0,12.8266666666669,0,0,0
436,122.499999999997,6,1775.83693846061,0,0,0.3,0,0,0
436,122.599999999997,1,1667.28262263696,5.99336949402584e-05,0,13.0276993444318,0.000112052693958679,0,0.000492807385019144
436,122.599999999997,2,572,99.8214320987663,0,2.47106509694611e-16,4.03555555555538,0,90
436,122.599999999997,3,1182,99.9692315541618,0,4.28604511008733e-16,6.99964285714288,0,90
436,122.599999999997,4,1182,99.7450332409986,0,9.17808320866253e-16,14.9889473684211,0,90
436,122.599999999997,5,1698.01115555552,0,0,12.8186666666669,0,0,0
436,122.599999999997,6,1775.83693846061,0,0,0.3,0,0,0
436,122.699999999997,1,1668.5850049075,6.88116268702953e-05,0,13.0199460664235,6.23976365199851e-05,0,0.000274588021019446
436,122.699999999997,2,572,99.8214320987663,0,2.47106509694611e-16,4.03555555555538,0,90
436,122.699999999997,3,1182,99.9692315541618,0,4.28604511008733e-16,6.99964285714288,0,90
436,122.699999999997,4,1182,99.7450332409986,0,9.17808320866253e-16,14.9889473684211,0,90
436,122.699999999997,5,1699.29262222219,0,0,12.8106666666669,0,0,0
436,122.699999999997,6,1775.83693846061,0,0,0.3,0,0,0
436,122.799999999997,1,1669.88661185023,7.17926747703303e-05,0,13.0121927882309,-5.87384845584168e-06,0,-2.58639517179253e-05
436,122.799999999997,2,572,99.8214320987663,0,2.47106509694611e-16,4.03555555555538,0,90
436,122.799999999997,3,1182,99.9692315541618,0,4.28604511008733e-16,6.99964285714288,0,90
436,122.799999999997,4,1182,99.7450332409986,0,9.17808320866253e-16,14.9889473684211,0,90
436,122.799999999997,5,1700.57328888885,0,0,12.8026666666669,0,0,0
436,122.799999999997,6,1775.83693846061,0,0,0.3,0,0,0
436,122.899999999997,1,1671.18744346513,6.70185356829138e-05,0,13.0044395095612,-9.26949816354178e-05,0,-0.000408401394443595
436,122.899999999997,2,572,99.8214320987663,0,2.47106509694611e-16,4.03555555555538,0,90
436,122.899999999997,3,1182,99.9692315541618,0,4.28604511008733e-16,6.99964285714288,0,90
436,122.899999999997,4,1182,99.7450332409986,0,9.17808320866253e-16,14.9889473684211,0,90
436,122.899999999997,5,1701.85315555552,0,0,12.7946666666669,0,0,0
436,122.899999999997,6,1775.83693846061,0,0,0.3,0,0,0
436,122.999999999997,1,1672.48749975212,5.26375796073951e-05,0,12.9966862300426,-0.000197999083205866,0,-0.000872877256054285
436,122.999999999997,2,572,99.8214320987663,0,2.47106509694611e-16,4.03555555555538,0,90
436,122.999999999997,3,1182,99.9692315541618,0,4.28604511008733e-16,6.99964285714288,0,90
436,122.999999999997,4,1182,99.7450332409986,0,9.17808320866253e-16,14.9889473684211,0,90
436,122.999999999997,5,1703.13222222219,0,0,12.7866666666669,0,0,0
436,122.999999999997,6,1775.83693846061,0,0,0.3,0,0,0
436,123.099999999997,1,1673.78678071109,2.68048395509643e-05,0,12.9889329492258,-0.000321719572812878,0,-0.00141914457309281
436,123.099999999997,2,572,99.8214320987663,0,2.47106509694611e-16,4.03555555555538,0,90
436,123.099999999997,3,1182,99.9692315541618,0,4.28604511008733e-16,6.99964285714288,0,90
436,123.099999999997,4,1182,99.7450332409986,0,9.17808320866253e-16,14.9889473684211,0,90
436,123.099999999997,5,1704.41048888885,0,0,12.7786666666669,0,0,0
436,123.099999999997,6,1775.83693846061,0,0,0.3,0,0,0
436,123.199999999997,1,1675.08528348168,-1.22862001323724e-05,0,12.9809739380879,-0.000460362866950428,0,-0.00203196227305802
436,123.199999999997,2,572,99.8214320987663,0,2.47106509694611e-16,4.03555555555538,0,90
436,123.199999999997,3,1182,99.9692315541618,0,4.28604511008733e-16,6.99964285714288,0,90
436,123.199999999997,4,1182,99.7450332409986,0,9.17808320866253e-16,14.9889473684211,0,90
436,123.199999999997,5,1705.68795555552,0,0,12.7706666666669,0,0,0
436,123.199999999997,6,1775.83693846061,0,0,0.3,0,0,0
436,123.299999999997,1,1676.38295621753,-6.34848376718455e-05,0,12.9724807792235,-0.000551944122150962,0,-0.00243778111877176
436,123.299999999997,2,572,99.8214320987663,0,2.47106509694611e-16,4.03555555555538,0,90
436,123.299999999997,3,1182,99.9692315541618,0,4.28604511008733e-16,6.99964285714288,0,90
436,123.299999999997,4,1182,99.7450332409986,0,9.17808320866253e-16,14.9889473684211,0,90
436,123.299999999997,5,1706.96462222219,0,0,12.7626666666669,0,0,0
436,123.299999999997,6,1775.83693846061,0,0,0.3,0,0,0
436,123.399999999997,1,1677.67977963761,-0.000120346441223977,0,12.9639876229869,-0.000573667862244911,0,-0.0025353886692387
436,123.399999999997,2,572,99.8214320987663,0,2.47106509694611e-16,4.03555555555538,0,90
436,123.399999999997,3,1182,99.9692315541618,0,4.28604511008733e-16,6.99964285714288,0,90
436,123.399999999997,4,1182,99.7450332409986,0,9.17808320866253e-16,14.9889473684211,0,90
436,123.399999999997,5,1708.24048888885,0,0,12.7546666666669,0,0,0
436,123.399999999997,6,1775.83693846061,0,0,0.3,0,0,0
436,123.499999999997,1,1678.97575374223,-0.000175898954317322,0,12.9554944697237,-0.000525807913294226,0,-0.0023253897657247
436,123.499999999997,2,572,99.8214320987663,0,2.47106509694611e-16,4.03555555555538,0,90
436,123.499999999997,3,1182,99.9692315541618,0,4.28604511008733e-16,6.99964285714288,0,90
436,123.499999999997,4,1182,99.7450332409986,0,9.17808320866253e-16,14.9889473684211,0,90
436,123.499999999997,5,1709.51555555552,0,0,12.7466666666669,0,0,0
436,123.499999999997,6,1775.83693846061,0,0,0.3,0,0,0
436,123.599999999997,1,1680.27087853163,-0.000223197680674829,0,12.9470013186592,-0.000408637653174745,0,-0.00180838885337301
436,123.599999999997,2,572,99.8214320987663,0,2.47106509694611e-16,4.03555555555538,0,90
436,123.599999999997,3,1182,99.9692315541618,0,4.28604511008733e-16,6.99964285714288,0,90
436,123.599999999997,4,1182,99.7450332409986,0,9.17808320866253e-16,14.9889473684211,0,90
436,123.599999999997,5,1710.78982222219,0,0,12.7386666666669,0,0,0
436,123.599999999997,6,1775.83693846061,0,0,0.3,0,0,0
436,123.699999999997,1,1681.56515400597,-0.000255325239410702,0,12.9385081679103,-0.000222430011890607,0,-0.00098498998120425
436,123.699999999997,2,572,99.8214320987663,0,2.47106509694611e-16,4.03555555555538,0,90
436,123.699999999997,3,1182,99.9692315541618,0,4.28604511008733e-16,6.99964285714288,0,90
436,123.699999999997,4,1182,99.7450332409986,0,9.17808320866253e-16,14.9889473684211,0,90
436,123.699999999997,5,1712.06328888885,0,0,12.7306666666669,0,0,0
436,123.699999999997,6,1775.83693846061,0,0,0.3,0,0,0
436,123.799999999997,1,1682.85858016513,-0.00026539152026018,0,12.9300150144955,3.2542528081858e-05,0,0.000144203197883544
436,123.799999999997,2,572,99.8214320987663,0,2.47106509694611e-16,4.03555555555538,0,90
436,123.799999999997,3,1182,99.9692315541618,0,4.28604511008733e-16,6.99964285714288,0,90
436,123.799999999997,4,1182,99.7450332409986,0,9.17808320866253e-16,14.9889473684211,0,90
436,123.799999999997,5,1713.33595555552,0,0,12.7226666666669,0,0,0
436,123.799999999997,6,1775.83693846061,0,0,0.3,0,0,0
436,123.899999999997,1,1684.15115700865,-0.000246533638845161,0,12.9215218543464,0.000356007931421306,0,0.00157858742711496
436,123.899999999997,2,572,99.8214320987663,0,2.47106509694611e-16,4.03555555555538,0,90
436,123.899999999997,3,1182,99.9692315541618,0,4.28604511008733e-16,6.99964285714288,0,90
436,123.899999999997,4,1182,99.7450332409986,0,9.17808320866253e-16,14.9889473684211,0,90
436,123.899999999997,5,1714.60782222219,0,0,12.7146666666669,0,0,0
436,123.899999999997,6,1775.83693846061,0,0,0.3,0,0,0
436,123.999999999997,1,1685.4428845356,-0.000191915891978529,0,12.9130286823183,0.000747694609560163,0,0.0033175598458372
436,123.999999999997,2,572,99.8214320987663,0,2.47106509694611e-16,4.03555555555538,0,90
436,123.999999999997,3,1182,99.9692315541618,0,4.28604511008733e-16,6.99964285714288,0,90
436,123.999999999997,4,1182,99.7450332409986,0,9.17808320866253e-16,14.9889473684211,0,90
436,123.999999999997,5,1715.87888888885,0,0,12.7066666666669,0,0,0
436,123.999999999997,6,1775.83693846061,0,0,0.3,0,0,0
436,124.099999999997,1,1686.73376274451,-9.47297130099991e-05,0,12.904535492201,0.00120733142025555,0,0.00536051798952007
436,124.099999999997,2,572,99.8214320987663,0,2.47106509694611e-16,4.03555555555538,0,90
436,124.099999999997,3,1182,99.9692315541618,0,4.28604511008733e-16,6.99964285714288,0,90
436,124.099999999997,4,1182,99.7450332409986,0,9.17808320866253e-16,14.9889473684211,0,90
436,124.099999999997,5,1717.14915555552,0,0,12.6986666666669,0,0,0
436,124.099999999997,6,1775.83693846061,0,0,0.3,0,0,0
436,124.199999999997,1,1688.02379535137,5.16375230756019e-05,0,12.896278767949,0.00171852562976645,0,0.00763509123519907
436,124.199999999997,2,572,99.8214320987663,0,2.47106509694611e-16,4.03555555555538,0,90
436,124.199999999997,3,1182,99.9692315541618,0,4.28604511008733e-16,6.99964285714288,0,90
436,124.199999999997,4,1182,99.7450332409986,0,9.17808320866253e-16,14.9889473684211,0,90
436,124.199999999997,5,1718.41862222219,0,0,12.6906666666669,0,0,0
436,124.199999999997,6,1775.83693846061,0,0,0.3,0,0,0
436,124.299999999997,1,1689.31303617187,0.000242099486622031,0,12.8885376471405,0.00204762041116396,0,0.00910266236786833
436,124.299999999997,2,572,99.8214320987663,0,2.47106509694611e-16,4.03555555555538,0,90
436,124.299999999997,3,1182,99.9692315541618,0,4.28604511008733e-16,6.99964285714288,0,90
436,124.299999999997,4,1182,99.7450332409986,0,9.17808320866253e-16,14.9889473684211,0,90
436,124.299999999997,5,1719.68728888885,0,0,12.6826666666669,0,0,0
436,124.299999999997,6,1775.83693846061,0,0,0.3,0,0,0
436,124.399999999997,1,1690.60150288203,0.000452558447456497,0,12.8807965629029,0.00211862041045079,0,0.00942395186677008
436,124.399999999997,2,572,99.8214320987663,0,2.47106509694611e-16,4.03555555555538,0,90
436,124.399999999997,3,1182,99.9692315541618,0,4.28604511008733e-16,6.99964285714288,0,90
436,124.399999999997,4,1182,99.7450332409986,0,9.17808320866253e-16,14.9889473684211,0,90
436,124.399999999997,5,1720.95515555552,0,0,12.6746666666669,0,0,0
436,124.399999999997,6,1775.83693846061,0,0,0.3,0,0,0
436,124.499999999997,1,1691.88919548583,0.000657251354568236,0,12.8730555194333,0.00193245393887946,0,0.0086010235722499
436,124.499999999997,2,572,99.8214320987663,0,2.47106509694611e-16,4.03555555555538,0,90
436,124.499999999997,3,1182,99.9692315541618,0,4.28604511008733e-16,6.99964285714288,0,90
436,124.499999999997,4,1182,99.7450332409986,0,9.17808320866253e-16,14.9889473684211,0,90
436,124.499999999997,5,1722.22222222219,0,0,12.6666666666669,0,0,0
436,124.499999999997,6,1775.83693846061,0,0,0.3,0,0,0
436,124.599999999997,1,1693.17611398692,0.00083050791826047,0,12.8653145055341,0.00149004791167621,0,0.00663594008470377
436,124.599999999997,2,572,99.8214320987663,0,2.47106509694611e-16,4.03555555555538,0,90
436,124.599999999997,3,1182,99.9692315541618,0,4.28604511008733e-16,6.99964285714288,0,90
436,124.599999999997,4,1182,99.7450332409986,0,9.17808320866253e-16,14.9889473684211,0,90
436,124.599999999997,5,1723.48848888885,0,0,12.6586666666669,0,0,0
436,124.599999999997,6,1775.83693846061,0,0,0.3,0,0,0
436,124.699999999997,1,1694.46225838706,0.00094675047063294,0,12.8575734947515,0.000792327849997982,0,0.00353076276457807
436,124.699999999997,2,572,99.8214320987663,0,2.47106509694611e-16,4.03555555555538,0,90
436,124.699999999997,3,1182,99.9692315541618,0,4.28604511008733e-16,6.99964285714288,0,90
436,124.699999999997,4,1182,99.7450332409986,0,9.17808320866253e-16,14.9889473684211,0,90
436,124.699999999997,5,1724.75395555552,0,0,12.6506666666669,0,0,0
436,124.699999999997,6,1775.83693846061,0,0,0.3,0,0,0
436,124.799999999997,1,1695.74762868461,0.000980493826335833,0,12.8498324455136,-0.000159782115601181,0,-0.000712448267630416
436,124.799999999997,2,572,99.8214320987663,0,2.47106509694611e-16,4.03555555555538,0,90
436,124.799999999997,3,1182,99.9692315541618,0,4.28604511008733e-16,6.99964285714288,0,90
436,124.799999999997,4,1182,99.7450332409986,0,9.17808320866253e-16,14.9889473684211,0,90
436,124.799999999997,5,1726.01862222219,0,0,12.6426666666669,0,0,0
436,124.799999999997,6,1775.83693846061,0,0,0.3,0,0,0
436,124.899999999997,1,1697.03222487301,0.000906345143744736,0,12.8420913012676,-0.00136535924021993,0,-0.00609163413137452
436,124.899999999997,2,572,99.8214320987663,0,2.47106509694611e-16,4.03555555555538,0,90
436,124.899999999997,3,1182,99.9692315541618,0,4.28604511008733e-16,6.99964285714288,0,90
436,124.899999999997,4,1182,99.7450332409986,0,9.17808320866253e-16,14.9889473684211,0,90
436,124.899999999997,5,1727.28248888885,0,0,12.6346666666669,0,0,0
436,124.899999999997,6,1775.83693846061,0,0,0.3,0,0,0
436,124.999999999997,1,1698.31604693933,0.000699003786703753,0,12.8343499906171,-0.002823482158201,0,-0.0126047371860567
436,124.999999999997,2,572,99.8214320987663,0,2.47106509694611e-16,4.03555555555538,0,90
436,124.999999999997,3,1182,99.9692315541618,0,4.28604511008733e-16,6.99964285714288,0,90
436,124.999999999997,4,1182,99.7450332409986,0,9.17808320866253e-16,14.9889473684211,0,90
436,124.999999999997,5,1728.54555555552,0,0,12.6266666666669,0,0,0
436,124.999999999997,6,1775.83693846061,0,0,0.3,0,0,0
436,125.099999999997,1,1699.59909486273,0.000333261186981346,0,12.8266084274581,-0.00453323087528929,0,-0.0202497010310289
436,125.099999999997,2,572,99.8214320987663,0,2.47106509694611e-16,4.03555555555538,0,90
436,125.099999999997,3,1182,99.9692315541618,0,4.28604511008733e-16,6.99964285714288,0,90
436,125.099999999997,4,1182,99.7450332409986,0,9.17808320866253e-16,14.9889473684211,0,90
436,125.099999999997,5,1729.80782222219,0,0,12.6186666666669,0,0,0
436,125.099999999997,6,1775.83693846061,0,0,0.3,0,0,0
436,125.199999999997,1,1700.88136399587,-0.000215115987041009,0,12.8186043901861,-0.00641853188112948,0,-0.0286891416202751
436,125.199999999997,2,572,99.8214320987663,0,2.47106509694611e-16,4.03555555555538,0,90
436,125.199999999997,3,1182,99.9692315541618,0,4.28604511008733e-16,6.99964285714288,0,90
436,125.199999999997,4,1182,99.7450332409986,0,9.17808320866253e-16,14.9889473684211,0,90
436,125.199999999997,5,1731.06928888885,0,0,12.6106666666669,0,0,0
436,125.199999999997,6,1775.83693846061,0,0,0.3,0,0,0
436,125.299999999997,1,1702.16280013626,-0.000923974311841091,0,12.8101184870582,-0.0075992161603696,0,-0.0339889879209539
436,125.299999999997,2,572,99.8214320987663,0,2.47106509694611e-16,4.03555555555538,0,90
436,125.299999999997,3,1182,99.9692315541618,0,4.28604511008733e-16,6.99964285714288,0,90
436,125.299999999997,4,1182,99.7450332409986,0,9.17808320866253e-16,14.9889473684211,0,90
436,125.299999999997,5,1732.32995555552,0,0,12.6026666666669,0,0,0
436,125.299999999997,6,1775.83693846061,0,0,0.3,0,0,0
436,125.399999999997,1,1703.4433877105,-0.00170313870576011,0,12.8016330933019,-0.00782528482633552,0,-0.0350233235811209
436,125.399999999997,2,572,99.8214320987663,0,2.47106509694611e-16,4.03555555555538,0,90
436,125.399999999997,3,1182,99.9692315541618,0,4.28604511008733e-16,6.99964285714288,0,90
436,125.399999999997,4,1182,99.7450332409986,0,9.17808320866253e-16,14.9889473684211,0,90
436,125.399999999997,5,1733.58982222219,0,0,12.5946666666669,0,0,0
436,125.399999999997,6,1775.83693846061,0,0,0.3,0,0,0
436,125.499999999997,1,1704.72312677378,-0.00245733696984851,0,12.7931482584372,-0.00710052406141898,0,-0.0318006178820742
436,125.499999999997,2,572,99.8214320987663,0,2.47106509694611e-16,4.03555555555538,0,90
436,125.499999999997,3,1182,99.9692315541618,0,4.28604511008733e-16,6.99964285714288,0,90
436,125.499999999997,4,1182,99.7450332409986,0,9.17808320866253e-16,14.9889473684211,0,90
436,125.499999999997,5,1734.84888888885,0,0,12.5866666666669,0,0,0
436,125.499999999997,6,1775.83693846061,0,0,0.3,0,0,0
436,125.599999999997,1,1706.00201737564,-0.00309167520400922,0,12.7846638202651,-0.00542871366452472,0,-0.0243293344933126
436,125.599999999997,2,572,99.8214320987663,0,2.47106509694611e-16,4.03555555555538,0,90
436,125.599999999997,3,1182,99.9692315541618,0,4.28604511008733e-16,6.99964285714288,0,90
436,125.599999999997,4,1182,99.7450332409986,0,9.17808320866253e-16,14.9889473684211,0,90
436,125.599999999997,5,1736.10715555552,0,0,12.5786666666669,0,0,0
436,125.599999999997,6,1775.83693846061,0,0,0.3,0,0,0
436,125.699999999997,1,1707.28005953889,-0.00351163717122431,0,12.7761794069707,-0.00281362711554188,0,-0.0126179314725351
436,125.699999999997,2,572,99.8214320987663,0,2.47106509694611e-16,4.03555555555538,0,90
436,125.699999999997,3,1182,99.9692315541618,0,4.28604511008733e-16,6.99964285714288,0,90
436,125.699999999997,4,1182,99.7450332409986,0,9.17808320866253e-16,14.9889473684211,0,90
436,125.699999999997,5,1737.36462222219,0,0,12.5706666666669,0,0,0
436,125.699999999997,6,1775.83693846061,0,0,0.3,0,0,0
436,125.799999999997,1,1708.55725323878,-0.00362308367209393,0,12.7676944392156,0.00074096828312211,0,0.00332513873435848
436,125.799999999997,2,572,99.8214320987663,0,2.47106509694611e-16,4.03555555555538,0,90
436,125.799999999997,3,1182,99.9692315541618,0,4.28604511008733e-16,6.99964285714288,0,90
436,125.799999999997,4,1182,99.7450332409986,0,9.17808320866253e-16,14.9889473684211,0,90
436,125.799999999997,5,1738.62128888885,0,0,12.5626666666669,0,0,0
436,125.799999999997,6,1775.83693846061,0,0,0.3,0,0,0
436,125.899999999997,1,1709.83359838232,-0.00333225193732172,0,12.7592081322216,0.00523131118938614,0,0.023491429293268
436,125.899999999997,2,572,99.8214320987663,0,2.47106509694611e-16,4.03555555555538,0,90
436,125.899999999997,3,1182,99.9692315541618,0,4.28604511008733e-16,6.99964285714288,0,90
436,125.899999999997,4,1182,99.7450332409986,0,9.17808320866253e-16,14.9889473684211,0,90
436,125.899999999997,5,1739.87715555552,0,0,12.5546666666669,0,0,0
436,125.899999999997,6,1775.83693846061,0,0,0.3,0,0,0
436,125.999999999997,1,1711.10909478787,-0.00254575504563726,0,12.7507194978437,0.0106536459301467,0,0.047872498981893
436,125.999999999997,2,572,99.8214320987663,0,2.47106509694611e-16,4.03555555555538,0,90
436,125.999999999997,3,1182,99.9692315541618,0,4.28604511008733e-16,6.99964285714288,0,90
436,125.999999999997,4,1182,99.7450332409986,0,9.17808320866253e-16,14.9889473684211,0,90
436,125.999999999997,5,1741.13222222219,0,0,12.5466666666669,0,0,0
436,125.999999999997,6,1775.83693846061,0,0,0.3,0,0,0
436,126.099999999997,1,1712.38374216488,-0.00117058137450401,0,12.7422273466348,0.0170042221371513,0,0.0764599121897322
436,126.099999999997,2,572,99.8214320987663,0,2.47106509694611e-16,4.03555555555538,0,90
436,126.099999999997,3,1182,99.9692315541618,0,4.28604511008733e-16,6.99964285714288,0,90
436,126.099999999997,4,1182,99.7450332409986,0,9.17808320866253e-16,14.9889473684211,0,90
436,126.099999999997,5,1742.38648888885,0,0,12.5386666666669,0,0,0
436,126.099999999997,6,1775.83693846061,0,0,0.3,0,0,0
436,126.199999999997,1,1713.65754565498,0.000881549528149276,0,12.7340167523081,0.0239427507200103,0,0.107728533448178
436,126.199999999997,2,572,99.8214320987663,0,2.47106509694611e-16,4.03555555555538,0,90
436,126.199999999997,3,1182,99.9692315541618,0,4.28604511008733e-16,6.99964285714288,0,90
436,126.199999999997,4,1182,99.7450332409986,0,9.17808320866253e-16,14.9889473684211,0,90
436,126.199999999997,5,1743.63995555552,0,0,12.5306666666669,0,0,0
436,126.199999999997,6,1775.83693846061,0,0,0.3,0,0,0
436,126.299999999997,1,1714.93055936384,0.00351704000782499,0,12.726258401737,0.0281782422687504,0,0.126863031280121
436,126.299999999997,2,572,99.8214320987663,0,2.47106509694611e-16,4.03555555555538,0,90
436,126.299999999997,3,1182,99.9692315541618,0,4.28604511008733e-16,6.99964285714288,0,90
436,126.299999999997,4,1182,99.7450332409986,0,9.17808320866253e-16,14.9889473684211,0,90
436,126.299999999997,5,1744.89262222219,0,0,12.5226666666669,0,0,0
436,126.299999999997,6,1775.83693846061,0,0,0.3,0,0,0
436,126.399999999997,1,1716.2027975745,0.00639964932890273,0,12.7185071285457,0.0288872733912728,0,0.130134455573303
436,126.399999999997,2,572,99.8214320987663,0,2.47106509694611e-16,4.03555555555538,0,90
436,126.399999999997,3,1182,99.9692315541618,0,4.28604511008733e-16,6.99964285714288,0,90
436,126.399999999997,4,1182,99.7450332409986,0,9.17808320866253e-16,14.9889473684211,0,90
436,126.399999999997,5,1746.14448888885,0,0,12.5146666666669,0,0,0
436,126.399999999997,6,1775.83693846061,0,0,0.3,0,0,0
436,126.499999999997,1,1717.47426104791,0.00917737477538989,0,12.7107635094335,0.0260827063312112,0,0.11757176446448
436,126.499999999997,2,572,99.8214320987663,0,2.47106509694611e-16,4.03555555555538,0,90
436,126.499999999997,3,1182,99.9692315541618,0,4.28604511008733e-16,6.99964285714288,0,90
436,126.499999999997,4,1182,99.7450332409986,0,9.17808320866253e-16,14.9889473684211,0,90
436,126.499999999997,5,1747.39555555552,0,0,12.5066666666669,0,0,0
436,126.499999999997,6,1775.83693846061,0,0,0.3,0,0,0
436,126.599999999997,1,1718.74495045696,0.0114994985763256,0,12.7030252112279,0.019777377952879,0,0.0892038984510039
436,126.599999999997,2,572,99.8214320987663,0,2.47106509694611e-16,4.03555555555538,0,90
436,126.599999999997,3,1182,99.9692315541618,0,4.28604511008733e-16,6.99964285714288,0,90
436,126.599999999997,4,1182,99.7450332409986,0,9.17808320866253e-16,14.9889473684211,0,90
436,126.599999999997,5,1748.64582222219,0,0,12.4986666666669,0,0,0
436,126.599999999997,6,1775.83693846061,0,0,0.3,0,0,0
436,126.699999999997,1,1720.01486609682,0.0130165854965914,0,12.6952870174519,0.00998410297933723,0,0.045059780390823
436,126.699999999997,2,572,99.8214320987663,0,2.47106509694611e-16,4.03555555555538,0,90
436,126.699999999997,3,1182,99.9692315541618,0,4.28604511008733e-16,6.99964285714288,0,90
436,126.699999999997,4,1182,99.7450332409986,0,9.17808320866253e-16,14.9889473684211,0,90
436,126.699999999997,5,1749.89528888885,0,0,12.4906666666669,0,0,0
436,126.699999999997,6,1775.83693846061,0,0,0.3,0,0,0
436,126.799999999997,1,1721.28400759796,0.0133804809493557,0,12.6875408547771,-0.00328431882435068,0,-0.0148316844975192
436,126.799999999997,2,572,99.8214320987663,0,2.47106509694611e-16,4.03555555555538,0,90
436,126.799999999997,3,1182,99.9692315541618,0,4.28604511008733e-16,6.99964285714288,0,90
436,126.799999999997,4,1182,99.7450332409986,0,9.17808320866253e-16,14.9889473684211,0,90
436,126.799999999997,5,1751.14395555552,0,0,12.4826666666669,0,0,0
436,126.799999999997,6,1775.83693846061,0,0,0.3,0,0,0
436,126.899999999997,1,1722.5523736418,0.0122443100212759,0,12.6797758193771,-0.0200150915904751,0,-0.0904416086348833
436,126.899999999997,2,572,99.8214320987663,0,2.47106509694611e-16,4.03555555555538,0,90
436,126.899999999997,3,1182,99.9692315541618,0,4.28604511008733e-16,6.99964285714288,0,90
436,126.899999999997,4,1182,99.7450332409986,0,9.17808320866253e-16,14.9889473684211,0,90
436,126.899999999997,5,1752.39182222219,0,0,12.4746666666669,0,0,0
436,126.899999999997,6,1775.83693846061,0,0,0.3,0,0,0
436,126.999999999997,1,1723.8199616789,0.0092624777948283,0,12.6719782032019,-0.0401954084779206,0,-0.181741122081534
436,126.999999999997,2,572,99.8214320987663,0,2.47106509694611e-16,4.03555555555538,0,90
436,126.999999999997,3,1182,99.9692315541618,0,4.28604511008733e-16,6.99964285714288,0,90
436,126.999999999997,4,1182,99.7450332409986,0,9.17808320866253e-16,14.9889473684211,0,90
436,126.999999999997,5,1753.63888888885,0,0,12.4666666666669,0,0,0
436,126.999999999997,6,1775.83693846061,0,0,0.3,0,0,0
436,127.099999999997,1,1725.08676764993,0.00409067134543595,0,12.6641315202021,-0.0638124330581002,0,-0.288701372537141
436,127.099999999997,2,572,99.8214320987663,0,2.47106509694611e-16,4.03555555555538,0,90
436,127.099999999997,3,1182,99.9692315541618,0,4.28604511008733e-16,6.99964285714288,0,90
436,127.099999999997,4,1182,99.7450332409986,0,9.17808320866253e-16,14.9889473684211,0,90
436,127.099999999997,5,1754.88515555552,0,0,12.4586666666669,0,0,0
436,127.099999999997,6,1775.83693846061,0,0,0.3,0,0,0
436,127.199999999997,1,1726.35295241063,-0.0035940274854674,0,12.6640460682952,-0.0894127352861206,0,-0.404522158008388
436,127.199999999997,2,572,99.8214320987663,0,2.47106509694611e-16,4.03555555555538,0,90
436,127.199999999997,3,1182,99.9692315541618,0,4.28604511008733e-16,6.99964285714288,0,90
436,127.199999999997,4,1182,99.7450332409986,0,9.17808320866253e-16,14.9889473684211,0,90
436,127.199999999997,5,1756.13062222219,0,0,12.4506666666669,0,0,0
436,127.199999999997,6,1775.83693846061,0,0,0.3,0,0,0
436,127.299999999997,1,1727.6198806473,-0.0134116126290802,0,12.6745323735548,-0.104764439243545,0,-0.473581457449652
436,127.299999999997,2,572,99.8214320987663,0,2.47106509694611e-16,4.03555555555538,0,90
436,127.299999999997,3,1182,99.9692315541618,0,4.28604511008733e-16,6.99964285714288,0,90
436,127.299999999997,4,1182,99.7450332409986,0,9.17808320866253e-16,14.9889473684211,0,90
436,127.299999999997,5,1757.37528888885,0,0,12.4426666666669,0,0,0
436,127.299999999997,6,1775.83693846061,0,0,0.3,0,0,0
436,127.399999999997,1,1728.88786222115,-0.0241109188170631,0,12.6851174063874,-0.107036233543508,0,-0.48344675884634
436,127.399999999997,2,572,99.8214320987663,0,2.47106509694611e-16,4.03555555555538,0,90
436,127.399999999997,3,1182,99.9692315541618,0,4.28604511008733e-16,6.99964285714288,0,90
436,127.399999999997,4,1182,99.7450332409986,0,9.17808320866253e-16,14.9889473684211,0,90
436,127.399999999997,5,1758.61915555552,0,0,12.4346666666669,0,0,0
436,127.399999999997,6,1775.83693846061,0,0,0.3,0,0,0
436,127.499999999997,1,1730.15690770739,-0.0343806708023921,0,12.6958084397047,-0.0961623563360619,0,-0.433969355396771
436,127.499999999997,2,572,99.8214320987663,0,2.47106509694611e-16,4.03555555555538,0,90
436,127.499999999997,3,1182,99.9692315541618,0,4.28604511008733e-16,6.99964285714288,0,90
436,127.499999999997,4,1182,99.7450332409986,0,9.17808320866253e-16,14.9889473684211,0,90
436,127.499999999997,5,1759.86222222219,0,0,12.4266666666669,0,0,0
436,127.499999999997,6,1775.83693846061,0,0,0.3,0,0,0
436,127.599999999997,1,1731.42702636711,-0.0429029946918505,0,12.7065718327419,-0.0720766076902066,0,-0.325000415945977
436,127.599999999997,2,572,99.8214320987663,0,2.47106509694611e-16,4.03555555555538,0,90
436,127.599999999997,3,1182,99.9692315541618,0,4.28604511008733e-16,6.99964285714288,0,90
436,127.599999999997,4,1182,99.7450332409986,0,9.17808320866253e-16,14.9889473684211,0,90
436,127.599999999997,5,1761.10448888885,0,0,12.4186666666669,0,0,0
436,127.599999999997,6,1775.83693846061,0,0,0.3,0,0,0
436,127.699999999997,1,1732.69822203024,-0.048353381046536,0,12.717332516471,-0.0347125235898688,0,-0.156390984985705
436,127.699999999997,2,572,99.8214320987663,0,2.47106509694611e-16,4.03555555555538,0,90
436,127.699999999997,3,1182,99.9692315541618,0,4.28604511008733e-16,6.99964285714288,0,90
436,127.699999999997,4,1182,99.7450332409986,0,9.17808320866253e-16,14.9889473684211,0,90
436,127.699999999997,5,1762.34595555552,0,0,12.4106666666669,0,0,0
436,127.699999999997,6,1775.83693846061,0,0,0.3,0,0,0
436,127.799999999997,1,1733.97048892678,-0.0494006762125373,0,12.7279734759437,0.0159962326223902,0,0.0720080173455881
436,127.799999999997,2,572,99.8214320987663,0,2.47106509694611e-16,4.03555555555538,0,90
436,127.799999999997,3,1182,99.9692315541618,0,4.28604511008733e-16,6.99964285714288,0,90
436,127.799999999997,4,1182,99.7450332409986,0,9.17808320866253e-16,14.9889473684211,0,90
436,127.799999999997,5,1763.58662222219,0,0,12.4026666666669,0,0,0
436,127.799999999997,6,1775.83693846061,0,0,0.3,0,0,0
436,127.899999999997,1,1735.24380746641,-0.0447071238782153,0,12.7383352324279,0.0801152563138432,0,0.360345795262731
436,127.899999999997,2,572,99.8214320987663,0,2.47106509694611e-16,4.03555555555538,0,90
436,127.899999999997,3,1182,99.9692315541618,0,4.28604511008733e-16,6.99964285714288,0,90
436,127.899999999997,4,1182,99.7450332409986,0,9.17808320866253e-16,14.9889473684211,0,90
436,127.899999999997,5,1764.82648888885,0,0,12.3946666666669,0,0,0
436,127.899999999997,6,1775.83693846061,0,0,0.3,0,0,0
436,127.999999999997,1,1736.51813996628,-0.032928479360069,0,12.7482153298622,0.157708560077176,0,0.70877167733384
436,127.999999999997,2,572,99.8214320987663,0,2.47106509694611e-16,4.03555555555538,0,90
436,127.999999999997,3,1182,99.9692315541618,0,4.28604511008733e-16,6.99964285714288,0,90
436,127.999999999997,4,1182,99.7450332409986,0,9.17808320866253e-16,14.9889473684211,0,90
436,127.999999999997,5,1766.06555555552,0,0,12.3866666666669,0,0,0
436,127.999999999997,6,1775.83693846061,0,0,0.3,0,0,0
436,128.099999999997,1,1737.79342632806,-0.0127142196252007,0,12.7573678318804,0.248837499646089,0,1.11743511648038
436,128.099999999997,2,572,99.8214320987663,0,2.47106509694611e-16,4.03555555555538,0,90
436,128.099999999997,3,1182,99.9692315541618,0,4.28604511008733e-16,6.99964285714288,0,90
436,128.099999999997,4,1182,99.7450332409986,0,9.17808320866253e-16,14.9889473684211,0,90
436,128.099999999997,5,1767.30382222219,0,0,12.3786666666669,0,0,0
436,128.099999999997,6,1775.83693846061,0,0,0.3,0,0,0
436,128.199999999997,1,1739.06739193266,0.0172205791778252,0,12.6834088684665,0.350480360143542,0,1.58285022706227
436,128.199999999997,2,572,99.8214320987663,0,2.47106509694611e-16,4.03555555555538,0,90
436,128.199999999997,3,1182,99.9692315541618,0,4.28604511008733e-16,6.99964285714288,0,90
436,128.199999999997,4,1182,99.7450332409986,0,9.17808320866253e-16,14.9889473684211,0,90
436,128.199999999997,5,1768.54128888885,0,0,12.3706666666669,0,0,0
436,128.199999999997,6,1775.83693846061,0,0,0.3,0,0,0
436,128.299999999997,1,1740.32839156249,0.0575285158269915,0,12.5363959074039,0.456490770686736,0,2.08540349902992
436,128.299999999997,2,572,99.8214320987663,0,2.47106509694611e-16,4.03555555555538,0,90
436,128.299999999997,3,1182,99.9692315541618,0,4.28604511008733e-16,6.99964285714288,0,90
436,128.299999999997,4,1182,99.7450332409986,0,9.17808320866253e-16,14.9889473684211,0,90
436,128.299999999997,5,1769.77795555552,0,0,12.3626666666669,0,0,0
436,128.299999999997,6,1775.83693846061,0,0,0.3,0,0,0
436,128.399999999997,1,1741.57463117556,0.108671893624349,0,12.3881850115636,0.567096453345231,0,2.62101069901575
436,128.399999999997,2,572,99.8214320987663,0,2.47106509694611e-16,4.03555555555538,0,90
436,128.399999999997,3,1182,99.9692315541618,0,4.28604511008733e-16,6.99964285714288,0,90
436,128.399999999997,4,1182,99.7450332409986,0,9.17808320866253e-16,14.9889473684211,0,90
436,128.399999999997,5,1771.01382222218,0,0,12.3546666666669,0,0,0
436,128.399999999997,6,1775.83693846061,0,0,0.3,0,0,0
436,128.499999999997,1,1742.8059840415,0.171082651109892,0,12.2386386930568,0.681747929989922,0,3.18834085741653
436,128.499999999997,2,572,99.8214320987663,0,2.47106509694611e-16,4.03555555555538,0,90
436,128.499999999997,3,1182,99.9692315541618,0,4.28604511008733e-16,6.99964285714288,0,90
436,128.499999999997,4,1182,99.7450332409986,0,9.17808320866253e-16,14.9889473684211,0,90
436,128.499999999997,5,1772.24888888885,0,0,12.3466666666669,0,0,0
436,128.499999999997,6,1775.83693846061,0,0,0.3,0,0,0
436,128.599999999997,1,1744.02231008201,0.245138464303307,0,12.0876277333413,0.799909397603687,0,3.78607832223302
436,128.599999999997,2,572,99.8214320987663,0,2.47106509694611e-16,4.03555555555538,0,90
436,128.599999999997,3,1182,99.9692315541618,0,4.28604511008733e-16,6.99964285714288,0,90
436,128.599999999997,4,1182,99.7450332409986,0,9.17808320866253e-16,14.9889473684211,0,90
436,128.599999999997,5,1773.48315555552,0,0,12.3386666666669,0,0,0
436,128.599999999997,6,1775.83693846061,0,0,0.3,0,0,0
436,128.699999999997,1,1745.22345677035,0.331164106105801,0,11.9350326040821,0.921058577166718,0,4.41292275906996
436,128.699999999997,2,572,99.8214320987663,0,2.47106509694611e-16,4.03555555555538,0,90
436,128.699999999997,3,1182,99.9692315541618,0,4.28604511008733e-16,6.99964285714288,0,90
436,128.699999999997,4,1182,99.7450332409986,0,9.17808320866253e-16,14.9889473684211,0,90
436,128.699999999997,5,1774.71662222218,0,0,12.3306666666669,0,0,0
436,128.699999999997,6,1775.83693846061,0,0,0.3,0,0,0
436,128.799999999997,1,1746.40926016387,0.429432793879334,0,11.780744706732,1.04468662795087,0,5.06758915113612
436,128.799999999997,2,572,99.8214320987663,0,2.47106509694611e-16,4.03555555555538,0,90
436,128.799999999997,3,1182,99.9692315541618,0,4.28604511008733e-16,6.99964285714288,0,90
436,128.799999999997,4,1182,99.7450332409986,0,9.17808320866253e-16,14.9889473684211,0,90
436,128.799999999997,5,1775.94928888885,0,0,12.3226666666669,0,0,0
436,128.799999999997,6,1775.83693846061,0,0,0.3,0,0,0
436,128.899999999997,1,1747.57954605166,0.540167531615142,0,11.6246674387831,1.17029812446362,0,5.74880779924423
436,128.899999999997,2,572,99.8214320987663,0,2.47106509694611e-16,4.03555555555538,0,90
436,128.899999999997,3,1182,99.9692315541618,0,4.28604511008733e-16,6.99964285714288,0,90
436,128.899999999997,4,1182,99.7450332409986,0,9.17808320866253e-16,14.9889473684211,0,90
436,128.899999999997,5,1777.18115555552,0,0,12.3146666666669,0,0,0
436,128.899999999997,6,1775.83693846061,0,0,0.3,0,0,0
436,128.999999999997,1,1748.73413120057,0.663542452776434,0,11.466717094292,1.29741109228713,0,6.45532432181105
436,128.999999999997,2,572,99.8214320987663,0,2.47106509694611e-16,4.03555555555538,0,90
436,128.999999999997,3,1182,99.9692315541618,0,4.28604511008733e-16,6.99964285714288,0,90
436,128.999999999997,4,1182,99.7450332409986,0,9.17808320866253e-16,14.9889473684211,0,90
436,128.999999999997,5,1778.41222222218,0,0,12.3066666666669,0,0,0
436,128.999999999997,6,1775.83693846061,0,0,0.3,0,0,0
436,129.099999999997,1,1749.87282468323,0.79968416948157,0,11.3068236059908,1.42555709822248,0,7.18589965485732
436,129.099999999997,2,572,99.8214320987663,0,2.47106509694611e-16,4.03555555555538,0,90
436,129.099999999997,3,1182,99.9692315541618,0,4.28604511008733e-16,6.99964285714288,0,90
436,129.099999999997,4,1182,99.7450332409986,0,9.17808320866253e-16,14.9889473684211,0,90
436,129.099999999997,5,1779.64248888885,0,0,12.2986666666669,0,0,0
436,129.099999999997,6,1775.83693846061,0,0,0.3,0,0,0
436,129.199999999997,1,1750.99439398141,0.948511448859587,0,11.0797746114367,1.5434261114229,0,7.93033908362287
436,129.199999999997,2,572,99.8214320987663,0,2.47106509694611e-16,4.03555555555538,0,90
436,129.199999999997,3,1182,99.9692315541618,0,4.28604511008733e-16,6.99964285714288,0,90
436,129.199999999997,4,1182,99.7450332409986,0,9.17808320866253e-16,14.9889473684211,0,90
436,129.199999999997,5,1780.87195555552,0,0,12.2906666666669,0,0,0
436,129.199999999997,6,1775.83693846061,0,0,0.3,0,0,0
436,129.299999999997,1,1752.0840669722,1.10665434106569,0,10.714327408636,1.61344086118879,0,8.5636680717752
436,129.299999999997,2,572,99.8214320987663,0,2.47106509694611e-16,4.03555555555538,0,90
436,129.299999999997,3,1182,99.9692315541618,0,4.28604511008733e-16,6.99964285714288,0,90
436,129.299999999997,4,1182,99.7450332409986,0,9.17808320866253e-16,14.9889473684211,0,90
436,129.299999999997,5,1782.10062222218,0,0,12.2826666666669,0,0,0
436,129.299999999997,6,1775.83693846061,0,0,0.3,0,0,0
436,129.399999999997,1,1753.13739166498,1.27008517748143,0,10.3528351586109,1.65000879142302,0,9.05549615183883
436,129.399999999997,2,572,99.8214320987663,0,2.47106509694611e-16,4.03555555555538,0,90
436,129.399999999997,3,1182,99.9692315541618,0,4.28604511008733e-16,6.99964285714288,0,90
436,129.399999999997,4,1182,99.7450332409986,0,9.17808320866253e-16,14.9889473684211,0,90
436,129.399999999997,5,1783.32848888885,0,0,12.2746666666669,0,0,0
436,129.399999999997,6,1775.83693846061,0,0,0.3,0,0,0
436,129.499999999997,1,1754.15476645474,1.43569973239604,0,9.9953085224453,1.65787271713339,0,9.41763054681517
436,129.499999999997,2,572,99.8214320987663,0,2.47106509694611e-16,4.03555555555538,0,90
436,129.499999999997,3,1182,99.9692315541618,0,4.28604511008733e-16,6.99964285714288,0,90
436,129.499999999997,4,1182,99.7450332409986,0,9.17808320866253e-16,14.9889473684211,0,90
436,129.499999999997,5,1784.55555555552,0,0,12.2666666666669,0,0,0
436,129.499999999997,6,1775.83693846061,0,0,0.3,0,0,0
436,129.599999999997,1,1755.13657810898,1.60084844276235,0,9.64151877211806,1.64138591279372,0,9.66148898186928
436,129.599999999997,2,572,99.8214320987663,0,2.47106509694611e-16,4.03555555555538,0,90
436,129.599999999997,3,1182,99.9692315541618,0,4.28604511008733e-16,6.99964285714288,0,90
436,129.599999999997,4,1182,99.7450332409986,0,9.17808320866253e-16,14.9889473684211,0,90
436,129.599999999997,5,1785.78182222218,0,0,12.2586666666669,0,0,0
436,129.599999999997,6,1775.83693846061,0,0,0.3,0,0,0
436,129.699999999997,1,1756.08318189428,1.76329834293796,0,9.29107637852789,1.60453020841696,0,9.79809968432991
436,129.699999999997,2,572,99.8214320987663,0,2.47106509694611e-16,4.03555555555538,0,90
436,129.699999999997,3,1182,99.9692315541618,0,4.28604511008733e-16,6.99964285714288,0,90
436,129.699999999997,4,1182,99.7450332409986,0,9.17808320866253e-16,14.9889473684211,0,90
436,129.699999999997,5,1787.00728888885,0,0,12.2506666666669,0,0,0
436,129.699999999997,6,1775.83693846061,0,0,0.3,0,0,0
436,129.799999999997,1,1756.99488878072,1.92119687868692,0,8.9434943307178,1.55093523466263,0,9.83810138368949
436,129.799999999997,2,572,99.8214320987663,0,2.47106509694611e-16,4.03555555555538,0,90
436,129.799999999997,3,1182,99.9692315541618,0,4.28604511008733e-16,6.99964285714288,0,90
436,129.799999999997,4,1182,99.7450332409986,0,9.17808320866253e-16,14.9889473684211,0,90
436,129.799999999997,5,1788.23195555552,0,0,12.2426666666669,0,0,0
436,129.799999999997,6,1775.83693846061,0,0,0.3,0,0,0
436,129.899999999997,1,1757.87195829961,2.07303765138132,0,8.59823820548581,1.48389762536401,0,9.79174331160415
436,129.899999999997,2,572,99.8214320987663,0,2.47106509694611e-16,4.03555555555538,0,90
436,129.899999999997,3,1182,99.9692315541618,0,4.28604511008733e-16,6.99964285714288,0,90
436,129.899999999997,4,1182,99.7450332409986,0,9.17808320866253e-16,14.9889473684211,0,90
436,129.899999999997,5,1789.45582222218,0,0,12.2346666666669,0,0,0
436,129.899999999997,6,1775.83693846061,0,0,0.3,0,0,0
436,129.999999999997,1,1758.71459582336,2.21762804822115,0,8.25476483178607,1.40639944492351,0,9.66888520189367
436,129.999999999997,2,572,99.8214320987663,0,2.47106509694611e-16,4.03555555555538,0,90
436,129.999999999997,3,1182,99.9692315541618,0,4.28604511008733e-16,6.99964285714288,0,90
436,129.999999999997,4,1182,99.7450332409986,0,9.17808320866253e-16,14.9889473684211,0,90
436,129.999999999997,5,1790.67888888885,0,0,12.2266666666669,0,0,0
436,129.999999999997,6,1775.83693846061,0,0,0.3,0,0,0
436,130.099999999997,1,1759.52295321164,2.35405865895976,0,7.91255121766761,1.32112544873512,0,9.47899729054155
436,130.099999999997,2,572,99.8214320987663,0,2.47106509694611e-16,4.03555555555538,0,90
436,130.099999999997,3,1182,99.9692315541618,0,4.28604511008733e-16,6.99964285714288,0,90
436,130.099999999997,4,1182,99.7450332409986,0,9.17808320866253e-16,14.9889473684211,0,90
436,130.099999999997,5,1791.90115555552,0,0,12.2186666666669,0,0,0
436,130.099999999997,6,1775.83693846061,0,0,0.3,0,0,0
436,130.199999999997,1,1760.30848663959,2.48353085265812,0,7.92158400551931,1.28739163868371,0,9.23083218664669
436,130.199999999997,2,572,99.8214320987663,0,2.47106509694611e-16,4.03555555555538,0,90
436,130.199999999997,3,1182,99.9692315541618,0,4.28604511008733e-16,6.99964285714288,0,90
436,130.199999999997,4,1182,99.7450332409986,0,9.17808320866253e-16,14.9889473684211,0,90
436,130.199999999997,5,1793.12262222218,0,0,12.2106666666669,0,0,0
436,130.199999999997,6,1775.83693846061,0,0,0.3,0,0,0
436,130.299999999997,1,1761.11066230141,2.61177233568447,0,8.12216218241907,1.27573834440005,0,8.92644967682513
436,130.299999999997,2,572,99.8214320987663,0,2.47106509694611e-16,4.03555555555538,0,90
436,130.299999999997,3,1182,99.9692315541618,0,4.28604511008733e-16,6.99964285714288,0,90
436,130.299999999997,4,1182,99.7450332409986,0,9.17808320866253e-16,14.9889473684211,0,90
436,130.299999999997,5,1794.34328888885,0,0,12.2026666666669,0,0,0
436,130.299999999997,6,1775.83693846061,0,0,0.3,0,0,0
436,130.399999999997,1,1761.93296596365,2.7383195457813,0,8.32414554222972,1.25331347436781,0,8.56234535800459
436,130.399999999997,2,572,99.8214320987663,0,2.47106509694611e-16,4.03555555555538,0,90
436,130.399999999997,3,1182,99.9692315541618,0,4.28604511008733e-16,6.99964285714288,0,90
436,130.399999999997,4,1182,99.7450332409986,0,9.17808320866253e-16,14.9889473684211,0,90
436,130.399999999997,5,1795.56315555552,0,0,12.1946666666669,0,0,0
436,130.399999999997,6,1775.83693846061,0,0,0.3,0,0,0
436,130.499999999997,1,1762.77553782696,2.86203635266293,0,8.52751959988514,1.21892590362093,0,8.13476954562062
436,130.499999999997,2,572,99.8214320987663,0,2.47106509694611e-16,4.03555555555538,0,90
436,130.499999999997,3,1182,99.9692315541618,0,4.28604511008733e-16,6.99964285714288,0,90
436,130.499999999997,4,1182,99.7450332409986,0,9.17808320866253e-16,14.9889473684211,0,90
436,130.499999999997,5,1796.78222222218,0,0,12.1866666666669,0,0,0
436,130.499999999997,6,1775.83693846061,0,0,0.3,0,0,0
436,130.599999999997,1,1763.63851401066,2.98166398374714,0,8.73221523071867,1.17131363876691,0,7.63988411716806
436,130.599999999997,2,572,99.8214320987663,0,2.47106509694611e-16,4.03555555555538,0,90
436,130.599999999997,3,1182,99.9692315541618,0,4.28604511008733e-16,6.99964285714288,0,90
436,130.599999999997,4,1182,99.7450332409986,0,9.17808320866253e-16,14.9889473684211,0,90
436,130.599999999997,5,1798.00048888885,0,0,12.1786666666669,0,0,0
436,130.599999999997,6,1775.83693846061,0,0,0.3,0,0,0
436,130.699999999997,1,1764.52202046726,3.09581386306562,0,8.93809596908937,1.10914241359836,0,7.0737625122011
436,130.699999999997,2,572,99.8214320987663,0,2.47106509694611e-16,4.03555555555538,0,90
436,130.699999999997,3,1182,99.9692315541618,0,4.28604511008733e-16,6.99964285714288,0,90
436,130.699999999997,4,1182,99.7450332409986,0,9.17808320866253e-16,14.9889473684211,0,90
436,130.699999999997,5,1799.21795555552,0,0,12.1706666666669,0,0,0
436,130.699999999997,6,1775.83693846061,0,0,0.3,0,0,0
436,130.799999999997,1,1765.42616554339,3.20296033696435,0,9.14494361775917,1.03100486127016,0,6.43238973233321
436,130.799999999997,2,572,99.8214320987663,0,2.47106509694611e-16,4.03555555555538,0,90
436,130.799999999997,3,1182,99.9692315541618,0,4.28604511008733e-16,6.99964285714288,0,90
436,130.799999999997,4,1182,99.7450332409986,0,9.17808320866253e-16,14.9889473684211,0,90
436,130.799999999997,5,1800.43462222218,0,0,12.1626666666669,0,0,0
436,130.799999999997,6,1775.83693846061,0,0,0.3,0,0,0
436,130.899999999997,1,1766.35103101189,3.30143335455451,0,9.35244203709738,0.935420476405132,0,5.71166234123719
436,130.899999999997,2,572,99.8214320987663,0,2.47106509694611e-16,4.03555555555538,0,90
436,130.899999999997,3,1182,99.9692315541618,0,4.28604511008733e-16,6.99964285714288,0,90
436,130.899999999997,4,1182,99.7450332409986,0,9.17808320866253e-16,14.9889473684211,0,90
436,130.899999999997,5,1801.65048888885,0,0,12.1546666666669,0,0,0
436,130.899999999997,6,1775.83693846061,0,0,0.3,0,0,0
436,130.999999999997,1,1767.29666138636,3.38941119450363,0,9.56015898739673,0.820836627444099,0,4.90738846464515
436,130.999999999997,2,572,99.8214320987663,0,2.47106509694611e-16,4.03555555555538,0,90
436,130.999999999997,3,1182,99.9692315541618,0,4.28604511008733e-16,6.99964285714288,0,90
436,130.999999999997,4,1182,99.7450332409986,0,9.17808320866253e-16,14.9889473684211,0,90
436,130.999999999997,5,1802.86555555552,0,0,12.1466666666669,0,0,0
436,130.999999999997,6,1775.83693846061,0,0,0.3,0,0,0
436,131.099999999997,1,1768.26305131773,3.46491335841839,0,9.76752590701141,0.68563093334098,0,4.01528779034851
436,131.099999999997,2,572,99.8214320987663,0,2.47106509694611e-16,4.03555555555538,0,90
436,131.099999999997,3,1182,99.9692315541618,0,4.28604511008733e-16,6.99964285714288,0,90
436,131.099999999997,4,1182,99.7450332409986,0,9.17808320866253e-16,14.9889473684211,0,90
436,131.099999999997,5,1804.07982222218,0,0,12.1386666666669,0,0,0
436,131.099999999997,6,1775.83693846061,0,0,0.3,0,0,0
436,131.199999999997,1,1769.25014780624,3.52584235486904,0,9.9745071557734,0.531300219997703,0,3.04902476964998
436,131.199999999997,2,572,99.8214320987663,0,2.47106509694611e-16,4.03555555555538,0,90
436,131.199999999997,3,1182,99.9692315541618,0,4.28604511008733e-16,6.99964285714288,0,90
436,131.199999999997,4,1182,99.7450332409986,0,9.17808320866253e-16,14.9889473684211,0,90
436,131.199999999997,5,1805.29328888885,0,0,12.1306666666669,0,0,0
436,131.199999999997,6,1775.83693846061,0,0,0.3,0,0,0
436,131.299999999997,1,1770.25788109752,3.57133766117808,0,10.1796712541129,0.379971671526198,0,2.13765947512976
436,131.299999999997,2,572,99.8214320987663,0,2.47106509694611e-16,4.03555555555538,0,90
436,131.299999999997,3,1182,99.9692315541618,0,4.28604511008733e-16,6.99964285714288,0,90
436,131.299999999997,4,1182,99.7450332409986,0,9.17808320866253e-16,14.9889473684211,0,90
436,131.299999999997,5,1806.50595555552,0,0,12.1226666666669,0,0,0
436,131.299999999997,6,1775.83693846061,0,0,0.3,0,0,0
436,131.399999999997,1,1771.2859924752,3.60214314006929,0,10.3821494710902,0.237839561576276,0,1.31233132568813
436,131.399999999997,2,572,99.8214320987663,0,2.47106509694611e-16,4.03555555555538,0,90
436,131.399999999997,3,1182,99.9692315541618,0,4.28604511008733e-16,6.99964285714288,0,90
436,131.399999999997,4,1182,99.7450332409986,0,9.17808320866253e-16,14.9889473684211,0,90
436,131.399999999997,5,1807.71782222218,0,0,12.1146666666669,0,0,0
436,131.399999999997,6,1775.83693846061,0,0,0.3,0,0,0
436,131.499999999997,1,1772.33423823275,3.6192806705211,0,10.582445923109,0.10696336393174,0,0.579104364659936
436,131.499999999997,2,572,99.8214320987663,0,2.47106509694611e-16,4.03555555555538,0,90
436,131.499999999997,3,1182,99.9692315541618,0,4.28604511008733e-16,6.99964285714288,0,90
436,131.499999999997,4,1182,99.7450332409986,0,9.17808320866253e-16,14.9889473684211,0,90
436,131.499999999997,5,1808.92888888885,0,0,12.1066666666669,0,0,0
436,131.499999999997,6,1775.83693846061,0,0,0.3,0,0,0
436,131.599999999997,1,1773.40242671852,3.62398256053319,0,10.7810944550648,-0.0105072767167532,0,-0.0558405662750779
436,131.599999999997,2,572,99.8214320987663,0,2.47106509694611e-16,4.03555555555538,0,90
436,131.599999999997,3,1182,99.9692315541618,0,4.28604511008733e-16,6.99964285714288,0,90
436,131.599999999997,4,1182,99.7450332409986,0,9.17808320866253e-16,14.9889473684211,0,90
436,131.599999999997,5,1810.13915555552,0,0,12.0986666666669,0,0,0
436,131.599999999997,6,1775.83693846061,0,0,0.3,0,0,0
436,131.699999999997,1,1774.49042030839,3.61770074295242,0,10.9786380331638,-0.112328800003152,0,-0.586205827092253
436,131.699999999997,2,572,99.8214320987663,0,2.47106509694611e-16,4.03555555555538,0,90
436,131.699999999997,3,1182,99.9692315541618,0,4.28604511008733e-16,6.99964285714288,0,90
436,131.699999999997,4,1182,99.7450332409986,0,9.17808320866253e-16,14.9889473684211,0,90
436,131.699999999997,5,1811.34862222218,0,0,12.0906666666669,0,0,0
436,131.699999999997,6,1775.83693846061,0,0,0.3,0,0,0
436,131.799999999997,1,1775.59813513148,3.60211639476205,0,11.1756043605732,-0.196159028933238,0,-1.00557697942202
436,131.799999999997,2,572,99.8214320987663,0,2.47106509694611e-16,4.03555555555538,0,90
436,131.799999999997,3,1182,99.9692315541618,0,4.28604511008733e-16,6.99964285714288,0,90
436,131.799999999997,4,1182,99.7450332409986,0,9.17808320866253e-16,14.9889473684211,0,90
436,131.799999999997,5,1812.55728888885,0,0,12.0826666666669,0,0,0
436,131.799999999997,6,1775.83693846061,0,0,0.3,0,0,0
436,131.899999999997,1,1776.72553815525,3.57915006668091,0,11.3724773933514,-0.259551705950767,0,-1.30742278654988
436,131.899999999997,2,572,99.8214320987663,0,2.47106509694611e-16,4.03555555555538,0,90
436,131.899999999997,3,1182,99.9692315541618,0,4.28604511008733e-16,6.99964285714288,0,90
436,131.899999999997,4,1182,99.7450332409986,0,9.17808320866253e-16,14.9889473684211,0,90
436,131.899999999997,5,1813.76515555552,0,0,12.0746666666669,0,0,0
436,131.899999999997,6,1775.83693846061,0,0,0.3,0,0,0
436,131.999999999997,1,1777.87264120248,3.55097238491419,0,11.5696644013187,-0.299950576548278,0,-1.48509521341646
436,131.999999999997,2,572,99.8214320987663,0,2.47106509694611e-16,4.03555555555538,0,90
436,131.999999999997,3,1182,99.9692315541618,0,4.28604511008733e-16,6.99964285714288,0,90
436,131.999999999997,4,1182,99.7450332409986,0,9.17808320866253e-16,14.9889473684211,0,90
436,131.999999999997,5,1814.97222222218,0,0,12.0666666666669,0,0,0
436,131.999999999997,6,1775.83693846061,0,0,0.3,0,0,0
436,132.099999999997,1,1779.03949143567,3.52001534902411,0,11.7674581865818,-0.314683471487503,0,-1.53182942661744
436,132.099999999997,2,572,99.8214320987663,0,2.47106509694611e-16,4.03555555555538,0,90
436,132.099999999997,3,1182,99.9692315541618,0,4.28604511008733e-16,6.99964285714288,0,90
436,132.099999999997,4,1182,99.7450332409986,0,9.17808320866253e-16,14.9889473684211,0,90
436,132.099999999997,5,1816.17848888885,0,0,12.0586666666669,0,0,0
436,132.099999999997,6,1775.83693846061,0,0,0.3,0,0,0
436,132.199999999997,1,1780.22615839746,3.48895215783341,0,11.9660046882889,-0.303629535470108,0,-1.45353099468046
436,132.199999999997,2,572,99.8214320987663,0,2.47106509694611e-16,4.03555555555538,0,90
436,132.199999999997,3,1182,99.9692315541618,0,4.28604511008733e-16,6.99964285714288,0,90
436,132.199999999997,4,1182,99.7450332409986,0,9.17808320866253e-16,14.9889473684211,0,90
436,132.199999999997,5,1817.38395555552,0,0,12.0506666666669,0,0,0
436,132.199999999997,6,1775.83693846061,0,0,0.3,0,0,0
436,132.299999999997,1,1781.43269137106,3.45910673758421,0,12.1646057646624,-0.295158013810255,0,-1.38993332556114
436,132.299999999997,2,572,99.8214320987663,0,2.47106509694611e-16,4.03555555555538,0,90
436,132.299999999997,3,1182,99.9692315541618,0,4.28604511008733e-16,6.99964285714288,0,90
436,132.299999999997,4,1182,99.7450332409986,0,9.17808320866253e-16,14.9889473684211,0,90
436,132.299999999997,5,1818.58862222218,0,0,12.0426666666669,0,0,0
436,132.299999999997,6,1775.83693846061,0,0,0.3,0,0,0
436,132.399999999997,1,1782.65906974212,3.42952503891993,0,12.3629114449576,-0.298553573436505,0,-1.38337443307253
436,132.399999999997,2,572,99.8214320987663,0,2.47106509694611e-16,4.03555555555538,0,90
436,132.399999999997,3,1182,99.9692315541618,0,4.28604511008733e-16,6.99964285714288,0,90
436,132.399999999997,4,1182,99.7450332409986,0,9.17808320866253e-16,14.9889473684211,0,90
436,132.399999999997,5,1819.79248888885,0,0,12.0346666666669,0,0,0
436,132.399999999997,6,1775.83693846061,0,0,0.3,0,0,0
436,132.499999999997,1,1783.90526299397,3.39896001128264,0,12.5608956850344,-0.315031097750179,0,-1.43669445179112
436,132.499999999997,2,572,99.8214320987663,0,2.47106509694611e-16,4.03555555555538,0,90
436,132.499999999997,3,1182,99.9692315541618,0,4.28604511008733e-16,6.99964285714288,0,90
436,132.499999999997,4,1182,99.7450332409986,0,9.17808320866253e-16,14.9889473684211,0,90
436,132.499999999997,5,1820.99555555552,0,0,12.0266666666669,0,0,0
436,132.499999999997,6,1775.83693846061,0,0,0.3,0,0,0
436,132.599999999997,1,1785.1712358944,3.36604069678488,0,12.7584885796322,-0.34585392659055,0,-1.55277943356296
436,132.599999999997,2,572,99.8214320987663,0,2.47106509694611e-16,4.03555555555538,0,90
436,132.599999999997,3,1182,99.9692315541618,0,4.28604511008733e-16,6.99964285714288,0,90
436,132.599999999997,4,1182,99.7450332409986,0,9.17808320866253e-16,14.9889473684211,0,90
436,132.599999999997,5,1822.19782222218,0,0,12.0186666666669,0,0,0
436,132.599999999997,6,1775.83693846061,0,0,0.3,0,0,0
436,132.699999999997,1,1786.45694359966,3.32926736649914,0,12.9555659796163,-0.392334164605236,0,-1.7345613475036
436,132.699999999997,2,572,99.8214320987663,0,2.47106509694611e-16,4.03555555555538,0,90
436,132.699999999997,3,1182,99.9692315541618,0,4.28604511008733e-16,6.99964285714288,0,90
436,132.699999999997,4,1182,99.7450332409986,0,9.17808320866253e-16,14.9889473684211,0,90
436,132.699999999997,5,1823.39928888885,0,0,12.0106666666669,0,0,0
436,132.699999999997,6,1775.83693846061,0,0,0.3,0,0,0
436,132.799999999997,1,1787.76232566347,3.28700664375426,0,13.1519379618984,-0.455832612411931,0,-1.98501807999816
436,132.799999999997,2,572,99.8214320987663,0,2.47106509694611e-16,4.03555555555538,0,90
436,132.799999999997,3,1182,99.9692315541618,0,4.28604511008733e-16,6.99964285714288,0,90
436,132.799999999997,4,1182,99.7450332409986,0,9.17808320866253e-16,14.9889473684211,0,90
436,132.799999999997,5,1824.59995555552,0,0,12.0026666666669,0,0,0
436,132.799999999997,6,1775.83693846061,0,0,0.3,0,0,0
436,132.899999999997,1,1789.08729883279,3.23748665866458,0,13.3473360875487,-0.537758186291877,0,-2.30717343470126
436,132.899999999997,2,572,99.8214320987663,0,2.47106509694611e-16,4.03555555555538,0,90
436,132.899999999997,3,1182,99.9692315541618,0,4.28604511008733e-16,6.99964285714288,0,90
436,132.899999999997,4,1182,99.7450332409986,0,9.17808320866253e-16,14.9889473684211,0,90
436,132.899999999997,5,1825.79982222218,0,0,11.9946666666669,0,0,0
436,132.899999999997,6,1775.83693846061,0,0,0.3,0,0,0
436,132.999999999997,1,1790.43174850645,3.17879229284199,0,13.5413993870386,-0.639566665677913,0,-2.70409713253707
436,132.999999999997,2,572,99.8214320987663,0,2.47106509694611e-16,4.03555555555538,0,90
436,132.999999999997,3,1182,99.9692315541618,0,4.28604511008733e-16,6.99964285714288,0,90
436,132.999999999997,4,1182,99.7450332409986,0,9.17808320866253e-16,14.9889473684211,0,90
436,132.999999999997,5,1826.99888888885,0,0,11.9866666666669,0,0,0
436,132.999999999997,6,1775.83693846061,0,0,0.3,0,0,0
436,133.099999999997,1,1791.79551872615,3.10886059076962,0,13.733659017554,-0.762758578063648,0,-3.17890481169928
436,133.099999999997,2,572,99.8214320987663,0,2.47106509694611e-16,4.03555555555538,0,90
436,133.099999999997,3,1182,99.9692315541618,0,4.28604511008733e-16,6.99964285714288,0,90
436,133.099999999997,4,1182,99.7450332409986,0,9.17808320866253e-16,14.9889473684211,0,90
436,133.099999999997,5,1828.19715555552,0,0,11.9786666666669,0,0,0
436,133.099999999997,6,1775.83693846061,0,0,0.3,0,0,0
436,133.199999999997,1,1793.17782928253,3.02552363741481,0,13.8822077158665,-0.905042965432961,0,-3.73008840631425
436,133.199999999997,2,572,99.8214320987663,0,2.47106509694611e-16,4.03555555555538,0,90
436,133.199999999997,3,1182,99.9692315541618,0,4.28604511008733e-16,6.99964285714288,0,90
436,133.199999999997,4,1182,99.7450332409986,0,9.17808320866253e-16,14.9889473684211,0,90
436,133.199999999997,5,1829.39462222218,0,0,11.9706666666669,0,0,0
436,133.199999999997,6,1775.83693846061,0,0,0.3,0,0,0
436,133.299999999997,1,1794.56800060926,2.92817733480056,0,13.9211092799203,-1.04044757802948,0,-4.27427344918177
436,133.299999999997,2,572,99.8214320987663,0,2.47106509694611e-16,4.03555555555538,0,90
436,133.299999999997,3,1182,99.9692315541618,0,4.28604511008733e-16,6.99964285714288,0,90
436,133.299999999997,4,1182,99.7450332409986,0,9.17808320866253e-16,14.9889473684211,0,90
436,133.299999999997,5,1830.59128888885,0,0,11.9626666666669,0,0,0
436,133.299999999997,6,1775.83693846061,0,0,0.3,0,0,0
436,133.399999999997,1,1795.96203368501,2.81772446072982,0,13.9594868322527,-1.16714208823307,0,-4.77934061058848
436,133.399999999997,2,572,99.8214320987663,0,2.47106509694611e-16,4.03555555555538,0,90
436,133.399999999997,3,1182,99.9692315541618,0,4.28604511008733e-16,6.99964285714288,0,90
436,133.399999999997,4,1182,99.7450332409986,0,9.17808320866253e-16,14.9889473684211,0,90
436,133.399999999997,5,1831.78715555552,0,0,11.9546666666669,0,0,0
436,133.399999999997,6,1775.83693846061,0,0,0.3,0,0,0
436,133.499999999997,1,1797.35988914132,2.69504568872885,0,13.9975989136011,-1.28493348981613,0,-5.24486467106564
436,133.499999999997,2,572,99.8214320987663,0,2.47106509694611e-16,4.03555555555538,0,90
436,133.499999999997,3,1182,99.9692315541618,0,4.28604511008733e-16,6.99964285714288,0,90
436,133.499999999997,4,1182,99.7450332409986,0,9.17808320866253e-16,14.9889473684211,0,90
436,133.499999999997,5,1832.98222222218,0,0,11.9466666666669,0,0,0
436,133.499999999997,6,1775.83693846061,0,0,0.3,0,0,0
436,133.599999999997,1,1798.76155281332,2.56104092832465,0,14.0356908907353,-1.39362993719677,0,-5.67041894375095
436,133.599999999997,2,572,99.8214320987663,0,2.47106509694611e-16,4.03555555555538,0,90
436,133.599999999997,3,1182,99.9692315541618,0,4.28604511008733e-16,6.99964285714288,0,90
436,133.599999999997,4,1182,99.7450332409986,0,9.17808320866253e-16,14.9889473684211,0,90
436,133.599999999997,5,1834.17648888885,0,0,11.9386666666669,0,0,0
436,133.599999999997,6,1775.83693846061,0,0,0.3,0,0,0
436,133.699999999997,1,1800.167034373,2.41662924823127,0,14.07399396866,-1.49303996348174,0,-6.05557527438847
436,133.699999999997,2,572,99.8214320987663,0,2.47106509694611e-16,4.03555555555538,0,90
436,133.699999999997,3,1182,99.9692315541618,0,4.28604511008733e-16,6.99964285714288,0,90
436,133.699999999997,4,1182,99.7450332409986,0,9.17808320866253e-16,14.9889473684211,0,90
436,133.699999999997,5,1835.36995555552,0,0,11.9306666666669,0,0,0
436,133.699999999997,6,1775.83693846061,0,0,0.3,0,0,0
436,133.799999999997,1,1801.57636586317,2.26274887671982,0,14.1127241911288,-1.58297171969438,0,-6.39990404132869
436,133.799999999997,2,572,99.8214320987663,0,2.47106509694611e-16,4.03555555555538,0,90
436,133.799999999997,3,1182,99.9692315541618,0,4.28604511008733e-16,6.99964285714288,0,90
436,133.799999999997,4,1182,99.7450332409986,0,9.17808320866253e-16,14.9889473684211,0,90
436,133.799999999997,5,1836.56262222218,0,0,11.9226666666669,0,0,0
436,133.799999999997,6,1775.83693846061,0,0,0.3,0,0,0
436,133.899999999997,1,1802.98960013076,2.10035727676687,0,14.1520814260001,-1.66323224095979,0,-6.7029741555285
436,133.899999999997,2,572,99.8214320987663,0,2.47106509694611e-16,4.03555555555538,0,90
436,133.899999999997,3,1182,99.9692315541618,0,4.28604511008733e-16,6.99964285714288,0,90
436,133.899999999997,4,1182,99.7450332409986,0,9.17808320866253e-16,14.9889473684211,0,90
436,133.899999999997,5,1837.75448888885,0,0,11.9146666666669,0,0,0
436,133.899999999997,6,1775.83693846061,0,0,0.3,0,0,0
436,133.999999999997,1,1804.4068091577,1.93043129298703,0,14.1922483319244,-1.73362674565779,0,-6.96435306055117
436,133.999999999997,2,572,99.8214320987663,0,2.47106509694611e-16,4.03555555555538,0,90
436,133.999999999997,3,1182,99.9692315541618,0,4.28604511008733e-16,6.99964285714288,0,90
436,133.999999999997,4,1182,99.7450332409986,0,9.17808320866253e-16,14.9889473684211,0,90
436,133.999999999997,5,1838.94555555552,0,0,11.9066666666669,0,0,0
436,133.999999999997,6,1775.83693846061,0,0,0.3,0,0,0
436,134.099999999997,1,1805.82808228747,1.75396736674166,0,14.2333893028574,-1.79395797381882,0,-7.1836067325664
436,134.099999999997,2,572,99.8214320987663,0,2.47106509694611e-16,4.03555555555538,0,90
436,134.099999999997,3,1182,99.9692315541618,0,4.28604511008733e-16,6.99964285714288,0,90
436,134.099999999997,4,1182,99.7450332409986,0,9.17808320866253e-16,14.9889473684211,0,90
436,134.099999999997,5,1840.13582222218,0,0,11.8986666666669,0,0,0
436,134.099999999997,6,1775.83693846061,0,0,0.3,0,0,0
436,134.199999999997,1,1807.25352434477,1.57198181517349,0,14.2756493869299,-1.84402557132764,0,-7.36029968035025
436,134.199999999997,2,572,99.8214320987663,0,2.47106509694611e-16,4.03555555555538,0,90
436,134.199999999997,3,1182,99.9692315541618,0,4.28604511008733e-16,6.99964285714288,0,90
436,134.199999999997,4,1182,99.7450332409986,0,9.17808320866253e-16,14.9889473684211,0,90
436,134.199999999997,5,1841.32528888885,0,0,11.8906666666669,0,0,0
436,134.199999999997,6,1775.83693846061,0,0,0.3,0,0,0
436,134.299999999997,1,1808.67759695467,1.38648462335932,0,14.1910821062965,-1.85887936471961,0,-7.46264358933729
436,134.299999999997,2,572,99.8214320987663,0,2.47106509694611e-16,4.03555555555538,0,90
436,134.299999999997,3,1182,99.9692315541618,0,4.28604511008733e-16,6.99964285714288,0,90
436,134.299999999997,4,1182,99.7450332409986,0,9.17808320866253e-16,14.9889473684211,0,90
436,134.299999999997,5,1842.51395555552,0,0,11.8826666666669,0,0,0
436,134.299999999997,6,1775.83693846061,0,0,0.3,0,0,0
436,134.399999999997,1,1810.09176934355,1.20123475951121,0,14.0930166778868,-1.84114337375012,0,-7.44309567541265
436,134.399999999997,2,572,99.8214320987663,0,2.47106509694611e-16,4.03555555555538,0,90
436,134.399999999997,3,1182,99.9692315541618,0,4.28604511008733e-16,6.99964285714288,0,90
436,134.399999999997,4,1182,99.7450332409986,0,9.17808320866253e-16,14.9889473684211,0,90
436,134.399999999997,5,1843.70182222218,0,0,11.8746666666669,0,0,0
436,134.399999999997,6,1775.83693846061,0,0,0.3,0,0,0
436,134.499999999997,1,1811.49632634455,1.01923026245079,0,13.9987270266803,-1.79417647833294,0,-7.30361683386252
436,134.499999999997,2,572,99.8214320987663,0,2.47106509694611e-16,4.03555555555538,0,90
436,134.499999999997,3,1182,99.9692315541618,0,4.28604511008733e-16,6.99964285714288,0,90
436,134.499999999997,4,1182,99.7450332409986,0,9.17808320866253e-16,14.9889473684211,0,90
436,134.499999999997,5,1844.88888888885,0,0,11.8666666666669,0,0,0
436,134.499999999997,6,1775.83693846061,0,0,0.3,0,0,0
436,134.599999999997,1,1812.89162850713,0.843333610491656,0,13.9078448912026,-1.71918385099367,0,-7.04672969796518
436,134.599999999997,2,572,99.8214320987663,0,2.47106509694611e-16,4.03555555555538,0,90
436,134.599999999997,3,1182,99.9692315541618,0,4.28604511008733e-16,6.99964285714288,0,90
436,134.599999999997,4,1182,99.7450332409986,0,9.17808320866253e-16,14.9889473684211,0,90
436,134.599999999997,5,1846.07515555552,0,0,11.8586666666669,0,0,0
436,134.599999999997,6,1775.83693846061,0,0,0.3,0,0,0
436,134.699999999997,1,1814.27799155034,0.676288800482148,0,13.8198449351006,-1.61733084455274,0,-6.67493917194789
436,134.699999999997,2,572,99.8214320987663,0,2.47106509694611e-16,4.03555555555538,0,90
436,134.699999999997,3,1182,99.9692315541618,0,4.28604511008733e-16,6.99964285714288,0,90
436,134.699999999997,4,1182,99.7450332409986,0,9.17808320866253e-16,14.9889473684211,0,90
436,134.699999999997,5,1847.26062222218,0,0,11.8506666666669,0,0,0
436,134.699999999997,6,1775.83693846061,0,0,0.3,0,0,0
436,134.799999999997,1,1815.65567154105,0.520725040752265,0,13.734062290721,-1.48974896429095,0,-6.19073243098687
436,134.799999999997,2,572,99.8214320987663,0,2.47106509694611e-16,4.03555555555538,0,90
436,134.799999999997,3,1182,99.9692315541618,0,4.28604511008733e-16,6.99964285714288,0,90
436,134.799999999997,4,1182,99.7450332409986,0,9.17808320866253e-16,14.9889473684211,0,90
436,134.799999999997,5,1848.44528888885,0,0,11.8426666666669,0,0,0
436,134.799999999997,6,1775.83693846061,0,0,0.3,0,0,0
436,134.899999999997,1,1817.02485177714,0.379159794383372,0,13.6497091344759,-1.3375428399124,0,-5.59657892120732
436,134.899999999997,2,572,99.8214320987663,0,2.47106509694611e-16,4.03555555555538,0,90
436,134.899999999997,3,1182,99.9692315541618,0,4.28604511008733e-16,6.99964285714288,0,90
436,134.899999999997,4,1182,99.7450332409986,0,9.17808320866253e-16,14.9889473684211,0,90
436,134.899999999997,5,1849.62915555552,0,0,11.8346666666669,0,0,0
436,134.899999999997,6,1775.83693846061,0,0,0.3,0,0,0
436,134.999999999997,1,1818.3856312848,0.254001087133808,0,13.5658904116309,-1.16179791605293,0,-4.89493035968339
436,134.999999999997,2,572,99.8214320987663,0,2.47106509694611e-16,4.03555555555538,0,90
436,134.999999999997,3,1182,99.9692315541618,0,4.28604511008733e-16,6.99964285714288,0,90
436,134.999999999997,4,1182,99.7450332409986,0,9.17808320866253e-16,14.9889473684211,0,90
436,134.999999999997,5,1850.81222222218,0,0,11.8266666666669,0,0,0
436,134.999999999997,6,1775.83693846061,0,0,0.3,0,0,0
436,135.099999999997,1,1819.73801485057,0.147549021032691,0,13.4816188284957,-0.963588608455536,0,-4.08822073443821
436,135.099999999997,2,572,99.8214320987663,0,2.47106509694611e-16,4.03555555555538,0,90
436,135.099999999997,3,1182,99.9692315541618,0,4.28604511008733e-16,6.99964285714288,0,90
436,135.099999999997,4,1182,99.7450332409986,0,9.17808320866253e-16,14.9889473684211,0,90
436,135.099999999997,5,1851.99448888885,0,0,11.8186666666669,0,0,0
436,135.099999999997,6,1775.83693846061,0,0,0.3,0,0,0
436,135.199999999997,1,1821.08190452091,0.0619964586554422,0,13.395829226015,-0.743986698168593,0,-3.17886630444389
436,135.199999999997,2,572,99.8214320987663,0,2.47106509694611e-16,4.03555555555538,0,90
436,135.199999999997,3,1182,99.9692315541618,0,4.28604511008733e-16,6.99964285714288,0,90
436,135.199999999997,4,1182,99.7450332409986,0,9.17808320866253e-16,14.9889473684211,0,90
436,135.199999999997,5,1853.17595555552,0,0,11.8106666666669,0,0,0
436,135.199999999997,6,1775.83693846061,0,0,0.3,0,0,0
436,135.299999999997,1,1822.41912756209,-0.00116953238533052,0,13.3559841644855,-0.524246837296513,0,-2.24781034051986
436,135.299999999997,2,572,99.8214320987663,0,2.47106509694611e-16,4.03555555555538,0,90
436,135.299999999997,3,1182,99.9692315541618,0,4.28604511008733e-16,6.99964285714288,0,90
436,135.299999999997,4,1182,99.7450332409986,0,9.17808320866253e-16,14.9889473684211,0,90
436,135.299999999997,5,1854.35662222218,0,0,11.8026666666669,0,0,0
436,135.299999999997,6,1775.83693846061,0,0,0.3,0,0,0
436,135.399999999997,1,1823.75303917141,-0.0438673809894005,0,13.3216434715967,-0.334744260153016,0,-1.43941685607265
436,135.399999999997,2,572,99.8214320987663,0,2.47106509694611e-16,4.03555555555538,0,90
436,135.399999999997,3,1182,99.9692315541618,0,4.28604511008733e-16,6.99964285714288,0,90
436,135.399999999997,4,1182,99.7450332409986,0,9.17808320866253e-16,14.9889473684211,0,90
436,135.399999999997,5,1855.53648888885,0,0,11.7946666666669,0,0,0
436,135.399999999997,6,1775.83693846061,0,0,0.3,0,0,0
436,135.499999999997,1,1825.08335548651,-0.0691175904015986,0,13.2842725041482,-0.175216814046351,0,-0.755675693022023
436,135.499999999997,2,572,99.8214320987663,0,2.47106509694611e-16,4.03555555555538,0,90
436,135.499999999997,3,1182,99.9692315541618,0,4.28604511008733e-16,6.99964285714288,0,90
436,135.499999999997,4,1182,99.7450332409986,0,9.17808320866253e-16,14.9889473684211,0,90
436,135.499999999997,5,1856.71555555552,0,0,11.7866666666669,0,0,0
436,135.499999999997,6,1775.83693846061,0,0,0.3,0,0,0
436,135.599999999997,1,1826.40982819774,-0.0798940407795511,0,13.2449303887736,-0.0451876310362367,0,-0.195474828737914
436,135.599999999997,2,572,99.8214320987663,0,2.47106509694611e-16,4.03555555555538,0,90
436,135.599999999997,3,1182,99.9692315541618,0,4.28604511008733e-16,6.99964285714288,0,90
436,135.599999999997,4,1182,99.7450332409986,0,9.17808320866253e-16,14.9889473684211,0,90
436,135.599999999997,5,1857.89382222218,0,0,11.7786666666669,0,0,0
436,135.599999999997,6,1775.83693846061,0,0,0.3,0,0,0
436,135.699999999997,1,1827.73230447267,-0.0791218509946079,0,13.2044688837709,0.0558398492310493,0,0.242294381252966
436,135.699999999997,2,572,99.8214320987663,0,2.47106509694611e-16,4.03555555555538,0,90
436,135.699999999997,3,1182,99.9692315541618,0,4.28604511008733e-16,6.99964285714288,0,90
436,135.699999999997,4,1182,99.7450332409986,0,9.17808320866253e-16,14.9889473684211,0,90
436,135.699999999997,5,1859.07128888885,0,0,11.7706666666669,0,0,0
436,135.699999999997,6,1775.83693846061,0,0,0.3,0,0,0
436,135.799999999997,1,1829.0507066241,-0.0696759071204959,0,13.1635404978118,0.128372334240861,0,0.558737203267148
436,135.799999999997,2,572,99.8214320987663,0,2.47106509694611e-16,4.03555555555538,0,90
436,135.799999999997,3,1182,99.9692315541618,0,4.28604511008733e-16,6.99964285714288,0,90
436,135.799999999997,4,1182,99.7450332409986,0,9.17808320866253e-16,14.9889473684211,0,90
436,135.799999999997,5,1860.24795555552,0,0,11.7626666666669,0,0,0
436,135.799999999997,6,1775.83693846061,0,0,0.3,0,0,0
436,135.899999999997,1,1830.36501259393,-0.0543802254852583,0,13.1226066647575,0.172919504390599,0,0.754955525464396
436,135.899999999997,2,572,99.8214320987663,0,2.47106509694611e-16,4.03555555555538,0,90
436,135.899999999997,3,1182,99.9692315541618,0,4.28604511008733e-16,6.99964285714288,0,90
436,135.899999999997,4,1182,99.7450332409986,0,9.17808320866253e-16,14.9889473684211,0,90
436,135.899999999997,5,1861.42382222218,0,0,11.7546666666669,0,0,0
436,135.899999999997,6,1775.83693846061,0,0,0.3,0,0,0
436,135.999999999997,1,1831.67523725249,-0.0360079216043202,0,13.0819458633959,0.189989041889601,0,0.83204785784771
436,135.999999999997,2,572,99.8214320987663,0,2.47106509694611e-16,4.03555555555538,0,90
436,135.999999999997,3,1182,99.9692315541618,0,4.28604511008733e-16,6.99964285714288,0,90
436,135.999999999997,4,1182,99.7450332409986,0,9.17808320866253e-16,14.9889473684211,0,90
436,135.999999999997,5,1862.59888888885,0,0,11.7466666666669,0,0,0
436,135.999999999997,6,1775.83693846061,0,0,0.3,0,0,0
436,136.099999999997,1,1832.98141450381,-0.0172815729133148,0,13.0416616074352,0.180083698998195,0,0.791109332263329
436,136.099999999997,2,572,99.8214320987663,0,2.47106509694611e-16,4.03555555555538,0,90
436,136.099999999997,3,1182,99.9692315541618,0,4.28604511008733e-16,6.99964285714288,0,90
436,136.099999999997,4,1182,99.7450332409986,0,9.17808320866253e-16,14.9889473684211,0,90
436,136.099999999997,5,1863.77315555552,0,0,11.7386666666669,0,0,0
436,136.099999999997,6,1775.83693846061,0,0,0.3,0,0,0
436,136.199999999997,1,1834.28358018159,-0.000873779328593699,0,13.0016902635676,0.143700247371398,0,0.633231702400722
436,136.199999999997,2,572,99.8214320987663,0,2.47106509694611e-16,4.03555555555538,0,90
436,136.199999999997,3,1182,99.9692315541618,0,4.28604511008733e-16,6.99964285714288,0,90
436,136.199999999997,4,1182,99.7450332409986,0,9.17808320866253e-16,14.9889473684211,0,90
436,136.199999999997,5,1864.94662222218,0,0,11.7306666666669,0,0,0
436,136.199999999997,6,1775.83693846061,0,0,0.3,0,0,0
436,136.299999999997,1,1835.58173415091,0.0110462415478951,0,12.9613262975355,0.0958224830801006,0,0.423577318870102
436,136.299999999997,2,572,99.8214320987663,0,2.47106509694611e-16,4.03555555555538,0,90
436,136.299999999997,3,1182,99.9692315541618,0,4.28604511008733e-16,6.99964285714288,0,90
436,136.299999999997,4,1182,99.7450332409986,0,9.17808320866253e-16,14.9889473684211,0,90
436,136.299999999997,5,1866.11928888885,0,0,11.7226666666669,0,0,0
436,136.299999999997,6,1775.83693846061,0,0,0.3,0,0,0
436,136.399999999997,1,1836.87583860963,0.018525010445615,0,12.9207348387716,0.0549145684483333,0,0.243512006132267
436,136.399999999997,2,572,99.8214320987663,0,2.47106509694611e-16,4.03555555555538,0,90
436,136.399999999997,3,1182,99.9692315541618,0,4.28604511008733e-16,6.99964285714288,0,90
436,136.399999999997,4,1182,99.7450332409986,0,9.17808320866253e-16,14.9889473684211,0,90
436,136.399999999997,5,1867.29115555551,0,0,11.7146666666669,0,0,0
436,136.399999999997,6,1775.83693846061,0,0,0.3,0,0,0
436,136.499999999997,1,1838.1658765388,0.0222594076098522,0,12.8800055912562,0.0209142447572439,0,0.0930354334586046
436,136.499999999997,2,572,99.8214320987663,0,2.47106509694611e-16,4.03555555555538,0,90
436,136.499999999997,3,1182,99.9692315541618,0,4.28604511008733e-16,6.99964285714288,0,90
436,136.499999999997,4,1182,99.7450332409986,0,9.17808320866253e-16,14.9889473684211,0,90
436,136.499999999997,5,1868.46222222218,0,0,11.7066666666669,0,0,0
436,136.499999999997,6,1775.83693846061,0,0,0.3,0,0,0
436,136.599999999997,1,1839.45183693099,0.0229339616681412,0,12.8391920606422,-0.00630298631591205,0,-0.0281275086090778
436,136.599999999997,2,572,99.8214320987663,0,2.47106509694611e-16,4.03555555555538,0,90
436,136.599999999997,3,1182,99.9692315541618,0,4.28604511008733e-16,6.99964285714288,0,90
436,136.599999999997,4,1182,99.7450332409986,0,9.17808320866253e-16,14.9889473684211,0,90
436,136.599999999997,5,1869.63248888885,0,0,11.6986666666669,0,0,0
436,136.599999999997,6,1775.83693846061,0,0,0.3,0,0,0
436,136.699999999997,1,1840.7337135605,0.0212207869085761,0,12.798336456741,-0.0268608924243216,0,-0.120251058827153
436,136.699999999997,2,572,99.8214320987663,0,2.47106509694611e-16,4.03555555555538,0,90
436,136.699999999997,3,1182,99.9692315541618,0,4.28604511008733e-16,6.99964285714288,0,90
436,136.699999999997,4,1182,99.7450332409986,0,9.17808320866253e-16,14.9889473684211,0,90
436,136.699999999997,5,1870.80195555551,0,0,11.6906666666669,0,0,0
436,136.699999999997,6,1775.83693846061,0,0,0.3,0,0,0
436,136.799999999997,1,1842.01150387791,0.0177796620568458,0,12.7574701753537,-0.040882401608099,0,-0.183608585250171
436,136.799999999997,2,572,99.8214320987663,0,2.47106509694611e-16,4.03555555555538,0,90
436,136.799999999997,3,1182,99.9692315541618,0,4.28604511008733e-16,6.99964285714288,0,90
436,136.799999999997,4,1182,99.7450332409986,0,9.17808320866253e-16,14.9889473684211,0,90
436,136.799999999997,5,1871.97062222218,0,0,11.6826666666669,0,0,0
436,136.799999999997,6,1775.83693846061,0,0,0.3,0,0,0
436,136.899999999997,1,1843.28520795242,0.0132581184096066,0,12.7166142702657,-0.0484895237200842,0,-0.218472585230865
436,136.899999999997,2,572,99.8214320987663,0,2.47106509694611e-16,4.03555555555538,0,90
436,136.899999999997,3,1182,99.9692315541618,0,4.28604511008733e-16,6.99964285714288,0,90
436,136.899999999997,4,1182,99.7450332409986,0,9.17808320866253e-16,14.9889473684211,0,90
436,136.899999999997,5,1873.13848888885,0,0,11.6746666666669,0,0,0
436,136.899999999997,6,1775.83693846061,0,0,0.3,0,0,0
436,136.999999999997,1,1844.55482746078,0.00829153440300561,0,12.6757799152285,-0.049803299921504,0,-0.225114685420144
436,136.999999999997,2,572,99.8214320987663,0,2.47106509694611e-16,4.03555555555538,0,90
436,136.999999999997,3,1182,99.9692315541618,0,4.28604511008733e-16,6.99964285714288,0,90
436,136.999999999997,4,1182,99.7450332409986,0,9.17808320866253e-16,14.9889473684211,0,90
436,136.999999999997,5,1874.30555555551,0,0,11.6666666666669,0,0,0
436,136.999999999997,6,1775.83693846061,0,0,0.3,0,0,0
436,137.099999999996,1,1845.82036472197,0.00350323392048531,0,12.6349688558653,-0.0449437780404934,0,-0.203805641767099
436,137.099999999996,2,572,99.8214320987663,0,2.47106509694611e-16,4.03555555555538,0,90
436,137.099999999996,3,1182,99.9692315541618,0,4.28604511008733e-16,6.99964285714288,0,90
436,137.099999999996,4,1182,99.7450332409986,0,9.17808320866253e-16,14.9889473684211,0,90
436,137.099999999996,5,1875.47182222218,0,0,11.6586666666669,0,0,0
436,137.099999999996,6,1775.83693846061,0,0,0.3,0,0,0
436,137.199999999996,1,1847.08182174787,-0.000495782003582177,0,12.5941697217217,-0.034107952899785,0,-0.155169972644162
436,137.199999999996,2,572,99.8214320987663,0,2.47106509694611e-16,4.03555555555538,0,90
436,137.199999999996,3,1182,99.9692315541618,0,4.28604511008733e-16,6.99964285714288,0,90
436,137.199999999996,4,1182,99.7450332409986,0,9.17808320866253e-16,14.9889473684211,0,90
436,137.199999999996,5,1876.63728888885,0,0,11.6506666666669,0,0,0
436,137.199999999996,6,1775.83693846061,0,0,0.3,0,0,0
436,137.299999999996,1,1848.33919734018,-0.00329687322032481,0,12.5533396044603,-0.0222158269474184,0,-0.10139706514414
436,137.299999999996,2,572,99.8214320987663,0,2.47106509694611e-16,4.03555555555538,0,90
436,137.299999999996,3,1182,99.9692315541618,0,4.28604511008733e-16,6.99964285714288,0,90
436,137.299999999996,4,1182,99.7450332409986,0,9.17808320866253e-16,14.9889473684211,0,90
436,137.299999999996,5,1877.80195555551,0,0,11.6426666666669,0,0,0
436,137.299999999996,6,1775.83693846061,0,0,0.3,0,0,0
436,137.399999999996,1,1849.59248924504,-0.00499878259078236,0,12.512496748062,-0.0121187655551164,0,-0.0554928337711641
436,137.399999999996,2,572,99.8214320987663,0,2.47106509694611e-16,4.03555555555538,0,90
436,137.399999999996,3,1182,99.9692315541618,0,4.28604511008733e-16,6.99964285714288,0,90
436,137.399999999996,4,1182,99.7450332409986,0,9.17808320866253e-16,14.9889473684211,0,90
436,137.399999999996,5,1878.96582222218,0,0,11.6346666666669,0,0,0
436,137.399999999996,6,1775.83693846061,0,0,0.3,0,0,0
436,137.499999999996,1,1850.84169640753,-0.00577935577126939,0,12.4716453973389,-0.00378359606251303,0,-0.0173821554580004
436,137.499999999996,2,572,99.8214320987663,0,2.47106509694611e-16,4.03555555555538,0,90
436,137.499999999996,3,1182,99.9692315541618,0,4.28604511008733e-16,6.99964285714288,0,90
436,137.499999999996,4,1182,99.7450332409986,0,9.17808320866253e-16,14.9889473684211,0,90
436,137.499999999996,5,1880.12888888885,0,0,11.6266666666669,0,0,0
436,137.499999999996,6,1775.83693846061,0,0,0.3,0,0,0
436,137.599999999996,1,1852.08681815731,-0.00581313418568565,0,12.4307890053014,0.00282259320329764,0,0.0130098479656368
436,137.599999999996,2,572,99.8214320987663,0,2.47106509694611e-16,4.03555555555538,0,90
436,137.599999999996,3,1182,99.9692315541618,0,4.28604511008733e-16,6.99964285714288,0,90
436,137.599999999996,4,1182,99.7450332409986,0,9.17808320866253e-16,14.9889473684211,0,90
436,137.599999999996,5,1881.29115555551,0,0,11.618666666667,0,0,0
436,137.599999999996,6,1775.83693846061,0,0,0.3,0,0,0
436,137.699999999996,1,1853.3278541312,-0.00527138120861033,0,12.3899302673705,0.00773245134086681,0,0.0357578097730862
436,137.699999999996,2,572,99.8214320987663,0,2.47106509694611e-16,4.03555555555538,0,90
436,137.699999999996,3,1182,99.9692315541618,0,4.28604511008733e-16,6.99964285714288,0,90
436,137.699999999996,4,1182,99.7450332409986,0,9.17808320866253e-16,14.9889473684211,0,90
436,137.699999999996,5,1882.45262222218,0,0,11.610666666667,0,0,0
436,137.699999999996,6,1775.83693846061,0,0,0.3,0,0,0
436,137.799999999996,1,1854.56480419906,-0.00432210847781528,0,12.349071154842,0.0109783638654637,0,0.0509361183407394
436,137.799999999996,2,572,99.8214320987663,0,2.47106509694611e-16,4.03555555555538,0,90
436,137.799999999996,3,1182,99.9692315541618,0,4.28604511008733e-16,6.99964285714288,0,90
436,137.799999999996,4,1182,99.7450332409986,0,9.17808320866253e-16,14.9889473684211,0,90
436,137.799999999996,5,1883.61328888885,0,0,11.602666666667,0,0,0
436,137.799999999996,6,1775.83693846061,0,0,0.3,0,0,0
436,137.899999999996,1,1855.79766839307,-0.0031301022806023,0,12.3082129476075,0.0125924522343849,0,0.0586189171480404
436,137.899999999996,2,572,99.8214320987663,0,2.47106509694611e-16,4.03555555555538,0,90
436,137.899999999996,3,1182,99.9692315541618,0,4.28604511008733e-16,6.99964285714288,0,90
436,137.899999999996,4,1182,99.7450332409986,0,9.17808320866253e-16,14.9889473684211,0,90
436,137.899999999996,5,1884.77315555551,0,0,11.594666666667,0,0,0
436,137.899999999996,6,1775.83693846061,0,0,0.3,0,0,0
436,137.999999999996,1,1857.02644684014,-0.00185694996265176,0,12.2673562661418,0.0126065738645806,0,0.0588801047774861
436,137.999999999996,2,572,99.8214320987663,0,2.47106509694611e-16,4.03555555555538,0,90
436,137.999999999996,3,1182,99.9692315541618,0,4.28604511008733e-16,6.99964285714288,0,90
436,137.999999999996,4,1182,99.7450332409986,0,9.17808320866253e-16,14.9889473684211,0,90
436,137.999999999996,5,1885.93222222218,0,0,11.586666666667,0,0,0
436,137.999999999996,6,1775.83693846061,0,0,0.3,0,0,0
436,138.099999999996,1,1858.25113969757,-0.000661066312173121,0,12.2265011027656,0.0110523226024427,0,0.0517933349146262
436,138.099999999996,2,572,99.8214320987663,0,2.47106509694611e-16,4.03555555555538,0,90
436,138.099999999996,3,1182,99.9692315541618,0,4.28604511008733e-16,6.99964285714288,0,90
436,138.099999999996,4,1182,99.7450332409986,0,9.17808320866253e-16,14.9889473684211,0,90
436,138.099999999996,5,1887.09048888885,0,0,11.578666666667,0,0,0
436,138.099999999996,6,1775.83693846061,0,0,0.3,0,0,0
436,138.199999999996,1,1859.4717494624,0.000303708493131335,0,12.1857818144856,0.00808290593304758,0,0.0380046463407428
436,138.199999999996,2,572,99.8214320987663,0,2.47106509694611e-16,4.03555555555538,0,90
436,138.199999999996,3,1182,99.9692315541618,0,4.28604511008733e-16,6.99964285714288,0,90
436,138.199999999996,4,1182,99.7450332409986,0,9.17808320866253e-16,14.9889473684211,0,90
436,138.199999999996,5,1888.24795555551,0,0,11.570666666667,0,0,0
436,138.199999999996,6,1775.83693846061,0,0,0.3,0,0,0
436,138.299999999996,1,1860.68830412237,0.000961783169529649,0,12.1453112279544,0.00515435328906022,0,0.0243157763773793
436,138.299999999996,2,572,99.8214320987663,0,2.47106509694611e-16,4.03555555555538,0,90
436,138.299999999996,3,1182,99.9692315541618,0,4.28604511008733e-16,6.99964285714288,0,90
436,138.299999999996,4,1182,99.7450332409986,0,9.17808320866253e-16,14.9889473684211,0,90
436,138.299999999996,5,1889.40462222218,0,0,11.562666666667,0,0,0
436,138.299999999996,6,1775.83693846061,0,0,0.3,0,0,0
436,138.399999999996,1,1861.90081168175,0.0013495894557655,0,12.1048398523456,0.00267611213584672,0,0.0126668283314814
436,138.399999999996,2,572,99.8214320987663,0,2.47106509694611e-16,4.03555555555538,0,90
436,138.399999999996,3,1182,99.9692315541618,0,4.28604511008733e-16,6.99964285714288,0,90
436,138.399999999996,4,1182,99.7450332409986,0,9.17808320866253e-16,14.9889473684211,0,90
436,138.399999999996,5,1890.56048888885,0,0,11.554666666667,0,0,0
436,138.399999999996,6,1775.83693846061,0,0,0.3,0,0,0
436,138.499999999996,1,1863.10927207559,0.00151173187487534,0,12.0643679576793,0.000639661667889867,0,0.00303786439377591
436,138.499999999996,2,572,99.8214320987663,0,2.47106509694611e-16,4.03555555555538,0,90
436,138.499999999996,3,1182,99.9692315541618,0,4.28604511008733e-16,6.99964285714288,0,90
436,138.499999999996,4,1182,99.7450332409986,0,9.17808320866253e-16,14.9889473684211,0,90
436,138.499999999996,5,1891.71555555551,0,0,11.546666666667,0,0,0
436,138.499999999996,6,1775.83693846061,0,0,0.3,0,0,0
436,138.599999999996,1,1864.31368526332,0.0014919663808093,0,12.0238957625142,-0.000963448722620066,0,-0.00459098669479129
436,138.599999999996,2,572,99.8214320987663,0,2.47106509694611e-16,4.03555555555538,0,90
436,138.599999999996,3,1182,99.9692315541618,0,4.28604511008733e-16,6.99964285714288,0,90
436,138.599999999996,4,1182,99.7450332409986,0,9.17808320866253e-16,14.9889473684211,0,90
436,138.599999999996,5,1892.86982222218,0,0,11.538666666667,0,0,0
436,138.599999999996,6,1775.83693846061,0,0,0.3,0,0,0
436,138.699999999996,1,1865.51405122377,0.00133320736855083,0,11.9834234362242,-0.00214159964049049,0,-0.0102395296430556
436,138.699999999996,2,572,99.8214320987663,0,2.47106509694611e-16,4.03555555555538,0,90
436,138.699999999996,3,1182,99.9692315541618,0,4.28604511008733e-16,6.99964285714288,0,90
436,138.699999999996,4,1182,99.7450332409986,0,9.17808320866253e-16,14.9889473684211,0,90
436,138.699999999996,5,1894.02328888885,0,0,11.530666666667,0,0,0
436,138.699999999996,6,1775.83693846061,0,0,0.3,0,0,0
436,138.799999999996,1,1866.71036995033,0.00107753466427362,0,11.9429511012232,-0.00290310189194987,0,-0.0139275026096336
436,138.799999999996,2,572,99.8214320987663,0,2.47106509694611e-16,4.03555555555538,0,90
436,138.799999999996,3,1182,99.9692315541618,0,4.28604511008733e-16,6.99964285714288,0,90
436,138.799999999996,4,1182,99.7450332409986,0,9.17808320866253e-16,14.9889473684211,0,90
436,138.799999999996,5,1895.17595555551,0,0,11.522666666667,0,0,0
436,138.799999999996,6,1775.83693846061,0,0,0.3,0,0,0
436,138.899999999996,1,1867.90264144636,0.000766200494601701,0,11.9024788351404,-0.00325619669803624,0,-0.0156745772029231
436,138.899999999996,2,572,99.8214320987663,0,2.47106509694611e-16,4.03555555555538,0,90
436,138.899999999996,3,1182,99.9692315541618,0,4.28604511008733e-16,6.99964285714288,0,90
436,138.899999999996,4,1182,99.7450332409986,0,9.17808320866253e-16,14.9889473684211,0,90
436,138.899999999996,5,1896.32782222218,0,0,11.514666666667,0,0,0
436,138.899999999996,6,1775.83693846061,0,0,0.3,0,0,0
436,138.999999999996,1,1869.09086572086,0.000439636434112635,0,11.8620066729444,-0.00320905591622948,0,-0.0155003584811031
436,138.999999999996,2,572,99.8214320987663,0,2.47106509694611e-16,4.03555555555538,0,90
436,138.999999999996,3,1182,99.9692315541618,0,4.28604511008733e-16,6.99964285714288,0,90
436,138.999999999996,4,1182,99.7450332409986,0,9.17808320866253e-16,14.9889473684211,0,90
436,138.999999999996,5,1897.47888888885,0,0,11.506666666667,0,0,0
436,138.999999999996,6,1775.83693846061,0,0,0.3,0,0,0
436,139.099999999996,1,1870.27504278427,0.0001374603302942,0,11.8215346090182,-0.00276978226963739,0,-0.0134243849521335
436,139.099999999996,2,572,99.8214320987663,0,2.47106509694611e-16,4.03555555555538,0,90
436,139.099999999996,3,1182,99.9692315541618,0,4.28604511008733e-16,6.99964285714288,0,90
436,139.099999999996,4,1182,99.7450332409986,0,9.17808320866253e-16,14.9889473684211,0,90
436,139.099999999996,5,1898.62915555551,0,0,11.498666666667,0,0,0
436,139.099999999996,6,1775.83693846061,0,0,0.3,0,0,0
436,139.199999999996,1,1871.45518466033,-0.000102359941631054,0,11.7815761943232,-0.00200037330106272,0,-0.00972815051312187
436,139.199999999996,2,572,99.8214320987663,0,2.47106509694611e-16,4.03555555555538,0,90
436,139.199999999996,3,1182,99.9692315541618,0,4.28604511008733e-16,6.99964285714288,0,90
436,139.199999999996,4,1182,99.7450332409986,0,9.17808320866253e-16,14.9889473684211,0,90
436,139.199999999996,5,1899.77862222218,0,0,11.490666666667,0,0,0
436,139.199999999996,6,1775.83693846061,0,0,0.3,0,0,0
436,139.299999999996,1,1872.63137355969,-0.000265132902986712,0,11.7422017829204,-0.00127369921518212,0,-0.006214983395958
436,139.299999999996,2,572,99.8214320987663,0,2.47106509694611e-16,4.03555555555538,0,90
436,139.299999999996,3,1182,99.9692315541618,0,4.28604511008733e-16,6.99964285714288,0,90
436,139.299999999996,4,1182,99.7450332409986,0,9.17808320866253e-16,14.9889473684211,0,90
436,139.299999999996,5,1900.92728888885,0,0,11.482666666667,0,0,0
436,139.299999999996,6,1775.83693846061,0,0,0.3,0,0,0
436,139.399999999996,1,1873.80362501525,-0.0003607871645338,0,11.7028273213799,-0.000657647109424373,0,-0.00321976926639705
436,139.399999999996,2,572,99.8214320987663,0,2.47106509694611e-16,4.03555555555538,0,90
436,139.399999999996,3,1182,99.9692315541618,0,4.28604511008733e-16,6.99964285714288,0,90
436,139.399999999996,4,1182,99.7450332409986,0,9.17808320866253e-16,14.9889473684211,0,90
436,139.399999999996,5,1902.07515555551,0,0,11.474666666667,0,0,0
436,139.399999999996,6,1775.83693846061,0,0,0.3,0,0,0
436,139.499999999996,1,1874.97193902287,-0.000400279557421318,0,11.6634528267498,-0.000150112562359687,0,-0.000737415960984022
436,139.499999999996,2,572,99.8214320987663,0,2.47106509694611e-16,4.03555555555538,0,90
436,139.499999999996,3,1182,99.9692315541618,0,4.28604511008733e-16,6.99964285714288,0,90
436,139.499999999996,4,1182,99.7450332409986,0,9.17808320866253e-16,14.9889473684211,0,90
436,139.499999999996,5,1903.22222222218,0,0,11.466666666667,0,0,0
436,139.499999999996,6,1775.83693846061,0,0,0.3,0,0,0
436,139.599999999996,1,1876.13631557996,-0.000394357344439276,0,11.6240783128636,0.000250991381435359,0,0.00123715157977344
436,139.599999999996,2,572,99.8214320987663,0,2.47106509694611e-16,4.03555555555538,0,90
436,139.599999999996,3,1182,99.9692315541618,0,4.28604511008733e-16,6.99964285714288,0,90
436,139.599999999996,4,1182,99.7450332409986,0,9.17808320866253e-16,14.9889473684211,0,90
436,139.599999999996,5,1904.36848888885,0,0,11.458666666667,0,0,0
436,139.599999999996,6,1775.83693846061,0,0,0.3,0,0,0
436,139.699999999996,1,1877.29675468516,-0.000353559963714584,0,11.5847037904823,0.0005477342694995,0,0.00270899131140503
436,139.699999999996,2,572,99.8214320987663,0,2.47106509694611e-16,4.03555555555538,0,90
436,139.699999999996,3,1182,99.9692315541618,0,4.28604511008733e-16,6.99964285714288,0,90
436,139.699999999996,4,1182,99.7450332409986,0,9.17808320866253e-16,14.9889473684211,0,90
436,139.699999999996,5,1905.51395555551,0,0,11.450666666667,0,0,0
436,139.699999999996,6,1775.83693846061,0,0,0.3,0,0,0
436,139.799999999996,1,1878.45325633803,-0.000288220766586955,0,11.5453292674341,0.000742168299762937,0,0.00368314408547781
436,139.799999999996,2,572,99.8214320987663,0,2.47106509694611e-16,4.03555555555538,0,90
436,139.799999999996,3,1182,99.9692315541618,0,4.28604511008733e-16,6.99964285714288,0,90
436,139.799999999996,4,1182,99.7450332409986,0,9.17808320866253e-16,14.9889473684211,0,90
436,139.799999999996,5,1906.65862222218,0,0,11.442666666667,0,0,0
436,139.799999999996,6,1775.83693846061,0,0,0.3,0,0,0
436,139.899999999996,1,1879.60582053879,-0.000208468749649957,0,11.5059547487511,0.000836328378965989,0,0.00416463364959618
436,139.899999999996,2,572,99.8214320987663,0,2.47106509694611e-16,4.03555555555538,0,90
436,139.899999999996,3,1182,99.9692315541618,0,4.28604511008733e-16,6.99964285714288,0,90
436,139.899999999996,4,1182,99.7450332409986,0,9.17808320866253e-16,14.9889473684211,0,90
436,139.899999999996,5,1907.80248888885,0,0,11.434666666667,0,0,0
436,139.899999999996,6,1775.83693846061,0,0,0.3,0,0,0
436,139.999999999996,1,1880.75444728801,-0.00012423028094357,0,11.4665802368023,0.000832232181208738,0,0.0041584666474019
436,139.999999999996,2,572,99.8214320987663,0,2.47106509694611e-16,4.03555555555538,0,90
436,139.999999999996,3,1182,99.9692315541618,0,4.28604511008733e-16,6.99964285714288,0,90
436,139.999999999996,4,1182,99.7450332409986,0,9.17808320866253e-16,14.9889473684211,0,90
436,139.999999999996,5,1908.94555555551,0,0,11.426666666667,0,0,0
436,139.999999999996,6,1775.83693846061,0,0,0.3,0,0,0
436,140.099999999996,1,1881.89913658638,-4.52308202856825e-05,0,11.4272057314237,0.000731880206620667,0,0.00366963261857409
436,140.099999999996,2,572,99.8214320987663,0,2.47106509694611e-16,4.03555555555538,0,90
436,140.099999999996,3,1182,99.9692315541618,0,4.28604511008733e-16,6.99964285714288,0,90
436,140.099999999996,4,1182,99.7450332409986,0,9.17808320866253e-16,14.9889473684211,0,90
436,140.099999999996,5,1910.08782222218,0,0,11.418666666667,0,0,0
436,140.099999999996,6,1775.83693846061,0,0,0.3,0,0,0
436,140.199999999996,1,1883.04021131691,1.90913702624822e-05,0,11.4073838892245,0.000544722474098336,0,0.0027359733880367
436,140.199999999996,2,572,99.8214320987663,0,2.47106509694611e-16,4.03555555555538,0,90
436,140.199999999996,3,1182,99.9692315541618,0,4.28604511008733e-16,6.99964285714288,0,90
436,140.199999999996,4,1182,99.7450332409986,0,9.17808320866253e-16,14.9889473684211,0,90
436,140.199999999996,5,1911.22928888885,0,0,11.410666666667,0,0,0
436,140.199999999996,6,1775.83693846061,0,0,0.3,0,0,0
436,140.299999999996,1,1884.18194108617,6.40263961355024e-05,0,11.4272114952361,0.000358165190171743,0,0.00179583214742955
436,140.299999999996,2,572,99.8214320987663,0,2.47106509694611e-16,4.03555555555538,0,90
436,140.299999999996,3,1182,99.9692315541618,0,4.28604511008733e-16,6.99964285714288,0,90
436,140.299999999996,4,1182,99.7450332409986,0,9.17808320866253e-16,14.9889473684211,0,90
436,140.299999999996,5,1912.36995555551,0,0,11.402666666667,0,0,0
436,140.299999999996,6,1775.83693846061,0,0,0.3,0,0,0
436,140.399999999996,1,1885.32565361585,9.15663477252577e-05,0,11.4470390977751,0.00019686612848643,0,0.000985372566119118
436,140.399999999996,2,572,99.8214320987663,0,2.47106509694611e-16,4.03555555555538,0,90
436,140.399999999996,3,1182,99.9692315541618,0,4.28604511008733e-16,6.99964285714288,0,90
436,140.399999999996,4,1182,99.7450332409986,0,9.17808320866253e-16,14.9889473684211,0,90
436,140.399999999996,5,1913.50982222218,0,0,11.394666666667,0,0,0
436,140.399999999996,6,1775.83693846061,0,0,0.3,0,0,0
436,140.499999999996,1,1886.47134890565,0.000104250608976388,0,11.4668666979241,6.10967205662578e-05,0,0.000305278183022509
436,140.499999999996,2,572,99.8214320987663,0,2.47106509694611e-16,4.03555555555538,0,90
436,140.499999999996,3,1182,99.9692315541618,0,4.28604511008733e-16,6.99964285714288,0,90
436,140.499999999996,4,1182,99.7450332409986,0,9.17808320866253e-16,14.9889473684211,0,90
436,140.499999999996,5,1914.64888888885,0,0,11.386666666667,0,0,0
436,140.499999999996,6,1775.83693846061,0,0,0.3,0,0,0
436,140.599999999996,1,1887.61902695538,0.000104645766154368,0,11.4866942966018,-4.88704183523669e-05,0,-0.000243766277948285
436,140.599999999996,2,572,99.8214320987663,0,2.47106509694611e-16,4.03555555555538,0,90
436,140.599999999996,3,1182,99.9692315541618,0,4.28604511008733e-16,6.99964285714288,0,90
436,140.599999999996,4,1182,99.7450332409986,0,9.17808320866253e-16,14.9889473684211,0,90
436,140.599999999996,5,1915.78715555551,0,0,11.378666666667,0,0,0
436,140.599999999996,6,1775.83693846061,0,0,0.3,0,0,0
436,140.699999999996,1,1888.76868776494,9.53457263198026e-05,0,11.5065218945588,-0.000132761487259955,0,-0.00066107490788635
436,140.699999999996,2,572,99.8214320987663,0,2.47106509694611e-16,4.03555555555538,0,90
436,140.699999999996,3,1182,99.9692315541618,0,4.28604511008733e-16,6.99964285714288,0,90
436,140.699999999996,4,1182,99.7450332409986,0,9.17808320866253e-16,14.9889473684211,0,90
436,140.699999999996,5,1916.92462222218,0,0,11.370666666667,0,0,0
436,140.699999999996,6,1775.83693846061,0,0,0.3,0,0,0
436,140.799999999996,1,1889.92033133429,7.89718360086921e-05,0,11.5263494923726,-0.00019030149731515,0,-0.000945960612889864
436,140.799999999996,2,572,99.8214320987663,0,2.47106509694611e-16,4.03555555555538,0,90
436,140.799999999996,3,1182,99.9692315541618,0,4.28604511008733e-16,6.99964285714288,0,90
436,140.799999999996,4,1182,99.7450332409986,0,9.17808320866253e-16,14.9889473684211,0,90
436,140.799999999996,5,1918.06128888885,0,0,11.362666666667,0,0,0
436,140.799999999996,6,1775.83693846061,0,0,0.3,0,0,0
436,140.899999999996,1,1891.07395766343,5.8173000118477e-05,0,11.5461770904433,-0.000221214269787808,0,-0.00109773511406209
436,140.899999999996,2,572,99.8214320987663,0,2.47106509694611e-16,4.03555555555538,0,90
436,140.899999999996,3,1182,99.9692315541618,0,4.28604511008733e-16,6.99964285714288,0,90
436,140.899999999996,4,1182,99.7450332409986,0,9.17808320866253e-16,14.9889473684211,0,90
436,140.899999999996,5,1919.19715555551,0,0,11.354666666667,0,0,0
436,140.899999999996,6,1775.83693846061,0,0,0.3,0,0,0
436,140.999999999996,1,1892.22956675239,3.56258009996846e-05,0,11.5660046889885,-0.000225222434004022,0,-0.00111570894751138
436,140.999999999996,2,572,99.8214320987663,0,2.47106509694611e-16,4.03555555555538,0,90
436,140.999999999996,3,1182,99.9692315541618,0,4.28604511008733e-16,6.99964285714288,0,90
436,140.999999999996,4,1182,99.7450332409986,0,9.17808320866253e-16,14.9889473684211,0,90
436,140.999999999996,5,1920.33222222218,0,0,11.346666666667,0,0,0
436,140.999999999996,6,1775.83693846061,0,0,0.3,0,0,0
436,141.099999999996,1,1893.38715860124,1.40346177529672e-05,0,11.5858322880385,-0.000202047425293214,0,-0.000999191464351183
436,141.099999999996,2,572,99.8214320987663,0,2.47106509694611e-16,4.03555555555538,0,90
436,141.099999999996,3,1182,99.9692315541618,0,4.28604511008733e-16,6.99964285714288,0,90
436,141.099999999996,4,1182,99.7450332409986,0,9.17808320866253e-16,14.9889473684211,0,90
436,141.099999999996,5,1921.46648888885,0,0,11.338666666667,0,0,0
436,141.099999999996,6,1775.83693846061,0,0,0.3,0,0,0
436,141.199999999996,1,1894.54657484207,-3.87453106753465e-06,0,11.5926425999323,-0.000152276757654936,0,-0.000752616623505108
436,141.199999999996,2,572,99.8214320987663,0,2.47106509694611e-16,4.03555555555538,0,90
436,141.199999999996,3,1182,99.9692315541618,0,4.28604511008733e-16,6.99964285714288,0,90
436,141.199999999996,4,1182,99.7450332409986,0,9.17808320866253e-16,14.9889473684211,0,90
436,141.199999999996,5,1922.59995555551,0,0,11.330666666667,0,0,0
436,141.199999999996,6,1775.83693846061,0,0,0.3,0,0,0
436,141.299999999996,1,1895.70415554406,-1.64047185090281e-05,0,11.5589714398458,-9.96296891205535e-05,0,-0.000493846769184765
436,141.299999999996,2,572,99.8214320987663,0,2.47106509694611e-16,4.03555555555538,0,90
436,141.299999999996,3,1182,99.9692315541618,0,4.28604511008733e-16,6.99964285714288,0,90
436,141.299999999996,4,1182,99.7450332409986,0,9.17808320866253e-16,14.9889473684211,0,90
436,141.299999999996,5,1923.73262222218,0,0,11.322666666667,0,0,0
436,141.299999999996,6,1775.83693846061,0,0,0.3,0,0,0
436,141.399999999996,1,1896.85836913003,-2.40588501973269e-05,0,11.5253002794879,-5.47340908471196e-05,0,-0.00027209984338398
436,141.399999999996,2,572,99.8214320987663,0,2.47106509694611e-16,4.03555555555538,0,90
436,141.399999999996,3,1182,99.9692315541618,0,4.28604511008733e-16,6.99964285714288,0,90
436,141.399999999996,4,1182,99.7450332409986,0,9.17808320866253e-16,14.9889473684211,0,90
436,141.399999999996,5,1924.86448888885,0,0,11.314666666667,0,0,0
436,141.399999999996,6,1775.83693846061,0,0,0.3,0,0,0
436,141.499999999996,1,1898.00921559995,-2.76056231670001e-05,0,11.4916291189474,-1.74611182300586e-05,0,-8.70588817133846e-05
436,141.499999999996,2,572,99.8214320987663,0,2.47106509694611e-16,4.03555555555538,0,90
436,141.499999999996,3,1182,99.9692315541618,0,4.28604511008733e-16,6.99964285714288,0,90
436,141.499999999996,4,1182,99.7450332409986,0,9.17808320866253e-16,14.9889473684211,0,90
436,141.499999999996,5,1925.99555555551,0,0,11.306666666667,0,0,0
436,141.499999999996,6,1775.83693846061,0,0,0.3,0,0,0
436,141.599999999996,1,1899.15669495381,-2.78008965146638e-05,0,11.4579579582968,1.23171433378901e-05,0,6.1592155555737e-05
436,141.599999999996,2,572,99.8214320987663,0,2.47106509694611e-16,4.03555555555538,0,90
436,141.599999999996,3,1182,99.9692315541618,0,4.28604511008733e-16,6.99964285714288,0,90
436,141.599999999996,4,1182,99.7450332409986,0,9.17808320866253e-16,14.9889473684211,0,90
436,141.599999999996,5,1927.12582222218,0,0,11.298666666667,0,0,0
436,141.599999999996,6,1775.83693846061,0,0,0.3,0,0,0
436,141.699999999996,1,1900.30080719161,-2.53877842628765e-05,0,11.4242867975934,3.47276811834169e-05,0,0.000174168383491449
436,141.699999999996,2,572,99.8214320987663,0,2.47106509694611e-16,4.03555555555538,0,90
436,141.699999999996,3,1182,99.9692315541618,0,4.28604511008733e-16,6.99964285714288,0,90
436,141.699999999996,4,1182,99.7450332409986,0,9.17808320866253e-16,14.9889473684211,0,90
436,141.699999999996,5,1928.25528888885,0,0,11.290666666667,0,0,0
436,141.699999999996,6,1775.83693846061,0,0,0.3,0,0,0
436,141.799999999996,1,1901.44155231333,-2.10967479523564e-05,0,11.3906156368796,4.98965580694428e-05,0,0.000250983992501162
436,141.799999999996,2,572,99.8214320987663,0,2.47106509694611e-16,4.03555555555538,0,90
436,141.799999999996,3,1182,99.9692315541618,0,4.28604511008733e-16,6.99964285714288,0,90
436,141.799999999996,4,1182,99.7450332409986,0,9.17808320866253e-16,14.9889473684211,0,90
436,141.799999999996,5,1929.38395555551,0,0,11.282666666667,0,0,0
436,141.799999999996,6,1775.83693846061,0,0,0.3,0,0,0
436,141.899999999996,1,1902.57893031898,-1.56456889625162e-05,0,11.3569444761838,5.79489149119714e-05,0,0.000292352248331633
436,141.899999999996,2,572,99.8214320987663,0,2.47106509694611e-16,4.03555555555538,0,90
436,141.899999999996,3,1182,99.9692315541618,0,4.28604511008733e-16,6.99964285714288,0,90
436,141.899999999996,4,1182,99.7450332409986,0,9.17808320866253e-16,14.9889473684211,0,90
436,141.899999999996,5,1930.51182222218,0,0,11.274666666667,0,0,0
436,141.899999999996,6,1775.83693846061,0,0,0.3,0,0,0
436,141.999999999996,1,1903.71294120857,-9.74004056030972e-06,0,11.3232733155207,5.90089734969886e-05,0,0.000298585492068969
436,141.999999999996,2,572,99.8214320987663,0,2.47106509694611e-16,4.03555555555538,0,90
436,141.999999999996,3,1182,99.9692315541618,0,4.28604511008733e-16,6.99964285714288,0,90
436,141.999999999996,4,1182,99.7450332409986,0,9.17808320866253e-16,14.9889473684211,0,90
436,141.999999999996,5,1931.63888888885,0,0,11.266666666667,0,0,0
436,141.999999999996,6,1775.83693846061,0,0,0.3,0,0,0
436,142.099999999996,1,1904.84358498209,-4.07285967738794e-06,0,11.2896021548919,5.32000391974055e-05,0,0.000269995140138623
436,142.099999999996,2,572,99.8214320987663,0,2.47106509694611e-16,4.03555555555538,0,90
436,142.099999999996,3,1182,99.9692315541618,0,4.28604511008733e-16,6.99964285714288,0,90
436,142.099999999996,4,1182,99.7450332409986,0,9.17808320866253e-16,14.9889473684211,0,90
436,142.099999999996,5,1932.76515555551,0,0,11.258666666667,0,0,0
436,142.099999999996,6,1775.83693846061,0,0,0.3,0,0,0
436,142.199999999996,1,1905.97093108865,6.75932889433087e-07,0,11.2645510812965,4.07864803813255e-05,0,0.000207455509781744
436,142.199999999996,2,572,99.8214320987663,0,2.47106509694611e-16,4.03555555555538,0,90
436,142.199999999996,3,1182,99.9692315541618,0,4.28604511008733e-16,6.99964285714288,0,90
436,142.199999999996,4,1182,99.7450332409986,0,9.17808320866253e-16,14.9889473684211,0,90
436,142.199999999996,5,1933.89062222218,0,0,11.250666666667,0,0,0
436,142.199999999996,6,1775.83693846061,0,0,0.3,0,0,0
436,142.299999999996,1,1907.09837747181,4.06739676705534e-06,0,11.2843765819232,2.73374147854285e-05,0,0.00013880416686108
436,142.299999999996,2,572,99.8214320987663,0,2.47106509694611e-16,4.03555555555538,0,90
436,142.299999999996,3,1182,99.9692315541618,0,4.28604511008733e-16,6.99964285714288,0,90
436,142.299999999996,4,1182,99.7450332409986,0,9.17808320866253e-16,14.9889473684211,0,90
436,142.299999999996,5,1935.01528888885,0,0,11.242666666667,0,0,0
436,142.299999999996,6,1775.83693846061,0,0,0.3,0,0,0
436,142.399999999996,1,1908.22780640503,6.20266107981248e-06,0,11.3042020825313,1.56657090340099e-05,0,7.9402243889041e-05
436,142.399999999996,2,572,99.8214320987663,0,2.47106509694611e-16,4.03555555555538,0,90
436,142.399999999996,3,1182,99.9692315541618,0,4.28604511008733e-16,6.99964285714288,0,90
436,142.399999999996,4,1182,99.7450332409986,0,9.17808320866253e-16,14.9889473684211,0,90
436,142.399999999996,5,1936.13915555551,0,0,11.234666666667,0,0,0
436,142.399999999996,6,1775.83693846061,0,0,0.3,0,0,0
436,142.499999999996,1,1909.35921788831,7.26042922072789e-06,0,11.3240275831266,5.79072553937195e-06,0,2.929912800804e-05
436,142.499999999996,2,572,99.8214320987663,0,2.47106509694611e-16,4.03555555555538,0,90
436,142.499999999996,3,1182,99.9692315541618,0,4.28604511008733e-16,6.99964285714288,0,90
436,142.499999999996,4,1182,99.7450332409986,0,9.17808320866253e-16,14.9889473684211,0,90
436,142.499999999996,5,1937.26222222218,0,0,11.226666666667,0,0,0
436,142.499999999996,6,1775.83693846061,0,0,0.3,0,0,0
436,142.599999999996,1,1910.49261192166,7.42134509879236e-06,0,11.3438530837137,-2.26808776644143e-06,0,-1.14557069474848e-05
436,142.599999999996,2,572,99.8214320987663,0,2.47106509694611e-16,4.03555555555538,0,90
436,142.599999999996,3,1182,99.9692315541618,0,4.28604511008733e-16,6.99964285714288,0,90
436,142.599999999996,4,1182,99.7450332409986,0,9.17808320866253e-16,14.9889473684211,0,90
436,142.599999999996,5,1938.38448888885,0,0,11.218666666667,0,0,0
436,142.599999999996,6,1775.83693846061,0,0,0.3,0,0,0
436,142.699999999996,1,1911.62798850506,6.86800169843769e-06,0,11.3636785842967,-8.49119728165547e-06,0,-4.28127004510693e-05
436,142.699999999996,2,572,99.8214320987663,0,2.47106509694611e-16,4.03555555555538,0,90
436,142.699999999996,3,1182,99.9692315541618,0,4.28604511008733e-16,6.99964285714288,0,90
436,142.699999999996,4,1182,99.7450332409986,0,9.17808320866253e-16,14.9889473684211,0,90
436,142.699999999996,5,1939.50595555551,0,0,11.210666666667,0,0,0
436,142.699999999996,6,1775.83693846061,0,0,0.3,0,0,0
436,142.799999999996,1,1912.76534763852,5.78494965400927e-06,0,11.3835040848785,-1.28589835847751e-05,0,-6.47222052842239e-05
436,142.799999999996,2,572,99.8214320987663,0,2.47106509694611e-16,4.03555555555538,0,90
436,142.799999999996,3,1182,99.9692315541618,0,4.28604511008733e-16,6.99964285714288,0,90
436,142.799999999996,4,1182,99.7450332409986,0,9.17808320866253e-16,14.9889473684211,0,90
436,142.799999999996,5,1940.62662222218,0,0,11.202666666667,0,0,0
436,142.799999999996,6,1775.83693846061,0,0,0.3,0,0,0
436,142.899999999996,1,1913.90468932203,4.35870583923753e-06,0,11.4033295854613,-1.53517412845968e-05,0,-7.71344875364334e-05
436,142.899999999996,2,572,99.8214320987663,0,2.47106509694611e-16,4.03555555555538,0,90
436,142.899999999996,3,1182,99.9692315541618,0,4.28604511008733e-16,6.99964285714288,0,90
436,142.899999999996,4,1182,99.7450332409986,0,9.17808320866253e-16,14.9889473684211,0,90
436,142.899999999996,5,1941.74648888885,0,0,11.194666666667,0,0,0
436,142.899999999996,6,1775.83693846061,0,0,0.3,0,0,0
436,142.999999999996,1,1915.04601355561,2.77776197170817e-06,0,11.4231550860464,-1.59496788702203e-05,0,-7.99997266051567e-05
436,142.999999999996,2,572,99.8214320987663,0,2.47106509694611e-16,4.03555555555538,0,90
436,142.999999999996,3,1182,99.9692315541618,0,4.28604511008733e-16,6.99964285714288,0,90
436,142.999999999996,4,1182,99.7450332409986,0,9.17808320866253e-16,14.9889473684211,0,90
436,142.999999999996,5,1942.86555555551,0,0,11.186666666667,0,0,0
436,142.999999999996,6,1775.83693846061,0,0,0.3,0,0,0
436,143.099999999996,1,1916.18932033924,1.23259323233117e-06,0,11.4429805866341,-1.46329185610623e-05,0,-7.32680151958271e-05
436,143.099999999996,2,572,99.8214320987663,0,2.47106509694611e-16,4.03555555555538,0,90
436,143.099999999996,3,1182,99.9692315541618,0,4.28604511008733e-16,6.99964285714288,0,90
436,143.099999999996,4,1182,99.7450332409986,0,9.17808320866253e-16,14.9889473684211,0,90
436,143.099999999996,5,1943.98382222218,0,0,11.178666666667,0,0,0
436,143.099999999996,6,1775.83693846061,0,0,0.3,0,0,0
436,143.199999999996,1,1917.33459565124,-8.43351940574514e-08,0,11.4589705963115,-1.13843106714608e-05,0,-5.69224738520745e-05
436,143.199999999996,2,572,99.8214320987663,0,2.47106509694611e-16,4.03555555555538,0,90
436,143.199999999996,3,1182,99.9692315541618,0,4.28604511008733e-16,6.99964285714288,0,90
436,143.199999999996,4,1182,99.7450332409986,0,9.17808320866253e-16,14.9889473684211,0,90
436,143.199999999996,5,1945.10128888885,0,0,11.170666666667,0,0,0
436,143.199999999996,6,1775.83693846061,0,0,0.3,0,0,0
436,143.299999999996,1,1918.47886108794,-1.02734351968512e-06,0,11.4263381376567,-7.56872480665063e-06,0,-3.79523152993195e-05
436,143.299999999996,2,572,99.8214320987663,0,2.47106509694611e-16,4.03555555555538,0,90
436,143.299999999996,3,1182,99.9692315541618,0,4.28604511008733e-16,6.99964285714288,0,90
436,143.299999999996,4,1182,99.7450332409986,0,9.17808320866253e-16,14.9889473684211,0,90
436,143.299999999996,5,1946.21795555551,0,0,11.162666666667,0,0,0
436,143.299999999996,6,1775.83693846061,0,0,0.3,0,0,0
436,143.399999999996,1,1919.61986327877,-1.61650306375456e-06,0,11.3937056790005,-4.30582832388858e-06,0,-2.1652814037613e-05
436,143.399999999996,2,572,99.8214320987663,0,2.47106509694611e-16,4.03555555555538,0,90
436,143.399999999996,3,1182,99.9692315541618,0,4.28604511008733e-16,6.99964285714288,0,90
436,143.399999999996,4,1182,99.7450332409986,0,9.17808320866253e-16,14.9889473684211,0,90
436,143.399999999996,5,1947.33382222218,0,0,11.154666666667,0,0,0
436,143.399999999996,6,1775.83693846061,0,0,0.3,0,0,0
436,143.499999999996,1,1920.75760222374,-1.90663181415355e-06,0,11.3610732203433,-1.5866128567995e-06,0,-8.00155219957804e-06
436,143.499999999996,2,572,99.8214320987663,0,2.47106509694611e-16,4.03555555555538,0,90
436,143.499999999996,3,1182,99.9692315541618,0,4.28604511008733e-16,6.99964285714288,0,90
436,143.499999999996,4,1182,99.7450332409986,0,9.17808320866253e-16,14.9889473684211,0,90
436,143.499999999996,5,1948.44888888885,0,0,11.146666666667,0,0,0
436,143.499999999996,6,1775.83693846061,0,0,0.3,0,0,0
436,143.599999999996,1,1921.89207792284,-1.95165011107895e-06,0,11.3284407616855,5.97866212490243e-07,0,3.02382396746239e-06
436,143.599999999996,2,572,99.8214320987663,0,2.47106509694611e-16,4.03555555555538,0,90
436,143.599999999996,3,1182,99.9692315541618,0,4.28604511008733e-16,6.99964285714288,0,90
436,143.599999999996,4,1182,99.7450332409986,0,9.17808320866253e-16,14.9889473684211,0,90
436,143.599999999996,5,1949.56315555551,0,0,11.138666666667,0,0,0
436,143.599999999996,6,1775.83693846061,0,0,0.3,0,0,0
436,143.699999999996,1,1923.02329037607,-1.80458701275779e-06,0,11.2958083030274,2.25648993593333e-06,0,1.14456041014855e-05
436,143.699999999996,2,572,99.8214320987663,0,2.47106509694611e-16,4.03555555555538,0,90
436,143.699999999996,3,1182,99.9692315541618,0,4.28604511008733e-16,6.99964285714288,0,90
436,143.699999999996,4,1182,99.7450332409986,0,9.17808320866253e-16,14.9889473684211,0,90
436,143.699999999996,5,1950.67662222218,0,0,11.130666666667,0,0,0
436,143.699999999996,6,1775.83693846061,0,0,0.3,0,0,0
436,143.799999999996,1,1924.15123958344,-1.51758664291038e-06,0,11.2631758443692,3.39807598214213e-06,0,1.72860137257685e-05
436,143.799999999996,2,572,99.8214320987663,0,2.47106509694611e-16,4.03555555555538,0,90
436,143.799999999996,3,1182,99.9692315541618,0,4.28604511008733e-16,6.99964285714288,0,90
436,143.799999999996,4,1182,99.7450332409986,0,9.17808320866253e-16,14.9889473684211,0,90
436,143.799999999996,5,1951.78928888885,0,0,11.122666666667,0,0,0
436,143.799999999996,6,1775.83693846061,0,0,0.3,0,0,0
436,143.899999999996,1,1925.27592554495,-1.14191451995527e-06,0,11.2305433857111,4.03137881896924e-06,0,2.05672142488889e-05
436,143.899999999996,2,572,99.8214320987663,0,2.47106509694611e-16,4.03555555555538,0,90
436,143.899999999996,3,1182,99.9692315541618,0,4.28604511008733e-16,6.99964285714288,0,90
436,143.899999999996,4,1182,99.7450332409986,0,9.17808320866253e-16,14.9889473684211,0,90
436,143.899999999996,5,1952.90115555551,0,0,11.114666666667,0,0,0
436,143.899999999996,6,1775.83693846061,0,0,0.3,0,0,0
436,143.999999999996,1,1926.39734826059,-7.27963867956188e-07,0,11.1979109270531,4.16508989608817e-06,0,2.13113029647241e-05
436,143.999999999996,2,572,99.8214320987663,0,2.47106509694611e-16,4.03555555555538,0,90
436,143.999999999996,3,1182,99.9692315541618,0,4.28604511008733e-16,6.99964285714288,0,90
436,143.999999999996,4,1182,99.7450332409986,0,9.17808320866253e-16,14.9889473684211,0,90
436,143.999999999996,5,1954.01222222218,0,0,11.106666666667,0,0,0
436,143.999999999996,6,1775.83693846061,0,0,0.3,0,0,0
436,144.099999999996,1,1927.51550773036,-3.25261909310984e-07,0,11.1652784683953,3.80783782757398e-06,0,1.95403130524519e-05
436,144.099999999996,2,572,99.8214320987663,0,2.47106509694611e-16,4.03555555555538,0,90
436,144.099999999996,3,1182,99.9692315541618,0,4.28604511008733e-16,6.99964285714288,0,90
436,144.099999999996,4,1182,99.7450332409986,0,9.17808320866253e-16,14.9889473684211,0,90
436,144.099999999996,5,1955.12248888885,0,0,11.098666666667,0,0,0
436,144.099999999996,6,1775.83693846061,0,0,0.3,0,0,0
436,144.199999999996,1,1928.63040714664,1.75267543995519e-08,0,11.1337388338694,2.96952559453421e-06,0,1.52815946432392e-05
436,144.199999999996,2,572,99.8214320987663,0,2.47106509694611e-16,4.03555555555538,0,90
436,144.199999999996,3,1182,99.9692315541618,0,4.28604511008733e-16,6.99964285714288,0,90
436,144.199999999996,4,1182,99.7450332409986,0,9.17808320866253e-16,14.9889473684211,0,90
436,144.199999999996,5,1956.23195555551,0,0,11.090666666667,0,0,0
436,144.199999999996,6,1775.83693846061,0,0,0.3,0,0,0
436,144.299999999996,1,1929.74308465405,2.64856283102328e-07,0,11.1198113143188,1.99946104356769e-06,0,1.03023941557113e-05
436,144.299999999996,2,572,99.8214320987663,0,2.47106509694611e-16,4.03555555555538,0,90
436,144.299999999996,3,1182,99.9692315541618,0,4.28604511008733e-16,6.99964285714288,0,90
436,144.299999999996,4,1182,99.7450332409986,0,9.17808320866253e-16,14.9889473684211,0,90
436,144.299999999996,5,1957.34062222218,0,0,11.082666666667,0,0,0
436,144.299999999996,6,1775.83693846061,0,0,0.3,0,0,0
436,144.399999999996,1,1930.85436940951,4.21881749978708e-07,0,11.1058837947682,1.16328020093109e-06,0,6.00141754912654e-06
436,144.399999999996,2,572,99.8214320987663,0,2.47106509694611e-16,4.03555555555538,0,90
436,144.399999999996,3,1182,99.9692315541618,0,4.28604511008733e-16,6.99964285714288,0,90
436,144.399999999996,4,1182,99.7450332409986,0,9.17808320866253e-16,14.9889473684211,0,90
436,144.399999999996,5,1958.44848888885,0,0,11.074666666667,0,0,0
436,144.399999999996,6,1775.83693846061,0,0,0.3,0,0,0
436,144.499999999996,1,1931.96426141301,5.01942329900276e-07,0,11.0919562752175,4.59999658879277e-07,0,2.37613982396658e-06
436,144.499999999996,2,572,99.8214320987663,0,2.47106509694611e-16,4.03555555555538,0,90
436,144.499999999996,3,1182,99.9692315541618,0,4.28604511008733e-16,6.99964285714288,0,90
436,144.499999999996,4,1182,99.7450332409986,0,9.17808320866253e-16,14.9889473684211,0,90
436,144.499999999996,5,1959.55555555551,0,0,11.066666666667,0,0,0
436,144.499999999996,6,1775.83693846061,0,0,0.3,0,0,0
436,144.599999999996,1,1933.07276066455,5.18279010344899e-07,0,11.0780287556667,-1.1136092335802e-07,0,-5.75960854753205e-07
436,144.599999999996,2,572,99.8214320987663,0,2.47106509694611e-16,4.03555555555538,0,90
436,144.599999999996,3,1182,99.9692315541618,0,4.28604511008733e-16,6.99964285714288,0,90
436,144.599999999996,4,1182,99.7450332409986,0,9.17808320866253e-16,14.9889473684211,0,90
436,144.599999999996,5,1960.66182222218,0,0,11.058666666667,0,0,0
436,144.599999999996,6,1775.83693846061,0,0,0.3,0,0,0
436,144.699999999996,1,1934.17986716414,4.84034897901901e-07,0,11.0641012361159,-5.51778823422401e-07,0,-2.85740315748379e-06
436,144.699999999996,2,572,99.8214320987663,0,2.47106509694611e-16,4.03555555555538,0,90
436,144.699999999996,3,1182,99.9692315541618,0,4.28604511008733e-16,6.99964285714288,0,90
436,144.699999999996,4,1182,99.7450332409986,0,9.17808320866253e-16,14.9889473684211,0,90
436,144.699999999996,5,1961.76728888885,0,0,11.050666666667,0,0,0
436,144.699999999996,6,1775.83693846061,0,0,0.3,0,0,0
436,144.799999999996,1,1935.28558091177,4.12255524392623e-07,0,11.0501737165651,-8.62228259672989e-07,0,-4.47070259014249e-06
436,144.799999999996,2,572,99.8214320987663,0,2.47106509694611e-16,4.03555555555538,0,90
436,144.799999999996,3,1182,99.9692315541618,0,4.28604511008733e-16,6.99964285714288,0,90
436,144.799999999996,4,1182,99.7450332409986,0,9.17808320866253e-16,14.9889473684211,0,90
436,144.799999999996,5,1962.87195555551,0,0,11.042666666667,0,0,0
436,144.799999999996,6,1775.83693846061,0,0,0.3,0,0,0
436,144.899999999996,1,1936.38990190745,3.15889152606356e-07,0,11.0362461970143,-1.04368039503262e-06,0,-5.41837149411298e-06
436,144.899999999996,2,572,99.8214320987663,0,2.47106509694611e-16,4.03555555555538,0,90
436,144.899999999996,3,1182,99.9692315541618,0,4.28604511008733e-16,6.99964285714288,0,90
436,144.899999999996,4,1182,99.7450332409986,0,9.17808320866253e-16,14.9889473684211,0,90
436,144.899999999996,5,1963.97582222218,0,0,11.034666666667,0,0,0
436,144.899999999996,6,1775.83693846061,0,0,0.3,0,0,0
436,144.999999999996,1,1937.49283015117,2.0778708165167e-07,0,11.0223186774636,-1.09710334083402e-06,0,-5.70291904624525e-06
436,144.999999999996,2,572,99.8214320987663,0,2.47106509694611e-16,4.03555555555538,0,90
436,144.999999999996,3,1182,99.9692315541618,0,4.28604511008733e-16,6.99964285714288,0,90
436,144.999999999996,4,1182,99.7450332409986,0,9.17808320866253e-16,14.9889473684211,0,90
436,144.999999999996,5,1965.07888888885,0,0,11.026666666667,0,0,0
436,144.999999999996,6,1775.83693846061,0,0,0.3,0,0,0
436,145.099999999996,1,1938.59436564294,1.00703951923102e-07,0,11.0083911579128,-1.02346216066603e-06,0,-5.32685125885565e-06
436,145.099999999996,2,572,99.8214320987663,0,2.47106509694611e-16,4.03555555555538,0,90
436,145.099999999996,3,1182,99.9692315541618,0,4.28604511008733e-16,6.99964285714288,0,90
436,145.099999999996,4,1182,99.7450332409986,0,9.17808320866253e-16,14.9889473684211,0,90
436,145.099999999996,5,1966.18115555551,0,0,11.018666666667,0,0,0
436,145.099999999996,6,1775.83693846061,0,0,0.3,0,0,0
436,145.199999999996,1,1939.69450838276,7.29804968325016e-09,0,10.9944636383621,-8.23718874219745e-07,0,-4.29267097972684e-06
436,145.199999999996,2,572,99.8214320987663,0,2.47106509694611e-16,4.03555555555538,0,90
436,145.199999999996,3,1182,99.9692315541618,0,4.28604511008733e-16,6.99964285714288,0,90
436,145.199999999996,4,1182,99.7450332409986,0,9.17808320866253e-16,14.9889473684211,0,90
436,145.199999999996,5,1967.28262222218,0,0,11.010666666667,0,0,0
436,145.199999999996,6,1775.83693846061,0,0,0.3,0,0,0
436,145.299999999996,1,1940.79523834027,-6.19787402150905e-08,0,11.0240473920864,-5.66804340800551e-07,0,-2.94587780535838e-06
436,145.299999999996,2,572,99.8214320987663,0,2.47106509694611e-16,4.03555555555538,0,90
436,145.299999999996,3,1182,99.9692315541618,0,4.28604511008733e-16,6.99964285714288,0,90
436,145.299999999996,4,1182,99.7450332409986,0,9.17808320866253e-16,14.9889473684211,0,90
436,145.299999999996,5,1968.38328888885,0,0,11.002666666667,0,0,0
436,145.299999999996,6,1775.83693846061,0,0,0.3,0,0,0
436,145.399999999996,1,1941.8993371832,-1.07132316656067e-07,0,11.0579294663933,-3.41669414016844e-07,0,-1.77033281604555e-06
436,145.399999999996,2,572,99.8214320987663,0,2.47106509694611e-16,4.03555555555538,0,90
436,145.399999999996,3,1182,99.9692315541618,0,4.28604511008733e-16,6.99964285714288,0,90
436,145.399999999996,4,1182,99.7450332409986,0,9.17808320866253e-16,14.9889473684211,0,90
436,145.399999999996,5,1969.48315555551,0,0,10.994666666667,0,0,0
436,145.399999999996,6,1775.83693846061,0,0,0.3,0,0,0
436,145.499999999996,1,1943.00682423355,-1.31403572782592e-07,0,11.0918115407001,-1.49263142848593e-07,0,-7.71032584776761e-07
436,145.499999999996,2,572,99.8214320987663,0,2.47106509694611e-16,4.03555555555538,0,90
436,145.499999999996,3,1182,99.9692315541618,0,4.28604511008733e-16,6.99964285714288,0,90
436,145.499999999996,4,1182,99.7450332409986,0,9.17808320866253e-16,14.9889473684211,0,90
436,145.499999999996,5,1970.58222222218,0,0,10.986666666667,0,0,0
436,145.499999999996,6,1775.83693846061,0,0,0.3,0,0,0
436,145.599999999996,1,1944.11769949134,-1.38097018077794e-07,0,11.125693615007,9.78077956949804e-09,0,5.03696586542816e-08
436,145.599999999996,2,572,99.8214320987663,0,2.47106509694611e-16,4.03555555555538,0,90
436,145.599999999996,3,1182,99.9692315541618,0,4.28604511008733e-16,6.99964285714288,0,90
436,145.599999999996,4,1182,99.7450332409986,0,9.17808320866253e-16,14.9889473684211,0,90
436,145.599999999996,5,1971.68048888885,0,0,10.978666666667,0,0,0
436,145.599999999996,6,1775.83693846061,0,0,0.3,0,0,0
436,145.699999999996,1,1945.23196295655,-1.30580775998431e-07,0,11.1595756893138,1.34823764407082e-07,0,6.92215626620024e-07
436,145.699999999996,2,572,99.8214320987663,0,2.47106509694611e-16,4.03555555555538,0,90
436,145.699999999996,3,1182,99.9692315541618,0,4.28604511008733e-16,6.99964285714288,0,90
436,145.699999999996,4,1182,99.7450332409986,0,9.17808320866253e-16,14.9889473684211,0,90
436,145.699999999996,5,1972.77795555551,0,0,10.970666666667,0,0,0
436,145.699999999996,6,1775.83693846061,0,0,0.3,0,0,0
436,145.799999999996,1,1946.3496146292,-1.12287074292196e-07,0,11.1934577636206,2.25222312183319e-07,0,1.15284197365909e-06
436,145.799999999996,2,572,99.8214320987663,0,2.47106509694611e-16,4.03555555555538,0,90
436,145.799999999996,3,1182,99.9692315541618,0,4.28604511008733e-16,6.99964285714288,0,90
436,145.799999999996,4,1182,99.7450332409986,0,9.17808320866253e-16,14.9889473684211,0,90
436,145.799999999996,5,1973.87462222218,0,0,10.962666666667,0,0,0
436,145.799999999996,6,1775.83693846061,0,0,0.3,0,0,0
436,145.899999999996,1,1947.47065450928,-8.67127368105093e-08,0,11.2273398379275,2.8032799781203e-07,0,1.43058029647625e-06
436,145.899999999996,2,572,99.8214320987663,0,2.47106509694611e-16,4.03555555555538,0,90
436,145.899999999996,3,1182,99.9692315541618,0,4.28604511008733e-16,6.99964285714288,0,90
436,145.899999999996,4,1182,99.7450332409986,0,9.17808320866253e-16,14.9889473684211,0,90
436,145.899999999996,5,1974.97048888885,0,0,10.954666666667,0,0,0
436,145.899999999996,6,1775.83693846061,0,0,0.3,0,0,0
436,145.999999999996,1,1948.59508259678,-5.74196768167946e-08,0,11.2612219122343,2.99487455646858e-07,0,1.52375713394248e-06
436,145.999999999996,2,572,99.8214320987663,0,2.47106509694611e-16,4.03555555555538,0,90
436,145.999999999996,3,1182,99.9692315541618,0,4.28604511008733e-16,6.99964285714288,0,90
436,145.999999999996,4,1182,99.7450332409986,0,9.17808320866253e-16,14.9889473684211,0,90
436,145.999999999996,5,1976.06555555551,0,0,10.946666666667,0,0,0
436,145.999999999996,6,1775.83693846061,0,0,0.3,0,0,0
436,146.099999999996,1,1949.72289889172,-2.8035391790239e-08,0,11.2951039865411,2.82042364526414e-07,0,1.43069396709489e-06
436,146.099999999996,2,572,99.8214320987663,0,2.47106509694611e-16,4.03555555555538,0,90
436,146.099999999996,3,1182,99.9692315541618,0,4.28604511008733e-16,6.99964285714288,0,90
436,146.099999999996,4,1182,99.7450332409986,0,9.17808320866253e-16,14.9889473684211,0,90
436,146.099999999996,5,1977.15982222218,0,0,10.938666666667,0,0,0
436,146.099999999996,6,1775.83693846061,0,0,0.3,0,0,0
436,146.199999999996,1,1950.85410339409,-2.25345972503851e-09,0,11.328986060848,2.27329432819441e-07,0,1.14970721913677e-06
436,146.199999999996,2,572,99.8214320987663,0,2.47106509694611e-16,4.03555555555538,0,90
436,146.199999999996,3,1182,99.9692315541618,0,4.28604511008733e-16,6.99964285714288,0,90
436,146.199999999996,4,1182,99.7450332409986,0,9.17808320866253e-16,14.9889473684211,0,90
436,146.199999999996,5,1978.25328888884,0,0,10.930666666667,0,0,0
436,146.199999999996,6,1775.83693846061,0,0,0.3,0,0,0
436,146.299999999996,1,1951.98697637678,1.67200113952743e-08,0,11.3246179722726,1.53554882572165e-07,0,7.76895672468004e-07
436,146.299999999996,2,572,99.8214320987663,0,2.47106509694611e-16,4.03555555555538,0,90
436,146.299999999996,3,1182,99.9692315541618,0,4.28604511008733e-16,6.99964285714288,0,90
436,146.299999999996,4,1182,99.7450332409986,0,9.17808320866253e-16,14.9889473684211,0,90
436,146.299999999996,5,1979.34595555551,0,0,10.922666666667,0,0,0
436,146.299999999996,6,1775.83693846061,0,0,0.3,0,0,0
436,146.399999999996,1,1953.11900537784,2.87992157193873e-08,0,11.3159620488968,8.97400373350651e-08,0,4.5437810505444e-07
436,146.399999999996,2,572,99.8214320987663,0,2.47106509694611e-16,4.03555555555538,0,90
436,146.399999999996,3,1182,99.9692315541618,0,4.28604511008733e-16,6.99964285714288,0,90
436,146.399999999996,4,1182,99.7450332409986,0,9.17808320866253e-16,14.9889473684211,0,90
436,146.399999999996,5,1980.43782222218,0,0,10.914666666667,0,0,0
436,146.399999999996,6,1775.83693846061,0,0,0.3,0,0,0
436,146.499999999996,1,1954.25016878656,3.50094104040968e-08,0,11.3073061255209,3.61669413092424e-08,0,1.83263199201789e-07
436,146.499999999996,2,572,99.8214320987663,0,2.47106509694611e-16,4.03555555555538,0,90
436,146.499999999996,3,1182,99.9692315541618,0,4.28604511008733e-16,6.99964285714288,0,90
436,146.499999999996,4,1182,99.7450332409986,0,9.17808320866253e-16,14.9889473684211,0,90
436,146.499999999996,5,1981.52888888884,0,0,10.906666666667,0,0,0
436,146.499999999996,6,1775.83693846061,0,0,0.3,0,0,0
436,146.599999999996,1,1955.38046660294,3.6372447306219e-08,0,11.298650202145,-7.21085201237222e-09,0,-3.65664375487888e-08
436,146.599999999996,2,572,99.8214320987663,0,2.47106509694611e-16,4.03555555555538,0,90
436,146.599999999996,3,1182,99.9692315541618,0,4.28604511008733e-16,6.99964285714288,0,90
436,146.599999999996,4,1182,99.7450332409986,0,9.17808320866253e-16,14.9889473684211,0,90
436,146.599999999996,5,1982.61915555551,0,0,10.898666666667,0,0,0
436,146.599999999996,6,1775.83693846061,0,0,0.3,0,0,0
436,146.699999999996,1,1956.50989882699,3.390553806448e-08,0,11.2899942787691,-4.04397004958212e-08,0,-2.05228107824716e-07
436,146.699999999996,2,572,99.8214320987663,0,2.47106509694611e-16,4.03555555555538,0,90
436,146.699999999996,3,1182,99.9692315541618,0,4.28604511008733e-16,6.99964285714288,0,90
436,146.699999999996,4,1182,99.7450332409986,0,9.17808320866253e-16,14.9889473684211,0,90
436,146.699999999996,5,1983.70862222218,0,0,10.890666666667,0,0,0
436,146.699999999996,6,1775.83693846061,0,0,0.3,0,0,0
436,146.799999999996,1,1957.63846545869,2.86212629602257e-08,0,11.2813383553932,-6.35658734339764e-08,0,-3.22839024421997e-07
436,146.799999999996,2,572,99.8214320987663,0,2.47106509694611e-16,4.03555555555538,0,90
436,146.799999999996,3,1182,99.9692315541618,0,4.28604511008733e-16,6.99964285714288,0,90
436,146.799999999996,4,1182,99.7450332409986,0,9.17808320866253e-16,14.9889473684211,0,90
436,146.799999999996,5,1984.79728888884,0,0,10.882666666667,0,0,0
436,146.799999999996,6,1775.83693846061,0,0,0.3,0,0,0
436,146.899999999996,1,1958.76616649806,2.15275797713461e-08,0,11.2726824320173,-7.66355516143956e-08,0,-3.89516310305218e-07
436,146.899999999996,2,572,99.8214320987663,0,2.47106509694611e-16,4.03555555555538,0,90
436,146.899999999996,3,1182,99.9692315541618,0,4.28604511008733e-16,6.99964285714288,0,90
436,146.899999999996,4,1182,99.7450332409986,0,9.17808320866253e-16,14.9889473684211,0,90
436,146.899999999996,5,1985.88515555551,0,0,10.874666666667,0,0,0
436,146.899999999996,6,1775.83693846061,0,0,0.3,0,0,0
436,146.999999999996,1,1959.8930019451,1.36278326194136e-08,0,11.2640265086415,-7.96948273871787e-08,0,-4.05376998607549e-07
436,146.999999999996,2,572,99.8214320987663,0,2.47106509694611e-16,4.03555555555538,0,90
436,146.999999999996,3,1182,99.9692315541618,0,4.28604511008733e-16,6.99964285714288,0,90
436,146.999999999996,4,1182,99.7450332409986,0,9.17808320866253e-16,14.9889473684211,0,90
436,146.999999999996,5,1986.97222222218,0,0,10.866666666667,0,0,0
436,146.999999999996,6,1775.83693846061,0,0,0.3,0,0,0
436,147.099999999996,1,1961.01897179979,5.92076081003618e-09,0,11.2553705852656,-7.27897047328231e-08,0,-3.70538032630739e-07
436,147.099999999996,2,572,99.8214320987663,0,2.47106509694611e-16,4.03555555555538,0,90
436,147.099999999996,3,1182,99.9692315541618,0,4.28604511008733e-16,6.99964285714288,0,90
436,147.099999999996,4,1182,99.7450332409986,0,9.17808320866253e-16,14.9889473684211,0,90
436,147.099999999996,5,1988.05848888884,0,0,10.858666666667,0,0,0
436,147.099999999996,6,1775.83693846061,0,0,0.3,0,0,0
436,147.199999999996,1,1962.14406576832,-5.99684500756896e-10,0,11.2447540589355,-5.60260688489045e-08,0,-2.85471542634655e-07
436,147.199999999996,2,572,99.8214320987663,0,2.47106509694611e-16,4.03555555555538,0,90
436,147.199999999996,3,1182,99.9692315541618,0,4.28604511008733e-16,6.99964285714288,0,90
436,147.199999999996,4,1182,99.7450332409986,0,9.17808320866253e-16,14.9889473684211,0,90
436,147.199999999996,5,1989.14395555551,0,0,10.850666666667,0,0,0
436,147.199999999996,6,1775.83693846061,0,0,0.3,0,0,0
436,147.299999999996,1,1963.26717481782,-5.22299514154285e-09,0,11.2174269310886,-3.69099906330031e-08,0,-1.88526896420197e-07
436,147.299999999996,2,572,99.8214320987663,0,2.47106509694611e-16,4.03555555555538,0,90
436,147.299999999996,3,1182,99.9692315541618,0,4.28604511008733e-16,6.99964285714288,0,90
436,147.299999999996,4,1182,99.7450332409986,0,9.17808320866253e-16,14.9889473684211,0,90
436,147.299999999996,5,1990.22862222218,0,0,10.842666666667,0,0,0
436,147.299999999996,6,1775.83693846061,0,0,0.3,0,0,0
436,147.399999999996,1,1964.38755115454,-8.07499534657853e-09,0,11.1900998032418,-2.05933019183885e-08,0,-1.05442248675968e-07
436,147.399999999996,2,572,99.8214320987663,0,2.47106509694611e-16,4.03555555555538,0,90
436,147.399999999996,3,1182,99.9692315541618,0,4.28604511008733e-16,6.99964285714288,0,90
436,147.399999999996,4,1182,99.7450332409986,0,9.17808320866253e-16,14.9889473684211,0,90
436,147.399999999996,5,1991.31248888884,0,0,10.834666666667,0,0,0
436,147.399999999996,6,1775.83693846061,0,0,0.3,0,0,0
436,147.499999999996,1,1965.50519477847,-9.43366056076612e-09,0,11.162772675395,-7.03677217548659e-09,0,-3.61180289856799e-08
436,147.499999999996,2,572,99.8214320987663,0,2.47106509694611e-16,4.03555555555538,0,90
436,147.499999999996,3,1182,99.9692315541618,0,4.28604511008733e-16,6.99964285714288,0,90
436,147.499999999996,4,1182,99.7450332409986,0,9.17808320866253e-16,14.9889473684211,0,90
436,147.499999999996,5,1992.39555555551,0,0,10.826666666667,0,0,0
436,147.499999999996,6,1775.83693846061,0,0,0.3,0,0,0
436,147.599999999996,1,1966.62010568962,-9.57305503888429e-09,0,11.1354455475482,3.79859196512677e-09,0,1.95450902044948e-08
436,147.599999999996,2,572,99.8214320987663,0,2.47106509694611e-16,4.03555555555538,0,90
436,147.599999999996,3,1182,99.9692315541618,0,4.28604511008733e-16,6.99964285714288,0,90
436,147.599999999996,4,1182,99.7450332409986,0,9.17808320866253e-16,14.9889473684211,0,90
436,147.599999999996,5,1993.47782222218,0,0,10.818666666667,0,0,0
436,147.599999999996,6,1775.83693846061,0,0,0.3,0,0,0
436,147.699999999996,1,1967.73228388798,-8.76335553264488e-09,0,11.1081184197014,1.19515472918904e-08,0,6.16461935859286e-08
436,147.699999999996,2,572,99.8214320987663,0,2.47106509694611e-16,4.03555555555538,0,90
436,147.699999999996,3,1182,99.9692315541618,0,4.28604511008733e-16,6.99964285714288,0,90
436,147.699999999996,4,1182,99.7450332409986,0,9.17808320866253e-16,14.9889473684211,0,90
436,147.699999999996,5,1994.55928888884,0,0,10.810666666667,0,0,0
436,147.699999999996,6,1775.83693846061,0,0,0.3,0,0,0
436,147.799999999996,1,1968.84172937356,-7.27087491983333e-09,0,11.0807912918545,1.7460614591422e-08,0,9.02841229875371e-08
436,147.799999999996,2,572,99.8214320987663,0,2.47106509694611e-16,4.03555555555538,0,90
436,147.799999999996,3,1182,99.9692315541618,0,4.28604511008733e-16,6.99964285714288,0,90
436,147.799999999996,4,1182,99.7450332409986,0,9.17808320866253e-16,14.9889473684211,0,90
436,147.799999999996,5,1995.63995555551,0,0,10.802666666667,0,0,0
436,147.799999999996,6,1775.83693846061,0,0,0.3,0,0,0
436,147.899999999996,1,1969.94844214635,-5.3580857755325e-09,0,11.0534641640077,2.03640792276824e-08,0,1.05557477375779e-07
436,147.899999999996,2,572,99.8214320987663,0,2.47106509694611e-16,4.03555555555538,0,90
436,147.899999999996,3,1182,99.9692315541618,0,4.28604511008733e-16,6.99964285714288,0,90
436,147.899999999996,4,1182,99.7450332409986,0,9.17808320866253e-16,14.9889473684211,0,90
436,147.899999999996,5,1996.71982222218,0,0,10.794666666667,0,0,0
436,147.899999999996,6,1775.83693846061,0,0,0.3,0,0,0
436,147.999999999996,1,1971.05242220636,-3.28364388543017e-09,0,11.0261370361609,2.06999917211395e-08,0,1.07564612854657e-07
436,147.999999999996,2,572,99.8214320987663,0,2.47106509694611e-16,4.03555555555538,0,90
436,147.999999999996,3,1182,99.9692315541618,0,4.28604511008733e-16,6.99964285714288,0,90
436,147.999999999996,4,1182,99.7450332409986,0,9.17808320866253e-16,14.9889473684211,0,90
436,147.999999999996,5,1997.79888888884,0,0,10.786666666667,0,0,0
436,147.999999999996,6,1775.83693846061,0,0,0.3,0,0,0
436,148.099999999996,1,1972.15366955358,-1.3024117012101e-09,0,10.9988099083141,1.8506168327933e-08,0,9.64036426657153e-08
436,148.099999999996,2,572,99.8214320987663,0,2.47106509694611e-16,4.03555555555538,0,90
436,148.099999999996,3,1182,99.9692315541618,0,4.28604511008733e-16,6.99964285714288,0,90
436,148.099999999996,4,1182,99.7450332409986,0,9.17808320866253e-16,14.9889473684211,0,90
436,148.099999999996,5,1998.87715555551,0,0,10.778666666667,0,0,0
436,148.099999999996,6,1775.83693846061,0,0,0.3,0,0,0
436,148.199999999996,1,1973.25223650339,3.35238868386923e-10,0,10.9760124721181,1.39106410007833e-08,0,7.26148063052192e-08
436,148.199999999996,2,572,99.8214320987663,0,2.47106509694611e-16,4.03555555555538,0,90
436,148.199999999996,3,1182,99.9692315541618,0,4.28604511008733e-16,6.99964285714288,0,90
436,148.199999999996,4,1182,99.7450332409986,0,9.17808320866253e-16,14.9889473684211,0,90
436,148.199999999996,5,1999.95462222218,0,0,10.770666666667,0,0,0
436,148.199999999996,6,1775.83693846061,0,0,0.3,0,0,0
436,148.299999999996,1,1974.34945189511,1.47969352056151e-09,0,10.9682953622791,9.09413906571895e-09,0,4.75056305068787e-08
436,148.299999999996,2,572,99.8214320987663,0,2.47106509694611e-16,4.03555555555538,0,90
436,148.299999999996,3,1182,99.9692315541618,0,4.28604511008733e-16,6.99964285714288,0,90
436,148.299999999996,4,1182,99.7450332409986,0,9.17808320866253e-16,14.9889473684211,0,90
436,148.299999999996,5,2001.03128888884,0,0,10.762666666667,0,0,0
436,148.299999999996,6,1775.83693846061,0,0,0.3,0,0,0
436,148.399999999996,1,1975.44589557585,2.17715588606041e-09,0,10.9605782524401,4.97031343566436e-09,0,2.59820217658076e-08
436,148.399999999996,2,572,99.8214320987663,0,2.47106509694611e-16,4.03555555555538,0,90
436,148.399999999996,3,1182,99.9692315541618,0,4.28604511008733e-16,6.99964285714288,0,90
436,148.399999999996,4,1182,99.7450332409986,0,9.17808320866253e-16,14.9889473684211,0,90
436,148.399999999996,5,2002.10715555551,0,0,10.754666666667,0,0,0
436,148.399999999996,6,1775.83693846061,0,0,0.3,0,0,0
436,148.499999999996,1,1976.5415675456,2.49674913044314e-09,0,10.9528611426011,1.53627565707103e-09,0,8.03644912254896e-09
436,148.499999999996,2,572,99.8214320987663,0,2.47106509694611e-16,4.03555555555538,0,90
436,148.499999999996,3,1182,99.9692315541618,0,4.28604511008733e-16,6.99964285714288,0,90
436,148.499999999996,4,1182,99.7450332409986,0,9.17808320866253e-16,14.9889473684211,0,90
436,148.499999999996,5,2003.18222222218,0,0,10.746666666667,0,0,0
436,148.499999999996,6,1775.83693846061,0,0,0.3,0,0,0
436,148.599999999996,1,1977.63646780437,2.50730782743914e-09,0,10.9451440327621,-1.21085765370836e-09,0,-6.33861308183211e-09
436,148.599999999996,2,572,99.8214320987663,0,2.47106509694611e-16,4.03555555555538,0,90
436,148.599999999996,3,1182,99.9692315541618,0,4.28604511008733e-16,6.99964285714288,0,90
436,148.599999999996,4,1182,99.7450332409986,0,9.17808320866253e-16,14.9889473684211,0,90
436,148.599999999996,5,2004.25648888884,0,0,10.738666666667,0,0,0
436,148.599999999996,6,1775.83693846061,0,0,0.3,0,0,0
436,148.699999999996,1,1978.73059635215,2.27737846575946e-09,0,10.9374269229231,-3.27396481398946e-09,0,-1.71506852057482e-08
436,148.699999999996,2,572,99.8214320987663,0,2.47106509694611e-16,4.03555555555538,0,90
436,148.699999999996,3,1182,99.9692315541618,0,4.28604511008733e-16,6.99964285714288,0,90
436,148.699999999996,4,1182,99.7450332409986,0,9.17808320866253e-16,14.9889473684211,0,90
436,148.699999999996,5,2005.32995555551,0,0,10.730666666667,0,0,0
436,148.699999999996,6,1775.83693846061,0,0,0.3,0,0,0
436,148.799999999996,1,1979.82395318895,1.87521995555145e-09,0,10.9297098130841,-4.65591907832585e-09,0,-2.44072823070896e-08
436,148.799999999996,2,572,99.8214320987663,0,2.47106509694611e-16,4.03555555555538,0,90
436,148.799999999996,3,1182,99.9692315541618,0,4.28604511008733e-16,6.99964285714288,0,90
436,148.799999999996,4,1182,99.7450332409986,0,9.17808320866253e-16,14.9889473684211,0,90
436,148.799999999996,5,2006.40262222218,0,0,10.722666666667,0,0,0
436,148.799999999996,6,1775.83693846061,0,0,0.3,0,0,0
436,148.899999999996,1,1980.91653831477,1.36880413449644e-09,0,10.9219927032451,-5.35958864207873e-09,0,-2.81159141432244e-08
436,148.899999999996,2,572,99.8214320987663,0,2.47106509694611e-16,4.03555555555538,0,90
436,148.899999999996,3,1182,99.9692315541618,0,4.28604511008733e-16,6.99964285714288,0,90
436,148.899999999996,4,1182,99.7450332409986,0,9.17808320866253e-16,14.9889473684211,0,90
436,148.899999999996,5,2007.47448888884,0,0,10.714666666667,0,0,0
436,148.899999999996,6,1775.83693846061,0,0,0.3,0,0,0
436,148.999999999996,1,1982.0083517296,8.25816273550541e-10,0,10.9142755934061,-5.38783664498644e-09,0,-2.82840851709984e-08
436,148.999999999996,2,572,99.8214320987663,0,2.47106509694611e-16,4.03555555555538,0,90
436,148.999999999996,3,1182,99.9692315541618,0,4.28604511008733e-16,6.99964285714288,0,90
436,148.999999999996,4,1182,99.7450332409986,0,9.17808320866253e-16,14.9889473684211,0,90
436,148.999999999996,5,2008.54555555551,0,0,10.706666666667,0,0,0
436,148.999999999996,6,1775.83693846061,0,0,0.3,0,0,0
436,149.099999999996,1,1983.09939343345,3.13655582328454e-10,0,10.9065584835671,-4.74352117473411e-09,0,-2.49192945467352e-08
436,149.099999999996,2,572,99.8214320987663,0,2.47106509694611e-16,4.03555555555538,0,90
436,149.099999999996,3,1182,99.9692315541618,0,4.28604511008733e-16,6.99964285714288,0,90
436,149.099999999996,4,1182,99.7450332409986,0,9.17808320866253e-16,14.9889473684211,0,90
436,149.099999999996,5,2009.61582222218,0,0,10.698666666667,0,0,0
436,149.099999999996,6,1775.83693846061,0,0,0.3,0,0,0
436,149.199999999996,1,1984.18955168858,-1.00827263873027e-10,0,10.8907343367824,-3.45954442486382e-09,0,-1.8200544467718e-08
436,149.199999999996,2,572,99.8214320987663,0,2.47106509694611e-16,4.03555555555538,0,90
436,149.199999999996,3,1182,99.9692315541618,0,4.28604511008733e-16,6.99964285714288,0,90
436,149.199999999996,4,1182,99.7450332409986,0,9.17808320866253e-16,14.9889473684211,0,90
436,149.199999999996,5,2010.68528888884,0,0,10.690666666667,0,0,0
436,149.199999999996,6,1775.83693846061,0,0,0.3,0,0,0
436,149.299999999996,1,1985.27676876865,-3.79092340778252e-10,0,10.8536072645431,-2.13849863938539e-09,0,-1.12890528968674e-08
436,149.299999999996,2,572,99.8214320987663,0,2.47106509694611e-16,4.03555555555538,0,90
436,149.299999999996,3,1182,99.9692315541618,0,4.28604511008733e-16,6.99964285714288,0,90
436,149.299999999996,4,1182,99.7450332409986,0,9.17808320866253e-16,14.9889473684211,0,90
436,149.299999999996,5,2011.75395555551,0,0,10.682666666667,0,0,0
436,149.299999999996,6,1775.83693846061,0,0,0.3,0,0,0
436,149.399999999996,1,1986.36027314149,-5.35012195487869e-10,0,10.8164801923039,-1.01201003131054e-09,0,-5.36069983840515e-09
436,149.399999999996,2,572,99.8214320987663,0,2.47106509694611e-16,4.03555555555538,0,90
436,149.399999999996,3,1182,99.9692315541618,0,4.28604511008733e-16,6.99964285714288,0,90
436,149.399999999996,4,1182,99.7450332409986,0,9.17808320866253e-16,14.9889473684211,0,90
436,149.399999999996,5,2012.82182222218,0,0,10.674666666667,0,0,0
436,149.399999999996,6,1775.83693846061,0,0,0.3,0,0,0
436,149.499999999996,1,1987.44006480711,-5.87854092938312e-10,0,10.7793531200646,-7.63148618006106e-11,0,-4.05638394678818e-10
436,149.499999999996,2,572,99.8214320987663,0,2.47106509694611e-16,4.03555555555538,0,90
436,149.499999999996,3,1182,99.9692315541618,0,4.28604511008733e-16,6.99964285714288,0,90
436,149.499999999996,4,1182,99.7450332409986,0,9.17808320866253e-16,14.9889473684211,0,90
436,149.499999999996,5,2013.88888888884,0,0,10.666666666667,0,0,0
436,149.499999999996,6,1775.83693846061,0,0,0.3,0,0,0
436,149.599999999996,1,1988.5161437655,-5.56510517532106e-10,0,10.7422260478254,6.72318759203841e-10,0,3.58594459084673e-09
436,149.599999999996,2,572,99.8214320987663,0,2.47106509694611e-16,4.03555555555538,0,90
436,149.599999999996,3,1182,99.9692315541618,0,4.28604511008733e-16,6.99964285714288,0,90
436,149.599999999996,4,1182,99.7450332409986,0,9.17808320866253e-16,14.9889473684211,0,90
436,149.599999999996,5,2014.95515555551,0,0,10.658666666667,0,0,0
436,149.599999999996,6,1775.83693846061,0,0,0.3,0,0,0
436,149.699999999996,1,1989.58851001668,-4.59502352549809e-10,0,10.7050989755862,1.23759098230256e-09,0,6.62382853358943e-09
436,149.699999999996,2,572,99.8214320987663,0,2.47106509694611e-16,4.03555555555538,0,90
436,149.699999999996,3,1182,99.9692315541618,0,4.28604511008733e-16,6.99964285714288,0,90
436,149.699999999996,4,1182,99.7450332409986,0,9.17808320866253e-16,14.9889473684211,0,90
436,149.699999999996,5,2016.02062222218,0,0,10.650666666667,0,0,0
436,149.699999999996,6,1775.83693846061,0,0,0.3,0,0,0
436,149.799999999996,1,1990.65716356062,-3.14982048630014e-10,0,10.6679719033469,1.62317032795505e-09,0,8.71775910784997e-09
436,149.799999999996,2,572,99.8214320987663,0,2.47106509694611e-16,4.03555555555538,0,90
436,149.799999999996,3,1182,99.9692315541618,0,4.28604511008733e-16,6.99964285714288,0,90
436,149.799999999996,4,1182,99.7450332409986,0,9.17808320866253e-16,14.9889473684211,0,90
436,149.799999999996,5,2017.08528888884,0,0,10.642666666667,0,0,0
436,149.799999999996,6,1775.83693846061,0,0,0.3,0,0,0
436,149.899999999996,1,1991.72210439734,-1.40736781317398e-10,0,10.6308448311077,1.83269379580005e-09,0,9.87744824681188e-09
436,149.899999999996,2,572,99.8214320987663,0,2.47106509694611e-16,4.03555555555538,0,90
436,149.899999999996,3,1182,99.9692315541618,0,4.28604511008733e-16,6.99964285714288,0,90
436,149.899999999996,4,1182,99.7450332409986,0,9.17808320866253e-16,14.9889473684211,0,90
436,149.899999999996,5,2018.14915555551,0,0,10.634666666667,0,0,0
436,149.899999999996,6,1775.83693846061,0,0,0.3,0,0,0
