ScenarioID,Time,DistanceTraveled,EgoX,EgoY,EgoSpeed,LateralOffset,GapToLead,LeadSpeed,SignalState,TargetSpeed
405,0.1,1.22,1.22,0,12.2,0,31.0996296296296,10.9925925925926,red,15
405,0.2,2.46,2.46,0,12.4,0,30.9785185185185,10.9851851851852,red,15
405,0.3,3.72,3.72,0,12.6,0,30.8366666666667,10.9777777777778,red,15
405,0.4,5,5,0,12.8,0,30.6740740740741,10.9703703703704,red,15
405,0.5,6.24,6.24,0,12.4,0,30.4907407407407,10.962962962963,red,10.9083333333333
405,0.6,7.5,7.5,0,12.6,0,30.3466666666667,10.9555555555556,red,15
405,0.7,8.72,8.72,0,12.2,0,30.1818518518519,10.9481481481481,red,10.9390740740741
405,0.8,9.96,9.96,0,12.4,0,30.0562962962963,10.9407407407407,red,15
405,0.9,11.22,11.22,0,12.6,0,29.91,10.9333333333333,red,15
405,1,12.44,12.44,0,12.2,0,29.742962962963,10.9259259259259,red,10.6974074074074
405,1.1,13.68,13.68,0,12.4,0,29.6151851851852,10.9185185185185,red,15
405,1.2,14.88,14.88,0,12,0,29.4666666666667,10.9111111111111,red,10.7444444444445
405,1.3,16.1,16.1,0,12.2,0,29.3574074074074,10.9037037037037,red,15
405,1.4,17.28,17.28,0,11.8,0,29.2274074074074,10.8962962962963,red,10.81
405,1.5,18.48,18.48,0,12,0,29.1366666666667,10.8888888888889,red,15
405,1.6,19.7,19.7,0,12.2,0,29.0251851851852,10.8814814814815,red,15
405,1.7,20.88,20.88,0,11.8,0,28.892962962963,10.8740740740741,red,10.6205555555556
405,1.8,22.08,22.08,0,12,0,28.8,10.8666666666667,red,15
405,1.9,23.24,23.24,0,11.6,0,28.6862962962963,10.8592592592593,red,10.7024074074074
405,2,24.42,24.42,0,11.8,0,28.6118518518519,10.8518518518519,red,15
405,2.1,25.56,25.56,0,11.4,0,28.5166666666667,10.8444444444444,red,10.8027777777778
405,2.2,26.72,26.72,0,11.6,0,28.4607407407408,10.837037037037,red,15
405,2.3,27.9,27.9,0,11.8,0,28.3840740740741,10.8296296296296,red,15
405,2.4,29.04,29.04,0,11.4,0,28.2866666666667,10.8222222222222,red,10.6655555555556
405,2.5,30.2,30.2,0,11.6,0,28.2285185185185,10.8148148148148,red,15
405,2.6,31.32,31.32,0,11.2,0,28.1496296296297,10.8074074074074,red,10.7822222222223
405,2.7,32.46,32.46,0,11.4,0,28.11,10.8,red,15
405,2.8,33.62,33.62,0,11.6,0,28.0496296296297,10.7925925925926,red,15
405,2.9,34.74,34.74,0,11.2,0,27.9685185185186,10.7851851851852,red,10.6694444444445
405,3,35.88,35.88,0,11.4,0,27.9266666666667,10.7777777777778,red,15
405,3.1,37.04,37.04,0,11.6,0,27.8640740740741,10.7703703703704,red,15
405,3.2,38.16,38.16,0,11.2,0,27.7807407407408,10.762962962963,red,10.5533333333334
405,3.3,39.3,39.3,0,11.4,0,27.7366666666667,10.7555555555556,red,15
405,3.4,40.4,40.4,0,11,0,27.6718518518519,10.7481481481481,red,10.6840740740741
405,3.5,41.52,41.52,0,11.2,0,27.6462962962963,10.7407407407407,red,15
405,3.6,42.66,42.66,0,11.4,0,27.6000000000001,10.7333333333333,red,15
405,3.7,43.76,43.76,0,11,0,27.532962962963,10.7259259259259,red,10.5924074074075
405,3.8,44.88,44.88,0,11.2,0,27.5051851851852,10.7185185185185,red,15
405,3.9,46.02,46.02,0,11.4,0,27.4566666666667,10.7111111111111,red,15
405,4,47.12,47.12,0,11,0,27.3874074074075,10.7037037037037,red,10.4974074074075
405,4.1,48.24,48.24,0,11.2,0,27.3574074074075,10.6962962962963,red,15
405,4.2,49.32,49.32,0,10.8,0,27.3066666666667,10.6888888888889,red,10.6422222222223
405,4.3,50.4199999999999,50.4199999999999,0,11,0,27.2951851851852,10.6814814814815,red,15
405,4.4,51.5399999999999,51.5399999999999,0,11.2,0,27.262962962963,10.6740740740741,red,15
405,4.5,52.6199999999999,52.6199999999999,0,10.8,0,27.2100000000001,10.6666666666667,red,10.5716666666667
405,4.6,53.7199999999999,53.7199999999999,0,11,0,27.1962962962963,10.6592592592593,red,15
405,4.7,54.8399999999999,54.8399999999999,0,11.2,0,27.1618518518519,10.6518518518519,red,15
405,4.8,55.9199999999999,55.9199999999999,0,10.8,0,27.1066666666667,10.6444444444444,red,10.4977777777778
405,4.9,57.0199999999999,57.0199999999999,0,11,0,27.0907407407408,10.637037037037,red,15
405,5,58.1399999999999,58.1399999999999,0,11.2,0,27.0540740740741,10.6296296296296,green,15
405,5.1,59.2199999999999,59.2199999999999,0,10.8,0,26.9966666666667,10.6222222222222,green,10.4205555555556
405,5.2,60.3199999999999,60.3199999999999,0,11,0,26.9785185185186,10.6148148148148,green,15
405,5.3,61.3799999999999,61.3799999999999,0,10.6,0,26.9396296296297,10.6074074074074,green,10.5772222222223
405,5.4,62.4599999999999,62.4599999999999,0,10.8,0,26.9400000000001,10.6,green,15
405,5.5,63.5599999999999,63.5599999999999,0,11,0,26.9196296296297,10.5925925925926,green,15
405,5.6,64.6199999999999,64.6199999999999,0,10.6,0,26.8785185185186,10.5851851851852,green,10.5244444444445
405,5.7,65.6999999999999,65.6999999999999,0,10.8,0,26.8766666666667,10.5777777777778,green,15
405,5.8,66.7999999999999,66.7999999999999,0,11,0,26.8540740740741,10.5703703703704,green,15
405,5.9,67.8599999999999,67.8599999999999,0,10.6,0,26.8107407407408,10.562962962963,green,10.4683333333334
405,5.99999999999999,68.9399999999999,68.9399999999999,0,10.8,0,26.8066666666667,10.5555555555556,green,15
405,6.09999999999999,70.0399999999999,70.0399999999999,0,11,0,26.7818518518519,10.5481481481481,green,15
405,6.19999999999999,71.0999999999999,71.0999999999999,0,10.6,0,26.7362962962963,10.5407407407407,green,10.4088888888889
405,6.29999999999999,72.1799999999999,72.1799999999999,0,10.8,0,26.73,10.5333333333333,green,15
405,6.39999999999999,73.2799999999999,73.2799999999999,0,11,0,26.702962962963,10.5259259259259,green,15
405,6.49999999999999,74.3399999999999,74.3399999999999,0,10.6,0,26.6551851851852,10.5185185185185,green,10.3461111111112
405,6.59999999999999,75.4199999999999,75.4199999999999,0,10.8,0,26.6466666666667,10.5111111111111,green,15
405,6.69999999999999,76.5199999999999,76.5199999999999,0,11,0,26.6174074074074,10.5037037037037,green,15
405,6.79999999999999,77.5799999999999,77.5799999999999,0,10.6,0,26.5674074074074,10.4962962962963,green,10.2800000000001
405,6.89999999999999,78.6599999999999,78.6599999999999,0,10.8,0,26.5566666666667,10.4888888888889,green,15
405,6.99999999999999,79.7044074074073,79.7044074074073,0,10.4440740740741,0,26.5251851851852,10.4814814814815,green,10.4440740740741
405,7.09999999999999,80.7688148148147,80.7688148148147,0,10.6440740740741,0,26.5285555555556,10.4740740740741,green,15
405,7.19999999999999,81.8532222222221,81.8532222222221,0,10.8440740740741,0,26.5111851851852,10.4666666666667,green,15
405,7.29999999999999,82.8976296296295,82.8976296296295,0,10.4440740740741,0,26.4730740740741,10.4592592592593,green,10.3517222222222
405,7.39999999999999,83.962037037037,83.962037037037,0,10.6440740740741,0,26.4742222222222,10.4518518518519,green,15
405,7.49999999999999,85.0464444444444,85.0464444444444,0,10.8440740740741,0,26.4546296296296,10.4444444444444,green,15
405,7.59999999999999,86.0908518518518,86.0908518518518,0,10.4440740740741,0,26.4142962962963,10.437037037037,green,10.300111111111
405,7.69999999999999,87.1552592592592,87.1552592592592,0,10.6440740740741,0,26.4132222222222,10.4296296296296,green,15
405,7.79999999999999,88.2396666666666,88.2396666666666,0,10.8440740740741,0,26.3914074074073,10.4222222222222,green,15
405,7.89999999999999,89.284074074074,89.284074074074,0,10.4440740740741,0,26.3488518518518,10.4148148148148,green,10.2451666666666
405,7.99999999999999,90.3484814814814,90.3484814814814,0,10.6440740740741,0,26.3455555555555,10.4074074074074,green,15
405,8.09999999999999,91.4328888888889,91.4328888888889,0,10.8440740740741,0,26.3215185185184,10.4,green,15
405,8.19999999999999,92.4772962962963,92.4772962962963,0,10.4440740740741,0,26.2767407407406,10.3925925925926,green,10.1868888888888
405,8.29999999999999,93.5417037037037,93.5417037037037,0,10.6440740740741,0,26.2712222222221,10.3851851851852,green,15
405,8.39999999999999,94.5773222222222,94.5773222222222,0,10.3561851851851,0,26.2449629629628,10.3777777777778,green,10.3561851851851
405,8.49999999999999,95.6329407407407,95.6329407407407,0,10.5561851851851,0,26.2467518518518,10.3703703703704,green,15
405,8.59999999999999,96.7085592592592,96.7085592592592,0,10.7561851851851,0,26.2277999999999,10.362962962963,green,15
405,8.69999999999999,97.7441777777777,97.7441777777777,0,10.3561851851851,0,26.1881074074073,10.3555555555556,green,10.1934240740741
405,8.79999999999998,98.7997962962962,98.7997962962962,0,10.5561851851851,0,26.187674074074,10.3481481481481,green,15
405,8.89999999999998,99.8754148148147,99.8754148148147,0,10.7561851851851,0,26.1664999999999,10.3407407407407,green,15
405,8.99999999999998,100.911033333333,100.911033333333,0,10.3561851851851,0,26.1245851851851,10.3333333333333,green,10.1394407407408
405,9.09999999999998,101.966651851852,101.966651851852,0,10.5561851851851,0,26.1219296296296,10.3259259259259,green,15
405,9.19999999999998,102.997811851852,102.997811851852,0,10.3116000000001,0,26.0985333333333,10.3185185185185,green,10.3116000000001
405,9.29999999999998,104.048971851852,104.048971851852,0,10.5116000000001,0,26.0988548148147,10.3111111111111,green,15
405,9.39999999999998,105.120131851852,105.120131851852,0,10.7116000000001,0,26.0784355555555,10.3037037037037,green,15
405,9.49999999999998,106.151291851852,106.151291851852,0,10.3116000000001,0,26.0372755555554,10.2962962962963,green,10.1033340740739
405,9.59999999999998,107.202451851852,107.202451851852,0,10.5116000000001,0,26.0353748148147,10.2888888888889,green,15
405,9.69999999999998,108.230076666667,108.230076666667,0,10.276248148148,0,26.0127333333332,10.2814814814815,green,10.276248148148
405,9.79999999999998,109.277701481481,109.277701481481,0,10.476248148148,0,26.0128862962962,10.2740740740741,green,15
405,9.89999999999998,110.345326296296,110.345326296296,0,10.676248148148,0,25.9922985185184,10.2666666666667,green,15
405,9.99999999999998,111.372951111111,111.372951111111,0,10.276248148148,0,25.9509699999999,10.2592592592593,green,10.0584961111112
405,10.1,112.420575925926,112.420575925926,0,10.476248148148,0,25.9489007407406,10.2518518518519,green,15
405,10.2,113.443700092592,113.443700092592,0,10.2312416666668,0,25.9260907407407,10.2444444444444,green,10.2312416666668
405,10.3,114.486824259259,114.486824259259,0,10.4312416666668,0,25.927040648148,10.237037037037,green,15
405,10.4,115.549948425926,115.549948425926,0,10.6312416666668,0,25.9072498148147,10.2296296296296,green,15
405,10.5,116.573072592593,116.573072592593,0,10.2312416666668,0,25.8667182407406,10.2222222222222,green,10.0243396759258
405,10.6,117.616196759259,117.616196759259,0,10.4312416666668,0,25.8654459259258,10.2148148148148,green,15
405,10.7,118.635984976852,118.635984976852,0,10.1978821759258,0,25.8434328703702,10.2074074074074,green,10.1978821759258
405,10.8,119.675773194444,119.675773194444,0,10.3978821759258,0,25.844015023148,10.2,green,15
405,10.9,120.735561412037,120.735561412037,0,10.5978821759258,0,25.8238564351851,10.1925925925926,green,15
405,11,121.755349629629,121.755349629629,0,10.1978821759258,0,25.7829571064814,10.1851851851852,green,9.97878156250012
405,11.1,122.795137847222,122.795137847222,0,10.3978821759258,0,25.7813170370369,10.1777777777778,green,15
405,11.2,123.810333478009,123.810333478009,0,10.1519563078705,0,25.7589362268518,10.1703703703704,green,10.1519563078705
405,11.3,124.845529108796,124.845529108796,0,10.3519563078705,0,25.7604072627314,10.162962962963,green,15
405,11.4,125.900724739583,125.900724739583,0,10.5519563078705,0,25.7411375578703,10.1555555555556,green,15
405,11.5,126.91592037037,126.91592037037,0,10.1519563078705,0,25.7011271122684,10.1481481481482,green,9.94675539641186
405,11.6,127.951116001157,127.951116001157,0,10.3519563078705,0,25.7003759259258,10.1407407407407,green,15
405,11.7,128.963197903646,128.963197903646,0,10.120819024884,0,25.6788839988424,10.1333333333333,green,10.120819024884
405,11.8,129.995279806134,129.995279806134,0,10.320819024884,0,25.679765059317,10.1259259259259,green,15
405,11.9,131.047361708623,131.047361708623,0,10.520819024884,0,25.6599053790508,10.1185185185185,green,15
405,12,132.059443611111,132.059443611111,0,10.120819024884,0,25.6193049580439,10.1111111111111,green,9.89994456524902
405,12.1,133.091525513599,133.091525513599,0,10.320819024884,0,25.6179637962962,10.1037037037037,green,15
405,12.2,134.098867335431,134.098867335431,0,10.0734182183162,0,25.5958818938078,10.0962962962963,green,10.0734182183162
405,12.3,135.126209157263,135.126209157263,0,10.2734182183162,0,25.5977993312354,10.0888888888889,green,15
405,12.4,136.173550979094,136.173550979094,0,10.4734182183162,0,25.5789760279224,10.0814814814815,green,15
405,12.5,137.180892800926,137.180892800926,0,10.0734182183162,0,25.5394119838685,10.0740740740741,green,9.87036184769216
405,12.6,138.208234622757,138.208234622757,0,10.2734182183162,0,25.5391071990739,10.0666666666667,green,15
405,12.7,139.212721810529,139.212721810529,0,10.0448718777124,0,25.5180616735386,10.0592592592593,green,10.0448718777124
405,12.8,140.2372089983,140.2372089983,0,10.2448718777124,0,25.5191300413229,10.0518518518519,green,15
405,12.9,141.281696186071,141.281696186071,0,10.4448718777124,0,25.4994576683665,10.0444444444444,green,15
405,13,142.286183373842,142.286183373842,0,10.0448718777124,0,25.4590445546693,10.037037037037,green,9.8216874366593
405,13.1,143.310670561614,143.310670561614,0,10.2448718777124,0,25.4578907002314,10.0296296296296,green,15
405,13.2,144.310205401317,144.310205401317,0,9.99534839703621,0,25.4359961050528,10.0222222222222,green,9.99534839703621
405,13.3,145.329740241021,145.329740241021,0,10.1953483970362,0,25.438313117201,10.0148148148148,green,15
405,13.4,146.369275080724,146.369275080724,0,10.3953483970362,0,25.4198893886085,10.0074074074074,green,15
405,13.5,147.368809920428,147.368809920428,0,9.99534839703621,0,25.3807249192752,10,green,9.7950140626014
405,13.6,148.388344760132,148.388344760132,0,10.1953483970362,0,25.3808197092012,9.9925925925926,green,15
405,13.7,149.385337126866,149.385337126866,0,9.96992366734223,0,25.3601737583865,9.98518518518519,green,9.96992366734223
405,13.8,150.4023294936,150.4023294936,0,10.1699236673422,0,25.3613295398004,9.97777777777778,green,15
405,13.9,151.439321860334,151.439321860334,0,10.3699236673422,0,25.3417445804736,9.97037037037037,green,15
405,14,152.436314227069,152.436314227069,0,9.96992366734223,0,25.3014188804061,9.96296296296297,green,9.74374873582376
405,14.1,153.453306593803,153.453306593803,0,10.1699236673422,0,25.3003524395978,9.95555555555556,green,15
405,14.2,154.445056304786,154.445056304786,0,9.91749710983027,0,25.2785452580487,9.94814814814815,green,9.91749710983027
405,14.3,155.456806015769,155.456806015769,0,10.1174971098303,0,25.2812399915101,9.94074074074074,green,15
405,14.4,156.488555726752,156.488555726752,0,10.3174971098303,0,25.2631939842308,9.93333333333334,green,15
405,14.5,157.480305437735,157.480305437735,0,9.91749710983027,0,25.2244072362107,9.92592592592593,green,9.72063243420102
405,14.6,158.492055148718,158.492055148718,0,10.1174971098303,0,25.2248797474499,9.91851851851852,green,15
405,14.7,159.481647124743,159.481647124743,0,9.89591976025503,0,25.2046115179484,9.91111111111111,green,9.89591976025503
405,14.8,160.491239100769,160.491239100769,0,10.095919760255,0,25.2057602826636,9.90370370370371,green,15
405,14.9,161.480585169705,161.480585169705,0,9.89346068936032,0,25.1861683066381,9.8962962962963,green,9.89346068936032
405,15,162.489931238641,162.489931238641,0,10.0934606893603,0,25.1860814969614,9.88888888888889,green,15
405,15.1,163.47699601518,163.47699601518,0,9.87064776539308,0,25.1652539465438,9.88148148148148,green,9.87064776539308
405,15.2,164.48406079172,164.48406079172,0,10.0706477653931,0,25.1659669477823,9.87407407407408,green,15
405,15.3,165.511125568259,165.511125568259,0,10.2706477653931,0,25.14593920828,9.86666666666667,green,15
405,15.4,166.498190344798,166.498190344798,0,9.87064776539307,0,25.105170728037,9.85925925925926,green,9.6411968578847
405,15.5,167.505255121338,167.505255121338,0,10.0706477653931,0,25.1036615070533,9.85185185185185,green,15
405,15.6,168.486705366509,168.486705366509,0,9.81450245171576,0,25.0814115453288,9.84444444444445,green,9.81450245171576
405,15.7,169.488155611681,169.488155611681,0,10.0145024517158,0,25.0840353742313,9.83703703703704,green,15
405,15.8,170.509605856852,170.509605856852,0,10.2145024517158,0,25.065918462393,9.82962962962963,green,15
405,15.9,171.491056102024,171.491056102024,0,9.81450245171575,0,25.027060809814,9.82222222222222,green,9.62125017541349
405,16,172.492506347195,172.492506347195,0,10.0145024517158,0,25.0274624164943,9.81481481481482,green,15
405,16.1,173.472153006886,173.472153006886,0,9.79646659690858,0,25.0071232824338,9.80740740740741,green,9.79646659690858
405,16.2,174.471799666577,174.471799666577,0,9.99646659690858,0,25.0078469931134,9.8,green,15
405,16.3,175.450803764298,175.450803764298,0,9.79004097721009,0,24.9878299630521,9.79259259259259,green,9.79004097721009
405,16.4,176.449807862019,176.449807862019,0,9.99004097721009,0,24.98771475422,9.78518518518519,green,15
405,16.5,177.426924482308,177.426924482308,0,9.77116620289128,0,24.9668588046472,9.77777777777778,green,9.77116620289128
405,16.6,178.424041102597,178.424041102597,0,9.97116620289128,0,24.9671495917655,9.77037037037037,green,15
405,16.7,179.441157722887,179.441157722887,0,10.1711662028913,0,24.946699638143,9.76296296296297,green,15
405,16.8,180.418274343176,180.418274343176,0,9.77116620289128,0,24.9055089437799,9.75555555555556,green,9.53714382455421
405,16.9,181.415390963465,181.415390963465,0,9.97116620289128,0,24.9035775086759,9.74814814814815,green,15
405,17,182.386393683891,182.386393683891,0,9.71002720426509,0,24.8809053328312,9.74074074074074,green,9.71002720426509
405,17.1,183.377396404318,183.377396404318,0,9.91002720426509,0,24.8836063161085,9.73333333333334,green,15
405,17.2,184.388399124744,184.388399124744,0,10.1100272042651,0,24.8655665586449,9.72592592592593,green,15
405,17.3,185.359401845171,185.359401845171,0,9.71002720426509,0,24.8267860604406,9.71851851851852,green,9.52188434447375
405,17.4,186.350404565597,186.350404565597,0,9.91002720426508,0,24.8272648214956,9.71111111111111,green,15
405,17.5,187.320122357632,187.320122357632,0,9.69717792034358,0,24.8070028418099,9.70370370370371,green,9.69717792034358
405,17.6,188.309840149666,188.309840149666,0,9.89717792034358,0,24.8072850497756,9.6962962962963,green,15
405,17.7,189.278352572371,189.278352572371,0,9.68512422704556,0,24.7868265170005,9.68888888888889,green,9.68512422704556
405,17.8,190.266864995075,190.266864995075,0,9.88512422704556,0,24.7868326128145,9.68148148148148,green,15
405,17.9,191.234064878172,191.234064878172,0,9.67199883097237,0,24.7660979678877,9.67407407407408,green,9.67199883097237
405,18,192.22126476127,192.22126476127,0,9.87199883097237,0,24.7659351218275,9.66666666666667,green,15
405,18.1,193.228464644367,193.228464644367,0,10.0719988309724,0,24.7450315350266,9.65925925925926,green,15
405,18.2,194.195664527464,194.195664527464,0,9.67199883097237,0,24.7033872074849,9.65185185185185,green,9.43154662462194
405,18.3,195.182864410561,195.182864410561,0,9.87199883097237,0,24.7010021392025,9.64444444444445,green,15
405,18.4,196.143262047677,196.143262047677,0,9.60397637115435,0,24.6778763301794,9.63703703703704,green,9.60397637115435
405,18.5,197.123659684792,197.123659684792,0,9.80397637115435,0,24.6808120263972,9.62962962962963,green,15
405,18.6,198.124057321908,198.124057321908,0,10.0039763711544,0,24.6630069818744,9.62222222222222,green,15
405,18.7,199.084454959023,199.084454959023,0,9.60397637115435,0,24.6244611966109,9.61481481481482,green,9.4230690419659
405,18.8,200.064852596139,200.064852596139,0,9.80397637115435,0,24.6251746706065,9.60740740740741,green,15
405,18.9,201.024712329216,201.024712329216,0,9.59859733077639,0,24.6051474038615,9.6,green,9.59859733077639
405,19,202.004572062294,202.004572062294,0,9.79859733077639,0,24.6049173004135,9.59259259259259,green,15
405,19.1,202.962428170546,202.962428170546,0,9.57856108252117,0,24.5839464562247,9.58518518518519,green,9.57856108252117
405,19.2,203.940284278798,203.940284278798,0,9.77856108252117,0,24.5842384961208,9.57777777777778,green,15
405,19.3,204.93814038705,204.93814038705,0,9.97856108252117,0,24.5637897952761,9.57037037037037,green,15
405,19.4,205.895996495302,205.895996495302,0,9.57856108252117,0,24.5226003536906,9.56296296296296,green,9.34570205728712
405,19.5,206.873852603554,206.873852603554,0,9.77856108252116,0,24.5206701713645,9.55555555555556,green,15
405,19.6,207.825711272532,207.825711272532,0,9.51858668977575,0,24.4979992482975,9.54814814814815,green,9.51858668977575
405,19.7,208.79756994151,208.79756994151,0,9.71858668977575,0,24.5005850237644,9.54074074074074,green,15
405,19.8,209.789428610487,209.789428610487,0,9.91858668977575,0,24.4824300584906,9.53333333333333,green,15
405,19.9,210.741287279465,210.741287279465,0,9.51858668977575,0,24.443534352476,9.52592592592593,green,9.32910641238817
405,20,211.713145948442,211.713145948442,0,9.71858668977575,0,24.4438979057207,9.51851851851852,green,15
405,20.1,212.663574426487,212.663574426487,0,9.50428478044765,0,24.4235207182246,9.51111111111111,green,9.50428478044765
405,20.2,213.634002904532,213.634002904532,0,9.70428478044765,0,24.4238329809206,9.5037037037037,green,15
405,20.3,214.58337428126,214.58337428126,0,9.49371376728655,0,24.4034045028758,9.4962962962963,green,9.49371376728655
405,20.4,215.552745657989,215.552745657989,0,9.69371376728655,0,24.4032923854064,9.48888888888889,green,15
405,20.5,216.500644405768,216.500644405768,0,9.47898747779309,0,24.3824395271963,9.48148148148148,green,9.47898747779309
405,20.6,217.468543153548,217.468543153548,0,9.67898747779309,0,24.3823185571948,9.47407407407407,green,15
405,20.7,218.456441901327,218.456441901327,0,9.87898747779309,0,24.3614568464525,9.46666666666667,green,15
405,20.8,219.404340649106,219.404340649106,0,9.47898747779309,0,24.3198543949696,9.45925925925926,green,9.24019897895095
405,20.9,220.372239396886,220.372239396886,0,9.67898747779308,0,24.3175112027458,9.45185185185185,green,15
405,21,221.31350645704,221.31350645704,0,9.41267060154202,0,24.2944272697813,9.44444444444444,green,9.41267060154202
405,21.1,222.274773517194,222.274773517194,0,9.61267060154202,0,24.2972342837012,9.43703703703703,green,15
405,21.2,223.256040577348,223.256040577348,0,9.81267060154202,0,24.2793005568803,9.42962962962963,green,15
405,21.3,224.197307637502,224.197307637502,0,9.41267060154202,0,24.2406260893187,9.42222222222222,green,9.22986466533957
405,21.4,225.158574697657,225.158574697657,0,9.61267060154202,0,24.2412108810164,9.41481481481481,green,15
405,21.5,226.099101124842,226.099101124842,0,9.40526427185207,0,24.2210549319734,9.4074074074074,green,9.40526427185207
405,21.6,227.059627552027,227.059627552027,0,9.60526427185206,0,24.2208988751586,9.4,green,15
405,21.7,227.998360487981,227.998360487981,0,9.38732935954201,0,24.200002077603,9.39259259259259,green,9.38732935954201
405,21.8,228.957093423935,228.957093423935,0,9.58732935954201,0,24.2001580305377,9.38518518518518,green,15
405,21.9,229.93582635989,229.93582635989,0,9.787329359542,0,24.1795732427316,9.37777777777777,green,15
405,22,230.874559295844,230.874559295844,0,9.387329359542,0,24.1382477141848,9.37037037037037,green,9.15216486792078
405,22.1,231.833292231798,231.833292231798,0,9.587329359542,0,24.1361814448973,9.36296296296296,green,15
405,22.2,232.765783573143,232.765783573143,0,9.32491341344806,0,24.113374434869,9.35555555555555,green,9.32491341344806
405,22.3,233.718274914488,233.718274914488,0,9.52491341344806,0,24.1160682787094,9.34814814814814,green,15
405,22.4,234.690766255832,234.690766255832,0,9.72491341344806,0,24.0980213818091,9.34074074074074,green,15
405,22.5,235.623257597177,235.623257597177,0,9.32491341344806,0,24.059233744168,9.33333333333333,green,9.13803679196927
405,22.6000000000001,236.575748938522,236.575748938522,0,9.52491341344806,0,24.0597053657861,9.32592592592592,green,15
405,22.7000000000001,237.507081261362,237.507081261362,0,9.31332322840227,0,24.0394362466636,9.31851851851851,green,9.31332322840227
405,22.8000000000001,238.458413584203,238.458413584203,0,9.51332322840227,0,24.0395854053049,9.31111111111111,green,15
405,22.9000000000001,239.388401322893,239.388401322893,0,9.29987738690413,0,24.0189938232054,9.3037037037037,green,9.29987738690413
405,23.0000000000001,240.338389061583,240.338389061583,0,9.49987738690413,0,24.019006084515,9.29629629629629,green,15
405,23.1000000000001,241.267204092036,241.267204092036,0,9.28815030452669,0,23.9982776050839,9.28888888888888,green,9.28815030452669
405,23.2000000000001,242.216019122489,242.216019122489,0,9.48815030452669,0,23.9979810931497,9.28148148148148,green,15
405,23.3000000000001,243.184834152941,243.184834152941,0,9.68815030452669,0,23.9769438404748,9.27407407407407,green,15
405,23.4000000000001,244.113649183394,244.113649183394,0,9.28815030452669,0,23.9351658470592,9.26666666666666,green,9.04609928566959
405,23.5000000000001,245.062464213847,245.062464213847,0,9.48815030452669,0,23.9326471129028,9.25925925925925,green,15
405,23.6000000000001,245.98430375048,245.98430375048,0,9.21839536632801,0,23.9093876380057,9.25185185185185,green,9.21839536632801
405,23.7000000000001,246.926143287112,246.926143287112,0,9.41839536632801,0,23.9123629161878,9.24444444444444,green,15
405,23.8000000000001,247.887982823745,247.887982823745,0,9.61839536632801,0,23.894597453629,9.23703703703703,green,15
405,23.9000000000001,248.809822360378,248.809822360378,0,9.21839536632801,0,23.8560912503296,9.22962962962962,green,9.03927988846642
405,24.0000000000001,249.751661897011,249.751661897011,0,9.41839536632801,0,23.8568443062894,9.22222222222222,green,15
405,24.1000000000001,250.713501433644,250.713501433644,0,9.61839536632801,0,23.8368566215084,9.21481481481481,green,15
405,24.2000000000001,251.635340970276,251.635340970276,0,9.21839536632801,0,23.7961281959868,9.2074074074074,green,8.9870761390728
405,24.3000000000001,252.577180506909,252.577180506909,0,9.41839536632801,0,23.7946590297244,9.19999999999999,green,15
405,24.4000000000001,253.493222685672,253.493222685672,0,9.16042178762517,0,23.7724491227212,9.19259259259259,green,9.16042178762517
405,24.5000000000001,254.429264864434,254.429264864434,0,9.36042178762517,0,23.7752958328476,9.18518518518518,green,15
405,24.6000000000001,255.385307043197,255.385307043197,0,9.56042178762517,0,23.7574018022332,9.17777777777777,green,15
405,24.7000000000001,256.301349221959,256.301349221959,0,9.16042178762517,0,23.7187670308781,9.17037037037036,green,8.96933209818424
405,24.8000000000001,257.237391400722,257.237391400722,0,9.36042178762517,0,23.7193915187823,9.16296296296296,green,15
405,24.9000000000001,258.151868540812,258.151868540812,0,9.14477140090325,0,23.6992752659457,9.15555555555555,green,9.14477140090325
405,25.0000000000001,259.086345680902,259.086345680902,0,9.34477140090325,0,23.6999833110406,9.14814814814814,green,15
405,25.1000000000001,259.999940145656,259.999940145656,0,9.13594464753484,0,23.6799506153947,9.14074074074073,green,9.13594464753484
405,25.2000000000001,260.933534610409,260.933534610409,0,9.33594464753484,0,23.680059854345,9.13333333333333,green,15
405,25.3000000000001,261.845504155876,261.845504155876,0,9.11969545466832,0,23.6594283525545,9.12592592592592,green,9.11969545466832
405,25.4000000000001,262.777473701343,262.777473701343,0,9.31969545466832,0,23.6596810293099,9.11851851851851,green,15
405,25.5000000000001,263.688574915253,263.688574915253,0,9.11101213910508,0,23.6391929653246,9.1111111111111,green,9.11101213910508
405,25.6000000000001,264.619676129164,264.619676129164,0,9.31101213910508,0,23.6388324921548,9.1037037037037,green,15
405,25.7000000000001,265.529091108795,265.529091108795,0,9.09414979631337,0,23.6177312782443,9.09629629629629,green,9.09414979631337
405,25.8000000000001,266.458506088427,266.458506088427,0,9.29414979631337,0,23.6175755578723,9.08888888888888,green,15
405,25.9000000000001,267.407921068058,267.407921068058,0,9.49414979631337,0,23.5966790967594,9.08148148148148,green,15
405,26.0000000000001,268.317336047689,268.317336047689,0,9.09414979631337,0,23.5550418949059,9.07407407407407,green,8.85744522521362
405,26.1000000000001,269.246751027321,269.246751027321,0,9.29414979631337,0,23.5526639523116,9.06666666666666,green,15
405,26.2000000000001,270.149739237064,270.149739237064,0,9.02988209743416,0,23.5295452689766,9.05925925925925,green,9.02988209743416
405,26.3000000000001,271.072727446808,271.072727446808,0,9.22988209743416,0,23.5321126147887,9.05185185185184,green,15
405,26.4000000000001,272.015715656551,272.015715656551,0,9.42988209743416,0,23.5139392198601,9.04444444444444,green,15
405,26.5000000000001,272.918703866294,272.918703866294,0,9.02988209743416,0,23.4750250841908,9.03703703703703,green,8.84466748169827
405,26.6000000000001,273.841692076038,273.841692076038,0,9.22988209743416,0,23.4753702077807,9.02962962962962,green,15
405,26.7000000000001,274.743674818048,274.743674818048,0,9.019827420103,0,23.4549745906299,9.02222222222222,green,9.019827420103
405,26.8000000000001,275.665657560058,275.665657560058,0,9.219827420103,0,23.4548437004714,9.01481481481481,green,15
405,26.9000000000001,276.566114162267,276.566114162267,0,9.00456602209052,0,23.4339720695722,9.0074074074074,green,9.00456602209052
405,27.0000000000001,277.486570764476,277.486570764476,0,9.20456602209052,0,23.4338858377336,9.00000000000002,green,15
405,27.1000000000001,278.427027366686,278.427027366686,0,9.40456602209052,0,23.4141479855246,9.01437500000002,green,15
405,27.2000000000001,279.327483968895,279.327483968895,0,9.00456602209052,0,23.3758476333155,9.02875000000002,green,8.81210779456726
405,27.3000000000001,280.247940571104,280.247940571104,0,9.20456602209052,0,23.3789847811065,9.04312500000002,green,15
405,27.4000000000001,281.151411940339,281.151411940339,0,9.03471369235821,0,23.3635594288974,9.05750000000002,green,9.03471369235821
405,27.5000000000001,282.074883309575,282.074883309575,0,9.23471369235821,0,23.3665568096616,9.07187500000002,green,15
405,27.6000000000001,282.977586524861,282.977586524861,0,9.02703215285472,0,23.3509916904258,9.08625000000002,green,9.02703215285472
405,27.7000000000001,283.900289740146,283.900289740146,0,9.22703215285472,0,23.3576322251403,9.10062500000002,green,15
405,27.8000000000001,284.806372037854,284.806372037854,0,9.06082297707273,0,23.3457102598549,9.11500000000002,green,9.06082297707273
405,27.9000000000001,285.732454335561,285.732454335561,0,9.26082297707273,0,23.3518467121476,9.12937500000002,green,15
405,28.0000000000001,286.637718071076,286.637718071076,0,9.05263735514747,0,23.3394206644404,9.14375000000002,green,9.05263735514747
405,28.1000000000001,287.56298180659,287.56298180659,0,9.25263735514747,0,23.3492506789257,9.15812500000002,green,15
405,28.2000000000001,288.471993980746,288.471993980746,0,9.090121741558,0,23.3405181934109,9.17250000000002,green,9.090121741558
405,28.3000000000001,289.401006154902,289.401006154902,0,9.290121741558,0,23.3494747692551,9.18687500000002,green,15
405,28.4000000000001,290.309112423001,290.309112423001,0,9.08106268099167,0,23.3398688450993,9.20125000000002,green,9.08106268099167
405,28.5000000000001,291.2372186911,291.2372186911,0,9.28106268099167,0,23.3526063270002,9.21562500000002,green,15
405,28.6000000000001,292.149451488446,292.149451488446,0,9.12232797345886,0,23.346781308901,9.23000000000002,green,9.12232797345886
405,28.7000000000001,293.081684285792,293.081684285792,0,9.32232797345886,0,23.3582672615552,9.24437500000002,green,15
405,28.8000000000001,293.992886024157,293.992886024157,0,9.1120173836458,0,23.3511907142093,9.25875000000002,green,9.1120173836458
405,28.9000000000001,294.924087762521,294.924087762521,0,9.3120173836458,0,23.3665827258448,9.27312500000002,green,15
405,29.0000000000001,295.839806636031,295.839806636031,0,9.15718873509432,0,23.3634122374802,9.28750000000002,green,9.15718873509432
405,29.1000000000001,296.77552550954,296.77552550954,0,9.35718873509432,0,23.3771621139708,9.30187500000002,green,15
405,29.2000000000001,297.690049110554,297.690049110554,0,9.14523601013639,0,23.3723494904614,9.31625000000002,green,9.14523601013639
405,29.3000000000001,298.624572711567,298.624572711567,0,9.34523601013639,0,23.3901696394477,9.33062500000002,green,15
405,29.4000000000001,299.544020474975,299.544020474975,0,9.19447763408068,0,23.3894272884341,9.34500000000002,green,9.19447763408068
405,29.5000000000001,300.483468238383,300.483468238383,0,9.39447763408067,0,23.4051982750261,9.35937500000002,green,15
405,29.6000000000002,301.401515813056,301.401515813056,0,9.18047574672835,0,23.402406761618,9.37375000000002,green,9.18047574672835
405,29.7000000000002,302.339563387729,302.339563387729,0,9.38047574672835,0,23.4224529369452,9.38812500000002,green,15
405,29.8000000000002,303.26296264367,303.26296264367,0,9.23399255940785,0,23.4239366122724,9.40250000000002,green,9.23399255940785
405,29.9000000000002,304.203326193046,304.203326193046,0,9.40363549375796,0,23.4415061063316,9.41687500000002,green,9.40363549375796
405,30.0000000000002,305.128265084018,305.128265084018,0,9.24938890971998,0,23.4435488069558,9.43125000000002,green,9.24938890971998
405,30.1000000000002,306.071011376345,306.071011376345,0,9.42746292327196,0,23.4624536659838,9.44562500000002,green,9.42746292327196
405,30.2000000000002,306.9975145152,306.9975145152,0,9.26503138855639,0,23.4649886236567,9.46000000000002,green,9.26503138855639
405,30.3000000000002,307.942709088085,307.942709088085,0,9.45194572884417,0,23.4852042348011,9.47437500000002,green,9.45194572884417
405,30.4000000000002,308.870797810796,308.870797810796,0,9.28088722711419,0,23.4881659119167,9.48875000000002,green,9.28088722711419
405,30.5000000000002,309.818505135045,309.818505135045,0,9.47707324248846,0,23.5096709392053,9.50312500000002,green,9.47707324248846
405,30.6000000000002,310.748197554044,310.748197554044,0,9.29692418998979,0,23.5129948649565,9.51750000000002,green,9.29692418998979
405,30.7000000000002,311.697889973043,311.697889973043,0,9.49692418998979,0,23.5357711959575,9.53187500000002,green,9.50283640798897
405,30.8000000000002,312.629821805392,312.629821805392,0,9.31931832348949,0,23.5399850269585,9.54625000000002,green,9.31931832348949
405,30.9000000000002,313.581753637741,313.581753637741,0,9.51931832348949,0,23.5633969446096,9.56062500000002,green,9.52300514881532
405,31.0000000000002,314.515734123505,314.515734123505,0,9.33980485764084,0,23.5682463622606,9.57500000000002,green,9.33980485764084
405,31.1000000000002,315.469714609269,315.469714609269,0,9.53980485764083,0,23.5924846264965,9.58937500000003,green,9.54581245560745
405,31.2000000000002,316.406017143042,316.406017143042,0,9.36302533772542,0,23.5981603907325,9.60375000000002,green,9.36302533772542
405,31.3000000000002,317.362319676814,317.362319676814,0,9.56302533772542,0,23.6229516069599,9.61812500000003,green,9.56657546575457
405,31.4000000000002,318.300726159201,318.300726159201,0,9.38406482386829,0,23.6291803231874,9.63250000000003,green,9.38406482386829
405,31.5000000000002,319.259132641588,319.259132641588,0,9.58406482386829,0,23.6547425908006,9.64687500000003,green,9.59018147153203
405,31.6000000000002,320.199938277122,320.199938277122,0,9.40805635533863,0,23.6617423584138,9.66125000000003,green,9.40805635533863
405,31.7000000000002,321.160743912656,321.160743912656,0,9.60805635533863,0,23.6877804728799,9.67562500000003,green,9.61145888110136
405,31.8000000000002,322.103701081489,322.103701081489,0,9.42957168833444,0,23.6952560873461,9.69000000000003,green,9.42957168833444
405,31.9000000000002,323.066658250323,323.066658250323,0,9.62957168833444,0,23.7220176685126,9.70437500000003,green,9.63581214592191
405,32.0000000000002,324.012086918973,324.012086918973,0,9.45428668650521,0,23.7302167496792,9.71875000000003,green,9.45428668650521
405,32.1000000000002,324.977515587624,324.977515587624,0,9.65428668650521,0,23.7573818310287,9.73312500000003,green,9.65752922900918
405,32.2000000000002,325.925136139592,325.925136139592,0,9.47620551968395,0,23.7659844123783,9.74750000000003,green,9.47620551968395
405,32.3000000000002,326.89275669156,326.89275669156,0,9.67620551968395,0,23.7938326104099,9.76187500000003,green,9.68258578552102
405,32.4000000000002,327.842917055014,327.842917055014,0,9.50160363453685,0,23.8031183084415,9.77625000000003,green,9.50160363453685
405,32.5000000000002,328.813077418468,328.813077418468,0,9.70160363453684,0,23.8313016949879,9.79062500000003,green,9.70467221295712
405,32.6000000000002,329.765463184091,329.765463184091,0,9.52385765623028,0,23.8409225815342,9.80500000000003,green,9.52385765623028
405,32.7000000000002,330.737848949714,330.737848949714,0,9.72385765623028,0,23.8697555659112,9.81937500000003,green,9.73039512672535
405,32.8000000000002,331.692839486605,331.692839486605,0,9.54990536891386,0,23.8800260502882,9.83375000000003,green,9.54990536891386
405,32.9000000000002,332.667830023496,332.667830023496,0,9.74990536891386,0,23.9091292633968,9.84812500000003,green,9.75278426278458
405,33.0000000000002,333.62507298543,333.62507298543,0,9.5724296193389,0,23.9196699765055,9.86250000000003,green,9.5724296193389
405,33.1000000000002,334.602315947364,334.602315947364,0,9.7724296193389,0,23.9493957645716,9.87687500000003,green,9.77914326294692
405,33.2000000000002,335.562225938062,335.562225938062,0,9.59909990697999,0,23.9605590526377,9.89125000000003,green,9.59909990697999
405,33.3000000000002,336.54213592876,336.54213592876,0,9.79909990697999,0,23.9904928119397,9.90562500000003,green,9.80177149898989
405,33.4000000000002,337.504319141624,337.504319141624,0,9.62183212864091,0,24.0018640712418,9.92000000000003,green,9.62183212864091
405,33.5000000000002,338.486502354488,338.486502354488,0,9.82183212864091,0,24.0323996083777,9.93437500000003,green,9.82874267554794
405,33.6000000000002,339.4514127739,339.4514127739,0,9.64910419411594,0,24.0443726455136,9.94875000000003,green,9.64910419411594
405,33.7000000000002,340.436323193312,340.436323193312,0,9.84910419411594,0,24.0750559761021,9.96312500000003,green,9.85154879393513
405,33.8000000000002,341.403521614235,341.403521614235,0,9.67198420922933,0,24.0871768066905,9.97750000000003,green,9.67198420922933
405,33.9000000000002,342.390720035158,342.390720035158,0,9.87198420922933,0,24.1184471357675,9.99187500000003,green,9.87911435865445
405,34.0000000000002,343.360704362477,343.360704362477,0,9.699843273193,0,24.1311549648446,10.00625,green,9.699843273193
405,34.1000000000002,344.350688689796,344.350688689796,0,9.899843273193,0,24.1625143875253,10.020625,green,9.90203892056967
405,34.2000000000002,345.322969927987,345.322969927987,0,9.72281238191005,0,24.175311310206,10.035,green,9.72281238191005
405,34.3000000000002,346.315251166178,346.315251166178,0,9.92281238191005,0,24.2072488220151,10.049375,green,9.93018702909751
405,34.4000000000002,347.290376119678,347.290376119678,0,9.751249535002,0,24.220623833824,10.06375,green,9.751249535002
405,34.5000000000002,348.285501073179,348.285501073179,0,9.951249535002,0,24.2525926303239,10.078125,green,9.95317178015997
405,34.6000000000002,349.26292606602,349.26292606602,0,9.77424992840989,0,24.2659989268237,10.0925,green,9.77424992840989
405,34.7000000000002,350.260351058861,350.260351058861,0,9.97424992840989,0,24.2985426839827,10.106875,green,9.98189641358149
405,34.8000000000002,351.240677263077,351.240677263077,0,9.80326204216102,0,24.3125239411418,10.12125,green,9.80326204216102
405,34.9000000000002,352.241003467293,352.241003467293,0,10.003262042161,0,24.3450414869257,10.135625,green,10.0048837013018
405,35.0000000000002,353.223627089712,353.223627089712,0,9.8262362241938,0,24.3589965327096,10.15,red,9.8262362241938
405,35.1000000000002,354.226250712132,354.226250712132,0,10.0262362241938,0,24.3920916602902,10.164375,red,10.0341846059513
405,35.2000000000002,355.211833304106,355.211833304106,0,9.85582591974166,0,24.4066242878708,10.17875,red,9.85582591974166
405,35.3000000000002,356.21741589608,356.21741589608,0,10.0558259197417,0,24.4396354458967,10.193125,red,10.0571168032067
405,35.4000000000002,357.205287509302,357.205287509302,0,9.87871613221964,0,24.4540841039225,10.2075,red,9.87871613221964
405,35.5000000000002,358.213159122524,358.213159122524,0,10.0787161322196,0,24.4876812407006,10.221875,red,10.0869994881307
405,35.6000000000002,359.204048303176,359.204048303176,0,9.90889180651974,0,24.5027158774787,10.23625,red,9.90889180651974
405,35.7000000000002,360.214937483828,360.214937483828,0,10.1088918065197,0,24.5361704468268,10.250625,red,10.1098184168937
405,35.8000000000002,361.208101428984,361.208101428984,0,9.93163945156769,0,24.5510625161748,10.265,red,9.93163945156769
405,35.9000000000002,362.221265374141,362.221265374141,0,10.1316394515677,0,24.585117321018,10.279375,red,10.1402942089413
405,36.0000000000002,363.217506910278,363.217506910278,0,9.96241536136299,0,24.6006096258613,10.29375,red,9.96241536136299
405,36.1000000000002,364.233748446414,364.233748446414,0,10.162415361363,0,24.634461839725,10.308125,red,10.1629405584996
405,36.2000000000002,365.232244487957,365.232244487957,0,9.9849604154314,0,24.6497515535887,10.3225,red,9.9849604154314
405,36.3000000000002,366.2507405295,366.2507405295,0,10.1849604154314,0,24.6842242620456,10.336875,red,10.1940267155914
405,36.4000000000002,367.252376211482,367.252376211482,0,10.0163568198199,0,24.7001344705025,10.35125,red,10.0163568198199
405,36.5000000000002,368.274011893464,368.274011893464,0,10.2163568198199,0,24.7343425385205,10.365625,red,10.2164394494404
405,36.6000000000003,369.277875616809,369.277875616809,0,10.0386372334494,0,24.7499881065385,10.38,red,10.0386372334494
405,36.7000000000003,370.301739340154,370.301739340154,0,10.2386372334494,0,24.7848431331936,10.394375,red,10.2481593331474
405,36.8000000000003,371.308807399801,371.308807399801,0,10.0706805964749,0,24.8011356598487,10.40875,red,10.0706805964749
405,36.9000000000003,372.335834907664,372.335834907664,0,10.2702750786257,0,24.8356613502012,10.423125,red,10.2702750786257
405,37.0000000000003,373.345140654418,373.345140654418,0,10.0930574675437,0,24.8516650923386,10.4375,red,10.0930574675437
405,37.1000000000003,374.374446401173,374.374446401173,0,10.2930574675437,0,24.8868280955843,10.451875,red,10.3022315802485
405,37.2000000000003,375.38693708436,375.38693708436,0,10.1249068318713,0,24.90342859883,10.46625,red,10.1249068318713
405,37.3000000000003,376.419422984455,376.419422984455,0,10.3248590009501,0,24.9382816656428,10.480625,red,10.3248590009501
405,37.4000000000003,377.434165935137,377.434165935137,0,10.1474295068239,0,24.9545770155478,10.495,red,10.1474295068239
405,37.5000000000003,378.46890888582,378.46890888582,0,10.3474295068239,0,24.9900528148655,10.509375,red,10.3569719006089
405,37.6000000000003,379.486889240846,379.486889240846,0,10.1798035502677,0,25.0069661141831,10.52375,red,10.1798035502677
405,37.7000000000003,380.524825361278,380.524825361278,0,10.3793612043105,0,25.0420795091563,10.538125,red,10.3793612043105
405,37.8000000000003,381.545072972783,381.545072972783,0,10.2024761150522,0,25.0586746387253,10.5525,red,10.2024761150522
405,37.9000000000003,382.585320584288,382.585320584288,0,10.4024761150522,0,25.0943957772201,10.566875,red,10.4115967735579
405,38.0000000000003,383.608775693568,383.608775693568,0,10.2345510928053,0,25.1115544157149,10.58125,red,10.2345510928053
405,38.1000000000003,384.65223023711,384.65223023711,0,10.4345454354119,0,25.1469430564344,10.595625,red,10.4345454354119
405,38.2000000000003,385.677964181713,385.677964181713,0,10.2573394460347,0,25.1637697628932,10.61,red,10.2573394460347
405,38.3000000000003,386.723698126317,386.723698126317,0,10.4573394460347,0,25.1997545682898,10.624375,red,10.4669128381102
405,38.4000000000003,387.752698025397,387.752698025397,0,10.2899989908085,0,25.2171768736864,10.63875,red,10.2899989908085
405,38.5000000000003,388.801649162547,388.801649162547,0,10.4895113714942,0,25.2527707246055,10.653125,red,10.4895113714942
405,38.6000000000003,389.83294056727,389.83294056727,0,10.3129140472338,0,25.2698508374561,10.6675,red,10.3129140472338
405,38.7000000000003,390.884231971994,390.884231971994,0,10.5129140472338,0,25.3060281827327,10.681875,red,10.5219750441325
405,38.8000000000003,391.918747718671,391.918747718671,0,10.3451574667709,0,25.3236430280094,10.69625,red,10.3451574667709
405,38.9000000000003,392.973263465348,392.973263465348,0,10.5451574667709,0,25.3594710313323,10.710625,red,10.5452030488953
405,39.0000000000003,394.010084545404,394.010084545404,0,10.3682108005568,0,25.3767365346552,10.725,red,10.3682108005568
405,39.1000000000003,395.066905625459,395.066905625459,0,10.5682108005568,0,25.4131342045995,10.739375,red,10.5777313017431
405,39.2000000000003,396.107008014131,396.107008014131,0,10.4010238867152,0,25.4309693745439,10.75375,red,10.4010238867152
405,39.3000000000003,397.167066162253,397.167066162253,0,10.600581481221,0,25.4669607358724,10.768125,red,10.600581481221
405,39.4000000000003,398.209479706018,398.209479706018,0,10.4241354376542,0,25.4844338377503,10.7825,red,10.4241354376542
405,39.5000000000003,399.271893249784,399.271893249784,0,10.6241354376542,0,25.5209890439849,10.796875,red,10.6332340843383
405,39.6000000000003,400.317553793529,400.317553793529,0,10.4566054374556,0,25.5389817502195,10.81125,red,10.4566054374556
405,39.7000000000003,401.383213997607,401.383213997607,0,10.6566020407814,0,25.5751649564739,10.825625,red,10.6566020407814
405,39.8000000000003,402.431193093649,402.431193093649,0,10.4797909604166,0,25.5927860023958,10.84,red,10.4797909604166
405,39.9000000000003,403.499172189691,403.499172189691,0,10.6797909604166,0,25.6295256563542,10.854375,red,10.6893468677606
405,40.0000000000003,404.550453234165,404.550453234165,0,10.5128104447397,0,25.6477028103125,10.86875,red,10.5128104447397
405,40.1000000000003,405.621685465483,405.621685465483,0,10.7123223131796,0,25.6840155158386,10.883125,red,10.7123223131796
405,40.2000000000003,406.675293960891,406.675293960891,0,10.5360849540808,0,25.7018145345207,10.8975,red,10.5360849540808
405,40.3000000000003,407.688902456299,407.688902456299,0,10.1360849540808,0,25.7386747891126,10.911875,red,9.33608495408077
405,40.4000000000003,408.662510951707,408.662510951707,0,9.73608495408077,0,25.8169725437047,10.92625,red,8.93608495408077
405,40.5000000000003,409.596119447115,409.596119447115,0,9.33608495408077,0,25.9367077982966,10.940625,red,0
405,40.6000000000003,410.489727942523,410.489727942523,0,8.93608495408077,0,26.0978805528885,10.955,red,0
405,40.7000000000003,411.343336437931,411.343336437931,0,8.53608495408077,0,26.3004908074804,10.969375,red,0
405,40.8000000000003,412.156944933339,412.156944933339,0,8.13608495408077,0,26.5445385620724,10.98375,red,0
405,40.9000000000003,412.930553428747,412.930553428747,0,7.73608495408077,0,26.8300238166643,10.998125,red,0
405,41.0000000000003,413.664161924155,413.664161924155,0,7.33608495408077,0,27.1569465712562,11.0125,red,0
405,41.1000000000003,414.357770419563,414.357770419563,0,6.93608495408077,0,27.5253068258482,11.026875,red,0
405,41.2000000000003,415.011378914971,415.011378914971,0,6.53608495408077,0,27.9351045804402,11.04125,red,0
405,41.3000000000003,415.62498741038,415.62498741038,0,6.13608495408077,0,28.3863398350321,11.055625,red,0
405,41.4000000000003,416.198595905788,416.198595905788,0,5.73608495408077,0,28.879012589624,11.07,red,0
405,41.5000000000003,416.732204401196,416.732204401196,0,5.33608495408077,0,29.413122844216,11.084375,red,0
405,41.6000000000003,417.225812896604,417.225812896604,0,4.93608495408077,0,29.9886705988079,11.09875,red,0
405,41.7000000000003,417.679421392012,417.679421392012,0,4.53608495408077,0,30.6056558533999,11.113125,red,0
405,41.8000000000003,418.09302988742,418.09302988742,0,4.13608495408076,0,31.2640786079918,11.1275,red,0
405,41.9000000000003,418.466638382828,418.466638382828,0,3.73608495408077,0,31.9639388625837,11.141875,red,0
405,42.0000000000003,418.800246878236,418.800246878236,0,3.33608495408077,0,32.7052366171757,11.15625,red,0
405,42.1000000000003,419.093855373644,419.093855373644,0,2.93608495408077,0,33.4879718717676,11.170625,red,0
405,42.2000000000003,419.347463869052,419.347463869052,0,2.53608495408077,0,34.3121446263596,11.185,red,0
405,42.3000000000003,419.56107236446,419.56107236446,0,2.13608495408077,0,35.1777548809515,11.199375,red,0
405,42.4000000000003,419.734680859868,419.734680859868,0,1.73608495408077,0,36.0848026355434,11.21375,red,0
405,42.5000000000003,419.868289355276,419.868289355276,0,1.33608495408077,0,37.0332878901354,11.228125,red,0
405,42.6000000000003,419.961897850685,419.961897850685,0,0.936084954080766,0,38.0232106447273,11.2425,red,0
405,42.7000000000003,420.015506346093,420.015506346093,0,0.536084954080766,0,39.0545708993193,11.256875,red,0
405,42.8000000000003,420.029114841501,420.029114841501,0,0.136084954080765,0,40.1273686539112,11.27125,red,0
405,42.9000000000003,420.029114841501,420.029114841501,0,0,0,41.2416039085032,11.285625,red,0
405,43.0000000000003,420.029114841501,420.029114841501,0,0,0,42.3708851585032,11.3,red,0
405,43.1000000000003,420.029114841501,420.029114841501,0,0,0,43.5016039085032,11.314375,red,0
405,43.2000000000003,420.029114841501,420.029114841501,0,0,0,44.6337601585032,11.32875,red,0
405,43.3000000000003,420.029114841501,420.029114841501,0,0,0,45.7673539085033,11.3431250000001,red,0
405,43.4000000000003,420.029114841501,420.029114841501,0,0,0,46.9023851585033,11.3575,red,0
405,43.5000000000003,420.029114841501,420.029114841501,0,0,0,48.0388539085033,11.371875,red,0
405,43.6000000000003,420.029114841501,420.029114841501,0,0,0,49.1767601585033,11.3862500000001,red,0
405,43.7000000000004,420.029114841501,420.029114841501,0,0,0,50.3161039085034,11.4006250000001,red,0
405,43.8000000000004,420.029114841501,420.029114841501,0,0,0,51.4568851585034,11.4150000000001,red,0
405,43.9000000000004,420.029114841501,420.029114841501,0,0,0,52.5991039085034,11.4293750000001,red,0
405,44.0000000000004,420.029114841501,420.029114841501,0,0,0,53.7427601585034,11.4437500000001,red,0
405,44.1000000000004,420.029114841501,420.029114841501,0,0,0,54.8878539085035,11.4581250000001,red,0
405,44.2000000000004,420.029114841501,420.029114841501,0,0,0,56.0343851585034,11.4725000000001,red,0
405,44.3000000000004,420.029114841501,420.029114841501,0,0,0,57.1823539085034,11.4868750000001,red,0
405,44.4000000000004,420.029114841501,420.029114841501,0,0,0,58.3317601585035,11.5012500000001,red,0
405,44.5000000000004,420.029114841501,420.029114841501,0,0,0,59.4826039085036,11.5156250000001,red,0
405,44.6000000000004,420.029114841501,420.029114841501,0,0,0,60.6348851585036,11.5300000000001,red,0
405,44.7000000000004,420.029114841501,420.029114841501,0,0,0,61.7886039085036,11.5443750000001,red,0
405,44.8000000000004,420.029114841501,420.029114841501,0,0,0,62.9437601585036,11.5587500000001,red,0
405,44.9000000000004,420.029114841501,420.029114841501,0,0,0,64.1003539085036,11.5731250000001,red,0
405,45.0000000000004,420.029114841501,420.029114841501,0,0,0,65.2583851585036,11.5875000000001,red,0
405,45.1000000000004,420.029114841501,420.029114841501,0,0,0,66.4178539085037,11.6018750000001,red,0
405,45.2000000000004,420.029114841501,420.029114841501,0,0,0,67.5787601585037,11.6162500000001,red,0
405,45.3000000000004,420.029114841501,420.029114841501,0,0,0,68.7411039085037,11.6306250000001,red,0
405,45.4000000000004,420.029114841501,420.029114841501,0,0,0,69.9048851585038,11.6450000000001,red,0
405,45.5000000000004,420.029114841501,420.029114841501,0,0,0,71.0701039085038,11.6593750000001,red,0
405,45.6000000000004,420.029114841501,420.029114841501,0,0,0,72.2367601585037,11.6737500000001,red,0
405,45.7000000000004,420.029114841501,420.029114841501,0,0,0,73.4048539085038,11.6881250000001,red,0
405,45.8000000000004,420.029114841501,420.029114841501,0,0,0,74.5743851585038,11.7025000000001,red,0
405,45.9000000000004,420.029114841501,420.029114841501,0,0,0,75.7453539085038,11.7168750000001,red,0
405,46.0000000000004,420.029114841501,420.029114841501,0,0,0,76.9177601585039,11.7312500000001,red,0
405,46.1000000000004,420.029114841501,420.029114841501,0,0,0,78.0916039085039,11.7456250000001,red,0
405,46.2000000000004,420.029114841501,420.029114841501,0,0,0,79.2668851585039,11.7600000000001,red,0
405,46.3000000000004,420.029114841501,420.029114841501,0,0,0,80.4436039085039,11.7743750000001,red,0
405,46.4000000000004,420.029114841501,420.029114841501,0,0,0,81.6217601585039,11.7887500000001,red,0
405,46.5000000000004,420.029114841501,420.029114841501,0,0,0,82.801353908504,11.8031250000001,red,0
405,46.6000000000004,420.029114841501,420.029114841501,0,0,0,83.982385158504,11.8175000000001,red,0
405,46.7000000000004,420.029114841501,420.029114841501,0,0,0,85.164853908504,11.8318750000001,red,0
405,46.8000000000004,420.029114841501,420.029114841501,0,0,0,86.348760158504,11.8462500000001,red,0
405,46.9000000000004,420.029114841501,420.029114841501,0,0,0,87.5341039085041,11.8606250000001,red,0
405,47.0000000000004,420.029114841501,420.029114841501,0,0,0,88.7208851585041,11.8750000000001,red,0
405,47.1000000000004,420.029114841501,420.029114841501,0,0,0,89.9091039085041,11.8893750000001,red,0
405,47.2000000000004,420.029114841501,420.029114841501,0,0,0,91.0987601585041,11.9037500000001,red,0
405,47.3000000000004,420.029114841501,420.029114841501,0,0,0,92.2898539085042,11.9181250000001,red,0
405,47.4000000000004,420.029114841501,420.029114841501,0,0,0,93.4823851585042,11.9325000000001,red,0
405,47.5000000000004,420.029114841501,420.029114841501,0,0,0,94.6763539085042,11.9468750000001,red,0
405,47.6000000000004,420.029114841501,420.029114841501,0,0,0,95.8717601585042,11.9612500000001,red,0
405,47.7000000000004,420.029114841501,420.029114841501,0,0,0,97.0686039085043,11.9756250000001,red,0
405,47.8000000000004,420.029114841501,420.029114841501,0,0,0,98.2668851585043,11.9900000000001,red,0
405,47.9000000000004,420.029114841501,420.029114841501,0,0,0,99.4666039085043,12.0043750000001,red,0
405,48.0000000000004,420.029114841501,420.029114841501,0,0,0,100.667760158504,12.0187500000001,red,0
405,48.1000000000004,420.029114841501,420.029114841501,0,0,0,101.870353908504,12.0331250000001,red,0
405,48.2000000000004,420.029114841501,420.029114841501,0,0,0,103.074385158504,12.0475000000001,red,0
405,48.3000000000004,420.029114841501,420.029114841501,0,0,0,104.279853908504,12.0618750000001,red,0
405,48.4000000000004,420.029114841501,420.029114841501,0,0,0,105.486760158504,12.0762500000001,red,0
405,48.5000000000004,420.029114841501,420.029114841501,0,0,0,106.695103908504,12.0906250000001,red,0
405,48.6000000000004,420.029114841501,420.029114841501,0,0,0,107.904885158504,12.1050000000001,red,0
405,48.7000000000004,420.029114841501,420.029114841501,0,0,0,109.116103908504,12.1193750000001,red,0
405,48.8000000000004,420.029114841501,420.029114841501,0,0,0,110.328760158505,12.1337500000001,red,0
405,48.9000000000004,420.029114841501,420.029114841501,0,0,0,111.542853908505,12.1481250000001,red,0
405,49.0000000000004,420.029114841501,420.029114841501,0,0,0,112.758385158504,12.1625000000001,red,0
405,49.1000000000004,420.029114841501,420.029114841501,0,0,0,113.975353908505,12.1768750000001,red,0
405,49.2000000000004,420.029114841501,420.029114841501,0,0,0,115.193760158505,12.1912500000001,red,0
405,49.3000000000004,420.029114841501,420.029114841501,0,0,0,116.413603908505,12.2056250000001,red,0
405,49.4000000000004,420.029114841501,420.029114841501,0,0,0,117.634885158505,12.2200000000001,red,0
405,49.5000000000004,420.029114841501,420.029114841501,0,0,0,118.857603908505,12.2343750000001,red,0
405,49.6000000000004,420.029114841501,420.029114841501,0,0,0,120.081760158505,12.2487500000001,red,0
405,49.7000000000004,420.029114841501,420.029114841501,0,0,0,121.307353908505,12.2631250000001,red,0
405,49.8000000000004,420.029114841501,420.029114841501,0,0,0,122.534385158505,12.2775000000001,red,0
405,49.9000000000004,420.029114841501,420.029114841501,0,0,0,123.762853908505,12.2918750000001,red,0
405,50.0000000000004,420.029114841501,420.029114841501,0,0,0,124.992760158505,12.3062500000001,red,0
405,50.1000000000004,420.029114841501,420.029114841501,0,0,0,126.224103908505,12.3206250000001,red,0
405,50.2000000000004,420.029114841501,420.029114841501,0,0,0,127.456885158505,12.3350000000001,red,0
405,50.3000000000004,420.029114841501,420.029114841501,0,0,0,128.691103908505,12.3493750000001,red,0
405,50.4000000000004,420.029114841501,420.029114841501,0,0,0,129.926760158505,12.3637500000001,red,0
405,50.5000000000004,420.029114841501,420.029114841501,0,0,0,131.163853908505,12.3781250000001,red,0
405,50.6000000000004,420.029114841501,420.029114841501,0,0,0,132.402385158505,12.3925000000001,red,0
405,50.7000000000005,420.029114841501,420.029114841501,0,0,0,133.642353908505,12.4068750000001,red,0
405,50.8000000000005,420.029114841501,420.029114841501,0,0,0,134.883760158505,12.4212500000001,red,0
405,50.9000000000005,420.029114841501,420.029114841501,0,0,0,136.126603908505,12.4356250000001,red,0
405,51.0000000000005,420.029114841501,420.029114841501,0,0,0,137.370885158505,12.4500000000001,green,0
405,51.1000000000005,420.029114841501,420.029114841501,0,0,0,138.616603908505,12.4643750000001,green,0
405,51.2000000000005,420.029114841501,420.029114841501,0,0,0,139.863760158505,12.4787500000001,green,0
405,51.3000000000005,420.029114841501,420.029114841501,0,0,0,141.112353908505,12.4931250000001,green,0
405,51.4000000000005,420.029114841501,420.029114841501,0,0,0,142.362385158505,12.5075000000001,green,0
405,51.5000000000005,420.029114841501,420.029114841501,0,0,0,143.613853908505,12.5218750000001,green,0
405,51.6000000000005,420.029114841501,420.029114841501,0,0,0,144.866760158505,12.5362500000001,green,0
405,51.7000000000005,420.029114841501,420.029114841501,0,0,0,146.121103908505,12.5506250000001,green,0
405,51.8000000000005,420.029114841501,420.029114841501,0,0,0,147.376885158505,12.5650000000001,green,0
405,51.9000000000005,420.029114841501,420.029114841501,0,0,0,148.634103908505,12.5793750000001,green,0
405,52.0000000000005,420.029114841501,420.029114841501,0,0,0,149.892760158505,12.5937500000001,green,0
405,52.1000000000005,420.029114841501,420.029114841501,0,0,0,151.152853908505,12.6081250000001,green,0
405,52.2000000000005,420.029114841501,420.029114841501,0,0,0,152.414385158505,12.6225000000001,green,0
405,52.3000000000005,420.029114841501,420.029114841501,0,0,0,153.677353908505,12.6368750000001,green,0
405,52.4000000000005,420.029114841501,420.029114841501,0,0,0,154.941760158505,12.6512500000001,green,0
405,52.5000000000005,420.029114841501,420.029114841501,0,0,0,156.207603908505,12.6656250000001,green,0
405,52.6000000000005,420.029114841501,420.029114841501,0,0,0,157.474885158505,12.6800000000001,green,0
405,52.7000000000005,420.029114841501,420.029114841501,0,0,0,158.743603908505,12.6943750000001,green,0
405,52.8000000000005,420.029114841501,420.029114841501,0,0,0,160.013760158505,12.7087500000001,green,0
405,52.9000000000005,420.029114841501,420.029114841501,0,0,0,161.285353908506,12.7231250000001,green,0
405,53.0000000000005,420.029114841501,420.029114841501,0,0,0,162.558385158506,12.7375000000001,green,0
405,53.1000000000005,420.029114841501,420.029114841501,0,0,0,163.832853908505,12.7518750000001,green,0
405,53.2000000000005,420.029114841501,420.029114841501,0,0,0,165.108760158506,12.7662500000001,green,0
405,53.3000000000005,420.029114841501,420.029114841501,0,0,0,166.386103908506,12.7806250000001,green,0
405,53.4000000000005,420.029114841501,420.029114841501,0,0,0,167.664885158506,12.7950000000001,green,0
405,53.5000000000005,420.029114841501,420.029114841501,0,0,0,168.945103908506,12.8093750000001,green,0
405,53.6000000000005,420.029114841501,420.029114841501,0,0,0,170.226760158506,12.8237500000001,green,0
405,53.7000000000005,420.029114841501,420.029114841501,0,0,0,171.509853908506,12.8381250000001,green,0
405,53.8000000000005,420.029114841501,420.029114841501,0,0,0,172.794385158506,12.8525000000001,green,0
405,53.9000000000005,420.029114841501,420.029114841501,0,0,0,174.080353908506,12.8668750000001,green,0
405,54.0000000000005,420.029114841501,420.029114841501,0,0,0,175.367760158506,12.8812500000001,green,0
405,54.1000000000005,420.029114841501,420.029114841501,0,0,0,176.656603908506,12.8956250000001,green,0
405,54.2000000000005,420.029114841501,420.029114841501,0,0,0,177.946885158506,12.9100000000001,green,0
405,54.3000000000005,420.029114841501,420.029114841501,0,0,0,179.238603908506,12.9243750000001,green,0
405,54.4000000000005,420.029114841501,420.029114841501,0,0,0,180.531760158506,12.9387500000001,green,0
405,54.5000000000005,420.029114841501,420.029114841501,0,0,0,181.826353908506,12.9531250000001,green,0
405,54.6000000000005,420.029114841501,420.029114841501,0,0,0,183.122385158506,12.9675000000001,green,0
405,54.7000000000005,420.029114841501,420.029114841501,0,0,0,184.419853908506,12.9818750000001,green,0
405,54.8000000000005,420.029114841501,420.029114841501,0,0,0,185.718760158506,12.9962500000001,green,0
405,54.9000000000005,420.029114841501,420.029114841501,0,0,0,187.019103908506,13.0106250000001,green,0
405,55.0000000000005,420.029114841501,420.029114841501,0,0,0,188.320885158506,13.0250000000001,green,0
405,55.1000000000005,420.029114841501,420.029114841501,0,0,0,189.624103908506,13.0393750000001,green,0
405,55.2000000000005,420.029114841501,420.029114841501,0,0,0,190.928760158506,13.0537500000001,green,0
405,55.3000000000005,420.029114841501,420.029114841501,0,0,0,192.234853908506,13.0681250000001,green,0
405,55.4000000000005,420.029114841501,420.029114841501,0,0,0,193.542385158506,13.0825000000001,green,0
405,55.5000000000005,420.029114841501,420.029114841501,0,0,0,194.851353908506,13.0968750000001,green,0
405,55.6000000000005,420.029114841501,420.029114841501,0,0,0,196.161760158506,13.1112500000001,green,0
405,55.7000000000005,420.029114841501,420.029114841501,0,0,0,197.473603908506,13.1256250000001,green,0
405,55.8000000000005,420.029114841501,420.029114841501,0,0,0,198.786885158506,13.1400000000001,green,0
405,55.9000000000005,420.029114841501,420.029114841501,0,0,0,200.101603908506,13.1543750000001,green,0
405,56.0000000000005,420.029114841501,420.029114841501,0,0,0,201.417760158506,13.1687500000001,green,0
405,56.1000000000005,420.029114841501,420.029114841501,0,0,0,202.735353908506,13.1831250000001,green,0
405,56.2000000000005,420.029114841501,420.029114841501,0,0,0,204.054385158506,13.1975000000001,green,0
405,56.3000000000005,420.029114841501,420.029114841501,0,0,0,205.374853908506,13.2118750000001,green,0
405,56.4000000000005,420.029114841501,420.029114841501,0,0,0,206.696760158506,13.2262500000001,green,0
405,56.5000000000005,420.029114841501,420.029114841501,0,0,0,208.020103908506,13.2406250000001,green,0
405,56.6000000000005,420.029114841501,420.029114841501,0,0,0,209.344885158506,13.2550000000001,green,0
405,56.7000000000005,420.029114841501,420.029114841501,0,0,0,210.671103908506,13.2693750000001,green,0
405,56.8000000000005,420.029114841501,420.029114841501,0,0,0,211.998760158506,13.2837500000001,green,0
405,56.9000000000005,420.029114841501,420.029114841501,0,0,0,213.327853908506,13.2981250000001,green,0
405,57.0000000000005,420.029114841501,420.029114841501,0,0,0,214.658385158507,13.3125000000001,green,0
405,57.1000000000005,420.029114841501,420.029114841501,0,0,0,215.990353908507,13.3268750000001,green,0
405,57.2000000000005,420.029114841501,420.029114841501,0,0,0,217.323760158507,13.3412500000001,green,0
405,57.3000000000005,420.029114841501,420.029114841501,0,0,0,218.658603908507,13.3556250000001,green,0
405,57.4000000000005,420.029114841501,420.029114841501,0,0,0,219.994885158507,13.3700000000001,green,0
405,57.5000000000005,420.029114841501,420.029114841501,0,0,0,221.332603908507,13.3843750000001,green,0
405,57.6000000000005,420.029114841501,420.029114841501,0,0,0,222.671760158507,13.3987500000001,green,0
405,57.7000000000005,420.029114841501,420.029114841501,0,0,0,224.012353908507,13.4131250000001,green,0
405,57.8000000000006,420.029114841501,420.029114841501,0,0,0,225.354385158507,13.4275000000001,green,0
405,57.9000000000006,420.029114841501,420.029114841501,0,0,0,226.697853908507,13.4418750000001,green,0
405,58.0000000000006,420.029114841501,420.029114841501,0,0,0,228.042760158507,13.4562500000001,green,0
405,58.1000000000006,420.029114841501,420.029114841501,0,0,0,229.389103908507,13.4706250000001,green,0
405,58.2000000000006,420.029114841501,420.029114841501,0,0,0,230.736885158507,13.4850000000001,green,0
405,58.3000000000006,420.029114841501,420.029114841501,0,0,0,232.086103908507,13.4993750000001,green,0
405,58.4000000000006,420.029114841501,420.029114841501,0,0,0,233.436760158507,13.5137500000001,green,0
405,58.5000000000006,420.029114841501,420.029114841501,0,0,0,234.788853908507,13.5281250000001,green,0
405,58.6000000000006,420.029114841501,420.029114841501,0,0,0,236.142385158507,13.5425000000001,green,0
405,58.7000000000006,420.029114841501,420.029114841501,0,0,0,237.497353908507,13.5568750000001,green,0
405,58.8000000000006,420.029114841501,420.029114841501,0,0,0,238.853760158507,13.5712500000001,green,0
405,58.9000000000006,420.029114841501,420.029114841501,0,0,0,240.211603908507,13.5856250000001,green,0
405,59.0000000000006,420.029114841501,420.029114841501,0,0,0,241.570885158507,13.6000000000001,green,0
405,59.1000000000006,420.029114841501,420.029114841501,0,0,0,242.931603908507,13.6143750000001,green,0
405,59.2000000000006,420.029114841501,420.029114841501,0,0,0,244.293760158507,13.6287500000001,green,0
405,59.3000000000006,420.029114841501,420.029114841501,0,0,0,245.657353908507,13.6431250000001,green,0
405,59.4000000000006,420.029114841501,420.029114841501,0,0,0,247.022385158507,13.6575000000001,green,0
405,59.5000000000006,420.029114841501,420.029114841501,0,0,0,248.388853908507,13.6718750000001,green,0
405,59.6000000000006,420.029114841501,420.029114841501,0,0,0,249.756760158507,13.6862500000001,green,0
405,59.7000000000006,420.029114841501,420.029114841501,0,0,0,251.126103908507,13.7006250000001,green,0
405,59.8000000000006,420.029114841501,420.029114841501,0,0,0,252.496885158507,13.7150000000001,green,0
405,59.9000000000006,420.029114841501,420.029114841501,0,0,0,253.869103908507,13.7293750000001,green,0
405,60.0000000000006,420.029114841501,420.029114841501,0,0,0,255.242760158507,13.7437500000001,green,0
405,60.1000000000006,420.029114841501,420.029114841501,0,0,0,256.617853908507,13.7581250000001,green,0
405,60.2000000000006,420.029114841501,420.029114841501,0,0,0,257.994385158507,13.7725000000001,green,0
405,60.3000000000006,420.029114841501,420.029114841501,0,0,0,259.372353908507,13.7868750000001,green,0
405,60.4000000000006,420.029114841501,420.029114841501,0,0,0,260.751760158507,13.8012500000001,green,0
405,60.5000000000006,420.029114841501,420.029114841501,0,0,0,262.132603908507,13.8156250000001,green,0
405,60.6000000000006,420.029114841501,420.029114841501,0,0,0,263.514885158508,13.8300000000001,green,0
405,60.7000000000006,420.029114841501,420.029114841501,0,0,0,264.898603908508,13.8443750000001,green,0
405,60.8000000000006,420.029114841501,420.029114841501,0,0,0,266.283760158508,13.8587500000001,green,0
405,60.9000000000006,420.029114841501,420.029114841501,0,0,0,267.670353908508,13.8731250000001,green,0
405,61.0000000000006,420.029114841501,420.029114841501,0,0,0,269.058385158508,13.8875000000001,green,0
405,61.1000000000006,420.029114841501,420.029114841501,0,0,0,270.447853908508,13.9018750000001,green,0
405,61.2000000000006,420.029114841501,420.029114841501,0,0,0,271.838760158508,13.9162500000001,green,0
405,61.3000000000006,420.029114841501,420.029114841501,0,0,0,273.231103908508,13.9306250000001,green,0
405,61.4000000000006,420.029114841501,420.029114841501,0,0,0,274.624885158508,13.9450000000001,green,0
405,61.5000000000006,420.029114841501,420.029114841501,0,0,0,276.020103908508,13.9593750000001,green,0
405,61.6000000000006,420.029114841501,420.029114841501,0,0,0,277.416760158508,13.9737500000001,green,0
405,61.7000000000006,420.029114841501,420.029114841501,0,0,0,278.814853908508,13.9881250000001,green,0
405,61.8000000000006,420.029114841501,420.029114841501,0,0,0,280.214375517676,14.0013913043479,green,0
405,61.9000000000006,420.029114841501,420.029114841501,0,0,0,281.614914648111,14.0093913043479,green,0
405,62.0000000000006,420.029114841501,420.029114841501,0,0,0,283.016253778546,14.0173913043479,green,0
405,62.1000000000006,420.029114841501,420.029114841501,0,0,0,284.418392908981,14.0253913043479,green,0
405,62.2000000000006,420.029114841501,420.029114841501,0,0,0,285.821332039415,14.0333913043479,green,0
405,62.3000000000006,420.029114841501,420.029114841501,0,0,0,287.22507116985,14.0413913043479,green,0
405,62.4000000000006,420.029114841501,420.029114841501,0,0,0,288.629610300285,14.0493913043479,green,0
405,62.5000000000006,420.029114841501,420.029114841501,0,0,0,290.03494943072,14.0573913043479,green,0
405,62.6000000000006,420.029114841501,420.029114841501,0,0,0,291.441088561155,14.0653913043479,green,0
405,62.7000000000006,420.029114841501,420.029114841501,0,0,0,292.848027691589,14.0733913043479,green,0
405,62.8000000000006,420.029114841501,420.029114841501,0,0,0,294.255766822024,14.0813913043479,green,0
405,62.9000000000006,420.029114841501,420.029114841501,0,0,0,295.664305952459,14.0893913043479,green,0
405,63.0000000000006,420.029114841501,420.029114841501,0,0,0,297.073645082894,14.0973913043479,green,0
405,63.1000000000006,420.029114841501,420.029114841501,0,0,0,298.483784213329,14.1053913043479,green,0
405,63.2000000000006,420.029114841501,420.029114841501,0,0,0,299.894723343763,14.1133913043479,green,0
405,63.3000000000006,420.029114841501,420.029114841501,0,0,0,301.306462474198,14.1213913043479,green,0
405,63.4000000000006,420.029114841501,420.029114841501,0,0,0,302.719001604633,14.1293913043479,green,0
405,63.5000000000006,420.029114841501,420.029114841501,0,0,0,304.132340735068,14.1373913043479,green,0
405,63.6000000000006,420.029114841501,420.029114841501,0,0,0,305.546479865503,14.1453913043479,green,0
405,63.7000000000006,420.029114841501,420.029114841501,0,0,0,306.961418995937,14.1533913043479,green,0
405,63.8000000000006,420.029114841501,420.029114841501,0,0,0,308.377158126372,14.1613913043479,green,0
405,63.9000000000006,420.029114841501,420.029114841501,0,0,0,309.793697256807,14.1693913043479,green,0
405,64.0000000000006,420.029114841501,420.029114841501,0,0,0,311.211036387242,14.1773913043479,green,0
405,64.1000000000006,420.029114841501,420.029114841501,0,0,0,312.629175517677,14.1853913043479,green,0
405,64.2000000000006,420.029114841501,420.029114841501,0,0,0,314.048114648111,14.1933913043479,green,0
405,64.3000000000006,420.029114841501,420.029114841501,0,0,0,315.467853778546,14.2013913043479,green,0
405,64.4000000000006,420.029114841501,420.029114841501,0,0,0,316.888392908981,14.2093913043479,green,0
405,64.5000000000006,420.029114841501,420.029114841501,0,0,0,318.309732039415,14.2173913043479,green,0
405,64.6000000000006,420.029114841501,420.029114841501,0,0,0,319.73187116985,14.2253913043479,green,0
405,64.7000000000006,420.029114841501,420.029114841501,0,0,0,321.154810300285,14.2333913043479,green,0
405,64.8000000000006,420.029114841501,420.029114841501,0,0,0,322.57854943072,14.2413913043479,green,0
405,64.9000000000006,420.029114841501,420.029114841501,0,0,0,324.003088561154,14.2493913043479,green,0
405,65.0000000000006,420.029114841501,420.029114841501,0,0,0,325.428427691589,14.2573913043479,green,0
405,65.1000000000006,420.029114841501,420.029114841501,0,0,0,326.854566822024,14.2653913043479,green,0
405,65.2000000000006,420.029114841501,420.029114841501,0,0,0,328.281505952458,14.2733913043479,green,0
405,65.3000000000006,420.029114841501,420.029114841501,0,0,0,329.709245082893,14.2813913043479,green,0
405,65.4000000000006,420.029114841501,420.029114841501,0,0,0,331.137784213328,14.2893913043479,green,0
405,65.5000000000006,420.029114841501,420.029114841501,0,0,0,332.567123343762,14.2973913043479,green,0
405,65.6000000000005,420.029114841501,420.029114841501,0,0,0,333.997262474197,14.3053913043479,green,0
405,65.7000000000005,420.029114841501,420.029114841501,0,0,0,335.428201604632,14.3133913043479,green,0
405,65.8000000000005,420.029114841501,420.029114841501,0,0,0,336.859940735067,14.3213913043479,green,0
405,65.9000000000005,420.029114841501,420.029114841501,0,0,0,338.292479865501,14.3293913043479,green,0
405,66.0000000000005,420.029114841501,420.029114841501,0,0,0,339.725818995936,14.3373913043479,green,0
405,66.1000000000005,420.029114841501,420.029114841501,0,0,0,341.159958126371,14.3453913043479,green,0
405,66.2000000000005,420.029114841501,420.029114841501,0,0,0,342.594897256805,14.3533913043479,green,0
405,66.3000000000005,420.029114841501,420.029114841501,0,0,0,344.03063638724,14.3613913043479,green,0
405,66.4000000000005,420.029114841501,420.029114841501,0,0,0,345.467175517675,14.3693913043479,green,0
405,66.5000000000005,420.029114841501,420.029114841501,0,0,0,346.90451464811,14.3773913043479,green,0
405,66.6000000000005,420.029114841501,420.029114841501,0,0,0,348.342653778544,14.3853913043479,green,0
405,66.7000000000005,420.029114841501,420.029114841501,0,0,0,349.781592908979,14.3933913043479,green,0
405,66.8000000000005,420.029114841501,420.029114841501,0,0,0,351.221332039414,14.4013913043479,green,0
405,66.9000000000005,420.029114841501,420.029114841501,0,0,0,352.661871169848,14.4093913043479,green,0
405,67.0000000000005,420.029114841501,420.029114841501,0,0,0,354.103210300283,14.4173913043479,green,0
405,67.1000000000005,420.029114841501,420.029114841501,0,0,0,355.545349430718,14.4253913043479,green,0
405,67.2000000000005,420.029114841501,420.029114841501,0,0,0,356.988288561153,14.4333913043479,green,0
405,67.3000000000005,420.029114841501,420.029114841501,0,0,0,358.432027691587,14.4413913043479,green,0
405,67.4000000000004,420.029114841501,420.029114841501,0,0,0,359.876566822022,14.4493913043479,green,0
405,67.5000000000004,420.029114841501,420.029114841501,0,0,0,361.321905952457,14.4573913043479,green,0
405,67.6000000000004,420.029114841501,420.029114841501,0,0,0,362.768045082891,14.4653913043479,green,0
405,67.7000000000004,420.029114841501,420.029114841501,0,0,0,364.214984213326,14.4733913043479,green,0
405,67.8000000000004,420.029114841501,420.029114841501,0,0,0,365.662723343761,14.4813913043479,green,0
405,67.9000000000004,420.029114841501,420.029114841501,0,0,0,367.111262474195,14.4893913043479,green,0
405,68.0000000000004,420.029114841501,420.029114841501,0,0,0,368.56060160463,14.4973913043479,green,0
405,68.1000000000004,420.029114841501,420.029114841501,0,0,0,370.010740735065,14.5053913043479,green,0
405,68.2000000000004,420.029114841501,420.029114841501,0,0,0,371.4616798655,14.5133913043479,green,0
405,68.3000000000004,420.029114841501,420.029114841501,0,0,0,372.913418995934,14.5213913043479,green,0
405,68.4000000000004,420.029114841501,420.029114841501,0,0,0,374.365958126369,14.5293913043479,green,0
405,68.5000000000004,420.029114841501,420.029114841501,0,0,0,375.819297256804,14.5373913043479,green,0
405,68.6000000000004,420.029114841501,420.029114841501,0,0,0,377.273436387238,14.5453913043479,green,0
405,68.7000000000004,420.029114841501,420.029114841501,0,0,0,378.728375517673,14.5533913043479,green,0
405,68.8000000000004,420.029114841501,420.029114841501,0,0,0,380.184114648108,14.5613913043479,green,0
405,68.9000000000004,420.029114841501,420.029114841501,0,0,0,381.640653778542,14.5693913043479,green,0
405,69.0000000000004,420.029114841501,420.029114841501,0,0,0,383.097992908977,14.5773913043479,green,0
405,69.1000000000003,420.029114841501,420.029114841501,0,0,0,384.556132039412,14.5853913043479,green,0
405,69.2000000000003,420.029114841501,420.029114841501,0,0,0,386.015071169847,14.5933913043479,green,0
405,69.3000000000003,420.029114841501,420.029114841501,0,0,0,387.474810300281,14.6013913043479,green,0
405,69.4000000000003,420.029114841501,420.029114841501,0,0,0,388.935349430716,14.6093913043479,green,0
405,69.5000000000003,420.029114841501,420.029114841501,0,0,0,390.396688561151,14.6173913043479,green,0
405,69.6000000000003,420.029114841501,420.029114841501,0,0,0,391.858827691585,14.6253913043479,green,0
405,69.7000000000003,420.029114841501,420.029114841501,0,0,0,393.32176682202,14.6333913043479,green,0
405,69.8000000000003,420.029114841501,420.029114841501,0,0,0,394.785505952455,14.6413913043479,green,0
405,69.9000000000003,420.029114841501,420.029114841501,0,0,0,396.250045082889,14.6493913043479,green,0
405,70.0000000000003,420.029114841501,420.029114841501,0,0,0,397.715384213324,14.6573913043479,green,0
405,70.1000000000003,420.029114841501,420.029114841501,0,0,0,399.181523343759,14.6653913043478,green,0
405,70.2000000000003,420.029114841501,420.029114841501,0,0,0,400.648462474194,14.6733913043478,green,0
405,70.3000000000003,420.029114841501,420.029114841501,0,0,0,402.116201604628,14.6813913043478,green,0
405,70.4000000000003,420.029114841501,420.029114841501,0,0,0,403.584740735063,14.6893913043478,green,0
405,70.5000000000003,420.029114841501,420.029114841501,0,0,0,405.054079865498,14.6973913043478,green,0
405,70.6000000000003,420.029114841501,420.029114841501,0,0,0,406.524218995932,14.7053913043478,green,0
405,70.7000000000003,420.029114841501,420.029114841501,0,0,0,407.995158126367,14.7133913043478,green,0
405,70.8000000000003,420.029114841501,420.029114841501,0,0,0,409.466897256802,14.7213913043478,green,0
405,70.9000000000002,420.029114841501,420.029114841501,0,0,0,410.939436387237,14.7293913043478,green,0
405,71.0000000000002,420.029114841501,420.029114841501,0,0,0,412.412775517671,14.7373913043478,green,0
405,71.1000000000002,420.029114841501,420.029114841501,0,0,0,413.886914648106,14.7453913043478,green,0
405,71.2000000000002,420.029114841501,420.029114841501,0,0,0,415.361853778541,14.7533913043478,green,0
405,71.3000000000002,420.029114841501,420.029114841501,0,0,0,416.837592908975,14.7613913043478,green,0
405,71.4000000000002,420.029114841501,420.029114841501,0,0,0,418.31413203941,14.7693913043478,green,0
405,71.5000000000002,420.029114841501,420.029114841501,0,0,0,419.791471169845,14.7773913043478,green,0
405,71.6000000000002,420.029114841501,420.029114841501,0,0,0,421.269610300279,14.7853913043478,green,0
405,71.7000000000002,420.029114841501,420.029114841501,0,0,0,422.748549430714,14.7933913043478,green,0
405,71.8000000000002,420.029114841501,420.029114841501,0,0,0,424.228288561149,14.8013913043478,green,0
405,71.9000000000002,420.029114841501,420.029114841501,0,0,0,425.708827691584,14.8093913043478,green,0
405,72.0000000000002,420.029114841501,420.029114841501,0,0,0,427.190166822018,14.8173913043478,green,0
405,72.1000000000002,420.029114841501,420.029114841501,0,0,0,428.672305952453,14.8253913043478,green,0
405,72.2000000000002,420.029114841501,420.029114841501,0,0,0,430.155245082888,14.8333913043478,green,0
405,72.3000000000002,420.029114841501,420.029114841501,0,0,0,431.638984213322,14.8413913043478,green,0
405,72.4000000000002,420.029114841501,420.029114841501,0,0,0,433.123523343757,14.8493913043478,green,0
405,72.5000000000002,420.029114841501,420.029114841501,0,0,0,434.608862474192,14.8573913043478,green,0
405,72.6000000000002,420.029114841501,420.029114841501,0,0,0,436.095001604626,14.8653913043478,green,0
405,72.7000000000001,420.029114841501,420.029114841501,0,0,0,437.581940735061,14.8733913043478,green,0
405,72.8000000000001,420.029114841501,420.029114841501,0,0,0,439.069679865496,14.8813913043478,green,0
405,72.9000000000001,420.029114841501,420.029114841501,0,0,0,440.55821899593,14.8893913043478,green,0
405,73.0000000000001,420.029114841501,420.029114841501,0,0,0,442.047558126365,14.8973913043478,green,0
405,73.1000000000001,420.029114841501,420.029114841501,0,0,0,443.5376972568,14.9053913043478,green,0
405,73.2000000000001,420.029114841501,420.029114841501,0,0,0,445.028636387235,14.9133913043478,green,0
405,73.3000000000001,420.029114841501,420.029114841501,0,0,0,446.520375517669,14.9213913043478,green,0
405,73.4000000000001,420.029114841501,420.029114841501,0,0,0,448.012914648104,14.9293913043478,green,0
405,73.5000000000001,420.029114841501,420.029114841501,0,0,0,449.506253778539,14.9373913043478,green,0
405,73.6000000000001,420.029114841501,420.029114841501,0,0,0,451.000392908973,14.9453913043478,green,0
405,73.7000000000001,420.029114841501,420.029114841501,0,0,0,452.495332039408,14.9533913043478,green,0
405,73.8000000000001,420.029114841501,420.029114841501,0,0,0,453.991071169843,14.9613913043478,green,0
405,73.9000000000001,420.029114841501,420.029114841501,0,0,0,455.487610300277,14.9693913043478,green,0
405,74.0000000000001,420.029114841501,420.029114841501,0,0,0,456.984949430712,14.9773913043478,green,0
405,74.1000000000001,420.029114841501,420.029114841501,0,0,0,458.483088561147,14.9853913043478,green,0
405,74.2000000000001,420.029114841501,420.029114841501,0,0,0,459.982027691582,14.9933913043478,green,0
405,74.3000000000001,420.029114841501,420.029114841501,0,0,0,461.481766822016,15.0013913043478,green,0
405,74.4,420.029114841501,420.029114841501,0,0,0,462.982305952451,15.0093913043478,green,0
405,74.5,420.029114841501,420.029114841501,0,0,0,464.483645082886,15.0173913043478,green,0
405,74.6,420.029114841501,420.029114841501,0,0,0,465.98578421332,15.0253913043478,green,0
405,74.7,420.029114841501,420.029114841501,0,0,0,467.488723343755,15.0333913043478,green,0
405,74.8,420.029114841501,420.029114841501,0,0,0,468.99246247419,15.0413913043478,green,0
405,74.9,420.029114841501,420.029114841501,0,0,0,470.497001604624,15.0493913043478,green,0
405,75,420.029114841501,420.029114841501,0,0,0,472.002340735059,15.0573913043478,green,0
405,75.1,420.029114841501,420.029114841501,0,0,0,473.508479865494,15.0653913043478,green,0
405,75.2,420.029114841501,420.029114841501,0,0,0,475.015418995929,15.0733913043478,green,0
405,75.3,420.029114841501,420.029114841501,0,0,0,476.523158126363,15.0813913043478,green,0
405,75.4,420.029114841501,420.029114841501,0,0,0,478.031697256798,15.0893913043478,green,0
405,75.5,420.029114841501,420.029114841501,0,0,0,479.541036387233,15.0973913043478,green,0
405,75.6,420.029114841501,420.029114841501,0,0,0,481.051175517667,15.1053913043478,green,0
405,75.7,420.029114841501,420.029114841501,0,0,0,482.562114648102,15.1133913043478,green,0
405,75.8,420.029114841501,420.029114841501,0,0,0,484.073853778537,15.1213913043478,green,0
405,75.9,420.029114841501,420.029114841501,0,0,0,485.586392908971,15.1293913043478,green,0
405,76,420.029114841501,420.029114841501,0,0,0,487.099732039406,15.1373913043478,green,0
405,76.1,420.029114841501,420.029114841501,0,0,0,488.613871169841,15.1453913043478,green,0
405,76.1999999999999,420.029114841501,420.029114841501,0,0,0,490.128810300275,15.1533913043478,green,0
405,76.2999999999999,420.029114841501,420.029114841501,0,0,0,491.64454943071,15.1613913043478,green,0
405,76.3999999999999,420.029114841501,420.029114841501,0,0,0,493.161088561145,15.1693913043478,green,0
405,76.4999999999999,420.029114841501,420.029114841501,0,0,0,494.67842769158,15.1773913043478,green,0
405,76.5999999999999,420.029114841501,420.029114841501,0,0,0,496.196566822014,15.1853913043478,green,0
405,76.6999999999999,420.029114841501,420.029114841501,0,0,0,497.715505952449,15.1933913043478,green,0
405,76.7999999999999,420.029114841501,420.029114841501,0,0,0,499.235245082884,15.2013913043478,green,0
405,76.8999999999999,420.029114841501,420.029114841501,0,0,0,500.755784213318,15.2093913043478,green,0
405,76.9999999999999,420.029114841501,420.029114841501,0,0,0,502.277123343753,15.2173913043478,green,0
405,77.0999999999999,420.029114841501,420.029114841501,0,0,0,503.799262474188,15.2253913043478,green,0
405,77.1999999999999,420.029114841501,420.029114841501,0,0,0,505.322201604622,15.2333913043478,green,0
405,77.2999999999999,420.029114841501,420.029114841501,0,0,0,506.845940735057,15.2413913043478,green,0
405,77.3999999999999,420.029114841501,420.029114841501,0,0,0,508.370479865492,15.2493913043478,green,0
405,77.4999999999999,420.029114841501,420.029114841501,0,0,0,509.895818995927,15.2573913043478,green,0
405,77.5999999999999,420.029114841501,420.029114841501,0,0,0,511.421958126361,15.2653913043478,green,0
405,77.6999999999999,420.029114841501,420.029114841501,0,0,0,512.948897256796,15.2733913043478,green,0
405,77.7999999999999,420.029114841501,420.029114841501,0,0,0,514.476636387231,15.2813913043478,green,0
405,77.8999999999998,420.029114841501,420.029114841501,0,0,0,516.005175517665,15.2893913043478,green,0
405,77.9999999999998,420.029114841501,420.029114841501,0,0,0,517.5345146481,15.2973913043478,green,0
405,78.0999999999998,420.029114841501,420.029114841501,0,0,0,519.064653778535,15.3053913043478,green,0
405,78.1999999999998,420.029114841501,420.029114841501,0,0,0,520.595592908969,15.3133913043478,green,0
405,78.2999999999998,420.029114841501,420.029114841501,0,0,0,522.127332039404,15.3213913043478,green,0
405,78.3999999999998,420.029114841501,420.029114841501,0,0,0,523.659871169839,15.3293913043478,green,0
405,78.4999999999998,420.029114841501,420.029114841501,0,0,0,525.193210300273,15.3373913043478,green,0
405,78.5999999999998,420.029114841501,420.029114841501,0,0,0,526.727349430708,15.3453913043478,green,0
405,78.6999999999998,420.029114841501,420.029114841501,0,0,0,528.262288561143,15.3533913043478,green,0
405,78.7999999999998,420.029114841501,420.029114841501,0,0,0,529.798027691578,15.3613913043478,green,0
405,78.8999999999998,420.029114841501,420.029114841501,0,0,0,531.334566822012,15.3693913043478,green,0
405,78.9999999999998,420.029114841501,420.029114841501,0,0,0,532.871905952447,15.3773913043478,green,0
405,79.0999999999998,420.029114841501,420.029114841501,0,0,0,534.410045082882,15.3853913043478,green,0
405,79.1999999999998,420.029114841501,420.029114841501,0,0,0,535.948984213316,15.3933913043478,green,0
405,79.2999999999998,420.029114841501,420.029114841501,0,0,0,537.488723343751,15.4013913043478,green,0
405,79.3999999999998,420.029114841501,420.029114841501,0,0,0,539.029262474186,15.4093913043478,green,0
405,79.4999999999998,420.029114841501,420.029114841501,0,0,0,540.57060160462,15.4173913043478,green,0
405,79.5999999999998,420.029114841501,420.029114841501,0,0,0,542.112740735055,15.4253913043478,green,0
405,79.6999999999997,420.029114841501,420.029114841501,0,0,0,543.65567986549,15.4333913043478,green,0
405,79.7999999999997,420.029114841501,420.029114841501,0,0,0,545.199418995925,15.4413913043478,green,0
405,79.8999999999997,420.029114841501,420.029114841501,0,0,0,546.743958126359,15.4493913043478,green,0
405,79.9999999999997,420.029114841501,420.029114841501,0,0,0,548.289297256794,15.4573913043478,green,0
405,80.0999999999997,420.029114841501,420.029114841501,0,0,0,549.835436387229,15.4653913043478,green,0
405,80.1999999999997,420.029114841501,420.029114841501,0,0,0,551.382375517663,15.4733913043478,green,0
405,80.2999999999997,420.029114841501,420.029114841501,0,0,0,552.930114648098,15.4813913043478,green,0
405,80.3999999999997,420.029114841501,420.029114841501,0,0,0,554.478653778533,15.4893913043478,green,0
405,80.4999999999997,420.029114841501,420.029114841501,0,0,0,556.027992908967,15.4973913043478,green,0
405,80.5999999999997,420.029114841501,420.029114841501,0,0,0,557.578132039402,15.5053913043478,green,0
405,80.6999999999997,420.029114841501,420.029114841501,0,0,0,559.129071169837,15.5133913043478,green,0
405,80.7999999999997,420.029114841501,420.029114841501,0,0,0,560.680810300272,15.5213913043478,green,0
405,80.8999999999997,420.029114841501,420.029114841501,0,0,0,562.233349430706,15.5293913043478,green,0
405,80.9999999999997,420.029114841501,420.029114841501,0,0,0,563.786688561141,15.5373913043478,green,0
405,81.0999999999997,420.029114841501,420.029114841501,0,0,0,565.340827691575,15.5453913043478,red,0
405,81.1999999999997,420.029114841501,420.029114841501,0,0,0,566.89576682201,15.5533913043478,red,0
405,81.2999999999997,420.029114841501,420.029114841501,0,0,0,568.451505952445,15.5613913043478,red,0
405,81.3999999999997,420.029114841501,420.029114841501,0,0,0,570.00804508288,15.5693913043478,red,0
405,81.4999999999996,420.029114841501,420.029114841501,0,0,0,571.565384213314,15.5773913043478,red,0
405,81.5999999999996,420.029114841501,420.029114841501,0,0,0,573.123523343749,15.5853913043478,red,0
405,81.6999999999996,420.029114841501,420.029114841501,0,0,0,574.682462474184,15.5933913043478,red,0
405,81.7999999999996,420.029114841501,420.029114841501,0,0,0,576.242201604618,15.6013913043478,red,0
405,81.8999999999996,420.029114841501,420.029114841501,0,0,0,577.802740735053,15.6093913043478,red,0
405,81.9999999999996,420.029114841501,420.029114841501,0,0,0,579.364079865488,15.6173913043478,red,0
405,82.0999999999996,420.029114841501,420.029114841501,0,0,0,580.926218995922,15.6253913043478,red,0
405,82.1999999999996,420.029114841501,420.029114841501,0,0,0,582.489158126357,15.6333913043478,red,0
405,82.2999999999996,420.029114841501,420.029114841501,0,0,0,584.052897256792,15.6413913043478,red,0
405,82.3999999999996,420.029114841501,420.029114841501,0,0,0,585.617436387226,15.6493913043478,red,0
405,82.4999999999996,420.029114841501,420.029114841501,0,0,0,587.182775517661,15.6573913043478,red,0
405,82.5999999999996,420.029114841501,420.029114841501,0,0,0,588.748914648096,15.6653913043478,red,0
405,82.6999999999996,420.029114841501,420.029114841501,0,0,0,590.31585377853,15.6733913043478,red,0
405,82.7999999999996,420.029114841501,420.029114841501,0,0,0,591.883592908965,15.6813913043478,red,0
405,82.8999999999996,420.029114841501,420.029114841501,0,0,0,593.4521320394,15.6893913043478,red,0
405,82.9999999999996,420.029114841501,420.029114841501,0,0,0,595.021471169835,15.6973913043478,red,0
405,83.0999999999996,420.029114841501,420.029114841501,0,0,0,596.591610300269,15.7053913043478,red,0
405,83.1999999999995,420.029114841501,420.029114841501,0,0,0,598.162549430704,15.7133913043478,red,0
405,83.2999999999995,420.029114841501,420.029114841501,0,0,0,599.734288561139,15.7213913043478,red,0
405,83.3999999999995,420.029114841501,420.029114841501,0,0,0,601.306827691574,15.7293913043478,red,0
405,83.4999999999995,420.029114841501,420.029114841501,0,0,0,602.880166822008,15.7373913043478,red,0
405,83.5999999999995,420.029114841501,420.029114841501,0,0,0,604.454305952443,15.7453913043478,red,0
405,83.6999999999995,420.029114841501,420.029114841501,0,0,0,606.029245082878,15.7533913043478,red,0
405,83.7999999999995,420.029114841501,420.029114841501,0,0,0,607.604984213312,15.7613913043478,red,0
405,83.8999999999995,420.029114841501,420.029114841501,0,0,0,609.181523343747,15.7693913043478,red,0
405,83.9999999999995,420.029114841501,420.029114841501,0,0,0,610.758862474182,15.7773913043478,red,0
405,84.0999999999995,420.029114841501,420.029114841501,0,0,0,612.337001604616,15.7853913043478,red,0
405,84.1999999999995,420.029114841501,420.029114841501,0,0,0,613.915940735051,15.7933913043478,red,0
405,84.2999999999995,420.029114841501,420.029114841501,0,0,0,615.495679865486,15.8013913043478,red,0
405,84.3999999999995,420.029114841501,420.029114841501,0,0,0,617.07621899592,15.8093913043478,red,0
405,84.4999999999995,420.029114841501,420.029114841501,0,0,0,618.657558126355,15.8173913043478,red,0
405,84.5999999999995,420.029114841501,420.029114841501,0,0,0,620.23969725679,15.8253913043478,red,0
405,84.6999999999995,420.029114841501,420.029114841501,0,0,0,621.822636387224,15.8333913043478,red,0
405,84.7999999999995,420.029114841501,420.029114841501,0,0,0,623.406375517659,15.8413913043478,red,0
405,84.8999999999995,420.029114841501,420.029114841501,0,0,0,624.990914648094,15.8493913043478,red,0
405,84.9999999999994,420.029114841501,420.029114841501,0,0,0,626.576253778528,15.8573913043478,red,0
405,85.0999999999994,420.029114841501,420.029114841501,0,0,0,628.162392908963,15.8653913043478,red,0
405,85.1999999999994,420.029114841501,420.029114841501,0,0,0,629.749332039398,15.8733913043478,red,0
405,85.2999999999994,420.029114841501,420.029114841501,0,0,0,631.337071169833,15.8813913043478,red,0
405,85.3999999999994,420.029114841501,420.029114841501,0,0,0,632.925610300267,15.8893913043478,red,0
405,85.4999999999994,420.029114841501,420.029114841501,0,0,0,634.514949430702,15.8973913043478,red,0
405,85.5999999999994,420.029114841501,420.029114841501,0,0,0,636.105088561137,15.9053913043478,red,0
405,85.6999999999994,420.029114841501,420.029114841501,0,0,0,637.696027691571,15.9133913043478,red,0
405,85.7999999999994,420.029114841501,420.029114841501,0,0,0,639.287766822006,15.9213913043478,red,0
405,85.8999999999994,420.029114841501,420.029114841501,0,0,0,640.880305952441,15.9293913043478,red,0
405,85.9999999999994,420.029114841501,420.029114841501,0,0,0,642.473645082875,15.9373913043478,red,0
405,86.0999999999994,420.029114841501,420.029114841501,0,0,0,644.06778421331,15.9453913043478,red,0
405,86.1999999999994,420.029114841501,420.029114841501,0,0,0,645.662723343745,15.9533913043478,red,0
405,86.2999999999994,420.029114841501,420.029114841501,0,0,0,647.258462474179,15.9613913043478,red,0
405,86.3999999999994,420.029114841501,420.029114841501,0,0,0,648.855001604614,15.9693913043478,red,0
405,86.4999999999994,420.029114841501,420.029114841501,0,0,0,650.452340735049,15.9773913043478,red,0
405,86.5999999999994,420.029114841501,420.029114841501,0,0,0,652.050479865484,15.9853913043478,red,0
405,86.6999999999993,420.029114841501,420.029114841501,0,0,0,653.649418995918,15.9933913043478,red,0
405,86.7999999999993,420.029114841501,420.029114841501,0,0,0,655.249158126353,16.0013913043478,red,0
405,86.8999999999993,420.029114841501,420.029114841501,0,0,0,656.849697256788,16.0093913043478,red,0
405,86.9999999999993,420.029114841501,420.029114841501,0,0,0,658.451036387222,16.0173913043478,red,0
405,87.0999999999993,420.029114841501,420.029114841501,0,0,0,660.053175517657,16.0253913043478,red,0
405,87.1999999999993,420.029114841501,420.029114841501,0,0,0,661.656114648091,16.0333913043478,red,0
405,87.2999999999993,420.029114841501,420.029114841501,0,0,0,663.259853778526,16.0413913043478,red,0
405,87.3999999999993,420.029114841501,420.029114841501,0,0,0,664.864392908961,16.0493913043478,red,0
405,87.4999999999993,420.029114841501,420.029114841501,0,0,0,666.469732039396,16.0573913043478,red,0
405,87.5999999999993,420.029114841501,420.029114841501,0,0,0,668.07587116983,16.0653913043478,red,0
405,87.6999999999993,420.029114841501,420.029114841501,0,0,0,669.682810300265,16.0733913043478,red,0
405,87.7999999999993,420.029114841501,420.029114841501,0,0,0,671.2905494307,16.0813913043478,red,0
405,87.8999999999993,420.029114841501,420.029114841501,0,0,0,672.899088561134,16.0893913043478,red,0
405,87.9999999999993,420.029114841501,420.029114841501,0,0,0,674.508427691569,16.0973913043478,red,0
405,88.0999999999993,420.029114841501,420.029114841501,0,0,0,676.118566822004,16.1053913043478,red,0
405,88.1999999999993,420.029114841501,420.029114841501,0,0,0,677.729505952438,16.1133913043478,red,0
405,88.2999999999993,420.029114841501,420.029114841501,0,0,0,679.341245082873,16.1213913043478,red,0
405,88.3999999999993,420.029114841501,420.029114841501,0,0,0,680.953784213308,16.1293913043478,red,0
405,88.4999999999992,420.029114841501,420.029114841501,0,0,0,682.567123343742,16.1373913043478,red,0
405,88.5999999999992,420.029114841501,420.029114841501,0,0,0,684.181262474177,16.1453913043478,red,0
405,88.6999999999992,420.029114841501,420.029114841501,0,0,0,685.796201604612,16.1533913043478,red,0
405,88.7999999999992,420.029114841501,420.029114841501,0,0,0,687.411940735047,16.1613913043478,red,0
405,88.8999999999992,420.029114841501,420.029114841501,0,0,0,689.028479865481,16.1693913043478,red,0
405,88.9999999999992,420.029114841501,420.029114841501,0,0,0,690.645818995916,16.1773913043478,red,0
405,89.0999999999992,420.029114841501,420.029114841501,0,0,0,692.263958126351,16.1853913043478,red,0
405,89.1999999999992,420.029114841501,420.029114841501,0,0,0,693.882897256785,16.1933913043478,red,0
405,89.2999999999992,420.029114841501,420.029114841501,0,0,0,695.50263638722,16.2013913043478,red,0
405,89.3999999999992,420.029114841501,420.029114841501,0,0,0,697.123175517655,16.2093913043478,red,0
405,89.4999999999992,420.029114841501,420.029114841501,0,0,0,698.744514648089,16.2173913043478,red,0
405,89.5999999999992,420.029114841501,420.029114841501,0,0,0,700.366653778524,16.2253913043478,red,0
405,89.6999999999992,420.029114841501,420.029114841501,0,0,0,701.989592908959,16.2333913043478,red,0
405,89.7999999999992,420.029114841501,420.029114841501,0,0,0,703.613332039394,16.2413913043478,red,0
405,89.8999999999992,420.029114841501,420.029114841501,0,0,0,705.237871169828,16.2493913043478,red,0
405,89.9999999999992,420.029114841501,420.029114841501,0,0,0,706.863210300263,16.2573913043478,red,0
405,90.0999999999992,420.029114841501,420.029114841501,0,0,0,708.489349430697,16.2653913043478,red,0
405,90.1999999999992,420.029114841501,420.029114841501,0,0,0,710.116288561132,16.2733913043478,red,0
405,90.2999999999991,420.029114841501,420.029114841501,0,0,0,711.744027691567,16.2813913043478,red,0
405,90.3999999999991,420.029114841501,420.029114841501,0,0,0,713.372566822002,16.2893913043478,red,0
405,90.4999999999991,420.029114841501,420.029114841501,0,0,0,715.001905952436,16.2973913043478,red,0
405,90.5999999999991,420.029114841501,420.029114841501,0,0,0,716.632045082871,16.3053913043478,red,0
405,90.6999999999991,420.029114841501,420.029114841501,0,0,0,718.262984213306,16.3133913043478,red,0
405,90.7999999999991,420.029114841501,420.029114841501,0,0,0,719.89472334374,16.3213913043478,red,0
405,90.8999999999991,420.029114841501,420.029114841501,0,0,0,721.527262474175,16.3293913043478,red,0
405,90.9999999999991,420.029114841501,420.029114841501,0,0,0,723.16060160461,16.3373913043478,red,0
405,91.0999999999991,420.029114841501,420.029114841501,0,0,0,724.794740735044,16.3453913043478,red,0
405,91.1999999999991,420.029114841501,420.029114841501,0,0,0,726.429679865479,16.3533913043478,red,0
405,91.2999999999991,420.029114841501,420.029114841501,0,0,0,728.065418995914,16.3613913043478,red,0
405,91.3999999999991,420.029114841501,420.029114841501,0,0,0,729.701958126348,16.3693913043478,red,0
405,91.4999999999991,420.029114841501,420.029114841501,0,0,0,731.339297256783,16.3773913043478,red,0
405,91.5999999999991,420.029114841501,420.029114841501,0,0,0,732.977436387218,16.3853913043478,red,0
405,91.6999999999991,420.029114841501,420.029114841501,0,0,0,734.616375517652,16.3933913043478,red,0
405,91.7999999999991,420.029114841501,420.029114841501,0,0,0,736.256114648087,16.4013913043478,red,0
405,91.8999999999991,420.029114841501,420.029114841501,0,0,0,737.896653778522,16.4093913043477,red,0
405,91.999999999999,420.029114841501,420.029114841501,0,0,0,739.537992908957,16.4173913043477,red,0
405,92.099999999999,420.029114841501,420.029114841501,0,0,0,741.180132039391,16.4253913043477,red,0
405,92.199999999999,420.029114841501,420.029114841501,0,0,0,742.823071169826,16.4333913043478,red,0
405,92.299999999999,420.029114841501,420.029114841501,0,0,0,744.46681030026,16.4413913043477,red,0
405,92.399999999999,420.029114841501,420.029114841501,0,0,0,746.111349430695,16.4493913043477,red,0
405,92.499999999999,420.029114841501,420.029114841501,0,0,0,747.75668856113,16.4573913043477,red,0
405,92.599999999999,420.029114841501,420.029114841501,0,0,0,749.402827691564,16.4653913043477,red,0
405,92.699999999999,420.029114841501,420.029114841501,0,0,0,751.049766821999,16.4733913043477,red,0
405,92.799999999999,420.029114841501,420.029114841501,0,0,0,752.697505952434,16.4813913043477,red,0
405,92.899999999999,420.029114841501,420.029114841501,0,0,0,754.346045082869,16.4893913043477,red,0
405,92.999999999999,420.029114841501,420.029114841501,0,0,0,755.995384213303,16.4973913043477,red,0
405,93.099999999999,420.029114841501,420.029114841501,0,0,0,757.645523343738,16.5053913043477,red,0
405,93.199999999999,420.029114841501,420.029114841501,0,0,0,759.296462474173,16.5133913043477,red,0
405,93.299999999999,420.029114841501,420.029114841501,0,0,0,760.948201604607,16.5213913043477,red,0
405,93.399999999999,420.029114841501,420.029114841501,0,0,0,762.600740735042,16.5293913043477,red,0
405,93.499999999999,420.029114841501,420.029114841501,0,0,0,764.254079865477,16.5373913043477,red,0
405,93.599999999999,420.029114841501,420.029114841501,0,0,0,765.908218995911,16.5453913043477,red,0
405,93.699999999999,420.029114841501,420.029114841501,0,0,0,767.563158126346,16.5533913043477,red,0
405,93.7999999999989,420.029114841501,420.029114841501,0,0,0,769.218897256781,16.5613913043477,red,0
405,93.8999999999989,420.029114841501,420.029114841501,0,0,0,770.875436387215,16.5693913043477,red,0
405,93.9999999999989,420.029114841501,420.029114841501,0,0,0,772.53277551765,16.5773913043477,red,0
405,94.0999999999989,420.029114841501,420.029114841501,0,0,0,774.190914648085,16.5853913043477,red,0
405,94.1999999999989,420.029114841501,420.029114841501,0,0,0,775.849853778519,16.5933913043477,red,0
405,94.2999999999989,420.029114841501,420.029114841501,0,0,0,777.509592908954,16.6013913043477,red,0
405,94.3999999999989,420.029114841501,420.029114841501,0,0,0,779.170132039389,16.6093913043477,red,0
405,94.4999999999989,420.029114841501,420.029114841501,0,0,0,780.831471169823,16.6173913043477,red,0
405,94.5999999999989,420.029114841501,420.029114841501,0,0,0,782.493610300258,16.6253913043477,red,0
405,94.6999999999989,420.029114841501,420.029114841501,0,0,0,784.156549430693,16.6333913043477,red,0
405,94.7999999999989,420.029114841501,420.029114841501,0,0,0,785.820288561127,16.6413913043477,red,0
405,94.8999999999989,420.029114841501,420.029114841501,0,0,0,787.484827691562,16.6493913043477,red,0
405,94.9999999999989,420.029114841501,420.029114841501,0,0,0,789.150166821997,16.6573913043477,red,0
405,95.0999999999989,420.029114841501,420.029114841501,0,0,0,790.816305952432,16.6653913043477,red,0
405,95.1999999999989,420.029114841501,420.029114841501,0,0,0,792.483245082866,16.6733913043477,red,0
405,95.2999999999989,420.029114841501,420.029114841501,0,0,0,794.150984213301,16.6813913043477,red,0
405,95.3999999999989,420.029114841501,420.029114841501,0,0,0,795.819523343736,16.6893913043477,red,0
405,95.4999999999988,420.029114841501,420.029114841501,0,0,0,797.48886247417,16.6973913043477,red,0
405,95.5999999999988,420.029114841501,420.029114841501,0,0,0,799.159001604605,16.7053913043477,red,0
405,95.6999999999988,420.029114841501,420.029114841501,0,0,0,800.82994073504,16.7133913043477,red,0
405,95.7999999999988,420.029114841501,420.029114841501,0,0,0,802.501679865474,16.7213913043477,red,0
405,95.8999999999988,420.029114841501,420.029114841501,0,0,0,804.174218995909,16.7293913043477,red,0
405,95.9999999999988,420.029114841501,420.029114841501,0,0,0,805.847558126344,16.7373913043477,red,0
405,96.0999999999988,420.029114841501,420.029114841501,0,0,0,807.521697256778,16.7453913043477,red,0
405,96.1999999999988,420.029114841501,420.029114841501,0,0,0,809.196636387213,16.7533913043477,red,0
405,96.2999999999988,420.029114841501,420.029114841501,0,0,0,810.872375517648,16.7613913043477,red,0
405,96.3999999999988,420.029114841501,420.029114841501,0,0,0,812.548914648082,16.7693913043477,red,0
405,96.4999999999988,420.029114841501,420.029114841501,0,0,0,814.226253778517,16.7773913043477,red,0
405,96.5999999999988,420.029114841501,420.029114841501,0,0,0,815.904392908952,16.7853913043477,red,0
405,96.6999999999988,420.029114841501,420.029114841501,0,0,0,817.583332039387,16.7933913043477,red,0
405,96.7999999999988,420.029114841501,420.029114841501,0,0,0,819.263071169821,16.8013913043477,red,0
405,96.8999999999988,420.029114841501,420.029114841501,0,0,0,820.943610300256,16.8093913043477,red,0
405,96.9999999999988,420.029114841501,420.029114841501,0,0,0,822.62494943069,16.8173913043477,red,0
405,97.0999999999988,420.029114841501,420.029114841501,0,0,0,824.307088561125,16.8253913043477,green,0
405,97.1999999999988,420.029114841501,420.029114841501,0,0,0,825.99002769156,16.8333913043477,green,0
405,97.2999999999987,420.029114841501,420.029114841501,0,0,0,827.673766821994,16.8413913043477,green,0
405,97.3999999999987,420.029114841501,420.029114841501,0,0,0,829.358305952429,16.8493913043477,green,0
405,97.4999999999987,420.029114841501,420.029114841501,0,0,0,831.043645082864,16.8573913043477,green,0
405,97.5999999999987,420.029114841501,420.029114841501,0,0,0,832.729784213298,16.8653913043477,green,0
405,97.6999999999987,420.029114841501,420.029114841501,0,0,0,834.416723343733,16.8733913043477,green,0
405,97.7999999999987,420.029114841501,420.029114841501,0,0,0,836.104462474168,16.8813913043477,green,0
405,97.8999999999987,420.029114841501,420.029114841501,0,0,0,837.793001604603,16.8893913043477,green,0
405,97.9999999999987,420.029114841501,420.029114841501,0,0,0,839.482340735037,16.8973913043477,green,0
405,98.0999999999987,420.029114841501,420.029114841501,0,0,0,841.172479865472,16.9053913043477,green,0
405,98.1999999999987,420.029114841501,420.029114841501,0,0,0,842.863418995906,16.9133913043477,green,0
405,98.2999999999987,420.029114841501,420.029114841501,0,0,0,844.555158126341,16.9213913043477,green,0
405,98.3999999999987,420.029114841501,420.029114841501,0,0,0,846.247697256776,16.9293913043477,green,0
405,98.4999999999987,420.029114841501,420.029114841501,0,0,0,847.94103638721,16.9373913043477,green,0
405,98.5999999999987,420.029114841501,420.029114841501,0,0,0,849.635175517645,16.9453913043477,green,0
405,98.6999999999987,420.029114841501,420.029114841501,0,0,0,851.33011464808,16.9533913043477,green,0
405,98.7999999999987,420.029114841501,420.029114841501,0,0,0,853.025853778515,16.9613913043477,green,0
405,98.8999999999987,420.029114841501,420.029114841501,0,0,0,854.722392908949,16.9693913043477,green,0
405,98.9999999999986,420.029114841501,420.029114841501,0,0,0,856.419732039384,16.9773913043477,green,0
405,99.0999999999986,420.029114841501,420.029114841501,0,0,0,858.117871169819,16.9853913043477,green,0
405,99.1999999999986,420.029114841501,420.029114841501,0,0,0,859.816810300253,16.9933913043477,green,0
405,99.2999999999986,420.029114841501,420.029114841501,0,0,0,861.516549430688,17.0013913043477,green,0
405,99.3999999999986,420.029114841501,420.029114841501,0,0,0,863.217088561122,17.0093913043477,green,0
405,99.4999999999986,420.029114841501,420.029114841501,0,0,0,864.918427691557,17.0173913043477,green,0
405,99.5999999999986,420.029114841501,420.029114841501,0,0,0,866.620566821992,17.0253913043477,green,0
405,99.6999999999986,420.029114841501,420.029114841501,0,0,0,868.323505952427,17.0333913043477,green,0
405,99.7999999999986,420.029114841501,420.029114841501,0,0,0,870.027245082861,17.0413913043477,green,0
405,99.8999999999986,420.029114841501,420.029114841501,0,0,0,871.731784213296,17.0493913043477,green,0
405,99.9999999999986,420.029114841501,420.029114841501,0,0,0,873.437123343731,17.0573913043477,green,0
405,100.099999999999,420.029114841501,420.029114841501,0,0,0,875.143262474165,17.0653913043477,green,0
405,100.199999999999,420.029114841501,420.029114841501,0,0,0,876.8502016046,17.0733913043477,green,0
405,100.299999999999,420.029114841501,420.029114841501,0,0,0,878.557940735035,17.0813913043477,green,0
405,100.399999999999,420.029114841501,420.029114841501,0,0,0,880.266479865469,17.0893913043477,green,0
405,100.499999999999,420.029114841501,420.029114841501,0,0,0,881.975818995904,17.0973913043477,green,0
405,100.599999999999,420.029114841501,420.029114841501,0,0,0,883.685958126339,17.1053913043477,green,0
405,100.699999999999,420.029114841501,420.029114841501,0,0,0,885.396897256773,17.1133913043477,green,0
405,100.799999999999,420.029114841501,420.029114841501,0,0,0,887.108636387208,17.1213913043477,green,0
405,100.899999999999,420.029114841501,420.029114841501,0,0,0,888.821175517643,17.1293913043477,green,0
405,100.999999999999,420.029114841501,420.029114841501,0,0,0,890.534514648077,17.1373913043477,green,0
405,101.099999999999,420.029114841501,420.029114841501,0,0,0,892.248653778512,17.1453913043477,green,0
405,101.199999999999,420.029114841501,420.029114841501,0,0,0,893.963592908947,17.1533913043477,green,0
405,101.299999999999,420.029114841501,420.029114841501,0,0,0,895.679332039382,17.1613913043477,green,0
405,101.399999999999,420.029114841501,420.029114841501,0,0,0,897.395871169816,17.1693913043477,green,0
405,101.499999999999,420.029114841501,420.029114841501,0,0,0,899.113210300251,17.1773913043477,green,0
405,101.599999999999,420.029114841501,420.029114841501,0,0,0,900.831349430686,17.1853913043477,green,0
405,101.699999999998,420.029114841501,420.029114841501,0,0,0,902.55028856112,17.1933913043477,green,0
405,101.799999999998,420.029114841501,420.029114841501,0,0,0,904.270027691555,17.2013913043477,green,0
405,101.899999999998,420.029114841501,420.029114841501,0,0,0,905.990566821989,17.2093913043477,green,0
405,101.999999999998,420.029114841501,420.029114841501,0,0,0,907.711905952424,17.2173913043477,green,0
405,102.099999999998,420.029114841501,420.029114841501,0,0,0,909.434045082859,17.2253913043477,green,0
405,102.199999999998,420.029114841501,420.029114841501,0,0,0,911.156984213293,17.2333913043477,green,0
405,102.299999999998,420.029114841501,420.029114841501,0,0,0,912.880723343728,17.2413913043477,green,0
405,102.399999999998,420.029114841501,420.029114841501,0,0,0,914.605262474163,17.2493913043477,green,0
405,102.499999999998,420.029114841501,420.029114841501,0,0,0,916.330601604597,17.2573913043477,green,0
405,102.599999999998,420.029114841501,420.029114841501,0,0,0,918.056740735032,17.2653913043477,green,0
405,102.699999999998,420.029114841501,420.029114841501,0,0,0,919.783679865467,17.2733913043477,green,0
405,102.799999999998,420.029114841501,420.029114841501,0,0,0,921.511418995902,17.2813913043477,green,0
405,102.899999999998,420.029114841501,420.029114841501,0,0,0,923.239958126336,17.2893913043477,green,0
405,102.999999999998,420.029114841501,420.029114841501,0,0,0,924.969297256771,17.2973913043477,green,0
405,103.099999999998,420.029114841501,420.029114841501,0,0,0,926.699436387206,17.3053913043477,green,0
405,103.199999999998,420.029114841501,420.029114841501,0,0,0,928.43037551764,17.3133913043477,green,0
405,103.299999999998,420.029114841501,420.029114841501,0,0,0,930.162114648075,17.3213913043477,green,0
405,103.399999999998,420.029114841501,420.029114841501,0,0,0,931.894653778509,17.3293913043477,green,0
405,103.499999999998,420.029114841501,420.029114841501,0,0,0,933.627992908944,17.3373913043477,green,0
405,103.599999999998,420.029114841501,420.029114841501,0,0,0,935.362132039379,17.3453913043477,green,0
405,103.699999999998,420.029114841501,420.029114841501,0,0,0,937.097071169813,17.3533913043477,green,0
405,103.799999999998,420.029114841501,420.029114841501,0,0,0,938.832810300248,17.3613913043477,green,0
405,103.899999999998,420.029114841501,420.029114841501,0,0,0,940.569349430683,17.3693913043477,green,0
405,103.999999999998,420.029114841501,420.029114841501,0,0,0,942.306688561118,17.3773913043477,green,0
405,104.099999999998,420.029114841501,420.029114841501,0,0,0,944.044827691552,17.3853913043477,green,0
405,104.199999999998,420.029114841501,420.029114841501,0,0,0,945.783766821987,17.3933913043477,green,0
405,104.299999999998,420.029114841501,420.029114841501,0,0,0,947.523505952422,17.4013913043477,green,0
405,104.399999999998,420.029114841501,420.029114841501,0,0,0,949.264045082856,17.4093913043477,green,0
405,104.499999999998,420.029114841501,420.029114841501,0,0,0,951.005384213291,17.4173913043477,green,0
405,104.599999999998,420.029114841501,420.029114841501,0,0,0,952.747523343726,17.4253913043477,green,0
405,104.699999999998,420.029114841501,420.029114841501,0,0,0,954.49046247416,17.4333913043477,green,0
405,104.799999999998,420.029114841501,420.029114841501,0,0,0,956.234201604595,17.4413913043477,green,0
405,104.899999999998,420.029114841501,420.029114841501,0,0,0,957.97874073503,17.4493913043477,green,0
405,104.999999999998,420.029114841501,420.029114841501,0,0,0,959.724079865464,17.4573913043477,green,0
405,105.099999999998,420.029114841501,420.029114841501,0,0,0,961.470218995899,17.4653913043477,green,0
405,105.199999999998,420.029114841501,420.029114841501,0,0,0,963.217158126334,17.4733913043477,green,0
405,105.299999999998,420.029114841501,420.029114841501,0,0,0,964.964897256768,17.4813913043477,green,0
405,105.399999999998,420.029114841501,420.029114841501,0,0,0,966.713436387203,17.4893913043477,green,0
405,105.499999999998,420.029114841501,420.029114841501,0,0,0,968.462775517638,17.4973913043477,green,0
405,105.599999999998,420.029114841501,420.029114841501,0,0,0,970.212914648072,17.5053913043477,green,0
405,105.699999999998,420.029114841501,420.029114841501,0,0,0,971.963853778507,17.5133913043477,green,0
405,105.799999999998,420.029114841501,420.029114841501,0,0,0,973.715592908942,17.5213913043477,green,0
405,105.899999999998,420.029114841501,420.029114841501,0,0,0,975.468132039376,17.5293913043477,green,0
405,105.999999999998,420.029114841501,420.029114841501,0,0,0,977.221471169811,17.5373913043477,green,0
405,106.099999999998,420.029114841501,420.029114841501,0,0,0,978.975610300246,17.5453913043477,green,0
405,106.199999999998,420.029114841501,420.029114841501,0,0,0,980.73054943068,17.5533913043477,green,0
405,106.299999999998,420.029114841501,420.029114841501,0,0,0,982.486288561115,17.5613913043477,green,0
405,106.399999999998,420.029114841501,420.029114841501,0,0,0,984.24282769155,17.5693913043477,green,0
405,106.499999999998,420.029114841501,420.029114841501,0,0,0,986.000166821984,17.5773913043477,green,0
405,106.599999999998,420.029114841501,420.029114841501,0,0,0,987.758305952419,17.5853913043477,green,0
405,106.699999999998,420.029114841501,420.029114841501,0,0,0,989.517245082854,17.5933913043477,green,0
405,106.799999999998,420.029114841501,420.029114841501,0,0,0,991.276984213288,17.6013913043477,green,0
405,106.899999999998,420.029114841501,420.029114841501,0,0,0,993.037523343723,17.6093913043477,green,0
405,106.999999999998,420.029114841501,420.029114841501,0,0,0,994.798862474158,17.6173913043477,green,0
405,107.099999999998,420.029114841501,420.029114841501,0,0,0,996.561001604592,17.6253913043477,green,0
405,107.199999999998,420.029114841501,420.029114841501,0,0,0,998.323940735027,17.6333913043477,green,0
405,107.299999999998,420.029114841501,420.029114841501,0,0,0,1000.08767986546,17.6413913043477,green,0
405,107.399999999998,420.029114841501,420.029114841501,0,0,0,1001.8522189959,17.6493913043477,green,0
405,107.499999999998,420.029114841501,420.029114841501,0,0,0,1003.61755812633,17.6573913043477,green,0
405,107.599999999998,420.029114841501,420.029114841501,0,0,0,1005.38369725677,17.6653913043477,green,0
405,107.699999999998,420.029114841501,420.029114841501,0,0,0,1007.1506363872,17.6733913043477,green,0
405,107.799999999998,420.029114841501,420.029114841501,0,0,0,1008.91837551763,17.6813913043477,green,0
405,107.899999999998,420.029114841501,420.029114841501,0,0,0,1010.68691464807,17.6893913043477,green,0
405,107.999999999998,420.029114841501,420.029114841501,0,0,0,1012.4562537785,17.6973913043477,green,0
405,108.099999999998,420.029114841501,420.029114841501,0,0,0,1014.22639290894,17.7053913043477,green,0
405,108.199999999998,420.029114841501,420.029114841501,0,0,0,1015.99733203937,17.7133913043477,green,0
405,108.299999999998,420.029114841501,420.029114841501,0,0,0,1017.76907116981,17.7213913043477,green,0
405,108.399999999998,420.029114841501,420.029114841501,0,0,0,1019.54161030024,17.7293913043477,green,0
405,108.499999999998,420.029114841501,420.029114841501,0,0,0,1021.31494943068,17.7373913043477,green,0
405,108.599999999998,420.029114841501,420.029114841501,0,0,0,1023.08908856111,17.7453913043477,green,0
405,108.699999999998,420.029114841501,420.029114841501,0,0,0,1024.86402769155,17.7533913043477,green,0
405,108.799999999998,420.029114841501,420.029114841501,0,0,0,1026.63976682198,17.7613913043477,green,0
405,108.899999999998,420.029114841501,420.029114841501,0,0,0,1028.41630595242,17.7693913043477,green,0
405,108.999999999998,420.029114841501,420.029114841501,0,0,0,1030.19364508285,17.7773913043477,green,0
405,109.099999999998,420.029114841501,420.029114841501,0,0,0,1031.97178421329,17.7853913043477,green,0
405,109.199999999998,420.029114841501,420.029114841501,0,0,0,1033.75072334372,17.7933913043477,green,0
405,109.299999999998,420.029114841501,420.029114841501,0,0,0,1035.53046247416,17.8013913043477,green,0
405,109.399999999998,420.029114841501,420.029114841501,0,0,0,1037.31100160459,17.8093913043477,green,0
405,109.499999999998,420.029114841501,420.029114841501,0,0,0,1039.09234073502,17.8173913043477,green,0
405,109.599999999998,420.029114841501,420.029114841501,0,0,0,1040.87447986546,17.8253913043477,green,0
405,109.699999999998,420.029114841501,420.029114841501,0,0,0,1042.65741899589,17.8333913043477,green,0
405,109.799999999998,420.029114841501,420.029114841501,0,0,0,1044.44115812633,17.8413913043477,green,0
405,109.899999999998,420.029114841501,420.029114841501,0,0,0,1046.22569725676,17.8493913043477,green,0
405,109.999999999998,420.029114841501,420.029114841501,0,0,0,1048.0110363872,17.8573913043477,green,0
405,110.099999999998,420.029114841501,420.029114841501,0,0,0,1049.79717551763,17.8653913043477,green,0
405,110.199999999998,420.029114841501,420.029114841501,0,0,0,1051.58411464807,17.8733913043477,green,0
405,110.299999999998,420.029114841501,420.029114841501,0,0,0,1053.3718537785,17.8813913043477,green,0
405,110.399999999998,420.029114841501,420.029114841501,0,0,0,1055.16039290894,17.8893913043477,green,0
405,110.499999999998,420.029114841501,420.029114841501,0,0,0,1056.94973203937,17.8973913043477,green,0
405,110.599999999998,420.029114841501,420.029114841501,0,0,0,1058.73987116981,17.9053913043477,green,0
405,110.699999999998,420.029114841501,420.029114841501,0,0,0,1060.53081030024,17.9133913043477,green,0
405,110.799999999998,420.029114841501,420.029114841501,0,0,0,1062.32254943068,17.9213913043477,green,0
405,110.899999999998,420.029114841501,420.029114841501,0,0,0,1064.11508856111,17.9293913043477,green,0
405,110.999999999998,420.029114841501,420.029114841501,0,0,0,1065.90842769154,17.9373913043477,green,0
405,111.099999999998,420.029114841501,420.029114841501,0,0,0,1067.70256682198,17.9453913043477,green,0
405,111.199999999998,420.029114841501,420.029114841501,0,0,0,1069.49750595241,17.9533913043477,green,0
405,111.299999999998,420.029114841501,420.029114841501,0,0,0,1071.29324508285,17.9613913043477,green,0
405,111.399999999998,420.029114841501,420.029114841501,0,0,0,1073.08978421328,17.9693913043477,green,0
405,111.499999999998,420.029114841501,420.029114841501,0,0,0,1074.88712334372,17.9773913043477,green,0
405,111.599999999998,420.029114841501,420.029114841501,0,0,0,1076.68526247415,17.9853913043477,green,0
405,111.699999999998,420.029114841501,420.029114841501,0,0,0,1078.48420160459,17.9933913043477,green,0
405,111.799999999998,420.029114841501,420.029114841501,0,0,0,1080.2839211509,17.9991391304349,green,0
405,111.899999999998,420.029114841501,420.029114841501,0,0,0,1082.08358756394,17.9941891304349,green,0
405,111.999999999998,420.029114841501,420.029114841501,0,0,0,1083.88275897699,17.9892391304349,green,0
405,112.099999999998,420.029114841501,420.029114841501,0,0,0,1085.68143539003,17.9842891304349,green,0
405,112.199999999998,420.029114841501,420.029114841501,0,0,0,1087.47961680307,17.9793391304349,green,0
405,112.299999999998,420.029114841501,420.029114841501,0,0,0,1089.27730321612,17.9743891304349,green,0
405,112.399999999998,420.029114841501,420.029114841501,0,0,0,1091.07449462916,17.9694391304349,green,0
405,112.499999999998,420.029114841501,420.029114841501,0,0,0,1092.8711910422,17.9644891304349,green,0
405,112.599999999998,420.029114841501,420.029114841501,0,0,0,1094.66739245525,17.9595391304349,green,0
405,112.699999999998,420.029114841501,420.029114841501,0,0,0,1096.46309886829,17.9545891304349,green,0
405,112.799999999998,420.029114841501,420.029114841501,0,0,0,1098.25831028133,17.9496391304349,green,0
405,112.899999999998,420.029114841501,420.029114841501,0,0,0,1100.05302669438,17.9446891304349,green,0
405,112.999999999998,420.029114841501,420.029114841501,0,0,0,1101.84724810742,17.9397391304349,green,0
405,113.099999999998,420.029114841501,420.029114841501,0,0,0,1103.64097452046,17.9347891304349,green,0
405,113.199999999998,420.029114841501,420.029114841501,0,0,0,1105.43420593351,17.9298391304349,green,0
405,113.299999999998,420.029114841501,420.029114841501,0,0,0,1107.22694234655,17.9248891304349,green,0
405,113.399999999998,420.029114841501,420.029114841501,0,0,0,1109.01918375959,17.9199391304349,green,0
405,113.499999999998,420.029114841501,420.029114841501,0,0,0,1110.81093017264,17.9149891304349,green,0
405,113.599999999998,420.029114841501,420.029114841501,0,0,0,1112.60218158568,17.9100391304349,green,0
405,113.699999999998,420.029114841501,420.029114841501,0,0,0,1114.39293799873,17.9050891304349,green,0
405,113.799999999998,420.029114841501,420.029114841501,0,0,0,1116.18319941177,17.9001391304349,green,0
405,113.899999999998,420.029114841501,420.029114841501,0,0,0,1117.97296582481,17.8951891304349,green,0
405,113.999999999998,420.029114841501,420.029114841501,0,0,0,1119.76223723786,17.8902391304349,green,0
405,114.099999999998,420.029114841501,420.029114841501,0,0,0,1121.5510136509,17.8852891304349,green,0
405,114.199999999998,420.029114841501,420.029114841501,0,0,0,1123.33929506394,17.8803391304349,green,0
405,114.299999999998,420.029114841501,420.029114841501,0,0,0,1125.12708147699,17.8753891304349,green,0
405,114.399999999998,420.029114841501,420.029114841501,0,0,0,1126.91437289003,17.8704391304349,green,0
405,114.499999999998,420.029114841501,420.029114841501,0,0,0,1128.70116930307,17.8654891304349,green,0
405,114.599999999998,420.029114841501,420.029114841501,0,0,0,1130.48747071612,17.8605391304349,green,0
405,114.699999999998,420.029114841501,420.029114841501,0,0,0,1132.27327712916,17.8555891304349,green,0
405,114.799999999998,420.029114841501,420.029114841501,0,0,0,1134.0585885422,17.8506391304349,green,0
405,114.899999999998,420.029114841501,420.029114841501,0,0,0,1135.84340495525,17.8456891304349,green,0
405,114.999999999998,420.029114841501,420.029114841501,0,0,0,1137.62772636829,17.8407391304349,green,0
405,115.099999999998,420.029114841501,420.029114841501,0,0,0,1139.41155278133,17.8357891304349,green,0
405,115.199999999998,420.029114841501,420.029114841501,0,0,0,1141.19488419438,17.8308391304349,green,0
405,115.299999999998,420.029114841501,420.029114841501,0,0,0,1142.97772060742,17.8258891304349,green,0
405,115.399999999998,420.029114841501,420.029114841501,0,0,0,1144.76006202046,17.8209391304349,green,0
405,115.499999999998,420.029114841501,420.029114841501,0,0,0,1146.54190843351,17.8159891304349,green,0
405,115.599999999998,420.029114841501,420.029114841501,0,0,0,1148.32325984655,17.8110391304349,green,0
405,115.699999999998,420.029114841501,420.029114841501,0,0,0,1150.10411625959,17.8060891304349,green,0
405,115.799999999998,420.029114841501,420.029114841501,0,0,0,1151.88447767264,17.8011391304349,green,0
405,115.899999999998,420.029114841501,420.029114841501,0,0,0,1153.66434408568,17.7961891304349,green,0
405,115.999999999998,420.029114841501,420.029114841501,0,0,0,1155.44371549872,17.7912391304349,green,0
405,116.099999999998,420.029114841501,420.029114841501,0,0,0,1157.22259191177,17.7862891304349,green,0
405,116.199999999998,420.029114841501,420.029114841501,0,0,0,1159.00097332481,17.7813391304349,green,0
405,116.299999999998,420.029114841501,420.029114841501,0,0,0,1160.77885973785,17.7763891304349,green,0
405,116.399999999998,420.029114841501,420.029114841501,0,0,0,1162.5562511509,17.7714391304349,green,0
405,116.499999999998,420.029114841501,420.029114841501,0,0,0,1164.33314756394,17.7664891304349,green,0
405,116.599999999998,420.029114841501,420.029114841501,0,0,0,1166.10954897698,17.7615391304349,green,0
405,116.699999999998,420.029114841501,420.029114841501,0,0,0,1167.88545539003,17.7565891304349,green,0
405,116.799999999998,420.029114841501,420.029114841501,0,0,0,1169.66086680307,17.7516391304349,green,0
405,116.899999999998,420.029114841501,420.029114841501,0,0,0,1171.43578321611,17.7466891304349,green,0
405,116.999999999998,420.029114841501,420.029114841501,0,0,0,1173.21020462916,17.7417391304349,green,0
405,117.099999999998,420.029114841501,420.029114841501,0,0,0,1174.9841310422,17.7367891304349,green,0
405,117.199999999998,420.029114841501,420.029114841501,0,0,0,1176.75756245524,17.7318391304349,green,0
405,117.299999999998,420.029114841501,420.029114841501,0,0,0,1178.53049886829,17.7268891304349,green,0
405,117.399999999998,420.029114841501,420.029114841501,0,0,0,1180.30294028133,17.7219391304349,green,0
405,117.499999999998,420.029114841501,420.029114841501,0,0,0,1182.07488669437,17.7169891304349,green,0
405,117.599999999998,420.029114841501,420.029114841501,0,0,0,1183.84633810742,17.7120391304349,green,0
405,117.699999999998,420.029114841501,420.029114841501,0,0,0,1185.61729452046,17.7070891304349,green,0
405,117.799999999998,420.029114841501,420.029114841501,0,0,0,1187.3877559335,17.7021391304349,green,0
405,117.899999999998,420.029114841501,420.029114841501,0,0,0,1189.15772234655,17.6971891304349,green,0
405,117.999999999998,420.029114841501,420.029114841501,0,0,0,1190.92719375959,17.6922391304349,green,0
405,118.099999999998,420.029114841501,420.029114841501,0,0,0,1192.69617017263,17.6872891304349,green,0
405,118.199999999998,420.029114841501,420.029114841501,0,0,0,1194.46465158568,17.6823391304349,green,0
405,118.299999999998,420.029114841501,420.029114841501,0,0,0,1196.23263799872,17.6773891304349,green,0
405,118.399999999998,420.029114841501,420.029114841501,0,0,0,1198.00012941176,17.6724391304349,green,0
405,118.499999999998,420.029114841501,420.029114841501,0,0,0,1199.76712582481,17.6674891304349,green,0
405,118.599999999998,420.029114841501,420.029114841501,0,0,0,1201.53362723785,17.6625391304349,green,0
405,118.699999999998,420.029114841501,420.029114841501,0,0,0,1203.29963365089,17.6575891304349,green,0
405,118.799999999998,420.029114841501,420.029114841501,0,0,0,1205.06514506394,17.6526391304349,green,0
405,118.899999999998,420.029114841501,420.029114841501,0,0,0,1206.83016147698,17.6476891304349,green,0
405,118.999999999998,420.029114841501,420.029114841501,0,0,0,1208.59468289002,17.6427391304349,green,0
405,119.099999999998,420.029114841501,420.029114841501,0,0,0,1210.35870930307,17.6377891304349,green,0
405,119.199999999998,420.029114841501,420.029114841501,0,0,0,1212.12224071611,17.6328391304349,green,0
405,119.299999999997,420.029114841501,420.029114841501,0,0,0,1213.88527712915,17.6278891304349,green,0
405,119.399999999997,420.029114841501,420.029114841501,0,0,0,1215.6478185422,17.6229391304349,green,0
405,119.499999999997,420.029114841501,420.029114841501,0,0,0,1217.40986495524,17.6179891304349,green,0
405,119.599999999997,420.029114841501,420.029114841501,0,0,0,1219.17141636829,17.6130391304349,green,0
405,119.699999999997,420.029114841501,420.029114841501,0,0,0,1220.93247278133,17.6080891304349,green,0
405,119.799999999997,420.029114841501,420.029114841501,0,0,0,1222.69303419437,17.6031391304349,green,0
405,119.899999999997,420.029114841501,420.029114841501,0,0,0,1224.45310060742,17.5981891304349,green,0
405,119.999999999997,420.029114841501,420.029114841501,0,0,0,1226.21267202046,17.5932391304349,green,0
405,120.099999999997,420.029114841501,420.029114841501,0,0,0,1227.9717484335,17.5882891304349,green,0
405,120.199999999997,420.029114841501,420.029114841501,0,0,0,1229.73032984655,17.5833391304349,green,0
405,120.299999999997,420.029114841501,420.029114841501,0,0,0,1231.48841625959,17.5783891304349,green,0
405,120.399999999997,420.029114841501,420.029114841501,0,0,0,1233.24600767263,17.5734391304349,green,0
405,120.499999999997,420.029114841501,420.029114841501,0,0,0,1235.00310408568,17.5684891304349,green,0
405,120.599999999997,420.029114841501,420.029114841501,0,0,0,1236.75970549872,17.5635391304349,green,0
405,120.699999999997,420.029114841501,420.029114841501,0,0,0,1238.51581191176,17.5585891304349,green,0
405,120.799999999997,420.029114841501,420.029114841501,0,0,0,1240.27142332481,17.5536391304349,green,0
405,120.899999999997,420.029114841501,420.029114841501,0,0,0,1242.02653973785,17.5486891304349,green,0
405,120.999999999997,420.029114841501,420.029114841501,0,0,0,1243.78116115089,17.5437391304349,green,0
405,121.099999999997,420.029114841501,420.029114841501,0,0,0,1245.53528756394,17.5387891304349,green,0
405,121.199999999997,420.029114841501,420.029114841501,0,0,0,1247.28891897698,17.5338391304349,green,0
405,121.299999999997,420.029114841501,420.029114841501,0,0,0,1249.04205539002,17.5288891304349,green,0
405,121.399999999997,420.029114841501,420.029114841501,0,0,0,1250.79469680307,17.5239391304349,green,0
405,121.499999999997,420.029114841501,420.029114841501,0,0,0,1252.54684321611,17.5189891304349,green,0
405,121.599999999997,420.029114841501,420.029114841501,0,0,0,1254.29849462915,17.5140391304349,green,0
405,121.699999999997,420.029114841501,420.029114841501,0,0,0,1256.0496510422,17.5090891304349,green,0
405,121.799999999997,420.029114841501,420.029114841501,0,0,0,1257.80031245524,17.5041391304349,green,0
405,121.899999999997,420.029114841501,420.029114841501,0,0,0,1259.55047886828,17.4991891304349,green,0
405,121.999999999997,420.029114841501,420.029114841501,0,0,0,1261.30015028133,17.4942391304349,green,0
405,122.099999999997,420.029114841501,420.029114841501,0,0,0,1263.04932669437,17.4892891304349,green,0
405,122.199999999997,420.029114841501,420.029114841501,0,0,0,1264.79800810741,17.4843391304349,green,0
405,122.299999999997,420.029114841501,420.029114841501,0,0,0,1266.54619452046,17.4793891304349,green,0
405,122.399999999997,420.029114841501,420.029114841501,0,0,0,1268.2938859335,17.4744391304349,green,0
405,122.499999999997,420.029114841501,420.029114841501,0,0,0,1270.04108234654,17.4694891304349,green,0
405,122.599999999997,420.029114841501,420.029114841501,0,0,0,1271.78778375959,17.4645391304349,green,0
405,122.699999999997,420.029114841501,420.029114841501,0,0,0,1273.53399017263,17.4595891304349,green,0
405,122.799999999997,420.029114841501,420.029114841501,0,0,0,1275.27970158567,17.4546391304349,green,0
405,122.899999999997,420.029114841501,420.029114841501,0,0,0,1277.02491799872,17.4496891304349,green,0
405,122.999999999997,420.029114841501,420.029114841501,0,0,0,1278.76963941176,17.4447391304349,green,0
405,123.099999999997,420.029114841501,420.029114841501,0,0,0,1280.5138658248,17.4397891304349,green,0
405,123.199999999997,420.029114841501,420.029114841501,0,0,0,1282.25759723785,17.4348391304349,green,0
405,123.299999999997,420.029114841501,420.029114841501,0,0,0,1284.00083365089,17.4298891304349,green,0
405,123.399999999997,420.029114841501,420.029114841501,0,0,0,1285.74357506393,17.4249391304349,green,0
405,123.499999999997,420.029114841501,420.029114841501,0,0,0,1287.48582147698,17.4199891304349,green,0
405,123.599999999997,420.029114841501,420.029114841501,0,0,0,1289.22757289002,17.4150391304349,green,0
405,123.699999999997,420.029114841501,420.029114841501,0,0,0,1290.96882930306,17.4100891304349,green,0
405,123.799999999997,420.029114841501,420.029114841501,0,0,0,1292.70959071611,17.4051391304349,green,0
405,123.899999999997,420.029114841501,420.029114841501,0,0,0,1294.44985712915,17.4001891304349,green,0
405,123.999999999997,420.029114841501,420.029114841501,0,0,0,1296.18962854219,17.3952391304349,green,0
405,124.099999999997,420.029114841501,420.029114841501,0,0,0,1297.92890495524,17.3902891304349,green,0
405,124.199999999997,420.029114841501,420.029114841501,0,0,0,1299.66768636828,17.3853391304349,green,0
405,124.299999999997,420.029114841501,420.029114841501,0,0,0,1301.40597278132,17.3803891304349,green,0
405,124.399999999997,420.029114841501,420.029114841501,0,0,0,1303.14376419437,17.3754391304349,green,0
405,124.499999999997,420.029114841501,420.029114841501,0,0,0,1304.88106060741,17.3704891304349,green,0
405,124.599999999997,420.029114841501,420.029114841501,0,0,0,1306.61786202045,17.3655391304349,green,0
405,124.699999999997,420.029114841501,420.029114841501,0,0,0,1308.3541684335,17.3605891304349,green,0
405,124.799999999997,420.029114841501,420.029114841501,0,0,0,1310.08997984654,17.3556391304349,green,0
405,124.899999999997,420.029114841501,420.029114841501,0,0,0,1311.82529625958,17.3506891304349,green,0
405,124.999999999997,420.029114841501,420.029114841501,0,0,0,1313.56011767263,17.3457391304349,green,0
405,125.099999999997,420.029114841501,420.029114841501,0,0,0,1315.29444408567,17.3407891304349,green,0
405,125.199999999997,420.029114841501,420.029114841501,0,0,0,1317.02827549871,17.3358391304349,green,0
405,125.299999999997,420.029114841501,420.029114841501,0,0,0,1318.76161191176,17.3308891304349,green,0
405,125.399999999997,420.029114841501,420.029114841501,0,0,0,1320.4944533248,17.3259391304349,green,0
405,125.499999999997,420.029114841501,420.029114841501,0,0,0,1322.22679973785,17.3209891304349,green,0
405,125.599999999997,420.029114841501,420.029114841501,0,0,0,1323.95865115089,17.3160391304349,green,0
405,125.699999999997,420.029114841501,420.029114841501,0,0,0,1325.69000756393,17.3110891304349,green,0
405,125.799999999997,420.029114841501,420.029114841501,0,0,0,1327.42086897698,17.3061391304349,green,0
405,125.899999999997,420.029114841501,420.029114841501,0,0,0,1329.15123539002,17.3011891304349,green,0
405,125.999999999997,420.029114841501,420.029114841501,0,0,0,1330.88110680306,17.2962391304349,green,0
405,126.099999999997,420.029114841501,420.029114841501,0,0,0,1332.61048321611,17.2912891304349,green,0
405,126.199999999997,420.029114841501,420.029114841501,0,0,0,1334.33936462915,17.2863391304349,green,0
405,126.299999999997,420.029114841501,420.029114841501,0,0,0,1336.06775104219,17.2813891304349,green,0
405,126.399999999997,420.029114841501,420.029114841501,0,0,0,1337.79564245524,17.2764391304349,green,0
405,126.499999999997,420.029114841501,420.029114841501,0,0,0,1339.52303886828,17.2714891304349,green,0
405,126.599999999997,420.029114841501,420.029114841501,0,0,0,1341.24994028132,17.2665391304349,green,0
405,126.699999999997,420.029114841501,420.029114841501,0,0,0,1342.97634669437,17.2615891304349,green,0
405,126.799999999997,420.029114841501,420.029114841501,0,0,0,1344.70225810741,17.2566391304349,green,0
405,126.899999999997,420.029114841501,420.029114841501,0,0,0,1346.42767452045,17.2516891304349,green,0
405,126.999999999997,420.029114841501,420.029114841501,0,0,0,1348.1525959335,17.2467391304349,green,0
405,127.099999999997,420.029114841501,420.029114841501,0,0,0,1349.87702234654,17.2417891304349,red,0
405,127.199999999997,420.029114841501,420.029114841501,0,0,0,1351.60095375958,17.2368391304349,red,0
405,127.299999999997,420.029114841501,420.029114841501,0,0,0,1353.32439017263,17.2318891304349,red,0
405,127.399999999997,420.029114841501,420.029114841501,0,0,0,1355.04733158567,17.2269391304349,red,0
405,127.499999999997,420.029114841501,420.029114841501,0,0,0,1356.76977799871,17.2219891304349,red,0
405,127.599999999997,420.029114841501,420.029114841501,0,0,0,1358.49172941176,17.2170391304349,red,0
405,127.699999999997,420.029114841501,420.029114841501,0,0,0,1360.2131858248,17.2120891304349,red,0
405,127.799999999997,420.029114841501,420.029114841501,0,0,0,1361.93414723784,17.2071391304349,red,0
405,127.899999999997,420.029114841501,420.029114841501,0,0,0,1363.65461365089,17.2021891304349,red,0
405,127.999999999997,420.029114841501,420.029114841501,0,0,0,1365.37458506393,17.1972391304349,red,0
405,128.099999999997,420.029114841501,420.029114841501,0,0,0,1367.09406147697,17.1922891304349,red,0
405,128.199999999997,420.029114841501,420.029114841501,0,0,0,1368.81304289002,17.1873391304349,red,0
405,128.299999999997,420.029114841501,420.029114841501,0,0,0,1370.53152930306,17.1823891304349,red,0
405,128.399999999997,420.029114841501,420.029114841501,0,0,0,1372.2495207161,17.1774391304349,red,0
405,128.499999999997,420.029114841501,420.029114841501,0,0,0,1373.96701712915,17.1724891304349,red,0
405,128.599999999997,420.029114841501,420.029114841501,0,0,0,1375.68401854219,17.1675391304349,red,0
405,128.699999999997,420.029114841501,420.029114841501,0,0,0,1377.40052495523,17.1625891304349,red,0
405,128.799999999997,420.029114841501,420.029114841501,0,0,0,1379.11653636828,17.1576391304349,red,0
405,128.899999999997,420.029114841501,420.029114841501,0,0,0,1380.83205278132,17.1526891304349,red,0
405,128.999999999997,420.029114841501,420.029114841501,0,0,0,1382.54707419436,17.1477391304349,red,0
405,129.099999999997,420.029114841501,420.029114841501,0,0,0,1384.26160060741,17.1427891304349,red,0
405,129.199999999997,420.029114841501,420.029114841501,0,0,0,1385.97563202045,17.1378391304349,red,0
405,129.299999999997,420.029114841501,420.029114841501,0,0,0,1387.68916843349,17.1328891304349,red,0
405,129.399999999997,420.029114841501,420.029114841501,0,0,0,1389.40220984654,17.1279391304349,red,0
405,129.499999999997,420.029114841501,420.029114841501,0,0,0,1391.11475625958,17.1229891304349,red,0
405,129.599999999997,420.029114841501,420.029114841501,0,0,0,1392.82680767262,17.1180391304349,red,0
405,129.699999999997,420.029114841501,420.029114841501,0,0,0,1394.53836408567,17.1130891304349,red,0
405,129.799999999997,420.029114841501,420.029114841501,0,0,0,1396.24942549871,17.1081391304349,red,0
405,129.899999999997,420.029114841501,420.029114841501,0,0,0,1397.95999191175,17.1031891304349,red,0
405,129.999999999997,420.029114841501,420.029114841501,0,0,0,1399.6700633248,17.0982391304349,red,0
405,130.099999999997,420.029114841501,420.029114841501,0,0,0,1401.37963973784,17.0932891304349,red,0
405,130.199999999997,420.029114841501,420.029114841501,0,0,0,1403.08872115089,17.0883391304349,red,0
405,130.299999999997,420.029114841501,420.029114841501,0,0,0,1404.79730756393,17.0833891304349,red,0
405,130.399999999997,420.029114841501,420.029114841501,0,0,0,1406.50539897697,17.0784391304349,red,0
405,130.499999999997,420.029114841501,420.029114841501,0,0,0,1408.21299539002,17.0734891304349,red,0
405,130.599999999997,420.029114841501,420.029114841501,0,0,0,1409.92009680306,17.0685391304349,red,0
405,130.699999999997,420.029114841501,420.029114841501,0,0,0,1411.6267032161,17.0635891304349,red,0
405,130.799999999997,420.029114841501,420.029114841501,0,0,0,1413.33281462915,17.0586391304349,red,0
405,130.899999999997,420.029114841501,420.029114841501,0,0,0,1415.03843104219,17.0536891304349,red,0
405,130.999999999997,420.029114841501,420.029114841501,0,0,0,1416.74355245523,17.0487391304349,red,0
405,131.099999999997,420.029114841501,420.029114841501,0,0,0,1418.44817886828,17.0437891304349,red,0
405,131.199999999997,420.029114841501,420.029114841501,0,0,0,1420.15231028132,17.0388391304349,red,0
405,131.299999999997,420.029114841501,420.029114841501,0,0,0,1421.85594669436,17.0338891304349,red,0
405,131.399999999997,420.029114841501,420.029114841501,0,0,0,1423.55908810741,17.0289391304349,red,0
405,131.499999999997,420.029114841501,420.029114841501,0,0,0,1425.26173452045,17.0239891304349,red,0
405,131.599999999997,420.029114841501,420.029114841501,0,0,0,1426.96388593349,17.0190391304349,red,0
405,131.699999999997,420.029114841501,420.029114841501,0,0,0,1428.66554234654,17.0140891304349,red,0
405,131.799999999997,420.029114841501,420.029114841501,0,0,0,1430.36670375958,17.0091391304349,red,0
405,131.899999999997,420.029114841501,420.029114841501,0,0,0,1432.06737017262,17.0041891304349,red,0
405,131.999999999997,420.029114841501,420.029114841501,0,0,0,1433.76754158567,16.9992391304349,red,0
405,132.099999999997,420.029114841501,420.029114841501,0,0,0,1435.46721799871,16.9942891304349,red,0
405,132.199999999997,420.029114841501,420.029114841501,0,0,0,1437.16639941175,16.9893391304349,red,0
405,132.299999999997,420.029114841501,420.029114841501,0,0,0,1438.8650858248,16.9843891304349,red,0
405,132.399999999997,420.029114841501,420.029114841501,0,0,0,1440.56327723784,16.9794391304349,red,0
405,132.499999999997,420.029114841501,420.029114841501,0,0,0,1442.26097365088,16.9744891304349,red,0
405,132.599999999997,420.029114841501,420.029114841501,0,0,0,1443.95817506393,16.9695391304349,red,0
405,132.699999999997,420.029114841501,420.029114841501,0,0,0,1445.65488147697,16.9645891304349,red,0
405,132.799999999997,420.029114841501,420.029114841501,0,0,0,1447.35109289001,16.9596391304349,red,0
405,132.899999999997,420.029114841501,420.029114841501,0,0,0,1449.04680930306,16.9546891304349,red,0
405,132.999999999997,420.029114841501,420.029114841501,0,0,0,1450.7420307161,16.9497391304349,red,0
405,133.099999999997,420.029114841501,420.029114841501,0,0,0,1452.43675712914,16.9447891304349,red,0
405,133.199999999997,420.029114841501,420.029114841501,0,0,0,1454.13098854219,16.9398391304349,red,0
405,133.299999999997,420.029114841501,420.029114841501,0,0,0,1455.82472495523,16.9348891304349,red,0
405,133.399999999997,420.029114841501,420.029114841501,0,0,0,1457.51796636827,16.9299391304349,red,0
405,133.499999999997,420.029114841501,420.029114841501,0,0,0,1459.21071278132,16.9249891304349,red,0
405,133.599999999997,420.029114841501,420.029114841501,0,0,0,1460.90296419436,16.9200391304349,red,0
405,133.699999999997,420.029114841501,420.029114841501,0,0,0,1462.5947206074,16.9150891304349,red,0
405,133.799999999997,420.029114841501,420.029114841501,0,0,0,1464.28598202045,16.9101391304349,red,0
405,133.899999999997,420.029114841501,420.029114841501,0,0,0,1465.97674843349,16.9051891304349,red,0
405,133.999999999997,420.029114841501,420.029114841501,0,0,0,1467.66701984653,16.9002391304349,red,0
405,134.099999999997,420.029114841501,420.029114841501,0,0,0,1469.35679625958,16.8952891304349,red,0
405,134.199999999997,420.029114841501,420.029114841501,0,0,0,1471.04607767262,16.8903391304349,red,0
405,134.299999999997,420.029114841501,420.029114841501,0,0,0,1472.73486408566,16.8853891304349,red,0
405,134.399999999997,420.029114841501,420.029114841501,0,0,0,1474.42315549871,16.8804391304349,red,0
405,134.499999999997,420.029114841501,420.029114841501,0,0,0,1476.11095191175,16.8754891304349,red,0
405,134.599999999997,420.029114841501,420.029114841501,0,0,0,1477.79825332479,16.8705391304349,red,0
405,134.699999999997,420.029114841501,420.029114841501,0,0,0,1479.48505973784,16.8655891304349,red,0
405,134.799999999997,420.029114841501,420.029114841501,0,0,0,1481.17137115088,16.860639130435,red,0
405,134.899999999997,420.029114841501,420.029114841501,0,0,0,1482.85718756392,16.8556891304349,red,0
405,134.999999999997,420.029114841501,420.029114841501,0,0,0,1484.54250897697,16.8507391304349,red,0
405,135.099999999997,420.029114841501,420.029114841501,0,0,0,1486.22733539001,16.845789130435,red,0
405,135.199999999997,420.029114841501,420.029114841501,0,0,0,1487.91166680305,16.840839130435,red,0
405,135.299999999997,420.029114841501,420.029114841501,0,0,0,1489.5955032161,16.8358891304349,red,0
405,135.399999999997,420.029114841501,420.029114841501,0,0,0,1491.27884462914,16.830939130435,red,0
405,135.499999999997,420.029114841501,420.029114841501,0,0,0,1492.96169104218,16.825989130435,red,0
405,135.599999999997,420.029114841501,420.029114841501,0,0,0,1494.64404245523,16.821039130435,red,0
405,135.699999999997,420.029114841501,420.029114841501,0,0,0,1496.32589886827,16.816089130435,red,0
405,135.799999999997,420.029114841501,420.029114841501,0,0,0,1498.00726028132,16.811139130435,red,0
405,135.899999999997,420.029114841501,420.029114841501,0,0,0,1499.68812669436,16.806189130435,red,0
405,135.999999999997,420.029114841501,420.029114841501,0,0,0,1501.3684981074,16.801239130435,red,0
405,136.099999999997,420.029114841501,420.029114841501,0,0,0,1503.04837452045,16.796289130435,red,0
405,136.199999999997,420.029114841501,420.029114841501,0,0,0,1504.72775593349,16.791339130435,red,0
405,136.299999999997,420.029114841501,420.029114841501,0,0,0,1506.40664234653,16.786389130435,red,0
405,136.399999999997,420.029114841501,420.029114841501,0,0,0,1508.08503375958,16.781439130435,red,0
405,136.499999999997,420.029114841501,420.029114841501,0,0,0,1509.76293017262,16.776489130435,red,0
405,136.599999999997,420.029114841501,420.029114841501,0,0,0,1511.44033158566,16.771539130435,red,0
405,136.699999999997,420.029114841501,420.029114841501,0,0,0,1513.11723799871,16.766589130435,red,0
405,136.799999999997,420.029114841501,420.029114841501,0,0,0,1514.79364941175,16.761639130435,red,0
405,136.899999999997,420.029114841501,420.029114841501,0,0,0,1516.46956582479,16.756689130435,red,0
405,136.999999999997,420.029114841501,420.029114841501,0,0,0,1518.14498723784,16.751739130435,red,0
405,137.099999999996,420.029114841501,420.029114841501,0,0,0,1519.81991365088,16.746789130435,red,0
405,137.199999999996,420.029114841501,420.029114841501,0,0,0,1521.49434506392,16.741839130435,red,0
405,137.299999999996,420.029114841501,420.029114841501,0,0,0,1523.16828147697,16.736889130435,red,0
405,137.399999999996,420.029114841501,420.029114841501,0,0,0,1524.84172289001,16.731939130435,red,0
405,137.499999999996,420.029114841501,420.029114841501,0,0,0,1526.51466930305,16.726989130435,red,0
405,137.599999999996,420.029114841501,420.029114841501,0,0,0,1528.1871207161,16.722039130435,red,0
405,137.699999999996,420.029114841501,420.029114841501,0,0,0,1529.85907712914,16.717089130435,red,0
405,137.799999999996,420.029114841501,420.029114841501,0,0,0,1531.53053854218,16.712139130435,red,0
405,137.899999999996,420.029114841501,420.029114841501,0,0,0,1533.20150495523,16.707189130435,red,0
405,137.999999999996,420.029114841501,420.029114841501,0,0,0,1534.87197636827,16.702239130435,red,0
405,138.099999999996,420.029114841501,420.029114841501,0,0,0,1536.54195278131,16.697289130435,red,0
405,138.199999999996,420.029114841501,420.029114841501,0,0,0,1538.21143419436,16.692339130435,red,0
405,138.299999999996,420.029114841501,420.029114841501,0,0,0,1539.8804206074,16.687389130435,red,0
405,138.399999999996,420.029114841501,420.029114841501,0,0,0,1541.54891202044,16.682439130435,red,0
405,138.499999999996,420.029114841501,420.029114841501,0,0,0,1543.21690843349,16.677489130435,red,0
405,138.599999999996,420.029114841501,420.029114841501,0,0,0,1544.88440984653,16.672539130435,red,0
405,138.699999999996,420.029114841501,420.029114841501,0,0,0,1546.55141625957,16.667589130435,red,0
405,138.799999999996,420.029114841501,420.029114841501,0,0,0,1548.21792767262,16.662639130435,red,0
405,138.899999999996,420.029114841501,420.029114841501,0,0,0,1549.88394408566,16.657689130435,red,0
405,138.999999999996,420.029114841501,420.029114841501,0,0,0,1551.5494654987,16.652739130435,red,0
405,139.099999999996,420.029114841501,420.029114841501,0,0,0,1553.21449191175,16.647789130435,red,0
405,139.199999999996,420.029114841501,420.029114841501,0,0,0,1554.87902332479,16.642839130435,red,0
405,139.299999999996,420.029114841501,420.029114841501,0,0,0,1556.54305973783,16.637889130435,red,0
405,139.399999999996,420.029114841501,420.029114841501,0,0,0,1558.20660115088,16.632939130435,red,0
405,139.499999999996,420.029114841501,420.029114841501,0,0,0,1559.86964756392,16.627989130435,red,0
405,139.599999999996,420.029114841501,420.029114841501,0,0,0,1561.53219897696,16.623039130435,red,0
405,139.699999999996,420.029114841501,420.029114841501,0,0,0,1563.19425539001,16.618089130435,red,0
405,139.799999999996,420.029114841501,420.029114841501,0,0,0,1564.85581680305,16.613139130435,red,0
405,139.899999999996,420.029114841501,420.029114841501,0,0,0,1566.51688321609,16.608189130435,red,0
405,139.999999999996,420.029114841501,420.029114841501,0,0,0,1568.17745462914,16.603239130435,red,0
405,140.099999999996,420.029114841501,420.029114841501,0,0,0,1569.83753104218,16.598289130435,red,0
405,140.199999999996,420.029114841501,420.029114841501,0,0,0,1571.49711245522,16.593339130435,red,0
405,140.299999999996,420.029114841501,420.029114841501,0,0,0,1573.15619886827,16.588389130435,red,0
405,140.399999999996,420.029114841501,420.029114841501,0,0,0,1574.81479028131,16.583439130435,red,0
405,140.499999999996,420.029114841501,420.029114841501,0,0,0,1576.47288669435,16.578489130435,red,0
405,140.599999999996,420.029114841501,420.029114841501,0,0,0,1578.1304881074,16.573539130435,red,0
405,140.699999999996,420.029114841501,420.029114841501,0,0,0,1579.78759452044,16.568589130435,red,0
405,140.799999999996,420.029114841501,420.029114841501,0,0,0,1581.44420593349,16.563639130435,red,0
405,140.899999999996,420.029114841501,420.029114841501,0,0,0,1583.10032234653,16.558689130435,red,0
405,140.999999999996,420.029114841501,420.029114841501,0,0,0,1584.75594375957,16.553739130435,red,0
405,141.099999999996,420.029114841501,420.029114841501,0,0,0,1586.41107017262,16.548789130435,red,0
405,141.199999999996,420.029114841501,420.029114841501,0,0,0,1588.06570158566,16.543839130435,red,0
405,141.299999999996,420.029114841501,420.029114841501,0,0,0,1589.7198379987,16.538889130435,red,0
405,141.399999999996,420.029114841501,420.029114841501,0,0,0,1591.37347941175,16.533939130435,red,0
405,141.499999999996,420.029114841501,420.029114841501,0,0,0,1593.02662582479,16.528989130435,red,0
405,141.599999999996,420.029114841501,420.029114841501,0,0,0,1594.67927723783,16.524039130435,red,0
405,141.699999999996,420.029114841501,420.029114841501,0,0,0,1596.33143365088,16.519089130435,red,0
405,141.799999999996,420.029114841501,420.029114841501,0,0,0,1597.98309506392,16.514139130435,red,0
405,141.899999999996,420.029114841501,420.029114841501,0,0,0,1599.63426147696,16.509189130435,red,0
405,141.999999999996,420.029114841501,420.029114841501,0,0,0,1601.28493289001,16.504239130435,red,0
405,142.099999999996,420.029114841501,420.029114841501,0,0,0,1602.93510930305,16.499289130435,red,0
405,142.199999999996,420.029114841501,420.029114841501,0,0,0,1604.58479071609,16.494339130435,red,0
405,142.299999999996,420.029114841501,420.029114841501,0,0,0,1606.23397712914,16.489389130435,red,0
405,142.399999999996,420.029114841501,420.029114841501,0,0,0,1607.88266854218,16.484439130435,red,0
405,142.499999999996,420.029114841501,420.029114841501,0,0,0,1609.53086495522,16.479489130435,red,0
405,142.599999999996,420.029114841501,420.029114841501,0,0,0,1611.17856636827,16.474539130435,red,0
405,142.699999999996,420.029114841501,420.029114841501,0,0,0,1612.82577278131,16.469589130435,red,0
405,142.799999999996,420.029114841501,420.029114841501,0,0,0,1614.47248419435,16.464639130435,red,0
405,142.899999999996,420.029114841501,420.029114841501,0,0,0,1616.1187006074,16.459689130435,red,0
405,142.999999999996,420.029114841501,420.029114841501,0,0,0,1617.76442202044,16.454739130435,red,0
405,143.099999999996,420.029114841501,420.029114841501,0,0,0,1619.40964843348,16.449789130435,green,0
405,143.199999999996,420.029114841501,420.029114841501,0,0,0,1621.05437984653,16.444839130435,green,0
405,143.299999999996,420.029114841501,420.029114841501,0,0,0,1622.69861625957,16.439889130435,green,0
405,143.399999999996,420.029114841501,420.029114841501,0,0,0,1624.34235767261,16.434939130435,green,0
405,143.499999999996,420.029114841501,420.029114841501,0,0,0,1625.98560408566,16.429989130435,green,0
405,143.599999999996,420.029114841501,420.029114841501,0,0,0,1627.6283554987,16.425039130435,green,0
405,143.699999999996,420.029114841501,420.029114841501,0,0,0,1629.27061191174,16.420089130435,green,0
405,143.799999999996,420.029114841501,420.029114841501,0,0,0,1630.91237332479,16.415139130435,green,0
405,143.899999999996,420.029114841501,420.029114841501,0,0,0,1632.55363973783,16.410189130435,green,0
405,143.999999999996,420.029114841501,420.029114841501,0,0,0,1634.19441115087,16.405239130435,green,0
405,144.099999999996,420.029114841501,420.029114841501,0,0,0,1635.83468756392,16.400289130435,green,0
405,144.199999999996,420.029114841501,420.029114841501,0,0,0,1637.47446897696,16.395339130435,green,0
405,144.299999999996,420.029114841501,420.029114841501,0,0,0,1639.11375539,16.390389130435,green,0
405,144.399999999996,420.029114841501,420.029114841501,0,0,0,1640.75254680305,16.385439130435,green,0
405,144.499999999996,420.029114841501,420.029114841501,0,0,0,1642.39084321609,16.380489130435,green,0
405,144.599999999996,420.029114841501,420.029114841501,0,0,0,1644.02864462913,16.375539130435,green,0
405,144.699999999996,420.029114841501,420.029114841501,0,0,0,1645.66595104218,16.370589130435,green,0
405,144.799999999996,420.029114841501,420.029114841501,0,0,0,1647.30276245522,16.365639130435,green,0
405,144.899999999996,420.029114841501,420.029114841501,0,0,0,1648.93907886826,16.360689130435,green,0
405,144.999999999996,420.029114841501,420.029114841501,0,0,0,1650.57490028131,16.355739130435,green,0
405,145.099999999996,420.029114841501,420.029114841501,0,0,0,1652.21022669435,16.350789130435,green,0
405,145.199999999996,420.029114841501,420.029114841501,0,0,0,1653.8450581074,16.345839130435,green,0
405,145.299999999996,420.029114841501,420.029114841501,0,0,0,1655.47939452044,16.340889130435,green,0
405,145.399999999996,420.029114841501,420.029114841501,0,0,0,1657.11323593348,16.335939130435,green,0
405,145.499999999996,420.029114841501,420.029114841501,0,0,0,1658.74658234653,16.330989130435,green,0
405,145.599999999996,420.029114841501,420.029114841501,0,0,0,1660.37943375957,16.326039130435,green,0
405,145.699999999996,420.029114841501,420.029114841501,0,0,0,1662.01179017261,16.321089130435,green,0
405,145.799999999996,420.029114841501,420.029114841501,0,0,0,1663.64365158566,16.316139130435,green,0
405,145.899999999996,420.029114841501,420.029114841501,0,0,0,1665.2750179987,16.311189130435,green,0
405,145.999999999996,420.029114841501,420.029114841501,0,0,0,1666.90588941174,16.306239130435,green,0
405,146.099999999996,420.029114841501,420.029114841501,0,0,0,1668.53626582479,16.301289130435,green,0
405,146.199999999996,420.029114841501,420.029114841501,0,0,0,1670.16614723783,16.296339130435,green,0
405,146.299999999996,420.029114841501,420.029114841501,0,0,0,1671.79553365087,16.291389130435,green,0
405,146.399999999996,420.029114841501,420.029114841501,0,0,0,1673.42442506392,16.286439130435,green,0
405,146.499999999996,420.029114841501,420.029114841501,0,0,0,1675.05282147696,16.281489130435,green,0
405,146.599999999996,420.029114841501,420.029114841501,0,0,0,1676.68072289,16.276539130435,green,0
405,146.699999999996,420.029114841501,420.029114841501,0,0,0,1678.30812930305,16.271589130435,green,0
405,146.799999999996,420.029114841501,420.029114841501,0,0,0,1679.93504071609,16.266639130435,green,0
405,146.899999999996,420.029114841501,420.029114841501,0,0,0,1681.56145712913,16.261689130435,green,0
405,146.999999999996,420.029114841501,420.029114841501,0,0,0,1683.18737854218,16.256739130435,green,0
405,147.099999999996,420.029114841501,420.029114841501,0,0,0,1684.81280495522,16.251789130435,green,0
405,147.199999999996,420.029114841501,420.029114841501,0,0,0,1686.43773636826,16.246839130435,green,0
405,147.299999999996,420.029114841501,420.029114841501,0,0,0,1688.06217278131,16.241889130435,green,0
405,147.399999999996,420.029114841501,420.029114841501,0,0,0,1689.68611419435,16.236939130435,green,0
405,147.499999999996,420.029114841501,420.029114841501,0,0,0,1691.30956060739,16.231989130435,green,0
405,147.599999999996,420.029114841501,420.029114841501,0,0,0,1692.93251202044,16.227039130435,green,0
405,147.699999999996,420.029114841501,420.029114841501,0,0,0,1694.55496843348,16.222089130435,green,0
405,147.799999999996,420.029114841501,420.029114841501,0,0,0,1696.17692984652,16.217139130435,green,0
405,147.899999999996,420.029114841501,420.029114841501,0,0,0,1697.79839625957,16.212189130435,green,0
405,147.999999999996,420.029114841501,420.029114841501,0,0,0,1699.41936767261,16.207239130435,green,0
405,148.099999999996,420.029114841501,420.029114841501,0,0,0,1701.03984408565,16.202289130435,green,0
405,148.199999999996,420.029114841501,420.029114841501,0,0,0,1702.6598254987,16.197339130435,green,0
405,148.299999999996,420.029114841501,420.029114841501,0,0,0,1704.27931191174,16.192389130435,green,0
405,148.399999999996,420.029114841501,420.029114841501,0,0,0,1705.89830332478,16.187439130435,green,0
405,148.499999999996,420.029114841501,420.029114841501,0,0,0,1707.51679973783,16.182489130435,green,0
405,148.599999999996,420.029114841501,420.029114841501,0,0,0,1709.13480115087,16.177539130435,green,0
405,148.699999999996,420.029114841501,420.029114841501,0,0,0,1710.75230756391,16.172589130435,green,0
405,148.799999999996,420.029114841501,420.029114841501,0,0,0,1712.36931897696,16.167639130435,green,0
405,148.899999999996,420.029114841501,420.029114841501,0,0,0,1713.98583539,16.162689130435,green,0
405,148.999999999996,420.029114841501,420.029114841501,0,0,0,1715.60185680304,16.157739130435,green,0
405,149.099999999996,420.029114841501,420.029114841501,0,0,0,1717.21738321609,16.152789130435,green,0
405,149.199999999996,420.029114841501,420.029114841501,0,0,0,1718.83241462913,16.147839130435,green,0
405,149.299999999996,420.029114841501,420.029114841501,0,0,0,1720.44695104217,16.142889130435,green,0
405,149.399999999996,420.029114841501,420.029114841501,0,0,0,1722.06099245522,16.137939130435,green,0
405,149.499999999996,420.029114841501,420.029114841501,0,0,0,1723.67453886826,16.132989130435,green,0
405,149.599999999996,420.029114841501,420.029114841501,0,0,0,1725.28759028131,16.128039130435,green,0
405,149.699999999996,420.029114841501,420.029114841501,0,0,0,1726.90014669435,16.123089130435,green,0
405,149.799999999996,420.029114841501,420.029114841501,0,0,0,1728.51220810739,16.118139130435,green,0
405,149.899999999996,420.029114841501,420.029114841501,0,0,0,1730.12377452044,16.113189130435,green,0
